fight_id,A_hp,A_ac,A_attack_bonus,A_speed,A_dmg_main,A_dmg_backup,B_hp,B_ac,B_attack_bonus,B_speed,B_dmg_main,B_dmg_backup,starting_distance,winner
1,40,15,6,3,1d12+4,1d6+4,40,15,7,5,1d12+4,1d8+4,10.0,A
2,40,18,8,3,1d12+4,1d6+4,40,17,7,5,1d10+4,1d6+4,2.0,A
3,40,14,7,5,1d10+4,1d8+4,40,14,5,4,1d12+4,1d6+4,3.0,A
4,40,15,6,4,1d10+4,1d8+4,40,17,7,3,1d8+4,1d8+4,7.0,A
5,40,18,8,5,1d10+4,1d8+4,40,16,6,3,1d10+4,1d8+4,3.0,B
6,40,17,5,3,1d10+4,1d6+4,40,15,7,3,1d12+4,1d8+4,4.0,A
7,40,16,7,5,1d12+4,1d6+4,40,18,5,5,1d8+4,1d6+4,2.0,A
8,40,15,6,5,1d12+4,1d8+4,40,14,5,3,1d12+4,1d6+4,10.0,B
9,40,15,8,4,1d12+4,1d6+4,40,14,5,3,1d8+4,1d6+4,4.0,A
10,40,16,5,4,1d10+4,1d6+4,40,14,6,4,1d8+4,1d6+4,9.0,A
11,40,14,8,3,1d12+4,1d8+4,40,17,6,4,1d12+4,1d8+4,5.0,A
12,40,16,6,5,1d10+4,1d6+4,40,18,6,3,1d12+4,1d8+4,10.0,B
13,40,16,7,3,1d12+4,1d8+4,40,16,5,3,1d8+4,1d8+4,3.0,A
14,40,15,5,5,1d8+4,1d6+4,40,16,8,4,1d12+4,1d8+4,2.0,B
15,40,18,7,3,1d10+4,1d6+4,40,18,8,5,1d12+4,1d6+4,1.0,B
16,40,16,7,3,1d8+4,1d6+4,40,16,6,4,1d12+4,1d6+4,4.0,A
17,40,17,8,5,1d12+4,1d8+4,40,16,6,5,1d8+4,1d6+4,3.0,B
18,40,14,8,4,1d8+4,1d8+4,40,14,6,3,1d8+4,1d6+4,8.0,A
19,40,14,6,4,1d8+4,1d6+4,40,16,5,4,1d10+4,1d8+4,1.0,B
20,40,14,6,5,1d12+4,1d6+4,40,15,5,4,1d12+4,1d8+4,8.0,A
21,40,14,7,5,1d12+4,1d8+4,40,16,5,5,1d12+4,1d6+4,9.0,B
22,40,18,6,5,1d10+4,1d6+4,40,16,7,3,1d8+4,1d8+4,2.0,A
23,40,14,7,5,1d8+4,1d8+4,40,18,8,4,1d10+4,1d6+4,10.0,B
24,40,14,8,3,1d10+4,1d6+4,40,18,7,3,1d10+4,1d8+4,9.0,A
25,40,16,5,4,1d10+4,1d6+4,40,15,7,4,1d10+4,1d6+4,6.0,B
26,40,15,6,5,1d8+4,1d6+4,40,14,7,5,1d8+4,1d8+4,4.0,A
27,40,16,6,3,1d12+4,1d6+4,40,18,6,3,1d12+4,1d6+4,2.0,B
28,40,18,6,5,1d12+4,1d6+4,40,17,6,3,1d12+4,1d6+4,5.0,B
29,40,16,6,5,1d10+4,1d6+4,40,14,5,5,1d8+4,1d8+4,8.0,A
30,40,17,7,5,1d12+4,1d8+4,40,16,7,5,1d12+4,1d6+4,0.0,B
31,40,15,6,5,1d10+4,1d6+4,40,16,8,4,1d12+4,1d6+4,6.0,A
32,40,18,7,3,1d8+4,1d6+4,40,14,8,4,1d10+4,1d8+4,2.0,B
33,40,17,7,4,1d10+4,1d6+4,40,14,5,5,1d10+4,1d6+4,5.0,A
34,40,14,5,3,1d12+4,1d8+4,40,15,5,3,1d10+4,1d6+4,3.0,A
35,40,17,7,3,1d8+4,1d8+4,40,17,6,5,1d10+4,1d8+4,6.0,A
36,40,15,8,5,1d8+4,1d6+4,40,16,7,3,1d12+4,1d8+4,7.0,A
37,40,16,5,5,1d12+4,1d6+4,40,18,6,3,1d10+4,1d6+4,6.0,A
38,40,14,7,5,1d8+4,1d8+4,40,17,6,4,1d10+4,1d6+4,9.0,A
39,40,15,7,4,1d8+4,1d6+4,40,14,7,5,1d12+4,1d8+4,5.0,A
40,40,17,7,3,1d12+4,1d8+4,40,17,5,3,1d12+4,1d6+4,1.0,A
41,40,17,6,3,1d10+4,1d8+4,40,14,6,5,1d8+4,1d6+4,2.0,B
42,40,17,6,5,1d8+4,1d8+4,40,15,6,3,1d12+4,1d6+4,2.0,A
43,40,15,7,4,1d8+4,1d8+4,40,14,7,3,1d8+4,1d6+4,1.0,A
44,40,16,5,3,1d8+4,1d8+4,40,14,5,3,1d8+4,1d8+4,10.0,B
45,40,17,6,3,1d10+4,1d6+4,40,15,5,5,1d8+4,1d8+4,9.0,A
46,40,16,6,4,1d12+4,1d8+4,40,14,7,3,1d12+4,1d8+4,1.0,A
47,40,15,8,5,1d12+4,1d6+4,40,14,7,4,1d10+4,1d6+4,2.0,B
48,40,14,5,3,1d10+4,1d6+4,40,16,8,3,1d8+4,1d8+4,5.0,A
49,40,16,6,3,1d10+4,1d8+4,40,16,6,4,1d12+4,1d6+4,2.0,A
50,40,14,7,5,1d10+4,1d8+4,40,17,5,4,1d12+4,1d6+4,8.0,A
51,40,18,8,5,1d12+4,1d8+4,40,18,5,4,1d12+4,1d6+4,6.0,B
52,40,16,6,4,1d10+4,1d6+4,40,18,6,4,1d8+4,1d6+4,5.0,A
53,40,14,7,4,1d10+4,1d6+4,40,16,8,3,1d10+4,1d8+4,1.0,B
54,40,16,7,3,1d8+4,1d8+4,40,14,7,3,1d8+4,1d6+4,1.0,B
55,40,16,8,5,1d12+4,1d8+4,40,14,7,5,1d10+4,1d8+4,2.0,B
56,40,14,7,4,1d12+4,1d8+4,40,16,7,3,1d12+4,1d8+4,10.0,B
57,40,16,6,5,1d8+4,1d6+4,40,14,5,4,1d10+4,1d6+4,1.0,A
58,40,14,6,3,1d10+4,1d8+4,40,14,7,4,1d12+4,1d8+4,3.0,A
59,40,17,8,3,1d10+4,1d6+4,40,16,7,4,1d8+4,1d8+4,0.0,A
60,40,17,6,3,1d8+4,1d6+4,40,18,7,3,1d12+4,1d8+4,4.0,A
61,40,16,6,3,1d12+4,1d8+4,40,15,7,4,1d8+4,1d8+4,3.0,B
62,40,14,6,4,1d12+4,1d6+4,40,18,8,4,1d12+4,1d6+4,9.0,B
63,40,15,6,4,1d12+4,1d8+4,40,17,8,5,1d12+4,1d8+4,10.0,B
64,40,16,6,3,1d8+4,1d6+4,40,17,8,3,1d12+4,1d8+4,9.0,B
65,40,14,5,3,1d12+4,1d8+4,40,18,6,3,1d8+4,1d6+4,5.0,B
66,40,16,7,5,1d8+4,1d8+4,40,15,7,3,1d12+4,1d8+4,7.0,A
67,40,18,8,4,1d12+4,1d6+4,40,16,6,5,1d10+4,1d6+4,4.0,A
68,40,15,7,5,1d10+4,1d6+4,40,17,7,4,1d10+4,1d6+4,5.0,A
69,40,15,7,4,1d10+4,1d6+4,40,15,6,4,1d8+4,1d8+4,3.0,A
70,40,18,6,5,1d12+4,1d6+4,40,15,7,5,1d8+4,1d8+4,4.0,A
71,40,18,7,5,1d8+4,1d8+4,40,18,7,5,1d8+4,1d8+4,8.0,B
72,40,14,7,3,1d12+4,1d6+4,40,16,7,5,1d10+4,1d8+4,8.0,B
73,40,15,7,3,1d10+4,1d6+4,40,17,6,3,1d12+4,1d6+4,7.0,A
74,40,17,5,4,1d12+4,1d6+4,40,18,8,5,1d10+4,1d6+4,2.0,A
75,40,18,8,4,1d12+4,1d8+4,40,16,8,5,1d12+4,1d6+4,8.0,A
76,40,18,6,5,1d8+4,1d6+4,40,18,5,4,1d8+4,1d6+4,1.0,A
77,40,16,8,5,1d8+4,1d6+4,40,18,6,3,1d8+4,1d8+4,7.0,A
78,40,15,5,4,1d10+4,1d8+4,40,16,6,5,1d8+4,1d8+4,5.0,A
79,40,16,6,5,1d8+4,1d8+4,40,15,7,4,1d12+4,1d8+4,5.0,B
80,40,17,8,4,1d12+4,1d8+4,40,15,8,4,1d10+4,1d8+4,4.0,A
81,40,14,6,3,1d8+4,1d6+4,40,16,6,3,1d10+4,1d8+4,4.0,B
82,40,18,7,4,1d10+4,1d6+4,40,14,6,5,1d8+4,1d8+4,8.0,A
83,40,17,7,3,1d12+4,1d8+4,40,17,7,4,1d10+4,1d8+4,0.0,A
84,40,18,8,3,1d12+4,1d8+4,40,15,6,4,1d10+4,1d8+4,6.0,A
85,40,15,8,3,1d10+4,1d8+4,40,17,6,5,1d8+4,1d8+4,10.0,A
86,40,15,6,4,1d12+4,1d8+4,40,16,6,4,1d12+4,1d6+4,3.0,A
87,40,15,6,4,1d8+4,1d8+4,40,18,6,3,1d10+4,1d8+4,2.0,B
88,40,14,7,3,1d10+4,1d6+4,40,14,5,5,1d8+4,1d6+4,1.0,B
89,40,14,5,4,1d12+4,1d8+4,40,17,7,5,1d8+4,1d8+4,8.0,A
90,40,17,7,3,1d12+4,1d6+4,40,15,6,5,1d12+4,1d6+4,9.0,B
91,40,15,6,3,1d8+4,1d8+4,40,18,5,3,1d10+4,1d6+4,3.0,B
92,40,14,6,3,1d10+4,1d6+4,40,15,8,5,1d8+4,1d8+4,7.0,B
93,40,15,5,5,1d12+4,1d6+4,40,15,6,4,1d8+4,1d6+4,5.0,B
94,40,17,5,3,1d12+4,1d6+4,40,15,5,4,1d8+4,1d6+4,3.0,A
95,40,15,6,3,1d8+4,1d6+4,40,14,7,3,1d12+4,1d6+4,3.0,A
96,40,17,7,3,1d8+4,1d8+4,40,17,7,4,1d10+4,1d6+4,7.0,A
97,40,15,5,5,1d12+4,1d6+4,40,17,7,5,1d12+4,1d8+4,0.0,B
98,40,17,8,4,1d12+4,1d8+4,40,14,7,3,1d8+4,1d8+4,3.0,A
99,40,16,5,3,1d10+4,1d8+4,40,14,7,5,1d8+4,1d8+4,5.0,B
100,40,18,8,4,1d12+4,1d6+4,40,14,5,3,1d8+4,1d6+4,9.0,A
101,40,14,7,3,1d10+4,1d8+4,40,18,5,3,1d8+4,1d6+4,0.0,A
102,40,16,5,3,1d12+4,1d6+4,40,14,5,3,1d10+4,1d8+4,5.0,A
103,40,16,6,4,1d10+4,1d6+4,40,18,8,4,1d10+4,1d6+4,7.0,B
104,40,18,7,3,1d12+4,1d6+4,40,14,7,4,1d8+4,1d8+4,9.0,A
105,40,17,5,5,1d10+4,1d6+4,40,18,7,3,1d10+4,1d8+4,10.0,A
106,40,16,6,4,1d12+4,1d8+4,40,16,8,3,1d8+4,1d6+4,4.0,A
107,40,16,7,4,1d12+4,1d8+4,40,14,8,5,1d10+4,1d6+4,2.0,A
108,40,17,8,4,1d10+4,1d8+4,40,18,6,4,1d12+4,1d8+4,1.0,A
109,40,14,7,5,1d8+4,1d6+4,40,18,5,3,1d12+4,1d8+4,4.0,B
110,40,14,8,3,1d8+4,1d8+4,40,15,7,3,1d8+4,1d6+4,2.0,A
111,40,15,5,5,1d12+4,1d8+4,40,17,5,3,1d10+4,1d6+4,7.0,A
112,40,15,8,4,1d10+4,1d6+4,40,15,6,3,1d12+4,1d6+4,2.0,B
113,40,18,6,3,1d8+4,1d8+4,40,18,7,5,1d10+4,1d6+4,7.0,A
114,40,18,6,5,1d10+4,1d6+4,40,16,8,5,1d10+4,1d6+4,3.0,A
115,40,15,8,4,1d12+4,1d8+4,40,17,6,3,1d12+4,1d8+4,9.0,A
116,40,18,7,4,1d8+4,1d6+4,40,16,8,5,1d10+4,1d8+4,10.0,A
117,40,14,5,3,1d12+4,1d6+4,40,15,7,4,1d8+4,1d6+4,4.0,B
118,40,17,5,4,1d8+4,1d6+4,40,14,7,3,1d10+4,1d8+4,7.0,A
119,40,18,5,3,1d12+4,1d6+4,40,17,6,4,1d10+4,1d6+4,7.0,A
120,40,15,6,5,1d10+4,1d8+4,40,17,5,4,1d10+4,1d6+4,4.0,B
121,40,17,5,5,1d10+4,1d8+4,40,15,8,3,1d12+4,1d6+4,8.0,A
122,40,15,8,5,1d10+4,1d6+4,40,14,6,3,1d8+4,1d6+4,6.0,B
123,40,16,8,3,1d12+4,1d6+4,40,14,5,3,1d10+4,1d6+4,10.0,A
124,40,18,8,3,1d10+4,1d8+4,40,18,8,5,1d12+4,1d8+4,10.0,B
125,40,18,7,3,1d8+4,1d8+4,40,18,5,4,1d10+4,1d6+4,9.0,A
126,40,18,6,5,1d10+4,1d6+4,40,18,5,3,1d10+4,1d6+4,0.0,B
127,40,17,8,3,1d10+4,1d8+4,40,17,6,3,1d10+4,1d6+4,2.0,B
128,40,18,5,5,1d10+4,1d8+4,40,14,8,3,1d10+4,1d8+4,8.0,B
129,40,15,5,3,1d10+4,1d6+4,40,16,7,5,1d10+4,1d6+4,10.0,A
130,40,18,5,4,1d8+4,1d6+4,40,17,5,4,1d10+4,1d6+4,1.0,A
131,40,17,5,5,1d10+4,1d6+4,40,16,5,4,1d12+4,1d6+4,3.0,A
132,40,16,8,4,1d8+4,1d6+4,40,16,6,4,1d10+4,1d6+4,2.0,A
133,40,18,5,4,1d8+4,1d6+4,40,14,5,3,1d8+4,1d6+4,9.0,B
134,40,14,6,3,1d12+4,1d8+4,40,15,5,4,1d8+4,1d6+4,4.0,A
135,40,16,8,5,1d10+4,1d6+4,40,16,6,4,1d12+4,1d8+4,4.0,A
136,40,17,5,5,1d12+4,1d8+4,40,17,7,4,1d12+4,1d6+4,7.0,A
137,40,15,7,5,1d10+4,1d6+4,40,15,7,4,1d12+4,1d6+4,1.0,A
138,40,14,6,4,1d12+4,1d8+4,40,18,7,3,1d12+4,1d8+4,7.0,A
139,40,15,6,3,1d12+4,1d6+4,40,15,6,5,1d10+4,1d8+4,2.0,B
140,40,17,6,5,1d12+4,1d8+4,40,14,7,4,1d8+4,1d8+4,3.0,A
141,40,17,8,4,1d10+4,1d8+4,40,16,6,5,1d12+4,1d8+4,9.0,B
142,40,14,6,4,1d12+4,1d8+4,40,15,8,5,1d12+4,1d6+4,6.0,A
143,40,15,7,5,1d12+4,1d8+4,40,17,7,5,1d12+4,1d8+4,7.0,A
144,40,15,6,5,1d10+4,1d8+4,40,14,7,4,1d8+4,1d8+4,6.0,A
145,40,16,6,5,1d10+4,1d8+4,40,15,5,3,1d10+4,1d6+4,6.0,A
146,40,14,5,5,1d8+4,1d6+4,40,16,8,4,1d10+4,1d8+4,6.0,A
147,40,15,6,4,1d8+4,1d8+4,40,16,5,5,1d8+4,1d8+4,0.0,B
148,40,18,5,4,1d8+4,1d8+4,40,15,8,4,1d12+4,1d6+4,2.0,A
149,40,16,8,5,1d10+4,1d6+4,40,16,6,4,1d12+4,1d8+4,9.0,A
150,40,14,7,3,1d8+4,1d6+4,40,16,7,5,1d12+4,1d6+4,1.0,A
151,40,16,7,5,1d12+4,1d8+4,40,17,6,5,1d8+4,1d6+4,6.0,B
152,40,17,8,4,1d8+4,1d8+4,40,16,5,5,1d12+4,1d6+4,4.0,A
153,40,14,6,5,1d12+4,1d8+4,40,14,8,5,1d10+4,1d6+4,1.0,A
154,40,17,5,3,1d8+4,1d6+4,40,17,5,5,1d12+4,1d6+4,10.0,B
155,40,17,5,3,1d8+4,1d8+4,40,18,7,4,1d8+4,1d6+4,5.0,B
156,40,16,7,3,1d12+4,1d8+4,40,18,5,4,1d12+4,1d6+4,1.0,B
157,40,14,5,4,1d12+4,1d8+4,40,15,7,4,1d10+4,1d6+4,10.0,B
158,40,15,8,3,1d12+4,1d8+4,40,17,8,4,1d10+4,1d6+4,3.0,B
159,40,15,5,3,1d8+4,1d6+4,40,14,8,4,1d10+4,1d6+4,4.0,B
160,40,17,7,5,1d8+4,1d6+4,40,14,6,3,1d10+4,1d6+4,2.0,A
161,40,16,5,3,1d12+4,1d6+4,40,17,8,4,1d8+4,1d8+4,5.0,A
162,40,17,5,3,1d8+4,1d6+4,40,14,5,3,1d12+4,1d8+4,5.0,A
163,40,14,7,5,1d12+4,1d8+4,40,14,7,3,1d12+4,1d6+4,3.0,A
164,40,15,8,5,1d8+4,1d8+4,40,17,6,4,1d10+4,1d8+4,2.0,A
165,40,15,7,3,1d12+4,1d8+4,40,15,6,3,1d12+4,1d8+4,5.0,B
166,40,18,6,3,1d12+4,1d8+4,40,16,8,4,1d8+4,1d6+4,4.0,A
167,40,15,8,5,1d10+4,1d8+4,40,16,5,3,1d10+4,1d6+4,10.0,A
168,40,18,8,3,1d8+4,1d6+4,40,18,6,5,1d10+4,1d8+4,3.0,B
169,40,17,8,4,1d12+4,1d6+4,40,16,8,3,1d10+4,1d6+4,10.0,A
170,40,15,5,3,1d8+4,1d8+4,40,18,7,3,1d12+4,1d8+4,6.0,B
171,40,16,6,4,1d12+4,1d6+4,40,17,5,3,1d8+4,1d8+4,1.0,A
172,40,17,7,4,1d12+4,1d8+4,40,15,8,3,1d12+4,1d8+4,9.0,B
173,40,18,8,3,1d12+4,1d8+4,40,14,6,3,1d10+4,1d8+4,3.0,B
174,40,15,7,3,1d12+4,1d8+4,40,18,6,4,1d8+4,1d6+4,10.0,B
175,40,17,8,3,1d12+4,1d6+4,40,15,5,4,1d12+4,1d8+4,4.0,A
176,40,16,6,4,1d12+4,1d6+4,40,18,6,4,1d12+4,1d8+4,10.0,B
177,40,16,6,5,1d10+4,1d6+4,40,18,6,5,1d12+4,1d8+4,9.0,A
178,40,14,6,4,1d8+4,1d6+4,40,15,6,5,1d8+4,1d8+4,6.0,B
179,40,14,8,5,1d8+4,1d8+4,40,15,8,5,1d10+4,1d6+4,7.0,A
180,40,18,5,5,1d12+4,1d8+4,40,18,5,5,1d8+4,1d6+4,2.0,A
181,40,16,5,5,1d10+4,1d8+4,40,15,5,3,1d8+4,1d8+4,8.0,A
182,40,15,5,3,1d10+4,1d8+4,40,15,7,4,1d10+4,1d8+4,9.0,A
183,40,17,7,4,1d12+4,1d6+4,40,14,7,5,1d8+4,1d8+4,5.0,A
184,40,14,8,4,1d10+4,1d8+4,40,18,5,3,1d12+4,1d6+4,8.0,B
185,40,14,6,4,1d10+4,1d8+4,40,17,5,3,1d12+4,1d8+4,2.0,B
186,40,18,8,4,1d12+4,1d8+4,40,16,6,5,1d10+4,1d8+4,6.0,B
187,40,17,7,5,1d12+4,1d6+4,40,14,7,3,1d8+4,1d8+4,1.0,A
188,40,18,6,4,1d12+4,1d8+4,40,16,5,4,1d10+4,1d8+4,4.0,A
189,40,17,5,4,1d10+4,1d8+4,40,16,8,4,1d8+4,1d6+4,5.0,B
190,40,14,6,4,1d8+4,1d8+4,40,14,6,5,1d12+4,1d6+4,5.0,B
191,40,17,8,4,1d8+4,1d8+4,40,18,8,3,1d10+4,1d6+4,5.0,A
192,40,18,7,5,1d8+4,1d6+4,40,18,8,4,1d12+4,1d6+4,8.0,B
193,40,14,7,3,1d12+4,1d8+4,40,14,5,3,1d12+4,1d6+4,5.0,B
194,40,14,8,5,1d12+4,1d8+4,40,15,8,5,1d10+4,1d8+4,1.0,A
195,40,18,7,4,1d10+4,1d6+4,40,18,6,5,1d10+4,1d8+4,5.0,A
196,40,14,5,5,1d12+4,1d6+4,40,18,8,3,1d12+4,1d8+4,7.0,A
197,40,17,7,4,1d10+4,1d6+4,40,17,5,5,1d10+4,1d8+4,0.0,B
198,40,15,5,5,1d10+4,1d8+4,40,15,6,5,1d10+4,1d6+4,9.0,B
199,40,16,7,4,1d12+4,1d8+4,40,17,6,4,1d8+4,1d6+4,6.0,A
200,40,14,8,5,1d12+4,1d8+4,40,16,7,3,1d8+4,1d8+4,8.0,A
201,40,15,5,5,1d12+4,1d6+4,40,18,6,4,1d10+4,1d6+4,10.0,B
202,40,14,7,3,1d8+4,1d8+4,40,17,6,3,1d12+4,1d8+4,4.0,B
203,40,14,8,4,1d8+4,1d8+4,40,18,5,3,1d12+4,1d6+4,9.0,B
204,40,18,6,3,1d8+4,1d6+4,40,18,7,4,1d10+4,1d8+4,5.0,A
205,40,14,5,5,1d12+4,1d8+4,40,14,6,5,1d8+4,1d8+4,6.0,A
206,40,15,7,3,1d8+4,1d6+4,40,17,8,4,1d12+4,1d8+4,1.0,B
207,40,14,5,3,1d12+4,1d6+4,40,16,8,3,1d12+4,1d6+4,2.0,A
208,40,17,8,4,1d12+4,1d8+4,40,17,8,5,1d12+4,1d6+4,8.0,B
209,40,15,8,4,1d12+4,1d8+4,40,16,5,4,1d12+4,1d8+4,9.0,B
210,40,15,7,5,1d12+4,1d6+4,40,15,8,5,1d10+4,1d6+4,8.0,A
211,40,15,6,5,1d12+4,1d6+4,40,14,6,4,1d8+4,1d6+4,6.0,A
212,40,14,7,4,1d12+4,1d6+4,40,16,7,5,1d8+4,1d8+4,8.0,A
213,40,16,7,4,1d8+4,1d6+4,40,18,7,5,1d10+4,1d8+4,4.0,B
214,40,16,6,4,1d12+4,1d8+4,40,16,6,5,1d10+4,1d8+4,9.0,B
215,40,15,7,5,1d12+4,1d8+4,40,14,5,5,1d12+4,1d6+4,0.0,A
216,40,15,6,3,1d10+4,1d8+4,40,15,6,3,1d10+4,1d6+4,2.0,A
217,40,18,8,3,1d10+4,1d8+4,40,14,8,4,1d12+4,1d8+4,8.0,A
218,40,16,8,4,1d12+4,1d6+4,40,16,8,3,1d8+4,1d6+4,8.0,A
219,40,18,5,3,1d12+4,1d6+4,40,17,6,3,1d8+4,1d8+4,7.0,A
220,40,18,7,3,1d8+4,1d8+4,40,18,8,3,1d8+4,1d6+4,1.0,A
221,40,18,7,5,1d12+4,1d8+4,40,15,8,4,1d8+4,1d6+4,4.0,A
222,40,17,7,4,1d12+4,1d6+4,40,17,6,3,1d10+4,1d8+4,4.0,A
223,40,18,6,3,1d8+4,1d6+4,40,17,5,5,1d8+4,1d8+4,3.0,A
224,40,16,7,4,1d10+4,1d8+4,40,15,6,3,1d10+4,1d6+4,2.0,A
225,40,18,6,3,1d10+4,1d8+4,40,14,8,3,1d12+4,1d6+4,6.0,A
226,40,16,7,3,1d10+4,1d6+4,40,18,8,4,1d8+4,1d6+4,8.0,B
227,40,16,8,4,1d8+4,1d8+4,40,15,5,5,1d12+4,1d6+4,6.0,A
228,40,17,5,4,1d8+4,1d6+4,40,15,6,4,1d10+4,1d8+4,2.0,A
229,40,16,5,5,1d8+4,1d6+4,40,15,5,4,1d10+4,1d6+4,4.0,A
230,40,16,8,5,1d12+4,1d8+4,40,17,6,3,1d10+4,1d8+4,7.0,B
231,40,15,6,5,1d8+4,1d8+4,40,16,6,3,1d10+4,1d8+4,5.0,B
232,40,17,8,4,1d8+4,1d6+4,40,17,7,3,1d10+4,1d8+4,1.0,B
233,40,18,8,5,1d8+4,1d8+4,40,16,8,3,1d12+4,1d6+4,3.0,B
234,40,18,7,3,1d8+4,1d6+4,40,17,6,3,1d12+4,1d8+4,10.0,B
235,40,16,7,3,1d10+4,1d8+4,40,17,8,5,1d8+4,1d8+4,3.0,A
236,40,18,7,5,1d12+4,1d6+4,40,18,7,4,1d12+4,1d6+4,3.0,A
237,40,15,7,3,1d10+4,1d8+4,40,17,6,3,1d10+4,1d6+4,2.0,B
238,40,18,8,5,1d12+4,1d8+4,40,15,8,5,1d12+4,1d8+4,4.0,B
239,40,16,6,4,1d8+4,1d8+4,40,14,7,3,1d10+4,1d6+4,2.0,B
240,40,17,7,3,1d12+4,1d6+4,40,17,5,4,1d12+4,1d6+4,3.0,B
241,40,15,7,4,1d8+4,1d8+4,40,16,7,4,1d12+4,1d6+4,10.0,B
242,40,17,8,4,1d8+4,1d8+4,40,18,5,4,1d8+4,1d8+4,5.0,B
243,40,14,8,3,1d8+4,1d6+4,40,14,5,4,1d12+4,1d8+4,4.0,B
244,40,15,8,3,1d8+4,1d8+4,40,18,6,3,1d12+4,1d8+4,7.0,B
245,40,17,8,3,1d12+4,1d8+4,40,17,8,3,1d12+4,1d6+4,9.0,A
246,40,16,5,4,1d10+4,1d8+4,40,18,6,5,1d8+4,1d8+4,7.0,A
247,40,16,7,4,1d10+4,1d6+4,40,14,5,5,1d10+4,1d6+4,5.0,A
248,40,14,6,3,1d10+4,1d8+4,40,14,7,3,1d12+4,1d6+4,1.0,B
249,40,18,7,3,1d10+4,1d6+4,40,17,7,4,1d8+4,1d8+4,6.0,A
250,40,15,6,4,1d12+4,1d8+4,40,15,8,5,1d12+4,1d8+4,6.0,B
251,40,17,5,3,1d12+4,1d8+4,40,18,7,5,1d12+4,1d8+4,6.0,B
252,40,17,8,4,1d12+4,1d6+4,40,18,8,4,1d8+4,1d8+4,6.0,A
253,40,16,8,5,1d10+4,1d8+4,40,17,7,3,1d10+4,1d8+4,0.0,A
254,40,17,7,4,1d12+4,1d8+4,40,15,8,4,1d8+4,1d6+4,8.0,B
255,40,15,5,5,1d8+4,1d6+4,40,18,5,3,1d8+4,1d8+4,7.0,A
256,40,18,8,5,1d8+4,1d8+4,40,15,7,4,1d10+4,1d6+4,1.0,B
257,40,17,8,3,1d12+4,1d8+4,40,14,8,4,1d10+4,1d6+4,0.0,A
258,40,17,7,5,1d8+4,1d8+4,40,15,5,4,1d12+4,1d6+4,5.0,A
259,40,15,8,5,1d10+4,1d6+4,40,17,6,3,1d10+4,1d6+4,4.0,A
260,40,14,5,3,1d12+4,1d8+4,40,18,8,3,1d12+4,1d8+4,1.0,B
261,40,14,5,3,1d8+4,1d8+4,40,16,6,3,1d8+4,1d6+4,7.0,A
262,40,14,8,5,1d8+4,1d8+4,40,17,7,3,1d8+4,1d8+4,10.0,A
263,40,14,5,4,1d10+4,1d8+4,40,16,5,3,1d12+4,1d8+4,3.0,A
264,40,14,5,3,1d8+4,1d6+4,40,15,8,5,1d8+4,1d6+4,1.0,A
265,40,14,8,4,1d10+4,1d6+4,40,17,8,3,1d10+4,1d8+4,6.0,A
266,40,15,8,3,1d8+4,1d8+4,40,17,8,4,1d12+4,1d8+4,2.0,A
267,40,18,7,3,1d10+4,1d8+4,40,17,8,4,1d8+4,1d6+4,10.0,B
268,40,15,7,5,1d10+4,1d6+4,40,18,6,5,1d8+4,1d6+4,6.0,B
269,40,18,6,3,1d8+4,1d8+4,40,16,7,5,1d12+4,1d6+4,1.0,B
270,40,14,6,5,1d10+4,1d6+4,40,18,6,4,1d12+4,1d6+4,1.0,B
271,40,15,6,3,1d8+4,1d8+4,40,18,7,5,1d8+4,1d6+4,0.0,B
272,40,14,8,3,1d12+4,1d8+4,40,16,8,3,1d12+4,1d8+4,9.0,A
273,40,14,6,4,1d8+4,1d8+4,40,15,8,3,1d10+4,1d8+4,9.0,A
274,40,17,8,5,1d12+4,1d8+4,40,16,7,3,1d8+4,1d6+4,8.0,A
275,40,15,8,4,1d10+4,1d8+4,40,15,8,4,1d8+4,1d6+4,7.0,B
276,40,15,7,5,1d12+4,1d6+4,40,14,6,4,1d8+4,1d8+4,1.0,A
277,40,18,8,4,1d8+4,1d8+4,40,16,6,5,1d8+4,1d8+4,4.0,A
278,40,18,7,4,1d10+4,1d8+4,40,17,7,3,1d12+4,1d6+4,5.0,B
279,40,17,8,3,1d12+4,1d6+4,40,15,8,5,1d8+4,1d6+4,7.0,B
280,40,16,5,4,1d10+4,1d8+4,40,16,8,4,1d12+4,1d8+4,5.0,A
281,40,16,8,5,1d10+4,1d8+4,40,15,5,4,1d10+4,1d8+4,7.0,A
282,40,18,6,4,1d12+4,1d6+4,40,17,5,3,1d8+4,1d6+4,7.0,A
283,40,15,7,5,1d12+4,1d8+4,40,15,8,5,1d8+4,1d8+4,10.0,B
284,40,17,6,3,1d8+4,1d6+4,40,15,8,3,1d10+4,1d8+4,7.0,A
285,40,17,8,3,1d10+4,1d8+4,40,14,6,4,1d10+4,1d8+4,10.0,A
286,40,17,5,5,1d10+4,1d6+4,40,17,6,3,1d8+4,1d6+4,9.0,A
287,40,16,5,5,1d8+4,1d6+4,40,16,8,5,1d12+4,1d6+4,3.0,B
288,40,16,7,5,1d8+4,1d6+4,40,18,7,3,1d10+4,1d8+4,3.0,B
289,40,15,8,3,1d10+4,1d8+4,40,15,8,4,1d10+4,1d6+4,5.0,A
290,40,14,7,5,1d10+4,1d8+4,40,15,8,5,1d8+4,1d6+4,4.0,A
291,40,14,8,3,1d8+4,1d6+4,40,15,5,4,1d8+4,1d6+4,0.0,A
292,40,18,6,3,1d8+4,1d8+4,40,14,5,5,1d10+4,1d6+4,4.0,A
293,40,17,5,5,1d8+4,1d6+4,40,17,5,3,1d12+4,1d6+4,1.0,A
294,40,18,6,5,1d12+4,1d8+4,40,18,5,5,1d8+4,1d8+4,7.0,B
295,40,17,7,3,1d10+4,1d8+4,40,17,7,5,1d8+4,1d8+4,0.0,A
296,40,16,6,5,1d10+4,1d6+4,40,16,7,5,1d12+4,1d8+4,9.0,B
297,40,18,7,4,1d12+4,1d8+4,40,15,5,4,1d12+4,1d6+4,9.0,A
298,40,14,8,5,1d8+4,1d8+4,40,16,7,5,1d12+4,1d8+4,2.0,A
299,40,17,7,5,1d10+4,1d6+4,40,14,8,5,1d12+4,1d6+4,10.0,A
300,40,14,5,5,1d12+4,1d8+4,40,14,7,5,1d8+4,1d8+4,1.0,A
301,40,16,7,3,1d8+4,1d6+4,40,14,5,3,1d8+4,1d8+4,8.0,A
302,40,18,5,5,1d10+4,1d6+4,40,14,6,3,1d12+4,1d6+4,10.0,A
303,40,15,5,4,1d8+4,1d6+4,40,18,5,3,1d10+4,1d6+4,10.0,B
304,40,15,5,3,1d12+4,1d6+4,40,15,5,5,1d12+4,1d8+4,9.0,A
305,40,14,7,4,1d8+4,1d6+4,40,17,7,5,1d8+4,1d8+4,7.0,B
306,40,15,8,3,1d10+4,1d8+4,40,17,6,5,1d12+4,1d8+4,8.0,A
307,40,15,6,5,1d10+4,1d8+4,40,17,5,3,1d10+4,1d6+4,1.0,A
308,40,17,8,4,1d12+4,1d6+4,40,16,7,4,1d10+4,1d8+4,3.0,A
309,40,14,8,3,1d10+4,1d6+4,40,18,5,4,1d10+4,1d8+4,4.0,A
310,40,17,8,3,1d10+4,1d6+4,40,16,7,3,1d8+4,1d8+4,9.0,A
311,40,18,8,5,1d8+4,1d6+4,40,16,5,3,1d8+4,1d8+4,3.0,A
312,40,14,7,5,1d8+4,1d8+4,40,17,6,3,1d8+4,1d6+4,3.0,B
313,40,15,7,5,1d12+4,1d6+4,40,14,5,5,1d10+4,1d8+4,8.0,A
314,40,16,8,3,1d12+4,1d8+4,40,14,8,5,1d8+4,1d8+4,8.0,A
315,40,15,7,3,1d10+4,1d6+4,40,15,5,5,1d12+4,1d6+4,0.0,B
316,40,16,6,5,1d10+4,1d8+4,40,15,6,4,1d8+4,1d6+4,7.0,B
317,40,15,5,5,1d10+4,1d6+4,40,17,5,5,1d12+4,1d8+4,2.0,B
318,40,15,7,5,1d12+4,1d6+4,40,15,7,3,1d12+4,1d8+4,6.0,B
319,40,15,6,4,1d12+4,1d6+4,40,18,7,5,1d10+4,1d6+4,2.0,B
320,40,14,6,5,1d10+4,1d8+4,40,16,7,5,1d10+4,1d6+4,2.0,B
321,40,17,7,3,1d12+4,1d8+4,40,16,6,4,1d8+4,1d8+4,9.0,A
322,40,14,5,4,1d8+4,1d8+4,40,14,5,5,1d10+4,1d6+4,2.0,A
323,40,15,8,5,1d12+4,1d6+4,40,16,5,4,1d12+4,1d8+4,6.0,A
324,40,17,6,4,1d8+4,1d6+4,40,18,6,3,1d10+4,1d8+4,8.0,A
325,40,15,5,4,1d12+4,1d8+4,40,14,8,5,1d10+4,1d6+4,2.0,B
326,40,14,8,4,1d12+4,1d8+4,40,18,6,4,1d8+4,1d8+4,8.0,B
327,40,15,8,4,1d12+4,1d8+4,40,15,6,5,1d10+4,1d6+4,7.0,A
328,40,16,6,4,1d8+4,1d6+4,40,15,5,5,1d10+4,1d8+4,8.0,B
329,40,16,6,4,1d8+4,1d6+4,40,15,7,3,1d12+4,1d6+4,0.0,B
330,40,18,7,3,1d12+4,1d6+4,40,17,6,4,1d12+4,1d6+4,10.0,A
331,40,17,7,5,1d8+4,1d8+4,40,17,5,4,1d10+4,1d6+4,4.0,B
332,40,15,8,5,1d8+4,1d8+4,40,18,6,3,1d10+4,1d6+4,2.0,B
333,40,17,8,3,1d12+4,1d6+4,40,14,7,3,1d8+4,1d8+4,0.0,A
334,40,15,7,3,1d10+4,1d8+4,40,15,8,5,1d10+4,1d8+4,1.0,A
335,40,18,5,5,1d8+4,1d8+4,40,14,8,4,1d12+4,1d8+4,2.0,A
336,40,18,7,4,1d8+4,1d8+4,40,16,7,3,1d10+4,1d6+4,3.0,A
337,40,14,7,3,1d10+4,1d8+4,40,14,5,3,1d10+4,1d6+4,5.0,A
338,40,17,6,5,1d12+4,1d6+4,40,17,5,3,1d12+4,1d8+4,9.0,B
339,40,15,6,3,1d12+4,1d6+4,40,17,7,4,1d12+4,1d6+4,0.0,A
340,40,15,5,3,1d8+4,1d6+4,40,18,7,3,1d8+4,1d8+4,1.0,B
341,40,16,8,5,1d10+4,1d6+4,40,16,8,3,1d12+4,1d6+4,5.0,A
342,40,17,5,4,1d10+4,1d6+4,40,16,6,4,1d10+4,1d8+4,9.0,B
343,40,14,6,3,1d10+4,1d8+4,40,17,7,3,1d8+4,1d8+4,6.0,B
344,40,17,7,3,1d10+4,1d6+4,40,17,7,4,1d8+4,1d6+4,5.0,B
345,40,15,5,3,1d10+4,1d6+4,40,18,6,5,1d10+4,1d8+4,1.0,B
346,40,15,6,4,1d10+4,1d6+4,40,17,7,4,1d12+4,1d8+4,7.0,A
347,40,14,5,4,1d12+4,1d6+4,40,16,6,5,1d12+4,1d6+4,1.0,A
348,40,15,7,4,1d10+4,1d8+4,40,15,7,3,1d8+4,1d8+4,7.0,B
349,40,14,6,4,1d8+4,1d8+4,40,18,5,3,1d10+4,1d6+4,6.0,B
350,40,14,6,3,1d10+4,1d6+4,40,18,5,3,1d12+4,1d8+4,2.0,B
351,40,16,5,3,1d10+4,1d6+4,40,14,6,3,1d8+4,1d6+4,5.0,A
352,40,18,8,4,1d10+4,1d8+4,40,15,7,5,1d12+4,1d6+4,1.0,A
353,40,16,6,4,1d8+4,1d8+4,40,15,6,3,1d10+4,1d6+4,10.0,A
354,40,17,7,5,1d12+4,1d6+4,40,15,7,3,1d10+4,1d8+4,6.0,A
355,40,14,8,3,1d10+4,1d6+4,40,14,6,4,1d12+4,1d8+4,9.0,A
356,40,18,6,5,1d12+4,1d8+4,40,15,6,4,1d10+4,1d8+4,0.0,A
357,40,18,8,5,1d12+4,1d6+4,40,16,7,4,1d12+4,1d6+4,5.0,A
358,40,14,7,3,1d10+4,1d6+4,40,17,8,3,1d8+4,1d6+4,10.0,B
359,40,17,5,4,1d12+4,1d6+4,40,17,7,5,1d10+4,1d8+4,3.0,B
360,40,18,8,5,1d8+4,1d8+4,40,15,5,4,1d10+4,1d6+4,2.0,B
361,40,14,7,4,1d8+4,1d6+4,40,18,8,3,1d8+4,1d8+4,9.0,B
362,40,18,5,5,1d10+4,1d8+4,40,18,8,3,1d12+4,1d8+4,4.0,A
363,40,17,7,3,1d12+4,1d6+4,40,16,6,3,1d12+4,1d8+4,10.0,A
364,40,17,6,4,1d8+4,1d8+4,40,16,8,5,1d10+4,1d8+4,4.0,A
365,40,18,6,4,1d10+4,1d6+4,40,18,6,5,1d8+4,1d8+4,10.0,A
366,40,17,8,3,1d10+4,1d6+4,40,15,5,5,1d12+4,1d6+4,0.0,A
367,40,17,6,5,1d8+4,1d6+4,40,14,8,4,1d12+4,1d8+4,0.0,B
368,40,14,8,5,1d12+4,1d6+4,40,18,5,5,1d8+4,1d8+4,5.0,A
369,40,15,6,5,1d10+4,1d8+4,40,16,5,5,1d12+4,1d6+4,0.0,B
370,40,16,7,5,1d12+4,1d8+4,40,15,8,5,1d10+4,1d6+4,10.0,A
371,40,15,5,5,1d10+4,1d6+4,40,15,6,4,1d12+4,1d6+4,1.0,B
372,40,16,7,3,1d12+4,1d6+4,40,18,8,4,1d10+4,1d6+4,5.0,A
373,40,18,5,5,1d10+4,1d8+4,40,17,7,5,1d12+4,1d6+4,3.0,B
374,40,14,8,5,1d10+4,1d8+4,40,14,8,5,1d8+4,1d6+4,5.0,B
375,40,14,7,5,1d8+4,1d8+4,40,18,5,3,1d8+4,1d6+4,3.0,B
376,40,16,8,5,1d10+4,1d6+4,40,14,8,3,1d12+4,1d8+4,2.0,B
377,40,15,5,4,1d8+4,1d8+4,40,17,5,4,1d12+4,1d8+4,7.0,B
378,40,15,5,5,1d10+4,1d6+4,40,14,5,5,1d8+4,1d6+4,5.0,A
379,40,16,8,3,1d8+4,1d8+4,40,14,7,3,1d8+4,1d6+4,2.0,A
380,40,16,7,5,1d12+4,1d6+4,40,18,7,4,1d10+4,1d6+4,8.0,B
381,40,15,8,4,1d10+4,1d6+4,40,14,8,3,1d8+4,1d8+4,0.0,A
382,40,17,5,4,1d8+4,1d8+4,40,16,7,3,1d8+4,1d8+4,3.0,A
383,40,17,7,4,1d8+4,1d8+4,40,16,7,4,1d12+4,1d6+4,9.0,A
384,40,15,7,3,1d8+4,1d8+4,40,17,8,4,1d12+4,1d6+4,4.0,A
385,40,17,7,3,1d10+4,1d8+4,40,15,7,3,1d12+4,1d6+4,4.0,A
386,40,14,5,4,1d8+4,1d8+4,40,18,8,4,1d10+4,1d8+4,3.0,A
387,40,17,5,4,1d8+4,1d8+4,40,15,7,3,1d12+4,1d6+4,4.0,A
388,40,17,5,4,1d8+4,1d8+4,40,14,7,3,1d10+4,1d8+4,10.0,A
389,40,15,8,4,1d12+4,1d8+4,40,18,7,5,1d10+4,1d8+4,5.0,B
390,40,18,5,3,1d12+4,1d8+4,40,15,6,3,1d12+4,1d8+4,1.0,B
391,40,14,7,4,1d12+4,1d8+4,40,14,5,4,1d10+4,1d6+4,6.0,A
392,40,15,6,4,1d10+4,1d6+4,40,17,6,4,1d12+4,1d6+4,9.0,A
393,40,18,7,4,1d12+4,1d8+4,40,17,8,4,1d8+4,1d8+4,0.0,B
394,40,17,7,5,1d10+4,1d6+4,40,16,7,4,1d10+4,1d8+4,10.0,B
395,40,14,5,5,1d8+4,1d6+4,40,17,6,3,1d12+4,1d8+4,5.0,B
396,40,15,5,3,1d8+4,1d8+4,40,18,7,5,1d12+4,1d8+4,10.0,B
397,40,14,8,3,1d12+4,1d8+4,40,15,6,5,1d8+4,1d6+4,1.0,B
398,40,18,7,4,1d12+4,1d8+4,40,17,5,5,1d12+4,1d6+4,4.0,B
399,40,18,8,4,1d12+4,1d8+4,40,14,8,4,1d8+4,1d8+4,9.0,B
400,40,16,8,3,1d10+4,1d8+4,40,17,7,3,1d12+4,1d6+4,3.0,B
401,40,18,7,3,1d12+4,1d8+4,40,15,6,5,1d12+4,1d6+4,8.0,A
402,40,18,7,4,1d12+4,1d8+4,40,14,6,3,1d12+4,1d6+4,4.0,B
403,40,17,7,5,1d8+4,1d8+4,40,15,6,5,1d12+4,1d8+4,10.0,A
404,40,14,5,4,1d8+4,1d6+4,40,18,6,4,1d10+4,1d8+4,10.0,B
405,40,14,5,3,1d12+4,1d6+4,40,16,8,3,1d8+4,1d8+4,2.0,B
406,40,17,7,5,1d10+4,1d6+4,40,14,8,4,1d12+4,1d8+4,0.0,B
407,40,15,7,4,1d10+4,1d8+4,40,18,8,4,1d8+4,1d6+4,8.0,B
408,40,14,8,5,1d8+4,1d8+4,40,16,8,5,1d8+4,1d6+4,2.0,B
409,40,15,6,3,1d10+4,1d8+4,40,16,6,4,1d10+4,1d8+4,10.0,A
410,40,14,6,4,1d8+4,1d8+4,40,17,5,4,1d10+4,1d6+4,2.0,A
411,40,16,7,5,1d10+4,1d6+4,40,14,6,5,1d10+4,1d8+4,0.0,A
412,40,14,5,3,1d8+4,1d8+4,40,17,5,3,1d12+4,1d8+4,10.0,A
413,40,17,5,5,1d12+4,1d8+4,40,14,5,5,1d8+4,1d8+4,0.0,A
414,40,18,7,3,1d12+4,1d8+4,40,17,5,3,1d12+4,1d6+4,8.0,A
415,40,16,6,4,1d12+4,1d8+4,40,14,5,4,1d8+4,1d8+4,4.0,B
416,40,18,8,4,1d10+4,1d6+4,40,17,5,3,1d8+4,1d6+4,8.0,B
417,40,18,5,3,1d12+4,1d8+4,40,15,5,5,1d10+4,1d6+4,9.0,A
418,40,18,6,5,1d10+4,1d8+4,40,16,6,4,1d10+4,1d6+4,3.0,B
419,40,17,8,5,1d10+4,1d8+4,40,15,7,3,1d10+4,1d8+4,5.0,A
420,40,16,8,3,1d10+4,1d6+4,40,18,5,3,1d10+4,1d6+4,0.0,B
421,40,17,8,4,1d8+4,1d6+4,40,18,6,4,1d8+4,1d6+4,0.0,A
422,40,18,6,4,1d10+4,1d6+4,40,14,8,3,1d10+4,1d6+4,8.0,A
423,40,18,8,3,1d12+4,1d8+4,40,16,6,4,1d12+4,1d8+4,3.0,A
424,40,14,6,4,1d12+4,1d6+4,40,16,7,4,1d10+4,1d8+4,6.0,A
425,40,15,7,3,1d10+4,1d8+4,40,15,8,4,1d8+4,1d8+4,0.0,A
426,40,16,7,4,1d10+4,1d8+4,40,18,7,4,1d8+4,1d6+4,4.0,B
427,40,17,7,4,1d8+4,1d8+4,40,16,5,3,1d8+4,1d6+4,8.0,B
428,40,18,5,3,1d10+4,1d6+4,40,15,6,5,1d8+4,1d8+4,10.0,A
429,40,16,8,3,1d10+4,1d6+4,40,16,7,5,1d10+4,1d8+4,6.0,A
430,40,15,8,4,1d8+4,1d8+4,40,16,6,4,1d10+4,1d8+4,5.0,A
431,40,15,7,4,1d10+4,1d8+4,40,16,7,4,1d8+4,1d6+4,2.0,A
432,40,14,6,4,1d8+4,1d8+4,40,17,8,3,1d8+4,1d6+4,0.0,B
433,40,16,7,4,1d12+4,1d6+4,40,17,5,3,1d8+4,1d8+4,5.0,B
434,40,16,8,3,1d12+4,1d8+4,40,17,5,5,1d12+4,1d6+4,9.0,B
435,40,18,8,3,1d10+4,1d8+4,40,14,7,5,1d10+4,1d8+4,5.0,A
436,40,15,6,4,1d12+4,1d8+4,40,14,6,3,1d10+4,1d8+4,10.0,B
437,40,16,6,3,1d8+4,1d8+4,40,17,6,4,1d10+4,1d8+4,7.0,A
438,40,15,8,3,1d10+4,1d8+4,40,16,8,3,1d10+4,1d6+4,5.0,B
439,40,15,6,3,1d12+4,1d8+4,40,16,8,4,1d8+4,1d6+4,4.0,B
440,40,14,7,3,1d12+4,1d8+4,40,18,7,4,1d8+4,1d8+4,3.0,A
441,40,17,8,4,1d12+4,1d8+4,40,17,6,3,1d8+4,1d6+4,6.0,B
442,40,16,5,5,1d10+4,1d8+4,40,17,5,4,1d12+4,1d8+4,3.0,B
443,40,18,8,4,1d8+4,1d6+4,40,16,7,3,1d10+4,1d8+4,3.0,A
444,40,14,7,4,1d10+4,1d6+4,40,15,7,3,1d12+4,1d6+4,2.0,B
445,40,14,6,5,1d8+4,1d6+4,40,16,6,5,1d8+4,1d6+4,3.0,B
446,40,18,6,3,1d10+4,1d6+4,40,16,5,3,1d8+4,1d8+4,9.0,A
447,40,14,7,5,1d10+4,1d8+4,40,14,6,4,1d10+4,1d6+4,0.0,A
448,40,16,8,4,1d8+4,1d8+4,40,18,8,4,1d10+4,1d8+4,9.0,B
449,40,16,7,3,1d12+4,1d8+4,40,14,7,5,1d10+4,1d8+4,1.0,A
450,40,17,5,4,1d10+4,1d8+4,40,16,7,4,1d8+4,1d8+4,3.0,B
451,40,17,7,4,1d12+4,1d6+4,40,15,5,3,1d8+4,1d6+4,6.0,B
452,40,18,5,3,1d8+4,1d8+4,40,15,6,4,1d12+4,1d8+4,6.0,A
453,40,17,7,3,1d12+4,1d6+4,40,17,7,3,1d10+4,1d8+4,3.0,A
454,40,16,5,5,1d10+4,1d6+4,40,17,8,3,1d8+4,1d8+4,5.0,B
455,40,15,5,3,1d8+4,1d6+4,40,15,5,3,1d8+4,1d8+4,3.0,B
456,40,15,5,5,1d8+4,1d8+4,40,16,5,5,1d8+4,1d8+4,8.0,A
457,40,16,8,5,1d8+4,1d6+4,40,14,7,4,1d8+4,1d6+4,3.0,B
458,40,18,6,3,1d10+4,1d6+4,40,15,8,3,1d8+4,1d8+4,4.0,A
459,40,16,5,5,1d12+4,1d8+4,40,15,5,4,1d8+4,1d6+4,5.0,A
460,40,17,7,4,1d12+4,1d6+4,40,17,5,4,1d12+4,1d8+4,2.0,B
461,40,16,5,4,1d12+4,1d8+4,40,16,8,5,1d10+4,1d8+4,0.0,B
462,40,15,8,5,1d10+4,1d8+4,40,14,8,5,1d8+4,1d8+4,1.0,B
463,40,17,7,4,1d8+4,1d6+4,40,18,7,4,1d10+4,1d8+4,8.0,A
464,40,18,8,4,1d8+4,1d8+4,40,18,5,3,1d12+4,1d6+4,9.0,A
465,40,17,7,5,1d8+4,1d6+4,40,17,5,5,1d12+4,1d8+4,6.0,A
466,40,16,8,3,1d8+4,1d8+4,40,15,6,4,1d12+4,1d8+4,0.0,B
467,40,17,8,5,1d8+4,1d8+4,40,16,7,5,1d12+4,1d8+4,3.0,B
468,40,17,5,4,1d8+4,1d6+4,40,16,5,5,1d12+4,1d6+4,8.0,B
469,40,16,8,3,1d10+4,1d6+4,40,17,6,5,1d12+4,1d8+4,10.0,B
470,40,17,8,3,1d12+4,1d6+4,40,18,6,4,1d8+4,1d8+4,6.0,B
471,40,17,6,3,1d8+4,1d6+4,40,18,5,5,1d8+4,1d6+4,4.0,B
472,40,15,5,3,1d8+4,1d8+4,40,14,6,5,1d8+4,1d6+4,0.0,A
473,40,16,7,3,1d8+4,1d6+4,40,14,8,5,1d12+4,1d6+4,7.0,B
474,40,17,8,5,1d10+4,1d6+4,40,18,8,4,1d8+4,1d8+4,4.0,B
475,40,15,7,3,1d12+4,1d6+4,40,14,6,4,1d8+4,1d8+4,10.0,B
476,40,18,5,4,1d12+4,1d6+4,40,16,5,4,1d12+4,1d6+4,0.0,B
477,40,14,8,4,1d12+4,1d6+4,40,18,6,4,1d12+4,1d6+4,2.0,B
478,40,17,7,4,1d10+4,1d6+4,40,17,8,5,1d8+4,1d6+4,7.0,B
479,40,18,5,4,1d10+4,1d8+4,40,18,8,3,1d12+4,1d6+4,6.0,B
480,40,17,6,5,1d10+4,1d6+4,40,14,7,3,1d12+4,1d6+4,5.0,B
481,40,15,8,3,1d10+4,1d6+4,40,16,6,4,1d8+4,1d6+4,9.0,A
482,40,16,6,3,1d12+4,1d8+4,40,16,6,3,1d8+4,1d8+4,8.0,A
483,40,17,5,3,1d10+4,1d8+4,40,15,5,3,1d12+4,1d6+4,8.0,A
484,40,14,7,5,1d12+4,1d6+4,40,16,6,4,1d8+4,1d8+4,9.0,A
485,40,14,5,3,1d12+4,1d8+4,40,14,5,3,1d8+4,1d8+4,0.0,B
486,40,16,6,4,1d10+4,1d6+4,40,16,7,5,1d8+4,1d8+4,9.0,A
487,40,14,5,4,1d8+4,1d8+4,40,17,6,5,1d10+4,1d8+4,5.0,B
488,40,15,7,3,1d10+4,1d6+4,40,18,7,4,1d8+4,1d6+4,1.0,B
489,40,14,7,4,1d8+4,1d6+4,40,18,5,5,1d12+4,1d6+4,5.0,B
490,40,18,6,4,1d10+4,1d6+4,40,17,7,3,1d8+4,1d6+4,10.0,B
491,40,14,8,3,1d8+4,1d6+4,40,15,6,5,1d12+4,1d6+4,5.0,A
492,40,18,6,5,1d10+4,1d8+4,40,14,8,5,1d10+4,1d8+4,9.0,A
493,40,15,8,4,1d10+4,1d6+4,40,16,7,5,1d12+4,1d8+4,8.0,A
494,40,15,6,3,1d10+4,1d6+4,40,16,7,5,1d10+4,1d6+4,2.0,B
495,40,17,8,4,1d12+4,1d8+4,40,14,5,4,1d8+4,1d8+4,2.0,A
496,40,17,8,5,1d8+4,1d8+4,40,18,8,4,1d10+4,1d8+4,7.0,B
497,40,14,8,3,1d8+4,1d8+4,40,14,6,5,1d8+4,1d8+4,2.0,B
498,40,16,8,5,1d10+4,1d8+4,40,14,8,3,1d8+4,1d8+4,2.0,B
499,40,14,8,5,1d12+4,1d6+4,40,14,5,5,1d8+4,1d8+4,8.0,A
500,40,14,5,5,1d10+4,1d8+4,40,16,8,4,1d10+4,1d8+4,7.0,B
501,40,15,6,5,1d10+4,1d8+4,40,14,8,4,1d12+4,1d8+4,4.0,A
502,40,16,7,4,1d10+4,1d6+4,40,14,5,4,1d8+4,1d6+4,2.0,A
503,40,16,5,5,1d10+4,1d8+4,40,18,6,4,1d10+4,1d8+4,6.0,B
504,40,16,5,5,1d8+4,1d8+4,40,16,8,5,1d10+4,1d8+4,3.0,A
505,40,18,6,5,1d12+4,1d8+4,40,15,7,5,1d10+4,1d6+4,10.0,A
506,40,18,5,3,1d12+4,1d8+4,40,17,5,4,1d10+4,1d6+4,2.0,B
507,40,16,6,3,1d12+4,1d8+4,40,17,5,5,1d10+4,1d8+4,4.0,A
508,40,14,8,5,1d10+4,1d6+4,40,17,7,5,1d8+4,1d8+4,8.0,A
509,40,16,7,4,1d8+4,1d8+4,40,18,6,3,1d10+4,1d8+4,2.0,B
510,40,15,7,4,1d12+4,1d6+4,40,17,8,4,1d10+4,1d8+4,0.0,B
511,40,18,7,4,1d8+4,1d6+4,40,18,6,4,1d8+4,1d8+4,2.0,B
512,40,17,7,3,1d8+4,1d6+4,40,15,6,4,1d8+4,1d8+4,1.0,B
513,40,17,7,4,1d8+4,1d8+4,40,16,7,5,1d12+4,1d8+4,0.0,A
514,40,16,5,5,1d10+4,1d6+4,40,16,8,3,1d10+4,1d8+4,8.0,B
515,40,18,7,4,1d10+4,1d8+4,40,14,7,4,1d10+4,1d8+4,1.0,A
516,40,18,8,4,1d8+4,1d8+4,40,15,5,4,1d8+4,1d8+4,2.0,B
517,40,15,7,5,1d8+4,1d8+4,40,14,5,3,1d12+4,1d6+4,5.0,A
518,40,18,5,5,1d12+4,1d6+4,40,16,8,3,1d10+4,1d6+4,9.0,A
519,40,18,8,4,1d12+4,1d6+4,40,17,8,5,1d8+4,1d8+4,4.0,B
520,40,18,7,4,1d10+4,1d8+4,40,16,7,3,1d8+4,1d8+4,7.0,B
521,40,14,7,3,1d12+4,1d8+4,40,18,8,3,1d12+4,1d6+4,3.0,B
522,40,17,5,5,1d8+4,1d6+4,40,16,8,3,1d12+4,1d8+4,9.0,B
523,40,17,6,5,1d10+4,1d8+4,40,15,7,5,1d10+4,1d6+4,5.0,A
524,40,16,6,3,1d8+4,1d6+4,40,16,7,3,1d10+4,1d6+4,9.0,A
525,40,16,5,5,1d12+4,1d8+4,40,14,8,4,1d12+4,1d8+4,7.0,A
526,40,18,8,5,1d8+4,1d6+4,40,16,5,4,1d12+4,1d8+4,8.0,A
527,40,17,5,3,1d10+4,1d8+4,40,17,8,3,1d10+4,1d8+4,3.0,B
528,40,16,8,3,1d10+4,1d8+4,40,15,6,3,1d12+4,1d6+4,10.0,A
529,40,16,7,3,1d12+4,1d8+4,40,15,7,5,1d8+4,1d8+4,2.0,B
530,40,14,5,4,1d8+4,1d8+4,40,17,5,4,1d12+4,1d8+4,5.0,B
531,40,17,8,4,1d8+4,1d6+4,40,18,5,4,1d12+4,1d8+4,1.0,B
532,40,14,8,5,1d12+4,1d6+4,40,15,5,4,1d8+4,1d6+4,0.0,A
533,40,16,7,3,1d12+4,1d8+4,40,14,7,4,1d10+4,1d8+4,2.0,A
534,40,16,5,5,1d10+4,1d6+4,40,18,6,5,1d10+4,1d8+4,1.0,A
535,40,18,5,5,1d8+4,1d8+4,40,18,7,5,1d8+4,1d6+4,3.0,B
536,40,16,5,4,1d8+4,1d6+4,40,15,8,5,1d8+4,1d6+4,8.0,A
537,40,17,6,3,1d8+4,1d6+4,40,17,7,4,1d8+4,1d8+4,5.0,B
538,40,14,6,4,1d10+4,1d6+4,40,18,6,3,1d10+4,1d6+4,8.0,B
539,40,17,6,3,1d8+4,1d8+4,40,14,7,3,1d10+4,1d8+4,4.0,B
540,40,14,6,5,1d8+4,1d6+4,40,14,6,4,1d8+4,1d8+4,6.0,A
541,40,14,8,4,1d12+4,1d8+4,40,16,6,3,1d10+4,1d8+4,2.0,B
542,40,18,8,5,1d10+4,1d6+4,40,17,6,3,1d12+4,1d8+4,8.0,A
543,40,18,6,3,1d12+4,1d6+4,40,15,6,3,1d10+4,1d8+4,9.0,A
544,40,16,7,5,1d8+4,1d8+4,40,14,6,5,1d12+4,1d6+4,2.0,A
545,40,14,5,5,1d10+4,1d6+4,40,16,5,4,1d10+4,1d8+4,1.0,A
546,40,14,7,5,1d12+4,1d8+4,40,15,8,5,1d12+4,1d6+4,1.0,B
547,40,16,7,3,1d10+4,1d6+4,40,14,7,5,1d10+4,1d6+4,6.0,A
548,40,16,6,5,1d8+4,1d6+4,40,15,5,5,1d12+4,1d8+4,10.0,B
549,40,18,6,5,1d10+4,1d6+4,40,17,7,3,1d10+4,1d8+4,9.0,A
550,40,18,8,5,1d12+4,1d6+4,40,15,6,5,1d10+4,1d8+4,0.0,B
551,40,14,7,4,1d12+4,1d6+4,40,17,5,4,1d12+4,1d8+4,3.0,A
552,40,15,7,4,1d10+4,1d8+4,40,15,6,3,1d10+4,1d8+4,8.0,B
553,40,15,7,3,1d8+4,1d6+4,40,15,5,4,1d10+4,1d8+4,5.0,A
554,40,14,5,5,1d8+4,1d6+4,40,18,5,4,1d12+4,1d8+4,4.0,A
555,40,17,5,5,1d12+4,1d6+4,40,18,5,4,1d10+4,1d6+4,2.0,B
556,40,14,5,4,1d12+4,1d8+4,40,15,6,4,1d10+4,1d6+4,3.0,B
557,40,17,5,5,1d10+4,1d8+4,40,18,5,4,1d10+4,1d6+4,0.0,A
558,40,17,6,5,1d8+4,1d8+4,40,15,6,5,1d12+4,1d8+4,3.0,A
559,40,16,5,5,1d10+4,1d6+4,40,17,7,3,1d8+4,1d8+4,1.0,A
560,40,16,8,3,1d12+4,1d8+4,40,15,6,3,1d8+4,1d8+4,1.0,B
561,40,14,7,3,1d10+4,1d6+4,40,17,6,5,1d8+4,1d6+4,10.0,A
562,40,14,6,3,1d10+4,1d6+4,40,17,7,5,1d8+4,1d8+4,0.0,B
563,40,15,5,4,1d8+4,1d6+4,40,15,5,5,1d10+4,1d8+4,3.0,A
564,40,18,8,3,1d8+4,1d8+4,40,17,8,4,1d12+4,1d6+4,1.0,B
565,40,18,5,5,1d8+4,1d8+4,40,18,6,5,1d12+4,1d8+4,9.0,A
566,40,16,7,3,1d12+4,1d8+4,40,14,6,4,1d10+4,1d8+4,3.0,A
567,40,18,5,3,1d10+4,1d6+4,40,17,5,5,1d10+4,1d6+4,7.0,B
568,40,14,5,5,1d8+4,1d6+4,40,18,6,4,1d12+4,1d8+4,2.0,B
569,40,15,8,4,1d8+4,1d6+4,40,17,7,3,1d10+4,1d8+4,9.0,B
570,40,15,8,5,1d8+4,1d8+4,40,18,5,5,1d10+4,1d6+4,3.0,A
571,40,17,6,4,1d10+4,1d6+4,40,16,6,4,1d8+4,1d8+4,6.0,A
572,40,17,8,4,1d12+4,1d8+4,40,17,8,4,1d12+4,1d6+4,0.0,B
573,40,17,8,4,1d12+4,1d6+4,40,17,6,5,1d8+4,1d6+4,9.0,B
574,40,18,8,3,1d8+4,1d8+4,40,16,7,3,1d10+4,1d8+4,2.0,A
575,40,18,7,5,1d8+4,1d6+4,40,16,7,5,1d8+4,1d6+4,3.0,B
576,40,18,8,5,1d12+4,1d8+4,40,18,5,5,1d12+4,1d8+4,10.0,A
577,40,16,5,3,1d10+4,1d8+4,40,15,8,3,1d10+4,1d8+4,0.0,A
578,40,18,7,3,1d12+4,1d6+4,40,14,6,4,1d12+4,1d6+4,8.0,A
579,40,18,7,4,1d10+4,1d6+4,40,18,5,3,1d12+4,1d6+4,7.0,A
580,40,14,8,5,1d12+4,1d6+4,40,15,6,5,1d8+4,1d6+4,6.0,A
581,40,18,6,3,1d12+4,1d8+4,40,14,6,3,1d10+4,1d8+4,0.0,A
582,40,17,7,4,1d8+4,1d6+4,40,14,5,5,1d8+4,1d6+4,3.0,B
583,40,15,7,5,1d10+4,1d6+4,40,18,5,3,1d12+4,1d8+4,1.0,B
584,40,15,5,3,1d8+4,1d8+4,40,17,5,4,1d12+4,1d6+4,10.0,B
585,40,14,5,4,1d12+4,1d6+4,40,14,6,3,1d10+4,1d6+4,9.0,A
586,40,17,6,4,1d12+4,1d8+4,40,15,6,4,1d10+4,1d6+4,8.0,A
587,40,17,7,5,1d12+4,1d6+4,40,15,6,3,1d12+4,1d6+4,7.0,B
588,40,15,6,3,1d12+4,1d6+4,40,14,6,5,1d12+4,1d6+4,7.0,B
589,40,18,8,5,1d12+4,1d6+4,40,15,5,3,1d10+4,1d8+4,6.0,A
590,40,15,6,5,1d8+4,1d8+4,40,14,5,3,1d8+4,1d8+4,0.0,B
591,40,17,8,3,1d12+4,1d8+4,40,15,8,5,1d8+4,1d6+4,5.0,A
592,40,15,8,3,1d10+4,1d6+4,40,18,6,3,1d8+4,1d6+4,2.0,B
593,40,18,7,4,1d12+4,1d6+4,40,14,8,3,1d12+4,1d6+4,8.0,B
594,40,15,5,4,1d10+4,1d8+4,40,15,6,4,1d10+4,1d8+4,4.0,B
595,40,16,7,5,1d8+4,1d6+4,40,14,6,5,1d8+4,1d6+4,8.0,A
596,40,15,8,4,1d10+4,1d8+4,40,17,8,5,1d12+4,1d6+4,5.0,B
597,40,16,8,4,1d10+4,1d6+4,40,16,5,3,1d8+4,1d8+4,10.0,A
598,40,14,7,5,1d8+4,1d6+4,40,16,6,4,1d12+4,1d6+4,10.0,B
599,40,16,6,3,1d12+4,1d8+4,40,16,8,5,1d10+4,1d6+4,9.0,B
600,40,18,6,3,1d8+4,1d8+4,40,17,7,5,1d8+4,1d6+4,9.0,B
601,40,16,8,5,1d8+4,1d6+4,40,15,6,3,1d10+4,1d6+4,3.0,A
602,40,15,8,4,1d8+4,1d6+4,40,15,5,5,1d8+4,1d8+4,9.0,A
603,40,18,7,5,1d10+4,1d8+4,40,16,5,5,1d12+4,1d6+4,6.0,B
604,40,18,8,4,1d10+4,1d8+4,40,15,6,4,1d8+4,1d8+4,7.0,A
605,40,17,5,5,1d10+4,1d6+4,40,15,6,5,1d10+4,1d8+4,9.0,A
606,40,18,7,4,1d12+4,1d6+4,40,16,5,3,1d8+4,1d8+4,9.0,A
607,40,18,5,5,1d12+4,1d8+4,40,15,5,5,1d10+4,1d6+4,7.0,B
608,40,17,8,4,1d10+4,1d8+4,40,14,5,5,1d10+4,1d6+4,6.0,B
609,40,14,6,4,1d10+4,1d6+4,40,15,7,5,1d10+4,1d6+4,5.0,B
610,40,17,7,4,1d12+4,1d6+4,40,15,5,5,1d10+4,1d8+4,7.0,A
611,40,18,6,5,1d10+4,1d6+4,40,15,7,4,1d12+4,1d8+4,8.0,B
612,40,18,5,3,1d8+4,1d8+4,40,17,8,5,1d10+4,1d8+4,6.0,B
613,40,16,8,4,1d12+4,1d6+4,40,14,8,4,1d10+4,1d6+4,7.0,A
614,40,14,5,3,1d10+4,1d6+4,40,16,8,4,1d12+4,1d6+4,6.0,A
615,40,15,5,5,1d12+4,1d6+4,40,14,7,5,1d12+4,1d8+4,2.0,A
616,40,17,8,5,1d10+4,1d8+4,40,18,7,3,1d12+4,1d6+4,0.0,A
617,40,15,8,3,1d12+4,1d8+4,40,18,7,4,1d10+4,1d8+4,6.0,B
618,40,16,7,4,1d10+4,1d8+4,40,17,8,4,1d10+4,1d8+4,7.0,A
619,40,15,7,4,1d12+4,1d8+4,40,18,7,4,1d12+4,1d6+4,4.0,B
620,40,18,7,5,1d12+4,1d6+4,40,16,7,3,1d10+4,1d8+4,4.0,A
621,40,16,5,5,1d10+4,1d6+4,40,18,5,4,1d8+4,1d6+4,10.0,A
622,40,15,8,3,1d12+4,1d6+4,40,16,6,4,1d8+4,1d8+4,7.0,A
623,40,14,6,5,1d10+4,1d8+4,40,17,5,4,1d12+4,1d8+4,7.0,A
624,40,15,6,3,1d12+4,1d8+4,40,16,6,4,1d12+4,1d6+4,6.0,A
625,40,14,6,4,1d12+4,1d8+4,40,18,7,4,1d12+4,1d8+4,9.0,B
626,40,18,5,4,1d8+4,1d6+4,40,18,5,4,1d12+4,1d8+4,7.0,A
627,40,16,7,5,1d12+4,1d6+4,40,16,6,3,1d10+4,1d6+4,9.0,B
628,40,14,5,3,1d12+4,1d6+4,40,16,6,4,1d10+4,1d6+4,6.0,A
629,40,16,6,4,1d10+4,1d6+4,40,18,6,4,1d10+4,1d6+4,5.0,A
630,40,14,7,5,1d12+4,1d8+4,40,17,6,4,1d10+4,1d8+4,3.0,A
631,40,15,6,3,1d8+4,1d6+4,40,16,8,5,1d12+4,1d6+4,10.0,B
632,40,16,8,5,1d12+4,1d6+4,40,18,8,4,1d8+4,1d8+4,10.0,A
633,40,18,6,4,1d8+4,1d6+4,40,15,8,5,1d8+4,1d6+4,6.0,B
634,40,16,7,3,1d10+4,1d6+4,40,17,7,3,1d8+4,1d6+4,1.0,A
635,40,18,6,4,1d8+4,1d8+4,40,18,6,5,1d10+4,1d6+4,0.0,B
636,40,15,5,4,1d8+4,1d6+4,40,15,5,4,1d12+4,1d6+4,1.0,B
637,40,16,7,4,1d8+4,1d8+4,40,15,6,4,1d8+4,1d8+4,4.0,A
638,40,15,7,4,1d10+4,1d8+4,40,16,7,5,1d8+4,1d8+4,2.0,A
639,40,17,5,5,1d10+4,1d8+4,40,17,7,3,1d10+4,1d8+4,5.0,A
640,40,16,8,3,1d12+4,1d8+4,40,16,7,3,1d10+4,1d6+4,9.0,A
641,40,18,5,4,1d10+4,1d8+4,40,14,7,3,1d10+4,1d6+4,8.0,B
642,40,14,8,5,1d12+4,1d6+4,40,16,7,3,1d8+4,1d6+4,1.0,B
643,40,17,7,3,1d12+4,1d6+4,40,14,5,4,1d8+4,1d6+4,0.0,A
644,40,16,8,3,1d12+4,1d8+4,40,15,6,3,1d8+4,1d6+4,6.0,A
645,40,15,6,5,1d10+4,1d6+4,40,14,5,5,1d8+4,1d6+4,8.0,A
646,40,17,6,4,1d10+4,1d6+4,40,17,6,3,1d8+4,1d8+4,3.0,A
647,40,17,5,4,1d12+4,1d8+4,40,16,5,3,1d12+4,1d8+4,4.0,A
648,40,17,7,3,1d8+4,1d6+4,40,17,5,4,1d12+4,1d6+4,5.0,B
649,40,14,8,5,1d8+4,1d8+4,40,16,5,4,1d8+4,1d8+4,5.0,B
650,40,15,5,5,1d8+4,1d8+4,40,17,5,5,1d10+4,1d8+4,5.0,B
651,40,14,8,3,1d10+4,1d8+4,40,18,7,3,1d12+4,1d8+4,2.0,B
652,40,15,7,5,1d8+4,1d8+4,40,14,5,3,1d10+4,1d8+4,2.0,A
653,40,15,8,5,1d8+4,1d8+4,40,16,6,3,1d10+4,1d8+4,0.0,A
654,40,15,7,5,1d12+4,1d8+4,40,16,5,3,1d12+4,1d6+4,5.0,B
655,40,17,7,5,1d8+4,1d8+4,40,15,6,3,1d8+4,1d8+4,1.0,A
656,40,15,6,5,1d12+4,1d8+4,40,17,6,3,1d12+4,1d8+4,8.0,B
657,40,15,6,4,1d12+4,1d6+4,40,17,5,3,1d8+4,1d8+4,8.0,A
658,40,15,8,3,1d10+4,1d6+4,40,14,7,3,1d8+4,1d6+4,2.0,A
659,40,14,5,4,1d10+4,1d8+4,40,15,8,4,1d8+4,1d6+4,0.0,A
660,40,18,8,3,1d10+4,1d6+4,40,16,5,5,1d12+4,1d6+4,10.0,A
661,40,15,6,3,1d8+4,1d6+4,40,15,5,4,1d10+4,1d6+4,8.0,B
662,40,14,8,4,1d10+4,1d8+4,40,15,5,3,1d8+4,1d8+4,10.0,B
663,40,14,6,5,1d8+4,1d6+4,40,17,7,5,1d10+4,1d6+4,9.0,B
664,40,14,5,3,1d10+4,1d8+4,40,15,5,4,1d8+4,1d8+4,0.0,B
665,40,14,5,4,1d10+4,1d8+4,40,16,7,3,1d8+4,1d8+4,8.0,B
666,40,16,5,3,1d8+4,1d6+4,40,17,6,3,1d12+4,1d8+4,4.0,A
667,40,18,8,4,1d8+4,1d6+4,40,15,6,4,1d12+4,1d6+4,3.0,A
668,40,18,8,4,1d10+4,1d6+4,40,16,8,4,1d10+4,1d8+4,4.0,A
669,40,14,7,4,1d8+4,1d6+4,40,18,6,4,1d10+4,1d8+4,10.0,B
670,40,14,5,4,1d12+4,1d6+4,40,14,6,4,1d10+4,1d8+4,0.0,B
671,40,18,7,4,1d8+4,1d8+4,40,16,6,3,1d10+4,1d6+4,9.0,A
672,40,14,7,3,1d10+4,1d8+4,40,18,5,4,1d8+4,1d6+4,10.0,B
673,40,18,7,5,1d8+4,1d8+4,40,16,6,5,1d10+4,1d6+4,5.0,B
674,40,18,8,5,1d12+4,1d6+4,40,14,7,5,1d10+4,1d6+4,6.0,A
675,40,16,7,3,1d12+4,1d6+4,40,14,8,5,1d12+4,1d6+4,1.0,B
676,40,18,7,3,1d8+4,1d6+4,40,17,7,3,1d12+4,1d8+4,9.0,B
677,40,14,6,5,1d10+4,1d6+4,40,18,6,3,1d10+4,1d8+4,8.0,B
678,40,16,6,4,1d8+4,1d6+4,40,16,7,3,1d12+4,1d8+4,5.0,A
679,40,15,6,5,1d10+4,1d8+4,40,16,6,3,1d8+4,1d8+4,1.0,A
680,40,15,8,5,1d8+4,1d6+4,40,16,8,5,1d8+4,1d6+4,2.0,B
681,40,15,5,4,1d12+4,1d6+4,40,17,6,5,1d10+4,1d6+4,6.0,B
682,40,17,7,3,1d12+4,1d6+4,40,16,5,5,1d8+4,1d6+4,3.0,A
683,40,15,7,3,1d12+4,1d8+4,40,18,6,5,1d12+4,1d6+4,8.0,B
684,40,18,5,3,1d10+4,1d8+4,40,16,7,4,1d10+4,1d6+4,7.0,A
685,40,17,5,5,1d10+4,1d8+4,40,18,5,3,1d8+4,1d6+4,10.0,A
686,40,14,6,4,1d8+4,1d8+4,40,17,5,5,1d12+4,1d8+4,0.0,B
687,40,16,5,4,1d8+4,1d6+4,40,18,6,5,1d8+4,1d8+4,1.0,A
688,40,14,7,5,1d8+4,1d8+4,40,18,8,4,1d12+4,1d8+4,7.0,B
689,40,17,8,3,1d8+4,1d6+4,40,16,8,3,1d12+4,1d8+4,9.0,B
690,40,15,8,4,1d8+4,1d8+4,40,17,7,3,1d8+4,1d8+4,9.0,B
691,40,16,6,3,1d12+4,1d8+4,40,16,7,4,1d10+4,1d8+4,2.0,A
692,40,14,5,4,1d10+4,1d8+4,40,17,8,4,1d8+4,1d8+4,5.0,B
693,40,15,6,5,1d8+4,1d6+4,40,14,6,3,1d12+4,1d6+4,10.0,B
694,40,15,6,5,1d12+4,1d6+4,40,17,6,3,1d10+4,1d6+4,7.0,A
695,40,15,5,3,1d8+4,1d8+4,40,18,8,4,1d12+4,1d6+4,0.0,B
696,40,14,7,4,1d12+4,1d6+4,40,14,8,5,1d10+4,1d8+4,0.0,A
697,40,15,8,5,1d12+4,1d6+4,40,16,5,5,1d8+4,1d6+4,0.0,A
698,40,15,8,5,1d8+4,1d8+4,40,18,6,3,1d10+4,1d6+4,5.0,B
699,40,15,8,3,1d10+4,1d6+4,40,17,6,5,1d10+4,1d6+4,4.0,B
700,40,14,7,3,1d12+4,1d8+4,40,15,5,3,1d12+4,1d8+4,0.0,B
701,40,17,5,3,1d8+4,1d8+4,40,17,7,5,1d10+4,1d8+4,1.0,A
702,40,18,7,4,1d10+4,1d6+4,40,15,8,5,1d8+4,1d8+4,3.0,A
703,40,18,6,4,1d10+4,1d6+4,40,18,5,4,1d10+4,1d8+4,2.0,A
704,40,14,7,4,1d8+4,1d6+4,40,15,5,3,1d8+4,1d8+4,3.0,A
705,40,16,7,5,1d8+4,1d8+4,40,18,7,5,1d8+4,1d8+4,5.0,A
706,40,18,7,3,1d12+4,1d8+4,40,14,5,5,1d10+4,1d8+4,0.0,A
707,40,16,7,3,1d8+4,1d8+4,40,16,6,5,1d10+4,1d6+4,8.0,A
708,40,16,8,4,1d12+4,1d8+4,40,17,7,4,1d8+4,1d6+4,4.0,A
709,40,18,8,5,1d10+4,1d8+4,40,18,5,5,1d8+4,1d8+4,5.0,A
710,40,18,5,5,1d8+4,1d8+4,40,18,5,5,1d12+4,1d8+4,9.0,B
711,40,17,8,3,1d12+4,1d6+4,40,14,8,5,1d12+4,1d8+4,6.0,B
712,40,14,7,4,1d12+4,1d8+4,40,18,8,4,1d10+4,1d8+4,0.0,A
713,40,17,6,3,1d10+4,1d6+4,40,16,8,3,1d10+4,1d6+4,7.0,B
714,40,18,7,4,1d12+4,1d8+4,40,15,6,3,1d8+4,1d6+4,9.0,A
715,40,17,7,5,1d10+4,1d6+4,40,17,7,4,1d8+4,1d6+4,0.0,A
716,40,15,7,4,1d12+4,1d8+4,40,17,7,5,1d8+4,1d8+4,8.0,B
717,40,18,7,5,1d8+4,1d6+4,40,17,7,4,1d10+4,1d6+4,3.0,B
718,40,14,7,5,1d12+4,1d6+4,40,17,7,3,1d10+4,1d8+4,6.0,A
719,40,16,8,4,1d10+4,1d6+4,40,18,6,5,1d12+4,1d8+4,8.0,A
720,40,18,8,5,1d8+4,1d8+4,40,15,5,4,1d12+4,1d8+4,5.0,A
721,40,15,6,5,1d8+4,1d8+4,40,17,7,5,1d12+4,1d6+4,4.0,B
722,40,18,8,3,1d8+4,1d6+4,40,14,8,5,1d8+4,1d6+4,5.0,A
723,40,18,8,3,1d12+4,1d6+4,40,17,6,4,1d12+4,1d8+4,3.0,B
724,40,14,5,5,1d8+4,1d8+4,40,17,5,3,1d12+4,1d6+4,2.0,B
725,40,16,6,4,1d12+4,1d8+4,40,16,7,5,1d10+4,1d8+4,1.0,A
726,40,18,7,3,1d8+4,1d6+4,40,15,8,3,1d8+4,1d6+4,6.0,A
727,40,16,7,3,1d8+4,1d6+4,40,17,5,4,1d8+4,1d6+4,10.0,A
728,40,18,7,3,1d12+4,1d6+4,40,18,8,4,1d10+4,1d6+4,8.0,A
729,40,18,6,5,1d12+4,1d6+4,40,14,8,3,1d8+4,1d8+4,3.0,A
730,40,14,7,4,1d10+4,1d6+4,40,15,5,3,1d12+4,1d8+4,7.0,B
731,40,18,6,4,1d12+4,1d6+4,40,16,6,5,1d10+4,1d8+4,1.0,A
732,40,15,8,5,1d8+4,1d6+4,40,16,5,5,1d8+4,1d6+4,10.0,A
733,40,16,6,4,1d8+4,1d8+4,40,14,7,5,1d12+4,1d6+4,2.0,A
734,40,15,8,3,1d10+4,1d6+4,40,16,7,4,1d8+4,1d8+4,4.0,B
735,40,17,6,4,1d12+4,1d8+4,40,16,7,3,1d10+4,1d6+4,3.0,B
736,40,15,8,3,1d10+4,1d6+4,40,17,8,3,1d10+4,1d8+4,0.0,A
737,40,14,8,5,1d12+4,1d8+4,40,16,7,3,1d12+4,1d8+4,2.0,B
738,40,16,5,5,1d12+4,1d8+4,40,15,5,4,1d8+4,1d8+4,6.0,A
739,40,15,7,5,1d12+4,1d8+4,40,15,8,3,1d8+4,1d6+4,2.0,A
740,40,14,6,3,1d12+4,1d6+4,40,17,8,4,1d12+4,1d6+4,9.0,A
741,40,18,8,3,1d10+4,1d6+4,40,14,5,5,1d12+4,1d8+4,0.0,B
742,40,18,5,5,1d10+4,1d6+4,40,14,5,5,1d10+4,1d6+4,10.0,A
743,40,14,8,5,1d12+4,1d6+4,40,16,8,4,1d12+4,1d8+4,2.0,B
744,40,18,8,5,1d12+4,1d6+4,40,18,6,5,1d10+4,1d6+4,5.0,B
745,40,16,8,3,1d10+4,1d6+4,40,16,5,3,1d10+4,1d6+4,8.0,A
746,40,18,6,3,1d8+4,1d6+4,40,18,8,4,1d12+4,1d6+4,1.0,A
747,40,17,8,4,1d12+4,1d8+4,40,15,6,4,1d8+4,1d8+4,0.0,B
748,40,14,8,5,1d10+4,1d6+4,40,14,5,5,1d10+4,1d8+4,6.0,A
749,40,15,8,5,1d8+4,1d8+4,40,18,8,4,1d12+4,1d8+4,5.0,A
750,40,16,6,3,1d8+4,1d6+4,40,18,7,5,1d12+4,1d6+4,5.0,B
751,40,16,7,4,1d10+4,1d8+4,40,16,7,5,1d12+4,1d8+4,5.0,B
752,40,15,5,3,1d8+4,1d8+4,40,18,6,3,1d10+4,1d8+4,0.0,B
753,40,14,7,4,1d8+4,1d8+4,40,18,7,5,1d8+4,1d6+4,8.0,A
754,40,16,7,4,1d10+4,1d6+4,40,18,8,4,1d8+4,1d8+4,3.0,A
755,40,15,7,5,1d8+4,1d6+4,40,14,6,5,1d8+4,1d6+4,9.0,A
756,40,14,8,4,1d12+4,1d8+4,40,14,8,3,1d10+4,1d8+4,10.0,B
757,40,15,8,4,1d12+4,1d6+4,40,17,6,4,1d8+4,1d6+4,1.0,A
758,40,14,6,5,1d8+4,1d8+4,40,15,6,4,1d8+4,1d6+4,10.0,B
759,40,17,8,5,1d8+4,1d8+4,40,15,8,3,1d10+4,1d8+4,10.0,B
760,40,16,5,5,1d10+4,1d8+4,40,18,5,3,1d12+4,1d6+4,2.0,B
761,40,15,8,3,1d10+4,1d8+4,40,15,6,4,1d8+4,1d8+4,4.0,B
762,40,17,5,5,1d10+4,1d8+4,40,14,6,5,1d12+4,1d8+4,4.0,A
763,40,16,7,3,1d8+4,1d6+4,40,18,5,4,1d12+4,1d6+4,9.0,B
764,40,17,8,5,1d10+4,1d6+4,40,15,6,5,1d8+4,1d8+4,10.0,A
765,40,18,5,3,1d8+4,1d6+4,40,18,7,5,1d12+4,1d8+4,4.0,B
766,40,15,7,5,1d8+4,1d6+4,40,15,8,4,1d12+4,1d6+4,1.0,B
767,40,18,7,5,1d8+4,1d8+4,40,15,6,5,1d8+4,1d6+4,3.0,A
768,40,17,8,4,1d12+4,1d8+4,40,17,7,4,1d8+4,1d8+4,7.0,A
769,40,15,5,3,1d8+4,1d8+4,40,14,6,3,1d10+4,1d8+4,9.0,B
770,40,15,5,4,1d8+4,1d6+4,40,16,7,5,1d10+4,1d8+4,6.0,B
771,40,15,6,4,1d12+4,1d6+4,40,15,5,4,1d8+4,1d8+4,5.0,B
772,40,18,5,5,1d8+4,1d6+4,40,16,6,3,1d12+4,1d6+4,6.0,B
773,40,15,8,3,1d12+4,1d8+4,40,18,6,3,1d10+4,1d6+4,7.0,B
774,40,15,5,5,1d12+4,1d6+4,40,17,7,3,1d12+4,1d8+4,1.0,B
775,40,18,6,3,1d12+4,1d6+4,40,14,5,4,1d8+4,1d6+4,7.0,A
776,40,17,6,3,1d10+4,1d6+4,40,14,6,3,1d10+4,1d8+4,4.0,B
777,40,14,5,4,1d10+4,1d6+4,40,16,7,3,1d12+4,1d8+4,10.0,A
778,40,16,6,5,1d8+4,1d8+4,40,15,6,4,1d8+4,1d8+4,9.0,B
779,40,16,7,4,1d10+4,1d8+4,40,17,6,3,1d8+4,1d8+4,8.0,A
780,40,17,5,4,1d12+4,1d8+4,40,17,6,4,1d12+4,1d6+4,0.0,A
781,40,14,8,5,1d8+4,1d6+4,40,15,6,3,1d10+4,1d6+4,8.0,B
782,40,18,7,4,1d10+4,1d8+4,40,14,6,4,1d10+4,1d8+4,1.0,B
783,40,14,8,5,1d10+4,1d6+4,40,17,5,3,1d8+4,1d8+4,7.0,B
784,40,15,8,3,1d8+4,1d6+4,40,18,5,3,1d10+4,1d6+4,7.0,B
785,40,16,7,4,1d10+4,1d6+4,40,18,6,5,1d12+4,1d8+4,7.0,A
786,40,17,6,4,1d8+4,1d8+4,40,14,8,3,1d10+4,1d6+4,6.0,A
787,40,18,6,4,1d10+4,1d8+4,40,18,7,3,1d10+4,1d6+4,10.0,B
788,40,16,7,4,1d8+4,1d6+4,40,17,7,4,1d10+4,1d8+4,4.0,B
789,40,14,5,5,1d10+4,1d8+4,40,14,8,4,1d12+4,1d6+4,6.0,A
790,40,17,7,3,1d8+4,1d8+4,40,18,8,5,1d8+4,1d8+4,9.0,B
791,40,15,7,5,1d12+4,1d6+4,40,16,8,3,1d10+4,1d6+4,2.0,A
792,40,17,8,5,1d8+4,1d6+4,40,16,7,3,1d8+4,1d6+4,2.0,B
793,40,18,6,5,1d10+4,1d6+4,40,16,7,5,1d10+4,1d8+4,10.0,A
794,40,16,8,4,1d8+4,1d6+4,40,17,8,5,1d10+4,1d8+4,5.0,B
795,40,18,6,5,1d8+4,1d8+4,40,15,7,4,1d8+4,1d6+4,6.0,A
796,40,17,6,4,1d8+4,1d8+4,40,15,7,4,1d12+4,1d6+4,8.0,A
797,40,16,6,3,1d12+4,1d6+4,40,14,5,5,1d10+4,1d8+4,10.0,B
798,40,17,7,3,1d12+4,1d8+4,40,18,7,5,1d12+4,1d6+4,1.0,B
799,40,15,5,4,1d10+4,1d6+4,40,16,8,3,1d10+4,1d6+4,8.0,B
800,40,15,6,5,1d8+4,1d8+4,40,14,7,3,1d12+4,1d8+4,5.0,A
801,40,18,6,5,1d10+4,1d8+4,40,14,8,4,1d10+4,1d6+4,4.0,A
802,40,16,8,3,1d12+4,1d8+4,40,17,5,3,1d10+4,1d6+4,3.0,A
803,40,17,7,3,1d10+4,1d8+4,40,18,5,5,1d12+4,1d6+4,4.0,A
804,40,17,6,3,1d8+4,1d6+4,40,18,7,4,1d12+4,1d6+4,2.0,A
805,40,18,8,4,1d12+4,1d6+4,40,16,8,4,1d10+4,1d8+4,6.0,B
806,40,15,5,4,1d8+4,1d6+4,40,18,7,3,1d8+4,1d8+4,9.0,B
807,40,15,8,4,1d8+4,1d8+4,40,14,7,5,1d10+4,1d6+4,1.0,B
808,40,16,8,3,1d12+4,1d8+4,40,16,5,5,1d10+4,1d8+4,1.0,A
809,40,15,7,3,1d12+4,1d6+4,40,18,8,3,1d12+4,1d6+4,3.0,A
810,40,16,6,4,1d8+4,1d6+4,40,15,7,4,1d12+4,1d6+4,2.0,A
811,40,16,5,3,1d10+4,1d8+4,40,14,7,5,1d12+4,1d8+4,8.0,B
812,40,17,6,4,1d12+4,1d6+4,40,14,7,3,1d10+4,1d8+4,4.0,B
813,40,17,5,3,1d8+4,1d6+4,40,17,8,3,1d10+4,1d8+4,4.0,B
814,40,17,6,4,1d8+4,1d6+4,40,14,6,4,1d8+4,1d6+4,5.0,A
815,40,15,6,4,1d10+4,1d6+4,40,16,5,3,1d10+4,1d8+4,0.0,A
816,40,18,7,4,1d12+4,1d6+4,40,14,6,4,1d8+4,1d8+4,7.0,A
817,40,15,8,4,1d10+4,1d6+4,40,16,5,3,1d10+4,1d8+4,7.0,A
818,40,16,6,4,1d8+4,1d6+4,40,14,8,4,1d12+4,1d6+4,6.0,A
819,40,17,7,5,1d12+4,1d6+4,40,16,5,3,1d8+4,1d8+4,3.0,A
820,40,16,7,4,1d10+4,1d6+4,40,16,6,5,1d12+4,1d8+4,10.0,A
821,40,15,5,3,1d10+4,1d6+4,40,15,6,3,1d8+4,1d8+4,1.0,B
822,40,17,7,5,1d12+4,1d6+4,40,15,8,3,1d10+4,1d8+4,3.0,A
823,40,17,5,4,1d12+4,1d6+4,40,17,5,5,1d8+4,1d8+4,6.0,A
824,40,18,5,4,1d8+4,1d6+4,40,14,6,3,1d12+4,1d6+4,7.0,A
825,40,17,8,3,1d10+4,1d6+4,40,17,5,5,1d8+4,1d6+4,0.0,B
826,40,16,8,5,1d10+4,1d6+4,40,17,5,3,1d8+4,1d8+4,6.0,A
827,40,18,5,3,1d8+4,1d6+4,40,15,8,5,1d8+4,1d6+4,6.0,A
828,40,16,5,3,1d10+4,1d6+4,40,17,5,5,1d12+4,1d8+4,9.0,A
829,40,14,7,5,1d8+4,1d6+4,40,15,7,3,1d10+4,1d8+4,3.0,B
830,40,17,5,3,1d8+4,1d6+4,40,17,5,5,1d10+4,1d6+4,3.0,B
831,40,15,5,5,1d12+4,1d6+4,40,16,8,5,1d10+4,1d8+4,0.0,B
832,40,15,6,5,1d10+4,1d6+4,40,14,8,4,1d10+4,1d6+4,2.0,B
833,40,18,7,3,1d10+4,1d6+4,40,17,5,3,1d12+4,1d6+4,0.0,B
834,40,16,7,4,1d10+4,1d8+4,40,16,6,4,1d10+4,1d6+4,8.0,B
835,40,15,5,5,1d8+4,1d6+4,40,17,6,5,1d12+4,1d8+4,4.0,B
836,40,17,6,4,1d12+4,1d8+4,40,14,8,5,1d8+4,1d8+4,8.0,A
837,40,16,6,4,1d8+4,1d6+4,40,16,8,4,1d12+4,1d8+4,1.0,B
838,40,14,8,3,1d10+4,1d8+4,40,15,6,5,1d12+4,1d6+4,6.0,B
839,40,17,6,4,1d12+4,1d8+4,40,14,8,4,1d10+4,1d6+4,6.0,B
840,40,15,7,4,1d10+4,1d8+4,40,14,8,4,1d10+4,1d6+4,3.0,B
841,40,17,6,5,1d8+4,1d8+4,40,15,6,5,1d12+4,1d8+4,4.0,B
842,40,18,7,4,1d8+4,1d8+4,40,17,8,3,1d10+4,1d8+4,9.0,A
843,40,17,7,5,1d8+4,1d6+4,40,18,5,3,1d12+4,1d6+4,4.0,A
844,40,17,8,5,1d10+4,1d6+4,40,15,5,3,1d10+4,1d8+4,0.0,A
845,40,14,5,3,1d10+4,1d8+4,40,16,6,5,1d10+4,1d6+4,6.0,B
846,40,16,7,5,1d10+4,1d6+4,40,17,8,5,1d10+4,1d6+4,5.0,A
847,40,16,8,4,1d12+4,1d6+4,40,18,5,4,1d12+4,1d8+4,6.0,A
848,40,15,5,5,1d10+4,1d8+4,40,17,8,3,1d12+4,1d8+4,0.0,A
849,40,17,5,5,1d10+4,1d8+4,40,16,5,4,1d12+4,1d6+4,2.0,A
850,40,18,5,3,1d8+4,1d6+4,40,14,6,3,1d10+4,1d6+4,10.0,B
851,40,16,6,3,1d12+4,1d8+4,40,18,7,5,1d10+4,1d8+4,10.0,B
852,40,17,6,5,1d10+4,1d6+4,40,14,5,4,1d12+4,1d8+4,9.0,B
853,40,18,6,4,1d12+4,1d6+4,40,14,5,5,1d10+4,1d6+4,2.0,B
854,40,14,5,3,1d12+4,1d6+4,40,14,6,3,1d8+4,1d6+4,0.0,A
855,40,16,7,4,1d12+4,1d8+4,40,14,8,3,1d8+4,1d6+4,6.0,A
856,40,17,7,5,1d12+4,1d8+4,40,18,6,3,1d12+4,1d8+4,0.0,A
857,40,17,7,3,1d12+4,1d6+4,40,17,5,4,1d12+4,1d8+4,9.0,A
858,40,17,5,4,1d8+4,1d8+4,40,15,5,3,1d12+4,1d6+4,9.0,A
859,40,17,7,4,1d10+4,1d8+4,40,15,7,4,1d10+4,1d6+4,4.0,A
860,40,14,6,5,1d8+4,1d8+4,40,17,6,4,1d12+4,1d8+4,4.0,A
861,40,15,8,3,1d10+4,1d6+4,40,18,6,3,1d12+4,1d6+4,0.0,A
862,40,16,8,4,1d8+4,1d8+4,40,18,8,3,1d8+4,1d8+4,2.0,B
863,40,14,7,5,1d10+4,1d6+4,40,14,6,4,1d8+4,1d8+4,6.0,B
864,40,14,8,3,1d12+4,1d8+4,40,14,5,4,1d8+4,1d6+4,1.0,A
865,40,17,8,5,1d8+4,1d6+4,40,18,6,3,1d10+4,1d8+4,3.0,A
866,40,18,5,3,1d10+4,1d6+4,40,17,6,5,1d8+4,1d6+4,1.0,A
867,40,16,5,3,1d8+4,1d8+4,40,17,8,3,1d8+4,1d8+4,1.0,B
868,40,17,5,4,1d8+4,1d6+4,40,15,6,5,1d12+4,1d8+4,7.0,B
869,40,15,8,3,1d12+4,1d6+4,40,16,5,4,1d10+4,1d8+4,2.0,A
870,40,17,6,4,1d8+4,1d8+4,40,14,5,5,1d10+4,1d6+4,1.0,A
871,40,16,5,5,1d8+4,1d8+4,40,14,6,4,1d12+4,1d6+4,7.0,A
872,40,16,5,3,1d8+4,1d8+4,40,17,5,4,1d10+4,1d8+4,9.0,B
873,40,16,8,5,1d8+4,1d8+4,40,15,8,3,1d12+4,1d6+4,3.0,A
874,40,18,5,3,1d8+4,1d6+4,40,18,8,5,1d8+4,1d6+4,7.0,B
875,40,15,8,4,1d12+4,1d6+4,40,14,6,5,1d10+4,1d6+4,1.0,A
876,40,14,7,4,1d10+4,1d8+4,40,15,6,3,1d8+4,1d6+4,4.0,A
877,40,16,6,4,1d12+4,1d8+4,40,15,8,4,1d12+4,1d8+4,8.0,A
878,40,15,5,5,1d12+4,1d6+4,40,17,7,3,1d8+4,1d8+4,4.0,A
879,40,15,8,5,1d12+4,1d6+4,40,17,7,4,1d10+4,1d8+4,4.0,A
880,40,14,8,3,1d12+4,1d8+4,40,15,5,4,1d8+4,1d8+4,6.0,A
881,40,18,8,4,1d12+4,1d6+4,40,18,8,5,1d8+4,1d8+4,0.0,A
882,40,14,8,5,1d10+4,1d6+4,40,16,8,3,1d8+4,1d8+4,8.0,A
883,40,17,5,3,1d10+4,1d6+4,40,17,6,3,1d8+4,1d8+4,5.0,A
884,40,16,6,5,1d8+4,1d8+4,40,14,7,5,1d10+4,1d8+4,0.0,A
885,40,14,6,4,1d10+4,1d8+4,40,15,6,3,1d12+4,1d8+4,9.0,A
886,40,15,8,4,1d12+4,1d6+4,40,15,7,5,1d12+4,1d8+4,10.0,A
887,40,16,8,5,1d8+4,1d6+4,40,18,7,4,1d10+4,1d6+4,2.0,A
888,40,18,8,3,1d12+4,1d8+4,40,15,8,5,1d10+4,1d8+4,8.0,B
889,40,14,8,3,1d8+4,1d6+4,40,17,7,4,1d12+4,1d6+4,1.0,B
890,40,16,8,3,1d8+4,1d6+4,40,16,7,5,1d8+4,1d6+4,7.0,B
891,40,14,8,3,1d8+4,1d8+4,40,18,7,3,1d12+4,1d6+4,2.0,A
892,40,15,5,3,1d10+4,1d6+4,40,17,8,3,1d12+4,1d8+4,9.0,B
893,40,15,8,3,1d12+4,1d8+4,40,14,7,3,1d10+4,1d8+4,3.0,A
894,40,17,8,5,1d12+4,1d6+4,40,14,5,3,1d8+4,1d8+4,7.0,A
895,40,18,8,4,1d10+4,1d6+4,40,15,8,3,1d10+4,1d6+4,5.0,A
896,40,18,6,4,1d10+4,1d8+4,40,17,8,5,1d12+4,1d6+4,5.0,A
897,40,16,5,5,1d12+4,1d8+4,40,14,8,3,1d10+4,1d6+4,6.0,B
898,40,16,5,4,1d8+4,1d6+4,40,18,7,4,1d8+4,1d6+4,9.0,A
899,40,15,6,5,1d8+4,1d8+4,40,16,5,3,1d8+4,1d8+4,2.0,A
900,40,18,7,5,1d10+4,1d8+4,40,16,6,5,1d10+4,1d6+4,2.0,B
901,40,18,8,4,1d8+4,1d8+4,40,16,8,5,1d12+4,1d8+4,9.0,B
902,40,14,6,4,1d8+4,1d8+4,40,14,5,5,1d10+4,1d6+4,9.0,B
903,40,15,8,4,1d10+4,1d8+4,40,14,5,4,1d12+4,1d8+4,5.0,A
904,40,18,6,4,1d8+4,1d8+4,40,14,6,3,1d8+4,1d6+4,0.0,A
905,40,15,8,4,1d12+4,1d6+4,40,15,6,3,1d8+4,1d6+4,10.0,A
906,40,18,7,3,1d12+4,1d8+4,40,14,8,4,1d8+4,1d6+4,3.0,A
907,40,17,6,3,1d12+4,1d8+4,40,18,5,3,1d10+4,1d8+4,7.0,A
908,40,14,7,4,1d12+4,1d8+4,40,15,6,4,1d12+4,1d8+4,10.0,A
909,40,15,8,3,1d8+4,1d6+4,40,18,8,3,1d12+4,1d8+4,5.0,A
910,40,18,6,5,1d10+4,1d6+4,40,17,5,4,1d10+4,1d6+4,6.0,A
911,40,17,5,3,1d12+4,1d6+4,40,18,7,3,1d12+4,1d6+4,2.0,B
912,40,14,8,4,1d12+4,1d6+4,40,17,7,5,1d12+4,1d6+4,10.0,B
913,40,17,5,4,1d12+4,1d8+4,40,17,6,3,1d12+4,1d6+4,8.0,A
914,40,18,5,5,1d12+4,1d6+4,40,18,7,5,1d8+4,1d8+4,7.0,B
915,40,18,5,3,1d8+4,1d8+4,40,17,5,3,1d12+4,1d6+4,8.0,A
916,40,18,8,4,1d10+4,1d6+4,40,17,6,3,1d12+4,1d8+4,5.0,B
917,40,18,6,4,1d8+4,1d6+4,40,14,6,4,1d8+4,1d6+4,0.0,B
918,40,18,6,3,1d12+4,1d8+4,40,15,5,5,1d8+4,1d8+4,5.0,A
919,40,17,6,5,1d8+4,1d6+4,40,17,5,3,1d8+4,1d8+4,10.0,A
920,40,15,5,3,1d12+4,1d6+4,40,15,8,3,1d8+4,1d8+4,1.0,A
921,40,14,6,5,1d8+4,1d8+4,40,17,6,3,1d12+4,1d6+4,9.0,A
922,40,15,6,3,1d12+4,1d6+4,40,14,6,4,1d12+4,1d6+4,3.0,A
923,40,18,6,5,1d8+4,1d8+4,40,14,6,4,1d8+4,1d6+4,3.0,B
924,40,18,8,3,1d8+4,1d6+4,40,14,6,4,1d12+4,1d6+4,2.0,A
925,40,18,5,4,1d10+4,1d8+4,40,17,7,3,1d10+4,1d8+4,4.0,B
926,40,16,5,5,1d12+4,1d8+4,40,17,8,3,1d12+4,1d6+4,4.0,A
927,40,16,7,5,1d8+4,1d8+4,40,17,5,5,1d8+4,1d6+4,5.0,A
928,40,17,6,5,1d10+4,1d6+4,40,18,7,5,1d12+4,1d6+4,7.0,B
929,40,17,8,4,1d12+4,1d8+4,40,18,6,4,1d10+4,1d8+4,0.0,A
930,40,16,8,4,1d10+4,1d8+4,40,15,6,4,1d12+4,1d6+4,0.0,B
931,40,16,8,3,1d8+4,1d8+4,40,14,8,4,1d10+4,1d6+4,10.0,B
932,40,15,8,3,1d12+4,1d8+4,40,18,5,4,1d10+4,1d8+4,4.0,A
933,40,14,5,3,1d12+4,1d6+4,40,17,6,5,1d8+4,1d6+4,4.0,B
934,40,18,8,3,1d8+4,1d6+4,40,17,7,5,1d10+4,1d8+4,5.0,A
935,40,18,5,5,1d10+4,1d8+4,40,18,8,3,1d8+4,1d8+4,8.0,B
936,40,14,5,4,1d10+4,1d6+4,40,18,7,5,1d8+4,1d8+4,0.0,B
937,40,14,8,3,1d8+4,1d8+4,40,16,7,3,1d12+4,1d8+4,0.0,B
938,40,18,5,5,1d8+4,1d8+4,40,14,6,4,1d12+4,1d8+4,7.0,A
939,40,14,5,3,1d12+4,1d8+4,40,15,8,4,1d12+4,1d8+4,2.0,A
940,40,18,7,5,1d10+4,1d8+4,40,14,5,4,1d10+4,1d8+4,6.0,A
941,40,18,7,3,1d8+4,1d8+4,40,17,7,4,1d8+4,1d8+4,6.0,A
942,40,14,5,5,1d8+4,1d8+4,40,14,7,5,1d10+4,1d8+4,8.0,A
943,40,14,5,5,1d10+4,1d6+4,40,16,8,4,1d8+4,1d6+4,2.0,B
944,40,17,6,4,1d10+4,1d8+4,40,17,7,3,1d12+4,1d8+4,9.0,A
945,40,15,7,3,1d8+4,1d6+4,40,17,7,5,1d8+4,1d6+4,3.0,A
946,40,14,5,4,1d10+4,1d6+4,40,17,7,5,1d12+4,1d6+4,2.0,B
947,40,17,6,4,1d8+4,1d6+4,40,14,5,3,1d10+4,1d6+4,3.0,B
948,40,18,5,3,1d8+4,1d6+4,40,14,7,4,1d10+4,1d6+4,7.0,B
949,40,15,8,4,1d10+4,1d6+4,40,15,7,5,1d12+4,1d6+4,9.0,A
950,40,15,5,4,1d8+4,1d8+4,40,16,8,4,1d12+4,1d8+4,1.0,B
951,40,14,6,3,1d12+4,1d6+4,40,17,8,4,1d10+4,1d8+4,10.0,B
952,40,16,5,4,1d12+4,1d8+4,40,14,5,3,1d10+4,1d6+4,9.0,B
953,40,18,8,5,1d10+4,1d6+4,40,15,7,5,1d12+4,1d8+4,8.0,B
954,40,15,8,3,1d8+4,1d6+4,40,17,6,3,1d10+4,1d6+4,3.0,A
955,40,17,6,5,1d12+4,1d6+4,40,14,6,3,1d12+4,1d8+4,8.0,A
956,40,14,8,5,1d10+4,1d6+4,40,14,6,3,1d8+4,1d6+4,6.0,A
957,40,18,6,5,1d10+4,1d8+4,40,16,7,3,1d12+4,1d6+4,5.0,A
958,40,14,6,3,1d12+4,1d6+4,40,17,6,5,1d8+4,1d6+4,10.0,A
959,40,14,8,4,1d12+4,1d6+4,40,18,6,5,1d12+4,1d8+4,10.0,A
960,40,17,6,5,1d10+4,1d6+4,40,18,6,5,1d12+4,1d8+4,2.0,B
961,40,16,6,3,1d10+4,1d6+4,40,16,7,4,1d10+4,1d6+4,0.0,A
962,40,18,8,3,1d10+4,1d8+4,40,15,7,4,1d10+4,1d6+4,6.0,A
963,40,18,8,4,1d8+4,1d6+4,40,17,5,3,1d12+4,1d8+4,0.0,A
964,40,15,7,4,1d12+4,1d8+4,40,14,8,5,1d12+4,1d6+4,5.0,A
965,40,15,5,4,1d10+4,1d8+4,40,16,5,4,1d12+4,1d8+4,0.0,A
966,40,16,7,3,1d12+4,1d8+4,40,14,8,3,1d8+4,1d6+4,2.0,A
967,40,14,8,4,1d10+4,1d6+4,40,14,6,5,1d12+4,1d6+4,9.0,A
968,40,17,8,5,1d12+4,1d6+4,40,14,7,5,1d8+4,1d8+4,10.0,A
969,40,18,6,3,1d8+4,1d6+4,40,17,7,5,1d8+4,1d8+4,5.0,A
970,40,17,6,3,1d8+4,1d6+4,40,16,8,3,1d10+4,1d8+4,6.0,B
971,40,15,8,3,1d12+4,1d6+4,40,14,7,4,1d8+4,1d8+4,8.0,A
972,40,15,5,4,1d10+4,1d6+4,40,18,6,4,1d8+4,1d8+4,10.0,A
973,40,14,6,5,1d8+4,1d6+4,40,16,8,3,1d10+4,1d6+4,10.0,B
974,40,15,8,5,1d10+4,1d8+4,40,16,8,5,1d12+4,1d8+4,6.0,B
975,40,15,8,4,1d10+4,1d8+4,40,18,7,3,1d8+4,1d8+4,5.0,B
976,40,15,6,3,1d12+4,1d8+4,40,14,7,4,1d12+4,1d8+4,6.0,A
977,40,17,8,4,1d12+4,1d6+4,40,15,5,4,1d8+4,1d6+4,3.0,A
978,40,18,6,4,1d8+4,1d8+4,40,15,8,4,1d10+4,1d6+4,1.0,B
979,40,14,6,4,1d12+4,1d8+4,40,17,7,3,1d8+4,1d6+4,6.0,B
980,40,16,6,5,1d10+4,1d8+4,40,15,8,3,1d12+4,1d6+4,3.0,B
981,40,14,8,3,1d10+4,1d8+4,40,16,5,4,1d12+4,1d8+4,0.0,A
982,40,15,5,3,1d12+4,1d8+4,40,15,6,4,1d12+4,1d6+4,8.0,B
983,40,17,6,5,1d10+4,1d8+4,40,14,6,5,1d8+4,1d6+4,2.0,A
984,40,16,6,3,1d12+4,1d6+4,40,18,8,4,1d8+4,1d8+4,2.0,A
985,40,18,6,5,1d12+4,1d6+4,40,14,6,5,1d10+4,1d6+4,1.0,A
986,40,18,5,4,1d10+4,1d8+4,40,18,8,3,1d8+4,1d8+4,6.0,B
987,40,16,7,5,1d10+4,1d6+4,40,15,8,5,1d10+4,1d6+4,4.0,B
988,40,14,7,5,1d12+4,1d6+4,40,14,5,4,1d8+4,1d6+4,8.0,A
989,40,18,8,5,1d12+4,1d8+4,40,17,6,4,1d12+4,1d8+4,8.0,A
990,40,15,5,5,1d12+4,1d8+4,40,18,5,4,1d8+4,1d6+4,2.0,A
991,40,15,8,5,1d12+4,1d6+4,40,16,8,3,1d8+4,1d8+4,3.0,B
992,40,16,8,3,1d10+4,1d8+4,40,18,6,5,1d10+4,1d6+4,7.0,B
993,40,17,5,5,1d12+4,1d8+4,40,15,5,5,1d10+4,1d8+4,4.0,B
994,40,15,5,4,1d8+4,1d6+4,40,14,7,4,1d12+4,1d8+4,6.0,B
995,40,16,5,3,1d8+4,1d8+4,40,18,8,3,1d12+4,1d8+4,2.0,B
996,40,16,6,3,1d10+4,1d8+4,40,17,6,4,1d10+4,1d8+4,7.0,B
997,40,16,5,5,1d10+4,1d8+4,40,14,6,3,1d12+4,1d6+4,8.0,A
998,40,15,6,4,1d8+4,1d8+4,40,16,5,4,1d8+4,1d6+4,6.0,B
999,40,17,7,4,1d12+4,1d8+4,40,18,7,5,1d12+4,1d8+4,7.0,B
1000,40,16,6,4,1d10+4,1d6+4,40,15,8,5,1d8+4,1d6+4,5.0,A
1001,40,18,5,4,1d12+4,1d8+4,40,16,7,5,1d8+4,1d6+4,9.0,A
1002,40,18,7,5,1d12+4,1d8+4,40,14,6,4,1d10+4,1d8+4,0.0,A
1003,40,18,6,5,1d8+4,1d8+4,40,15,6,5,1d12+4,1d8+4,9.0,B
1004,40,17,5,4,1d10+4,1d8+4,40,16,7,5,1d8+4,1d8+4,8.0,A
1005,40,15,6,4,1d12+4,1d8+4,40,18,7,3,1d8+4,1d6+4,8.0,A
1006,40,15,6,5,1d12+4,1d6+4,40,14,5,3,1d12+4,1d6+4,2.0,A
1007,40,15,6,4,1d8+4,1d6+4,40,15,7,4,1d10+4,1d8+4,9.0,B
1008,40,18,5,4,1d12+4,1d8+4,40,16,7,5,1d10+4,1d8+4,5.0,B
1009,40,16,7,5,1d10+4,1d6+4,40,16,6,5,1d12+4,1d6+4,2.0,B
1010,40,14,5,4,1d12+4,1d6+4,40,17,8,5,1d10+4,1d8+4,10.0,A
1011,40,14,7,3,1d8+4,1d8+4,40,16,7,4,1d10+4,1d8+4,10.0,B
1012,40,14,6,5,1d12+4,1d6+4,40,17,6,5,1d8+4,1d8+4,7.0,A
1013,40,18,5,3,1d8+4,1d6+4,40,18,8,3,1d12+4,1d8+4,6.0,B
1014,40,18,5,5,1d8+4,1d8+4,40,18,5,3,1d10+4,1d6+4,3.0,B
1015,40,14,7,4,1d12+4,1d8+4,40,17,8,3,1d8+4,1d6+4,2.0,B
1016,40,16,5,5,1d12+4,1d6+4,40,16,8,5,1d12+4,1d6+4,8.0,B
1017,40,15,6,5,1d12+4,1d6+4,40,16,8,5,1d10+4,1d8+4,4.0,A
1018,40,15,6,5,1d12+4,1d8+4,40,18,6,5,1d12+4,1d6+4,10.0,A
1019,40,17,8,4,1d12+4,1d8+4,40,17,5,3,1d12+4,1d6+4,10.0,B
1020,40,18,8,5,1d12+4,1d6+4,40,16,8,3,1d12+4,1d6+4,8.0,A
1021,40,14,5,4,1d12+4,1d6+4,40,16,5,4,1d12+4,1d6+4,1.0,B
1022,40,18,6,5,1d8+4,1d8+4,40,14,7,4,1d10+4,1d6+4,7.0,B
1023,40,18,5,4,1d10+4,1d6+4,40,16,7,3,1d10+4,1d8+4,1.0,A
1024,40,15,8,4,1d10+4,1d8+4,40,18,7,4,1d8+4,1d8+4,3.0,B
1025,40,16,7,3,1d12+4,1d6+4,40,15,5,4,1d10+4,1d8+4,3.0,B
1026,40,16,6,3,1d12+4,1d8+4,40,18,7,3,1d12+4,1d6+4,4.0,B
1027,40,16,5,5,1d10+4,1d6+4,40,14,8,4,1d10+4,1d8+4,8.0,B
1028,40,17,5,3,1d8+4,1d6+4,40,15,6,3,1d8+4,1d6+4,7.0,A
1029,40,15,8,4,1d10+4,1d8+4,40,18,6,4,1d12+4,1d6+4,8.0,A
1030,40,16,5,4,1d10+4,1d8+4,40,15,7,3,1d12+4,1d6+4,5.0,A
1031,40,18,6,4,1d8+4,1d8+4,40,15,5,5,1d12+4,1d8+4,9.0,B
1032,40,18,8,4,1d8+4,1d6+4,40,18,8,3,1d12+4,1d6+4,8.0,B
1033,40,16,7,4,1d12+4,1d8+4,40,15,6,3,1d8+4,1d6+4,0.0,A
1034,40,17,6,3,1d8+4,1d6+4,40,14,5,4,1d10+4,1d6+4,1.0,B
1035,40,14,7,4,1d10+4,1d6+4,40,17,5,3,1d12+4,1d6+4,7.0,B
1036,40,17,8,5,1d10+4,1d6+4,40,17,6,3,1d12+4,1d6+4,7.0,B
1037,40,17,5,4,1d8+4,1d8+4,40,18,8,3,1d12+4,1d6+4,8.0,B
1038,40,18,5,3,1d10+4,1d8+4,40,16,8,4,1d10+4,1d6+4,0.0,A
1039,40,17,5,5,1d12+4,1d8+4,40,15,5,5,1d12+4,1d8+4,8.0,A
1040,40,16,6,3,1d8+4,1d6+4,40,14,6,4,1d8+4,1d8+4,6.0,B
1041,40,15,8,5,1d12+4,1d6+4,40,16,6,4,1d8+4,1d6+4,7.0,A
1042,40,16,5,4,1d8+4,1d8+4,40,17,7,4,1d8+4,1d6+4,6.0,B
1043,40,18,7,3,1d8+4,1d6+4,40,14,6,5,1d8+4,1d6+4,8.0,A
1044,40,16,6,3,1d12+4,1d8+4,40,17,6,4,1d12+4,1d6+4,0.0,B
1045,40,15,6,4,1d12+4,1d6+4,40,15,6,4,1d12+4,1d6+4,9.0,A
1046,40,17,5,5,1d8+4,1d8+4,40,16,6,5,1d8+4,1d8+4,7.0,A
1047,40,14,6,5,1d8+4,1d8+4,40,17,5,3,1d8+4,1d6+4,0.0,B
1048,40,17,7,3,1d10+4,1d6+4,40,14,5,5,1d10+4,1d6+4,1.0,A
1049,40,17,5,5,1d10+4,1d6+4,40,16,7,4,1d10+4,1d6+4,1.0,B
1050,40,17,6,3,1d8+4,1d8+4,40,18,5,4,1d12+4,1d6+4,2.0,A
1051,40,14,5,3,1d8+4,1d8+4,40,15,7,4,1d10+4,1d6+4,1.0,B
1052,40,15,8,4,1d12+4,1d8+4,40,14,5,5,1d12+4,1d8+4,2.0,A
1053,40,18,6,5,1d8+4,1d6+4,40,16,7,3,1d10+4,1d8+4,9.0,B
1054,40,16,5,5,1d12+4,1d6+4,40,16,5,4,1d12+4,1d6+4,7.0,A
1055,40,14,6,3,1d8+4,1d6+4,40,18,8,5,1d8+4,1d6+4,1.0,B
1056,40,15,6,4,1d8+4,1d6+4,40,16,6,3,1d12+4,1d6+4,4.0,A
1057,40,15,6,5,1d10+4,1d6+4,40,14,7,3,1d8+4,1d6+4,8.0,A
1058,40,14,5,4,1d10+4,1d6+4,40,15,8,4,1d10+4,1d6+4,5.0,A
1059,40,17,5,4,1d8+4,1d8+4,40,14,8,4,1d8+4,1d6+4,2.0,A
1060,40,18,5,4,1d8+4,1d6+4,40,17,6,5,1d12+4,1d8+4,2.0,B
1061,40,16,6,3,1d8+4,1d6+4,40,15,7,4,1d12+4,1d8+4,7.0,B
1062,40,14,7,4,1d12+4,1d6+4,40,17,5,5,1d8+4,1d6+4,10.0,B
1063,40,18,6,5,1d10+4,1d8+4,40,18,6,3,1d8+4,1d6+4,2.0,A
1064,40,15,7,3,1d10+4,1d8+4,40,15,8,5,1d12+4,1d8+4,7.0,B
1065,40,14,6,3,1d12+4,1d6+4,40,17,5,3,1d10+4,1d6+4,2.0,A
1066,40,18,7,4,1d12+4,1d6+4,40,18,6,3,1d10+4,1d8+4,4.0,A
1067,40,18,5,5,1d8+4,1d8+4,40,16,7,3,1d8+4,1d6+4,10.0,A
1068,40,18,7,5,1d10+4,1d6+4,40,14,7,3,1d8+4,1d8+4,5.0,A
1069,40,17,7,4,1d8+4,1d8+4,40,16,6,5,1d10+4,1d6+4,6.0,B
1070,40,18,8,5,1d12+4,1d6+4,40,18,5,5,1d8+4,1d8+4,10.0,A
1071,40,15,5,5,1d10+4,1d8+4,40,15,6,4,1d12+4,1d6+4,7.0,A
1072,40,18,6,3,1d10+4,1d8+4,40,17,7,3,1d10+4,1d8+4,10.0,A
1073,40,16,8,4,1d8+4,1d6+4,40,17,8,3,1d8+4,1d6+4,5.0,A
1074,40,17,7,4,1d12+4,1d6+4,40,18,6,5,1d12+4,1d6+4,8.0,A
1075,40,14,5,3,1d8+4,1d6+4,40,17,8,5,1d8+4,1d6+4,0.0,B
1076,40,17,8,3,1d12+4,1d6+4,40,15,8,3,1d12+4,1d6+4,0.0,B
1077,40,17,5,4,1d12+4,1d6+4,40,18,7,3,1d10+4,1d6+4,2.0,B
1078,40,15,7,3,1d10+4,1d8+4,40,15,7,4,1d8+4,1d8+4,3.0,B
1079,40,16,7,5,1d12+4,1d6+4,40,17,8,5,1d8+4,1d6+4,10.0,B
1080,40,17,6,3,1d8+4,1d6+4,40,15,6,5,1d12+4,1d6+4,9.0,A
1081,40,15,6,3,1d10+4,1d6+4,40,18,7,4,1d12+4,1d8+4,8.0,B
1082,40,15,8,4,1d10+4,1d8+4,40,15,7,3,1d8+4,1d8+4,8.0,A
1083,40,16,5,3,1d8+4,1d6+4,40,17,7,5,1d12+4,1d6+4,2.0,A
1084,40,14,6,4,1d12+4,1d6+4,40,16,8,5,1d12+4,1d8+4,6.0,B
1085,40,16,5,5,1d8+4,1d6+4,40,15,6,5,1d10+4,1d6+4,5.0,B
1086,40,16,6,4,1d10+4,1d6+4,40,18,5,4,1d10+4,1d8+4,3.0,B
1087,40,15,8,3,1d10+4,1d6+4,40,14,5,3,1d12+4,1d8+4,0.0,B
1088,40,15,7,3,1d8+4,1d8+4,40,17,7,5,1d10+4,1d8+4,4.0,A
1089,40,16,5,4,1d10+4,1d8+4,40,17,6,4,1d10+4,1d8+4,10.0,A
1090,40,16,7,5,1d8+4,1d6+4,40,15,5,3,1d10+4,1d8+4,1.0,A
1091,40,16,7,5,1d8+4,1d8+4,40,14,8,3,1d12+4,1d6+4,4.0,B
1092,40,18,7,5,1d12+4,1d6+4,40,18,5,3,1d8+4,1d8+4,7.0,A
1093,40,18,5,5,1d10+4,1d6+4,40,18,7,5,1d12+4,1d8+4,9.0,B
1094,40,14,8,5,1d8+4,1d6+4,40,15,6,5,1d12+4,1d6+4,6.0,A
1095,40,15,6,5,1d10+4,1d8+4,40,15,8,3,1d10+4,1d6+4,7.0,B
1096,40,16,5,3,1d12+4,1d8+4,40,17,8,4,1d8+4,1d6+4,1.0,A
1097,40,16,7,3,1d12+4,1d8+4,40,18,8,5,1d10+4,1d6+4,9.0,A
1098,40,15,6,5,1d12+4,1d6+4,40,15,7,3,1d8+4,1d6+4,2.0,A
1099,40,16,7,4,1d8+4,1d8+4,40,14,7,4,1d8+4,1d8+4,2.0,A
1100,40,16,8,3,1d12+4,1d8+4,40,15,7,5,1d10+4,1d6+4,9.0,A
1101,40,15,7,3,1d12+4,1d6+4,40,16,7,3,1d8+4,1d6+4,7.0,A
1102,40,16,6,5,1d10+4,1d6+4,40,18,6,4,1d8+4,1d8+4,2.0,B
1103,40,14,5,5,1d10+4,1d8+4,40,14,6,5,1d8+4,1d8+4,1.0,B
1104,40,15,5,3,1d8+4,1d6+4,40,15,8,3,1d12+4,1d8+4,0.0,A
1105,40,18,5,5,1d12+4,1d6+4,40,16,6,5,1d8+4,1d6+4,4.0,B
1106,40,15,7,5,1d12+4,1d6+4,40,17,6,4,1d8+4,1d8+4,6.0,B
1107,40,16,6,3,1d8+4,1d6+4,40,14,7,4,1d8+4,1d6+4,5.0,B
1108,40,16,6,4,1d12+4,1d8+4,40,17,8,4,1d8+4,1d6+4,10.0,B
1109,40,14,6,5,1d8+4,1d8+4,40,16,7,4,1d12+4,1d6+4,1.0,A
1110,40,14,6,5,1d12+4,1d8+4,40,14,6,5,1d12+4,1d6+4,1.0,B
1111,40,14,6,3,1d10+4,1d6+4,40,18,6,3,1d8+4,1d8+4,6.0,A
1112,40,15,5,3,1d8+4,1d8+4,40,14,7,5,1d12+4,1d8+4,4.0,B
1113,40,15,7,3,1d8+4,1d6+4,40,17,8,5,1d10+4,1d6+4,7.0,A
1114,40,14,8,4,1d10+4,1d6+4,40,14,7,3,1d12+4,1d8+4,5.0,A
1115,40,15,8,3,1d8+4,1d8+4,40,14,7,5,1d12+4,1d8+4,6.0,A
1116,40,18,5,4,1d10+4,1d8+4,40,18,8,4,1d8+4,1d6+4,7.0,A
1117,40,18,8,4,1d10+4,1d6+4,40,18,6,5,1d8+4,1d8+4,5.0,B
1118,40,16,7,4,1d12+4,1d8+4,40,14,8,3,1d10+4,1d8+4,4.0,B
1119,40,18,6,5,1d12+4,1d6+4,40,14,5,5,1d12+4,1d6+4,5.0,A
1120,40,18,8,4,1d10+4,1d8+4,40,15,6,4,1d10+4,1d8+4,9.0,A
1121,40,14,7,5,1d12+4,1d6+4,40,17,7,5,1d10+4,1d8+4,8.0,B
1122,40,18,8,4,1d10+4,1d6+4,40,18,6,4,1d10+4,1d6+4,10.0,A
1123,40,18,5,3,1d10+4,1d8+4,40,15,6,5,1d10+4,1d6+4,1.0,B
1124,40,16,6,3,1d10+4,1d8+4,40,16,6,4,1d10+4,1d8+4,5.0,A
1125,40,14,7,3,1d8+4,1d6+4,40,15,7,5,1d12+4,1d8+4,1.0,B
1126,40,18,6,4,1d12+4,1d6+4,40,16,5,5,1d8+4,1d6+4,0.0,B
1127,40,17,5,4,1d12+4,1d6+4,40,16,6,5,1d12+4,1d8+4,10.0,A
1128,40,18,5,4,1d8+4,1d8+4,40,16,6,5,1d8+4,1d6+4,8.0,A
1129,40,14,5,5,1d12+4,1d8+4,40,14,6,3,1d12+4,1d6+4,1.0,A
1130,40,15,5,4,1d12+4,1d8+4,40,16,5,3,1d10+4,1d8+4,6.0,A
1131,40,16,8,4,1d10+4,1d6+4,40,18,5,3,1d8+4,1d8+4,7.0,A
1132,40,15,7,3,1d8+4,1d6+4,40,14,5,4,1d12+4,1d8+4,6.0,A
1133,40,17,5,3,1d8+4,1d8+4,40,14,6,3,1d10+4,1d8+4,8.0,B
1134,40,18,5,4,1d10+4,1d6+4,40,16,6,3,1d12+4,1d8+4,9.0,B
1135,40,17,8,5,1d10+4,1d8+4,40,15,6,4,1d10+4,1d8+4,1.0,A
1136,40,17,5,5,1d8+4,1d6+4,40,18,6,3,1d8+4,1d6+4,5.0,A
1137,40,17,7,5,1d10+4,1d8+4,40,15,7,3,1d10+4,1d8+4,0.0,B
1138,40,17,5,3,1d12+4,1d6+4,40,16,5,3,1d8+4,1d6+4,3.0,A
1139,40,16,6,5,1d10+4,1d8+4,40,14,8,4,1d12+4,1d6+4,7.0,B
1140,40,18,5,5,1d12+4,1d6+4,40,18,7,5,1d12+4,1d8+4,6.0,A
1141,40,15,7,5,1d8+4,1d6+4,40,17,8,3,1d8+4,1d6+4,2.0,A
1142,40,18,5,4,1d10+4,1d8+4,40,16,6,5,1d12+4,1d6+4,8.0,B
1143,40,14,8,3,1d8+4,1d8+4,40,18,6,4,1d12+4,1d6+4,5.0,A
1144,40,15,7,5,1d10+4,1d6+4,40,17,6,5,1d10+4,1d8+4,0.0,A
1145,40,16,8,3,1d12+4,1d8+4,40,18,6,4,1d12+4,1d6+4,2.0,A
1146,40,14,6,5,1d10+4,1d8+4,40,15,5,5,1d10+4,1d8+4,6.0,B
1147,40,14,5,4,1d8+4,1d6+4,40,17,5,4,1d10+4,1d6+4,2.0,B
1148,40,15,5,5,1d12+4,1d6+4,40,17,7,4,1d12+4,1d6+4,0.0,A
1149,40,14,8,4,1d12+4,1d6+4,40,16,6,4,1d8+4,1d6+4,5.0,A
1150,40,17,6,5,1d12+4,1d6+4,40,15,5,4,1d8+4,1d6+4,1.0,A
1151,40,15,6,5,1d8+4,1d8+4,40,15,5,5,1d10+4,1d8+4,3.0,B
1152,40,15,5,5,1d12+4,1d8+4,40,16,7,5,1d12+4,1d6+4,0.0,B
1153,40,18,7,4,1d8+4,1d8+4,40,14,7,3,1d8+4,1d6+4,7.0,A
1154,40,16,6,3,1d8+4,1d6+4,40,15,8,5,1d8+4,1d8+4,7.0,B
1155,40,16,8,5,1d10+4,1d6+4,40,16,7,3,1d8+4,1d8+4,6.0,A
1156,40,15,7,3,1d8+4,1d8+4,40,18,7,5,1d10+4,1d6+4,1.0,B
1157,40,17,6,4,1d8+4,1d6+4,40,15,7,5,1d12+4,1d8+4,5.0,A
1158,40,15,7,3,1d12+4,1d8+4,40,18,5,4,1d10+4,1d8+4,7.0,A
1159,40,18,5,4,1d12+4,1d6+4,40,17,5,5,1d12+4,1d6+4,9.0,A
1160,40,18,8,5,1d10+4,1d6+4,40,16,7,5,1d10+4,1d8+4,5.0,A
1161,40,16,8,4,1d8+4,1d6+4,40,15,5,5,1d8+4,1d6+4,1.0,A
1162,40,15,7,5,1d12+4,1d8+4,40,16,6,3,1d12+4,1d8+4,3.0,A
1163,40,15,5,5,1d10+4,1d6+4,40,16,8,3,1d10+4,1d6+4,3.0,A
1164,40,17,7,3,1d10+4,1d6+4,40,18,7,4,1d8+4,1d6+4,3.0,B
1165,40,16,6,5,1d10+4,1d6+4,40,18,6,3,1d8+4,1d8+4,5.0,B
1166,40,16,5,4,1d12+4,1d8+4,40,16,6,4,1d10+4,1d6+4,4.0,A
1167,40,17,6,5,1d10+4,1d8+4,40,18,6,5,1d12+4,1d8+4,5.0,B
1168,40,14,7,3,1d12+4,1d6+4,40,17,8,3,1d12+4,1d6+4,4.0,B
1169,40,18,6,4,1d12+4,1d6+4,40,15,8,3,1d8+4,1d8+4,8.0,A
1170,40,16,7,4,1d8+4,1d8+4,40,17,5,4,1d8+4,1d6+4,3.0,B
1171,40,18,6,5,1d12+4,1d6+4,40,18,6,5,1d10+4,1d8+4,1.0,B
1172,40,18,7,5,1d12+4,1d8+4,40,14,6,3,1d12+4,1d6+4,1.0,A
1173,40,18,5,3,1d10+4,1d6+4,40,15,5,3,1d10+4,1d6+4,5.0,A
1174,40,18,8,4,1d10+4,1d8+4,40,16,8,3,1d8+4,1d8+4,1.0,B
1175,40,17,6,4,1d12+4,1d6+4,40,15,7,3,1d8+4,1d6+4,1.0,A
1176,40,15,6,4,1d10+4,1d8+4,40,16,7,3,1d10+4,1d8+4,9.0,B
1177,40,15,5,5,1d10+4,1d8+4,40,15,6,4,1d12+4,1d8+4,6.0,B
1178,40,17,8,4,1d8+4,1d6+4,40,18,8,3,1d10+4,1d6+4,10.0,A
1179,40,17,8,3,1d8+4,1d6+4,40,14,6,3,1d10+4,1d6+4,8.0,A
1180,40,15,8,3,1d8+4,1d6+4,40,15,8,4,1d12+4,1d8+4,9.0,A
1181,40,18,6,3,1d8+4,1d8+4,40,14,8,3,1d10+4,1d6+4,2.0,B
1182,40,15,7,5,1d12+4,1d6+4,40,18,6,3,1d12+4,1d6+4,5.0,A
1183,40,17,8,3,1d10+4,1d6+4,40,15,8,3,1d12+4,1d8+4,7.0,A
1184,40,16,8,4,1d8+4,1d8+4,40,14,5,5,1d8+4,1d8+4,7.0,B
1185,40,18,7,3,1d12+4,1d8+4,40,15,5,4,1d10+4,1d6+4,8.0,A
1186,40,18,8,5,1d12+4,1d6+4,40,14,7,3,1d10+4,1d6+4,8.0,A
1187,40,15,6,3,1d10+4,1d8+4,40,16,5,5,1d10+4,1d6+4,4.0,B
1188,40,15,7,5,1d8+4,1d6+4,40,17,5,3,1d10+4,1d8+4,7.0,A
1189,40,17,8,4,1d8+4,1d6+4,40,14,5,3,1d10+4,1d6+4,1.0,A
1190,40,14,8,4,1d10+4,1d8+4,40,18,7,3,1d12+4,1d8+4,2.0,B
1191,40,14,6,4,1d10+4,1d8+4,40,18,5,3,1d10+4,1d6+4,5.0,A
1192,40,15,8,3,1d10+4,1d6+4,40,18,8,4,1d10+4,1d6+4,5.0,B
1193,40,14,7,4,1d8+4,1d8+4,40,16,6,3,1d8+4,1d8+4,4.0,A
1194,40,15,8,3,1d10+4,1d6+4,40,14,7,5,1d10+4,1d6+4,1.0,B
1195,40,16,6,5,1d8+4,1d8+4,40,17,5,4,1d10+4,1d8+4,8.0,B
1196,40,16,8,3,1d10+4,1d6+4,40,17,8,4,1d10+4,1d8+4,6.0,A
1197,40,18,8,5,1d12+4,1d6+4,40,18,6,4,1d8+4,1d6+4,6.0,A
1198,40,14,8,4,1d10+4,1d8+4,40,16,6,5,1d10+4,1d8+4,0.0,A
1199,40,17,8,4,1d10+4,1d6+4,40,14,8,4,1d8+4,1d6+4,6.0,A
1200,40,16,7,3,1d12+4,1d6+4,40,17,5,4,1d12+4,1d8+4,10.0,A
1201,40,18,8,5,1d12+4,1d6+4,40,18,5,3,1d8+4,1d6+4,8.0,A
1202,40,16,8,4,1d10+4,1d6+4,40,18,6,3,1d12+4,1d8+4,2.0,B
1203,40,16,5,5,1d10+4,1d6+4,40,16,8,4,1d12+4,1d8+4,1.0,A
1204,40,18,8,3,1d10+4,1d8+4,40,17,7,3,1d10+4,1d8+4,10.0,A
1205,40,18,7,5,1d8+4,1d8+4,40,16,5,5,1d12+4,1d8+4,2.0,B
1206,40,17,8,4,1d8+4,1d6+4,40,15,6,3,1d10+4,1d8+4,4.0,A
1207,40,16,6,4,1d8+4,1d6+4,40,14,8,4,1d10+4,1d8+4,0.0,A
1208,40,18,6,5,1d12+4,1d8+4,40,15,8,4,1d12+4,1d8+4,2.0,B
1209,40,14,7,3,1d12+4,1d6+4,40,15,6,3,1d8+4,1d8+4,8.0,B
1210,40,14,7,4,1d10+4,1d8+4,40,16,5,5,1d10+4,1d6+4,0.0,B
1211,40,16,5,5,1d12+4,1d6+4,40,17,7,5,1d8+4,1d8+4,1.0,B
1212,40,15,6,5,1d8+4,1d8+4,40,16,7,5,1d12+4,1d6+4,3.0,B
1213,40,18,7,4,1d12+4,1d6+4,40,15,7,3,1d10+4,1d6+4,5.0,B
1214,40,16,8,3,1d10+4,1d8+4,40,16,8,4,1d10+4,1d6+4,4.0,B
1215,40,18,7,5,1d8+4,1d6+4,40,18,8,3,1d8+4,1d8+4,10.0,A
1216,40,15,6,3,1d12+4,1d8+4,40,14,7,4,1d12+4,1d6+4,8.0,B
1217,40,16,6,4,1d8+4,1d8+4,40,16,8,5,1d10+4,1d8+4,0.0,A
1218,40,16,8,3,1d8+4,1d6+4,40,17,5,3,1d12+4,1d8+4,4.0,B
1219,40,18,5,5,1d12+4,1d8+4,40,18,8,4,1d10+4,1d6+4,5.0,B
1220,40,15,5,4,1d8+4,1d6+4,40,17,7,4,1d8+4,1d6+4,1.0,B
1221,40,14,8,3,1d10+4,1d8+4,40,15,7,3,1d12+4,1d6+4,6.0,B
1222,40,15,6,4,1d8+4,1d8+4,40,15,6,3,1d8+4,1d6+4,2.0,A
1223,40,15,6,3,1d10+4,1d6+4,40,17,8,3,1d8+4,1d6+4,5.0,B
1224,40,15,7,4,1d10+4,1d6+4,40,16,5,3,1d12+4,1d6+4,8.0,B
1225,40,17,6,3,1d8+4,1d6+4,40,18,7,3,1d10+4,1d8+4,3.0,B
1226,40,16,8,3,1d8+4,1d8+4,40,15,6,5,1d12+4,1d6+4,2.0,A
1227,40,15,6,5,1d10+4,1d6+4,40,18,7,4,1d8+4,1d8+4,7.0,A
1228,40,16,8,4,1d8+4,1d8+4,40,17,5,4,1d8+4,1d6+4,5.0,A
1229,40,16,7,5,1d10+4,1d6+4,40,18,7,5,1d12+4,1d6+4,7.0,A
1230,40,14,5,3,1d12+4,1d6+4,40,18,6,3,1d10+4,1d8+4,9.0,B
1231,40,15,6,5,1d8+4,1d6+4,40,16,8,5,1d8+4,1d8+4,9.0,B
1232,40,17,6,5,1d10+4,1d8+4,40,14,6,4,1d12+4,1d8+4,4.0,A
1233,40,18,8,3,1d8+4,1d8+4,40,15,6,3,1d12+4,1d6+4,5.0,B
1234,40,18,5,4,1d12+4,1d6+4,40,14,7,3,1d8+4,1d6+4,8.0,B
1235,40,14,8,3,1d10+4,1d6+4,40,17,6,4,1d12+4,1d6+4,10.0,B
1236,40,16,6,3,1d10+4,1d8+4,40,17,7,5,1d12+4,1d6+4,9.0,A
1237,40,15,6,5,1d12+4,1d8+4,40,15,7,4,1d10+4,1d8+4,0.0,A
1238,40,14,7,4,1d8+4,1d6+4,40,14,7,3,1d10+4,1d8+4,3.0,B
1239,40,14,5,4,1d10+4,1d6+4,40,14,7,4,1d10+4,1d8+4,8.0,B
1240,40,17,6,3,1d8+4,1d6+4,40,14,8,4,1d12+4,1d8+4,5.0,B
1241,40,17,6,4,1d8+4,1d8+4,40,18,5,4,1d8+4,1d6+4,7.0,B
1242,40,15,6,3,1d12+4,1d8+4,40,14,5,3,1d12+4,1d6+4,2.0,A
1243,40,14,6,3,1d12+4,1d8+4,40,16,8,5,1d12+4,1d6+4,10.0,B
1244,40,17,7,5,1d10+4,1d6+4,40,18,7,3,1d8+4,1d8+4,1.0,A
1245,40,17,8,3,1d12+4,1d6+4,40,16,8,4,1d12+4,1d6+4,3.0,A
1246,40,17,5,5,1d10+4,1d8+4,40,17,5,3,1d10+4,1d8+4,6.0,A
1247,40,17,8,5,1d10+4,1d8+4,40,15,5,4,1d12+4,1d8+4,2.0,A
1248,40,18,5,3,1d12+4,1d6+4,40,15,8,4,1d10+4,1d8+4,2.0,B
1249,40,14,8,5,1d12+4,1d6+4,40,15,5,5,1d12+4,1d8+4,4.0,B
1250,40,14,5,4,1d8+4,1d6+4,40,17,7,5,1d10+4,1d6+4,0.0,A
1251,40,16,7,4,1d8+4,1d6+4,40,16,7,4,1d12+4,1d8+4,8.0,A
1252,40,15,6,4,1d8+4,1d8+4,40,18,7,3,1d10+4,1d8+4,5.0,A
1253,40,18,6,5,1d10+4,1d6+4,40,16,8,5,1d8+4,1d6+4,4.0,B
1254,40,14,6,5,1d10+4,1d8+4,40,18,5,4,1d8+4,1d6+4,4.0,B
1255,40,18,6,3,1d10+4,1d8+4,40,16,5,5,1d12+4,1d6+4,2.0,B
1256,40,14,6,5,1d12+4,1d6+4,40,17,6,5,1d12+4,1d6+4,2.0,A
1257,40,16,7,5,1d10+4,1d6+4,40,18,7,5,1d8+4,1d8+4,7.0,A
1258,40,17,8,4,1d10+4,1d6+4,40,18,8,3,1d8+4,1d8+4,10.0,A
1259,40,14,5,5,1d12+4,1d6+4,40,17,6,3,1d8+4,1d6+4,8.0,B
1260,40,15,8,3,1d12+4,1d8+4,40,18,6,5,1d8+4,1d6+4,3.0,A
1261,40,16,7,5,1d10+4,1d8+4,40,15,6,3,1d8+4,1d8+4,0.0,A
1262,40,14,7,3,1d10+4,1d8+4,40,16,8,4,1d8+4,1d6+4,5.0,A
1263,40,18,6,5,1d10+4,1d6+4,40,18,5,5,1d12+4,1d8+4,4.0,A
1264,40,18,7,3,1d10+4,1d8+4,40,15,5,3,1d10+4,1d6+4,2.0,A
1265,40,14,7,3,1d10+4,1d8+4,40,14,5,3,1d8+4,1d6+4,7.0,B
1266,40,14,6,3,1d8+4,1d8+4,40,14,5,5,1d10+4,1d6+4,0.0,B
1267,40,14,5,4,1d8+4,1d6+4,40,18,6,3,1d8+4,1d8+4,8.0,B
1268,40,17,7,4,1d12+4,1d8+4,40,16,8,4,1d8+4,1d6+4,2.0,A
1269,40,14,6,3,1d8+4,1d6+4,40,14,8,4,1d10+4,1d8+4,0.0,A
1270,40,17,7,5,1d12+4,1d8+4,40,14,8,3,1d8+4,1d8+4,10.0,A
1271,40,14,7,5,1d12+4,1d6+4,40,17,5,3,1d8+4,1d6+4,7.0,A
1272,40,16,7,4,1d12+4,1d8+4,40,17,5,4,1d12+4,1d8+4,3.0,A
1273,40,14,8,3,1d12+4,1d8+4,40,14,8,5,1d12+4,1d6+4,5.0,A
1274,40,15,7,4,1d12+4,1d6+4,40,16,6,4,1d12+4,1d8+4,4.0,A
1275,40,16,7,3,1d8+4,1d8+4,40,18,8,3,1d8+4,1d6+4,9.0,A
1276,40,18,5,3,1d8+4,1d6+4,40,15,7,4,1d8+4,1d8+4,0.0,A
1277,40,14,8,4,1d8+4,1d6+4,40,15,7,3,1d12+4,1d6+4,1.0,A
1278,40,16,8,4,1d8+4,1d8+4,40,14,7,3,1d8+4,1d6+4,2.0,A
1279,40,16,7,4,1d10+4,1d6+4,40,18,5,3,1d8+4,1d8+4,6.0,A
1280,40,18,8,5,1d12+4,1d6+4,40,18,8,3,1d12+4,1d8+4,0.0,A
1281,40,16,7,4,1d10+4,1d8+4,40,17,7,4,1d12+4,1d6+4,7.0,A
1282,40,14,6,5,1d10+4,1d8+4,40,18,8,3,1d10+4,1d6+4,3.0,B
1283,40,14,6,3,1d8+4,1d8+4,40,14,5,5,1d8+4,1d6+4,0.0,A
1284,40,14,5,3,1d12+4,1d8+4,40,14,8,5,1d12+4,1d8+4,5.0,A
1285,40,18,7,3,1d8+4,1d6+4,40,18,6,3,1d10+4,1d6+4,4.0,B
1286,40,16,6,5,1d10+4,1d6+4,40,17,7,3,1d8+4,1d8+4,10.0,A
1287,40,17,8,5,1d12+4,1d6+4,40,17,7,3,1d12+4,1d8+4,5.0,B
1288,40,18,6,5,1d8+4,1d6+4,40,18,6,4,1d12+4,1d8+4,6.0,B
1289,40,18,6,3,1d8+4,1d6+4,40,18,5,3,1d10+4,1d6+4,1.0,A
1290,40,15,6,5,1d10+4,1d6+4,40,17,6,3,1d12+4,1d6+4,7.0,A
1291,40,14,5,5,1d10+4,1d8+4,40,18,6,4,1d10+4,1d6+4,6.0,B
1292,40,14,5,4,1d12+4,1d6+4,40,17,8,5,1d10+4,1d8+4,1.0,A
1293,40,15,8,3,1d10+4,1d8+4,40,17,6,4,1d12+4,1d6+4,2.0,B
1294,40,16,8,3,1d12+4,1d6+4,40,16,5,4,1d10+4,1d8+4,0.0,B
1295,40,14,8,5,1d10+4,1d8+4,40,17,6,4,1d10+4,1d8+4,10.0,B
1296,40,16,8,4,1d8+4,1d8+4,40,16,6,5,1d12+4,1d6+4,9.0,B
1297,40,16,6,5,1d8+4,1d6+4,40,18,7,3,1d10+4,1d8+4,6.0,B
1298,40,16,8,5,1d10+4,1d6+4,40,14,8,4,1d8+4,1d6+4,5.0,A
1299,40,14,6,3,1d12+4,1d8+4,40,16,8,4,1d12+4,1d8+4,7.0,A
1300,40,16,5,4,1d8+4,1d8+4,40,18,5,4,1d10+4,1d8+4,0.0,B
1301,40,17,8,3,1d12+4,1d8+4,40,18,5,5,1d10+4,1d8+4,1.0,A
1302,40,17,6,3,1d8+4,1d6+4,40,18,7,4,1d8+4,1d8+4,7.0,B
1303,40,17,8,3,1d12+4,1d6+4,40,14,6,5,1d8+4,1d6+4,10.0,A
1304,40,17,7,5,1d10+4,1d6+4,40,17,8,3,1d10+4,1d8+4,0.0,A
1305,40,16,7,3,1d10+4,1d8+4,40,18,5,4,1d12+4,1d8+4,3.0,B
1306,40,16,5,4,1d8+4,1d6+4,40,15,7,3,1d10+4,1d8+4,1.0,A
1307,40,16,5,3,1d10+4,1d6+4,40,17,8,3,1d12+4,1d8+4,1.0,B
1308,40,17,5,5,1d8+4,1d6+4,40,18,5,3,1d10+4,1d8+4,10.0,B
1309,40,16,6,5,1d10+4,1d6+4,40,15,8,3,1d10+4,1d8+4,6.0,A
1310,40,16,5,5,1d10+4,1d8+4,40,17,6,4,1d12+4,1d8+4,4.0,A
1311,40,14,6,4,1d8+4,1d6+4,40,17,5,3,1d8+4,1d6+4,5.0,B
1312,40,17,8,3,1d8+4,1d6+4,40,14,6,5,1d8+4,1d6+4,5.0,A
1313,40,17,5,5,1d8+4,1d6+4,40,15,5,5,1d8+4,1d6+4,7.0,A
1314,40,16,7,4,1d10+4,1d6+4,40,15,5,5,1d10+4,1d6+4,8.0,B
1315,40,18,7,3,1d8+4,1d8+4,40,14,8,5,1d10+4,1d8+4,5.0,B
1316,40,17,5,4,1d10+4,1d6+4,40,18,6,3,1d8+4,1d8+4,7.0,A
1317,40,18,5,3,1d10+4,1d8+4,40,14,7,5,1d10+4,1d8+4,7.0,B
1318,40,18,8,3,1d8+4,1d6+4,40,14,8,4,1d10+4,1d8+4,4.0,A
1319,40,14,7,4,1d10+4,1d8+4,40,14,5,3,1d10+4,1d8+4,0.0,B
1320,40,16,5,5,1d8+4,1d8+4,40,15,5,5,1d12+4,1d6+4,3.0,B
1321,40,14,6,3,1d10+4,1d8+4,40,17,7,3,1d12+4,1d8+4,9.0,B
1322,40,15,5,4,1d12+4,1d6+4,40,16,8,5,1d12+4,1d6+4,4.0,A
1323,40,14,5,3,1d12+4,1d6+4,40,15,8,5,1d10+4,1d6+4,6.0,B
1324,40,17,7,5,1d12+4,1d6+4,40,18,5,3,1d8+4,1d6+4,3.0,A
1325,40,15,5,4,1d12+4,1d8+4,40,16,7,4,1d8+4,1d6+4,10.0,B
1326,40,17,5,4,1d8+4,1d6+4,40,16,7,5,1d12+4,1d8+4,8.0,B
1327,40,14,8,3,1d8+4,1d8+4,40,16,7,4,1d10+4,1d8+4,3.0,A
1328,40,14,5,4,1d12+4,1d6+4,40,15,6,3,1d8+4,1d6+4,2.0,B
1329,40,17,5,5,1d12+4,1d8+4,40,15,5,4,1d12+4,1d8+4,1.0,A
1330,40,17,5,3,1d12+4,1d6+4,40,16,5,3,1d10+4,1d8+4,2.0,B
1331,40,18,8,4,1d8+4,1d8+4,40,15,6,3,1d12+4,1d8+4,1.0,B
1332,40,14,6,5,1d10+4,1d8+4,40,18,6,3,1d12+4,1d8+4,7.0,B
1333,40,16,8,5,1d8+4,1d6+4,40,17,7,3,1d8+4,1d8+4,9.0,B
1334,40,18,7,4,1d10+4,1d6+4,40,15,8,5,1d12+4,1d8+4,1.0,B
1335,40,15,7,5,1d8+4,1d8+4,40,16,6,4,1d8+4,1d6+4,0.0,A
1336,40,17,5,5,1d8+4,1d8+4,40,17,5,4,1d12+4,1d6+4,7.0,A
1337,40,16,8,5,1d8+4,1d8+4,40,15,7,5,1d12+4,1d8+4,6.0,A
1338,40,18,5,4,1d10+4,1d8+4,40,17,5,3,1d12+4,1d8+4,7.0,B
1339,40,16,5,4,1d8+4,1d6+4,40,18,8,5,1d8+4,1d6+4,2.0,B
1340,40,18,6,5,1d10+4,1d8+4,40,15,7,3,1d8+4,1d8+4,1.0,A
1341,40,15,8,4,1d12+4,1d6+4,40,14,6,5,1d8+4,1d8+4,9.0,A
1342,40,16,6,3,1d10+4,1d6+4,40,17,6,3,1d10+4,1d8+4,2.0,B
1343,40,14,6,4,1d8+4,1d8+4,40,17,8,5,1d8+4,1d6+4,4.0,B
1344,40,18,6,5,1d10+4,1d6+4,40,18,5,4,1d12+4,1d8+4,9.0,B
1345,40,16,6,5,1d10+4,1d6+4,40,16,6,5,1d8+4,1d6+4,0.0,A
1346,40,18,8,4,1d8+4,1d6+4,40,17,5,5,1d10+4,1d6+4,10.0,A
1347,40,17,8,4,1d8+4,1d8+4,40,16,6,3,1d10+4,1d8+4,1.0,A
1348,40,18,6,4,1d8+4,1d8+4,40,15,5,4,1d10+4,1d8+4,2.0,A
1349,40,17,7,5,1d8+4,1d8+4,40,16,8,4,1d8+4,1d6+4,0.0,B
1350,40,15,7,3,1d8+4,1d6+4,40,18,6,3,1d8+4,1d8+4,1.0,B
1351,40,18,8,5,1d12+4,1d8+4,40,18,5,5,1d12+4,1d6+4,1.0,A
1352,40,17,8,5,1d8+4,1d6+4,40,17,8,4,1d12+4,1d8+4,3.0,B
1353,40,15,6,3,1d8+4,1d6+4,40,15,5,3,1d10+4,1d6+4,3.0,A
1354,40,14,5,3,1d8+4,1d8+4,40,17,5,4,1d10+4,1d6+4,5.0,A
1355,40,14,7,5,1d12+4,1d8+4,40,14,8,5,1d8+4,1d8+4,7.0,A
1356,40,14,7,3,1d8+4,1d6+4,40,17,5,3,1d8+4,1d6+4,5.0,A
1357,40,15,5,4,1d12+4,1d8+4,40,18,6,5,1d12+4,1d8+4,10.0,B
1358,40,18,7,5,1d8+4,1d8+4,40,15,8,4,1d8+4,1d8+4,4.0,A
1359,40,18,6,5,1d10+4,1d6+4,40,18,8,3,1d10+4,1d8+4,6.0,B
1360,40,14,6,5,1d10+4,1d6+4,40,17,6,5,1d12+4,1d8+4,5.0,B
1361,40,18,5,3,1d10+4,1d8+4,40,17,7,4,1d10+4,1d8+4,5.0,B
1362,40,17,8,5,1d12+4,1d8+4,40,17,5,4,1d8+4,1d8+4,5.0,A
1363,40,15,5,3,1d10+4,1d6+4,40,14,8,4,1d12+4,1d6+4,1.0,A
1364,40,17,8,5,1d10+4,1d6+4,40,15,7,5,1d8+4,1d6+4,6.0,A
1365,40,16,5,5,1d12+4,1d8+4,40,16,7,3,1d8+4,1d6+4,1.0,A
1366,40,18,6,3,1d8+4,1d6+4,40,16,7,3,1d8+4,1d8+4,4.0,A
1367,40,15,5,3,1d12+4,1d6+4,40,18,7,3,1d8+4,1d8+4,7.0,B
1368,40,18,7,5,1d12+4,1d6+4,40,16,7,5,1d10+4,1d6+4,0.0,A
1369,40,16,7,5,1d12+4,1d8+4,40,16,6,4,1d12+4,1d8+4,4.0,B
1370,40,14,5,3,1d12+4,1d6+4,40,17,7,3,1d12+4,1d8+4,10.0,B
1371,40,15,5,5,1d8+4,1d8+4,40,18,7,3,1d10+4,1d8+4,3.0,B
1372,40,15,7,3,1d8+4,1d8+4,40,16,8,3,1d10+4,1d8+4,5.0,B
1373,40,18,6,4,1d12+4,1d6+4,40,16,7,4,1d10+4,1d6+4,2.0,A
1374,40,15,8,3,1d10+4,1d6+4,40,16,8,5,1d8+4,1d6+4,2.0,B
1375,40,17,5,5,1d12+4,1d6+4,40,17,8,5,1d10+4,1d8+4,6.0,A
1376,40,16,7,3,1d8+4,1d6+4,40,17,5,4,1d8+4,1d6+4,5.0,B
1377,40,15,6,5,1d10+4,1d6+4,40,18,7,5,1d8+4,1d6+4,1.0,B
1378,40,15,6,3,1d12+4,1d6+4,40,15,5,5,1d12+4,1d8+4,0.0,B
1379,40,15,7,5,1d10+4,1d6+4,40,16,8,3,1d12+4,1d8+4,3.0,B
1380,40,15,5,3,1d10+4,1d8+4,40,15,8,5,1d8+4,1d6+4,6.0,A
1381,40,15,8,4,1d8+4,1d8+4,40,14,6,3,1d12+4,1d6+4,8.0,B
1382,40,16,8,3,1d10+4,1d8+4,40,14,8,3,1d12+4,1d6+4,3.0,B
1383,40,14,5,4,1d8+4,1d8+4,40,16,8,3,1d10+4,1d8+4,5.0,B
1384,40,15,5,4,1d10+4,1d6+4,40,15,7,4,1d10+4,1d6+4,8.0,A
1385,40,15,6,3,1d12+4,1d8+4,40,14,8,5,1d8+4,1d8+4,7.0,B
1386,40,15,6,3,1d10+4,1d8+4,40,18,5,5,1d10+4,1d8+4,4.0,B
1387,40,17,5,5,1d12+4,1d6+4,40,18,6,4,1d10+4,1d6+4,7.0,A
1388,40,15,5,4,1d12+4,1d8+4,40,16,8,3,1d10+4,1d6+4,7.0,B
1389,40,18,7,3,1d12+4,1d6+4,40,16,5,5,1d10+4,1d8+4,4.0,B
1390,40,14,5,4,1d12+4,1d8+4,40,18,7,3,1d12+4,1d6+4,1.0,B
1391,40,16,8,4,1d12+4,1d6+4,40,14,5,3,1d8+4,1d8+4,5.0,A
1392,40,14,6,3,1d8+4,1d8+4,40,17,5,3,1d10+4,1d8+4,7.0,B
1393,40,18,5,3,1d10+4,1d8+4,40,15,6,5,1d12+4,1d8+4,5.0,A
1394,40,17,7,3,1d8+4,1d8+4,40,16,8,4,1d8+4,1d6+4,1.0,A
1395,40,18,8,3,1d10+4,1d8+4,40,15,6,3,1d10+4,1d6+4,3.0,B
1396,40,18,6,5,1d10+4,1d6+4,40,18,8,4,1d10+4,1d6+4,0.0,A
1397,40,14,5,5,1d10+4,1d6+4,40,17,7,4,1d8+4,1d6+4,7.0,B
1398,40,14,6,4,1d10+4,1d8+4,40,15,8,3,1d10+4,1d8+4,10.0,A
1399,40,15,7,4,1d10+4,1d8+4,40,17,5,3,1d10+4,1d8+4,2.0,A
1400,40,16,5,4,1d8+4,1d8+4,40,18,5,3,1d10+4,1d8+4,7.0,B
1401,40,17,8,3,1d12+4,1d6+4,40,18,8,3,1d8+4,1d6+4,5.0,A
1402,40,14,7,4,1d8+4,1d8+4,40,16,8,5,1d10+4,1d8+4,9.0,B
1403,40,16,6,3,1d10+4,1d6+4,40,14,6,4,1d10+4,1d6+4,0.0,A
1404,40,15,6,4,1d12+4,1d8+4,40,16,8,3,1d12+4,1d6+4,5.0,A
1405,40,17,8,3,1d12+4,1d8+4,40,14,5,3,1d10+4,1d8+4,9.0,A
1406,40,15,5,4,1d10+4,1d8+4,40,18,8,3,1d8+4,1d8+4,10.0,A
1407,40,14,7,4,1d8+4,1d8+4,40,15,7,3,1d8+4,1d6+4,7.0,A
1408,40,18,8,3,1d10+4,1d6+4,40,17,6,4,1d12+4,1d8+4,6.0,A
1409,40,18,5,5,1d10+4,1d8+4,40,17,5,4,1d8+4,1d8+4,5.0,A
1410,40,17,7,5,1d8+4,1d8+4,40,16,5,5,1d8+4,1d8+4,4.0,A
1411,40,14,8,3,1d8+4,1d6+4,40,18,8,5,1d12+4,1d6+4,4.0,A
1412,40,18,6,4,1d10+4,1d6+4,40,14,8,3,1d10+4,1d8+4,4.0,B
1413,40,16,8,3,1d10+4,1d6+4,40,18,5,4,1d12+4,1d8+4,6.0,A
1414,40,15,5,3,1d8+4,1d8+4,40,17,6,5,1d12+4,1d8+4,3.0,A
1415,40,14,8,5,1d8+4,1d6+4,40,17,8,5,1d10+4,1d8+4,5.0,B
1416,40,14,7,3,1d10+4,1d8+4,40,16,5,3,1d8+4,1d6+4,6.0,B
1417,40,17,8,3,1d12+4,1d8+4,40,18,7,3,1d10+4,1d6+4,10.0,A
1418,40,14,7,3,1d8+4,1d6+4,40,14,5,5,1d10+4,1d8+4,0.0,A
1419,40,17,8,4,1d8+4,1d6+4,40,16,5,4,1d12+4,1d6+4,7.0,A
1420,40,18,8,5,1d10+4,1d8+4,40,14,7,5,1d10+4,1d8+4,9.0,A
1421,40,16,6,3,1d12+4,1d8+4,40,14,8,5,1d12+4,1d8+4,8.0,A
1422,40,14,5,4,1d10+4,1d6+4,40,16,6,4,1d10+4,1d6+4,6.0,A
1423,40,17,5,4,1d12+4,1d8+4,40,15,6,4,1d10+4,1d6+4,0.0,A
1424,40,14,6,3,1d10+4,1d6+4,40,17,6,4,1d12+4,1d8+4,2.0,A
1425,40,14,7,5,1d8+4,1d8+4,40,14,5,5,1d12+4,1d6+4,2.0,A
1426,40,18,7,5,1d12+4,1d6+4,40,16,7,4,1d10+4,1d8+4,3.0,A
1427,40,16,8,5,1d10+4,1d6+4,40,17,6,3,1d10+4,1d8+4,6.0,A
1428,40,14,5,4,1d10+4,1d8+4,40,16,8,4,1d10+4,1d6+4,10.0,A
1429,40,16,7,3,1d12+4,1d8+4,40,18,7,3,1d10+4,1d6+4,8.0,B
1430,40,18,8,5,1d8+4,1d8+4,40,14,7,3,1d12+4,1d8+4,3.0,A
1431,40,17,5,3,1d10+4,1d6+4,40,17,8,4,1d8+4,1d6+4,0.0,A
1432,40,15,6,5,1d10+4,1d8+4,40,14,5,3,1d10+4,1d8+4,3.0,A
1433,40,16,5,4,1d10+4,1d8+4,40,14,5,5,1d12+4,1d6+4,0.0,A
1434,40,16,6,3,1d8+4,1d8+4,40,16,6,3,1d8+4,1d8+4,7.0,B
1435,40,17,7,5,1d12+4,1d8+4,40,18,7,4,1d10+4,1d8+4,7.0,A
1436,40,17,6,5,1d8+4,1d6+4,40,15,8,5,1d8+4,1d8+4,8.0,A
1437,40,16,5,3,1d10+4,1d8+4,40,15,8,4,1d12+4,1d6+4,7.0,A
1438,40,15,6,5,1d12+4,1d6+4,40,18,8,5,1d12+4,1d8+4,7.0,B
1439,40,15,5,5,1d10+4,1d6+4,40,18,5,4,1d10+4,1d6+4,7.0,B
1440,40,14,7,4,1d12+4,1d8+4,40,18,5,5,1d12+4,1d6+4,9.0,B
1441,40,18,5,4,1d12+4,1d6+4,40,18,7,4,1d12+4,1d8+4,6.0,B
1442,40,16,6,3,1d12+4,1d6+4,40,16,7,3,1d8+4,1d8+4,2.0,A
1443,40,16,6,3,1d12+4,1d6+4,40,15,7,3,1d12+4,1d6+4,4.0,B
1444,40,14,8,5,1d10+4,1d8+4,40,17,7,5,1d8+4,1d6+4,1.0,B
1445,40,16,6,5,1d10+4,1d6+4,40,14,8,4,1d12+4,1d6+4,2.0,B
1446,40,17,7,3,1d10+4,1d6+4,40,16,8,4,1d10+4,1d6+4,9.0,B
1447,40,17,8,4,1d8+4,1d6+4,40,17,6,4,1d10+4,1d6+4,9.0,B
1448,40,14,6,3,1d10+4,1d6+4,40,17,5,3,1d10+4,1d6+4,8.0,B
1449,40,16,5,4,1d8+4,1d6+4,40,16,7,4,1d12+4,1d8+4,2.0,A
1450,40,15,6,4,1d10+4,1d8+4,40,14,8,3,1d12+4,1d6+4,7.0,A
1451,40,18,6,5,1d8+4,1d8+4,40,17,8,5,1d10+4,1d8+4,5.0,A
1452,40,15,5,5,1d8+4,1d6+4,40,16,5,4,1d12+4,1d6+4,4.0,B
1453,40,14,8,4,1d10+4,1d6+4,40,17,8,5,1d8+4,1d8+4,0.0,A
1454,40,17,8,5,1d8+4,1d8+4,40,16,5,4,1d8+4,1d8+4,1.0,A
1455,40,15,5,5,1d10+4,1d8+4,40,14,7,3,1d10+4,1d6+4,7.0,B
1456,40,16,6,3,1d8+4,1d6+4,40,17,6,5,1d8+4,1d6+4,6.0,A
1457,40,17,8,5,1d12+4,1d8+4,40,16,8,4,1d10+4,1d8+4,9.0,A
1458,40,15,8,4,1d10+4,1d8+4,40,16,7,4,1d12+4,1d6+4,7.0,A
1459,40,14,5,3,1d10+4,1d6+4,40,16,5,4,1d10+4,1d8+4,0.0,B
1460,40,17,5,5,1d8+4,1d6+4,40,15,6,5,1d12+4,1d6+4,1.0,A
1461,40,15,5,4,1d10+4,1d8+4,40,16,5,3,1d8+4,1d6+4,5.0,A
1462,40,14,8,4,1d8+4,1d8+4,40,14,6,3,1d10+4,1d8+4,0.0,A
1463,40,17,8,3,1d10+4,1d8+4,40,18,8,5,1d8+4,1d8+4,1.0,B
1464,40,16,5,3,1d12+4,1d6+4,40,15,8,5,1d12+4,1d6+4,7.0,A
1465,40,15,6,4,1d10+4,1d6+4,40,14,5,4,1d12+4,1d6+4,0.0,B
1466,40,15,6,4,1d12+4,1d6+4,40,14,6,5,1d12+4,1d8+4,9.0,A
1467,40,14,5,5,1d10+4,1d8+4,40,15,6,5,1d10+4,1d8+4,4.0,B
1468,40,15,5,5,1d10+4,1d8+4,40,18,7,5,1d12+4,1d8+4,6.0,B
1469,40,15,8,5,1d10+4,1d6+4,40,16,7,4,1d8+4,1d8+4,1.0,A
1470,40,14,8,4,1d10+4,1d8+4,40,17,8,4,1d12+4,1d8+4,7.0,B
1471,40,14,5,5,1d12+4,1d8+4,40,18,8,3,1d10+4,1d6+4,10.0,B
1472,40,16,8,5,1d10+4,1d6+4,40,18,7,3,1d12+4,1d6+4,9.0,B
1473,40,15,7,5,1d12+4,1d8+4,40,15,6,5,1d10+4,1d8+4,5.0,B
1474,40,14,7,3,1d10+4,1d8+4,40,14,5,4,1d12+4,1d6+4,8.0,B
1475,40,16,5,5,1d12+4,1d8+4,40,15,8,5,1d10+4,1d6+4,0.0,B
1476,40,15,5,5,1d12+4,1d6+4,40,16,8,5,1d12+4,1d8+4,8.0,B
1477,40,17,7,4,1d12+4,1d6+4,40,15,6,5,1d8+4,1d8+4,5.0,A
1478,40,17,8,5,1d10+4,1d8+4,40,14,8,4,1d12+4,1d8+4,7.0,A
1479,40,15,7,5,1d10+4,1d8+4,40,16,6,4,1d10+4,1d6+4,4.0,A
1480,40,16,8,3,1d8+4,1d6+4,40,14,6,3,1d12+4,1d6+4,6.0,B
1481,40,18,7,5,1d10+4,1d6+4,40,16,6,3,1d10+4,1d8+4,8.0,A
1482,40,18,8,5,1d12+4,1d6+4,40,16,5,5,1d12+4,1d6+4,1.0,A
1483,40,14,6,3,1d8+4,1d6+4,40,14,8,5,1d8+4,1d6+4,1.0,B
1484,40,15,8,5,1d8+4,1d8+4,40,18,5,5,1d10+4,1d8+4,4.0,A
1485,40,16,6,4,1d10+4,1d8+4,40,14,5,3,1d10+4,1d6+4,8.0,A
1486,40,18,7,3,1d12+4,1d8+4,40,15,6,3,1d8+4,1d6+4,8.0,A
1487,40,14,7,5,1d8+4,1d6+4,40,14,6,4,1d8+4,1d8+4,4.0,A
1488,40,18,7,5,1d12+4,1d8+4,40,17,6,3,1d12+4,1d6+4,2.0,B
1489,40,15,5,4,1d8+4,1d8+4,40,17,7,3,1d10+4,1d8+4,2.0,B
1490,40,17,8,4,1d8+4,1d8+4,40,14,5,3,1d8+4,1d8+4,4.0,A
1491,40,14,7,4,1d8+4,1d8+4,40,14,5,4,1d10+4,1d6+4,10.0,A
1492,40,14,5,5,1d12+4,1d8+4,40,14,7,4,1d10+4,1d8+4,2.0,B
1493,40,14,6,5,1d12+4,1d6+4,40,18,6,4,1d8+4,1d6+4,2.0,A
1494,40,16,8,4,1d8+4,1d8+4,40,18,7,4,1d10+4,1d6+4,3.0,B
1495,40,16,7,5,1d10+4,1d6+4,40,14,5,5,1d10+4,1d8+4,7.0,A
1496,40,15,5,5,1d8+4,1d8+4,40,18,7,3,1d10+4,1d6+4,6.0,B
1497,40,16,5,3,1d12+4,1d8+4,40,16,8,4,1d8+4,1d8+4,0.0,A
1498,40,14,5,5,1d12+4,1d8+4,40,18,7,3,1d12+4,1d8+4,6.0,B
1499,40,18,8,5,1d12+4,1d8+4,40,14,5,5,1d12+4,1d8+4,7.0,A
1500,40,15,8,5,1d8+4,1d6+4,40,15,6,4,1d10+4,1d8+4,6.0,A
1501,40,15,7,4,1d10+4,1d8+4,40,16,8,3,1d10+4,1d6+4,5.0,A
1502,40,17,7,4,1d12+4,1d6+4,40,14,6,5,1d8+4,1d6+4,9.0,B
1503,40,15,7,4,1d12+4,1d6+4,40,18,5,3,1d10+4,1d8+4,1.0,A
1504,40,16,5,3,1d12+4,1d6+4,40,15,6,4,1d10+4,1d8+4,0.0,B
1505,40,16,5,4,1d12+4,1d6+4,40,16,7,5,1d8+4,1d8+4,9.0,A
1506,40,15,7,4,1d12+4,1d6+4,40,14,6,5,1d10+4,1d8+4,8.0,A
1507,40,16,8,4,1d10+4,1d8+4,40,17,6,4,1d8+4,1d6+4,1.0,A
1508,40,16,6,5,1d12+4,1d8+4,40,18,8,5,1d12+4,1d6+4,0.0,A
1509,40,14,6,4,1d8+4,1d8+4,40,18,7,5,1d12+4,1d8+4,4.0,B
1510,40,18,8,3,1d12+4,1d8+4,40,17,7,5,1d8+4,1d6+4,6.0,A
1511,40,17,7,3,1d12+4,1d8+4,40,15,6,3,1d12+4,1d8+4,6.0,B
1512,40,16,7,3,1d8+4,1d6+4,40,18,7,4,1d10+4,1d8+4,1.0,B
1513,40,18,5,5,1d12+4,1d6+4,40,15,6,5,1d8+4,1d6+4,2.0,A
1514,40,15,7,5,1d10+4,1d6+4,40,18,6,3,1d10+4,1d6+4,0.0,A
1515,40,16,5,4,1d12+4,1d6+4,40,14,6,4,1d8+4,1d8+4,7.0,A
1516,40,15,6,5,1d8+4,1d8+4,40,18,7,4,1d12+4,1d6+4,8.0,A
1517,40,18,6,3,1d8+4,1d8+4,40,16,7,3,1d8+4,1d6+4,9.0,A
1518,40,18,6,3,1d12+4,1d8+4,40,14,6,4,1d8+4,1d8+4,2.0,A
1519,40,18,5,4,1d8+4,1d6+4,40,14,7,5,1d8+4,1d6+4,8.0,B
1520,40,14,7,4,1d12+4,1d8+4,40,15,5,3,1d10+4,1d6+4,8.0,A
1521,40,14,6,3,1d8+4,1d6+4,40,16,7,3,1d8+4,1d6+4,6.0,A
1522,40,16,7,3,1d8+4,1d6+4,40,16,8,3,1d12+4,1d6+4,4.0,B
1523,40,17,8,3,1d10+4,1d8+4,40,17,7,4,1d10+4,1d6+4,7.0,B
1524,40,15,8,5,1d10+4,1d8+4,40,18,5,3,1d8+4,1d8+4,3.0,A
1525,40,16,7,5,1d12+4,1d8+4,40,16,7,4,1d8+4,1d6+4,8.0,A
1526,40,16,7,4,1d8+4,1d6+4,40,18,6,4,1d12+4,1d6+4,6.0,A
1527,40,18,8,4,1d10+4,1d8+4,40,17,8,4,1d8+4,1d6+4,0.0,B
1528,40,17,5,3,1d8+4,1d8+4,40,14,7,5,1d12+4,1d6+4,8.0,B
1529,40,15,8,3,1d8+4,1d8+4,40,15,8,5,1d10+4,1d6+4,8.0,B
1530,40,17,8,5,1d8+4,1d8+4,40,14,8,4,1d12+4,1d6+4,2.0,B
1531,40,16,6,3,1d12+4,1d6+4,40,16,8,3,1d8+4,1d8+4,10.0,A
1532,40,14,6,4,1d10+4,1d6+4,40,16,6,4,1d10+4,1d8+4,10.0,A
1533,40,17,8,5,1d12+4,1d8+4,40,18,5,4,1d10+4,1d6+4,7.0,A
1534,40,16,6,3,1d8+4,1d6+4,40,14,6,3,1d12+4,1d6+4,7.0,A
1535,40,16,6,4,1d8+4,1d8+4,40,16,5,3,1d12+4,1d8+4,5.0,B
1536,40,18,5,4,1d12+4,1d6+4,40,17,6,3,1d10+4,1d6+4,9.0,B
1537,40,17,7,5,1d8+4,1d6+4,40,18,8,3,1d12+4,1d8+4,6.0,A
1538,40,16,5,3,1d12+4,1d6+4,40,18,5,3,1d10+4,1d6+4,2.0,B
1539,40,14,8,5,1d8+4,1d6+4,40,16,7,5,1d8+4,1d8+4,5.0,B
1540,40,14,5,5,1d10+4,1d6+4,40,15,6,4,1d8+4,1d8+4,4.0,B
1541,40,17,8,5,1d12+4,1d8+4,40,18,5,4,1d12+4,1d8+4,1.0,B
1542,40,18,5,4,1d8+4,1d8+4,40,14,7,5,1d12+4,1d8+4,7.0,A
1543,40,17,8,4,1d8+4,1d8+4,40,14,7,3,1d8+4,1d6+4,3.0,B
1544,40,17,6,5,1d8+4,1d6+4,40,17,6,4,1d10+4,1d8+4,8.0,B
1545,40,15,7,3,1d10+4,1d6+4,40,17,7,3,1d12+4,1d6+4,8.0,B
1546,40,14,6,4,1d10+4,1d6+4,40,15,5,4,1d8+4,1d8+4,0.0,A
1547,40,16,6,3,1d10+4,1d8+4,40,18,8,5,1d10+4,1d8+4,0.0,A
1548,40,16,8,5,1d10+4,1d6+4,40,18,6,4,1d12+4,1d8+4,3.0,B
1549,40,15,8,5,1d10+4,1d6+4,40,18,8,4,1d12+4,1d8+4,8.0,B
1550,40,17,6,5,1d12+4,1d8+4,40,15,7,4,1d10+4,1d6+4,4.0,B
1551,40,15,8,4,1d10+4,1d6+4,40,15,8,5,1d8+4,1d6+4,7.0,B
1552,40,16,6,5,1d12+4,1d6+4,40,14,5,4,1d8+4,1d8+4,10.0,A
1553,40,14,5,3,1d10+4,1d8+4,40,14,6,3,1d12+4,1d8+4,4.0,A
1554,40,15,5,3,1d10+4,1d8+4,40,18,8,3,1d8+4,1d6+4,10.0,B
1555,40,17,6,4,1d10+4,1d8+4,40,18,5,4,1d8+4,1d8+4,2.0,B
1556,40,15,8,4,1d12+4,1d8+4,40,17,7,4,1d8+4,1d6+4,3.0,A
1557,40,17,5,5,1d8+4,1d6+4,40,14,8,4,1d10+4,1d8+4,1.0,B
1558,40,17,6,4,1d10+4,1d8+4,40,14,7,3,1d12+4,1d8+4,7.0,A
1559,40,17,7,5,1d10+4,1d8+4,40,15,7,5,1d10+4,1d8+4,7.0,B
1560,40,14,5,5,1d10+4,1d6+4,40,18,7,3,1d12+4,1d8+4,1.0,B
1561,40,14,8,5,1d8+4,1d8+4,40,15,7,4,1d12+4,1d8+4,0.0,A
1562,40,18,7,3,1d10+4,1d6+4,40,16,5,3,1d12+4,1d8+4,9.0,A
1563,40,14,8,5,1d12+4,1d6+4,40,14,6,4,1d10+4,1d6+4,1.0,A
1564,40,16,7,5,1d8+4,1d6+4,40,17,8,3,1d10+4,1d8+4,6.0,A
1565,40,18,8,3,1d10+4,1d8+4,40,15,5,3,1d10+4,1d6+4,1.0,A
1566,40,15,7,3,1d12+4,1d6+4,40,14,7,3,1d8+4,1d6+4,0.0,B
1567,40,17,7,4,1d10+4,1d8+4,40,14,5,4,1d8+4,1d8+4,10.0,B
1568,40,18,6,5,1d10+4,1d6+4,40,17,8,5,1d12+4,1d8+4,1.0,A
1569,40,14,5,5,1d8+4,1d8+4,40,15,7,3,1d12+4,1d6+4,1.0,A
1570,40,15,8,4,1d10+4,1d6+4,40,15,8,4,1d12+4,1d8+4,8.0,A
1571,40,16,8,5,1d12+4,1d6+4,40,17,5,5,1d10+4,1d8+4,1.0,A
1572,40,17,5,5,1d8+4,1d8+4,40,17,8,5,1d10+4,1d8+4,4.0,B
1573,40,17,6,4,1d10+4,1d8+4,40,18,6,5,1d12+4,1d6+4,6.0,A
1574,40,15,6,5,1d8+4,1d6+4,40,18,7,3,1d10+4,1d6+4,6.0,B
1575,40,16,8,3,1d12+4,1d6+4,40,14,5,3,1d12+4,1d6+4,7.0,A
1576,40,17,6,4,1d10+4,1d6+4,40,15,8,4,1d12+4,1d8+4,4.0,A
1577,40,15,6,3,1d12+4,1d6+4,40,14,6,4,1d12+4,1d8+4,8.0,A
1578,40,16,8,3,1d12+4,1d6+4,40,15,6,3,1d8+4,1d6+4,2.0,A
1579,40,16,8,3,1d12+4,1d6+4,40,18,7,5,1d8+4,1d8+4,6.0,B
1580,40,16,5,4,1d8+4,1d6+4,40,17,8,4,1d10+4,1d6+4,2.0,B
1581,40,18,5,4,1d12+4,1d8+4,40,17,7,4,1d10+4,1d8+4,3.0,A
1582,40,16,6,4,1d10+4,1d6+4,40,17,7,3,1d8+4,1d8+4,10.0,B
1583,40,16,5,4,1d12+4,1d8+4,40,17,7,4,1d10+4,1d6+4,6.0,B
1584,40,17,7,3,1d12+4,1d8+4,40,16,7,4,1d12+4,1d8+4,9.0,A
1585,40,14,7,4,1d10+4,1d6+4,40,15,8,4,1d12+4,1d6+4,6.0,A
1586,40,18,6,3,1d10+4,1d8+4,40,16,6,4,1d12+4,1d6+4,1.0,A
1587,40,16,5,5,1d10+4,1d8+4,40,18,7,5,1d12+4,1d6+4,2.0,A
1588,40,14,7,4,1d8+4,1d6+4,40,14,7,5,1d10+4,1d6+4,3.0,A
1589,40,16,5,5,1d8+4,1d6+4,40,17,6,3,1d10+4,1d6+4,3.0,A
1590,40,14,6,3,1d10+4,1d8+4,40,15,7,3,1d12+4,1d8+4,4.0,B
1591,40,15,6,5,1d10+4,1d6+4,40,16,6,4,1d8+4,1d8+4,4.0,B
1592,40,16,5,3,1d12+4,1d8+4,40,16,7,4,1d10+4,1d8+4,7.0,B
1593,40,15,8,5,1d8+4,1d8+4,40,16,8,4,1d8+4,1d8+4,0.0,B
1594,40,17,8,4,1d8+4,1d6+4,40,17,7,4,1d12+4,1d6+4,4.0,A
1595,40,18,5,5,1d12+4,1d6+4,40,18,6,4,1d10+4,1d8+4,5.0,A
1596,40,18,6,3,1d10+4,1d6+4,40,14,6,5,1d8+4,1d6+4,8.0,B
1597,40,17,7,5,1d12+4,1d8+4,40,15,6,3,1d10+4,1d6+4,6.0,A
1598,40,16,8,4,1d12+4,1d6+4,40,14,7,5,1d10+4,1d8+4,8.0,A
1599,40,16,8,3,1d12+4,1d6+4,40,17,8,4,1d12+4,1d8+4,9.0,B
1600,40,18,7,4,1d12+4,1d6+4,40,15,7,3,1d8+4,1d8+4,4.0,A
1601,40,16,6,4,1d12+4,1d8+4,40,16,6,3,1d8+4,1d6+4,10.0,B
1602,40,14,7,4,1d10+4,1d8+4,40,14,6,5,1d8+4,1d8+4,9.0,B
1603,40,18,7,5,1d10+4,1d6+4,40,16,6,3,1d10+4,1d6+4,9.0,B
1604,40,16,5,3,1d12+4,1d8+4,40,15,8,3,1d12+4,1d8+4,10.0,B
1605,40,17,5,3,1d8+4,1d6+4,40,17,6,3,1d12+4,1d6+4,10.0,A
1606,40,18,8,5,1d12+4,1d8+4,40,17,6,4,1d8+4,1d8+4,0.0,A
1607,40,17,7,5,1d12+4,1d8+4,40,15,5,5,1d12+4,1d6+4,2.0,A
1608,40,18,8,4,1d10+4,1d8+4,40,17,5,4,1d10+4,1d6+4,2.0,A
1609,40,17,8,4,1d10+4,1d8+4,40,14,6,5,1d8+4,1d6+4,8.0,A
1610,40,16,5,5,1d8+4,1d8+4,40,16,6,3,1d12+4,1d6+4,1.0,B
1611,40,16,7,4,1d12+4,1d8+4,40,14,7,4,1d12+4,1d6+4,5.0,B
1612,40,14,7,3,1d10+4,1d8+4,40,15,7,3,1d12+4,1d6+4,1.0,B
1613,40,16,7,4,1d12+4,1d6+4,40,15,6,5,1d10+4,1d6+4,3.0,A
1614,40,15,6,3,1d10+4,1d8+4,40,15,7,3,1d10+4,1d6+4,3.0,B
1615,40,17,8,3,1d8+4,1d6+4,40,17,5,4,1d8+4,1d8+4,5.0,B
1616,40,15,5,3,1d10+4,1d8+4,40,14,8,5,1d8+4,1d6+4,9.0,A
1617,40,15,8,4,1d12+4,1d8+4,40,17,8,5,1d10+4,1d8+4,10.0,B
1618,40,15,7,5,1d10+4,1d8+4,40,17,6,5,1d12+4,1d6+4,8.0,A
1619,40,17,5,4,1d10+4,1d6+4,40,14,5,4,1d10+4,1d6+4,8.0,A
1620,40,18,5,5,1d12+4,1d8+4,40,15,5,4,1d12+4,1d8+4,2.0,A
1621,40,14,7,3,1d10+4,1d6+4,40,15,5,4,1d8+4,1d8+4,7.0,B
1622,40,17,6,3,1d8+4,1d6+4,40,17,7,4,1d10+4,1d8+4,8.0,B
1623,40,15,5,3,1d10+4,1d8+4,40,15,6,3,1d10+4,1d8+4,9.0,A
1624,40,15,6,3,1d10+4,1d8+4,40,15,8,3,1d8+4,1d8+4,4.0,B
1625,40,14,8,3,1d8+4,1d8+4,40,18,7,3,1d12+4,1d8+4,4.0,B
1626,40,16,5,4,1d8+4,1d8+4,40,14,8,4,1d12+4,1d6+4,5.0,A
1627,40,17,7,3,1d8+4,1d6+4,40,18,6,5,1d12+4,1d6+4,9.0,B
1628,40,15,7,3,1d8+4,1d8+4,40,18,5,5,1d10+4,1d8+4,0.0,B
1629,40,14,6,3,1d8+4,1d6+4,40,17,7,4,1d12+4,1d6+4,2.0,B
1630,40,18,8,4,1d12+4,1d8+4,40,18,6,4,1d8+4,1d8+4,0.0,A
1631,40,16,5,3,1d10+4,1d6+4,40,17,8,5,1d10+4,1d6+4,0.0,A
1632,40,16,6,3,1d12+4,1d6+4,40,16,6,5,1d8+4,1d8+4,1.0,B
1633,40,16,8,5,1d8+4,1d6+4,40,18,5,4,1d12+4,1d6+4,7.0,A
1634,40,17,7,3,1d10+4,1d6+4,40,18,8,5,1d10+4,1d8+4,9.0,A
1635,40,17,7,3,1d8+4,1d6+4,40,14,8,3,1d12+4,1d8+4,10.0,B
1636,40,18,6,4,1d12+4,1d6+4,40,15,8,3,1d10+4,1d8+4,6.0,B
1637,40,14,6,3,1d8+4,1d8+4,40,14,6,5,1d10+4,1d6+4,6.0,A
1638,40,14,7,3,1d12+4,1d8+4,40,17,7,4,1d8+4,1d6+4,5.0,A
1639,40,18,8,4,1d8+4,1d8+4,40,17,5,5,1d12+4,1d6+4,10.0,B
1640,40,15,6,4,1d12+4,1d6+4,40,18,7,4,1d10+4,1d8+4,10.0,A
1641,40,16,7,4,1d8+4,1d8+4,40,17,5,5,1d12+4,1d8+4,3.0,B
1642,40,14,6,5,1d8+4,1d6+4,40,17,6,4,1d10+4,1d8+4,7.0,B
1643,40,17,7,5,1d8+4,1d8+4,40,17,7,5,1d10+4,1d6+4,2.0,A
1644,40,17,8,4,1d10+4,1d6+4,40,16,8,3,1d10+4,1d8+4,5.0,B
1645,40,16,5,3,1d8+4,1d6+4,40,15,7,5,1d12+4,1d8+4,1.0,B
1646,40,16,5,5,1d12+4,1d6+4,40,14,5,3,1d10+4,1d6+4,4.0,A
1647,40,15,5,4,1d10+4,1d6+4,40,17,7,5,1d12+4,1d8+4,9.0,B
1648,40,17,8,3,1d10+4,1d8+4,40,15,5,4,1d12+4,1d8+4,10.0,A
1649,40,15,6,5,1d8+4,1d6+4,40,14,5,4,1d8+4,1d6+4,4.0,B
1650,40,16,8,4,1d8+4,1d6+4,40,15,7,3,1d10+4,1d6+4,9.0,A
1651,40,16,5,3,1d12+4,1d6+4,40,16,5,4,1d12+4,1d6+4,2.0,B
1652,40,15,7,5,1d8+4,1d8+4,40,16,8,5,1d10+4,1d6+4,0.0,B
1653,40,18,6,4,1d12+4,1d8+4,40,16,7,3,1d8+4,1d6+4,0.0,B
1654,40,18,6,3,1d8+4,1d8+4,40,15,8,3,1d12+4,1d8+4,2.0,B
1655,40,15,6,5,1d10+4,1d8+4,40,18,8,4,1d10+4,1d6+4,6.0,A
1656,40,14,5,4,1d10+4,1d6+4,40,17,6,4,1d10+4,1d8+4,6.0,B
1657,40,18,6,5,1d8+4,1d6+4,40,16,7,4,1d12+4,1d8+4,3.0,B
1658,40,16,8,4,1d12+4,1d8+4,40,15,8,5,1d8+4,1d6+4,0.0,B
1659,40,18,7,3,1d10+4,1d8+4,40,16,6,5,1d8+4,1d8+4,4.0,A
1660,40,18,7,3,1d12+4,1d8+4,40,16,6,3,1d8+4,1d6+4,8.0,A
1661,40,18,7,4,1d12+4,1d8+4,40,18,6,3,1d10+4,1d6+4,0.0,A
1662,40,14,5,3,1d8+4,1d6+4,40,17,6,3,1d12+4,1d8+4,4.0,B
1663,40,14,8,3,1d12+4,1d8+4,40,16,7,5,1d8+4,1d6+4,4.0,B
1664,40,16,5,4,1d10+4,1d6+4,40,14,6,4,1d12+4,1d8+4,1.0,A
1665,40,17,6,3,1d8+4,1d6+4,40,14,8,5,1d12+4,1d6+4,0.0,A
1666,40,15,5,5,1d8+4,1d8+4,40,16,6,4,1d12+4,1d6+4,1.0,B
1667,40,14,5,4,1d8+4,1d6+4,40,17,8,4,1d10+4,1d6+4,6.0,B
1668,40,15,6,3,1d8+4,1d8+4,40,15,7,4,1d8+4,1d6+4,2.0,A
1669,40,15,7,3,1d12+4,1d6+4,40,14,5,4,1d12+4,1d8+4,3.0,A
1670,40,15,5,4,1d12+4,1d8+4,40,16,6,4,1d8+4,1d6+4,3.0,A
1671,40,16,5,5,1d10+4,1d6+4,40,15,6,3,1d8+4,1d8+4,10.0,A
1672,40,14,8,5,1d12+4,1d8+4,40,15,5,4,1d8+4,1d8+4,2.0,A
1673,40,17,7,5,1d10+4,1d6+4,40,17,7,4,1d10+4,1d6+4,2.0,B
1674,40,16,8,4,1d10+4,1d6+4,40,14,5,3,1d8+4,1d8+4,6.0,A
1675,40,14,8,4,1d10+4,1d8+4,40,15,7,5,1d10+4,1d8+4,4.0,A
1676,40,17,7,5,1d12+4,1d6+4,40,16,6,4,1d10+4,1d8+4,6.0,A
1677,40,14,6,3,1d8+4,1d8+4,40,17,6,4,1d8+4,1d8+4,10.0,A
1678,40,14,5,4,1d12+4,1d8+4,40,17,7,4,1d8+4,1d6+4,10.0,A
1679,40,14,5,4,1d8+4,1d6+4,40,17,8,5,1d8+4,1d8+4,8.0,B
1680,40,16,8,4,1d10+4,1d8+4,40,17,8,5,1d10+4,1d6+4,5.0,B
1681,40,16,5,4,1d8+4,1d6+4,40,16,8,4,1d10+4,1d6+4,1.0,B
1682,40,18,8,3,1d10+4,1d6+4,40,17,6,3,1d8+4,1d6+4,4.0,B
1683,40,18,8,5,1d8+4,1d8+4,40,16,6,5,1d10+4,1d6+4,5.0,B
1684,40,16,7,5,1d12+4,1d8+4,40,17,7,4,1d10+4,1d6+4,4.0,B
1685,40,18,6,5,1d8+4,1d8+4,40,16,6,3,1d8+4,1d8+4,3.0,A
1686,40,17,5,3,1d12+4,1d8+4,40,16,7,4,1d12+4,1d8+4,1.0,B
1687,40,15,8,5,1d10+4,1d8+4,40,16,7,3,1d12+4,1d8+4,6.0,A
1688,40,15,8,3,1d8+4,1d6+4,40,14,8,4,1d12+4,1d6+4,6.0,A
1689,40,18,7,3,1d12+4,1d6+4,40,14,5,5,1d12+4,1d8+4,0.0,A
1690,40,17,7,5,1d10+4,1d6+4,40,18,7,5,1d10+4,1d6+4,4.0,B
1691,40,18,5,4,1d8+4,1d6+4,40,14,6,3,1d12+4,1d8+4,4.0,B
1692,40,17,5,3,1d8+4,1d6+4,40,16,8,3,1d10+4,1d8+4,1.0,A
1693,40,14,8,4,1d12+4,1d8+4,40,14,8,3,1d8+4,1d8+4,1.0,A
1694,40,16,7,4,1d8+4,1d6+4,40,17,5,3,1d12+4,1d8+4,3.0,B
1695,40,15,5,5,1d12+4,1d8+4,40,14,7,4,1d10+4,1d8+4,10.0,A
1696,40,17,6,3,1d10+4,1d8+4,40,17,6,5,1d10+4,1d8+4,0.0,B
1697,40,16,8,4,1d12+4,1d6+4,40,18,8,3,1d12+4,1d6+4,7.0,A
1698,40,16,6,4,1d8+4,1d8+4,40,15,6,3,1d8+4,1d8+4,4.0,A
1699,40,16,7,5,1d8+4,1d8+4,40,15,7,4,1d8+4,1d6+4,2.0,B
1700,40,15,8,3,1d12+4,1d8+4,40,18,6,3,1d12+4,1d6+4,4.0,A
1701,40,14,7,4,1d12+4,1d6+4,40,14,7,4,1d8+4,1d8+4,10.0,B
1702,40,17,6,3,1d10+4,1d6+4,40,17,7,4,1d12+4,1d8+4,10.0,A
1703,40,16,6,4,1d10+4,1d6+4,40,18,7,4,1d10+4,1d6+4,7.0,A
1704,40,18,6,4,1d10+4,1d8+4,40,15,6,4,1d8+4,1d6+4,5.0,A
1705,40,15,6,4,1d10+4,1d6+4,40,14,5,3,1d12+4,1d6+4,9.0,A
1706,40,16,5,4,1d12+4,1d8+4,40,17,6,4,1d10+4,1d6+4,5.0,B
1707,40,14,8,4,1d8+4,1d8+4,40,16,5,3,1d12+4,1d8+4,2.0,A
1708,40,18,7,5,1d10+4,1d8+4,40,18,5,4,1d8+4,1d6+4,0.0,A
1709,40,14,8,4,1d12+4,1d6+4,40,14,8,3,1d8+4,1d6+4,1.0,A
1710,40,17,5,5,1d12+4,1d6+4,40,15,8,4,1d10+4,1d6+4,3.0,A
1711,40,16,5,5,1d8+4,1d8+4,40,14,8,4,1d10+4,1d6+4,10.0,A
1712,40,14,7,5,1d12+4,1d6+4,40,17,7,3,1d12+4,1d6+4,0.0,B
1713,40,14,7,4,1d12+4,1d6+4,40,17,8,5,1d12+4,1d8+4,3.0,A
1714,40,15,7,5,1d12+4,1d6+4,40,14,7,5,1d12+4,1d8+4,3.0,A
1715,40,15,6,5,1d8+4,1d6+4,40,17,5,3,1d10+4,1d8+4,6.0,A
1716,40,18,6,5,1d10+4,1d8+4,40,17,8,4,1d12+4,1d8+4,1.0,B
1717,40,16,5,3,1d8+4,1d6+4,40,16,5,5,1d10+4,1d6+4,9.0,A
1718,40,15,5,4,1d12+4,1d6+4,40,18,7,4,1d8+4,1d6+4,1.0,B
1719,40,17,5,3,1d10+4,1d6+4,40,15,7,5,1d8+4,1d8+4,6.0,A
1720,40,18,8,5,1d8+4,1d8+4,40,16,5,5,1d10+4,1d8+4,0.0,A
1721,40,18,8,5,1d12+4,1d6+4,40,16,8,5,1d12+4,1d8+4,5.0,A
1722,40,16,7,5,1d8+4,1d8+4,40,16,5,5,1d12+4,1d6+4,4.0,B
1723,40,18,8,4,1d12+4,1d8+4,40,15,7,4,1d12+4,1d6+4,4.0,A
1724,40,16,5,3,1d10+4,1d6+4,40,16,8,5,1d10+4,1d6+4,3.0,B
1725,40,16,6,4,1d8+4,1d6+4,40,14,6,4,1d8+4,1d6+4,1.0,A
1726,40,14,8,4,1d10+4,1d8+4,40,18,6,5,1d8+4,1d6+4,1.0,B
1727,40,17,5,4,1d12+4,1d8+4,40,14,7,3,1d10+4,1d8+4,3.0,A
1728,40,15,6,4,1d8+4,1d8+4,40,17,6,5,1d12+4,1d8+4,3.0,B
1729,40,16,8,4,1d12+4,1d6+4,40,15,8,4,1d10+4,1d8+4,2.0,A
1730,40,17,7,5,1d8+4,1d8+4,40,17,8,3,1d12+4,1d8+4,9.0,B
1731,40,16,8,5,1d10+4,1d6+4,40,18,7,3,1d12+4,1d8+4,4.0,B
1732,40,16,7,5,1d12+4,1d8+4,40,18,7,4,1d12+4,1d8+4,6.0,B
1733,40,15,6,5,1d8+4,1d8+4,40,15,6,3,1d10+4,1d6+4,7.0,A
1734,40,15,7,5,1d8+4,1d6+4,40,15,8,3,1d10+4,1d6+4,0.0,A
1735,40,18,7,5,1d10+4,1d8+4,40,16,8,4,1d10+4,1d8+4,3.0,A
1736,40,14,7,3,1d12+4,1d6+4,40,15,7,3,1d12+4,1d6+4,4.0,B
1737,40,18,8,3,1d12+4,1d6+4,40,16,7,4,1d10+4,1d6+4,6.0,A
1738,40,14,6,5,1d8+4,1d6+4,40,18,8,4,1d10+4,1d8+4,2.0,B
1739,40,16,7,3,1d12+4,1d6+4,40,17,7,5,1d10+4,1d8+4,2.0,A
1740,40,14,8,4,1d8+4,1d8+4,40,15,8,5,1d12+4,1d6+4,10.0,A
1741,40,15,8,3,1d8+4,1d6+4,40,15,5,4,1d8+4,1d6+4,7.0,A
1742,40,17,8,4,1d12+4,1d8+4,40,17,7,3,1d12+4,1d6+4,1.0,A
1743,40,17,6,4,1d10+4,1d8+4,40,18,8,5,1d8+4,1d6+4,9.0,A
1744,40,16,5,5,1d8+4,1d6+4,40,18,5,5,1d12+4,1d6+4,3.0,B
1745,40,16,7,5,1d8+4,1d6+4,40,14,8,4,1d8+4,1d8+4,0.0,B
1746,40,15,6,4,1d8+4,1d6+4,40,16,5,4,1d12+4,1d6+4,8.0,B
1747,40,14,7,5,1d10+4,1d6+4,40,16,5,5,1d8+4,1d8+4,4.0,A
1748,40,15,8,4,1d12+4,1d8+4,40,17,6,5,1d10+4,1d8+4,5.0,A
1749,40,16,8,5,1d8+4,1d8+4,40,16,7,3,1d8+4,1d8+4,9.0,A
1750,40,18,5,3,1d12+4,1d6+4,40,16,8,3,1d10+4,1d6+4,2.0,A
1751,40,15,8,5,1d8+4,1d6+4,40,18,5,5,1d8+4,1d6+4,8.0,A
1752,40,16,6,3,1d10+4,1d8+4,40,14,8,4,1d8+4,1d8+4,2.0,B
1753,40,14,7,4,1d12+4,1d8+4,40,17,6,5,1d12+4,1d6+4,5.0,A
1754,40,16,8,5,1d10+4,1d8+4,40,14,6,5,1d12+4,1d8+4,1.0,A
1755,40,18,6,3,1d8+4,1d6+4,40,16,5,4,1d12+4,1d6+4,4.0,A
1756,40,14,8,5,1d12+4,1d6+4,40,17,5,5,1d12+4,1d6+4,3.0,A
1757,40,17,6,5,1d12+4,1d6+4,40,18,7,4,1d10+4,1d6+4,9.0,B
1758,40,16,5,5,1d12+4,1d6+4,40,16,8,5,1d8+4,1d8+4,0.0,B
1759,40,16,7,4,1d10+4,1d6+4,40,17,6,3,1d8+4,1d8+4,9.0,B
1760,40,14,7,3,1d12+4,1d6+4,40,16,6,3,1d10+4,1d6+4,5.0,A
1761,40,15,6,4,1d10+4,1d6+4,40,18,8,4,1d8+4,1d8+4,1.0,A
1762,40,17,5,4,1d8+4,1d8+4,40,15,5,3,1d10+4,1d8+4,5.0,A
1763,40,14,7,3,1d8+4,1d8+4,40,15,7,5,1d10+4,1d6+4,1.0,B
1764,40,15,5,4,1d10+4,1d6+4,40,16,5,3,1d10+4,1d8+4,9.0,B
1765,40,16,5,5,1d10+4,1d6+4,40,16,6,5,1d12+4,1d6+4,10.0,B
1766,40,16,8,5,1d10+4,1d8+4,40,14,6,5,1d10+4,1d8+4,3.0,B
1767,40,14,8,4,1d10+4,1d6+4,40,15,5,5,1d8+4,1d8+4,6.0,A
1768,40,14,8,4,1d10+4,1d6+4,40,15,7,5,1d12+4,1d8+4,9.0,A
1769,40,15,6,4,1d8+4,1d6+4,40,18,8,4,1d10+4,1d6+4,7.0,B
1770,40,14,6,4,1d8+4,1d8+4,40,14,5,3,1d8+4,1d8+4,10.0,A
1771,40,15,6,5,1d12+4,1d6+4,40,16,6,4,1d12+4,1d6+4,9.0,A
1772,40,18,7,3,1d12+4,1d6+4,40,16,5,5,1d8+4,1d6+4,4.0,A
1773,40,18,5,3,1d12+4,1d8+4,40,14,7,5,1d12+4,1d6+4,3.0,A
1774,40,14,7,5,1d12+4,1d6+4,40,16,5,4,1d8+4,1d8+4,3.0,A
1775,40,14,7,4,1d10+4,1d8+4,40,14,5,4,1d12+4,1d8+4,5.0,A
1776,40,18,7,3,1d12+4,1d8+4,40,16,6,4,1d8+4,1d8+4,1.0,A
1777,40,17,6,5,1d12+4,1d6+4,40,18,5,3,1d10+4,1d8+4,0.0,B
1778,40,15,5,3,1d10+4,1d6+4,40,14,6,5,1d8+4,1d8+4,5.0,B
1779,40,17,7,5,1d10+4,1d6+4,40,18,7,5,1d8+4,1d8+4,2.0,A
1780,40,18,5,4,1d8+4,1d6+4,40,17,8,5,1d12+4,1d8+4,0.0,B
1781,40,16,6,5,1d8+4,1d8+4,40,17,8,5,1d10+4,1d8+4,10.0,B
1782,40,16,5,5,1d8+4,1d8+4,40,16,8,3,1d12+4,1d6+4,1.0,A
1783,40,15,8,4,1d10+4,1d8+4,40,15,5,5,1d8+4,1d8+4,4.0,B
1784,40,15,8,3,1d12+4,1d6+4,40,16,7,3,1d12+4,1d6+4,4.0,B
1785,40,15,6,4,1d12+4,1d8+4,40,15,8,5,1d10+4,1d8+4,2.0,A
1786,40,14,6,5,1d10+4,1d8+4,40,14,8,3,1d8+4,1d8+4,1.0,B
1787,40,17,5,4,1d12+4,1d6+4,40,18,8,3,1d12+4,1d6+4,8.0,A
1788,40,15,7,4,1d12+4,1d8+4,40,18,8,3,1d10+4,1d6+4,8.0,A
1789,40,18,7,5,1d12+4,1d8+4,40,17,8,5,1d8+4,1d8+4,2.0,A
1790,40,16,8,4,1d12+4,1d6+4,40,18,5,4,1d10+4,1d6+4,10.0,A
1791,40,15,6,4,1d8+4,1d8+4,40,16,6,4,1d12+4,1d8+4,7.0,B
1792,40,14,7,5,1d10+4,1d6+4,40,16,5,3,1d12+4,1d6+4,0.0,B
1793,40,16,5,3,1d8+4,1d8+4,40,14,7,3,1d8+4,1d6+4,4.0,B
1794,40,18,8,3,1d8+4,1d8+4,40,14,6,4,1d10+4,1d8+4,10.0,B
1795,40,18,5,5,1d8+4,1d8+4,40,18,5,3,1d8+4,1d6+4,10.0,A
1796,40,17,5,5,1d12+4,1d6+4,40,17,7,3,1d8+4,1d6+4,9.0,B
1797,40,18,5,5,1d8+4,1d6+4,40,14,6,5,1d10+4,1d6+4,10.0,B
1798,40,18,6,5,1d10+4,1d8+4,40,18,5,5,1d8+4,1d6+4,4.0,A
1799,40,16,6,3,1d12+4,1d8+4,40,14,7,5,1d12+4,1d8+4,0.0,A
1800,40,15,6,4,1d8+4,1d8+4,40,17,5,4,1d8+4,1d8+4,1.0,B
1801,40,15,5,3,1d12+4,1d6+4,40,16,7,3,1d10+4,1d6+4,2.0,B
1802,40,15,7,5,1d12+4,1d6+4,40,14,5,4,1d12+4,1d6+4,3.0,A
1803,40,16,7,4,1d12+4,1d6+4,40,18,7,4,1d12+4,1d6+4,7.0,A
1804,40,16,8,5,1d8+4,1d8+4,40,14,6,5,1d10+4,1d6+4,4.0,A
1805,40,14,5,4,1d10+4,1d8+4,40,17,6,3,1d10+4,1d6+4,6.0,B
1806,40,16,6,4,1d8+4,1d6+4,40,15,8,5,1d10+4,1d6+4,5.0,A
1807,40,16,5,5,1d12+4,1d6+4,40,16,7,4,1d8+4,1d6+4,10.0,A
1808,40,14,7,5,1d12+4,1d6+4,40,16,7,3,1d8+4,1d8+4,5.0,A
1809,40,14,7,5,1d8+4,1d8+4,40,17,7,4,1d12+4,1d8+4,5.0,B
1810,40,15,7,3,1d12+4,1d8+4,40,17,8,4,1d8+4,1d6+4,0.0,A
1811,40,18,6,4,1d10+4,1d8+4,40,16,5,5,1d10+4,1d6+4,10.0,A
1812,40,14,5,5,1d10+4,1d6+4,40,17,8,4,1d12+4,1d6+4,8.0,B
1813,40,14,6,3,1d8+4,1d8+4,40,18,5,3,1d10+4,1d8+4,10.0,B
1814,40,18,8,4,1d10+4,1d6+4,40,15,5,3,1d8+4,1d6+4,3.0,A
1815,40,15,5,4,1d12+4,1d8+4,40,17,7,5,1d12+4,1d8+4,5.0,A
1816,40,16,8,4,1d10+4,1d6+4,40,17,5,3,1d10+4,1d6+4,3.0,B
1817,40,18,6,4,1d12+4,1d8+4,40,17,5,5,1d12+4,1d8+4,5.0,A
1818,40,18,7,4,1d8+4,1d8+4,40,16,7,4,1d8+4,1d6+4,1.0,B
1819,40,18,8,3,1d10+4,1d8+4,40,15,6,3,1d8+4,1d6+4,10.0,A
1820,40,17,8,4,1d8+4,1d8+4,40,17,8,5,1d8+4,1d8+4,1.0,B
1821,40,16,5,5,1d12+4,1d8+4,40,18,6,4,1d8+4,1d6+4,3.0,A
1822,40,14,7,3,1d10+4,1d6+4,40,14,6,5,1d10+4,1d6+4,6.0,B
1823,40,18,5,3,1d12+4,1d8+4,40,16,8,5,1d10+4,1d6+4,9.0,A
1824,40,18,6,4,1d8+4,1d8+4,40,18,7,5,1d10+4,1d6+4,1.0,B
1825,40,18,6,5,1d12+4,1d6+4,40,18,7,4,1d10+4,1d8+4,8.0,B
1826,40,15,5,3,1d10+4,1d8+4,40,15,5,5,1d8+4,1d6+4,9.0,A
1827,40,15,7,4,1d12+4,1d8+4,40,14,5,5,1d8+4,1d6+4,0.0,B
1828,40,16,8,3,1d10+4,1d6+4,40,17,5,4,1d12+4,1d8+4,10.0,A
1829,40,16,6,4,1d8+4,1d8+4,40,16,6,3,1d8+4,1d8+4,9.0,A
1830,40,15,6,5,1d10+4,1d8+4,40,18,8,5,1d12+4,1d8+4,7.0,A
1831,40,18,5,4,1d8+4,1d6+4,40,17,5,3,1d12+4,1d8+4,9.0,B
1832,40,15,7,5,1d8+4,1d6+4,40,17,7,4,1d12+4,1d6+4,6.0,B
1833,40,17,6,4,1d10+4,1d8+4,40,15,7,4,1d12+4,1d6+4,3.0,A
1834,40,14,5,3,1d8+4,1d6+4,40,14,5,3,1d12+4,1d8+4,8.0,A
1835,40,15,8,5,1d12+4,1d8+4,40,16,5,5,1d10+4,1d6+4,10.0,B
1836,40,16,8,5,1d10+4,1d8+4,40,17,8,5,1d12+4,1d6+4,0.0,B
1837,40,15,5,4,1d12+4,1d6+4,40,17,6,5,1d12+4,1d6+4,9.0,B
1838,40,17,6,5,1d10+4,1d8+4,40,18,6,3,1d12+4,1d6+4,8.0,A
1839,40,18,5,3,1d8+4,1d6+4,40,17,7,3,1d8+4,1d8+4,3.0,A
1840,40,17,8,5,1d8+4,1d8+4,40,17,8,3,1d10+4,1d6+4,9.0,B
1841,40,18,5,3,1d8+4,1d8+4,40,14,8,5,1d12+4,1d8+4,4.0,B
1842,40,15,7,4,1d10+4,1d8+4,40,15,7,4,1d8+4,1d6+4,2.0,A
1843,40,16,6,4,1d8+4,1d8+4,40,14,6,5,1d12+4,1d6+4,4.0,A
1844,40,18,5,5,1d12+4,1d6+4,40,18,7,4,1d8+4,1d6+4,3.0,B
1845,40,17,8,4,1d12+4,1d8+4,40,16,5,5,1d8+4,1d8+4,7.0,A
1846,40,14,8,3,1d8+4,1d8+4,40,18,7,3,1d8+4,1d6+4,8.0,B
1847,40,18,6,3,1d10+4,1d8+4,40,18,6,4,1d8+4,1d6+4,4.0,A
1848,40,17,7,3,1d10+4,1d8+4,40,17,7,5,1d8+4,1d8+4,7.0,A
1849,40,17,7,4,1d8+4,1d6+4,40,18,5,3,1d10+4,1d8+4,2.0,B
1850,40,14,8,4,1d8+4,1d8+4,40,16,7,5,1d10+4,1d8+4,1.0,A
1851,40,17,6,5,1d10+4,1d8+4,40,18,5,4,1d8+4,1d8+4,1.0,B
1852,40,15,6,3,1d8+4,1d6+4,40,14,5,3,1d12+4,1d6+4,6.0,A
1853,40,17,8,3,1d8+4,1d8+4,40,17,7,4,1d10+4,1d6+4,7.0,A
1854,40,17,7,5,1d12+4,1d6+4,40,18,7,5,1d10+4,1d8+4,6.0,A
1855,40,16,6,4,1d8+4,1d8+4,40,17,7,5,1d12+4,1d6+4,8.0,B
1856,40,16,5,4,1d12+4,1d8+4,40,14,6,3,1d8+4,1d6+4,6.0,A
1857,40,15,6,3,1d10+4,1d8+4,40,18,8,3,1d12+4,1d8+4,3.0,B
1858,40,17,5,3,1d8+4,1d6+4,40,14,6,5,1d12+4,1d6+4,0.0,A
1859,40,14,8,4,1d12+4,1d8+4,40,17,7,3,1d8+4,1d6+4,2.0,A
1860,40,15,7,4,1d10+4,1d6+4,40,15,5,5,1d10+4,1d8+4,2.0,B
1861,40,16,8,5,1d8+4,1d8+4,40,14,6,4,1d8+4,1d6+4,3.0,A
1862,40,16,5,5,1d10+4,1d8+4,40,16,7,5,1d12+4,1d6+4,8.0,B
1863,40,16,7,3,1d12+4,1d6+4,40,16,6,5,1d8+4,1d8+4,8.0,B
1864,40,18,5,4,1d8+4,1d6+4,40,17,5,3,1d8+4,1d8+4,3.0,A
1865,40,18,8,5,1d8+4,1d8+4,40,14,7,5,1d12+4,1d8+4,1.0,A
1866,40,14,6,5,1d12+4,1d8+4,40,17,6,3,1d12+4,1d8+4,1.0,B
1867,40,14,7,5,1d8+4,1d8+4,40,14,8,4,1d10+4,1d8+4,2.0,A
1868,40,16,8,4,1d12+4,1d8+4,40,14,8,5,1d12+4,1d8+4,5.0,B
1869,40,16,8,4,1d12+4,1d8+4,40,15,6,3,1d10+4,1d6+4,10.0,A
1870,40,16,7,5,1d8+4,1d6+4,40,16,7,3,1d10+4,1d8+4,5.0,A
1871,40,17,6,3,1d12+4,1d8+4,40,14,8,5,1d12+4,1d6+4,7.0,B
1872,40,15,6,3,1d12+4,1d8+4,40,16,6,5,1d10+4,1d8+4,0.0,A
1873,40,14,6,3,1d12+4,1d8+4,40,17,5,4,1d12+4,1d8+4,5.0,A
1874,40,18,7,5,1d12+4,1d6+4,40,15,7,3,1d8+4,1d8+4,10.0,B
1875,40,15,5,3,1d10+4,1d8+4,40,18,6,5,1d10+4,1d6+4,7.0,A
1876,40,15,8,4,1d8+4,1d8+4,40,17,8,3,1d12+4,1d6+4,10.0,B
1877,40,14,6,5,1d12+4,1d8+4,40,14,6,4,1d10+4,1d6+4,7.0,A
1878,40,17,8,3,1d10+4,1d6+4,40,16,5,3,1d10+4,1d8+4,10.0,B
1879,40,15,6,4,1d12+4,1d8+4,40,15,5,4,1d12+4,1d8+4,3.0,B
1880,40,15,8,3,1d8+4,1d8+4,40,16,6,5,1d12+4,1d8+4,8.0,B
1881,40,17,6,4,1d10+4,1d6+4,40,16,8,4,1d12+4,1d8+4,3.0,B
1882,40,17,6,4,1d8+4,1d6+4,40,15,5,4,1d10+4,1d8+4,6.0,A
1883,40,16,8,4,1d8+4,1d6+4,40,17,8,5,1d10+4,1d6+4,10.0,B
1884,40,17,8,4,1d12+4,1d6+4,40,18,8,4,1d8+4,1d6+4,3.0,B
1885,40,14,7,5,1d12+4,1d6+4,40,16,6,5,1d12+4,1d6+4,5.0,A
1886,40,18,6,5,1d8+4,1d6+4,40,15,8,5,1d12+4,1d8+4,1.0,B
1887,40,15,7,3,1d10+4,1d6+4,40,17,8,5,1d12+4,1d8+4,10.0,B
1888,40,17,8,3,1d12+4,1d8+4,40,17,5,4,1d12+4,1d6+4,3.0,A
1889,40,16,6,3,1d10+4,1d8+4,40,15,5,5,1d12+4,1d8+4,2.0,B
1890,40,16,7,4,1d10+4,1d8+4,40,17,6,3,1d12+4,1d6+4,2.0,B
1891,40,16,7,4,1d12+4,1d8+4,40,18,7,4,1d10+4,1d8+4,0.0,A
1892,40,18,7,3,1d12+4,1d6+4,40,15,7,3,1d10+4,1d8+4,7.0,A
1893,40,18,5,3,1d8+4,1d8+4,40,17,5,3,1d8+4,1d6+4,5.0,A
1894,40,14,7,5,1d10+4,1d6+4,40,17,5,3,1d8+4,1d6+4,10.0,A
1895,40,17,5,3,1d12+4,1d6+4,40,17,5,4,1d10+4,1d8+4,1.0,A
1896,40,17,6,5,1d10+4,1d8+4,40,17,7,3,1d12+4,1d8+4,3.0,B
1897,40,16,7,4,1d12+4,1d8+4,40,17,8,3,1d12+4,1d6+4,8.0,B
1898,40,15,6,3,1d10+4,1d8+4,40,18,8,3,1d8+4,1d8+4,2.0,B
1899,40,17,6,4,1d10+4,1d6+4,40,16,7,4,1d12+4,1d8+4,6.0,A
1900,40,14,7,3,1d12+4,1d6+4,40,15,5,3,1d8+4,1d8+4,3.0,A
1901,40,14,7,3,1d12+4,1d8+4,40,17,8,3,1d12+4,1d8+4,6.0,A
1902,40,18,5,5,1d8+4,1d8+4,40,15,6,5,1d12+4,1d6+4,10.0,B
1903,40,14,8,5,1d10+4,1d6+4,40,17,6,5,1d8+4,1d6+4,0.0,A
1904,40,17,8,3,1d8+4,1d6+4,40,14,5,4,1d8+4,1d6+4,10.0,B
1905,40,17,7,4,1d12+4,1d8+4,40,16,6,5,1d8+4,1d8+4,1.0,A
1906,40,14,7,3,1d12+4,1d6+4,40,18,7,4,1d12+4,1d6+4,9.0,A
1907,40,18,5,5,1d8+4,1d8+4,40,18,6,3,1d8+4,1d8+4,5.0,A
1908,40,14,7,5,1d10+4,1d8+4,40,14,6,5,1d8+4,1d8+4,8.0,A
1909,40,18,5,4,1d12+4,1d6+4,40,15,7,4,1d8+4,1d6+4,5.0,A
1910,40,14,6,3,1d12+4,1d6+4,40,18,7,3,1d10+4,1d6+4,10.0,B
1911,40,16,7,5,1d10+4,1d6+4,40,16,8,5,1d12+4,1d6+4,6.0,A
1912,40,14,8,3,1d12+4,1d6+4,40,17,7,3,1d8+4,1d8+4,5.0,A
1913,40,17,5,3,1d12+4,1d8+4,40,15,7,5,1d12+4,1d6+4,2.0,A
1914,40,16,5,5,1d8+4,1d8+4,40,17,6,5,1d8+4,1d6+4,6.0,B
1915,40,18,8,4,1d8+4,1d6+4,40,18,5,5,1d10+4,1d8+4,10.0,B
1916,40,18,5,4,1d8+4,1d8+4,40,16,8,5,1d10+4,1d8+4,10.0,A
1917,40,17,5,5,1d12+4,1d8+4,40,15,7,5,1d12+4,1d8+4,1.0,B
1918,40,18,8,5,1d12+4,1d6+4,40,18,7,3,1d8+4,1d8+4,0.0,A
1919,40,15,5,5,1d10+4,1d6+4,40,17,5,3,1d8+4,1d8+4,9.0,B
1920,40,15,6,4,1d10+4,1d6+4,40,17,7,3,1d8+4,1d8+4,3.0,A
1921,40,17,7,5,1d12+4,1d8+4,40,18,6,5,1d10+4,1d6+4,9.0,A
1922,40,16,7,4,1d10+4,1d8+4,40,14,8,5,1d8+4,1d6+4,10.0,B
1923,40,14,8,5,1d12+4,1d8+4,40,15,6,3,1d10+4,1d6+4,7.0,B
1924,40,14,6,4,1d8+4,1d8+4,40,18,7,3,1d8+4,1d6+4,4.0,A
1925,40,14,5,4,1d8+4,1d6+4,40,18,5,4,1d8+4,1d8+4,7.0,A
1926,40,16,7,5,1d10+4,1d8+4,40,17,7,4,1d8+4,1d6+4,5.0,B
1927,40,14,7,3,1d10+4,1d6+4,40,16,5,5,1d12+4,1d8+4,7.0,B
1928,40,18,6,5,1d8+4,1d6+4,40,17,5,5,1d12+4,1d6+4,6.0,B
1929,40,17,6,4,1d8+4,1d6+4,40,18,7,3,1d12+4,1d8+4,0.0,B
1930,40,15,7,3,1d8+4,1d6+4,40,14,5,3,1d8+4,1d6+4,4.0,A
1931,40,15,7,3,1d10+4,1d8+4,40,18,8,5,1d10+4,1d6+4,10.0,B
1932,40,14,6,3,1d10+4,1d8+4,40,14,7,4,1d8+4,1d8+4,9.0,B
1933,40,14,7,3,1d10+4,1d6+4,40,18,7,5,1d10+4,1d6+4,1.0,B
1934,40,18,6,5,1d12+4,1d8+4,40,17,7,5,1d12+4,1d8+4,2.0,B
1935,40,15,7,3,1d8+4,1d8+4,40,17,5,5,1d10+4,1d6+4,2.0,A
1936,40,14,7,4,1d8+4,1d6+4,40,18,6,5,1d12+4,1d8+4,5.0,B
1937,40,16,6,4,1d8+4,1d6+4,40,16,5,3,1d12+4,1d8+4,9.0,A
1938,40,17,8,4,1d10+4,1d6+4,40,17,5,3,1d8+4,1d6+4,3.0,B
1939,40,18,6,3,1d12+4,1d8+4,40,18,6,3,1d10+4,1d8+4,3.0,B
1940,40,15,5,4,1d8+4,1d6+4,40,17,6,4,1d12+4,1d8+4,6.0,B
1941,40,16,8,5,1d12+4,1d6+4,40,17,8,3,1d8+4,1d6+4,6.0,B
1942,40,16,7,5,1d8+4,1d8+4,40,15,7,3,1d12+4,1d8+4,2.0,A
1943,40,16,5,5,1d12+4,1d8+4,40,15,7,5,1d10+4,1d6+4,10.0,A
1944,40,18,8,4,1d8+4,1d8+4,40,18,8,4,1d10+4,1d8+4,8.0,A
1945,40,17,8,3,1d8+4,1d8+4,40,15,7,5,1d10+4,1d6+4,6.0,A
1946,40,17,5,3,1d12+4,1d8+4,40,18,6,3,1d12+4,1d8+4,9.0,B
1947,40,14,7,5,1d8+4,1d8+4,40,14,5,4,1d8+4,1d6+4,3.0,B
1948,40,16,6,5,1d10+4,1d6+4,40,18,5,3,1d8+4,1d8+4,4.0,B
1949,40,15,6,4,1d12+4,1d6+4,40,16,7,5,1d8+4,1d6+4,6.0,B
1950,40,15,7,3,1d8+4,1d8+4,40,17,5,5,1d10+4,1d6+4,4.0,A
1951,40,18,7,5,1d12+4,1d6+4,40,15,7,3,1d12+4,1d8+4,5.0,A
1952,40,17,8,4,1d12+4,1d8+4,40,14,7,3,1d8+4,1d8+4,0.0,A
1953,40,18,8,3,1d12+4,1d6+4,40,18,6,5,1d8+4,1d6+4,2.0,A
1954,40,17,6,3,1d8+4,1d6+4,40,18,7,4,1d10+4,1d6+4,4.0,B
1955,40,15,7,3,1d12+4,1d6+4,40,18,8,4,1d10+4,1d6+4,9.0,A
1956,40,18,6,5,1d10+4,1d8+4,40,16,8,4,1d12+4,1d8+4,4.0,B
1957,40,17,6,3,1d12+4,1d8+4,40,15,8,5,1d10+4,1d6+4,5.0,B
1958,40,16,8,5,1d8+4,1d8+4,40,14,7,5,1d12+4,1d6+4,2.0,A
1959,40,14,7,5,1d12+4,1d8+4,40,18,8,5,1d12+4,1d8+4,10.0,B
1960,40,18,6,5,1d12+4,1d6+4,40,17,6,3,1d12+4,1d6+4,3.0,A
1961,40,17,6,3,1d8+4,1d8+4,40,14,5,5,1d12+4,1d8+4,0.0,B
1962,40,17,5,4,1d10+4,1d8+4,40,16,7,3,1d12+4,1d6+4,3.0,A
1963,40,16,5,5,1d8+4,1d6+4,40,16,5,4,1d8+4,1d8+4,0.0,A
1964,40,17,5,4,1d8+4,1d6+4,40,14,6,3,1d8+4,1d8+4,4.0,B
1965,40,16,8,5,1d8+4,1d8+4,40,17,6,4,1d12+4,1d8+4,10.0,A
1966,40,15,8,3,1d12+4,1d6+4,40,14,6,5,1d12+4,1d6+4,9.0,B
1967,40,15,6,3,1d12+4,1d6+4,40,18,8,4,1d12+4,1d6+4,8.0,B
1968,40,15,6,3,1d10+4,1d8+4,40,14,6,5,1d8+4,1d8+4,5.0,B
1969,40,17,7,4,1d10+4,1d6+4,40,15,6,4,1d8+4,1d6+4,9.0,A
1970,40,17,6,4,1d12+4,1d6+4,40,17,8,5,1d12+4,1d8+4,10.0,A
1971,40,15,6,5,1d8+4,1d6+4,40,15,5,5,1d10+4,1d6+4,6.0,A
1972,40,14,5,3,1d10+4,1d8+4,40,14,6,3,1d8+4,1d8+4,4.0,A
1973,40,15,5,4,1d12+4,1d8+4,40,17,8,5,1d8+4,1d8+4,6.0,B
1974,40,16,7,4,1d10+4,1d8+4,40,17,6,3,1d12+4,1d6+4,3.0,A
1975,40,14,8,5,1d10+4,1d6+4,40,17,7,4,1d12+4,1d8+4,4.0,B
1976,40,18,7,3,1d8+4,1d6+4,40,17,7,4,1d10+4,1d6+4,0.0,B
1977,40,16,7,5,1d10+4,1d6+4,40,16,5,5,1d8+4,1d6+4,7.0,A
1978,40,14,5,4,1d12+4,1d6+4,40,16,5,5,1d12+4,1d6+4,3.0,A
1979,40,16,6,5,1d10+4,1d8+4,40,14,5,3,1d10+4,1d6+4,10.0,A
1980,40,14,7,3,1d10+4,1d8+4,40,14,6,5,1d12+4,1d8+4,0.0,A
1981,40,14,8,5,1d8+4,1d6+4,40,18,8,5,1d8+4,1d6+4,8.0,B
1982,40,14,7,4,1d10+4,1d6+4,40,18,7,5,1d10+4,1d6+4,0.0,A
1983,40,18,5,3,1d8+4,1d6+4,40,17,7,3,1d12+4,1d8+4,8.0,B
1984,40,17,8,3,1d10+4,1d6+4,40,17,5,5,1d12+4,1d8+4,9.0,A
1985,40,14,8,4,1d8+4,1d8+4,40,18,6,3,1d12+4,1d6+4,5.0,A
1986,40,17,5,4,1d10+4,1d8+4,40,15,8,5,1d12+4,1d6+4,5.0,B
1987,40,18,6,4,1d10+4,1d6+4,40,15,8,3,1d8+4,1d6+4,6.0,A
1988,40,14,6,4,1d8+4,1d6+4,40,17,7,5,1d12+4,1d6+4,3.0,A
1989,40,16,5,4,1d10+4,1d8+4,40,17,7,5,1d8+4,1d8+4,7.0,A
1990,40,16,5,5,1d10+4,1d6+4,40,15,8,4,1d12+4,1d6+4,9.0,B
1991,40,18,8,5,1d10+4,1d8+4,40,18,8,4,1d8+4,1d6+4,6.0,B
1992,40,15,8,5,1d10+4,1d8+4,40,16,5,5,1d12+4,1d6+4,10.0,A
1993,40,17,5,4,1d12+4,1d8+4,40,17,7,5,1d10+4,1d6+4,1.0,B
1994,40,17,5,3,1d12+4,1d8+4,40,15,7,5,1d12+4,1d6+4,3.0,B
1995,40,15,8,3,1d8+4,1d8+4,40,17,7,3,1d10+4,1d8+4,7.0,A
1996,40,14,5,4,1d10+4,1d6+4,40,17,8,3,1d8+4,1d8+4,3.0,B
1997,40,15,5,4,1d12+4,1d8+4,40,15,7,4,1d10+4,1d6+4,8.0,A
1998,40,15,5,5,1d8+4,1d8+4,40,14,6,5,1d12+4,1d6+4,2.0,A
1999,40,15,5,4,1d12+4,1d8+4,40,18,6,4,1d10+4,1d6+4,4.0,A
2000,40,17,7,5,1d12+4,1d6+4,40,14,7,4,1d12+4,1d8+4,5.0,B
2001,40,15,7,3,1d8+4,1d6+4,40,18,7,3,1d10+4,1d8+4,8.0,B
2002,40,17,7,4,1d8+4,1d6+4,40,17,5,5,1d12+4,1d6+4,3.0,B
2003,40,18,8,5,1d12+4,1d6+4,40,16,6,3,1d12+4,1d6+4,6.0,A
2004,40,18,8,4,1d8+4,1d6+4,40,16,8,5,1d8+4,1d8+4,1.0,A
2005,40,16,8,5,1d10+4,1d6+4,40,18,7,5,1d10+4,1d8+4,4.0,B
2006,40,17,5,5,1d10+4,1d6+4,40,14,6,5,1d12+4,1d8+4,2.0,A
2007,40,16,6,3,1d8+4,1d6+4,40,15,8,4,1d10+4,1d8+4,1.0,A
2008,40,16,8,3,1d12+4,1d8+4,40,15,5,4,1d10+4,1d6+4,10.0,A
2009,40,16,7,5,1d10+4,1d8+4,40,15,5,5,1d12+4,1d8+4,2.0,A
2010,40,14,7,3,1d8+4,1d6+4,40,17,6,5,1d8+4,1d6+4,2.0,A
2011,40,16,7,4,1d8+4,1d8+4,40,14,7,4,1d10+4,1d6+4,5.0,B
2012,40,16,8,3,1d10+4,1d8+4,40,17,6,5,1d8+4,1d6+4,9.0,A
2013,40,18,6,4,1d10+4,1d6+4,40,14,5,5,1d12+4,1d6+4,7.0,A
2014,40,15,7,4,1d12+4,1d8+4,40,16,6,5,1d8+4,1d8+4,5.0,A
2015,40,14,5,4,1d12+4,1d8+4,40,16,6,4,1d10+4,1d8+4,9.0,B
2016,40,16,5,4,1d10+4,1d6+4,40,15,5,3,1d8+4,1d6+4,3.0,A
2017,40,14,5,4,1d10+4,1d8+4,40,14,6,5,1d10+4,1d6+4,4.0,A
2018,40,14,5,4,1d12+4,1d8+4,40,17,6,4,1d8+4,1d6+4,1.0,A
2019,40,17,6,3,1d12+4,1d8+4,40,18,6,5,1d8+4,1d6+4,7.0,A
2020,40,14,8,3,1d8+4,1d8+4,40,16,5,3,1d12+4,1d8+4,3.0,B
2021,40,15,7,3,1d8+4,1d6+4,40,18,6,5,1d12+4,1d8+4,6.0,B
2022,40,16,7,3,1d10+4,1d6+4,40,18,7,3,1d8+4,1d8+4,6.0,B
2023,40,14,8,5,1d12+4,1d6+4,40,18,5,4,1d12+4,1d8+4,8.0,B
2024,40,18,6,4,1d10+4,1d6+4,40,15,6,5,1d12+4,1d8+4,8.0,B
2025,40,16,7,4,1d10+4,1d8+4,40,17,6,3,1d10+4,1d6+4,3.0,B
2026,40,14,6,5,1d8+4,1d6+4,40,17,5,3,1d10+4,1d8+4,0.0,B
2027,40,15,7,3,1d10+4,1d8+4,40,15,8,5,1d8+4,1d8+4,4.0,A
2028,40,18,7,5,1d8+4,1d6+4,40,17,6,5,1d12+4,1d6+4,8.0,B
2029,40,18,6,5,1d10+4,1d8+4,40,16,6,5,1d12+4,1d6+4,2.0,A
2030,40,17,7,5,1d10+4,1d8+4,40,15,6,4,1d8+4,1d8+4,7.0,A
2031,40,15,6,5,1d8+4,1d8+4,40,16,5,4,1d8+4,1d6+4,4.0,A
2032,40,14,8,3,1d10+4,1d6+4,40,16,8,4,1d12+4,1d6+4,6.0,B
2033,40,15,7,4,1d12+4,1d6+4,40,16,5,3,1d8+4,1d6+4,0.0,A
2034,40,17,7,3,1d10+4,1d6+4,40,15,5,4,1d10+4,1d8+4,0.0,A
2035,40,15,7,4,1d8+4,1d6+4,40,14,5,4,1d8+4,1d8+4,6.0,A
2036,40,17,6,5,1d12+4,1d8+4,40,17,6,4,1d10+4,1d6+4,4.0,A
2037,40,15,5,3,1d12+4,1d8+4,40,16,7,3,1d10+4,1d6+4,0.0,A
2038,40,16,7,5,1d10+4,1d6+4,40,17,6,3,1d10+4,1d6+4,2.0,B
2039,40,16,5,3,1d8+4,1d6+4,40,14,8,4,1d10+4,1d8+4,0.0,B
2040,40,17,5,4,1d8+4,1d6+4,40,18,7,4,1d12+4,1d8+4,6.0,B
2041,40,17,7,4,1d8+4,1d6+4,40,16,7,4,1d8+4,1d6+4,10.0,A
2042,40,14,5,3,1d10+4,1d6+4,40,15,5,3,1d8+4,1d6+4,1.0,B
2043,40,16,8,4,1d8+4,1d6+4,40,16,7,4,1d10+4,1d8+4,9.0,B
2044,40,18,8,5,1d8+4,1d6+4,40,14,5,3,1d8+4,1d8+4,5.0,A
2045,40,14,7,5,1d10+4,1d6+4,40,14,8,3,1d12+4,1d6+4,10.0,B
2046,40,14,5,4,1d10+4,1d8+4,40,17,6,4,1d12+4,1d6+4,4.0,A
2047,40,18,7,5,1d12+4,1d8+4,40,16,8,4,1d12+4,1d8+4,5.0,B
2048,40,17,7,3,1d12+4,1d6+4,40,16,7,5,1d8+4,1d8+4,10.0,A
2049,40,18,6,5,1d12+4,1d6+4,40,17,7,4,1d10+4,1d8+4,9.0,B
2050,40,14,6,3,1d10+4,1d8+4,40,18,5,5,1d10+4,1d6+4,8.0,A
2051,40,18,7,3,1d12+4,1d6+4,40,14,7,5,1d8+4,1d8+4,0.0,A
2052,40,17,7,5,1d8+4,1d6+4,40,17,8,3,1d10+4,1d8+4,7.0,A
2053,40,18,7,4,1d10+4,1d8+4,40,14,8,3,1d10+4,1d8+4,1.0,A
2054,40,18,6,4,1d12+4,1d6+4,40,14,6,5,1d8+4,1d6+4,7.0,A
2055,40,16,8,5,1d12+4,1d6+4,40,16,7,3,1d8+4,1d8+4,4.0,A
2056,40,16,7,5,1d8+4,1d6+4,40,18,6,3,1d8+4,1d8+4,2.0,B
2057,40,16,8,3,1d8+4,1d6+4,40,18,7,5,1d8+4,1d8+4,4.0,B
2058,40,18,6,4,1d12+4,1d6+4,40,16,8,3,1d10+4,1d6+4,1.0,A
2059,40,18,7,4,1d10+4,1d8+4,40,14,5,4,1d8+4,1d6+4,10.0,A
2060,40,15,5,4,1d10+4,1d6+4,40,18,5,4,1d8+4,1d8+4,6.0,A
2061,40,15,8,3,1d12+4,1d8+4,40,18,5,4,1d8+4,1d8+4,2.0,A
2062,40,18,8,4,1d8+4,1d8+4,40,18,6,3,1d10+4,1d8+4,8.0,B
2063,40,17,8,4,1d10+4,1d6+4,40,15,8,3,1d10+4,1d6+4,10.0,A
2064,40,16,8,4,1d12+4,1d6+4,40,16,8,5,1d8+4,1d8+4,3.0,A
2065,40,15,8,4,1d10+4,1d6+4,40,14,8,3,1d12+4,1d8+4,3.0,A
2066,40,15,8,3,1d10+4,1d8+4,40,16,6,5,1d12+4,1d6+4,8.0,B
2067,40,15,5,3,1d10+4,1d8+4,40,16,5,3,1d10+4,1d6+4,5.0,B
2068,40,15,5,4,1d12+4,1d8+4,40,16,7,3,1d8+4,1d6+4,6.0,A
2069,40,17,5,3,1d10+4,1d8+4,40,18,5,5,1d10+4,1d6+4,9.0,A
2070,40,17,7,5,1d12+4,1d6+4,40,16,7,4,1d8+4,1d8+4,1.0,A
2071,40,15,5,3,1d10+4,1d6+4,40,17,7,4,1d12+4,1d6+4,6.0,B
2072,40,16,6,5,1d10+4,1d8+4,40,15,8,5,1d12+4,1d6+4,8.0,B
2073,40,17,6,5,1d10+4,1d8+4,40,17,7,4,1d8+4,1d8+4,7.0,A
2074,40,17,8,4,1d10+4,1d6+4,40,16,6,3,1d10+4,1d8+4,8.0,A
2075,40,18,5,3,1d8+4,1d8+4,40,15,8,4,1d12+4,1d8+4,5.0,A
2076,40,14,7,3,1d8+4,1d6+4,40,18,7,3,1d12+4,1d6+4,2.0,A
2077,40,17,6,5,1d12+4,1d6+4,40,18,8,5,1d10+4,1d6+4,6.0,B
2078,40,14,8,4,1d8+4,1d6+4,40,16,7,3,1d12+4,1d6+4,8.0,A
2079,40,18,5,3,1d12+4,1d8+4,40,18,6,3,1d8+4,1d6+4,6.0,A
2080,40,15,8,5,1d8+4,1d6+4,40,18,6,3,1d10+4,1d8+4,0.0,B
2081,40,16,6,4,1d12+4,1d6+4,40,14,6,5,1d8+4,1d8+4,7.0,A
2082,40,16,8,4,1d10+4,1d8+4,40,15,7,4,1d8+4,1d6+4,9.0,A
2083,40,17,7,4,1d8+4,1d6+4,40,15,5,3,1d12+4,1d8+4,10.0,A
2084,40,16,5,5,1d10+4,1d8+4,40,15,5,5,1d10+4,1d6+4,1.0,A
2085,40,14,5,3,1d10+4,1d8+4,40,18,6,4,1d10+4,1d6+4,0.0,B
2086,40,18,8,3,1d10+4,1d8+4,40,18,7,5,1d12+4,1d6+4,7.0,B
2087,40,16,8,4,1d12+4,1d6+4,40,18,7,3,1d8+4,1d6+4,2.0,B
2088,40,15,7,5,1d12+4,1d6+4,40,15,8,5,1d8+4,1d6+4,6.0,B
2089,40,14,8,3,1d12+4,1d6+4,40,18,7,4,1d10+4,1d6+4,4.0,B
2090,40,18,5,4,1d8+4,1d8+4,40,17,6,3,1d8+4,1d8+4,4.0,A
2091,40,16,8,5,1d12+4,1d8+4,40,18,7,5,1d12+4,1d8+4,0.0,B
2092,40,18,7,5,1d10+4,1d8+4,40,14,6,4,1d12+4,1d8+4,6.0,A
2093,40,14,6,4,1d12+4,1d6+4,40,14,5,3,1d8+4,1d8+4,7.0,A
2094,40,15,6,3,1d8+4,1d8+4,40,18,5,4,1d12+4,1d8+4,1.0,B
2095,40,16,6,3,1d8+4,1d8+4,40,14,7,4,1d10+4,1d6+4,3.0,A
2096,40,14,5,3,1d12+4,1d8+4,40,18,8,4,1d12+4,1d6+4,7.0,B
2097,40,17,5,4,1d8+4,1d8+4,40,17,5,4,1d10+4,1d8+4,10.0,B
2098,40,14,5,5,1d12+4,1d6+4,40,15,8,4,1d12+4,1d8+4,6.0,A
2099,40,14,6,5,1d8+4,1d6+4,40,16,7,3,1d12+4,1d6+4,6.0,B
2100,40,15,6,5,1d12+4,1d6+4,40,17,7,3,1d12+4,1d8+4,0.0,A
2101,40,17,8,3,1d8+4,1d6+4,40,17,7,4,1d8+4,1d6+4,8.0,A
2102,40,18,7,5,1d10+4,1d8+4,40,14,5,3,1d8+4,1d8+4,3.0,A
2103,40,15,7,5,1d12+4,1d8+4,40,16,5,5,1d12+4,1d6+4,6.0,B
2104,40,16,7,4,1d12+4,1d6+4,40,14,6,3,1d10+4,1d6+4,3.0,B
2105,40,18,7,3,1d8+4,1d6+4,40,17,7,4,1d10+4,1d8+4,10.0,B
2106,40,17,6,3,1d8+4,1d8+4,40,17,7,5,1d10+4,1d8+4,5.0,B
2107,40,18,6,3,1d8+4,1d8+4,40,17,8,5,1d10+4,1d8+4,1.0,A
2108,40,14,8,3,1d10+4,1d6+4,40,18,8,4,1d8+4,1d6+4,3.0,B
2109,40,18,7,5,1d10+4,1d8+4,40,14,8,3,1d10+4,1d8+4,10.0,B
2110,40,18,5,3,1d10+4,1d6+4,40,16,5,4,1d10+4,1d6+4,9.0,B
2111,40,16,5,3,1d10+4,1d6+4,40,17,5,4,1d10+4,1d6+4,8.0,A
2112,40,16,8,4,1d10+4,1d8+4,40,18,7,4,1d10+4,1d8+4,2.0,A
2113,40,15,8,5,1d10+4,1d8+4,40,15,6,3,1d10+4,1d6+4,3.0,B
2114,40,16,7,5,1d10+4,1d6+4,40,15,5,4,1d10+4,1d8+4,5.0,B
2115,40,18,8,3,1d10+4,1d6+4,40,15,6,5,1d8+4,1d6+4,1.0,A
2116,40,18,7,4,1d10+4,1d8+4,40,14,8,3,1d8+4,1d8+4,7.0,A
2117,40,17,5,4,1d12+4,1d6+4,40,17,7,3,1d12+4,1d6+4,10.0,B
2118,40,15,6,3,1d12+4,1d6+4,40,14,6,4,1d10+4,1d8+4,2.0,A
2119,40,17,6,3,1d12+4,1d6+4,40,17,5,4,1d10+4,1d6+4,8.0,B
2120,40,16,8,3,1d10+4,1d6+4,40,15,7,4,1d12+4,1d8+4,3.0,B
2121,40,14,8,4,1d12+4,1d8+4,40,16,8,3,1d12+4,1d6+4,2.0,B
2122,40,16,5,4,1d10+4,1d8+4,40,15,6,3,1d8+4,1d8+4,3.0,A
2123,40,15,5,4,1d12+4,1d8+4,40,15,5,3,1d12+4,1d6+4,5.0,B
2124,40,17,6,3,1d10+4,1d8+4,40,18,6,3,1d12+4,1d6+4,0.0,A
2125,40,17,5,3,1d8+4,1d8+4,40,15,8,3,1d8+4,1d8+4,10.0,A
2126,40,16,6,4,1d12+4,1d8+4,40,18,6,3,1d12+4,1d8+4,6.0,A
2127,40,17,6,3,1d8+4,1d8+4,40,14,8,3,1d8+4,1d6+4,3.0,A
2128,40,14,6,4,1d12+4,1d6+4,40,14,5,4,1d10+4,1d6+4,9.0,A
2129,40,17,5,3,1d12+4,1d8+4,40,18,5,5,1d12+4,1d6+4,9.0,B
2130,40,15,7,3,1d8+4,1d8+4,40,16,6,5,1d10+4,1d6+4,2.0,B
2131,40,14,8,3,1d10+4,1d8+4,40,15,8,5,1d10+4,1d8+4,3.0,A
2132,40,14,6,4,1d8+4,1d6+4,40,14,5,5,1d10+4,1d8+4,7.0,A
2133,40,16,6,3,1d12+4,1d8+4,40,18,6,3,1d8+4,1d6+4,10.0,B
2134,40,14,7,4,1d12+4,1d6+4,40,14,5,5,1d10+4,1d6+4,7.0,A
2135,40,14,5,3,1d12+4,1d8+4,40,16,6,5,1d10+4,1d6+4,7.0,A
2136,40,18,6,3,1d12+4,1d6+4,40,15,7,4,1d8+4,1d8+4,7.0,A
2137,40,18,6,3,1d8+4,1d8+4,40,17,5,4,1d10+4,1d8+4,5.0,A
2138,40,15,7,4,1d8+4,1d6+4,40,14,5,5,1d12+4,1d6+4,10.0,B
2139,40,14,6,4,1d12+4,1d6+4,40,14,5,4,1d8+4,1d6+4,3.0,B
2140,40,18,6,4,1d8+4,1d6+4,40,15,8,4,1d10+4,1d8+4,3.0,A
2141,40,15,6,5,1d8+4,1d6+4,40,14,7,4,1d8+4,1d6+4,3.0,B
2142,40,18,7,5,1d12+4,1d6+4,40,17,6,5,1d10+4,1d8+4,8.0,A
2143,40,17,6,3,1d12+4,1d6+4,40,16,8,3,1d12+4,1d8+4,5.0,A
2144,40,14,7,5,1d8+4,1d8+4,40,17,6,5,1d8+4,1d6+4,8.0,B
2145,40,15,5,3,1d8+4,1d8+4,40,17,5,3,1d8+4,1d6+4,1.0,A
2146,40,18,5,5,1d8+4,1d6+4,40,14,7,5,1d12+4,1d8+4,5.0,B
2147,40,14,5,3,1d8+4,1d6+4,40,14,7,4,1d8+4,1d8+4,8.0,A
2148,40,18,7,5,1d8+4,1d6+4,40,17,8,4,1d8+4,1d8+4,1.0,B
2149,40,18,6,3,1d12+4,1d6+4,40,18,8,4,1d8+4,1d6+4,9.0,A
2150,40,16,6,4,1d8+4,1d8+4,40,16,6,5,1d10+4,1d8+4,4.0,B
2151,40,16,6,5,1d8+4,1d6+4,40,14,6,3,1d10+4,1d8+4,8.0,B
2152,40,15,5,4,1d8+4,1d6+4,40,16,7,4,1d10+4,1d6+4,8.0,A
2153,40,16,8,3,1d10+4,1d8+4,40,17,8,3,1d8+4,1d6+4,6.0,A
2154,40,15,7,4,1d8+4,1d6+4,40,15,8,5,1d10+4,1d6+4,6.0,A
2155,40,15,5,3,1d8+4,1d6+4,40,16,7,5,1d10+4,1d6+4,0.0,B
2156,40,16,7,5,1d8+4,1d6+4,40,15,7,3,1d8+4,1d8+4,6.0,B
2157,40,17,7,3,1d8+4,1d8+4,40,17,6,5,1d10+4,1d8+4,7.0,A
2158,40,16,5,3,1d8+4,1d6+4,40,15,7,5,1d8+4,1d8+4,5.0,A
2159,40,14,5,5,1d12+4,1d8+4,40,14,6,5,1d8+4,1d6+4,6.0,B
2160,40,17,6,3,1d10+4,1d6+4,40,16,5,4,1d8+4,1d6+4,8.0,A
2161,40,18,6,3,1d8+4,1d6+4,40,16,7,4,1d8+4,1d6+4,0.0,A
2162,40,18,7,5,1d10+4,1d8+4,40,16,5,4,1d12+4,1d8+4,3.0,A
2163,40,15,8,4,1d10+4,1d6+4,40,14,8,4,1d10+4,1d6+4,0.0,A
2164,40,17,8,4,1d10+4,1d6+4,40,15,5,3,1d10+4,1d6+4,9.0,A
2165,40,17,6,4,1d12+4,1d6+4,40,15,8,3,1d8+4,1d8+4,6.0,A
2166,40,15,6,5,1d8+4,1d8+4,40,15,5,4,1d12+4,1d6+4,5.0,A
2167,40,14,7,3,1d10+4,1d8+4,40,16,6,5,1d10+4,1d6+4,4.0,A
2168,40,16,7,3,1d12+4,1d8+4,40,16,8,4,1d12+4,1d8+4,8.0,A
2169,40,17,6,3,1d8+4,1d6+4,40,18,6,4,1d12+4,1d8+4,4.0,B
2170,40,14,6,5,1d10+4,1d8+4,40,18,8,5,1d12+4,1d8+4,6.0,B
2171,40,18,7,5,1d8+4,1d6+4,40,15,6,5,1d10+4,1d8+4,3.0,A
2172,40,14,6,5,1d10+4,1d6+4,40,14,7,5,1d10+4,1d8+4,10.0,B
2173,40,18,7,3,1d12+4,1d6+4,40,17,7,5,1d8+4,1d8+4,10.0,A
2174,40,16,6,3,1d10+4,1d6+4,40,15,5,5,1d10+4,1d8+4,0.0,B
2175,40,18,5,4,1d12+4,1d8+4,40,14,5,3,1d12+4,1d6+4,6.0,A
2176,40,15,6,4,1d10+4,1d8+4,40,15,7,3,1d12+4,1d6+4,6.0,A
2177,40,17,8,4,1d8+4,1d6+4,40,15,8,3,1d10+4,1d6+4,7.0,A
2178,40,17,7,5,1d8+4,1d6+4,40,15,6,3,1d12+4,1d6+4,1.0,B
2179,40,17,8,5,1d8+4,1d6+4,40,18,6,5,1d10+4,1d8+4,9.0,B
2180,40,17,5,5,1d10+4,1d6+4,40,14,5,5,1d8+4,1d8+4,9.0,B
2181,40,17,7,4,1d8+4,1d8+4,40,14,6,3,1d8+4,1d6+4,2.0,B
2182,40,14,6,4,1d12+4,1d8+4,40,18,7,3,1d8+4,1d6+4,6.0,A
2183,40,17,6,4,1d8+4,1d8+4,40,14,6,4,1d10+4,1d6+4,3.0,B
2184,40,18,8,3,1d8+4,1d8+4,40,15,6,3,1d10+4,1d8+4,4.0,A
2185,40,16,8,4,1d12+4,1d8+4,40,14,6,3,1d10+4,1d8+4,2.0,A
2186,40,17,5,5,1d8+4,1d6+4,40,14,8,3,1d10+4,1d6+4,0.0,A
2187,40,14,7,3,1d10+4,1d8+4,40,18,8,5,1d8+4,1d6+4,6.0,B
2188,40,18,8,4,1d8+4,1d6+4,40,15,5,4,1d10+4,1d8+4,8.0,A
2189,40,16,5,3,1d12+4,1d8+4,40,14,5,4,1d8+4,1d6+4,7.0,A
2190,40,14,5,5,1d8+4,1d8+4,40,18,7,3,1d8+4,1d8+4,3.0,B
2191,40,17,7,4,1d10+4,1d6+4,40,14,8,4,1d10+4,1d8+4,10.0,A
2192,40,14,5,3,1d8+4,1d8+4,40,18,5,4,1d8+4,1d6+4,5.0,A
2193,40,16,5,4,1d8+4,1d6+4,40,17,5,3,1d10+4,1d6+4,2.0,B
2194,40,15,7,5,1d10+4,1d8+4,40,15,5,5,1d10+4,1d8+4,4.0,A
2195,40,16,5,4,1d12+4,1d8+4,40,18,7,3,1d10+4,1d6+4,10.0,A
2196,40,18,7,4,1d12+4,1d6+4,40,18,8,4,1d12+4,1d8+4,4.0,B
2197,40,17,7,4,1d10+4,1d8+4,40,17,7,4,1d8+4,1d6+4,1.0,B
2198,40,18,7,4,1d8+4,1d6+4,40,16,8,3,1d10+4,1d6+4,2.0,A
2199,40,15,8,5,1d12+4,1d6+4,40,17,8,4,1d8+4,1d6+4,1.0,B
2200,40,18,6,5,1d10+4,1d6+4,40,14,5,3,1d8+4,1d8+4,9.0,A
2201,40,16,5,3,1d10+4,1d8+4,40,18,8,4,1d10+4,1d8+4,5.0,B
2202,40,14,7,3,1d10+4,1d8+4,40,14,6,3,1d10+4,1d6+4,0.0,B
2203,40,15,6,4,1d12+4,1d8+4,40,17,8,4,1d12+4,1d8+4,6.0,B
2204,40,15,7,5,1d8+4,1d6+4,40,16,7,4,1d10+4,1d8+4,6.0,A
2205,40,18,7,3,1d10+4,1d8+4,40,17,8,3,1d8+4,1d8+4,10.0,A
2206,40,15,7,4,1d8+4,1d6+4,40,18,8,5,1d12+4,1d8+4,3.0,B
2207,40,14,5,3,1d10+4,1d6+4,40,18,7,3,1d8+4,1d6+4,5.0,B
2208,40,18,7,5,1d10+4,1d6+4,40,15,5,5,1d12+4,1d6+4,1.0,A
2209,40,18,8,3,1d8+4,1d8+4,40,17,8,5,1d10+4,1d8+4,10.0,B
2210,40,16,7,5,1d10+4,1d6+4,40,14,6,5,1d8+4,1d8+4,3.0,A
2211,40,16,8,3,1d8+4,1d6+4,40,15,7,5,1d12+4,1d6+4,7.0,A
2212,40,17,5,5,1d12+4,1d6+4,40,18,7,3,1d12+4,1d6+4,3.0,B
2213,40,18,6,5,1d10+4,1d8+4,40,14,6,5,1d8+4,1d8+4,5.0,A
2214,40,14,8,3,1d12+4,1d8+4,40,16,6,3,1d8+4,1d8+4,8.0,A
2215,40,18,7,4,1d12+4,1d6+4,40,15,8,4,1d10+4,1d6+4,7.0,A
2216,40,17,6,3,1d10+4,1d6+4,40,16,5,3,1d10+4,1d8+4,8.0,A
2217,40,14,8,3,1d10+4,1d8+4,40,17,7,3,1d12+4,1d6+4,1.0,B
2218,40,15,8,5,1d8+4,1d6+4,40,17,7,5,1d8+4,1d6+4,7.0,A
2219,40,18,8,3,1d12+4,1d6+4,40,16,5,4,1d8+4,1d8+4,3.0,A
2220,40,15,8,3,1d10+4,1d6+4,40,18,5,5,1d12+4,1d8+4,10.0,B
2221,40,14,8,4,1d12+4,1d8+4,40,17,7,5,1d8+4,1d8+4,5.0,B
2222,40,14,6,3,1d8+4,1d6+4,40,17,5,3,1d8+4,1d6+4,1.0,A
2223,40,15,6,5,1d8+4,1d6+4,40,18,6,4,1d10+4,1d6+4,1.0,B
2224,40,17,5,4,1d12+4,1d6+4,40,18,7,3,1d12+4,1d6+4,0.0,A
2225,40,16,6,4,1d12+4,1d8+4,40,16,6,5,1d12+4,1d6+4,7.0,A
2226,40,14,7,3,1d8+4,1d6+4,40,14,7,5,1d8+4,1d8+4,0.0,B
2227,40,15,7,4,1d10+4,1d8+4,40,16,6,5,1d8+4,1d8+4,4.0,A
2228,40,16,7,4,1d8+4,1d8+4,40,14,5,5,1d10+4,1d6+4,10.0,B
2229,40,14,6,5,1d12+4,1d8+4,40,16,7,3,1d10+4,1d6+4,7.0,A
2230,40,14,6,4,1d8+4,1d8+4,40,14,8,4,1d12+4,1d8+4,1.0,B
2231,40,18,5,3,1d12+4,1d8+4,40,14,6,3,1d10+4,1d6+4,9.0,A
2232,40,17,5,4,1d12+4,1d8+4,40,17,8,5,1d8+4,1d6+4,3.0,B
2233,40,14,5,5,1d12+4,1d6+4,40,14,5,3,1d8+4,1d8+4,3.0,A
2234,40,17,8,4,1d8+4,1d6+4,40,14,5,5,1d12+4,1d6+4,8.0,A
2235,40,14,7,3,1d12+4,1d6+4,40,18,7,3,1d8+4,1d6+4,9.0,B
2236,40,15,5,4,1d10+4,1d6+4,40,17,8,3,1d10+4,1d8+4,1.0,B
2237,40,18,8,5,1d12+4,1d8+4,40,14,7,4,1d8+4,1d6+4,5.0,B
2238,40,18,6,5,1d10+4,1d8+4,40,15,7,4,1d10+4,1d8+4,1.0,B
2239,40,17,7,3,1d10+4,1d6+4,40,16,6,4,1d8+4,1d8+4,6.0,A
2240,40,17,5,5,1d12+4,1d8+4,40,17,6,5,1d10+4,1d6+4,3.0,A
2241,40,14,5,3,1d8+4,1d8+4,40,15,7,3,1d12+4,1d8+4,4.0,B
2242,40,15,7,3,1d12+4,1d6+4,40,18,8,5,1d12+4,1d8+4,6.0,B
2243,40,14,5,3,1d12+4,1d8+4,40,17,8,5,1d8+4,1d6+4,6.0,B
2244,40,16,7,5,1d10+4,1d6+4,40,15,5,3,1d10+4,1d6+4,8.0,B
2245,40,15,7,5,1d10+4,1d6+4,40,14,8,3,1d10+4,1d8+4,8.0,A
2246,40,17,6,3,1d12+4,1d8+4,40,17,6,3,1d10+4,1d6+4,1.0,A
2247,40,17,5,5,1d10+4,1d6+4,40,17,6,5,1d8+4,1d6+4,6.0,B
2248,40,18,5,3,1d12+4,1d8+4,40,15,7,5,1d12+4,1d6+4,6.0,A
2249,40,15,5,5,1d12+4,1d6+4,40,14,6,4,1d12+4,1d8+4,10.0,B
2250,40,18,6,5,1d10+4,1d6+4,40,15,7,5,1d8+4,1d6+4,0.0,A
2251,40,17,5,4,1d10+4,1d8+4,40,18,8,5,1d10+4,1d8+4,9.0,B
2252,40,18,5,5,1d12+4,1d8+4,40,16,7,5,1d12+4,1d8+4,10.0,B
2253,40,17,8,5,1d8+4,1d6+4,40,14,8,3,1d12+4,1d8+4,8.0,A
2254,40,18,7,3,1d8+4,1d6+4,40,16,7,4,1d10+4,1d6+4,0.0,A
2255,40,18,8,5,1d10+4,1d6+4,40,18,8,3,1d10+4,1d6+4,4.0,A
2256,40,17,8,4,1d12+4,1d8+4,40,16,8,3,1d8+4,1d6+4,7.0,A
2257,40,18,6,3,1d10+4,1d8+4,40,15,7,5,1d8+4,1d8+4,4.0,A
2258,40,14,5,5,1d12+4,1d8+4,40,17,6,3,1d8+4,1d6+4,3.0,B
2259,40,18,8,4,1d12+4,1d8+4,40,16,6,5,1d12+4,1d6+4,8.0,A
2260,40,18,6,5,1d8+4,1d6+4,40,16,7,3,1d10+4,1d6+4,3.0,A
2261,40,15,5,5,1d10+4,1d6+4,40,15,6,4,1d10+4,1d8+4,3.0,B
2262,40,18,7,3,1d8+4,1d8+4,40,14,7,3,1d12+4,1d8+4,1.0,A
2263,40,16,8,3,1d10+4,1d6+4,40,17,8,4,1d8+4,1d8+4,9.0,B
2264,40,15,7,3,1d8+4,1d6+4,40,15,7,5,1d12+4,1d8+4,1.0,B
2265,40,15,6,4,1d8+4,1d6+4,40,15,5,4,1d12+4,1d8+4,7.0,A
2266,40,18,6,3,1d8+4,1d6+4,40,18,6,5,1d8+4,1d8+4,9.0,A
2267,40,15,6,5,1d8+4,1d6+4,40,16,7,5,1d8+4,1d8+4,4.0,A
2268,40,17,7,5,1d8+4,1d6+4,40,15,5,4,1d12+4,1d8+4,8.0,A
2269,40,18,5,4,1d12+4,1d6+4,40,15,5,4,1d10+4,1d8+4,9.0,B
2270,40,14,7,4,1d8+4,1d8+4,40,18,7,5,1d12+4,1d8+4,1.0,B
2271,40,17,7,4,1d12+4,1d8+4,40,14,5,4,1d8+4,1d6+4,0.0,B
2272,40,16,8,3,1d12+4,1d6+4,40,18,8,3,1d10+4,1d6+4,9.0,A
2273,40,15,8,4,1d12+4,1d6+4,40,14,6,4,1d8+4,1d8+4,10.0,A
2274,40,16,8,3,1d12+4,1d6+4,40,17,6,4,1d8+4,1d8+4,3.0,A
2275,40,15,5,5,1d12+4,1d8+4,40,14,7,5,1d12+4,1d8+4,10.0,B
2276,40,16,8,4,1d10+4,1d6+4,40,17,8,3,1d12+4,1d6+4,7.0,B
2277,40,15,7,4,1d12+4,1d6+4,40,14,8,4,1d8+4,1d6+4,10.0,A
2278,40,17,7,5,1d8+4,1d6+4,40,15,6,3,1d8+4,1d6+4,1.0,B
2279,40,15,7,4,1d10+4,1d6+4,40,14,7,3,1d12+4,1d8+4,1.0,A
2280,40,17,8,5,1d8+4,1d6+4,40,14,7,3,1d8+4,1d8+4,7.0,A
2281,40,15,6,3,1d10+4,1d6+4,40,17,8,4,1d8+4,1d8+4,0.0,A
2282,40,17,7,5,1d8+4,1d8+4,40,18,7,3,1d8+4,1d6+4,2.0,B
2283,40,18,8,4,1d8+4,1d8+4,40,18,6,4,1d10+4,1d6+4,5.0,A
2284,40,17,5,4,1d8+4,1d6+4,40,14,7,3,1d12+4,1d8+4,1.0,B
2285,40,14,7,4,1d10+4,1d8+4,40,14,8,3,1d8+4,1d6+4,7.0,A
2286,40,17,8,3,1d8+4,1d8+4,40,15,5,3,1d12+4,1d8+4,9.0,A
2287,40,16,7,3,1d10+4,1d8+4,40,18,6,4,1d8+4,1d8+4,6.0,B
2288,40,17,5,3,1d10+4,1d6+4,40,17,7,5,1d10+4,1d8+4,4.0,A
2289,40,16,6,4,1d12+4,1d6+4,40,18,8,5,1d8+4,1d6+4,7.0,A
2290,40,17,8,5,1d10+4,1d6+4,40,14,8,4,1d12+4,1d6+4,9.0,B
2291,40,14,8,3,1d8+4,1d8+4,40,15,5,3,1d12+4,1d6+4,8.0,A
2292,40,17,8,3,1d10+4,1d6+4,40,16,5,4,1d12+4,1d6+4,8.0,A
2293,40,15,6,4,1d8+4,1d8+4,40,16,5,3,1d10+4,1d6+4,8.0,A
2294,40,15,7,3,1d12+4,1d8+4,40,15,8,3,1d8+4,1d8+4,1.0,B
2295,40,18,5,3,1d12+4,1d8+4,40,17,8,5,1d12+4,1d8+4,9.0,A
2296,40,15,5,5,1d12+4,1d8+4,40,15,6,5,1d10+4,1d6+4,2.0,A
2297,40,17,7,5,1d8+4,1d8+4,40,17,6,3,1d8+4,1d8+4,1.0,B
2298,40,18,5,5,1d10+4,1d8+4,40,14,5,3,1d8+4,1d8+4,3.0,B
2299,40,15,5,5,1d8+4,1d8+4,40,15,6,3,1d8+4,1d8+4,0.0,B
2300,40,18,5,5,1d12+4,1d6+4,40,14,5,4,1d12+4,1d6+4,9.0,B
2301,40,17,5,5,1d10+4,1d8+4,40,14,7,4,1d8+4,1d6+4,9.0,A
2302,40,16,6,3,1d12+4,1d6+4,40,17,8,3,1d8+4,1d6+4,3.0,A
2303,40,17,5,4,1d10+4,1d6+4,40,17,7,3,1d12+4,1d6+4,1.0,B
2304,40,15,6,3,1d12+4,1d6+4,40,16,8,5,1d12+4,1d6+4,10.0,B
2305,40,15,7,4,1d8+4,1d8+4,40,14,6,4,1d8+4,1d8+4,9.0,A
2306,40,18,8,5,1d8+4,1d8+4,40,16,8,3,1d8+4,1d8+4,2.0,A
2307,40,16,5,4,1d8+4,1d8+4,40,15,6,4,1d10+4,1d6+4,8.0,A
2308,40,18,8,4,1d12+4,1d8+4,40,17,7,3,1d12+4,1d6+4,1.0,A
2309,40,17,8,4,1d8+4,1d8+4,40,18,7,3,1d10+4,1d6+4,0.0,A
2310,40,14,6,5,1d12+4,1d8+4,40,17,6,3,1d10+4,1d6+4,0.0,A
2311,40,14,8,3,1d12+4,1d6+4,40,15,6,5,1d12+4,1d8+4,0.0,A
2312,40,17,6,4,1d12+4,1d8+4,40,17,8,4,1d8+4,1d6+4,3.0,B
2313,40,18,7,5,1d12+4,1d8+4,40,16,5,4,1d10+4,1d6+4,0.0,B
2314,40,18,8,5,1d10+4,1d6+4,40,15,7,4,1d10+4,1d6+4,0.0,A
2315,40,17,8,4,1d8+4,1d8+4,40,14,6,5,1d12+4,1d6+4,2.0,A
2316,40,16,7,3,1d12+4,1d8+4,40,16,7,3,1d10+4,1d8+4,4.0,B
2317,40,17,6,3,1d10+4,1d8+4,40,16,8,4,1d10+4,1d6+4,8.0,A
2318,40,15,5,3,1d8+4,1d6+4,40,15,8,3,1d12+4,1d8+4,5.0,A
2319,40,15,8,5,1d8+4,1d8+4,40,18,6,4,1d12+4,1d6+4,0.0,A
2320,40,14,8,3,1d10+4,1d8+4,40,16,5,3,1d10+4,1d8+4,9.0,B
2321,40,15,6,3,1d10+4,1d8+4,40,16,5,5,1d10+4,1d6+4,2.0,A
2322,40,15,8,4,1d8+4,1d6+4,40,16,7,4,1d12+4,1d6+4,9.0,A
2323,40,15,5,5,1d12+4,1d8+4,40,17,5,3,1d12+4,1d8+4,9.0,B
2324,40,17,8,5,1d8+4,1d6+4,40,14,8,5,1d8+4,1d8+4,10.0,A
2325,40,16,7,5,1d8+4,1d8+4,40,15,5,3,1d8+4,1d8+4,1.0,A
2326,40,16,7,4,1d12+4,1d6+4,40,16,7,5,1d8+4,1d8+4,10.0,B
2327,40,18,6,5,1d10+4,1d8+4,40,16,7,4,1d10+4,1d6+4,2.0,A
2328,40,18,8,5,1d10+4,1d6+4,40,14,7,5,1d12+4,1d6+4,7.0,A
2329,40,16,5,4,1d10+4,1d8+4,40,14,8,5,1d12+4,1d6+4,7.0,A
2330,40,16,7,4,1d10+4,1d6+4,40,14,6,3,1d10+4,1d8+4,9.0,A
2331,40,18,6,4,1d12+4,1d8+4,40,16,8,5,1d10+4,1d8+4,4.0,A
2332,40,14,5,3,1d8+4,1d6+4,40,18,7,4,1d8+4,1d8+4,0.0,B
2333,40,17,7,3,1d8+4,1d6+4,40,15,5,4,1d12+4,1d8+4,1.0,B
2334,40,17,5,5,1d12+4,1d6+4,40,16,5,3,1d8+4,1d8+4,10.0,A
2335,40,15,5,4,1d12+4,1d8+4,40,15,5,4,1d10+4,1d6+4,1.0,A
2336,40,17,7,3,1d12+4,1d6+4,40,15,6,4,1d12+4,1d8+4,6.0,A
2337,40,17,8,5,1d8+4,1d6+4,40,14,6,3,1d12+4,1d8+4,8.0,A
2338,40,18,6,4,1d10+4,1d6+4,40,14,8,5,1d10+4,1d8+4,10.0,A
2339,40,14,5,4,1d8+4,1d8+4,40,18,8,3,1d8+4,1d8+4,6.0,B
2340,40,14,5,3,1d8+4,1d8+4,40,16,6,5,1d10+4,1d8+4,9.0,B
2341,40,15,7,4,1d10+4,1d6+4,40,16,8,3,1d12+4,1d8+4,7.0,B
2342,40,16,7,4,1d10+4,1d8+4,40,17,5,3,1d10+4,1d8+4,4.0,A
2343,40,14,5,4,1d12+4,1d8+4,40,14,6,3,1d8+4,1d6+4,7.0,B
2344,40,14,6,3,1d10+4,1d8+4,40,14,6,5,1d10+4,1d8+4,8.0,B
2345,40,14,6,5,1d12+4,1d6+4,40,18,6,5,1d8+4,1d8+4,5.0,A
2346,40,17,8,3,1d8+4,1d6+4,40,16,6,3,1d12+4,1d6+4,9.0,A
2347,40,16,6,5,1d12+4,1d6+4,40,18,7,5,1d8+4,1d8+4,4.0,B
2348,40,14,7,4,1d12+4,1d6+4,40,16,8,3,1d8+4,1d6+4,7.0,B
2349,40,18,8,5,1d12+4,1d8+4,40,14,8,5,1d10+4,1d6+4,6.0,A
2350,40,16,8,3,1d10+4,1d6+4,40,16,5,4,1d10+4,1d8+4,10.0,A
2351,40,18,7,5,1d10+4,1d6+4,40,18,7,4,1d8+4,1d8+4,5.0,A
2352,40,18,6,3,1d12+4,1d8+4,40,14,5,3,1d12+4,1d8+4,7.0,A
2353,40,17,8,3,1d10+4,1d6+4,40,15,5,5,1d12+4,1d8+4,3.0,A
2354,40,14,5,5,1d10+4,1d8+4,40,15,7,3,1d8+4,1d6+4,7.0,B
2355,40,17,8,4,1d12+4,1d8+4,40,15,6,5,1d12+4,1d6+4,3.0,A
2356,40,15,5,4,1d12+4,1d8+4,40,17,6,3,1d8+4,1d6+4,5.0,B
2357,40,18,5,3,1d10+4,1d8+4,40,14,5,3,1d8+4,1d8+4,4.0,B
2358,40,15,7,3,1d10+4,1d8+4,40,17,7,4,1d12+4,1d8+4,1.0,B
2359,40,17,5,5,1d10+4,1d8+4,40,14,5,5,1d8+4,1d8+4,3.0,A
2360,40,15,6,4,1d10+4,1d8+4,40,15,8,4,1d10+4,1d6+4,8.0,B
2361,40,18,6,3,1d10+4,1d8+4,40,17,6,3,1d10+4,1d8+4,7.0,B
2362,40,14,5,5,1d8+4,1d8+4,40,15,5,4,1d8+4,1d6+4,9.0,A
2363,40,14,8,3,1d12+4,1d8+4,40,14,6,3,1d12+4,1d6+4,4.0,B
2364,40,16,6,4,1d8+4,1d6+4,40,17,7,5,1d8+4,1d8+4,6.0,B
2365,40,18,5,3,1d12+4,1d6+4,40,16,6,5,1d8+4,1d6+4,5.0,A
2366,40,18,7,3,1d8+4,1d8+4,40,15,6,5,1d8+4,1d8+4,0.0,B
2367,40,17,5,5,1d10+4,1d8+4,40,15,5,3,1d8+4,1d8+4,9.0,A
2368,40,15,6,4,1d8+4,1d6+4,40,15,7,5,1d10+4,1d8+4,0.0,B
2369,40,16,6,5,1d10+4,1d6+4,40,14,6,3,1d8+4,1d6+4,8.0,A
2370,40,16,6,5,1d12+4,1d8+4,40,14,6,5,1d10+4,1d8+4,10.0,B
2371,40,18,5,4,1d12+4,1d6+4,40,18,7,4,1d12+4,1d8+4,7.0,A
2372,40,15,7,5,1d10+4,1d6+4,40,15,8,4,1d10+4,1d8+4,5.0,B
2373,40,14,5,4,1d10+4,1d6+4,40,17,5,3,1d10+4,1d6+4,3.0,B
2374,40,15,5,3,1d12+4,1d6+4,40,17,8,4,1d12+4,1d8+4,10.0,B
2375,40,17,8,3,1d12+4,1d8+4,40,18,7,3,1d10+4,1d8+4,8.0,B
2376,40,18,7,3,1d10+4,1d6+4,40,14,5,5,1d10+4,1d8+4,0.0,A
2377,40,16,8,3,1d8+4,1d8+4,40,18,5,3,1d12+4,1d6+4,5.0,A
2378,40,16,5,5,1d12+4,1d6+4,40,15,7,4,1d10+4,1d8+4,4.0,A
2379,40,15,6,4,1d8+4,1d6+4,40,15,6,3,1d12+4,1d8+4,6.0,B
2380,40,17,8,5,1d12+4,1d6+4,40,16,6,5,1d10+4,1d8+4,10.0,B
2381,40,17,8,4,1d12+4,1d6+4,40,15,8,3,1d12+4,1d8+4,4.0,B
2382,40,16,6,4,1d10+4,1d6+4,40,17,6,3,1d10+4,1d8+4,4.0,B
2383,40,14,6,4,1d8+4,1d8+4,40,14,8,3,1d12+4,1d8+4,0.0,B
2384,40,14,8,3,1d10+4,1d6+4,40,16,8,4,1d8+4,1d6+4,6.0,B
2385,40,15,7,4,1d10+4,1d6+4,40,18,5,4,1d8+4,1d8+4,9.0,B
2386,40,15,5,4,1d12+4,1d8+4,40,14,8,4,1d10+4,1d8+4,8.0,B
2387,40,15,8,4,1d8+4,1d6+4,40,18,7,3,1d8+4,1d8+4,0.0,A
2388,40,14,5,5,1d12+4,1d6+4,40,15,8,4,1d12+4,1d8+4,7.0,B
2389,40,14,8,5,1d8+4,1d6+4,40,15,8,4,1d10+4,1d8+4,7.0,B
2390,40,14,5,3,1d10+4,1d6+4,40,14,8,4,1d12+4,1d6+4,2.0,A
2391,40,16,6,4,1d10+4,1d8+4,40,14,6,5,1d10+4,1d8+4,7.0,A
2392,40,15,5,4,1d12+4,1d8+4,40,17,7,5,1d12+4,1d8+4,6.0,B
2393,40,16,6,3,1d12+4,1d8+4,40,14,5,3,1d8+4,1d8+4,4.0,A
2394,40,18,5,4,1d10+4,1d6+4,40,16,5,3,1d10+4,1d8+4,9.0,B
2395,40,16,5,5,1d8+4,1d6+4,40,14,7,3,1d10+4,1d6+4,2.0,B
2396,40,15,8,4,1d8+4,1d6+4,40,17,6,4,1d12+4,1d6+4,0.0,B
2397,40,18,5,3,1d10+4,1d6+4,40,15,8,5,1d12+4,1d6+4,5.0,A
2398,40,14,7,4,1d12+4,1d8+4,40,17,7,4,1d10+4,1d6+4,7.0,A
2399,40,17,7,5,1d12+4,1d8+4,40,14,8,5,1d8+4,1d6+4,3.0,A
2400,40,15,6,3,1d10+4,1d6+4,40,17,7,3,1d8+4,1d6+4,7.0,A
2401,40,14,8,3,1d8+4,1d8+4,40,14,6,4,1d12+4,1d8+4,9.0,B
2402,40,17,6,4,1d8+4,1d6+4,40,14,5,5,1d8+4,1d6+4,9.0,A
2403,40,18,5,3,1d10+4,1d6+4,40,15,5,4,1d12+4,1d6+4,3.0,A
2404,40,18,6,3,1d8+4,1d8+4,40,16,8,3,1d10+4,1d8+4,5.0,A
2405,40,18,6,4,1d10+4,1d6+4,40,18,5,5,1d12+4,1d6+4,2.0,A
2406,40,17,5,3,1d8+4,1d8+4,40,17,6,5,1d10+4,1d8+4,10.0,B
2407,40,15,6,4,1d10+4,1d6+4,40,16,8,4,1d12+4,1d8+4,3.0,A
2408,40,17,7,4,1d12+4,1d8+4,40,15,6,5,1d8+4,1d6+4,0.0,B
2409,40,16,5,4,1d8+4,1d6+4,40,15,5,3,1d8+4,1d8+4,2.0,B
2410,40,18,6,4,1d8+4,1d8+4,40,17,7,4,1d8+4,1d6+4,4.0,B
2411,40,16,8,5,1d10+4,1d6+4,40,17,8,5,1d8+4,1d6+4,0.0,B
2412,40,18,7,3,1d10+4,1d8+4,40,16,8,4,1d10+4,1d8+4,1.0,A
2413,40,18,7,5,1d10+4,1d8+4,40,16,7,5,1d8+4,1d6+4,8.0,B
2414,40,18,6,4,1d12+4,1d6+4,40,15,6,4,1d10+4,1d6+4,6.0,B
2415,40,14,8,3,1d8+4,1d8+4,40,14,5,3,1d12+4,1d6+4,10.0,B
2416,40,16,8,3,1d8+4,1d6+4,40,14,8,4,1d10+4,1d8+4,2.0,B
2417,40,14,5,4,1d10+4,1d8+4,40,14,6,5,1d12+4,1d6+4,6.0,B
2418,40,17,5,4,1d8+4,1d6+4,40,17,5,5,1d8+4,1d6+4,8.0,B
2419,40,18,6,4,1d10+4,1d8+4,40,14,7,4,1d10+4,1d6+4,7.0,A
2420,40,17,7,5,1d12+4,1d6+4,40,18,7,5,1d10+4,1d8+4,6.0,A
2421,40,18,8,5,1d10+4,1d6+4,40,15,8,5,1d8+4,1d8+4,2.0,A
2422,40,18,8,5,1d12+4,1d6+4,40,18,7,3,1d8+4,1d6+4,9.0,A
2423,40,15,5,3,1d8+4,1d6+4,40,16,8,5,1d10+4,1d8+4,9.0,B
2424,40,18,7,5,1d10+4,1d8+4,40,16,8,3,1d8+4,1d6+4,10.0,A
2425,40,14,6,4,1d10+4,1d8+4,40,17,6,5,1d12+4,1d8+4,7.0,A
2426,40,16,6,5,1d8+4,1d6+4,40,14,5,5,1d10+4,1d6+4,3.0,A
2427,40,16,6,4,1d12+4,1d8+4,40,18,5,3,1d12+4,1d8+4,8.0,A
2428,40,17,8,5,1d12+4,1d8+4,40,14,8,5,1d8+4,1d6+4,4.0,A
2429,40,15,6,4,1d10+4,1d8+4,40,15,7,4,1d10+4,1d6+4,2.0,B
2430,40,15,7,5,1d12+4,1d6+4,40,18,7,5,1d10+4,1d8+4,7.0,B
2431,40,15,8,5,1d12+4,1d6+4,40,18,6,3,1d10+4,1d8+4,7.0,B
2432,40,18,8,3,1d12+4,1d8+4,40,16,5,5,1d10+4,1d8+4,10.0,B
2433,40,18,8,5,1d8+4,1d8+4,40,14,5,3,1d8+4,1d8+4,0.0,B
2434,40,14,6,3,1d8+4,1d8+4,40,15,7,3,1d8+4,1d8+4,9.0,A
2435,40,18,7,5,1d10+4,1d8+4,40,18,8,3,1d12+4,1d6+4,9.0,A
2436,40,18,6,3,1d8+4,1d6+4,40,15,5,4,1d12+4,1d8+4,5.0,B
2437,40,18,8,4,1d10+4,1d6+4,40,17,6,4,1d8+4,1d8+4,1.0,A
2438,40,16,7,5,1d10+4,1d6+4,40,18,5,4,1d8+4,1d6+4,7.0,B
2439,40,16,5,4,1d10+4,1d6+4,40,15,8,4,1d12+4,1d8+4,6.0,B
2440,40,16,5,4,1d10+4,1d6+4,40,16,5,4,1d8+4,1d8+4,2.0,A
2441,40,14,5,5,1d8+4,1d6+4,40,18,6,4,1d8+4,1d6+4,10.0,B
2442,40,15,6,3,1d12+4,1d6+4,40,17,6,3,1d12+4,1d8+4,8.0,B
2443,40,14,5,4,1d12+4,1d8+4,40,18,7,4,1d10+4,1d6+4,3.0,A
2444,40,14,5,5,1d10+4,1d6+4,40,16,7,4,1d10+4,1d8+4,0.0,B
2445,40,14,5,4,1d12+4,1d6+4,40,16,5,4,1d8+4,1d8+4,10.0,B
2446,40,18,5,5,1d10+4,1d6+4,40,18,6,4,1d12+4,1d6+4,3.0,B
2447,40,15,5,4,1d12+4,1d8+4,40,14,6,3,1d10+4,1d8+4,4.0,B
2448,40,15,5,4,1d8+4,1d6+4,40,16,6,5,1d8+4,1d6+4,2.0,B
2449,40,15,6,3,1d10+4,1d6+4,40,18,8,3,1d10+4,1d8+4,2.0,A
2450,40,18,5,5,1d12+4,1d8+4,40,14,7,5,1d12+4,1d8+4,3.0,A
2451,40,16,7,3,1d8+4,1d6+4,40,14,6,4,1d12+4,1d8+4,5.0,B
2452,40,14,7,5,1d8+4,1d8+4,40,16,7,4,1d8+4,1d8+4,3.0,A
2453,40,18,6,4,1d10+4,1d6+4,40,17,8,4,1d12+4,1d8+4,0.0,B
2454,40,17,5,4,1d8+4,1d6+4,40,16,6,5,1d10+4,1d8+4,7.0,B
2455,40,18,6,4,1d10+4,1d8+4,40,14,6,5,1d8+4,1d6+4,6.0,A
2456,40,15,6,4,1d12+4,1d6+4,40,15,7,4,1d12+4,1d8+4,2.0,A
2457,40,14,8,5,1d12+4,1d8+4,40,17,7,4,1d8+4,1d8+4,3.0,A
2458,40,15,5,3,1d8+4,1d8+4,40,18,7,4,1d12+4,1d6+4,0.0,B
2459,40,15,6,4,1d10+4,1d8+4,40,16,5,4,1d10+4,1d8+4,1.0,B
2460,40,16,8,3,1d8+4,1d6+4,40,18,6,3,1d8+4,1d8+4,8.0,B
2461,40,17,5,3,1d8+4,1d8+4,40,16,6,3,1d8+4,1d8+4,4.0,B
2462,40,18,6,3,1d8+4,1d8+4,40,15,8,4,1d8+4,1d6+4,4.0,B
2463,40,15,5,4,1d8+4,1d8+4,40,18,6,5,1d8+4,1d6+4,4.0,B
2464,40,15,5,4,1d10+4,1d8+4,40,17,7,5,1d12+4,1d8+4,10.0,B
2465,40,16,5,5,1d12+4,1d6+4,40,14,5,5,1d12+4,1d6+4,0.0,A
2466,40,15,6,4,1d12+4,1d6+4,40,18,5,5,1d8+4,1d6+4,2.0,A
2467,40,15,5,4,1d10+4,1d6+4,40,17,7,4,1d12+4,1d6+4,4.0,B
2468,40,15,6,3,1d10+4,1d8+4,40,18,8,5,1d12+4,1d8+4,7.0,B
2469,40,15,6,4,1d8+4,1d8+4,40,15,5,3,1d12+4,1d6+4,1.0,B
2470,40,14,5,3,1d12+4,1d8+4,40,14,5,3,1d12+4,1d6+4,8.0,A
2471,40,17,8,4,1d8+4,1d6+4,40,14,5,3,1d10+4,1d6+4,6.0,A
2472,40,17,8,5,1d12+4,1d8+4,40,18,5,5,1d10+4,1d6+4,2.0,A
2473,40,14,6,5,1d10+4,1d6+4,40,15,8,4,1d10+4,1d6+4,7.0,B
2474,40,14,5,5,1d10+4,1d6+4,40,16,7,5,1d10+4,1d6+4,1.0,A
2475,40,17,7,4,1d10+4,1d6+4,40,15,5,4,1d8+4,1d6+4,8.0,A
2476,40,17,8,5,1d10+4,1d8+4,40,17,6,5,1d12+4,1d8+4,2.0,A
2477,40,15,7,5,1d10+4,1d8+4,40,18,5,3,1d10+4,1d8+4,10.0,A
2478,40,15,8,5,1d12+4,1d8+4,40,15,5,4,1d10+4,1d8+4,9.0,B
2479,40,17,8,4,1d8+4,1d6+4,40,18,7,3,1d8+4,1d6+4,3.0,A
2480,40,18,7,4,1d12+4,1d8+4,40,14,8,4,1d12+4,1d6+4,0.0,A
2481,40,18,8,3,1d10+4,1d6+4,40,16,6,5,1d8+4,1d8+4,9.0,B
2482,40,14,7,3,1d12+4,1d6+4,40,17,8,4,1d12+4,1d8+4,0.0,B
2483,40,15,5,5,1d12+4,1d8+4,40,15,8,3,1d10+4,1d8+4,7.0,A
2484,40,16,6,5,1d10+4,1d6+4,40,18,5,3,1d12+4,1d8+4,9.0,A
2485,40,16,8,5,1d8+4,1d8+4,40,17,8,3,1d8+4,1d6+4,1.0,A
2486,40,16,8,4,1d8+4,1d8+4,40,16,7,5,1d12+4,1d8+4,9.0,A
2487,40,18,6,4,1d8+4,1d6+4,40,17,5,4,1d8+4,1d6+4,2.0,A
2488,40,14,6,5,1d8+4,1d8+4,40,15,8,4,1d8+4,1d6+4,5.0,B
2489,40,17,6,5,1d12+4,1d6+4,40,14,8,5,1d8+4,1d8+4,5.0,A
2490,40,18,5,3,1d12+4,1d6+4,40,17,8,3,1d8+4,1d8+4,2.0,B
2491,40,16,8,5,1d8+4,1d6+4,40,16,7,5,1d12+4,1d8+4,9.0,B
2492,40,15,7,3,1d12+4,1d6+4,40,14,7,3,1d10+4,1d8+4,5.0,A
2493,40,16,5,3,1d8+4,1d6+4,40,15,5,4,1d8+4,1d8+4,0.0,B
2494,40,17,5,5,1d12+4,1d6+4,40,18,8,4,1d12+4,1d8+4,10.0,B
2495,40,18,5,3,1d8+4,1d8+4,40,14,8,4,1d12+4,1d6+4,8.0,A
2496,40,16,8,3,1d12+4,1d6+4,40,18,6,4,1d10+4,1d8+4,6.0,A
2497,40,18,5,3,1d8+4,1d6+4,40,15,8,3,1d10+4,1d8+4,7.0,B
2498,40,17,5,4,1d8+4,1d6+4,40,16,8,5,1d12+4,1d6+4,0.0,B
2499,40,15,5,3,1d12+4,1d6+4,40,16,6,3,1d10+4,1d8+4,10.0,A
2500,40,18,5,3,1d12+4,1d6+4,40,18,6,5,1d12+4,1d6+4,8.0,B
2501,40,15,6,3,1d8+4,1d8+4,40,17,5,3,1d12+4,1d6+4,1.0,B
2502,40,17,8,5,1d12+4,1d6+4,40,18,6,4,1d8+4,1d6+4,1.0,B
2503,40,18,6,3,1d12+4,1d6+4,40,17,8,5,1d12+4,1d8+4,4.0,B
2504,40,15,5,5,1d8+4,1d8+4,40,18,8,5,1d12+4,1d8+4,7.0,B
2505,40,18,7,5,1d12+4,1d6+4,40,18,7,4,1d10+4,1d8+4,1.0,A
2506,40,14,6,4,1d10+4,1d8+4,40,16,8,5,1d8+4,1d8+4,10.0,B
2507,40,17,8,3,1d10+4,1d6+4,40,15,6,5,1d8+4,1d6+4,2.0,A
2508,40,18,7,4,1d10+4,1d8+4,40,16,5,5,1d10+4,1d6+4,6.0,A
2509,40,17,5,3,1d12+4,1d8+4,40,18,7,5,1d8+4,1d8+4,3.0,B
2510,40,18,7,3,1d12+4,1d6+4,40,16,8,5,1d8+4,1d6+4,8.0,A
2511,40,17,7,4,1d8+4,1d8+4,40,15,8,5,1d8+4,1d8+4,9.0,A
2512,40,14,7,3,1d8+4,1d6+4,40,14,6,5,1d12+4,1d6+4,0.0,B
2513,40,14,6,3,1d12+4,1d6+4,40,17,8,5,1d10+4,1d8+4,0.0,A
2514,40,16,8,5,1d8+4,1d8+4,40,15,7,4,1d10+4,1d6+4,3.0,A
2515,40,18,8,5,1d8+4,1d8+4,40,18,6,4,1d10+4,1d8+4,2.0,B
2516,40,16,5,4,1d10+4,1d8+4,40,18,7,5,1d12+4,1d6+4,6.0,B
2517,40,18,7,4,1d10+4,1d6+4,40,16,6,4,1d12+4,1d8+4,3.0,B
2518,40,14,6,5,1d8+4,1d6+4,40,15,6,3,1d10+4,1d6+4,7.0,B
2519,40,14,7,5,1d12+4,1d8+4,40,14,5,4,1d12+4,1d6+4,3.0,A
2520,40,18,8,3,1d12+4,1d6+4,40,14,7,3,1d12+4,1d6+4,2.0,A
2521,40,17,8,5,1d10+4,1d6+4,40,14,6,5,1d8+4,1d6+4,9.0,A
2522,40,15,6,5,1d12+4,1d8+4,40,16,8,4,1d12+4,1d8+4,0.0,B
2523,40,14,6,3,1d8+4,1d8+4,40,14,5,3,1d10+4,1d8+4,10.0,B
2524,40,16,8,4,1d12+4,1d8+4,40,14,7,3,1d8+4,1d8+4,7.0,A
2525,40,14,5,5,1d8+4,1d8+4,40,18,8,4,1d12+4,1d6+4,6.0,B
2526,40,18,5,5,1d12+4,1d6+4,40,14,8,5,1d8+4,1d8+4,0.0,A
2527,40,17,8,5,1d10+4,1d8+4,40,18,8,3,1d12+4,1d6+4,0.0,B
2528,40,16,5,4,1d12+4,1d6+4,40,14,5,4,1d8+4,1d8+4,9.0,A
2529,40,14,8,5,1d12+4,1d6+4,40,18,5,4,1d8+4,1d8+4,2.0,A
2530,40,14,5,4,1d12+4,1d8+4,40,16,5,4,1d10+4,1d6+4,7.0,A
2531,40,16,6,4,1d12+4,1d8+4,40,17,7,4,1d12+4,1d6+4,4.0,B
2532,40,16,8,3,1d8+4,1d6+4,40,17,6,3,1d10+4,1d6+4,3.0,B
2533,40,14,7,4,1d8+4,1d6+4,40,14,7,4,1d12+4,1d8+4,4.0,B
2534,40,15,5,4,1d12+4,1d6+4,40,16,6,4,1d8+4,1d8+4,5.0,B
2535,40,17,8,5,1d12+4,1d8+4,40,15,6,3,1d8+4,1d8+4,1.0,A
2536,40,17,7,5,1d10+4,1d6+4,40,18,5,3,1d12+4,1d6+4,7.0,A
2537,40,15,5,3,1d12+4,1d6+4,40,18,6,4,1d12+4,1d8+4,0.0,B
2538,40,17,5,4,1d8+4,1d6+4,40,17,5,4,1d12+4,1d6+4,6.0,B
2539,40,15,5,4,1d12+4,1d6+4,40,18,6,5,1d8+4,1d8+4,5.0,A
2540,40,16,7,4,1d8+4,1d6+4,40,14,7,4,1d12+4,1d6+4,7.0,A
2541,40,18,5,5,1d12+4,1d6+4,40,15,7,5,1d8+4,1d6+4,7.0,A
2542,40,15,5,5,1d12+4,1d6+4,40,17,5,4,1d12+4,1d8+4,4.0,A
2543,40,16,8,3,1d10+4,1d6+4,40,16,7,5,1d10+4,1d8+4,1.0,B
2544,40,14,5,3,1d10+4,1d8+4,40,17,7,5,1d8+4,1d6+4,0.0,B
2545,40,17,5,3,1d12+4,1d6+4,40,17,7,4,1d10+4,1d6+4,4.0,A
2546,40,16,5,5,1d8+4,1d6+4,40,18,8,5,1d10+4,1d8+4,4.0,B
2547,40,14,5,5,1d12+4,1d8+4,40,15,5,4,1d10+4,1d6+4,4.0,B
2548,40,18,8,5,1d8+4,1d6+4,40,16,6,3,1d8+4,1d6+4,9.0,B
2549,40,17,6,5,1d12+4,1d6+4,40,17,5,4,1d10+4,1d8+4,0.0,B
2550,40,14,6,3,1d10+4,1d8+4,40,14,8,5,1d10+4,1d6+4,6.0,A
2551,40,14,8,4,1d10+4,1d8+4,40,15,5,4,1d10+4,1d8+4,7.0,A
2552,40,14,8,4,1d8+4,1d6+4,40,17,7,3,1d12+4,1d6+4,6.0,B
2553,40,15,5,5,1d10+4,1d8+4,40,14,7,4,1d12+4,1d8+4,7.0,B
2554,40,16,8,4,1d12+4,1d8+4,40,18,7,5,1d10+4,1d8+4,8.0,B
2555,40,14,7,4,1d10+4,1d6+4,40,17,7,5,1d10+4,1d6+4,10.0,B
2556,40,17,5,3,1d10+4,1d8+4,40,16,6,3,1d12+4,1d8+4,2.0,A
2557,40,17,8,4,1d8+4,1d6+4,40,18,5,5,1d10+4,1d8+4,10.0,B
2558,40,16,6,4,1d8+4,1d6+4,40,14,8,4,1d10+4,1d8+4,3.0,B
2559,40,15,6,3,1d8+4,1d8+4,40,14,5,4,1d10+4,1d6+4,8.0,B
2560,40,18,6,3,1d12+4,1d8+4,40,15,8,4,1d8+4,1d6+4,8.0,A
2561,40,14,7,4,1d12+4,1d8+4,40,14,7,4,1d10+4,1d6+4,0.0,A
2562,40,17,6,4,1d8+4,1d8+4,40,16,7,5,1d12+4,1d8+4,6.0,A
2563,40,18,5,3,1d12+4,1d6+4,40,17,5,3,1d10+4,1d8+4,1.0,A
2564,40,16,6,3,1d8+4,1d8+4,40,17,6,3,1d8+4,1d8+4,6.0,B
2565,40,18,5,4,1d10+4,1d8+4,40,17,7,3,1d12+4,1d6+4,7.0,A
2566,40,18,8,3,1d8+4,1d6+4,40,17,5,4,1d10+4,1d6+4,4.0,B
2567,40,16,7,4,1d8+4,1d6+4,40,17,7,3,1d8+4,1d6+4,5.0,B
2568,40,17,5,3,1d10+4,1d6+4,40,15,6,5,1d12+4,1d6+4,10.0,A
2569,40,17,5,4,1d10+4,1d6+4,40,15,5,4,1d10+4,1d6+4,0.0,B
2570,40,18,6,4,1d8+4,1d6+4,40,17,7,4,1d12+4,1d6+4,1.0,B
2571,40,14,6,3,1d8+4,1d6+4,40,15,5,5,1d10+4,1d8+4,5.0,A
2572,40,15,7,3,1d8+4,1d8+4,40,16,7,5,1d12+4,1d6+4,10.0,A
2573,40,15,7,3,1d10+4,1d6+4,40,14,5,3,1d8+4,1d8+4,0.0,A
2574,40,14,7,3,1d12+4,1d8+4,40,16,5,4,1d8+4,1d6+4,5.0,A
2575,40,17,8,5,1d8+4,1d6+4,40,17,5,5,1d10+4,1d8+4,7.0,A
2576,40,18,6,4,1d8+4,1d6+4,40,17,7,4,1d10+4,1d8+4,2.0,A
2577,40,18,6,3,1d8+4,1d6+4,40,15,7,3,1d8+4,1d6+4,4.0,B
2578,40,18,7,5,1d10+4,1d6+4,40,17,6,3,1d10+4,1d8+4,3.0,B
2579,40,14,6,4,1d12+4,1d8+4,40,15,5,3,1d12+4,1d6+4,4.0,B
2580,40,18,5,4,1d8+4,1d6+4,40,18,8,3,1d10+4,1d6+4,10.0,B
2581,40,16,5,4,1d12+4,1d8+4,40,14,8,5,1d8+4,1d8+4,6.0,B
2582,40,16,5,3,1d12+4,1d6+4,40,17,5,4,1d10+4,1d8+4,0.0,A
2583,40,16,8,5,1d8+4,1d6+4,40,18,8,3,1d10+4,1d8+4,2.0,B
2584,40,17,7,3,1d8+4,1d8+4,40,17,8,3,1d10+4,1d6+4,3.0,A
2585,40,17,7,4,1d8+4,1d8+4,40,17,7,4,1d10+4,1d6+4,7.0,A
2586,40,18,7,3,1d10+4,1d8+4,40,14,6,3,1d8+4,1d6+4,6.0,A
2587,40,16,6,4,1d8+4,1d6+4,40,17,6,3,1d8+4,1d6+4,5.0,A
2588,40,18,7,5,1d10+4,1d8+4,40,15,5,3,1d10+4,1d6+4,7.0,A
2589,40,15,5,4,1d12+4,1d8+4,40,17,6,4,1d10+4,1d6+4,5.0,B
2590,40,17,8,3,1d12+4,1d6+4,40,17,8,4,1d12+4,1d8+4,5.0,B
2591,40,14,8,5,1d10+4,1d8+4,40,16,7,4,1d8+4,1d6+4,8.0,B
2592,40,14,8,5,1d8+4,1d8+4,40,18,6,4,1d12+4,1d6+4,2.0,A
2593,40,16,8,4,1d10+4,1d6+4,40,17,7,4,1d10+4,1d8+4,10.0,A
2594,40,18,6,5,1d10+4,1d6+4,40,14,8,5,1d12+4,1d6+4,6.0,A
2595,40,16,7,3,1d12+4,1d6+4,40,18,5,5,1d8+4,1d8+4,4.0,A
2596,40,14,7,3,1d10+4,1d6+4,40,15,6,5,1d10+4,1d8+4,1.0,B
2597,40,14,7,5,1d8+4,1d6+4,40,15,7,3,1d12+4,1d6+4,1.0,B
2598,40,15,5,5,1d8+4,1d8+4,40,14,8,4,1d8+4,1d8+4,5.0,A
2599,40,17,7,3,1d8+4,1d8+4,40,15,6,5,1d12+4,1d6+4,3.0,A
2600,40,14,7,3,1d8+4,1d8+4,40,14,8,5,1d12+4,1d6+4,7.0,B
2601,40,16,5,5,1d10+4,1d6+4,40,15,6,3,1d8+4,1d8+4,0.0,B
2602,40,15,6,5,1d12+4,1d8+4,40,18,7,5,1d12+4,1d6+4,10.0,A
2603,40,16,7,5,1d10+4,1d6+4,40,14,7,3,1d12+4,1d6+4,9.0,B
2604,40,16,6,3,1d12+4,1d6+4,40,14,8,3,1d12+4,1d8+4,7.0,B
2605,40,14,6,5,1d12+4,1d6+4,40,18,5,5,1d12+4,1d8+4,5.0,B
2606,40,14,7,4,1d12+4,1d8+4,40,17,5,4,1d10+4,1d8+4,8.0,B
2607,40,17,5,3,1d12+4,1d8+4,40,15,6,3,1d12+4,1d8+4,8.0,A
2608,40,14,5,5,1d10+4,1d8+4,40,16,7,5,1d10+4,1d8+4,8.0,B
2609,40,17,7,3,1d8+4,1d8+4,40,14,5,4,1d10+4,1d6+4,4.0,A
2610,40,14,8,4,1d8+4,1d6+4,40,16,8,5,1d12+4,1d8+4,6.0,A
2611,40,15,7,4,1d8+4,1d8+4,40,16,5,4,1d10+4,1d6+4,5.0,A
2612,40,18,5,4,1d12+4,1d6+4,40,17,6,5,1d10+4,1d8+4,6.0,A
2613,40,16,7,3,1d10+4,1d8+4,40,15,7,5,1d12+4,1d6+4,6.0,B
2614,40,15,8,3,1d8+4,1d8+4,40,18,5,5,1d12+4,1d6+4,5.0,B
2615,40,16,6,3,1d8+4,1d8+4,40,15,6,5,1d8+4,1d6+4,3.0,B
2616,40,14,8,3,1d12+4,1d6+4,40,14,5,5,1d10+4,1d8+4,7.0,A
2617,40,15,8,4,1d10+4,1d8+4,40,18,7,4,1d12+4,1d8+4,4.0,A
2618,40,16,7,3,1d8+4,1d8+4,40,17,8,5,1d8+4,1d6+4,10.0,B
2619,40,18,5,5,1d12+4,1d6+4,40,14,5,5,1d10+4,1d6+4,2.0,A
2620,40,15,8,4,1d12+4,1d8+4,40,18,5,4,1d12+4,1d8+4,6.0,B
2621,40,16,7,4,1d12+4,1d8+4,40,18,7,3,1d10+4,1d8+4,9.0,A
2622,40,16,6,5,1d8+4,1d8+4,40,17,7,3,1d8+4,1d6+4,2.0,B
2623,40,14,7,4,1d12+4,1d6+4,40,14,6,5,1d12+4,1d6+4,7.0,B
2624,40,18,5,5,1d8+4,1d8+4,40,15,8,4,1d10+4,1d6+4,3.0,A
2625,40,15,5,3,1d8+4,1d8+4,40,17,7,3,1d8+4,1d8+4,6.0,B
2626,40,15,6,3,1d10+4,1d8+4,40,14,5,5,1d8+4,1d6+4,5.0,A
2627,40,14,7,3,1d10+4,1d8+4,40,17,5,4,1d10+4,1d8+4,0.0,A
2628,40,15,5,4,1d8+4,1d8+4,40,17,7,4,1d8+4,1d6+4,6.0,B
2629,40,14,7,4,1d12+4,1d8+4,40,15,5,3,1d12+4,1d8+4,3.0,B
2630,40,15,6,3,1d8+4,1d8+4,40,14,8,4,1d10+4,1d6+4,8.0,A
2631,40,14,5,4,1d10+4,1d6+4,40,16,7,5,1d12+4,1d8+4,4.0,A
2632,40,18,6,3,1d12+4,1d8+4,40,17,6,5,1d10+4,1d8+4,0.0,A
2633,40,18,7,3,1d8+4,1d8+4,40,17,6,5,1d8+4,1d8+4,5.0,B
2634,40,15,5,3,1d8+4,1d6+4,40,18,7,3,1d10+4,1d8+4,8.0,B
2635,40,17,6,4,1d8+4,1d6+4,40,15,7,3,1d8+4,1d6+4,3.0,A
2636,40,14,8,5,1d10+4,1d8+4,40,17,7,3,1d8+4,1d8+4,3.0,A
2637,40,15,5,5,1d12+4,1d6+4,40,16,7,5,1d8+4,1d6+4,7.0,A
2638,40,16,6,3,1d12+4,1d6+4,40,15,7,5,1d12+4,1d8+4,4.0,A
2639,40,14,6,3,1d8+4,1d8+4,40,16,8,4,1d12+4,1d8+4,2.0,B
2640,40,15,8,5,1d10+4,1d6+4,40,17,7,4,1d10+4,1d8+4,3.0,A
2641,40,16,5,4,1d12+4,1d8+4,40,18,8,3,1d8+4,1d6+4,6.0,A
2642,40,18,5,4,1d8+4,1d8+4,40,17,7,3,1d8+4,1d6+4,2.0,B
2643,40,14,5,3,1d12+4,1d8+4,40,18,5,4,1d10+4,1d6+4,7.0,B
2644,40,16,5,5,1d12+4,1d6+4,40,14,8,4,1d8+4,1d8+4,8.0,A
2645,40,14,5,5,1d8+4,1d6+4,40,14,5,3,1d8+4,1d6+4,9.0,B
2646,40,14,8,5,1d8+4,1d6+4,40,17,6,3,1d12+4,1d6+4,2.0,B
2647,40,14,8,5,1d10+4,1d6+4,40,18,7,4,1d10+4,1d6+4,3.0,A
2648,40,15,7,5,1d8+4,1d8+4,40,18,8,5,1d8+4,1d6+4,7.0,A
2649,40,17,7,5,1d10+4,1d8+4,40,15,5,3,1d8+4,1d8+4,5.0,A
2650,40,15,5,4,1d8+4,1d8+4,40,15,7,3,1d8+4,1d6+4,6.0,A
2651,40,14,7,4,1d12+4,1d6+4,40,16,8,5,1d10+4,1d8+4,6.0,B
2652,40,15,5,5,1d10+4,1d6+4,40,18,6,5,1d10+4,1d8+4,6.0,A
2653,40,15,7,4,1d12+4,1d6+4,40,14,5,3,1d8+4,1d6+4,6.0,A
2654,40,14,7,5,1d12+4,1d8+4,40,17,8,3,1d12+4,1d6+4,6.0,B
2655,40,18,7,5,1d8+4,1d6+4,40,18,8,5,1d8+4,1d8+4,0.0,B
2656,40,17,7,5,1d12+4,1d6+4,40,16,6,4,1d8+4,1d8+4,10.0,A
2657,40,17,7,5,1d12+4,1d8+4,40,18,5,5,1d10+4,1d8+4,8.0,A
2658,40,14,6,3,1d10+4,1d8+4,40,16,6,5,1d8+4,1d8+4,8.0,A
2659,40,16,6,3,1d8+4,1d6+4,40,17,7,5,1d8+4,1d6+4,2.0,A
2660,40,17,5,4,1d12+4,1d8+4,40,14,5,4,1d8+4,1d6+4,0.0,A
2661,40,15,7,5,1d12+4,1d8+4,40,15,5,5,1d10+4,1d8+4,5.0,A
2662,40,15,7,5,1d8+4,1d8+4,40,15,8,4,1d8+4,1d8+4,7.0,B
2663,40,14,7,4,1d8+4,1d8+4,40,15,8,5,1d8+4,1d6+4,2.0,B
2664,40,16,6,5,1d8+4,1d8+4,40,15,8,3,1d12+4,1d6+4,8.0,A
2665,40,15,6,4,1d12+4,1d6+4,40,14,8,4,1d8+4,1d6+4,10.0,B
2666,40,18,6,5,1d8+4,1d6+4,40,17,6,5,1d8+4,1d6+4,10.0,A
2667,40,18,8,4,1d10+4,1d8+4,40,15,8,4,1d12+4,1d6+4,2.0,B
2668,40,17,5,4,1d8+4,1d8+4,40,15,6,4,1d12+4,1d8+4,7.0,B
2669,40,14,6,5,1d10+4,1d8+4,40,16,8,3,1d8+4,1d8+4,8.0,A
2670,40,14,8,3,1d8+4,1d8+4,40,18,5,3,1d12+4,1d6+4,2.0,A
2671,40,15,5,5,1d10+4,1d8+4,40,18,8,5,1d12+4,1d6+4,6.0,B
2672,40,16,6,4,1d12+4,1d6+4,40,16,7,4,1d12+4,1d6+4,7.0,B
2673,40,14,8,5,1d8+4,1d8+4,40,15,5,3,1d8+4,1d8+4,2.0,A
2674,40,15,8,4,1d8+4,1d8+4,40,18,5,5,1d8+4,1d8+4,9.0,B
2675,40,14,8,4,1d12+4,1d8+4,40,14,6,3,1d10+4,1d8+4,7.0,B
2676,40,16,8,4,1d8+4,1d6+4,40,14,6,5,1d8+4,1d6+4,5.0,B
2677,40,18,6,5,1d12+4,1d6+4,40,17,5,5,1d12+4,1d6+4,10.0,A
2678,40,18,5,4,1d8+4,1d8+4,40,18,7,5,1d8+4,1d8+4,8.0,B
2679,40,15,7,3,1d10+4,1d6+4,40,15,7,4,1d10+4,1d6+4,7.0,B
2680,40,15,5,4,1d10+4,1d8+4,40,15,6,5,1d8+4,1d8+4,1.0,B
2681,40,16,6,5,1d10+4,1d8+4,40,16,5,5,1d8+4,1d8+4,4.0,A
2682,40,18,5,5,1d8+4,1d6+4,40,14,7,4,1d10+4,1d8+4,0.0,B
2683,40,18,8,3,1d10+4,1d8+4,40,18,7,3,1d10+4,1d8+4,10.0,A
2684,40,14,6,5,1d12+4,1d6+4,40,16,7,3,1d12+4,1d6+4,0.0,A
2685,40,17,5,5,1d12+4,1d8+4,40,16,5,5,1d12+4,1d6+4,3.0,B
2686,40,16,7,4,1d8+4,1d6+4,40,17,6,5,1d10+4,1d8+4,7.0,A
2687,40,16,5,3,1d8+4,1d8+4,40,18,8,3,1d12+4,1d8+4,6.0,A
2688,40,14,6,3,1d8+4,1d6+4,40,16,8,4,1d8+4,1d8+4,9.0,A
2689,40,16,5,5,1d8+4,1d8+4,40,14,6,5,1d10+4,1d8+4,8.0,A
2690,40,14,7,4,1d8+4,1d6+4,40,17,5,3,1d10+4,1d8+4,3.0,A
2691,40,18,6,4,1d12+4,1d6+4,40,16,6,5,1d8+4,1d6+4,4.0,B
2692,40,17,8,3,1d10+4,1d8+4,40,15,8,5,1d12+4,1d8+4,5.0,B
2693,40,16,5,4,1d8+4,1d6+4,40,18,5,4,1d12+4,1d8+4,0.0,A
2694,40,14,7,4,1d10+4,1d6+4,40,15,7,4,1d8+4,1d6+4,3.0,A
2695,40,18,7,3,1d8+4,1d6+4,40,17,7,3,1d10+4,1d6+4,9.0,A
2696,40,16,5,5,1d10+4,1d8+4,40,17,7,3,1d8+4,1d8+4,3.0,B
2697,40,15,6,4,1d10+4,1d8+4,40,16,5,5,1d12+4,1d8+4,6.0,A
2698,40,16,7,5,1d8+4,1d6+4,40,15,8,4,1d12+4,1d6+4,3.0,A
2699,40,15,7,5,1d10+4,1d8+4,40,16,6,5,1d10+4,1d8+4,3.0,A
2700,40,17,8,3,1d10+4,1d8+4,40,17,8,3,1d12+4,1d8+4,2.0,A
2701,40,15,5,4,1d8+4,1d6+4,40,14,8,3,1d8+4,1d8+4,0.0,A
2702,40,15,6,5,1d12+4,1d6+4,40,14,8,5,1d8+4,1d8+4,7.0,A
2703,40,15,6,4,1d12+4,1d6+4,40,14,7,5,1d10+4,1d6+4,6.0,B
2704,40,15,8,4,1d10+4,1d6+4,40,15,8,5,1d12+4,1d8+4,7.0,A
2705,40,16,5,3,1d12+4,1d8+4,40,14,6,4,1d8+4,1d6+4,0.0,A
2706,40,17,8,5,1d12+4,1d6+4,40,14,5,4,1d8+4,1d8+4,9.0,B
2707,40,16,7,5,1d8+4,1d8+4,40,15,7,5,1d12+4,1d8+4,7.0,A
2708,40,16,7,5,1d10+4,1d8+4,40,15,6,3,1d8+4,1d6+4,2.0,B
2709,40,16,6,3,1d10+4,1d6+4,40,14,5,4,1d8+4,1d8+4,8.0,B
2710,40,14,7,3,1d10+4,1d8+4,40,14,8,4,1d12+4,1d8+4,9.0,B
2711,40,14,5,4,1d8+4,1d8+4,40,16,8,5,1d12+4,1d6+4,1.0,B
2712,40,17,6,4,1d12+4,1d8+4,40,16,5,5,1d12+4,1d6+4,8.0,A
2713,40,16,8,4,1d8+4,1d6+4,40,17,7,3,1d8+4,1d6+4,4.0,B
2714,40,16,5,3,1d12+4,1d6+4,40,14,5,4,1d10+4,1d8+4,6.0,A
2715,40,14,5,3,1d12+4,1d6+4,40,15,5,5,1d8+4,1d8+4,2.0,B
2716,40,18,8,4,1d10+4,1d8+4,40,18,8,4,1d8+4,1d8+4,3.0,B
2717,40,18,7,3,1d8+4,1d8+4,40,18,5,4,1d12+4,1d6+4,7.0,B
2718,40,14,8,4,1d8+4,1d8+4,40,18,8,3,1d12+4,1d6+4,4.0,B
2719,40,17,5,5,1d10+4,1d6+4,40,16,8,5,1d10+4,1d6+4,10.0,B
2720,40,17,8,3,1d10+4,1d8+4,40,17,5,4,1d12+4,1d6+4,0.0,A
2721,40,15,6,4,1d10+4,1d8+4,40,18,7,5,1d10+4,1d6+4,6.0,A
2722,40,15,8,3,1d8+4,1d6+4,40,14,6,3,1d8+4,1d8+4,0.0,A
2723,40,14,7,3,1d10+4,1d8+4,40,17,8,5,1d12+4,1d8+4,1.0,B
2724,40,17,5,5,1d8+4,1d6+4,40,16,7,4,1d12+4,1d6+4,7.0,B
2725,40,18,6,4,1d12+4,1d6+4,40,14,5,3,1d8+4,1d8+4,10.0,A
2726,40,15,7,4,1d10+4,1d8+4,40,14,6,5,1d8+4,1d8+4,2.0,A
2727,40,14,6,3,1d8+4,1d6+4,40,18,5,3,1d8+4,1d6+4,6.0,B
2728,40,17,7,4,1d10+4,1d6+4,40,18,5,4,1d8+4,1d6+4,6.0,B
2729,40,15,5,3,1d8+4,1d8+4,40,15,8,4,1d12+4,1d6+4,6.0,B
2730,40,15,7,3,1d10+4,1d6+4,40,15,8,5,1d12+4,1d8+4,5.0,A
2731,40,18,7,4,1d12+4,1d8+4,40,17,8,5,1d10+4,1d6+4,5.0,A
2732,40,15,7,3,1d12+4,1d8+4,40,15,5,4,1d8+4,1d6+4,4.0,A
2733,40,17,5,5,1d8+4,1d6+4,40,17,8,5,1d12+4,1d6+4,8.0,B
2734,40,16,6,3,1d12+4,1d8+4,40,14,5,5,1d8+4,1d6+4,9.0,A
2735,40,18,5,4,1d12+4,1d8+4,40,17,5,4,1d8+4,1d6+4,6.0,A
2736,40,16,5,5,1d12+4,1d6+4,40,16,7,5,1d12+4,1d8+4,2.0,A
2737,40,18,5,5,1d8+4,1d8+4,40,14,5,3,1d8+4,1d8+4,6.0,A
2738,40,15,7,3,1d12+4,1d6+4,40,15,7,4,1d10+4,1d8+4,8.0,A
2739,40,17,7,3,1d10+4,1d8+4,40,17,6,5,1d8+4,1d6+4,4.0,A
2740,40,15,7,5,1d8+4,1d6+4,40,15,6,3,1d10+4,1d6+4,5.0,A
2741,40,14,6,5,1d12+4,1d8+4,40,17,6,5,1d10+4,1d8+4,7.0,A
2742,40,16,7,4,1d10+4,1d8+4,40,14,5,3,1d8+4,1d6+4,9.0,A
2743,40,17,5,3,1d8+4,1d6+4,40,14,6,4,1d8+4,1d6+4,0.0,A
2744,40,15,8,5,1d8+4,1d8+4,40,18,6,3,1d12+4,1d8+4,9.0,B
2745,40,15,8,3,1d12+4,1d6+4,40,14,8,5,1d8+4,1d8+4,5.0,A
2746,40,15,5,5,1d10+4,1d8+4,40,18,6,4,1d10+4,1d8+4,8.0,B
2747,40,15,5,3,1d10+4,1d6+4,40,16,5,3,1d12+4,1d6+4,9.0,B
2748,40,15,5,3,1d12+4,1d8+4,40,18,6,4,1d10+4,1d6+4,3.0,B
2749,40,17,6,5,1d12+4,1d8+4,40,15,5,4,1d12+4,1d6+4,5.0,A
2750,40,16,7,5,1d10+4,1d6+4,40,18,7,4,1d10+4,1d6+4,10.0,B
2751,40,16,7,5,1d10+4,1d6+4,40,18,7,4,1d12+4,1d8+4,10.0,B
2752,40,16,8,3,1d8+4,1d6+4,40,18,6,5,1d8+4,1d6+4,5.0,A
2753,40,17,6,4,1d10+4,1d6+4,40,14,5,3,1d10+4,1d8+4,0.0,A
2754,40,17,7,4,1d8+4,1d8+4,40,16,7,5,1d10+4,1d8+4,2.0,A
2755,40,18,6,5,1d12+4,1d8+4,40,17,6,5,1d8+4,1d6+4,7.0,B
2756,40,14,8,4,1d12+4,1d6+4,40,17,7,3,1d10+4,1d8+4,1.0,B
2757,40,14,5,3,1d8+4,1d6+4,40,15,5,4,1d10+4,1d6+4,2.0,B
2758,40,18,7,5,1d8+4,1d6+4,40,15,8,4,1d8+4,1d6+4,1.0,A
2759,40,18,7,3,1d10+4,1d6+4,40,17,8,5,1d12+4,1d6+4,6.0,B
2760,40,16,6,5,1d8+4,1d6+4,40,17,8,5,1d10+4,1d6+4,3.0,A
2761,40,14,7,4,1d12+4,1d6+4,40,14,7,3,1d10+4,1d6+4,1.0,A
2762,40,15,8,3,1d10+4,1d6+4,40,18,5,3,1d12+4,1d8+4,8.0,B
2763,40,18,8,4,1d12+4,1d6+4,40,18,7,5,1d10+4,1d8+4,9.0,A
2764,40,16,5,5,1d10+4,1d8+4,40,18,8,5,1d10+4,1d6+4,1.0,B
2765,40,14,8,3,1d12+4,1d6+4,40,16,7,4,1d8+4,1d8+4,10.0,A
2766,40,17,8,3,1d12+4,1d6+4,40,15,8,4,1d12+4,1d8+4,7.0,A
2767,40,15,5,3,1d12+4,1d8+4,40,18,6,3,1d12+4,1d8+4,8.0,B
2768,40,14,7,4,1d12+4,1d8+4,40,17,6,5,1d8+4,1d6+4,0.0,A
2769,40,17,7,5,1d8+4,1d6+4,40,18,6,5,1d8+4,1d8+4,3.0,A
2770,40,17,6,4,1d12+4,1d6+4,40,17,7,5,1d10+4,1d8+4,4.0,A
2771,40,17,8,5,1d8+4,1d8+4,40,17,5,3,1d12+4,1d8+4,7.0,A
2772,40,18,6,5,1d10+4,1d8+4,40,16,6,4,1d12+4,1d8+4,8.0,A
2773,40,18,7,3,1d10+4,1d8+4,40,15,5,5,1d12+4,1d8+4,1.0,A
2774,40,15,6,3,1d12+4,1d8+4,40,16,7,4,1d8+4,1d6+4,3.0,B
2775,40,14,8,5,1d12+4,1d8+4,40,18,8,5,1d10+4,1d6+4,2.0,B
2776,40,17,6,3,1d8+4,1d6+4,40,14,5,4,1d10+4,1d8+4,2.0,B
2777,40,14,8,4,1d8+4,1d8+4,40,16,5,4,1d12+4,1d6+4,5.0,A
2778,40,15,5,4,1d8+4,1d6+4,40,14,6,3,1d8+4,1d6+4,10.0,A
2779,40,14,6,5,1d12+4,1d8+4,40,16,8,5,1d10+4,1d8+4,2.0,B
2780,40,14,6,5,1d10+4,1d8+4,40,14,6,3,1d8+4,1d6+4,9.0,B
2781,40,17,5,5,1d8+4,1d6+4,40,18,8,4,1d10+4,1d8+4,3.0,A
2782,40,16,5,4,1d12+4,1d6+4,40,17,8,3,1d8+4,1d8+4,0.0,A
2783,40,15,7,5,1d12+4,1d8+4,40,18,5,3,1d10+4,1d8+4,9.0,A
2784,40,15,5,3,1d12+4,1d8+4,40,18,6,5,1d12+4,1d6+4,6.0,A
2785,40,16,5,3,1d8+4,1d8+4,40,16,7,5,1d10+4,1d8+4,0.0,B
2786,40,16,6,5,1d10+4,1d8+4,40,15,5,5,1d10+4,1d6+4,0.0,B
2787,40,18,5,4,1d8+4,1d8+4,40,15,8,5,1d12+4,1d6+4,4.0,B
2788,40,15,8,3,1d12+4,1d8+4,40,17,7,4,1d8+4,1d6+4,7.0,B
2789,40,18,8,4,1d10+4,1d8+4,40,17,6,4,1d10+4,1d6+4,1.0,B
2790,40,16,7,5,1d12+4,1d8+4,40,14,6,4,1d12+4,1d8+4,9.0,A
2791,40,18,5,4,1d12+4,1d6+4,40,18,6,4,1d8+4,1d6+4,0.0,A
2792,40,18,6,5,1d8+4,1d6+4,40,16,7,5,1d10+4,1d8+4,10.0,B
2793,40,17,6,4,1d10+4,1d6+4,40,16,6,4,1d10+4,1d8+4,1.0,A
2794,40,15,6,4,1d8+4,1d8+4,40,15,6,5,1d10+4,1d6+4,9.0,A
2795,40,17,8,5,1d12+4,1d6+4,40,16,7,5,1d8+4,1d6+4,3.0,A
2796,40,16,6,3,1d10+4,1d6+4,40,17,6,4,1d8+4,1d6+4,6.0,A
2797,40,17,5,4,1d10+4,1d6+4,40,15,8,5,1d10+4,1d8+4,4.0,A
2798,40,17,5,3,1d8+4,1d6+4,40,15,6,3,1d10+4,1d6+4,8.0,A
2799,40,15,7,5,1d8+4,1d8+4,40,14,8,5,1d12+4,1d6+4,7.0,B
2800,40,15,6,3,1d12+4,1d8+4,40,16,5,5,1d12+4,1d8+4,1.0,A
2801,40,18,8,4,1d10+4,1d6+4,40,18,6,3,1d10+4,1d8+4,0.0,A
2802,40,17,6,5,1d8+4,1d6+4,40,18,5,4,1d10+4,1d6+4,4.0,A
2803,40,16,8,4,1d10+4,1d8+4,40,15,8,4,1d8+4,1d6+4,10.0,A
2804,40,18,6,5,1d8+4,1d6+4,40,15,7,5,1d10+4,1d6+4,9.0,A
2805,40,14,8,4,1d10+4,1d8+4,40,18,6,3,1d8+4,1d8+4,4.0,B
2806,40,14,6,5,1d12+4,1d6+4,40,16,6,4,1d12+4,1d8+4,0.0,B
2807,40,18,6,3,1d10+4,1d6+4,40,18,7,3,1d8+4,1d8+4,0.0,A
2808,40,18,8,4,1d8+4,1d6+4,40,15,8,4,1d8+4,1d6+4,6.0,A
2809,40,16,8,4,1d8+4,1d6+4,40,14,7,3,1d8+4,1d6+4,10.0,B
2810,40,16,7,4,1d8+4,1d6+4,40,16,8,5,1d12+4,1d6+4,0.0,A
2811,40,18,5,4,1d12+4,1d8+4,40,15,7,3,1d8+4,1d8+4,9.0,A
2812,40,16,6,4,1d12+4,1d6+4,40,18,5,5,1d12+4,1d8+4,0.0,A
2813,40,18,7,4,1d10+4,1d6+4,40,14,5,5,1d10+4,1d6+4,10.0,A
2814,40,17,5,4,1d8+4,1d8+4,40,16,7,3,1d12+4,1d6+4,7.0,A
2815,40,18,8,5,1d10+4,1d8+4,40,18,6,3,1d10+4,1d6+4,5.0,A
2816,40,14,5,4,1d12+4,1d8+4,40,16,8,3,1d10+4,1d6+4,7.0,B
2817,40,18,5,3,1d8+4,1d6+4,40,18,8,5,1d8+4,1d6+4,9.0,A
2818,40,17,5,3,1d8+4,1d8+4,40,18,6,5,1d12+4,1d8+4,2.0,B
2819,40,16,7,3,1d8+4,1d6+4,40,17,5,3,1d8+4,1d8+4,7.0,A
2820,40,14,7,5,1d12+4,1d8+4,40,17,7,4,1d10+4,1d8+4,5.0,A
2821,40,14,6,3,1d8+4,1d8+4,40,14,5,3,1d8+4,1d8+4,5.0,A
2822,40,17,6,5,1d10+4,1d8+4,40,15,8,3,1d8+4,1d8+4,2.0,A
2823,40,16,5,3,1d8+4,1d6+4,40,15,6,3,1d12+4,1d6+4,4.0,A
2824,40,16,5,3,1d10+4,1d6+4,40,18,6,4,1d10+4,1d6+4,0.0,B
2825,40,18,7,5,1d12+4,1d8+4,40,17,5,5,1d8+4,1d8+4,1.0,A
2826,40,18,5,3,1d8+4,1d8+4,40,18,8,5,1d10+4,1d6+4,10.0,B
2827,40,14,7,5,1d8+4,1d8+4,40,16,6,4,1d12+4,1d8+4,3.0,B
2828,40,14,5,5,1d10+4,1d8+4,40,16,7,5,1d10+4,1d6+4,2.0,B
2829,40,17,5,4,1d12+4,1d6+4,40,18,7,3,1d8+4,1d6+4,2.0,B
2830,40,18,7,4,1d8+4,1d6+4,40,17,6,5,1d12+4,1d8+4,2.0,B
2831,40,18,8,5,1d8+4,1d8+4,40,14,7,4,1d10+4,1d8+4,9.0,B
2832,40,18,7,4,1d10+4,1d6+4,40,15,8,3,1d8+4,1d6+4,5.0,B
2833,40,16,7,3,1d12+4,1d6+4,40,17,5,5,1d12+4,1d6+4,0.0,A
2834,40,18,6,3,1d8+4,1d8+4,40,18,8,3,1d10+4,1d8+4,7.0,B
2835,40,18,8,3,1d8+4,1d8+4,40,17,8,3,1d12+4,1d6+4,9.0,B
2836,40,16,6,3,1d12+4,1d6+4,40,17,8,3,1d12+4,1d6+4,7.0,A
2837,40,17,7,3,1d8+4,1d6+4,40,18,7,4,1d12+4,1d8+4,8.0,B
2838,40,17,7,3,1d12+4,1d6+4,40,16,8,3,1d8+4,1d6+4,5.0,B
2839,40,16,7,5,1d8+4,1d8+4,40,16,7,4,1d10+4,1d8+4,10.0,A
2840,40,16,5,4,1d8+4,1d6+4,40,15,8,3,1d12+4,1d8+4,1.0,A
2841,40,16,6,4,1d8+4,1d6+4,40,15,6,3,1d8+4,1d8+4,10.0,B
2842,40,18,5,4,1d12+4,1d8+4,40,14,5,3,1d12+4,1d6+4,8.0,A
2843,40,18,7,5,1d12+4,1d6+4,40,18,8,4,1d8+4,1d8+4,0.0,A
2844,40,17,6,3,1d8+4,1d8+4,40,16,5,4,1d12+4,1d6+4,4.0,B
2845,40,15,7,3,1d8+4,1d8+4,40,18,6,4,1d8+4,1d8+4,9.0,A
2846,40,14,5,5,1d10+4,1d6+4,40,18,5,4,1d10+4,1d6+4,5.0,A
2847,40,14,7,3,1d10+4,1d8+4,40,14,5,5,1d10+4,1d6+4,2.0,A
2848,40,15,6,4,1d10+4,1d6+4,40,17,6,3,1d12+4,1d6+4,0.0,B
2849,40,15,5,3,1d10+4,1d8+4,40,17,6,3,1d8+4,1d6+4,8.0,B
2850,40,14,8,4,1d10+4,1d6+4,40,18,6,3,1d12+4,1d8+4,3.0,B
2851,40,18,5,5,1d12+4,1d8+4,40,15,6,4,1d12+4,1d8+4,2.0,B
2852,40,15,6,5,1d10+4,1d6+4,40,18,8,3,1d12+4,1d6+4,1.0,B
2853,40,17,5,5,1d10+4,1d6+4,40,15,8,3,1d12+4,1d8+4,9.0,A
2854,40,16,6,3,1d10+4,1d8+4,40,15,5,4,1d12+4,1d6+4,1.0,A
2855,40,15,8,4,1d10+4,1d6+4,40,18,6,5,1d12+4,1d8+4,7.0,B
2856,40,17,6,5,1d8+4,1d6+4,40,15,7,5,1d10+4,1d8+4,6.0,A
2857,40,17,6,3,1d8+4,1d8+4,40,18,6,3,1d8+4,1d6+4,2.0,A
2858,40,16,6,3,1d8+4,1d8+4,40,15,8,4,1d12+4,1d6+4,5.0,A
2859,40,15,7,4,1d10+4,1d6+4,40,18,7,3,1d10+4,1d8+4,8.0,B
2860,40,16,5,4,1d10+4,1d8+4,40,15,5,5,1d10+4,1d6+4,10.0,B
2861,40,14,5,3,1d8+4,1d8+4,40,17,7,3,1d8+4,1d8+4,0.0,B
2862,40,18,5,4,1d8+4,1d6+4,40,15,8,3,1d8+4,1d8+4,9.0,A
2863,40,18,8,5,1d12+4,1d6+4,40,17,8,3,1d12+4,1d6+4,5.0,A
2864,40,15,5,5,1d8+4,1d6+4,40,14,8,5,1d12+4,1d8+4,8.0,A
2865,40,16,6,4,1d10+4,1d8+4,40,16,5,4,1d10+4,1d6+4,3.0,A
2866,40,17,6,5,1d8+4,1d6+4,40,14,8,5,1d12+4,1d6+4,5.0,A
2867,40,15,7,5,1d8+4,1d8+4,40,15,6,4,1d10+4,1d8+4,9.0,B
2868,40,18,8,5,1d10+4,1d6+4,40,14,5,5,1d8+4,1d8+4,10.0,A
2869,40,16,6,5,1d8+4,1d8+4,40,17,5,4,1d10+4,1d6+4,1.0,B
2870,40,16,6,3,1d8+4,1d8+4,40,18,8,5,1d10+4,1d6+4,6.0,B
2871,40,15,6,4,1d12+4,1d8+4,40,14,6,5,1d12+4,1d8+4,3.0,A
2872,40,14,8,5,1d10+4,1d8+4,40,16,8,3,1d12+4,1d8+4,10.0,B
2873,40,15,7,4,1d10+4,1d8+4,40,16,6,3,1d12+4,1d8+4,0.0,A
2874,40,18,6,3,1d8+4,1d6+4,40,16,5,3,1d8+4,1d6+4,5.0,A
2875,40,18,6,5,1d12+4,1d6+4,40,15,6,3,1d12+4,1d6+4,2.0,A
2876,40,18,8,4,1d12+4,1d8+4,40,16,6,5,1d12+4,1d8+4,6.0,A
2877,40,15,8,5,1d10+4,1d8+4,40,16,8,3,1d10+4,1d8+4,10.0,A
2878,40,15,8,3,1d8+4,1d6+4,40,18,6,5,1d10+4,1d8+4,3.0,B
2879,40,16,7,4,1d8+4,1d8+4,40,15,5,3,1d8+4,1d6+4,2.0,A
2880,40,15,6,5,1d12+4,1d6+4,40,15,5,4,1d12+4,1d8+4,8.0,B
2881,40,16,5,5,1d8+4,1d8+4,40,15,6,4,1d12+4,1d8+4,3.0,B
2882,40,15,5,3,1d12+4,1d6+4,40,15,5,5,1d10+4,1d8+4,10.0,A
2883,40,14,5,4,1d12+4,1d6+4,40,17,5,3,1d10+4,1d6+4,10.0,A
2884,40,16,8,4,1d10+4,1d6+4,40,16,7,3,1d8+4,1d8+4,9.0,A
2885,40,15,6,4,1d12+4,1d6+4,40,16,7,4,1d10+4,1d8+4,8.0,B
2886,40,15,6,4,1d12+4,1d8+4,40,17,7,5,1d12+4,1d8+4,4.0,A
2887,40,18,7,5,1d10+4,1d6+4,40,15,6,3,1d12+4,1d8+4,6.0,A
2888,40,14,6,4,1d10+4,1d8+4,40,14,7,4,1d8+4,1d6+4,2.0,A
2889,40,18,7,3,1d8+4,1d8+4,40,14,6,3,1d10+4,1d8+4,9.0,A
2890,40,16,5,5,1d8+4,1d6+4,40,17,7,3,1d8+4,1d6+4,2.0,B
2891,40,18,6,5,1d12+4,1d6+4,40,18,5,5,1d10+4,1d6+4,7.0,A
2892,40,18,8,5,1d12+4,1d8+4,40,14,7,4,1d12+4,1d6+4,2.0,A
2893,40,17,6,4,1d10+4,1d6+4,40,16,8,4,1d10+4,1d6+4,10.0,A
2894,40,15,6,5,1d8+4,1d8+4,40,18,8,5,1d10+4,1d8+4,8.0,A
2895,40,14,6,5,1d10+4,1d6+4,40,17,6,4,1d12+4,1d8+4,8.0,A
2896,40,17,8,5,1d8+4,1d6+4,40,17,5,5,1d12+4,1d8+4,6.0,A
2897,40,16,5,3,1d8+4,1d8+4,40,16,7,3,1d10+4,1d8+4,0.0,B
2898,40,17,8,3,1d10+4,1d8+4,40,17,5,5,1d12+4,1d8+4,3.0,A
2899,40,14,8,3,1d12+4,1d6+4,40,15,5,5,1d12+4,1d8+4,1.0,A
2900,40,16,5,3,1d12+4,1d6+4,40,18,5,5,1d10+4,1d6+4,8.0,A
2901,40,14,8,4,1d8+4,1d6+4,40,17,5,4,1d10+4,1d6+4,2.0,B
2902,40,16,6,3,1d10+4,1d6+4,40,14,6,5,1d12+4,1d8+4,3.0,A
2903,40,14,5,5,1d10+4,1d6+4,40,18,5,5,1d12+4,1d6+4,4.0,A
2904,40,15,8,4,1d10+4,1d6+4,40,18,5,3,1d10+4,1d8+4,3.0,B
2905,40,18,6,4,1d8+4,1d6+4,40,15,6,3,1d10+4,1d8+4,0.0,B
2906,40,15,7,4,1d12+4,1d6+4,40,16,6,4,1d8+4,1d6+4,4.0,B
2907,40,17,6,3,1d12+4,1d6+4,40,16,8,5,1d12+4,1d8+4,8.0,A
2908,40,14,7,5,1d12+4,1d8+4,40,14,7,3,1d10+4,1d6+4,6.0,B
2909,40,14,5,4,1d10+4,1d8+4,40,18,5,4,1d10+4,1d6+4,4.0,A
2910,40,15,5,4,1d8+4,1d8+4,40,17,5,3,1d10+4,1d8+4,3.0,B
2911,40,17,6,5,1d10+4,1d8+4,40,16,8,5,1d8+4,1d6+4,10.0,B
2912,40,17,5,4,1d8+4,1d6+4,40,18,8,4,1d10+4,1d8+4,10.0,A
2913,40,16,5,5,1d10+4,1d8+4,40,18,8,4,1d8+4,1d6+4,3.0,A
2914,40,17,5,4,1d10+4,1d6+4,40,17,7,4,1d12+4,1d8+4,9.0,B
2915,40,17,7,5,1d8+4,1d8+4,40,14,7,4,1d12+4,1d8+4,4.0,B
2916,40,15,5,5,1d10+4,1d6+4,40,18,5,5,1d12+4,1d8+4,10.0,A
2917,40,17,7,3,1d12+4,1d6+4,40,16,5,5,1d8+4,1d8+4,9.0,A
2918,40,14,7,5,1d10+4,1d6+4,40,17,6,4,1d8+4,1d6+4,8.0,B
2919,40,17,5,5,1d10+4,1d6+4,40,14,8,3,1d8+4,1d8+4,1.0,B
2920,40,14,6,3,1d8+4,1d8+4,40,16,7,5,1d10+4,1d6+4,8.0,A
2921,40,15,7,4,1d10+4,1d8+4,40,14,5,4,1d12+4,1d8+4,8.0,A
2922,40,15,5,5,1d10+4,1d6+4,40,17,8,5,1d10+4,1d6+4,3.0,B
2923,40,14,5,4,1d10+4,1d6+4,40,17,7,4,1d12+4,1d6+4,2.0,A
2924,40,17,8,5,1d8+4,1d8+4,40,14,8,4,1d12+4,1d8+4,6.0,A
2925,40,16,5,5,1d12+4,1d8+4,40,17,5,3,1d8+4,1d8+4,10.0,B
2926,40,16,6,4,1d8+4,1d6+4,40,18,8,4,1d8+4,1d8+4,9.0,B
2927,40,17,6,5,1d10+4,1d6+4,40,17,5,5,1d8+4,1d8+4,9.0,A
2928,40,15,5,4,1d12+4,1d6+4,40,17,5,5,1d10+4,1d8+4,3.0,A
2929,40,18,5,4,1d8+4,1d6+4,40,16,6,4,1d8+4,1d8+4,3.0,A
2930,40,16,6,4,1d10+4,1d8+4,40,18,6,3,1d12+4,1d6+4,8.0,B
2931,40,16,7,4,1d8+4,1d8+4,40,15,6,3,1d10+4,1d6+4,8.0,B
2932,40,14,6,5,1d10+4,1d6+4,40,18,6,3,1d8+4,1d8+4,9.0,B
2933,40,18,7,4,1d8+4,1d8+4,40,15,7,3,1d12+4,1d6+4,3.0,B
2934,40,18,6,4,1d8+4,1d8+4,40,14,8,4,1d8+4,1d6+4,9.0,B
2935,40,16,8,4,1d12+4,1d6+4,40,18,8,5,1d8+4,1d8+4,5.0,A
2936,40,18,7,3,1d12+4,1d6+4,40,15,6,3,1d10+4,1d8+4,8.0,A
2937,40,16,5,4,1d12+4,1d8+4,40,17,6,4,1d10+4,1d6+4,8.0,A
2938,40,16,7,3,1d8+4,1d8+4,40,17,6,5,1d12+4,1d8+4,0.0,A
2939,40,17,8,4,1d10+4,1d6+4,40,15,5,5,1d10+4,1d6+4,4.0,A
2940,40,17,7,3,1d10+4,1d8+4,40,17,8,5,1d12+4,1d6+4,9.0,A
2941,40,18,7,5,1d10+4,1d6+4,40,17,8,4,1d10+4,1d6+4,3.0,A
2942,40,14,5,5,1d8+4,1d8+4,40,18,5,3,1d8+4,1d8+4,3.0,B
2943,40,14,8,4,1d8+4,1d8+4,40,18,6,4,1d8+4,1d8+4,1.0,A
2944,40,18,6,5,1d12+4,1d6+4,40,18,8,3,1d8+4,1d6+4,6.0,A
2945,40,16,5,3,1d12+4,1d8+4,40,17,6,4,1d10+4,1d8+4,9.0,B
2946,40,15,8,4,1d12+4,1d8+4,40,16,6,3,1d12+4,1d8+4,9.0,A
2947,40,18,6,3,1d8+4,1d6+4,40,14,5,3,1d10+4,1d6+4,3.0,A
2948,40,17,5,3,1d10+4,1d6+4,40,16,7,5,1d12+4,1d6+4,3.0,A
2949,40,17,6,3,1d8+4,1d8+4,40,16,8,5,1d8+4,1d6+4,5.0,B
2950,40,15,5,5,1d12+4,1d6+4,40,14,6,4,1d8+4,1d6+4,1.0,B
2951,40,18,5,3,1d8+4,1d8+4,40,15,5,3,1d12+4,1d8+4,9.0,B
2952,40,16,7,5,1d10+4,1d8+4,40,18,5,4,1d8+4,1d8+4,4.0,A
2953,40,15,7,3,1d8+4,1d6+4,40,14,7,5,1d8+4,1d8+4,10.0,A
2954,40,18,5,3,1d10+4,1d8+4,40,15,6,3,1d8+4,1d8+4,8.0,A
2955,40,18,7,5,1d8+4,1d8+4,40,17,7,5,1d12+4,1d8+4,4.0,A
2956,40,18,5,3,1d8+4,1d8+4,40,16,7,4,1d12+4,1d6+4,6.0,B
2957,40,15,5,5,1d12+4,1d6+4,40,17,8,5,1d10+4,1d6+4,4.0,A
2958,40,15,5,4,1d8+4,1d6+4,40,14,8,5,1d12+4,1d6+4,4.0,B
2959,40,17,8,3,1d12+4,1d8+4,40,17,7,4,1d8+4,1d6+4,6.0,A
2960,40,18,6,3,1d8+4,1d6+4,40,14,5,3,1d12+4,1d8+4,3.0,B
2961,40,14,8,4,1d8+4,1d6+4,40,18,7,5,1d10+4,1d8+4,2.0,A
2962,40,15,7,5,1d8+4,1d6+4,40,17,6,4,1d12+4,1d8+4,1.0,B
2963,40,15,6,4,1d12+4,1d6+4,40,14,6,5,1d12+4,1d6+4,2.0,B
2964,40,14,8,5,1d12+4,1d8+4,40,15,5,4,1d12+4,1d8+4,10.0,B
2965,40,17,5,3,1d12+4,1d8+4,40,18,7,3,1d12+4,1d6+4,9.0,B
2966,40,16,5,4,1d10+4,1d6+4,40,17,7,5,1d12+4,1d6+4,6.0,A
2967,40,18,7,4,1d8+4,1d8+4,40,18,8,5,1d10+4,1d8+4,4.0,A
2968,40,17,8,4,1d12+4,1d8+4,40,17,7,4,1d12+4,1d8+4,10.0,B
2969,40,16,5,4,1d8+4,1d8+4,40,16,8,4,1d12+4,1d8+4,3.0,B
2970,40,14,6,4,1d10+4,1d8+4,40,17,5,4,1d12+4,1d8+4,3.0,B
2971,40,17,8,5,1d12+4,1d6+4,40,18,7,3,1d10+4,1d8+4,7.0,A
2972,40,17,8,4,1d12+4,1d8+4,40,18,6,3,1d12+4,1d8+4,1.0,B
2973,40,15,6,4,1d10+4,1d8+4,40,16,6,4,1d12+4,1d6+4,9.0,B
2974,40,15,6,5,1d10+4,1d6+4,40,15,8,4,1d10+4,1d8+4,0.0,A
2975,40,15,7,5,1d10+4,1d6+4,40,15,7,3,1d10+4,1d8+4,10.0,B
2976,40,15,5,4,1d10+4,1d6+4,40,17,7,5,1d10+4,1d6+4,9.0,B
2977,40,18,5,3,1d10+4,1d8+4,40,18,5,4,1d12+4,1d8+4,10.0,A
2978,40,17,5,5,1d10+4,1d6+4,40,14,5,5,1d8+4,1d6+4,4.0,A
2979,40,17,8,4,1d12+4,1d6+4,40,15,7,3,1d10+4,1d8+4,7.0,A
2980,40,16,6,3,1d12+4,1d6+4,40,18,6,4,1d8+4,1d6+4,9.0,A
2981,40,15,8,4,1d8+4,1d8+4,40,17,8,5,1d12+4,1d6+4,0.0,A
2982,40,17,6,4,1d10+4,1d6+4,40,14,5,3,1d12+4,1d8+4,3.0,A
2983,40,18,6,3,1d12+4,1d8+4,40,15,7,5,1d8+4,1d6+4,4.0,A
2984,40,16,6,3,1d10+4,1d6+4,40,18,8,3,1d12+4,1d6+4,8.0,A
2985,40,15,5,4,1d10+4,1d8+4,40,14,5,5,1d10+4,1d8+4,10.0,A
2986,40,15,7,5,1d12+4,1d8+4,40,18,6,5,1d12+4,1d8+4,4.0,A
2987,40,14,8,3,1d10+4,1d6+4,40,15,7,4,1d10+4,1d6+4,9.0,A
2988,40,18,6,4,1d10+4,1d6+4,40,18,6,5,1d8+4,1d6+4,9.0,A
2989,40,17,5,5,1d8+4,1d8+4,40,17,8,5,1d12+4,1d8+4,3.0,B
2990,40,14,6,5,1d12+4,1d8+4,40,17,6,4,1d10+4,1d6+4,4.0,A
2991,40,14,6,4,1d12+4,1d6+4,40,18,8,3,1d10+4,1d6+4,5.0,B
2992,40,17,5,5,1d8+4,1d8+4,40,17,8,3,1d12+4,1d8+4,2.0,B
2993,40,14,5,5,1d12+4,1d6+4,40,14,6,4,1d12+4,1d6+4,5.0,B
2994,40,17,6,3,1d8+4,1d8+4,40,15,5,4,1d12+4,1d8+4,5.0,B
2995,40,17,8,5,1d8+4,1d8+4,40,14,7,4,1d12+4,1d8+4,10.0,B
2996,40,14,7,5,1d8+4,1d8+4,40,16,6,5,1d12+4,1d8+4,9.0,A
2997,40,18,7,3,1d8+4,1d6+4,40,18,5,5,1d12+4,1d8+4,5.0,A
2998,40,16,8,3,1d12+4,1d8+4,40,16,5,5,1d10+4,1d6+4,3.0,A
2999,40,18,5,5,1d10+4,1d6+4,40,14,8,3,1d8+4,1d6+4,3.0,A
3000,40,15,6,5,1d8+4,1d8+4,40,14,7,5,1d8+4,1d8+4,8.0,B
3001,40,15,5,5,1d10+4,1d8+4,40,16,7,4,1d10+4,1d6+4,5.0,A
3002,40,18,5,4,1d10+4,1d6+4,40,15,8,5,1d12+4,1d6+4,3.0,B
3003,40,17,8,3,1d8+4,1d8+4,40,18,8,5,1d12+4,1d8+4,1.0,A
3004,40,18,6,4,1d8+4,1d6+4,40,16,7,5,1d8+4,1d8+4,7.0,B
3005,40,18,7,4,1d12+4,1d8+4,40,17,5,3,1d8+4,1d8+4,5.0,A
3006,40,18,6,4,1d8+4,1d6+4,40,17,5,5,1d12+4,1d6+4,10.0,B
3007,40,16,8,3,1d8+4,1d8+4,40,15,6,4,1d12+4,1d8+4,4.0,A
3008,40,18,7,3,1d8+4,1d8+4,40,14,8,3,1d8+4,1d6+4,0.0,A
3009,40,15,7,4,1d12+4,1d8+4,40,18,8,3,1d12+4,1d8+4,1.0,A
3010,40,18,8,4,1d10+4,1d6+4,40,16,6,5,1d12+4,1d6+4,5.0,A
3011,40,16,6,5,1d10+4,1d8+4,40,17,8,3,1d8+4,1d8+4,7.0,A
3012,40,17,6,5,1d12+4,1d6+4,40,14,8,3,1d10+4,1d6+4,9.0,B
3013,40,14,8,5,1d8+4,1d8+4,40,16,7,4,1d8+4,1d6+4,9.0,B
3014,40,14,6,3,1d8+4,1d8+4,40,15,6,4,1d12+4,1d8+4,6.0,A
3015,40,15,7,5,1d8+4,1d6+4,40,17,6,5,1d12+4,1d6+4,0.0,A
3016,40,17,7,3,1d8+4,1d6+4,40,18,5,5,1d10+4,1d8+4,4.0,A
3017,40,18,6,5,1d8+4,1d6+4,40,17,5,3,1d8+4,1d6+4,9.0,A
3018,40,17,7,4,1d12+4,1d8+4,40,17,6,5,1d12+4,1d6+4,4.0,A
3019,40,15,8,3,1d12+4,1d8+4,40,14,5,5,1d12+4,1d8+4,7.0,A
3020,40,14,5,5,1d12+4,1d6+4,40,18,6,4,1d10+4,1d6+4,9.0,B
3021,40,16,6,3,1d10+4,1d6+4,40,14,7,4,1d10+4,1d8+4,7.0,A
3022,40,17,8,3,1d12+4,1d6+4,40,16,8,4,1d12+4,1d8+4,9.0,A
3023,40,14,5,5,1d12+4,1d6+4,40,16,6,4,1d12+4,1d6+4,9.0,A
3024,40,17,8,3,1d12+4,1d8+4,40,18,8,5,1d10+4,1d8+4,5.0,A
3025,40,15,5,3,1d8+4,1d6+4,40,15,6,5,1d8+4,1d6+4,9.0,B
3026,40,15,5,5,1d10+4,1d8+4,40,17,6,5,1d10+4,1d8+4,1.0,B
3027,40,18,6,5,1d8+4,1d8+4,40,17,5,3,1d12+4,1d6+4,0.0,A
3028,40,14,5,3,1d12+4,1d6+4,40,16,5,5,1d12+4,1d6+4,0.0,A
3029,40,18,6,5,1d8+4,1d6+4,40,14,7,3,1d8+4,1d6+4,7.0,B
3030,40,14,6,3,1d12+4,1d8+4,40,15,8,4,1d12+4,1d6+4,3.0,B
3031,40,17,6,4,1d10+4,1d8+4,40,18,7,5,1d10+4,1d6+4,9.0,A
3032,40,17,6,4,1d10+4,1d8+4,40,18,6,5,1d12+4,1d8+4,5.0,B
3033,40,17,6,3,1d8+4,1d8+4,40,14,8,3,1d10+4,1d6+4,6.0,A
3034,40,14,5,4,1d10+4,1d6+4,40,18,5,5,1d8+4,1d8+4,6.0,A
3035,40,17,8,5,1d10+4,1d8+4,40,16,8,4,1d12+4,1d8+4,0.0,A
3036,40,17,5,3,1d10+4,1d8+4,40,18,5,4,1d12+4,1d8+4,2.0,A
3037,40,16,7,3,1d12+4,1d8+4,40,14,6,3,1d12+4,1d8+4,1.0,A
3038,40,17,8,4,1d12+4,1d6+4,40,14,7,5,1d8+4,1d8+4,0.0,B
3039,40,17,8,4,1d8+4,1d8+4,40,15,6,3,1d12+4,1d6+4,1.0,B
3040,40,16,7,4,1d10+4,1d8+4,40,16,6,4,1d8+4,1d6+4,10.0,A
3041,40,14,7,4,1d8+4,1d8+4,40,15,7,4,1d8+4,1d6+4,5.0,A
3042,40,14,6,4,1d12+4,1d8+4,40,15,8,3,1d8+4,1d8+4,2.0,A
3043,40,17,6,4,1d8+4,1d8+4,40,14,7,3,1d8+4,1d8+4,2.0,A
3044,40,18,7,5,1d12+4,1d8+4,40,14,8,4,1d10+4,1d6+4,8.0,A
3045,40,16,8,4,1d8+4,1d8+4,40,17,6,5,1d10+4,1d8+4,7.0,B
3046,40,17,6,3,1d12+4,1d6+4,40,16,8,5,1d12+4,1d8+4,8.0,A
3047,40,16,8,5,1d10+4,1d6+4,40,17,8,3,1d10+4,1d6+4,7.0,A
3048,40,17,7,5,1d8+4,1d6+4,40,17,7,5,1d8+4,1d8+4,2.0,B
3049,40,18,7,4,1d10+4,1d6+4,40,16,8,3,1d8+4,1d6+4,10.0,B
3050,40,14,5,5,1d8+4,1d6+4,40,17,5,4,1d12+4,1d8+4,1.0,B
3051,40,15,5,5,1d8+4,1d8+4,40,17,8,4,1d12+4,1d6+4,4.0,B
3052,40,18,5,4,1d10+4,1d8+4,40,18,6,4,1d12+4,1d8+4,8.0,B
3053,40,16,8,5,1d10+4,1d8+4,40,16,7,4,1d12+4,1d8+4,3.0,A
3054,40,16,8,5,1d8+4,1d8+4,40,15,6,5,1d12+4,1d6+4,1.0,A
3055,40,16,8,3,1d8+4,1d8+4,40,17,6,5,1d10+4,1d8+4,5.0,A
3056,40,15,7,5,1d10+4,1d6+4,40,16,6,3,1d8+4,1d8+4,7.0,A
3057,40,16,6,4,1d12+4,1d6+4,40,14,8,5,1d12+4,1d8+4,10.0,B
3058,40,16,8,3,1d8+4,1d6+4,40,14,7,3,1d10+4,1d8+4,0.0,A
3059,40,14,5,5,1d12+4,1d8+4,40,15,5,3,1d12+4,1d6+4,6.0,B
3060,40,16,6,5,1d8+4,1d8+4,40,15,8,5,1d12+4,1d8+4,2.0,A
3061,40,16,8,5,1d10+4,1d6+4,40,18,5,3,1d12+4,1d6+4,5.0,A
3062,40,16,5,4,1d8+4,1d8+4,40,15,6,3,1d8+4,1d8+4,1.0,A
3063,40,17,5,4,1d10+4,1d6+4,40,18,7,4,1d8+4,1d8+4,10.0,B
3064,40,15,6,3,1d10+4,1d6+4,40,14,6,5,1d12+4,1d6+4,1.0,B
3065,40,17,6,4,1d10+4,1d6+4,40,18,8,5,1d12+4,1d8+4,1.0,A
3066,40,18,8,3,1d8+4,1d6+4,40,14,5,5,1d8+4,1d8+4,5.0,B
3067,40,15,6,4,1d12+4,1d6+4,40,18,7,5,1d8+4,1d8+4,10.0,A
3068,40,14,6,4,1d8+4,1d6+4,40,16,5,3,1d12+4,1d6+4,7.0,A
3069,40,17,5,3,1d12+4,1d6+4,40,18,8,5,1d8+4,1d8+4,6.0,B
3070,40,17,6,3,1d12+4,1d8+4,40,17,5,3,1d10+4,1d8+4,4.0,A
3071,40,18,5,5,1d10+4,1d6+4,40,17,8,5,1d10+4,1d6+4,10.0,B
3072,40,16,5,4,1d8+4,1d6+4,40,18,8,3,1d8+4,1d6+4,5.0,B
3073,40,14,8,3,1d12+4,1d6+4,40,18,6,4,1d8+4,1d6+4,4.0,B
3074,40,17,8,3,1d8+4,1d6+4,40,17,7,4,1d8+4,1d6+4,9.0,A
3075,40,16,8,3,1d8+4,1d6+4,40,18,6,5,1d8+4,1d8+4,5.0,A
3076,40,16,7,5,1d8+4,1d8+4,40,18,8,4,1d8+4,1d8+4,1.0,B
3077,40,18,6,5,1d10+4,1d6+4,40,18,5,3,1d12+4,1d6+4,8.0,B
3078,40,14,7,4,1d8+4,1d8+4,40,16,7,4,1d8+4,1d8+4,8.0,B
3079,40,15,8,4,1d10+4,1d6+4,40,17,8,4,1d8+4,1d8+4,5.0,A
3080,40,15,7,4,1d12+4,1d6+4,40,15,8,4,1d8+4,1d6+4,1.0,A
3081,40,14,5,3,1d8+4,1d8+4,40,15,5,4,1d12+4,1d8+4,6.0,B
3082,40,16,7,3,1d10+4,1d6+4,40,17,8,4,1d10+4,1d8+4,2.0,B
3083,40,17,5,5,1d10+4,1d8+4,40,17,5,3,1d8+4,1d8+4,5.0,A
3084,40,15,5,4,1d10+4,1d6+4,40,14,6,4,1d8+4,1d6+4,5.0,B
3085,40,14,8,3,1d8+4,1d8+4,40,15,8,4,1d8+4,1d6+4,2.0,B
3086,40,18,6,4,1d12+4,1d6+4,40,17,7,4,1d12+4,1d6+4,3.0,A
3087,40,16,6,3,1d8+4,1d8+4,40,14,5,4,1d12+4,1d6+4,7.0,A
3088,40,16,6,4,1d10+4,1d6+4,40,17,8,4,1d8+4,1d8+4,5.0,B
3089,40,15,8,3,1d10+4,1d8+4,40,15,8,4,1d12+4,1d6+4,0.0,B
3090,40,17,5,4,1d8+4,1d8+4,40,14,7,3,1d8+4,1d6+4,1.0,B
3091,40,16,6,5,1d12+4,1d6+4,40,14,8,5,1d8+4,1d6+4,3.0,A
3092,40,18,5,4,1d8+4,1d8+4,40,16,6,5,1d10+4,1d8+4,2.0,A
3093,40,16,8,5,1d12+4,1d8+4,40,14,7,3,1d12+4,1d6+4,6.0,A
3094,40,14,5,3,1d12+4,1d8+4,40,17,5,3,1d12+4,1d6+4,10.0,A
3095,40,14,6,3,1d10+4,1d8+4,40,18,6,3,1d10+4,1d6+4,6.0,B
3096,40,17,8,5,1d12+4,1d6+4,40,17,7,3,1d12+4,1d6+4,10.0,A
3097,40,14,7,5,1d12+4,1d8+4,40,18,5,5,1d12+4,1d8+4,9.0,A
3098,40,15,7,4,1d12+4,1d8+4,40,15,6,5,1d12+4,1d6+4,2.0,B
3099,40,18,5,3,1d12+4,1d6+4,40,14,6,5,1d12+4,1d8+4,5.0,A
3100,40,18,5,5,1d12+4,1d6+4,40,15,6,3,1d12+4,1d8+4,2.0,A
3101,40,18,7,4,1d8+4,1d6+4,40,17,7,4,1d8+4,1d8+4,4.0,A
3102,40,18,8,4,1d10+4,1d8+4,40,18,6,3,1d12+4,1d6+4,10.0,B
3103,40,16,7,5,1d10+4,1d6+4,40,18,5,5,1d8+4,1d8+4,5.0,B
3104,40,18,5,4,1d8+4,1d8+4,40,16,5,4,1d12+4,1d8+4,10.0,A
3105,40,18,5,4,1d10+4,1d6+4,40,18,7,3,1d12+4,1d8+4,0.0,B
3106,40,14,5,3,1d10+4,1d8+4,40,14,8,3,1d12+4,1d6+4,1.0,A
3107,40,18,5,4,1d8+4,1d6+4,40,17,8,4,1d12+4,1d8+4,5.0,A
3108,40,16,5,3,1d8+4,1d6+4,40,18,7,4,1d12+4,1d6+4,1.0,B
3109,40,18,7,4,1d12+4,1d6+4,40,18,7,5,1d10+4,1d8+4,1.0,A
3110,40,16,7,4,1d12+4,1d8+4,40,18,8,3,1d12+4,1d8+4,10.0,B
3111,40,16,6,3,1d10+4,1d6+4,40,18,7,3,1d12+4,1d6+4,7.0,B
3112,40,18,8,3,1d10+4,1d6+4,40,14,6,3,1d8+4,1d6+4,0.0,A
3113,40,17,8,5,1d8+4,1d6+4,40,17,7,3,1d10+4,1d8+4,4.0,B
3114,40,18,8,4,1d12+4,1d6+4,40,17,5,5,1d8+4,1d6+4,6.0,A
3115,40,14,6,3,1d8+4,1d6+4,40,16,8,4,1d12+4,1d6+4,10.0,A
3116,40,16,7,4,1d8+4,1d6+4,40,15,5,3,1d12+4,1d6+4,5.0,B
3117,40,18,8,5,1d8+4,1d8+4,40,16,5,5,1d12+4,1d6+4,2.0,A
3118,40,15,7,4,1d12+4,1d8+4,40,15,8,5,1d8+4,1d8+4,10.0,A
3119,40,18,6,5,1d12+4,1d6+4,40,18,7,3,1d8+4,1d6+4,8.0,B
3120,40,15,5,3,1d8+4,1d8+4,40,14,6,3,1d12+4,1d6+4,5.0,B
3121,40,17,6,5,1d8+4,1d6+4,40,14,5,4,1d8+4,1d8+4,4.0,B
3122,40,16,8,3,1d10+4,1d6+4,40,15,7,3,1d8+4,1d6+4,3.0,A
3123,40,17,8,5,1d10+4,1d8+4,40,16,5,3,1d10+4,1d6+4,10.0,A
3124,40,14,8,4,1d12+4,1d8+4,40,14,6,3,1d10+4,1d6+4,8.0,A
3125,40,17,5,4,1d10+4,1d8+4,40,14,8,5,1d8+4,1d6+4,1.0,B
3126,40,17,6,3,1d12+4,1d6+4,40,17,5,5,1d8+4,1d8+4,5.0,A
3127,40,14,7,4,1d8+4,1d6+4,40,17,5,4,1d8+4,1d8+4,9.0,A
3128,40,17,7,3,1d10+4,1d8+4,40,18,8,5,1d10+4,1d8+4,8.0,A
3129,40,18,8,5,1d12+4,1d8+4,40,15,6,4,1d8+4,1d6+4,0.0,A
3130,40,15,6,5,1d12+4,1d8+4,40,14,7,4,1d8+4,1d6+4,1.0,B
3131,40,15,8,5,1d8+4,1d8+4,40,14,6,3,1d12+4,1d8+4,10.0,A
3132,40,14,6,5,1d10+4,1d8+4,40,17,6,5,1d10+4,1d8+4,2.0,B
3133,40,18,6,3,1d8+4,1d8+4,40,15,6,5,1d12+4,1d6+4,10.0,A
3134,40,16,6,4,1d10+4,1d6+4,40,18,8,3,1d8+4,1d8+4,9.0,B
3135,40,15,6,3,1d12+4,1d6+4,40,15,5,5,1d12+4,1d6+4,8.0,A
3136,40,14,5,4,1d8+4,1d8+4,40,14,8,4,1d8+4,1d6+4,3.0,A
3137,40,16,6,4,1d12+4,1d8+4,40,16,5,5,1d10+4,1d6+4,7.0,A
3138,40,18,5,3,1d8+4,1d8+4,40,16,5,4,1d12+4,1d6+4,6.0,B
3139,40,15,5,5,1d8+4,1d8+4,40,18,8,5,1d10+4,1d8+4,5.0,B
3140,40,16,8,4,1d12+4,1d8+4,40,16,5,3,1d10+4,1d8+4,1.0,A
3141,40,17,7,4,1d8+4,1d8+4,40,16,5,3,1d12+4,1d8+4,2.0,A
3142,40,16,8,3,1d12+4,1d8+4,40,17,8,3,1d8+4,1d6+4,2.0,A
3143,40,17,5,5,1d8+4,1d6+4,40,15,5,3,1d10+4,1d6+4,9.0,A
3144,40,16,5,4,1d12+4,1d6+4,40,15,5,4,1d10+4,1d6+4,3.0,A
3145,40,15,5,4,1d12+4,1d6+4,40,15,7,3,1d12+4,1d6+4,2.0,A
3146,40,16,7,4,1d10+4,1d6+4,40,14,6,4,1d8+4,1d8+4,0.0,A
3147,40,17,7,4,1d10+4,1d6+4,40,15,6,3,1d12+4,1d6+4,3.0,A
3148,40,16,6,3,1d10+4,1d6+4,40,18,8,3,1d12+4,1d8+4,8.0,B
3149,40,17,8,4,1d8+4,1d8+4,40,16,7,4,1d8+4,1d6+4,9.0,A
3150,40,14,8,4,1d8+4,1d6+4,40,15,7,3,1d12+4,1d8+4,0.0,B
3151,40,17,8,4,1d10+4,1d8+4,40,14,5,3,1d12+4,1d8+4,5.0,B
3152,40,14,5,5,1d8+4,1d8+4,40,14,8,3,1d12+4,1d8+4,5.0,B
3153,40,14,8,3,1d12+4,1d6+4,40,17,5,5,1d8+4,1d8+4,7.0,A
3154,40,15,7,4,1d12+4,1d8+4,40,14,6,5,1d10+4,1d8+4,8.0,A
3155,40,14,7,3,1d12+4,1d8+4,40,14,8,5,1d10+4,1d8+4,5.0,A
3156,40,17,8,3,1d12+4,1d6+4,40,15,7,5,1d10+4,1d8+4,5.0,A
3157,40,15,5,3,1d8+4,1d6+4,40,17,7,5,1d12+4,1d8+4,3.0,B
3158,40,14,6,5,1d10+4,1d6+4,40,17,7,3,1d12+4,1d8+4,8.0,B
3159,40,15,6,4,1d8+4,1d6+4,40,15,6,3,1d8+4,1d6+4,3.0,A
3160,40,17,7,3,1d12+4,1d6+4,40,14,6,3,1d10+4,1d8+4,6.0,A
3161,40,14,6,5,1d12+4,1d6+4,40,16,8,3,1d12+4,1d8+4,2.0,B
3162,40,16,6,5,1d8+4,1d8+4,40,15,8,4,1d10+4,1d6+4,0.0,A
3163,40,14,6,3,1d8+4,1d8+4,40,15,6,3,1d8+4,1d6+4,8.0,B
3164,40,17,5,4,1d12+4,1d8+4,40,15,7,4,1d12+4,1d6+4,2.0,B
3165,40,15,8,5,1d10+4,1d6+4,40,17,5,5,1d10+4,1d8+4,5.0,B
3166,40,14,6,4,1d10+4,1d8+4,40,14,6,3,1d8+4,1d6+4,5.0,A
3167,40,14,8,5,1d10+4,1d8+4,40,17,7,3,1d10+4,1d6+4,3.0,B
3168,40,17,7,4,1d12+4,1d8+4,40,15,5,3,1d8+4,1d6+4,1.0,A
3169,40,15,7,4,1d12+4,1d6+4,40,16,6,5,1d10+4,1d8+4,9.0,A
3170,40,17,8,5,1d8+4,1d6+4,40,17,6,3,1d10+4,1d6+4,8.0,B
3171,40,16,6,4,1d10+4,1d6+4,40,17,6,5,1d8+4,1d8+4,3.0,A
3172,40,15,8,5,1d12+4,1d6+4,40,18,6,3,1d10+4,1d6+4,8.0,B
3173,40,15,5,5,1d10+4,1d6+4,40,14,5,3,1d10+4,1d8+4,9.0,A
3174,40,18,7,4,1d8+4,1d8+4,40,18,8,5,1d10+4,1d6+4,9.0,B
3175,40,14,8,3,1d12+4,1d8+4,40,17,5,4,1d8+4,1d6+4,8.0,B
3176,40,15,7,3,1d8+4,1d8+4,40,18,5,3,1d10+4,1d8+4,1.0,B
3177,40,18,5,3,1d8+4,1d8+4,40,17,6,4,1d10+4,1d6+4,5.0,B
3178,40,17,7,5,1d8+4,1d8+4,40,17,8,4,1d8+4,1d6+4,9.0,B
3179,40,14,6,4,1d12+4,1d8+4,40,15,8,3,1d8+4,1d8+4,10.0,A
3180,40,16,6,5,1d10+4,1d8+4,40,16,6,3,1d8+4,1d6+4,7.0,B
3181,40,15,8,5,1d10+4,1d6+4,40,17,7,5,1d10+4,1d8+4,9.0,A
3182,40,18,5,3,1d10+4,1d8+4,40,14,5,3,1d12+4,1d8+4,3.0,B
3183,40,16,6,4,1d12+4,1d6+4,40,14,8,4,1d8+4,1d6+4,8.0,B
3184,40,18,8,3,1d12+4,1d8+4,40,18,8,4,1d8+4,1d8+4,2.0,B
3185,40,17,6,4,1d8+4,1d6+4,40,16,8,5,1d10+4,1d8+4,0.0,A
3186,40,15,5,5,1d12+4,1d8+4,40,14,6,4,1d12+4,1d8+4,8.0,A
3187,40,16,6,5,1d12+4,1d8+4,40,16,6,4,1d12+4,1d6+4,5.0,A
3188,40,17,6,3,1d12+4,1d8+4,40,16,8,4,1d10+4,1d6+4,7.0,A
3189,40,15,8,5,1d10+4,1d6+4,40,17,7,3,1d12+4,1d8+4,4.0,B
3190,40,15,5,3,1d8+4,1d8+4,40,18,8,4,1d12+4,1d6+4,3.0,B
3191,40,14,5,5,1d8+4,1d6+4,40,16,6,4,1d8+4,1d8+4,2.0,B
3192,40,18,5,4,1d10+4,1d8+4,40,16,6,4,1d8+4,1d6+4,8.0,A
3193,40,18,5,4,1d12+4,1d6+4,40,16,8,5,1d12+4,1d8+4,3.0,B
3194,40,15,7,3,1d8+4,1d8+4,40,16,5,5,1d10+4,1d8+4,4.0,A
3195,40,17,6,4,1d12+4,1d6+4,40,18,7,5,1d10+4,1d8+4,2.0,B
3196,40,14,5,5,1d12+4,1d8+4,40,14,7,5,1d10+4,1d8+4,0.0,B
3197,40,18,8,3,1d12+4,1d8+4,40,18,6,3,1d12+4,1d8+4,7.0,A
3198,40,16,5,3,1d10+4,1d6+4,40,15,5,5,1d12+4,1d8+4,0.0,B
3199,40,17,6,5,1d10+4,1d8+4,40,18,6,3,1d8+4,1d6+4,10.0,A
3200,40,14,7,5,1d12+4,1d6+4,40,14,6,4,1d10+4,1d8+4,6.0,B
3201,40,17,7,3,1d10+4,1d8+4,40,14,7,4,1d12+4,1d8+4,10.0,A
3202,40,16,5,4,1d12+4,1d8+4,40,16,5,4,1d10+4,1d8+4,2.0,A
3203,40,18,5,5,1d12+4,1d8+4,40,17,6,5,1d12+4,1d8+4,2.0,A
3204,40,15,7,4,1d12+4,1d8+4,40,15,8,5,1d12+4,1d8+4,10.0,A
3205,40,16,5,3,1d8+4,1d6+4,40,16,7,5,1d10+4,1d8+4,4.0,B
3206,40,14,8,5,1d8+4,1d8+4,40,18,8,5,1d12+4,1d8+4,7.0,B
3207,40,16,5,5,1d10+4,1d6+4,40,18,5,3,1d12+4,1d8+4,10.0,B
3208,40,16,8,4,1d8+4,1d6+4,40,16,8,3,1d8+4,1d8+4,10.0,A
3209,40,17,5,5,1d12+4,1d6+4,40,17,5,5,1d10+4,1d8+4,3.0,A
3210,40,14,8,3,1d8+4,1d8+4,40,17,5,3,1d10+4,1d6+4,8.0,A
3211,40,14,7,3,1d8+4,1d6+4,40,16,7,4,1d8+4,1d8+4,6.0,B
3212,40,14,7,3,1d12+4,1d8+4,40,15,6,4,1d8+4,1d8+4,4.0,A
3213,40,18,8,3,1d12+4,1d8+4,40,14,5,5,1d8+4,1d8+4,6.0,B
3214,40,17,6,5,1d8+4,1d8+4,40,18,8,4,1d10+4,1d8+4,7.0,B
3215,40,18,5,5,1d12+4,1d8+4,40,16,5,4,1d8+4,1d6+4,2.0,A
3216,40,16,7,3,1d8+4,1d8+4,40,17,8,3,1d8+4,1d6+4,3.0,B
3217,40,15,6,3,1d12+4,1d6+4,40,16,7,3,1d8+4,1d8+4,8.0,A
3218,40,18,8,5,1d8+4,1d8+4,40,14,5,4,1d8+4,1d6+4,10.0,A
3219,40,16,8,3,1d10+4,1d8+4,40,17,8,4,1d10+4,1d8+4,5.0,A
3220,40,18,7,5,1d10+4,1d8+4,40,18,6,5,1d10+4,1d8+4,2.0,A
3221,40,17,7,4,1d12+4,1d8+4,40,18,7,5,1d8+4,1d6+4,0.0,B
3222,40,16,7,4,1d8+4,1d8+4,40,16,5,3,1d12+4,1d8+4,9.0,B
3223,40,15,6,4,1d8+4,1d6+4,40,17,7,5,1d12+4,1d8+4,8.0,B
3224,40,16,7,3,1d8+4,1d6+4,40,15,7,3,1d8+4,1d6+4,8.0,B
3225,40,17,6,5,1d10+4,1d8+4,40,17,5,3,1d8+4,1d6+4,5.0,B
3226,40,17,5,5,1d8+4,1d8+4,40,18,5,5,1d10+4,1d6+4,8.0,A
3227,40,16,8,5,1d10+4,1d6+4,40,16,7,4,1d12+4,1d6+4,1.0,A
3228,40,18,7,5,1d10+4,1d8+4,40,16,8,5,1d10+4,1d8+4,10.0,B
3229,40,15,6,3,1d10+4,1d8+4,40,18,8,5,1d12+4,1d6+4,2.0,B
3230,40,18,6,4,1d10+4,1d8+4,40,14,5,4,1d10+4,1d8+4,9.0,A
3231,40,14,7,3,1d8+4,1d8+4,40,14,5,4,1d10+4,1d6+4,5.0,B
3232,40,15,6,3,1d12+4,1d6+4,40,14,6,4,1d8+4,1d8+4,9.0,A
3233,40,18,7,5,1d10+4,1d8+4,40,16,6,4,1d8+4,1d8+4,8.0,B
3234,40,14,6,5,1d8+4,1d6+4,40,17,6,5,1d12+4,1d8+4,6.0,B
3235,40,14,5,5,1d8+4,1d8+4,40,17,8,4,1d10+4,1d8+4,9.0,B
3236,40,16,6,5,1d8+4,1d6+4,40,18,8,4,1d8+4,1d6+4,1.0,A
3237,40,15,8,3,1d8+4,1d8+4,40,15,8,5,1d10+4,1d6+4,9.0,A
3238,40,18,8,4,1d8+4,1d6+4,40,17,6,4,1d12+4,1d6+4,0.0,B
3239,40,15,7,3,1d8+4,1d6+4,40,16,5,5,1d10+4,1d8+4,9.0,B
3240,40,14,6,4,1d8+4,1d6+4,40,18,8,3,1d12+4,1d6+4,9.0,B
3241,40,17,8,3,1d8+4,1d8+4,40,16,5,3,1d12+4,1d8+4,5.0,B
3242,40,17,5,5,1d12+4,1d6+4,40,17,7,3,1d12+4,1d8+4,5.0,A
3243,40,16,5,5,1d8+4,1d6+4,40,16,7,5,1d8+4,1d8+4,9.0,A
3244,40,14,6,4,1d10+4,1d6+4,40,16,5,4,1d12+4,1d6+4,7.0,B
3245,40,18,7,3,1d12+4,1d8+4,40,18,8,5,1d10+4,1d6+4,7.0,A
3246,40,18,7,3,1d8+4,1d8+4,40,15,8,3,1d10+4,1d6+4,0.0,A
3247,40,18,7,4,1d12+4,1d8+4,40,16,7,3,1d8+4,1d8+4,2.0,B
3248,40,14,8,5,1d10+4,1d6+4,40,17,7,3,1d8+4,1d6+4,2.0,A
3249,40,16,6,3,1d10+4,1d6+4,40,16,8,4,1d10+4,1d6+4,1.0,A
3250,40,17,5,3,1d8+4,1d8+4,40,18,6,3,1d10+4,1d6+4,3.0,B
3251,40,16,8,3,1d10+4,1d6+4,40,17,5,5,1d12+4,1d6+4,8.0,B
3252,40,14,8,5,1d10+4,1d8+4,40,15,8,4,1d8+4,1d6+4,2.0,A
3253,40,18,5,5,1d12+4,1d6+4,40,14,6,3,1d10+4,1d6+4,6.0,B
3254,40,14,8,3,1d8+4,1d6+4,40,14,5,3,1d10+4,1d6+4,1.0,A
3255,40,14,5,4,1d12+4,1d6+4,40,16,8,3,1d12+4,1d6+4,4.0,B
3256,40,16,7,5,1d8+4,1d8+4,40,17,6,4,1d10+4,1d8+4,9.0,A
3257,40,15,5,5,1d8+4,1d6+4,40,15,6,5,1d12+4,1d6+4,0.0,B
3258,40,16,7,4,1d12+4,1d6+4,40,15,6,4,1d10+4,1d8+4,8.0,A
3259,40,15,7,3,1d10+4,1d6+4,40,14,6,4,1d12+4,1d6+4,6.0,A
3260,40,18,6,5,1d12+4,1d8+4,40,14,5,5,1d8+4,1d8+4,4.0,A
3261,40,14,6,4,1d8+4,1d8+4,40,18,6,4,1d12+4,1d8+4,2.0,B
3262,40,18,7,4,1d12+4,1d6+4,40,18,6,5,1d12+4,1d8+4,10.0,A
3263,40,15,8,3,1d12+4,1d6+4,40,16,7,4,1d12+4,1d8+4,1.0,A
3264,40,14,8,5,1d12+4,1d8+4,40,17,6,3,1d10+4,1d6+4,5.0,A
3265,40,15,8,5,1d8+4,1d8+4,40,18,6,5,1d8+4,1d6+4,6.0,A
3266,40,15,5,3,1d8+4,1d8+4,40,15,6,4,1d12+4,1d8+4,7.0,B
3267,40,15,6,3,1d12+4,1d6+4,40,17,7,4,1d10+4,1d8+4,9.0,B
3268,40,18,5,4,1d10+4,1d6+4,40,18,7,5,1d8+4,1d8+4,8.0,A
3269,40,15,8,5,1d12+4,1d6+4,40,18,8,5,1d12+4,1d8+4,3.0,A
3270,40,18,6,4,1d12+4,1d6+4,40,14,6,5,1d10+4,1d6+4,10.0,A
3271,40,17,6,4,1d12+4,1d6+4,40,15,8,4,1d12+4,1d6+4,3.0,B
3272,40,17,7,3,1d12+4,1d8+4,40,18,8,4,1d10+4,1d6+4,9.0,B
3273,40,16,8,3,1d8+4,1d6+4,40,14,7,4,1d12+4,1d8+4,5.0,B
3274,40,17,6,4,1d8+4,1d8+4,40,17,6,5,1d12+4,1d6+4,9.0,A
3275,40,18,8,4,1d8+4,1d8+4,40,14,6,4,1d12+4,1d8+4,9.0,B
3276,40,15,8,5,1d8+4,1d6+4,40,16,7,4,1d10+4,1d8+4,2.0,B
3277,40,15,7,4,1d10+4,1d6+4,40,18,7,4,1d12+4,1d8+4,8.0,B
3278,40,15,7,3,1d10+4,1d6+4,40,18,5,3,1d8+4,1d6+4,7.0,A
3279,40,14,7,4,1d8+4,1d8+4,40,17,5,3,1d12+4,1d8+4,7.0,B
3280,40,14,6,4,1d8+4,1d6+4,40,15,5,3,1d10+4,1d6+4,7.0,A
3281,40,16,7,4,1d12+4,1d6+4,40,14,6,3,1d10+4,1d8+4,5.0,B
3282,40,16,5,4,1d12+4,1d6+4,40,18,6,4,1d8+4,1d8+4,0.0,A
3283,40,14,8,4,1d12+4,1d8+4,40,14,8,4,1d12+4,1d6+4,9.0,A
3284,40,14,8,4,1d10+4,1d6+4,40,18,6,4,1d10+4,1d8+4,9.0,B
3285,40,15,7,4,1d12+4,1d8+4,40,17,5,4,1d10+4,1d8+4,0.0,A
3286,40,17,6,5,1d8+4,1d6+4,40,15,8,5,1d8+4,1d8+4,3.0,B
3287,40,17,7,5,1d12+4,1d8+4,40,17,7,4,1d12+4,1d6+4,8.0,A
3288,40,14,7,5,1d12+4,1d8+4,40,15,6,5,1d8+4,1d6+4,3.0,A
3289,40,14,8,4,1d8+4,1d6+4,40,18,5,4,1d10+4,1d8+4,5.0,B
3290,40,18,6,3,1d12+4,1d6+4,40,16,8,5,1d10+4,1d8+4,2.0,A
3291,40,16,6,4,1d12+4,1d6+4,40,16,6,3,1d10+4,1d8+4,4.0,A
3292,40,18,5,3,1d10+4,1d6+4,40,17,7,4,1d10+4,1d8+4,1.0,B
3293,40,14,8,4,1d12+4,1d8+4,40,15,8,4,1d8+4,1d6+4,10.0,A
3294,40,16,7,3,1d10+4,1d6+4,40,16,8,4,1d12+4,1d8+4,7.0,B
3295,40,14,8,4,1d10+4,1d8+4,40,17,5,3,1d8+4,1d8+4,4.0,B
3296,40,15,5,3,1d10+4,1d8+4,40,15,7,5,1d8+4,1d8+4,2.0,A
3297,40,18,8,3,1d12+4,1d6+4,40,18,5,5,1d8+4,1d8+4,8.0,A
3298,40,15,6,5,1d8+4,1d6+4,40,14,6,3,1d12+4,1d6+4,4.0,A
3299,40,18,7,5,1d8+4,1d6+4,40,15,7,3,1d8+4,1d8+4,1.0,A
3300,40,17,7,3,1d8+4,1d8+4,40,16,6,5,1d12+4,1d6+4,1.0,B
3301,40,16,7,4,1d12+4,1d8+4,40,14,5,3,1d12+4,1d8+4,6.0,A
3302,40,18,6,4,1d8+4,1d6+4,40,18,8,4,1d12+4,1d8+4,7.0,B
3303,40,16,7,5,1d12+4,1d6+4,40,14,7,5,1d10+4,1d6+4,2.0,A
3304,40,17,8,5,1d12+4,1d8+4,40,17,6,4,1d12+4,1d8+4,0.0,A
3305,40,15,5,3,1d8+4,1d8+4,40,18,5,3,1d10+4,1d6+4,0.0,A
3306,40,16,7,3,1d8+4,1d8+4,40,14,5,4,1d8+4,1d6+4,4.0,B
3307,40,16,8,3,1d8+4,1d6+4,40,18,8,5,1d8+4,1d6+4,1.0,A
3308,40,14,8,3,1d10+4,1d8+4,40,18,8,5,1d10+4,1d6+4,9.0,A
3309,40,16,8,4,1d10+4,1d6+4,40,14,8,5,1d8+4,1d8+4,3.0,B
3310,40,18,8,4,1d12+4,1d8+4,40,16,6,5,1d8+4,1d6+4,2.0,A
3311,40,14,7,3,1d12+4,1d6+4,40,15,6,5,1d10+4,1d8+4,1.0,A
3312,40,17,7,5,1d10+4,1d6+4,40,14,6,5,1d8+4,1d8+4,3.0,A
3313,40,16,8,4,1d12+4,1d6+4,40,16,7,4,1d8+4,1d6+4,2.0,A
3314,40,14,6,5,1d8+4,1d8+4,40,14,7,3,1d12+4,1d6+4,0.0,B
3315,40,17,8,4,1d8+4,1d8+4,40,16,6,3,1d12+4,1d6+4,2.0,A
3316,40,14,7,5,1d8+4,1d8+4,40,14,7,4,1d10+4,1d8+4,1.0,B
3317,40,15,5,5,1d12+4,1d6+4,40,16,6,5,1d12+4,1d8+4,6.0,A
3318,40,15,8,4,1d10+4,1d8+4,40,15,7,4,1d10+4,1d6+4,7.0,B
3319,40,17,6,4,1d10+4,1d8+4,40,18,8,4,1d8+4,1d6+4,7.0,A
3320,40,16,5,5,1d10+4,1d8+4,40,17,7,4,1d8+4,1d8+4,10.0,B
3321,40,16,5,4,1d10+4,1d6+4,40,18,6,5,1d8+4,1d6+4,8.0,A
3322,40,16,5,5,1d12+4,1d8+4,40,15,6,5,1d12+4,1d6+4,1.0,A
3323,40,16,5,5,1d12+4,1d8+4,40,15,8,3,1d10+4,1d8+4,10.0,A
3324,40,16,5,5,1d10+4,1d8+4,40,14,6,3,1d12+4,1d6+4,1.0,A
3325,40,17,8,3,1d8+4,1d6+4,40,15,8,3,1d8+4,1d6+4,10.0,B
3326,40,18,6,5,1d10+4,1d6+4,40,15,7,4,1d12+4,1d8+4,2.0,B
3327,40,18,5,5,1d8+4,1d8+4,40,17,6,4,1d10+4,1d6+4,8.0,A
3328,40,18,6,4,1d10+4,1d6+4,40,18,8,4,1d12+4,1d6+4,9.0,B
3329,40,17,5,4,1d8+4,1d8+4,40,18,8,5,1d8+4,1d6+4,6.0,A
3330,40,14,8,4,1d12+4,1d6+4,40,15,5,4,1d12+4,1d6+4,10.0,A
3331,40,17,8,5,1d8+4,1d8+4,40,14,7,3,1d8+4,1d6+4,6.0,A
3332,40,17,7,4,1d10+4,1d6+4,40,16,8,3,1d10+4,1d6+4,10.0,B
3333,40,14,6,3,1d10+4,1d8+4,40,16,8,4,1d10+4,1d6+4,9.0,B
3334,40,17,7,5,1d10+4,1d6+4,40,14,5,5,1d8+4,1d6+4,8.0,A
3335,40,18,7,3,1d12+4,1d6+4,40,17,5,5,1d12+4,1d6+4,0.0,A
3336,40,18,6,5,1d12+4,1d8+4,40,16,6,5,1d12+4,1d8+4,1.0,A
3337,40,14,8,5,1d10+4,1d6+4,40,18,5,4,1d10+4,1d8+4,2.0,A
3338,40,18,6,5,1d12+4,1d8+4,40,17,7,4,1d8+4,1d6+4,8.0,A
3339,40,16,7,4,1d12+4,1d8+4,40,16,7,5,1d10+4,1d6+4,8.0,A
3340,40,18,5,4,1d12+4,1d8+4,40,15,8,5,1d10+4,1d6+4,7.0,B
3341,40,14,6,3,1d8+4,1d6+4,40,17,8,3,1d12+4,1d8+4,5.0,B
3342,40,17,5,5,1d12+4,1d8+4,40,17,7,4,1d12+4,1d8+4,0.0,A
3343,40,14,5,4,1d12+4,1d8+4,40,17,8,4,1d10+4,1d8+4,2.0,A
3344,40,18,6,3,1d10+4,1d8+4,40,18,5,5,1d8+4,1d6+4,6.0,B
3345,40,14,6,3,1d12+4,1d8+4,40,17,7,3,1d10+4,1d6+4,8.0,A
3346,40,14,6,3,1d10+4,1d8+4,40,18,5,4,1d8+4,1d6+4,5.0,B
3347,40,18,8,4,1d12+4,1d8+4,40,14,5,5,1d8+4,1d6+4,8.0,B
3348,40,17,7,3,1d10+4,1d6+4,40,15,7,5,1d10+4,1d6+4,4.0,A
3349,40,15,5,3,1d12+4,1d8+4,40,15,7,5,1d8+4,1d6+4,4.0,A
3350,40,15,6,3,1d10+4,1d6+4,40,17,6,5,1d10+4,1d6+4,9.0,A
3351,40,16,5,4,1d8+4,1d6+4,40,14,7,5,1d8+4,1d8+4,5.0,A
3352,40,17,5,3,1d8+4,1d6+4,40,14,8,4,1d8+4,1d6+4,6.0,B
3353,40,17,7,4,1d8+4,1d8+4,40,16,8,4,1d10+4,1d8+4,10.0,A
3354,40,18,8,5,1d10+4,1d6+4,40,18,8,5,1d8+4,1d8+4,10.0,A
3355,40,16,6,4,1d8+4,1d6+4,40,15,6,4,1d10+4,1d8+4,9.0,B
3356,40,15,5,5,1d12+4,1d8+4,40,18,5,4,1d12+4,1d8+4,7.0,B
3357,40,14,5,3,1d12+4,1d8+4,40,16,8,4,1d10+4,1d8+4,4.0,A
3358,40,15,6,3,1d8+4,1d6+4,40,14,7,4,1d12+4,1d8+4,0.0,B
3359,40,16,6,3,1d8+4,1d6+4,40,16,8,5,1d10+4,1d6+4,10.0,A
3360,40,15,5,3,1d12+4,1d6+4,40,18,8,4,1d12+4,1d8+4,6.0,B
3361,40,16,5,3,1d12+4,1d8+4,40,16,5,4,1d8+4,1d8+4,2.0,A
3362,40,17,7,5,1d8+4,1d8+4,40,16,5,3,1d8+4,1d8+4,2.0,A
3363,40,16,5,5,1d12+4,1d6+4,40,18,8,5,1d12+4,1d6+4,3.0,B
3364,40,14,6,3,1d12+4,1d8+4,40,17,7,3,1d12+4,1d6+4,4.0,A
3365,40,16,7,4,1d8+4,1d8+4,40,15,7,5,1d12+4,1d6+4,2.0,B
3366,40,14,6,3,1d10+4,1d8+4,40,16,6,4,1d12+4,1d8+4,9.0,B
3367,40,16,8,3,1d10+4,1d6+4,40,16,6,5,1d12+4,1d6+4,7.0,A
3368,40,16,7,5,1d8+4,1d8+4,40,17,5,4,1d12+4,1d6+4,6.0,B
3369,40,16,8,5,1d8+4,1d6+4,40,18,5,4,1d10+4,1d8+4,0.0,A
3370,40,17,6,3,1d8+4,1d6+4,40,17,8,4,1d8+4,1d6+4,3.0,B
3371,40,16,8,3,1d12+4,1d6+4,40,15,5,3,1d8+4,1d6+4,2.0,B
3372,40,15,7,5,1d10+4,1d6+4,40,15,7,5,1d10+4,1d6+4,8.0,A
3373,40,16,8,4,1d12+4,1d6+4,40,14,8,3,1d12+4,1d6+4,5.0,B
3374,40,17,5,3,1d8+4,1d8+4,40,16,5,4,1d12+4,1d8+4,8.0,A
3375,40,17,6,3,1d8+4,1d6+4,40,16,8,4,1d12+4,1d6+4,2.0,A
3376,40,18,6,5,1d10+4,1d8+4,40,18,5,4,1d12+4,1d8+4,1.0,A
3377,40,14,7,5,1d8+4,1d6+4,40,18,8,3,1d10+4,1d6+4,8.0,B
3378,40,14,7,4,1d10+4,1d6+4,40,17,6,4,1d8+4,1d6+4,0.0,A
3379,40,15,6,4,1d12+4,1d8+4,40,14,6,4,1d8+4,1d6+4,6.0,A
3380,40,14,7,5,1d10+4,1d8+4,40,17,6,4,1d8+4,1d8+4,9.0,A
3381,40,14,6,5,1d8+4,1d8+4,40,14,8,4,1d10+4,1d6+4,6.0,A
3382,40,14,6,3,1d8+4,1d8+4,40,18,6,5,1d10+4,1d8+4,0.0,A
3383,40,16,6,5,1d8+4,1d6+4,40,17,8,3,1d10+4,1d6+4,3.0,A
3384,40,15,7,5,1d8+4,1d6+4,40,14,5,5,1d12+4,1d6+4,10.0,A
3385,40,17,7,5,1d10+4,1d8+4,40,17,7,3,1d10+4,1d8+4,1.0,B
3386,40,16,5,4,1d8+4,1d6+4,40,16,7,5,1d10+4,1d6+4,6.0,A
3387,40,15,5,4,1d10+4,1d6+4,40,18,8,3,1d8+4,1d8+4,4.0,B
3388,40,15,5,3,1d8+4,1d8+4,40,14,5,5,1d10+4,1d6+4,9.0,B
3389,40,14,8,4,1d8+4,1d8+4,40,17,7,4,1d10+4,1d6+4,9.0,B
3390,40,14,7,4,1d10+4,1d8+4,40,15,8,4,1d12+4,1d8+4,0.0,B
3391,40,15,7,5,1d12+4,1d8+4,40,17,5,5,1d10+4,1d8+4,10.0,B
3392,40,14,8,3,1d8+4,1d6+4,40,15,7,4,1d10+4,1d6+4,6.0,A
3393,40,15,5,4,1d12+4,1d8+4,40,17,8,3,1d8+4,1d8+4,2.0,B
3394,40,18,7,5,1d8+4,1d8+4,40,18,6,4,1d8+4,1d8+4,2.0,A
3395,40,15,6,5,1d12+4,1d8+4,40,14,8,3,1d8+4,1d6+4,5.0,B
3396,40,17,6,4,1d8+4,1d6+4,40,15,5,3,1d8+4,1d6+4,7.0,A
3397,40,14,7,3,1d12+4,1d6+4,40,14,5,3,1d12+4,1d6+4,4.0,A
3398,40,14,6,4,1d8+4,1d6+4,40,18,7,3,1d10+4,1d8+4,0.0,A
3399,40,16,6,4,1d8+4,1d8+4,40,14,6,3,1d8+4,1d6+4,3.0,A
3400,40,14,8,5,1d8+4,1d6+4,40,17,6,5,1d12+4,1d6+4,4.0,B
3401,40,14,6,3,1d8+4,1d8+4,40,15,8,5,1d8+4,1d8+4,2.0,B
3402,40,15,8,4,1d10+4,1d8+4,40,15,6,5,1d12+4,1d8+4,9.0,B
3403,40,16,5,5,1d10+4,1d8+4,40,17,8,5,1d8+4,1d8+4,7.0,A
3404,40,16,8,5,1d8+4,1d6+4,40,17,5,4,1d10+4,1d6+4,7.0,A
3405,40,18,6,3,1d10+4,1d8+4,40,18,7,4,1d8+4,1d6+4,10.0,A
3406,40,14,6,3,1d10+4,1d8+4,40,17,6,3,1d12+4,1d8+4,1.0,B
3407,40,17,5,5,1d10+4,1d8+4,40,16,7,5,1d12+4,1d8+4,5.0,A
3408,40,16,8,4,1d8+4,1d8+4,40,17,5,3,1d10+4,1d6+4,8.0,A
3409,40,15,8,5,1d8+4,1d8+4,40,16,8,5,1d12+4,1d8+4,0.0,B
3410,40,14,6,5,1d8+4,1d6+4,40,16,8,4,1d10+4,1d6+4,9.0,A
3411,40,16,8,5,1d8+4,1d6+4,40,18,6,3,1d12+4,1d6+4,9.0,B
3412,40,14,7,5,1d8+4,1d8+4,40,17,5,4,1d10+4,1d6+4,3.0,B
3413,40,16,6,3,1d8+4,1d6+4,40,15,6,3,1d8+4,1d6+4,0.0,A
3414,40,14,7,4,1d12+4,1d8+4,40,17,6,5,1d12+4,1d8+4,2.0,B
3415,40,18,8,5,1d12+4,1d8+4,40,18,8,4,1d8+4,1d6+4,0.0,B
3416,40,14,6,3,1d10+4,1d8+4,40,17,7,4,1d10+4,1d8+4,6.0,B
3417,40,16,6,3,1d8+4,1d6+4,40,14,8,4,1d12+4,1d8+4,3.0,B
3418,40,14,7,3,1d12+4,1d8+4,40,17,5,5,1d8+4,1d8+4,3.0,A
3419,40,16,5,3,1d12+4,1d8+4,40,18,6,4,1d12+4,1d8+4,4.0,B
3420,40,17,8,3,1d12+4,1d8+4,40,16,7,4,1d8+4,1d8+4,6.0,A
3421,40,15,6,5,1d12+4,1d6+4,40,17,5,4,1d8+4,1d6+4,9.0,A
3422,40,14,7,4,1d12+4,1d8+4,40,16,5,5,1d10+4,1d6+4,4.0,A
3423,40,14,8,5,1d12+4,1d8+4,40,17,6,3,1d10+4,1d8+4,9.0,A
3424,40,14,5,5,1d12+4,1d8+4,40,15,7,4,1d10+4,1d6+4,5.0,B
3425,40,16,7,4,1d12+4,1d6+4,40,17,5,5,1d12+4,1d8+4,6.0,A
3426,40,15,7,5,1d10+4,1d6+4,40,17,5,3,1d10+4,1d6+4,3.0,B
3427,40,16,5,4,1d8+4,1d8+4,40,14,6,5,1d10+4,1d8+4,8.0,B
3428,40,17,7,3,1d12+4,1d6+4,40,18,7,5,1d12+4,1d8+4,7.0,B
3429,40,15,8,3,1d10+4,1d8+4,40,17,6,4,1d12+4,1d6+4,0.0,A
3430,40,16,7,5,1d8+4,1d8+4,40,16,7,4,1d10+4,1d8+4,5.0,A
3431,40,18,5,4,1d8+4,1d6+4,40,18,6,3,1d8+4,1d8+4,8.0,A
3432,40,15,7,4,1d8+4,1d6+4,40,15,6,5,1d10+4,1d8+4,10.0,A
3433,40,15,7,3,1d10+4,1d6+4,40,17,5,5,1d8+4,1d6+4,2.0,B
3434,40,17,5,3,1d8+4,1d8+4,40,15,7,3,1d10+4,1d6+4,0.0,A
3435,40,14,6,4,1d10+4,1d8+4,40,16,5,3,1d12+4,1d6+4,0.0,B
3436,40,16,7,5,1d10+4,1d6+4,40,14,7,3,1d10+4,1d8+4,6.0,B
3437,40,18,8,3,1d8+4,1d8+4,40,18,6,5,1d8+4,1d8+4,8.0,A
3438,40,14,7,3,1d8+4,1d6+4,40,15,7,3,1d12+4,1d6+4,7.0,B
3439,40,17,6,5,1d10+4,1d6+4,40,15,6,3,1d10+4,1d6+4,6.0,A
3440,40,17,6,5,1d12+4,1d6+4,40,14,5,3,1d10+4,1d8+4,2.0,B
3441,40,14,6,3,1d12+4,1d8+4,40,15,8,4,1d12+4,1d6+4,9.0,B
3442,40,14,8,5,1d8+4,1d6+4,40,18,7,5,1d12+4,1d6+4,6.0,A
3443,40,15,6,5,1d12+4,1d6+4,40,16,8,4,1d10+4,1d8+4,6.0,A
3444,40,17,7,5,1d8+4,1d8+4,40,18,5,4,1d8+4,1d6+4,8.0,A
3445,40,18,6,3,1d12+4,1d6+4,40,14,6,3,1d12+4,1d6+4,0.0,B
3446,40,16,8,3,1d10+4,1d6+4,40,17,7,5,1d8+4,1d6+4,3.0,A
3447,40,18,8,3,1d10+4,1d6+4,40,18,8,5,1d12+4,1d8+4,7.0,A
3448,40,18,5,4,1d10+4,1d6+4,40,14,6,5,1d12+4,1d8+4,4.0,B
3449,40,16,7,3,1d8+4,1d8+4,40,18,7,5,1d10+4,1d8+4,2.0,B
3450,40,18,8,4,1d12+4,1d6+4,40,17,5,4,1d12+4,1d8+4,0.0,B
3451,40,15,6,5,1d10+4,1d8+4,40,16,7,5,1d8+4,1d6+4,9.0,A
3452,40,18,7,5,1d12+4,1d8+4,40,17,6,3,1d12+4,1d8+4,3.0,A
3453,40,15,5,3,1d8+4,1d6+4,40,17,6,3,1d8+4,1d6+4,1.0,A
3454,40,17,7,5,1d8+4,1d8+4,40,18,6,3,1d12+4,1d6+4,3.0,B
3455,40,14,8,5,1d8+4,1d6+4,40,17,5,3,1d12+4,1d6+4,7.0,A
3456,40,18,6,4,1d8+4,1d8+4,40,15,6,4,1d12+4,1d6+4,4.0,A
3457,40,15,5,5,1d8+4,1d6+4,40,18,6,4,1d8+4,1d6+4,6.0,A
3458,40,14,7,4,1d10+4,1d6+4,40,16,5,4,1d10+4,1d6+4,7.0,B
3459,40,16,5,3,1d10+4,1d6+4,40,18,7,4,1d10+4,1d8+4,8.0,B
3460,40,15,7,5,1d12+4,1d6+4,40,15,6,4,1d10+4,1d8+4,2.0,A
3461,40,14,5,3,1d10+4,1d8+4,40,16,6,5,1d8+4,1d6+4,6.0,B
3462,40,15,5,4,1d8+4,1d6+4,40,16,8,3,1d8+4,1d6+4,8.0,A
3463,40,14,7,4,1d10+4,1d6+4,40,15,6,5,1d10+4,1d8+4,7.0,B
3464,40,15,5,5,1d8+4,1d6+4,40,16,6,5,1d10+4,1d6+4,5.0,B
3465,40,14,7,3,1d12+4,1d6+4,40,15,6,5,1d12+4,1d6+4,5.0,A
3466,40,18,7,5,1d10+4,1d6+4,40,15,7,3,1d10+4,1d8+4,2.0,A
3467,40,15,8,4,1d8+4,1d8+4,40,16,7,4,1d12+4,1d8+4,1.0,A
3468,40,17,6,5,1d12+4,1d6+4,40,15,8,4,1d10+4,1d8+4,9.0,A
3469,40,15,7,3,1d12+4,1d6+4,40,14,6,4,1d8+4,1d8+4,0.0,B
3470,40,16,5,3,1d8+4,1d6+4,40,16,6,3,1d10+4,1d8+4,7.0,B
3471,40,16,7,4,1d8+4,1d6+4,40,17,5,3,1d8+4,1d6+4,4.0,A
3472,40,16,6,5,1d12+4,1d6+4,40,17,8,4,1d8+4,1d6+4,0.0,A
3473,40,18,7,5,1d8+4,1d8+4,40,14,5,4,1d12+4,1d8+4,9.0,A
3474,40,17,8,4,1d10+4,1d6+4,40,17,7,4,1d10+4,1d6+4,9.0,B
3475,40,16,7,5,1d12+4,1d8+4,40,17,8,5,1d8+4,1d6+4,5.0,B
3476,40,15,6,3,1d10+4,1d8+4,40,17,6,4,1d10+4,1d6+4,1.0,A
3477,40,16,8,5,1d10+4,1d8+4,40,15,5,5,1d8+4,1d6+4,3.0,A
3478,40,16,7,5,1d12+4,1d8+4,40,17,5,5,1d8+4,1d6+4,1.0,A
3479,40,16,7,4,1d8+4,1d8+4,40,15,8,5,1d12+4,1d8+4,2.0,B
3480,40,14,8,4,1d8+4,1d6+4,40,17,5,4,1d8+4,1d8+4,6.0,A
3481,40,16,5,3,1d10+4,1d8+4,40,17,6,4,1d10+4,1d6+4,9.0,B
3482,40,18,6,4,1d8+4,1d8+4,40,17,5,4,1d10+4,1d8+4,7.0,A
3483,40,14,5,3,1d10+4,1d6+4,40,15,6,5,1d12+4,1d8+4,3.0,A
3484,40,15,5,5,1d8+4,1d6+4,40,14,5,4,1d8+4,1d6+4,0.0,A
3485,40,17,6,5,1d10+4,1d8+4,40,18,6,4,1d12+4,1d6+4,8.0,A
3486,40,15,5,3,1d12+4,1d8+4,40,15,7,4,1d8+4,1d8+4,2.0,A
3487,40,14,8,4,1d12+4,1d6+4,40,17,6,3,1d8+4,1d8+4,4.0,A
3488,40,18,7,3,1d10+4,1d6+4,40,15,6,4,1d12+4,1d8+4,6.0,A
3489,40,16,6,3,1d8+4,1d6+4,40,14,7,5,1d10+4,1d6+4,1.0,A
3490,40,18,5,3,1d12+4,1d8+4,40,17,7,3,1d8+4,1d6+4,9.0,A
3491,40,18,6,4,1d10+4,1d8+4,40,15,8,4,1d8+4,1d8+4,2.0,A
3492,40,16,5,5,1d12+4,1d8+4,40,17,5,5,1d8+4,1d8+4,3.0,B
3493,40,15,5,3,1d10+4,1d8+4,40,18,5,4,1d8+4,1d8+4,3.0,B
3494,40,16,5,4,1d12+4,1d6+4,40,14,6,3,1d10+4,1d6+4,9.0,B
3495,40,17,5,4,1d8+4,1d6+4,40,17,7,4,1d10+4,1d6+4,5.0,B
3496,40,18,7,5,1d10+4,1d6+4,40,15,7,4,1d10+4,1d8+4,6.0,A
3497,40,15,6,5,1d8+4,1d8+4,40,16,7,4,1d10+4,1d6+4,6.0,B
3498,40,16,8,4,1d10+4,1d8+4,40,17,7,3,1d10+4,1d6+4,9.0,A
3499,40,17,6,3,1d10+4,1d8+4,40,15,5,5,1d8+4,1d8+4,0.0,A
3500,40,17,7,5,1d10+4,1d8+4,40,17,5,3,1d12+4,1d6+4,9.0,A
3501,40,17,5,4,1d10+4,1d6+4,40,15,6,4,1d10+4,1d6+4,3.0,B
3502,40,17,7,5,1d10+4,1d6+4,40,17,6,4,1d10+4,1d8+4,7.0,B
3503,40,18,7,5,1d8+4,1d8+4,40,16,6,4,1d8+4,1d6+4,4.0,B
3504,40,18,5,5,1d8+4,1d8+4,40,15,8,4,1d12+4,1d6+4,2.0,B
3505,40,16,8,3,1d12+4,1d6+4,40,14,6,4,1d8+4,1d6+4,10.0,B
3506,40,15,5,4,1d10+4,1d6+4,40,17,7,3,1d10+4,1d6+4,10.0,B
3507,40,15,8,4,1d12+4,1d6+4,40,14,8,5,1d8+4,1d8+4,8.0,A
3508,40,18,7,5,1d12+4,1d8+4,40,15,8,4,1d10+4,1d8+4,3.0,B
3509,40,18,5,5,1d12+4,1d6+4,40,16,7,3,1d10+4,1d8+4,2.0,A
3510,40,15,6,3,1d12+4,1d6+4,40,18,5,3,1d10+4,1d8+4,8.0,A
3511,40,17,8,4,1d12+4,1d8+4,40,18,8,3,1d10+4,1d8+4,3.0,B
3512,40,18,7,3,1d10+4,1d6+4,40,14,5,3,1d12+4,1d6+4,5.0,B
3513,40,16,8,3,1d12+4,1d8+4,40,17,6,5,1d12+4,1d6+4,7.0,A
3514,40,15,6,3,1d12+4,1d8+4,40,15,7,5,1d12+4,1d8+4,4.0,B
3515,40,17,6,5,1d10+4,1d6+4,40,16,5,4,1d10+4,1d8+4,10.0,A
3516,40,18,7,3,1d12+4,1d8+4,40,14,7,3,1d8+4,1d6+4,5.0,A
3517,40,18,7,5,1d8+4,1d8+4,40,17,8,5,1d8+4,1d6+4,2.0,B
3518,40,16,5,4,1d8+4,1d6+4,40,18,7,4,1d10+4,1d6+4,2.0,A
3519,40,17,5,3,1d12+4,1d6+4,40,16,5,3,1d10+4,1d8+4,3.0,A
3520,40,17,5,3,1d8+4,1d6+4,40,16,8,5,1d10+4,1d8+4,6.0,B
3521,40,15,6,4,1d8+4,1d6+4,40,15,8,4,1d8+4,1d8+4,3.0,A
3522,40,15,6,5,1d12+4,1d8+4,40,18,6,3,1d8+4,1d8+4,9.0,A
3523,40,18,6,3,1d12+4,1d6+4,40,17,6,5,1d12+4,1d8+4,5.0,B
3524,40,14,5,4,1d8+4,1d6+4,40,17,8,4,1d10+4,1d6+4,10.0,B
3525,40,15,8,3,1d10+4,1d6+4,40,15,8,4,1d10+4,1d6+4,9.0,A
3526,40,16,7,5,1d12+4,1d8+4,40,15,8,4,1d8+4,1d6+4,5.0,A
3527,40,14,7,4,1d12+4,1d6+4,40,16,5,3,1d12+4,1d6+4,7.0,B
3528,40,14,5,5,1d8+4,1d6+4,40,15,5,5,1d8+4,1d6+4,1.0,B
3529,40,15,8,4,1d8+4,1d6+4,40,16,5,5,1d8+4,1d8+4,6.0,A
3530,40,14,6,5,1d12+4,1d6+4,40,15,5,3,1d10+4,1d8+4,1.0,A
3531,40,15,8,4,1d8+4,1d8+4,40,18,8,4,1d10+4,1d8+4,5.0,B
3532,40,14,7,4,1d10+4,1d6+4,40,15,6,5,1d12+4,1d6+4,9.0,B
3533,40,17,7,5,1d8+4,1d8+4,40,15,7,5,1d10+4,1d6+4,2.0,A
3534,40,18,8,5,1d8+4,1d6+4,40,14,7,3,1d12+4,1d8+4,1.0,A
3535,40,16,5,5,1d12+4,1d6+4,40,14,5,4,1d12+4,1d6+4,8.0,B
3536,40,18,5,5,1d8+4,1d8+4,40,18,7,4,1d8+4,1d8+4,2.0,B
3537,40,14,5,3,1d10+4,1d8+4,40,17,5,4,1d10+4,1d8+4,5.0,A
3538,40,15,7,4,1d8+4,1d6+4,40,18,5,5,1d8+4,1d6+4,5.0,A
3539,40,16,5,4,1d12+4,1d6+4,40,18,5,3,1d8+4,1d6+4,1.0,A
3540,40,18,5,5,1d8+4,1d6+4,40,16,7,5,1d12+4,1d6+4,0.0,A
3541,40,16,8,4,1d12+4,1d6+4,40,14,8,3,1d8+4,1d6+4,0.0,A
3542,40,18,5,3,1d12+4,1d6+4,40,18,5,5,1d8+4,1d6+4,7.0,A
3543,40,16,8,3,1d10+4,1d6+4,40,14,6,4,1d8+4,1d8+4,2.0,B
3544,40,15,7,3,1d8+4,1d8+4,40,15,6,5,1d8+4,1d8+4,10.0,A
3545,40,18,7,4,1d12+4,1d6+4,40,18,8,5,1d8+4,1d8+4,0.0,B
3546,40,15,6,3,1d10+4,1d8+4,40,14,8,3,1d8+4,1d6+4,7.0,B
3547,40,15,8,4,1d8+4,1d6+4,40,15,6,3,1d10+4,1d8+4,4.0,B
3548,40,18,8,5,1d8+4,1d8+4,40,17,6,3,1d10+4,1d8+4,10.0,A
3549,40,16,7,5,1d8+4,1d6+4,40,17,8,4,1d12+4,1d8+4,1.0,B
3550,40,14,7,3,1d10+4,1d8+4,40,18,5,3,1d10+4,1d8+4,0.0,A
3551,40,17,8,5,1d8+4,1d6+4,40,16,6,5,1d10+4,1d8+4,5.0,A
3552,40,18,5,4,1d10+4,1d8+4,40,14,5,3,1d12+4,1d6+4,9.0,A
3553,40,15,6,4,1d8+4,1d8+4,40,14,7,3,1d12+4,1d8+4,7.0,B
3554,40,14,8,4,1d12+4,1d8+4,40,18,7,3,1d12+4,1d8+4,9.0,A
3555,40,14,5,3,1d10+4,1d8+4,40,15,6,5,1d8+4,1d8+4,8.0,B
3556,40,17,6,4,1d10+4,1d8+4,40,18,7,3,1d10+4,1d8+4,10.0,B
3557,40,17,6,4,1d12+4,1d6+4,40,17,6,5,1d10+4,1d6+4,0.0,A
3558,40,17,5,4,1d12+4,1d6+4,40,14,6,4,1d8+4,1d8+4,9.0,A
3559,40,15,8,4,1d8+4,1d8+4,40,18,5,5,1d10+4,1d8+4,0.0,B
3560,40,14,8,5,1d8+4,1d6+4,40,18,5,4,1d10+4,1d6+4,1.0,A
3561,40,14,8,5,1d12+4,1d6+4,40,14,7,5,1d8+4,1d8+4,8.0,A
3562,40,14,7,3,1d8+4,1d8+4,40,17,5,3,1d12+4,1d6+4,1.0,B
3563,40,14,7,4,1d8+4,1d8+4,40,14,6,5,1d12+4,1d6+4,5.0,A
3564,40,18,6,5,1d8+4,1d6+4,40,16,5,3,1d8+4,1d8+4,10.0,A
3565,40,17,6,5,1d10+4,1d8+4,40,18,8,3,1d10+4,1d8+4,0.0,A
3566,40,17,8,3,1d8+4,1d6+4,40,15,5,4,1d8+4,1d8+4,5.0,B
3567,40,17,7,4,1d10+4,1d8+4,40,17,6,4,1d12+4,1d8+4,9.0,A
3568,40,14,8,4,1d10+4,1d6+4,40,16,5,5,1d8+4,1d6+4,2.0,B
3569,40,17,7,4,1d10+4,1d6+4,40,15,5,4,1d10+4,1d6+4,4.0,B
3570,40,15,6,3,1d12+4,1d6+4,40,18,5,4,1d10+4,1d6+4,10.0,B
3571,40,14,5,3,1d8+4,1d8+4,40,16,7,3,1d10+4,1d8+4,10.0,B
3572,40,14,6,3,1d10+4,1d8+4,40,15,8,3,1d8+4,1d8+4,7.0,B
3573,40,15,5,3,1d10+4,1d6+4,40,15,6,5,1d8+4,1d8+4,8.0,A
3574,40,17,7,5,1d10+4,1d8+4,40,17,8,3,1d10+4,1d6+4,3.0,A
3575,40,15,8,3,1d10+4,1d6+4,40,18,8,4,1d10+4,1d8+4,0.0,A
3576,40,17,6,5,1d12+4,1d8+4,40,16,5,3,1d10+4,1d6+4,0.0,A
3577,40,16,8,5,1d10+4,1d8+4,40,14,6,3,1d12+4,1d6+4,9.0,A
3578,40,18,6,4,1d10+4,1d8+4,40,16,5,5,1d12+4,1d6+4,7.0,A
3579,40,15,7,5,1d12+4,1d8+4,40,15,8,5,1d8+4,1d6+4,7.0,A
3580,40,18,8,3,1d12+4,1d6+4,40,15,6,4,1d10+4,1d8+4,1.0,A
3581,40,17,8,5,1d10+4,1d6+4,40,14,7,5,1d10+4,1d6+4,2.0,A
3582,40,18,7,4,1d10+4,1d6+4,40,17,5,5,1d12+4,1d6+4,7.0,A
3583,40,14,6,3,1d10+4,1d8+4,40,15,6,3,1d12+4,1d6+4,8.0,B
3584,40,18,8,4,1d12+4,1d8+4,40,18,6,4,1d10+4,1d8+4,2.0,A
3585,40,18,5,3,1d12+4,1d6+4,40,15,7,5,1d12+4,1d6+4,0.0,B
3586,40,16,5,5,1d8+4,1d6+4,40,18,7,3,1d8+4,1d8+4,5.0,B
3587,40,14,8,3,1d12+4,1d6+4,40,14,8,4,1d12+4,1d8+4,2.0,B
3588,40,17,6,5,1d10+4,1d8+4,40,17,8,5,1d10+4,1d8+4,5.0,A
3589,40,17,8,4,1d10+4,1d8+4,40,15,7,3,1d10+4,1d8+4,5.0,A
3590,40,16,7,3,1d10+4,1d8+4,40,15,7,3,1d8+4,1d8+4,5.0,A
3591,40,17,6,3,1d8+4,1d8+4,40,15,5,5,1d10+4,1d6+4,8.0,A
3592,40,14,6,5,1d12+4,1d8+4,40,17,7,4,1d8+4,1d6+4,9.0,A
3593,40,16,6,4,1d8+4,1d8+4,40,14,7,3,1d10+4,1d6+4,7.0,A
3594,40,14,6,3,1d12+4,1d6+4,40,16,6,3,1d10+4,1d6+4,5.0,A
3595,40,15,5,5,1d10+4,1d6+4,40,16,6,5,1d10+4,1d6+4,0.0,A
3596,40,17,5,5,1d8+4,1d6+4,40,15,6,5,1d12+4,1d8+4,3.0,B
3597,40,16,8,4,1d8+4,1d6+4,40,14,6,4,1d12+4,1d8+4,3.0,A
3598,40,18,6,4,1d12+4,1d8+4,40,14,5,5,1d12+4,1d8+4,7.0,A
3599,40,17,6,3,1d12+4,1d8+4,40,14,7,5,1d10+4,1d8+4,2.0,B
3600,40,17,8,5,1d8+4,1d6+4,40,18,5,4,1d10+4,1d6+4,9.0,A
3601,40,14,7,5,1d10+4,1d8+4,40,18,7,3,1d10+4,1d6+4,2.0,A
3602,40,14,6,5,1d10+4,1d6+4,40,17,7,5,1d8+4,1d6+4,8.0,A
3603,40,17,5,3,1d12+4,1d6+4,40,17,5,5,1d12+4,1d6+4,2.0,B
3604,40,15,6,3,1d12+4,1d6+4,40,15,8,3,1d12+4,1d6+4,3.0,B
3605,40,18,7,3,1d12+4,1d6+4,40,17,6,4,1d10+4,1d8+4,2.0,B
3606,40,18,8,4,1d10+4,1d6+4,40,15,5,5,1d12+4,1d8+4,1.0,A
3607,40,14,8,5,1d8+4,1d6+4,40,17,6,5,1d12+4,1d8+4,7.0,A
3608,40,17,8,5,1d8+4,1d6+4,40,17,6,4,1d12+4,1d8+4,6.0,A
3609,40,16,8,5,1d12+4,1d8+4,40,15,8,3,1d8+4,1d8+4,4.0,B
3610,40,15,6,5,1d10+4,1d6+4,40,16,7,3,1d10+4,1d8+4,9.0,A
3611,40,15,6,5,1d10+4,1d6+4,40,17,8,3,1d10+4,1d6+4,5.0,B
3612,40,16,5,4,1d8+4,1d6+4,40,17,7,5,1d10+4,1d6+4,7.0,A
3613,40,18,8,3,1d8+4,1d8+4,40,16,6,5,1d10+4,1d6+4,1.0,B
3614,40,16,7,4,1d10+4,1d6+4,40,17,7,3,1d8+4,1d8+4,5.0,A
3615,40,15,6,3,1d8+4,1d8+4,40,15,7,5,1d12+4,1d8+4,0.0,B
3616,40,16,6,3,1d10+4,1d6+4,40,16,6,4,1d10+4,1d8+4,5.0,B
3617,40,18,5,5,1d12+4,1d8+4,40,16,8,3,1d8+4,1d8+4,1.0,A
3618,40,18,7,5,1d12+4,1d6+4,40,14,6,5,1d12+4,1d6+4,6.0,B
3619,40,18,8,3,1d12+4,1d8+4,40,17,7,3,1d10+4,1d6+4,10.0,A
3620,40,16,6,5,1d8+4,1d6+4,40,17,7,3,1d12+4,1d6+4,5.0,A
3621,40,15,8,5,1d12+4,1d6+4,40,15,6,4,1d8+4,1d8+4,1.0,B
3622,40,14,6,4,1d8+4,1d8+4,40,17,6,4,1d8+4,1d8+4,1.0,A
3623,40,18,6,3,1d10+4,1d8+4,40,16,6,3,1d12+4,1d6+4,2.0,B
3624,40,15,5,5,1d10+4,1d6+4,40,15,6,4,1d10+4,1d6+4,7.0,B
3625,40,17,8,3,1d12+4,1d8+4,40,16,6,3,1d8+4,1d6+4,10.0,A
3626,40,14,7,3,1d8+4,1d6+4,40,14,6,3,1d12+4,1d6+4,7.0,A
3627,40,17,5,5,1d10+4,1d6+4,40,18,8,3,1d8+4,1d6+4,8.0,B
3628,40,18,7,3,1d8+4,1d6+4,40,17,5,3,1d12+4,1d6+4,5.0,A
3629,40,15,8,3,1d8+4,1d6+4,40,16,6,3,1d10+4,1d8+4,1.0,B
3630,40,16,7,5,1d10+4,1d8+4,40,18,7,5,1d10+4,1d6+4,7.0,A
3631,40,15,8,5,1d8+4,1d8+4,40,15,5,3,1d8+4,1d8+4,3.0,A
3632,40,14,6,4,1d12+4,1d6+4,40,15,8,3,1d12+4,1d6+4,7.0,B
3633,40,16,6,4,1d8+4,1d6+4,40,14,7,3,1d8+4,1d8+4,2.0,B
3634,40,17,7,4,1d10+4,1d8+4,40,17,7,4,1d8+4,1d6+4,4.0,B
3635,40,18,8,5,1d8+4,1d8+4,40,16,5,5,1d12+4,1d8+4,6.0,B
3636,40,15,8,4,1d10+4,1d8+4,40,16,5,5,1d12+4,1d6+4,4.0,A
3637,40,18,6,5,1d8+4,1d6+4,40,16,6,4,1d10+4,1d8+4,5.0,B
3638,40,15,8,3,1d8+4,1d6+4,40,16,6,3,1d10+4,1d8+4,2.0,B
3639,40,18,6,3,1d12+4,1d6+4,40,18,8,5,1d12+4,1d8+4,3.0,A
3640,40,18,7,4,1d12+4,1d8+4,40,14,8,4,1d12+4,1d8+4,8.0,A
3641,40,18,6,5,1d8+4,1d8+4,40,15,8,3,1d12+4,1d6+4,2.0,B
3642,40,15,7,5,1d12+4,1d8+4,40,17,5,3,1d10+4,1d6+4,10.0,B
3643,40,15,8,5,1d12+4,1d6+4,40,18,6,5,1d10+4,1d8+4,6.0,B
3644,40,14,5,4,1d8+4,1d6+4,40,15,5,3,1d12+4,1d8+4,0.0,B
3645,40,18,6,4,1d8+4,1d6+4,40,14,5,4,1d8+4,1d8+4,2.0,A
3646,40,17,7,3,1d10+4,1d8+4,40,14,8,5,1d8+4,1d6+4,7.0,B
3647,40,14,7,3,1d8+4,1d6+4,40,16,7,3,1d10+4,1d6+4,5.0,A
3648,40,17,8,3,1d10+4,1d6+4,40,16,6,5,1d10+4,1d6+4,8.0,A
3649,40,17,7,5,1d12+4,1d8+4,40,15,6,4,1d10+4,1d8+4,1.0,A
3650,40,18,5,5,1d8+4,1d8+4,40,18,5,3,1d12+4,1d6+4,6.0,A
3651,40,18,5,3,1d10+4,1d8+4,40,14,7,3,1d10+4,1d8+4,8.0,A
3652,40,15,8,5,1d12+4,1d6+4,40,17,8,4,1d12+4,1d8+4,10.0,B
3653,40,16,5,5,1d12+4,1d6+4,40,14,7,3,1d8+4,1d8+4,9.0,A
3654,40,17,8,4,1d8+4,1d6+4,40,15,5,3,1d12+4,1d8+4,8.0,B
3655,40,14,8,4,1d8+4,1d6+4,40,17,7,5,1d8+4,1d6+4,5.0,B
3656,40,16,7,4,1d8+4,1d6+4,40,17,7,3,1d8+4,1d6+4,0.0,A
3657,40,16,8,5,1d12+4,1d6+4,40,14,5,4,1d8+4,1d8+4,7.0,A
3658,40,17,8,4,1d12+4,1d8+4,40,15,7,4,1d12+4,1d6+4,6.0,A
3659,40,18,5,3,1d10+4,1d8+4,40,15,6,4,1d10+4,1d8+4,4.0,A
3660,40,17,5,4,1d8+4,1d8+4,40,14,7,3,1d8+4,1d8+4,9.0,A
3661,40,15,5,5,1d12+4,1d6+4,40,17,7,4,1d8+4,1d8+4,2.0,B
3662,40,18,6,4,1d12+4,1d6+4,40,17,8,5,1d10+4,1d6+4,2.0,A
3663,40,14,5,4,1d12+4,1d6+4,40,15,8,5,1d12+4,1d8+4,2.0,A
3664,40,14,7,5,1d10+4,1d8+4,40,15,8,3,1d10+4,1d6+4,6.0,A
3665,40,14,6,4,1d12+4,1d8+4,40,15,8,4,1d8+4,1d8+4,6.0,A
3666,40,18,6,4,1d10+4,1d6+4,40,14,8,5,1d10+4,1d6+4,10.0,B
3667,40,18,8,5,1d12+4,1d8+4,40,18,8,5,1d12+4,1d8+4,8.0,B
3668,40,17,7,5,1d8+4,1d6+4,40,18,8,4,1d8+4,1d8+4,7.0,A
3669,40,17,6,5,1d10+4,1d6+4,40,18,7,5,1d12+4,1d6+4,6.0,A
3670,40,14,5,4,1d8+4,1d6+4,40,16,6,4,1d12+4,1d8+4,6.0,B
3671,40,14,7,5,1d8+4,1d8+4,40,14,7,5,1d12+4,1d6+4,3.0,A
3672,40,16,5,4,1d10+4,1d8+4,40,14,5,4,1d12+4,1d8+4,5.0,A
3673,40,18,7,5,1d12+4,1d8+4,40,18,8,4,1d12+4,1d8+4,6.0,B
3674,40,15,6,4,1d10+4,1d8+4,40,17,6,4,1d10+4,1d6+4,10.0,B
3675,40,17,5,5,1d10+4,1d8+4,40,16,6,5,1d8+4,1d8+4,8.0,A
3676,40,17,7,5,1d12+4,1d8+4,40,15,6,3,1d10+4,1d8+4,0.0,B
3677,40,14,8,3,1d8+4,1d6+4,40,18,6,5,1d12+4,1d8+4,10.0,A
3678,40,14,8,3,1d12+4,1d8+4,40,15,8,3,1d8+4,1d8+4,5.0,A
3679,40,15,6,3,1d12+4,1d6+4,40,15,8,4,1d8+4,1d8+4,2.0,B
3680,40,18,7,3,1d12+4,1d6+4,40,14,5,3,1d12+4,1d8+4,0.0,B
3681,40,14,6,5,1d8+4,1d6+4,40,15,8,4,1d10+4,1d8+4,10.0,A
3682,40,18,6,3,1d12+4,1d6+4,40,18,5,4,1d12+4,1d6+4,10.0,A
3683,40,14,5,3,1d12+4,1d8+4,40,17,6,3,1d8+4,1d6+4,4.0,B
3684,40,17,6,5,1d10+4,1d6+4,40,16,7,4,1d8+4,1d6+4,9.0,A
3685,40,18,7,5,1d10+4,1d8+4,40,18,5,3,1d10+4,1d6+4,5.0,B
3686,40,16,7,3,1d10+4,1d6+4,40,14,8,5,1d10+4,1d8+4,2.0,A
3687,40,17,6,4,1d12+4,1d6+4,40,17,7,5,1d10+4,1d6+4,7.0,A
3688,40,16,5,4,1d8+4,1d8+4,40,18,8,5,1d8+4,1d6+4,0.0,B
3689,40,18,5,4,1d10+4,1d8+4,40,18,5,3,1d12+4,1d8+4,10.0,B
3690,40,17,6,5,1d12+4,1d8+4,40,18,5,4,1d10+4,1d6+4,3.0,A
3691,40,16,8,5,1d12+4,1d8+4,40,18,8,5,1d8+4,1d6+4,7.0,B
3692,40,15,6,4,1d8+4,1d6+4,40,17,7,5,1d10+4,1d6+4,3.0,B
3693,40,16,7,4,1d8+4,1d6+4,40,17,7,5,1d8+4,1d8+4,6.0,A
3694,40,14,5,4,1d10+4,1d8+4,40,15,8,4,1d12+4,1d6+4,1.0,B
3695,40,15,8,5,1d8+4,1d6+4,40,15,5,4,1d8+4,1d8+4,6.0,A
3696,40,16,6,4,1d8+4,1d8+4,40,15,6,4,1d8+4,1d8+4,1.0,B
3697,40,18,5,5,1d10+4,1d8+4,40,18,5,5,1d12+4,1d6+4,0.0,B
3698,40,17,6,3,1d10+4,1d8+4,40,17,7,3,1d12+4,1d8+4,1.0,A
3699,40,14,8,3,1d8+4,1d6+4,40,15,8,5,1d10+4,1d8+4,7.0,B
3700,40,16,8,3,1d8+4,1d8+4,40,16,7,3,1d10+4,1d6+4,6.0,A
3701,40,15,5,5,1d8+4,1d8+4,40,16,6,4,1d8+4,1d8+4,1.0,B
3702,40,18,6,3,1d12+4,1d6+4,40,15,8,4,1d8+4,1d8+4,10.0,A
3703,40,17,8,5,1d8+4,1d8+4,40,14,5,4,1d8+4,1d8+4,10.0,A
3704,40,18,6,4,1d12+4,1d8+4,40,14,7,3,1d12+4,1d6+4,1.0,B
3705,40,18,7,4,1d10+4,1d6+4,40,18,7,4,1d10+4,1d8+4,1.0,A
3706,40,15,7,4,1d12+4,1d8+4,40,14,5,5,1d12+4,1d8+4,4.0,A
3707,40,15,6,3,1d12+4,1d8+4,40,16,6,5,1d8+4,1d8+4,0.0,A
3708,40,18,5,5,1d8+4,1d8+4,40,14,6,3,1d12+4,1d6+4,7.0,A
3709,40,17,7,3,1d10+4,1d8+4,40,17,7,5,1d10+4,1d6+4,8.0,A
3710,40,18,7,5,1d12+4,1d6+4,40,14,8,3,1d12+4,1d6+4,4.0,A
3711,40,16,6,5,1d12+4,1d8+4,40,18,6,3,1d12+4,1d6+4,1.0,B
3712,40,16,7,3,1d10+4,1d8+4,40,16,5,4,1d8+4,1d6+4,7.0,A
3713,40,17,7,3,1d10+4,1d6+4,40,17,5,4,1d12+4,1d8+4,5.0,A
3714,40,15,6,4,1d8+4,1d8+4,40,17,8,4,1d10+4,1d8+4,8.0,B
3715,40,17,7,4,1d10+4,1d8+4,40,14,8,5,1d12+4,1d6+4,9.0,B
3716,40,16,5,5,1d12+4,1d6+4,40,15,5,4,1d8+4,1d8+4,7.0,A
3717,40,15,6,4,1d12+4,1d8+4,40,18,7,4,1d8+4,1d6+4,2.0,B
3718,40,15,6,5,1d12+4,1d8+4,40,16,7,3,1d12+4,1d6+4,9.0,B
3719,40,14,7,4,1d12+4,1d8+4,40,16,7,4,1d8+4,1d6+4,8.0,B
3720,40,15,7,5,1d8+4,1d8+4,40,17,5,3,1d8+4,1d8+4,5.0,A
3721,40,17,6,4,1d10+4,1d8+4,40,14,5,5,1d10+4,1d6+4,3.0,B
3722,40,16,6,5,1d12+4,1d8+4,40,17,7,4,1d12+4,1d8+4,4.0,A
3723,40,15,5,5,1d8+4,1d6+4,40,15,6,4,1d10+4,1d6+4,7.0,B
3724,40,15,5,3,1d8+4,1d6+4,40,15,8,3,1d8+4,1d6+4,10.0,B
3725,40,14,8,3,1d12+4,1d6+4,40,15,6,5,1d8+4,1d6+4,3.0,A
3726,40,14,6,5,1d10+4,1d8+4,40,15,5,4,1d8+4,1d6+4,5.0,B
3727,40,16,8,4,1d8+4,1d6+4,40,14,8,4,1d8+4,1d6+4,0.0,B
3728,40,14,8,5,1d8+4,1d6+4,40,17,7,5,1d10+4,1d6+4,6.0,B
3729,40,14,5,4,1d12+4,1d6+4,40,17,6,4,1d8+4,1d8+4,7.0,B
3730,40,16,6,5,1d12+4,1d8+4,40,15,7,5,1d8+4,1d8+4,10.0,A
3731,40,14,8,5,1d10+4,1d8+4,40,15,7,4,1d12+4,1d8+4,2.0,A
3732,40,16,7,5,1d10+4,1d8+4,40,14,7,3,1d10+4,1d8+4,2.0,A
3733,40,17,8,5,1d8+4,1d6+4,40,18,8,5,1d8+4,1d6+4,4.0,B
3734,40,17,8,3,1d10+4,1d6+4,40,18,5,4,1d8+4,1d6+4,6.0,A
3735,40,17,5,3,1d12+4,1d6+4,40,17,8,3,1d8+4,1d6+4,1.0,B
3736,40,14,7,5,1d12+4,1d6+4,40,14,7,4,1d10+4,1d6+4,7.0,A
3737,40,17,7,3,1d10+4,1d6+4,40,18,5,4,1d8+4,1d6+4,4.0,B
3738,40,14,7,5,1d10+4,1d8+4,40,15,7,5,1d10+4,1d8+4,0.0,A
3739,40,18,8,4,1d10+4,1d8+4,40,14,8,4,1d10+4,1d8+4,4.0,A
3740,40,15,8,4,1d12+4,1d8+4,40,15,5,4,1d8+4,1d8+4,5.0,A
3741,40,16,6,3,1d8+4,1d8+4,40,18,6,3,1d8+4,1d6+4,4.0,B
3742,40,17,7,5,1d10+4,1d6+4,40,17,6,3,1d10+4,1d8+4,1.0,B
3743,40,14,6,4,1d10+4,1d8+4,40,17,8,5,1d12+4,1d6+4,6.0,B
3744,40,17,7,4,1d12+4,1d8+4,40,15,6,5,1d12+4,1d8+4,10.0,B
3745,40,17,7,4,1d12+4,1d8+4,40,15,6,3,1d8+4,1d8+4,7.0,A
3746,40,16,5,5,1d10+4,1d8+4,40,18,5,3,1d12+4,1d8+4,6.0,B
3747,40,18,5,3,1d10+4,1d6+4,40,16,6,5,1d8+4,1d8+4,9.0,B
3748,40,15,6,3,1d8+4,1d6+4,40,18,7,3,1d8+4,1d8+4,3.0,B
3749,40,15,6,4,1d8+4,1d6+4,40,17,8,3,1d12+4,1d8+4,9.0,A
3750,40,16,5,3,1d8+4,1d6+4,40,15,8,5,1d8+4,1d6+4,4.0,A
3751,40,14,8,3,1d10+4,1d6+4,40,15,6,3,1d12+4,1d8+4,9.0,A
3752,40,18,5,5,1d8+4,1d6+4,40,18,6,5,1d8+4,1d8+4,2.0,B
3753,40,15,5,4,1d12+4,1d6+4,40,16,5,3,1d10+4,1d6+4,2.0,B
3754,40,17,7,3,1d8+4,1d6+4,40,17,8,3,1d12+4,1d6+4,7.0,B
3755,40,16,5,5,1d8+4,1d8+4,40,15,8,3,1d10+4,1d8+4,6.0,B
3756,40,14,7,3,1d10+4,1d8+4,40,18,5,5,1d12+4,1d6+4,2.0,A
3757,40,18,5,3,1d10+4,1d6+4,40,18,6,3,1d10+4,1d8+4,6.0,B
3758,40,14,5,3,1d10+4,1d6+4,40,14,6,5,1d8+4,1d6+4,8.0,A
3759,40,15,5,4,1d10+4,1d6+4,40,18,8,5,1d12+4,1d8+4,4.0,B
3760,40,18,6,4,1d10+4,1d8+4,40,16,8,4,1d12+4,1d8+4,10.0,B
3761,40,14,6,5,1d8+4,1d6+4,40,17,8,3,1d8+4,1d8+4,8.0,B
3762,40,15,6,5,1d10+4,1d6+4,40,16,6,4,1d12+4,1d6+4,6.0,A
3763,40,14,7,4,1d8+4,1d6+4,40,16,5,5,1d8+4,1d6+4,10.0,B
3764,40,17,5,4,1d10+4,1d8+4,40,14,7,3,1d12+4,1d6+4,0.0,A
3765,40,18,7,4,1d10+4,1d6+4,40,17,5,4,1d12+4,1d8+4,2.0,A
3766,40,14,7,5,1d12+4,1d8+4,40,15,8,3,1d8+4,1d6+4,6.0,B
3767,40,15,7,4,1d12+4,1d6+4,40,14,8,3,1d10+4,1d6+4,3.0,A
3768,40,17,6,5,1d12+4,1d8+4,40,14,6,3,1d12+4,1d8+4,7.0,A
3769,40,14,5,3,1d12+4,1d8+4,40,18,7,4,1d12+4,1d6+4,3.0,B
3770,40,18,7,5,1d12+4,1d6+4,40,14,5,5,1d8+4,1d8+4,9.0,A
3771,40,16,5,4,1d12+4,1d6+4,40,17,7,5,1d10+4,1d8+4,3.0,B
3772,40,18,7,3,1d12+4,1d6+4,40,17,7,4,1d8+4,1d8+4,7.0,B
3773,40,17,5,3,1d10+4,1d6+4,40,14,5,3,1d10+4,1d6+4,4.0,B
3774,40,16,8,5,1d10+4,1d6+4,40,18,5,4,1d12+4,1d8+4,9.0,B
3775,40,15,7,3,1d12+4,1d6+4,40,17,7,4,1d10+4,1d6+4,10.0,A
3776,40,14,6,5,1d8+4,1d6+4,40,18,8,3,1d8+4,1d6+4,10.0,B
3777,40,18,5,3,1d8+4,1d8+4,40,14,6,4,1d8+4,1d8+4,6.0,A
3778,40,17,7,5,1d12+4,1d8+4,40,16,7,5,1d12+4,1d6+4,8.0,A
3779,40,16,6,5,1d10+4,1d8+4,40,14,6,3,1d10+4,1d6+4,2.0,A
3780,40,17,6,5,1d8+4,1d8+4,40,15,5,5,1d12+4,1d6+4,1.0,B
3781,40,17,6,4,1d10+4,1d6+4,40,14,8,4,1d8+4,1d8+4,7.0,A
3782,40,18,8,5,1d8+4,1d8+4,40,18,7,5,1d10+4,1d6+4,4.0,A
3783,40,16,7,3,1d8+4,1d6+4,40,18,5,3,1d8+4,1d8+4,7.0,A
3784,40,17,6,3,1d12+4,1d8+4,40,16,6,3,1d10+4,1d8+4,3.0,A
3785,40,16,5,3,1d10+4,1d6+4,40,15,8,4,1d8+4,1d8+4,8.0,B
3786,40,17,5,3,1d8+4,1d6+4,40,14,6,3,1d8+4,1d6+4,4.0,A
3787,40,14,8,3,1d8+4,1d8+4,40,15,8,3,1d10+4,1d8+4,10.0,B
3788,40,17,8,4,1d10+4,1d6+4,40,18,6,5,1d8+4,1d6+4,6.0,B
3789,40,17,8,5,1d12+4,1d6+4,40,14,5,3,1d10+4,1d8+4,4.0,A
3790,40,14,6,4,1d12+4,1d8+4,40,18,7,4,1d10+4,1d6+4,10.0,B
3791,40,14,8,5,1d8+4,1d8+4,40,16,7,4,1d10+4,1d8+4,10.0,B
3792,40,14,7,5,1d12+4,1d8+4,40,14,8,5,1d10+4,1d6+4,8.0,B
3793,40,16,8,5,1d8+4,1d6+4,40,14,6,3,1d12+4,1d6+4,7.0,B
3794,40,18,8,3,1d8+4,1d8+4,40,14,5,5,1d12+4,1d8+4,1.0,A
3795,40,14,6,4,1d8+4,1d8+4,40,18,8,3,1d12+4,1d6+4,8.0,B
3796,40,18,8,3,1d12+4,1d6+4,40,14,7,4,1d10+4,1d6+4,2.0,A
3797,40,18,7,4,1d12+4,1d6+4,40,16,6,5,1d8+4,1d8+4,8.0,A
3798,40,16,6,4,1d10+4,1d8+4,40,18,8,3,1d10+4,1d6+4,4.0,A
3799,40,15,7,3,1d12+4,1d6+4,40,16,7,3,1d12+4,1d6+4,0.0,A
3800,40,15,8,4,1d12+4,1d6+4,40,17,7,4,1d10+4,1d6+4,9.0,A
3801,40,18,8,4,1d8+4,1d6+4,40,16,8,3,1d8+4,1d6+4,9.0,A
3802,40,17,5,3,1d8+4,1d8+4,40,14,6,3,1d8+4,1d8+4,9.0,B
3803,40,17,6,4,1d10+4,1d8+4,40,14,8,5,1d8+4,1d8+4,0.0,A
3804,40,15,8,5,1d10+4,1d6+4,40,17,6,4,1d12+4,1d6+4,10.0,A
3805,40,16,5,5,1d8+4,1d8+4,40,14,5,3,1d12+4,1d8+4,0.0,A
3806,40,17,5,5,1d8+4,1d8+4,40,14,8,3,1d12+4,1d8+4,0.0,A
3807,40,18,6,3,1d10+4,1d8+4,40,17,8,4,1d10+4,1d6+4,9.0,A
3808,40,15,7,3,1d12+4,1d8+4,40,15,8,4,1d10+4,1d8+4,9.0,A
3809,40,15,7,5,1d12+4,1d8+4,40,18,7,5,1d8+4,1d6+4,1.0,B
3810,40,17,6,4,1d10+4,1d8+4,40,18,5,4,1d8+4,1d8+4,4.0,B
3811,40,16,5,4,1d8+4,1d8+4,40,15,7,5,1d10+4,1d8+4,2.0,B
3812,40,15,8,4,1d8+4,1d6+4,40,16,8,3,1d12+4,1d6+4,3.0,B
3813,40,15,6,4,1d10+4,1d6+4,40,15,7,4,1d10+4,1d6+4,2.0,A
3814,40,15,6,4,1d12+4,1d6+4,40,18,5,4,1d8+4,1d8+4,8.0,B
3815,40,16,8,5,1d10+4,1d6+4,40,15,6,3,1d8+4,1d8+4,0.0,A
3816,40,14,5,5,1d8+4,1d6+4,40,16,6,4,1d12+4,1d8+4,8.0,B
3817,40,17,8,4,1d12+4,1d8+4,40,16,7,5,1d10+4,1d8+4,6.0,A
3818,40,17,6,4,1d10+4,1d6+4,40,18,8,3,1d10+4,1d6+4,3.0,B
3819,40,17,8,4,1d8+4,1d6+4,40,18,5,3,1d12+4,1d8+4,5.0,B
3820,40,14,6,3,1d12+4,1d6+4,40,14,7,3,1d12+4,1d6+4,7.0,B
3821,40,18,8,5,1d10+4,1d6+4,40,18,5,4,1d10+4,1d8+4,5.0,A
3822,40,16,5,3,1d12+4,1d6+4,40,17,5,3,1d8+4,1d8+4,10.0,B
3823,40,18,7,4,1d10+4,1d8+4,40,14,6,3,1d10+4,1d8+4,3.0,A
3824,40,18,8,3,1d8+4,1d6+4,40,16,5,4,1d12+4,1d6+4,9.0,A
3825,40,18,6,4,1d10+4,1d6+4,40,18,7,4,1d10+4,1d8+4,8.0,A
3826,40,14,5,4,1d10+4,1d6+4,40,16,8,4,1d8+4,1d8+4,9.0,B
3827,40,16,5,3,1d8+4,1d6+4,40,18,5,3,1d12+4,1d6+4,8.0,A
3828,40,16,5,4,1d12+4,1d6+4,40,14,6,5,1d10+4,1d6+4,0.0,B
3829,40,14,7,5,1d10+4,1d8+4,40,17,7,5,1d10+4,1d6+4,4.0,A
3830,40,18,6,3,1d8+4,1d6+4,40,14,6,4,1d12+4,1d6+4,3.0,B
3831,40,18,8,5,1d10+4,1d8+4,40,17,5,5,1d8+4,1d8+4,4.0,A
3832,40,16,5,5,1d8+4,1d8+4,40,14,5,5,1d10+4,1d8+4,0.0,A
3833,40,18,7,4,1d10+4,1d6+4,40,18,7,4,1d8+4,1d6+4,1.0,B
3834,40,16,8,5,1d8+4,1d6+4,40,18,7,5,1d8+4,1d8+4,10.0,A
3835,40,17,8,3,1d12+4,1d6+4,40,15,7,5,1d12+4,1d8+4,2.0,B
3836,40,15,8,3,1d8+4,1d8+4,40,15,6,5,1d8+4,1d6+4,6.0,A
3837,40,17,8,3,1d8+4,1d6+4,40,17,5,3,1d10+4,1d8+4,6.0,A
3838,40,14,8,4,1d10+4,1d6+4,40,15,7,4,1d8+4,1d6+4,3.0,A
3839,40,16,8,4,1d10+4,1d8+4,40,14,5,3,1d10+4,1d8+4,7.0,A
3840,40,16,8,5,1d12+4,1d6+4,40,15,8,5,1d10+4,1d6+4,1.0,A
3841,40,18,8,5,1d8+4,1d6+4,40,17,7,3,1d8+4,1d8+4,3.0,A
3842,40,17,7,5,1d10+4,1d8+4,40,16,6,3,1d8+4,1d8+4,9.0,A
3843,40,14,7,3,1d12+4,1d8+4,40,17,6,5,1d10+4,1d6+4,2.0,B
3844,40,18,7,3,1d10+4,1d6+4,40,18,6,3,1d8+4,1d6+4,5.0,B
3845,40,17,7,4,1d8+4,1d6+4,40,15,5,5,1d12+4,1d8+4,0.0,B
3846,40,18,7,5,1d12+4,1d6+4,40,17,5,5,1d12+4,1d8+4,4.0,A
3847,40,15,6,4,1d10+4,1d8+4,40,18,6,4,1d8+4,1d6+4,0.0,A
3848,40,14,8,4,1d12+4,1d6+4,40,17,6,5,1d10+4,1d8+4,2.0,A
3849,40,15,6,5,1d8+4,1d8+4,40,16,5,5,1d12+4,1d6+4,0.0,B
3850,40,16,8,5,1d8+4,1d6+4,40,15,6,4,1d8+4,1d8+4,8.0,A
3851,40,16,5,4,1d12+4,1d6+4,40,18,5,3,1d12+4,1d6+4,5.0,B
3852,40,16,5,3,1d10+4,1d6+4,40,16,5,3,1d8+4,1d8+4,3.0,B
3853,40,14,7,4,1d12+4,1d6+4,40,15,8,5,1d8+4,1d6+4,0.0,A
3854,40,15,7,4,1d10+4,1d6+4,40,17,7,4,1d12+4,1d6+4,2.0,A
3855,40,15,5,4,1d12+4,1d8+4,40,14,6,4,1d8+4,1d6+4,5.0,B
3856,40,18,6,5,1d10+4,1d8+4,40,16,6,5,1d12+4,1d6+4,9.0,B
3857,40,14,6,3,1d8+4,1d8+4,40,18,8,3,1d10+4,1d8+4,1.0,A
3858,40,17,8,4,1d10+4,1d8+4,40,15,8,4,1d8+4,1d6+4,8.0,A
3859,40,14,7,5,1d12+4,1d8+4,40,14,7,3,1d8+4,1d6+4,7.0,A
3860,40,17,6,5,1d8+4,1d8+4,40,17,7,4,1d10+4,1d8+4,7.0,B
3861,40,14,6,5,1d8+4,1d8+4,40,18,8,3,1d10+4,1d6+4,5.0,B
3862,40,14,7,4,1d8+4,1d6+4,40,17,6,3,1d8+4,1d8+4,5.0,B
3863,40,14,5,5,1d10+4,1d6+4,40,15,5,5,1d10+4,1d8+4,2.0,A
3864,40,15,5,3,1d8+4,1d6+4,40,14,8,5,1d10+4,1d6+4,10.0,A
3865,40,17,6,5,1d12+4,1d6+4,40,15,8,5,1d8+4,1d8+4,1.0,A
3866,40,16,5,4,1d12+4,1d6+4,40,14,7,5,1d12+4,1d6+4,1.0,A
3867,40,17,7,4,1d10+4,1d6+4,40,16,7,4,1d12+4,1d6+4,3.0,B
3868,40,16,8,3,1d12+4,1d6+4,40,18,6,5,1d10+4,1d8+4,5.0,A
3869,40,16,7,5,1d8+4,1d6+4,40,16,5,3,1d8+4,1d6+4,9.0,A
3870,40,15,5,5,1d8+4,1d6+4,40,18,5,3,1d12+4,1d8+4,7.0,B
3871,40,15,8,3,1d12+4,1d8+4,40,18,5,4,1d10+4,1d6+4,1.0,A
3872,40,16,8,5,1d12+4,1d8+4,40,18,8,5,1d12+4,1d8+4,6.0,A
3873,40,15,7,5,1d12+4,1d8+4,40,16,7,5,1d12+4,1d8+4,2.0,A
3874,40,15,5,4,1d8+4,1d6+4,40,14,8,3,1d8+4,1d8+4,7.0,B
3875,40,15,8,3,1d10+4,1d6+4,40,15,5,5,1d10+4,1d6+4,0.0,A
3876,40,17,7,5,1d8+4,1d6+4,40,14,8,3,1d10+4,1d8+4,6.0,B
3877,40,17,6,3,1d8+4,1d8+4,40,15,7,3,1d8+4,1d8+4,6.0,B
3878,40,15,7,4,1d10+4,1d8+4,40,16,7,3,1d8+4,1d8+4,9.0,A
3879,40,15,7,5,1d12+4,1d6+4,40,15,6,4,1d8+4,1d6+4,10.0,A
3880,40,18,5,4,1d8+4,1d6+4,40,14,6,4,1d8+4,1d8+4,8.0,A
3881,40,18,6,3,1d10+4,1d8+4,40,16,6,5,1d8+4,1d8+4,7.0,A
3882,40,14,5,5,1d10+4,1d6+4,40,16,8,4,1d8+4,1d6+4,10.0,A
3883,40,17,5,3,1d10+4,1d8+4,40,16,7,5,1d10+4,1d6+4,3.0,B
3884,40,17,6,3,1d8+4,1d8+4,40,18,8,3,1d8+4,1d8+4,0.0,A
3885,40,17,5,3,1d8+4,1d8+4,40,18,7,4,1d8+4,1d6+4,8.0,B
3886,40,16,5,3,1d8+4,1d6+4,40,15,5,3,1d12+4,1d8+4,10.0,B
3887,40,17,8,3,1d10+4,1d8+4,40,18,6,4,1d12+4,1d8+4,7.0,A
3888,40,15,8,3,1d12+4,1d6+4,40,16,8,4,1d8+4,1d6+4,3.0,B
3889,40,17,8,4,1d8+4,1d6+4,40,17,6,3,1d10+4,1d8+4,8.0,A
3890,40,15,7,4,1d12+4,1d8+4,40,18,8,4,1d10+4,1d8+4,3.0,B
3891,40,15,5,5,1d8+4,1d6+4,40,15,8,4,1d8+4,1d6+4,2.0,A
3892,40,15,8,5,1d10+4,1d8+4,40,15,8,3,1d12+4,1d8+4,0.0,A
3893,40,14,6,3,1d10+4,1d8+4,40,16,7,5,1d8+4,1d8+4,8.0,A
3894,40,14,8,4,1d8+4,1d8+4,40,17,6,4,1d10+4,1d6+4,3.0,A
3895,40,18,5,4,1d12+4,1d6+4,40,14,6,3,1d12+4,1d6+4,8.0,B
3896,40,18,6,3,1d10+4,1d6+4,40,14,7,5,1d8+4,1d8+4,10.0,A
3897,40,18,7,4,1d12+4,1d8+4,40,15,5,4,1d10+4,1d8+4,2.0,A
3898,40,18,7,4,1d8+4,1d8+4,40,17,6,3,1d8+4,1d8+4,10.0,A
3899,40,17,7,5,1d8+4,1d6+4,40,14,8,3,1d8+4,1d6+4,10.0,B
3900,40,18,7,3,1d8+4,1d6+4,40,14,7,5,1d10+4,1d8+4,9.0,B
3901,40,14,5,3,1d10+4,1d8+4,40,16,8,4,1d8+4,1d8+4,0.0,B
3902,40,15,6,4,1d12+4,1d6+4,40,16,7,4,1d8+4,1d6+4,0.0,B
3903,40,14,6,4,1d10+4,1d6+4,40,14,8,5,1d8+4,1d6+4,2.0,B
3904,40,15,5,5,1d8+4,1d8+4,40,16,6,4,1d10+4,1d8+4,3.0,A
3905,40,18,6,4,1d8+4,1d6+4,40,15,8,3,1d12+4,1d6+4,8.0,A
3906,40,14,8,3,1d12+4,1d6+4,40,14,6,3,1d10+4,1d6+4,6.0,A
3907,40,18,5,3,1d8+4,1d6+4,40,18,8,5,1d10+4,1d6+4,6.0,B
3908,40,14,6,4,1d10+4,1d8+4,40,17,5,4,1d12+4,1d8+4,5.0,B
3909,40,15,7,4,1d8+4,1d6+4,40,16,8,4,1d8+4,1d6+4,7.0,B
3910,40,18,5,4,1d12+4,1d6+4,40,18,7,3,1d12+4,1d8+4,8.0,B
3911,40,16,6,3,1d10+4,1d8+4,40,17,8,5,1d10+4,1d6+4,5.0,B
3912,40,15,5,3,1d12+4,1d8+4,40,18,8,4,1d10+4,1d6+4,1.0,A
3913,40,18,5,5,1d8+4,1d8+4,40,18,7,3,1d8+4,1d8+4,10.0,B
3914,40,18,6,5,1d10+4,1d8+4,40,14,6,3,1d10+4,1d6+4,7.0,A
3915,40,16,7,3,1d12+4,1d8+4,40,14,8,4,1d12+4,1d8+4,5.0,A
3916,40,15,5,3,1d12+4,1d6+4,40,14,6,5,1d10+4,1d8+4,9.0,B
3917,40,14,7,4,1d10+4,1d8+4,40,17,8,5,1d12+4,1d8+4,6.0,A
3918,40,16,7,3,1d10+4,1d8+4,40,18,7,5,1d8+4,1d8+4,10.0,A
3919,40,17,5,5,1d8+4,1d8+4,40,15,8,4,1d12+4,1d8+4,7.0,B
3920,40,16,6,3,1d12+4,1d6+4,40,15,5,3,1d12+4,1d8+4,5.0,A
3921,40,18,7,4,1d8+4,1d8+4,40,15,8,3,1d10+4,1d8+4,5.0,A
3922,40,17,5,4,1d10+4,1d6+4,40,14,5,3,1d8+4,1d6+4,6.0,A
3923,40,14,8,4,1d8+4,1d6+4,40,16,6,3,1d12+4,1d8+4,6.0,A
3924,40,14,7,3,1d8+4,1d6+4,40,17,8,3,1d12+4,1d8+4,10.0,A
3925,40,14,5,4,1d8+4,1d6+4,40,18,8,3,1d8+4,1d8+4,1.0,B
3926,40,14,5,5,1d10+4,1d6+4,40,17,5,5,1d10+4,1d6+4,9.0,A
3927,40,15,6,5,1d10+4,1d6+4,40,14,5,5,1d10+4,1d8+4,1.0,A
3928,40,16,5,3,1d8+4,1d8+4,40,16,7,5,1d10+4,1d8+4,0.0,A
3929,40,16,6,3,1d8+4,1d6+4,40,16,7,3,1d12+4,1d6+4,8.0,A
3930,40,15,7,4,1d8+4,1d6+4,40,14,5,4,1d10+4,1d6+4,1.0,B
3931,40,14,8,4,1d10+4,1d6+4,40,15,8,3,1d10+4,1d6+4,7.0,A
3932,40,16,5,3,1d12+4,1d6+4,40,16,8,3,1d10+4,1d6+4,1.0,B
3933,40,17,8,4,1d8+4,1d6+4,40,15,7,3,1d8+4,1d8+4,10.0,B
3934,40,18,8,5,1d8+4,1d6+4,40,18,8,3,1d8+4,1d6+4,6.0,B
3935,40,16,8,5,1d12+4,1d6+4,40,16,5,5,1d10+4,1d8+4,4.0,A
3936,40,14,5,4,1d8+4,1d6+4,40,18,6,3,1d12+4,1d8+4,1.0,B
3937,40,14,6,5,1d10+4,1d8+4,40,16,7,5,1d8+4,1d8+4,3.0,B
3938,40,18,8,3,1d10+4,1d6+4,40,15,5,4,1d12+4,1d8+4,10.0,B
3939,40,18,7,4,1d10+4,1d6+4,40,14,5,3,1d10+4,1d6+4,8.0,A
3940,40,17,5,4,1d8+4,1d6+4,40,17,7,4,1d12+4,1d8+4,5.0,B
3941,40,15,8,4,1d8+4,1d6+4,40,17,6,3,1d8+4,1d6+4,4.0,A
3942,40,14,8,3,1d8+4,1d8+4,40,16,8,3,1d8+4,1d8+4,5.0,B
3943,40,18,7,4,1d8+4,1d8+4,40,18,5,5,1d8+4,1d6+4,5.0,A
3944,40,16,8,3,1d12+4,1d8+4,40,17,5,5,1d12+4,1d8+4,7.0,A
3945,40,18,8,5,1d8+4,1d8+4,40,18,8,3,1d8+4,1d6+4,10.0,A
3946,40,16,8,4,1d10+4,1d6+4,40,14,8,3,1d10+4,1d6+4,9.0,A
3947,40,14,7,3,1d10+4,1d6+4,40,17,5,4,1d12+4,1d6+4,6.0,B
3948,40,14,5,4,1d8+4,1d8+4,40,17,8,3,1d8+4,1d8+4,1.0,B
3949,40,14,6,3,1d12+4,1d6+4,40,18,6,3,1d8+4,1d6+4,2.0,B
3950,40,17,6,4,1d12+4,1d8+4,40,15,5,5,1d12+4,1d8+4,0.0,A
3951,40,14,8,3,1d10+4,1d6+4,40,15,7,4,1d10+4,1d6+4,8.0,A
3952,40,17,6,5,1d10+4,1d6+4,40,14,8,3,1d10+4,1d8+4,7.0,A
3953,40,16,6,4,1d10+4,1d8+4,40,15,8,5,1d12+4,1d6+4,3.0,B
3954,40,14,7,5,1d12+4,1d6+4,40,14,8,3,1d8+4,1d8+4,3.0,A
3955,40,15,5,5,1d8+4,1d8+4,40,17,8,3,1d8+4,1d8+4,0.0,A
3956,40,14,7,5,1d8+4,1d6+4,40,18,5,5,1d8+4,1d8+4,10.0,B
3957,40,15,7,4,1d10+4,1d8+4,40,16,6,3,1d10+4,1d6+4,4.0,B
3958,40,16,5,3,1d12+4,1d8+4,40,14,7,5,1d12+4,1d6+4,5.0,A
3959,40,18,7,5,1d10+4,1d6+4,40,15,7,4,1d8+4,1d8+4,7.0,A
3960,40,16,7,3,1d12+4,1d8+4,40,16,6,3,1d12+4,1d8+4,10.0,B
3961,40,16,8,4,1d10+4,1d8+4,40,18,7,4,1d12+4,1d6+4,9.0,B
3962,40,18,8,5,1d12+4,1d6+4,40,16,8,4,1d8+4,1d6+4,0.0,A
3963,40,18,8,4,1d8+4,1d6+4,40,16,8,5,1d10+4,1d6+4,7.0,A
3964,40,17,6,3,1d8+4,1d8+4,40,17,5,5,1d10+4,1d8+4,5.0,B
3965,40,15,6,4,1d12+4,1d6+4,40,17,5,5,1d10+4,1d8+4,10.0,A
3966,40,14,8,4,1d8+4,1d6+4,40,18,5,4,1d12+4,1d6+4,9.0,B
3967,40,18,5,3,1d12+4,1d6+4,40,17,8,3,1d12+4,1d8+4,3.0,B
3968,40,14,5,3,1d10+4,1d8+4,40,14,7,3,1d12+4,1d8+4,10.0,B
3969,40,14,7,3,1d10+4,1d6+4,40,16,7,4,1d10+4,1d6+4,1.0,B
3970,40,18,7,5,1d10+4,1d8+4,40,18,7,5,1d10+4,1d6+4,9.0,A
3971,40,15,7,4,1d12+4,1d8+4,40,16,8,4,1d12+4,1d6+4,0.0,B
3972,40,15,5,4,1d10+4,1d6+4,40,16,8,5,1d8+4,1d6+4,7.0,A
3973,40,16,6,3,1d8+4,1d6+4,40,17,8,4,1d8+4,1d6+4,8.0,B
3974,40,14,6,4,1d8+4,1d6+4,40,16,6,4,1d12+4,1d6+4,5.0,B
3975,40,18,8,4,1d12+4,1d8+4,40,17,5,3,1d8+4,1d6+4,4.0,A
3976,40,14,5,4,1d12+4,1d6+4,40,18,8,4,1d12+4,1d8+4,9.0,B
3977,40,18,5,4,1d12+4,1d6+4,40,15,5,3,1d10+4,1d6+4,10.0,A
3978,40,17,6,3,1d12+4,1d6+4,40,16,7,4,1d12+4,1d6+4,10.0,B
3979,40,17,5,3,1d12+4,1d8+4,40,15,7,5,1d8+4,1d6+4,5.0,B
3980,40,14,8,3,1d8+4,1d8+4,40,14,5,4,1d8+4,1d8+4,8.0,B
3981,40,18,5,3,1d10+4,1d6+4,40,17,5,4,1d8+4,1d6+4,7.0,A
3982,40,14,8,4,1d12+4,1d8+4,40,17,5,4,1d10+4,1d8+4,7.0,B
3983,40,14,5,4,1d10+4,1d6+4,40,16,7,4,1d10+4,1d6+4,0.0,A
3984,40,15,5,5,1d8+4,1d6+4,40,15,5,4,1d12+4,1d6+4,10.0,A
3985,40,15,5,4,1d10+4,1d8+4,40,17,7,3,1d12+4,1d8+4,9.0,A
3986,40,15,8,3,1d12+4,1d8+4,40,18,6,3,1d8+4,1d6+4,10.0,B
3987,40,17,8,4,1d12+4,1d6+4,40,17,6,4,1d8+4,1d8+4,0.0,A
3988,40,18,6,5,1d12+4,1d6+4,40,18,6,3,1d12+4,1d8+4,1.0,A
3989,40,18,7,5,1d12+4,1d8+4,40,14,7,3,1d12+4,1d6+4,3.0,A
3990,40,16,5,4,1d12+4,1d6+4,40,14,5,4,1d12+4,1d6+4,1.0,A
3991,40,17,6,4,1d8+4,1d6+4,40,16,6,3,1d8+4,1d6+4,2.0,B
3992,40,16,7,5,1d10+4,1d8+4,40,16,6,5,1d10+4,1d8+4,0.0,B
3993,40,14,6,5,1d12+4,1d8+4,40,14,6,5,1d12+4,1d8+4,9.0,B
3994,40,18,7,3,1d12+4,1d8+4,40,17,6,5,1d10+4,1d6+4,10.0,A
3995,40,16,5,3,1d10+4,1d8+4,40,18,7,3,1d8+4,1d6+4,7.0,B
3996,40,15,6,5,1d8+4,1d8+4,40,15,5,5,1d12+4,1d8+4,3.0,A
3997,40,18,5,3,1d10+4,1d6+4,40,17,7,4,1d12+4,1d8+4,6.0,B
3998,40,15,7,5,1d12+4,1d8+4,40,15,6,5,1d12+4,1d8+4,8.0,B
3999,40,14,7,5,1d8+4,1d6+4,40,16,7,5,1d8+4,1d6+4,10.0,A
4000,40,18,7,3,1d10+4,1d8+4,40,14,7,4,1d12+4,1d8+4,8.0,A
4001,40,18,8,4,1d8+4,1d8+4,40,14,7,5,1d10+4,1d6+4,5.0,A
4002,40,15,8,3,1d10+4,1d8+4,40,14,6,4,1d10+4,1d6+4,10.0,B
4003,40,14,5,5,1d10+4,1d6+4,40,17,8,3,1d12+4,1d6+4,1.0,B
4004,40,15,6,4,1d8+4,1d8+4,40,17,7,4,1d12+4,1d8+4,1.0,B
4005,40,16,5,3,1d10+4,1d8+4,40,14,6,5,1d12+4,1d6+4,8.0,A
4006,40,14,7,5,1d8+4,1d8+4,40,17,7,4,1d12+4,1d8+4,2.0,B
4007,40,15,7,5,1d8+4,1d6+4,40,14,8,3,1d8+4,1d8+4,4.0,A
4008,40,15,5,4,1d12+4,1d6+4,40,14,7,5,1d8+4,1d6+4,1.0,A
4009,40,18,8,3,1d12+4,1d8+4,40,16,8,5,1d10+4,1d8+4,6.0,A
4010,40,15,8,3,1d12+4,1d8+4,40,16,5,5,1d8+4,1d8+4,6.0,A
4011,40,15,5,4,1d8+4,1d6+4,40,18,8,4,1d8+4,1d8+4,9.0,A
4012,40,18,6,3,1d12+4,1d8+4,40,14,5,4,1d10+4,1d6+4,5.0,A
4013,40,16,7,4,1d10+4,1d8+4,40,16,6,4,1d10+4,1d8+4,9.0,A
4014,40,15,6,3,1d8+4,1d8+4,40,16,5,3,1d12+4,1d6+4,9.0,B
4015,40,14,8,4,1d12+4,1d6+4,40,18,6,5,1d12+4,1d6+4,7.0,A
4016,40,18,6,5,1d12+4,1d8+4,40,16,5,5,1d12+4,1d6+4,6.0,A
4017,40,16,5,5,1d8+4,1d6+4,40,18,6,4,1d8+4,1d8+4,9.0,B
4018,40,16,5,5,1d8+4,1d6+4,40,18,7,4,1d10+4,1d6+4,5.0,B
4019,40,16,5,5,1d10+4,1d8+4,40,18,7,4,1d12+4,1d8+4,6.0,A
4020,40,14,6,4,1d10+4,1d6+4,40,18,7,5,1d10+4,1d6+4,6.0,B
4021,40,14,5,5,1d8+4,1d8+4,40,18,6,5,1d10+4,1d6+4,7.0,B
4022,40,15,8,3,1d8+4,1d8+4,40,15,5,3,1d10+4,1d8+4,8.0,B
4023,40,18,7,4,1d12+4,1d6+4,40,15,7,4,1d10+4,1d6+4,0.0,A
4024,40,18,8,3,1d12+4,1d6+4,40,18,7,4,1d8+4,1d8+4,1.0,A
4025,40,16,7,3,1d10+4,1d8+4,40,14,5,4,1d8+4,1d8+4,9.0,A
4026,40,14,5,3,1d8+4,1d6+4,40,17,8,4,1d8+4,1d6+4,5.0,B
4027,40,16,5,3,1d12+4,1d6+4,40,16,6,4,1d10+4,1d6+4,7.0,A
4028,40,15,6,3,1d10+4,1d8+4,40,16,6,4,1d10+4,1d6+4,6.0,A
4029,40,15,7,4,1d12+4,1d6+4,40,17,7,5,1d12+4,1d6+4,1.0,B
4030,40,16,6,4,1d8+4,1d8+4,40,18,7,5,1d10+4,1d6+4,1.0,B
4031,40,14,8,4,1d8+4,1d8+4,40,18,8,5,1d10+4,1d8+4,4.0,A
4032,40,18,5,4,1d8+4,1d8+4,40,16,8,3,1d8+4,1d6+4,8.0,A
4033,40,14,8,5,1d12+4,1d8+4,40,14,5,5,1d12+4,1d6+4,0.0,B
4034,40,14,8,3,1d12+4,1d6+4,40,18,8,3,1d8+4,1d6+4,7.0,A
4035,40,17,7,4,1d8+4,1d8+4,40,16,8,4,1d10+4,1d8+4,0.0,A
4036,40,16,8,3,1d12+4,1d6+4,40,14,5,5,1d12+4,1d6+4,9.0,A
4037,40,16,8,3,1d12+4,1d6+4,40,14,6,5,1d10+4,1d8+4,4.0,A
4038,40,16,7,5,1d12+4,1d6+4,40,14,7,5,1d12+4,1d8+4,8.0,B
4039,40,18,8,3,1d10+4,1d8+4,40,15,7,5,1d8+4,1d6+4,10.0,A
4040,40,16,6,5,1d10+4,1d8+4,40,14,8,4,1d8+4,1d6+4,7.0,B
4041,40,15,7,3,1d10+4,1d8+4,40,14,6,5,1d12+4,1d6+4,5.0,B
4042,40,18,7,3,1d8+4,1d8+4,40,17,8,3,1d10+4,1d8+4,0.0,A
4043,40,14,7,5,1d12+4,1d8+4,40,18,8,5,1d8+4,1d8+4,6.0,A
4044,40,15,5,5,1d12+4,1d8+4,40,16,8,5,1d10+4,1d6+4,10.0,B
4045,40,17,8,5,1d12+4,1d8+4,40,14,6,3,1d10+4,1d8+4,9.0,B
4046,40,14,7,4,1d10+4,1d8+4,40,17,5,4,1d8+4,1d8+4,9.0,B
4047,40,16,5,4,1d8+4,1d6+4,40,16,6,4,1d10+4,1d8+4,3.0,B
4048,40,17,7,5,1d12+4,1d6+4,40,15,8,5,1d10+4,1d6+4,1.0,B
4049,40,18,8,3,1d10+4,1d8+4,40,18,8,3,1d10+4,1d6+4,8.0,B
4050,40,17,5,5,1d8+4,1d8+4,40,18,7,5,1d12+4,1d8+4,9.0,B
4051,40,18,6,5,1d10+4,1d6+4,40,16,5,3,1d12+4,1d6+4,6.0,B
4052,40,14,6,4,1d12+4,1d8+4,40,14,8,4,1d12+4,1d6+4,9.0,B
4053,40,18,7,5,1d12+4,1d6+4,40,18,5,4,1d10+4,1d6+4,9.0,A
4054,40,17,7,3,1d12+4,1d8+4,40,18,8,5,1d8+4,1d6+4,8.0,B
4055,40,16,7,4,1d8+4,1d8+4,40,16,5,4,1d10+4,1d6+4,8.0,B
4056,40,15,5,5,1d10+4,1d8+4,40,17,5,3,1d10+4,1d6+4,1.0,A
4057,40,18,8,4,1d8+4,1d6+4,40,17,8,4,1d8+4,1d6+4,7.0,A
4058,40,15,7,5,1d12+4,1d8+4,40,16,6,3,1d10+4,1d6+4,3.0,A
4059,40,17,5,4,1d12+4,1d8+4,40,15,6,3,1d8+4,1d6+4,9.0,B
4060,40,14,7,5,1d10+4,1d6+4,40,18,6,3,1d12+4,1d6+4,2.0,B
4061,40,15,8,3,1d12+4,1d8+4,40,18,7,5,1d8+4,1d6+4,5.0,B
4062,40,18,8,3,1d8+4,1d6+4,40,16,8,5,1d12+4,1d6+4,5.0,B
4063,40,18,7,5,1d10+4,1d8+4,40,15,5,4,1d10+4,1d6+4,2.0,A
4064,40,15,5,4,1d10+4,1d8+4,40,14,6,4,1d8+4,1d6+4,10.0,A
4065,40,14,8,5,1d10+4,1d6+4,40,17,8,3,1d10+4,1d6+4,7.0,A
4066,40,17,8,4,1d8+4,1d8+4,40,18,6,3,1d12+4,1d6+4,4.0,B
4067,40,17,6,5,1d8+4,1d6+4,40,14,5,3,1d12+4,1d6+4,2.0,A
4068,40,18,6,3,1d10+4,1d8+4,40,16,5,3,1d8+4,1d8+4,2.0,A
4069,40,18,5,4,1d10+4,1d8+4,40,18,8,3,1d12+4,1d6+4,1.0,B
4070,40,15,5,4,1d12+4,1d8+4,40,17,7,4,1d8+4,1d6+4,4.0,B
4071,40,18,6,3,1d10+4,1d8+4,40,18,8,3,1d10+4,1d8+4,8.0,A
4072,40,14,7,3,1d8+4,1d8+4,40,17,6,3,1d12+4,1d6+4,4.0,A
4073,40,14,5,3,1d10+4,1d8+4,40,14,6,3,1d8+4,1d8+4,6.0,B
4074,40,15,6,4,1d8+4,1d8+4,40,17,5,3,1d10+4,1d6+4,4.0,B
4075,40,18,8,5,1d10+4,1d6+4,40,15,6,5,1d8+4,1d8+4,7.0,A
4076,40,18,7,3,1d8+4,1d8+4,40,17,8,5,1d8+4,1d8+4,6.0,A
4077,40,17,8,5,1d8+4,1d6+4,40,14,8,4,1d12+4,1d8+4,6.0,B
4078,40,17,5,3,1d10+4,1d8+4,40,15,6,5,1d10+4,1d6+4,6.0,A
4079,40,16,7,3,1d10+4,1d8+4,40,17,7,5,1d10+4,1d6+4,1.0,B
4080,40,18,5,4,1d8+4,1d6+4,40,16,5,5,1d10+4,1d6+4,6.0,A
4081,40,16,6,4,1d8+4,1d6+4,40,16,5,4,1d12+4,1d8+4,0.0,B
4082,40,16,8,4,1d10+4,1d8+4,40,15,6,5,1d8+4,1d8+4,6.0,A
4083,40,14,5,3,1d8+4,1d8+4,40,15,7,3,1d8+4,1d6+4,10.0,B
4084,40,15,7,4,1d8+4,1d6+4,40,15,6,3,1d8+4,1d8+4,0.0,A
4085,40,15,8,3,1d8+4,1d8+4,40,16,5,4,1d12+4,1d8+4,8.0,A
4086,40,14,5,5,1d10+4,1d6+4,40,16,7,5,1d12+4,1d6+4,5.0,B
4087,40,17,6,4,1d10+4,1d6+4,40,17,8,4,1d12+4,1d8+4,10.0,B
4088,40,17,8,3,1d10+4,1d8+4,40,15,8,3,1d10+4,1d6+4,6.0,A
4089,40,18,6,5,1d10+4,1d6+4,40,17,7,4,1d12+4,1d6+4,4.0,B
4090,40,15,5,5,1d8+4,1d8+4,40,14,8,5,1d10+4,1d8+4,6.0,B
4091,40,17,7,3,1d8+4,1d8+4,40,18,8,3,1d10+4,1d6+4,7.0,A
4092,40,16,7,5,1d12+4,1d6+4,40,17,7,5,1d8+4,1d6+4,1.0,B
4093,40,17,7,4,1d12+4,1d8+4,40,16,8,4,1d12+4,1d8+4,10.0,B
4094,40,17,5,4,1d8+4,1d8+4,40,15,7,3,1d12+4,1d6+4,8.0,A
4095,40,17,7,5,1d8+4,1d6+4,40,18,6,5,1d12+4,1d6+4,3.0,B
4096,40,14,6,3,1d12+4,1d8+4,40,14,8,4,1d10+4,1d8+4,6.0,A
4097,40,18,8,5,1d10+4,1d6+4,40,14,7,5,1d8+4,1d6+4,10.0,A
4098,40,16,5,5,1d10+4,1d8+4,40,16,8,3,1d8+4,1d6+4,6.0,A
4099,40,17,6,4,1d8+4,1d8+4,40,17,8,4,1d8+4,1d6+4,9.0,A
4100,40,14,7,3,1d8+4,1d8+4,40,17,6,3,1d12+4,1d8+4,6.0,B
4101,40,16,5,4,1d10+4,1d6+4,40,17,8,3,1d8+4,1d8+4,9.0,B
4102,40,15,7,4,1d10+4,1d8+4,40,18,6,5,1d10+4,1d6+4,3.0,A
4103,40,14,5,3,1d10+4,1d8+4,40,16,6,5,1d12+4,1d8+4,6.0,A
4104,40,17,6,4,1d12+4,1d6+4,40,16,5,3,1d10+4,1d6+4,3.0,B
4105,40,14,6,4,1d8+4,1d6+4,40,14,7,4,1d12+4,1d8+4,7.0,B
4106,40,18,5,5,1d8+4,1d8+4,40,14,5,5,1d10+4,1d8+4,8.0,A
4107,40,15,7,5,1d10+4,1d6+4,40,15,5,3,1d10+4,1d6+4,9.0,A
4108,40,15,7,5,1d12+4,1d6+4,40,15,6,3,1d8+4,1d8+4,5.0,A
4109,40,18,7,5,1d8+4,1d6+4,40,14,7,4,1d10+4,1d8+4,7.0,B
4110,40,18,6,4,1d12+4,1d8+4,40,15,5,5,1d10+4,1d6+4,5.0,A
4111,40,14,6,5,1d8+4,1d6+4,40,18,7,3,1d12+4,1d8+4,1.0,B
4112,40,18,6,3,1d12+4,1d6+4,40,14,6,3,1d12+4,1d6+4,7.0,A
4113,40,16,5,4,1d12+4,1d6+4,40,17,8,4,1d10+4,1d6+4,2.0,B
4114,40,15,6,5,1d12+4,1d6+4,40,17,6,3,1d12+4,1d8+4,2.0,B
4115,40,18,8,3,1d10+4,1d8+4,40,18,5,3,1d10+4,1d8+4,10.0,B
4116,40,15,8,5,1d8+4,1d6+4,40,16,6,4,1d12+4,1d8+4,5.0,B
4117,40,14,8,3,1d12+4,1d8+4,40,18,7,4,1d10+4,1d8+4,0.0,A
4118,40,17,5,4,1d8+4,1d8+4,40,18,5,4,1d10+4,1d6+4,0.0,A
4119,40,16,7,4,1d12+4,1d8+4,40,18,7,3,1d10+4,1d6+4,6.0,B
4120,40,16,5,5,1d12+4,1d6+4,40,17,7,3,1d10+4,1d8+4,2.0,A
4121,40,14,5,5,1d10+4,1d8+4,40,17,8,3,1d10+4,1d8+4,10.0,B
4122,40,14,6,5,1d8+4,1d8+4,40,18,5,4,1d10+4,1d6+4,10.0,B
4123,40,14,7,3,1d12+4,1d6+4,40,16,8,3,1d10+4,1d8+4,1.0,B
4124,40,14,8,5,1d12+4,1d8+4,40,14,6,3,1d10+4,1d6+4,9.0,A
4125,40,15,8,4,1d8+4,1d8+4,40,14,6,5,1d8+4,1d6+4,9.0,A
4126,40,17,5,4,1d8+4,1d6+4,40,17,5,3,1d12+4,1d8+4,0.0,B
4127,40,15,8,5,1d8+4,1d8+4,40,15,7,3,1d8+4,1d6+4,6.0,B
4128,40,16,5,4,1d12+4,1d8+4,40,16,7,5,1d8+4,1d6+4,2.0,A
4129,40,17,6,3,1d8+4,1d8+4,40,15,6,3,1d12+4,1d8+4,9.0,A
4130,40,18,6,5,1d12+4,1d8+4,40,15,6,5,1d10+4,1d6+4,0.0,A
4131,40,15,7,5,1d12+4,1d8+4,40,18,8,4,1d12+4,1d8+4,4.0,A
4132,40,18,8,5,1d12+4,1d6+4,40,18,6,3,1d8+4,1d6+4,8.0,A
4133,40,16,7,4,1d10+4,1d6+4,40,17,5,5,1d8+4,1d6+4,5.0,A
4134,40,17,8,3,1d8+4,1d6+4,40,17,5,3,1d12+4,1d8+4,4.0,A
4135,40,18,5,4,1d10+4,1d6+4,40,18,7,5,1d12+4,1d6+4,9.0,A
4136,40,15,6,5,1d8+4,1d6+4,40,16,7,3,1d8+4,1d6+4,3.0,B
4137,40,16,5,5,1d12+4,1d6+4,40,15,6,3,1d10+4,1d8+4,9.0,A
4138,40,16,6,5,1d12+4,1d6+4,40,15,8,3,1d8+4,1d6+4,7.0,B
4139,40,18,8,4,1d8+4,1d8+4,40,18,8,3,1d8+4,1d8+4,9.0,A
4140,40,17,5,3,1d12+4,1d8+4,40,17,6,5,1d12+4,1d6+4,9.0,B
4141,40,16,5,5,1d8+4,1d6+4,40,18,5,3,1d8+4,1d8+4,9.0,B
4142,40,14,6,3,1d10+4,1d8+4,40,14,8,5,1d12+4,1d8+4,10.0,B
4143,40,16,5,3,1d10+4,1d8+4,40,18,7,3,1d12+4,1d8+4,0.0,B
4144,40,18,7,4,1d10+4,1d6+4,40,16,7,5,1d8+4,1d8+4,1.0,A
4145,40,18,8,4,1d12+4,1d8+4,40,15,8,5,1d12+4,1d6+4,8.0,B
4146,40,15,6,5,1d12+4,1d8+4,40,15,8,3,1d10+4,1d6+4,8.0,A
4147,40,15,8,3,1d12+4,1d8+4,40,15,7,3,1d12+4,1d8+4,5.0,B
4148,40,14,6,4,1d10+4,1d8+4,40,18,7,3,1d8+4,1d6+4,4.0,B
4149,40,18,7,3,1d12+4,1d6+4,40,17,5,5,1d10+4,1d8+4,9.0,B
4150,40,15,7,3,1d12+4,1d6+4,40,16,6,3,1d10+4,1d8+4,8.0,A
4151,40,15,6,3,1d12+4,1d8+4,40,18,7,5,1d10+4,1d6+4,0.0,A
4152,40,14,7,5,1d8+4,1d6+4,40,14,7,3,1d8+4,1d8+4,7.0,A
4153,40,14,7,4,1d8+4,1d6+4,40,15,8,5,1d12+4,1d6+4,9.0,A
4154,40,14,8,3,1d12+4,1d8+4,40,18,5,4,1d12+4,1d6+4,8.0,B
4155,40,16,8,5,1d10+4,1d6+4,40,16,5,3,1d12+4,1d8+4,8.0,A
4156,40,18,6,4,1d8+4,1d6+4,40,16,8,3,1d8+4,1d6+4,2.0,B
4157,40,16,8,4,1d10+4,1d6+4,40,18,7,3,1d8+4,1d6+4,5.0,A
4158,40,15,8,3,1d8+4,1d6+4,40,15,7,5,1d10+4,1d6+4,6.0,A
4159,40,17,7,5,1d12+4,1d6+4,40,14,7,4,1d12+4,1d8+4,6.0,A
4160,40,15,7,4,1d10+4,1d6+4,40,15,7,4,1d10+4,1d6+4,1.0,B
4161,40,17,7,5,1d12+4,1d8+4,40,15,6,4,1d12+4,1d8+4,10.0,A
4162,40,14,7,4,1d8+4,1d6+4,40,18,6,3,1d12+4,1d6+4,8.0,A
4163,40,18,7,5,1d12+4,1d6+4,40,17,8,3,1d8+4,1d8+4,6.0,A
4164,40,18,7,5,1d10+4,1d6+4,40,14,5,5,1d8+4,1d8+4,6.0,A
4165,40,18,6,5,1d12+4,1d6+4,40,15,5,3,1d8+4,1d8+4,9.0,B
4166,40,18,8,4,1d8+4,1d6+4,40,17,5,3,1d12+4,1d8+4,8.0,A
4167,40,17,5,4,1d10+4,1d8+4,40,18,8,4,1d12+4,1d6+4,5.0,A
4168,40,15,8,5,1d8+4,1d6+4,40,18,8,4,1d8+4,1d8+4,1.0,B
4169,40,18,7,4,1d12+4,1d8+4,40,16,5,5,1d8+4,1d6+4,4.0,A
4170,40,16,7,4,1d12+4,1d8+4,40,15,5,3,1d8+4,1d8+4,9.0,A
4171,40,14,7,5,1d8+4,1d6+4,40,17,8,5,1d12+4,1d8+4,6.0,B
4172,40,14,8,3,1d8+4,1d8+4,40,15,8,4,1d10+4,1d8+4,4.0,B
4173,40,17,6,4,1d8+4,1d8+4,40,15,7,5,1d10+4,1d8+4,7.0,A
4174,40,15,7,4,1d8+4,1d6+4,40,14,6,3,1d8+4,1d8+4,3.0,B
4175,40,14,8,5,1d12+4,1d6+4,40,15,7,3,1d10+4,1d6+4,5.0,B
4176,40,15,6,3,1d12+4,1d8+4,40,17,8,4,1d8+4,1d8+4,5.0,B
4177,40,15,6,3,1d10+4,1d6+4,40,17,8,3,1d12+4,1d8+4,7.0,B
4178,40,18,8,3,1d10+4,1d8+4,40,14,8,5,1d12+4,1d6+4,5.0,A
4179,40,17,7,5,1d8+4,1d6+4,40,15,5,3,1d10+4,1d8+4,1.0,A
4180,40,14,6,5,1d8+4,1d6+4,40,16,7,3,1d12+4,1d8+4,1.0,B
4181,40,15,8,5,1d10+4,1d8+4,40,15,5,3,1d8+4,1d6+4,8.0,A
4182,40,18,8,4,1d10+4,1d6+4,40,15,6,5,1d8+4,1d8+4,1.0,A
4183,40,18,7,4,1d12+4,1d8+4,40,18,5,5,1d8+4,1d6+4,7.0,A
4184,40,18,8,4,1d12+4,1d6+4,40,18,6,3,1d12+4,1d6+4,5.0,B
4185,40,14,5,5,1d12+4,1d8+4,40,17,6,4,1d8+4,1d6+4,4.0,A
4186,40,18,8,3,1d8+4,1d6+4,40,17,6,5,1d8+4,1d8+4,9.0,B
4187,40,14,7,4,1d12+4,1d8+4,40,15,5,3,1d8+4,1d6+4,10.0,B
4188,40,15,6,3,1d8+4,1d8+4,40,17,8,5,1d12+4,1d6+4,7.0,B
4189,40,18,6,4,1d12+4,1d8+4,40,14,7,3,1d8+4,1d6+4,7.0,A
4190,40,18,5,4,1d8+4,1d8+4,40,18,5,3,1d8+4,1d6+4,9.0,B
4191,40,15,7,3,1d12+4,1d8+4,40,18,7,3,1d10+4,1d6+4,0.0,B
4192,40,14,8,4,1d8+4,1d8+4,40,18,8,3,1d10+4,1d8+4,10.0,A
4193,40,18,5,3,1d10+4,1d8+4,40,14,8,4,1d8+4,1d6+4,7.0,B
4194,40,17,5,4,1d12+4,1d6+4,40,17,5,3,1d8+4,1d6+4,10.0,B
4195,40,16,7,3,1d8+4,1d6+4,40,18,6,5,1d10+4,1d8+4,4.0,B
4196,40,15,6,4,1d8+4,1d8+4,40,15,5,5,1d10+4,1d6+4,0.0,A
4197,40,15,5,3,1d12+4,1d6+4,40,15,7,3,1d12+4,1d6+4,10.0,B
4198,40,18,5,5,1d8+4,1d8+4,40,18,8,5,1d10+4,1d6+4,4.0,B
4199,40,17,5,5,1d10+4,1d6+4,40,14,5,5,1d8+4,1d6+4,8.0,A
4200,40,16,6,5,1d8+4,1d8+4,40,14,7,5,1d12+4,1d8+4,7.0,B
4201,40,17,6,3,1d10+4,1d6+4,40,14,7,4,1d12+4,1d6+4,9.0,B
4202,40,14,8,4,1d12+4,1d6+4,40,18,7,5,1d12+4,1d8+4,0.0,B
4203,40,18,8,5,1d12+4,1d6+4,40,15,6,5,1d10+4,1d6+4,2.0,A
4204,40,15,6,4,1d10+4,1d6+4,40,15,7,4,1d10+4,1d8+4,6.0,A
4205,40,17,8,5,1d8+4,1d8+4,40,16,8,3,1d10+4,1d6+4,10.0,A
4206,40,15,8,5,1d12+4,1d6+4,40,17,6,5,1d12+4,1d8+4,4.0,A
4207,40,14,5,5,1d12+4,1d6+4,40,16,8,3,1d8+4,1d6+4,8.0,B
4208,40,17,7,5,1d12+4,1d6+4,40,14,7,5,1d8+4,1d8+4,3.0,A
4209,40,18,6,3,1d8+4,1d8+4,40,17,8,3,1d10+4,1d8+4,0.0,A
4210,40,15,7,4,1d8+4,1d8+4,40,16,7,4,1d12+4,1d8+4,10.0,A
4211,40,17,6,3,1d8+4,1d6+4,40,14,7,4,1d12+4,1d6+4,2.0,B
4212,40,18,7,5,1d12+4,1d8+4,40,17,7,3,1d12+4,1d8+4,4.0,A
4213,40,17,7,5,1d8+4,1d8+4,40,15,8,4,1d10+4,1d6+4,5.0,B
4214,40,16,6,4,1d12+4,1d6+4,40,18,8,4,1d8+4,1d6+4,2.0,B
4215,40,16,7,4,1d8+4,1d6+4,40,17,7,3,1d12+4,1d8+4,4.0,B
4216,40,16,7,5,1d8+4,1d6+4,40,17,5,3,1d12+4,1d8+4,8.0,A
4217,40,16,7,3,1d10+4,1d8+4,40,17,5,3,1d8+4,1d6+4,1.0,A
4218,40,18,7,5,1d12+4,1d6+4,40,18,7,5,1d8+4,1d8+4,3.0,B
4219,40,14,7,3,1d8+4,1d8+4,40,15,8,5,1d10+4,1d6+4,8.0,B
4220,40,17,6,3,1d8+4,1d6+4,40,17,6,5,1d12+4,1d6+4,10.0,B
4221,40,16,7,3,1d10+4,1d8+4,40,15,8,4,1d8+4,1d6+4,4.0,B
4222,40,14,7,3,1d12+4,1d8+4,40,16,8,3,1d12+4,1d8+4,1.0,B
4223,40,16,5,3,1d12+4,1d8+4,40,18,6,3,1d10+4,1d6+4,5.0,A
4224,40,15,6,5,1d12+4,1d6+4,40,16,7,5,1d12+4,1d8+4,7.0,B
4225,40,18,6,3,1d8+4,1d6+4,40,18,5,5,1d10+4,1d8+4,6.0,B
4226,40,15,8,5,1d10+4,1d6+4,40,18,5,4,1d10+4,1d8+4,4.0,B
4227,40,16,6,4,1d10+4,1d8+4,40,16,8,4,1d12+4,1d8+4,3.0,B
4228,40,16,5,4,1d12+4,1d8+4,40,17,6,4,1d8+4,1d6+4,3.0,A
4229,40,18,7,3,1d10+4,1d8+4,40,17,5,5,1d8+4,1d8+4,6.0,B
4230,40,16,6,3,1d8+4,1d6+4,40,14,6,3,1d8+4,1d6+4,0.0,A
4231,40,17,6,4,1d8+4,1d8+4,40,18,8,3,1d8+4,1d8+4,10.0,B
4232,40,17,8,5,1d8+4,1d6+4,40,16,6,3,1d10+4,1d6+4,7.0,A
4233,40,18,6,4,1d10+4,1d8+4,40,15,5,5,1d12+4,1d8+4,10.0,A
4234,40,18,7,4,1d12+4,1d8+4,40,15,6,3,1d8+4,1d8+4,2.0,A
4235,40,18,5,3,1d8+4,1d8+4,40,18,6,3,1d10+4,1d8+4,4.0,A
4236,40,16,7,4,1d8+4,1d6+4,40,15,6,5,1d12+4,1d8+4,5.0,B
4237,40,15,8,3,1d8+4,1d8+4,40,17,8,4,1d12+4,1d8+4,0.0,A
4238,40,15,6,5,1d10+4,1d8+4,40,16,7,3,1d12+4,1d8+4,9.0,B
4239,40,16,5,4,1d8+4,1d6+4,40,15,7,4,1d10+4,1d6+4,10.0,B
4240,40,14,5,3,1d10+4,1d6+4,40,15,5,4,1d12+4,1d6+4,5.0,A
4241,40,14,7,4,1d12+4,1d6+4,40,14,7,3,1d8+4,1d6+4,5.0,B
4242,40,18,8,3,1d8+4,1d8+4,40,16,8,3,1d8+4,1d6+4,1.0,A
4243,40,15,8,4,1d8+4,1d8+4,40,18,8,4,1d12+4,1d6+4,2.0,B
4244,40,14,5,5,1d12+4,1d8+4,40,15,8,3,1d10+4,1d8+4,9.0,B
4245,40,14,7,5,1d8+4,1d6+4,40,18,7,3,1d8+4,1d6+4,7.0,A
4246,40,15,5,3,1d8+4,1d8+4,40,14,8,5,1d12+4,1d8+4,3.0,B
4247,40,18,6,3,1d12+4,1d6+4,40,17,5,5,1d12+4,1d8+4,8.0,B
4248,40,14,8,4,1d10+4,1d6+4,40,16,5,4,1d10+4,1d8+4,8.0,B
4249,40,14,6,5,1d10+4,1d8+4,40,14,8,3,1d10+4,1d8+4,2.0,A
4250,40,15,6,3,1d8+4,1d6+4,40,18,6,5,1d8+4,1d6+4,10.0,B
4251,40,16,5,5,1d10+4,1d6+4,40,17,5,4,1d10+4,1d6+4,9.0,A
4252,40,17,5,4,1d12+4,1d6+4,40,16,7,3,1d12+4,1d6+4,8.0,B
4253,40,15,7,5,1d8+4,1d6+4,40,15,8,4,1d10+4,1d6+4,7.0,B
4254,40,15,5,4,1d12+4,1d8+4,40,14,8,3,1d10+4,1d6+4,4.0,B
4255,40,15,6,3,1d8+4,1d8+4,40,16,5,3,1d10+4,1d8+4,2.0,B
4256,40,17,5,5,1d10+4,1d8+4,40,16,7,3,1d8+4,1d6+4,2.0,A
4257,40,15,6,5,1d12+4,1d6+4,40,17,7,3,1d12+4,1d8+4,0.0,A
4258,40,14,6,5,1d12+4,1d8+4,40,14,6,3,1d12+4,1d6+4,1.0,B
4259,40,14,8,5,1d8+4,1d8+4,40,14,6,3,1d12+4,1d8+4,10.0,B
4260,40,18,7,4,1d8+4,1d6+4,40,14,8,4,1d12+4,1d8+4,3.0,A
4261,40,17,5,3,1d8+4,1d8+4,40,18,5,4,1d10+4,1d8+4,6.0,A
4262,40,14,6,3,1d10+4,1d6+4,40,17,8,4,1d10+4,1d6+4,0.0,B
4263,40,15,5,4,1d8+4,1d8+4,40,14,8,3,1d8+4,1d8+4,6.0,B
4264,40,17,7,4,1d10+4,1d6+4,40,14,8,5,1d12+4,1d8+4,6.0,B
4265,40,14,8,4,1d10+4,1d6+4,40,15,6,4,1d12+4,1d6+4,2.0,B
4266,40,17,8,5,1d10+4,1d8+4,40,16,6,5,1d8+4,1d6+4,5.0,A
4267,40,18,8,4,1d10+4,1d6+4,40,15,7,3,1d10+4,1d8+4,10.0,A
4268,40,16,8,5,1d12+4,1d6+4,40,17,7,3,1d8+4,1d6+4,10.0,A
4269,40,17,6,4,1d10+4,1d6+4,40,15,8,5,1d10+4,1d6+4,7.0,A
4270,40,16,5,3,1d10+4,1d6+4,40,16,5,4,1d10+4,1d8+4,5.0,A
4271,40,15,6,5,1d12+4,1d6+4,40,16,6,5,1d8+4,1d8+4,9.0,A
4272,40,16,8,5,1d12+4,1d8+4,40,17,8,5,1d10+4,1d8+4,4.0,B
4273,40,15,7,3,1d12+4,1d8+4,40,16,8,3,1d12+4,1d6+4,8.0,B
4274,40,14,6,3,1d12+4,1d6+4,40,15,5,4,1d8+4,1d6+4,10.0,A
4275,40,18,7,4,1d8+4,1d8+4,40,15,8,5,1d10+4,1d8+4,5.0,A
4276,40,16,8,3,1d10+4,1d8+4,40,15,5,3,1d10+4,1d6+4,6.0,B
4277,40,15,7,4,1d8+4,1d8+4,40,16,6,3,1d12+4,1d8+4,8.0,A
4278,40,18,5,4,1d8+4,1d6+4,40,16,7,5,1d8+4,1d6+4,1.0,A
4279,40,16,8,5,1d12+4,1d6+4,40,14,5,4,1d10+4,1d8+4,5.0,A
4280,40,15,7,3,1d12+4,1d8+4,40,14,5,4,1d12+4,1d8+4,2.0,A
4281,40,15,8,5,1d8+4,1d6+4,40,17,5,3,1d10+4,1d6+4,0.0,A
4282,40,17,7,5,1d12+4,1d6+4,40,16,6,5,1d10+4,1d8+4,1.0,B
4283,40,18,6,3,1d10+4,1d8+4,40,14,5,4,1d10+4,1d8+4,7.0,A
4284,40,17,5,5,1d12+4,1d6+4,40,18,5,3,1d12+4,1d8+4,5.0,B
4285,40,14,8,5,1d8+4,1d8+4,40,18,6,3,1d12+4,1d6+4,2.0,B
4286,40,16,8,4,1d8+4,1d6+4,40,18,6,3,1d10+4,1d6+4,2.0,A
4287,40,15,5,5,1d12+4,1d6+4,40,16,8,5,1d8+4,1d8+4,9.0,A
4288,40,14,5,5,1d12+4,1d8+4,40,15,8,5,1d8+4,1d8+4,10.0,B
4289,40,17,5,5,1d10+4,1d6+4,40,15,7,5,1d10+4,1d8+4,2.0,A
4290,40,18,6,4,1d8+4,1d8+4,40,14,8,4,1d8+4,1d6+4,4.0,B
4291,40,15,8,5,1d10+4,1d8+4,40,18,5,4,1d10+4,1d8+4,6.0,A
4292,40,16,8,5,1d10+4,1d8+4,40,16,6,3,1d12+4,1d8+4,0.0,B
4293,40,15,5,3,1d10+4,1d6+4,40,15,7,4,1d8+4,1d8+4,6.0,A
4294,40,14,7,4,1d12+4,1d6+4,40,18,5,5,1d12+4,1d8+4,5.0,B
4295,40,16,5,4,1d10+4,1d6+4,40,15,8,3,1d8+4,1d8+4,6.0,B
4296,40,17,5,5,1d12+4,1d6+4,40,14,7,4,1d8+4,1d6+4,1.0,A
4297,40,18,7,5,1d12+4,1d6+4,40,14,6,3,1d12+4,1d8+4,5.0,A
4298,40,18,8,3,1d8+4,1d8+4,40,17,5,4,1d10+4,1d6+4,4.0,B
4299,40,14,7,4,1d10+4,1d6+4,40,15,8,4,1d12+4,1d6+4,3.0,B
4300,40,15,5,3,1d8+4,1d6+4,40,16,5,5,1d10+4,1d8+4,8.0,B
4301,40,15,7,3,1d8+4,1d8+4,40,14,6,4,1d10+4,1d8+4,0.0,A
4302,40,18,5,4,1d10+4,1d8+4,40,18,7,3,1d10+4,1d6+4,10.0,A
4303,40,17,7,3,1d10+4,1d6+4,40,17,6,3,1d10+4,1d6+4,0.0,A
4304,40,17,6,5,1d8+4,1d8+4,40,16,8,4,1d12+4,1d6+4,7.0,B
4305,40,18,7,3,1d8+4,1d6+4,40,17,7,3,1d8+4,1d8+4,6.0,A
4306,40,17,6,3,1d10+4,1d8+4,40,16,6,3,1d10+4,1d6+4,3.0,A
4307,40,17,5,3,1d10+4,1d8+4,40,14,8,3,1d10+4,1d6+4,5.0,B
4308,40,16,5,3,1d8+4,1d8+4,40,16,7,3,1d8+4,1d8+4,7.0,B
4309,40,18,6,3,1d12+4,1d8+4,40,15,6,5,1d12+4,1d8+4,2.0,B
4310,40,15,5,4,1d12+4,1d6+4,40,16,5,4,1d10+4,1d8+4,4.0,B
4311,40,18,7,3,1d8+4,1d6+4,40,17,5,4,1d10+4,1d8+4,8.0,A
4312,40,15,8,4,1d12+4,1d6+4,40,16,7,5,1d8+4,1d8+4,6.0,A
4313,40,14,5,5,1d10+4,1d8+4,40,17,6,5,1d12+4,1d6+4,3.0,A
4314,40,14,8,3,1d8+4,1d8+4,40,16,5,4,1d8+4,1d6+4,10.0,B
4315,40,18,6,5,1d12+4,1d8+4,40,18,6,4,1d10+4,1d6+4,4.0,B
4316,40,14,6,3,1d10+4,1d6+4,40,18,5,3,1d8+4,1d6+4,5.0,B
4317,40,15,5,4,1d8+4,1d6+4,40,15,7,4,1d12+4,1d6+4,2.0,B
4318,40,14,5,4,1d8+4,1d8+4,40,18,5,5,1d8+4,1d8+4,5.0,B
4319,40,16,7,4,1d10+4,1d8+4,40,18,8,3,1d8+4,1d6+4,1.0,B
4320,40,16,6,3,1d8+4,1d6+4,40,15,8,4,1d12+4,1d8+4,8.0,A
4321,40,18,5,3,1d10+4,1d8+4,40,14,5,5,1d8+4,1d8+4,9.0,A
4322,40,15,5,4,1d12+4,1d6+4,40,16,5,3,1d10+4,1d6+4,1.0,B
4323,40,18,8,3,1d12+4,1d8+4,40,14,5,5,1d10+4,1d8+4,6.0,A
4324,40,17,5,3,1d8+4,1d8+4,40,16,8,3,1d10+4,1d8+4,3.0,B
4325,40,16,6,4,1d8+4,1d6+4,40,18,7,4,1d12+4,1d6+4,3.0,B
4326,40,18,6,5,1d10+4,1d8+4,40,15,7,4,1d8+4,1d6+4,7.0,A
4327,40,16,5,3,1d12+4,1d8+4,40,18,5,3,1d10+4,1d8+4,5.0,A
4328,40,16,7,3,1d8+4,1d6+4,40,18,7,4,1d12+4,1d8+4,7.0,B
4329,40,16,8,5,1d10+4,1d8+4,40,15,6,3,1d12+4,1d6+4,10.0,A
4330,40,18,8,5,1d8+4,1d8+4,40,16,6,5,1d12+4,1d8+4,3.0,A
4331,40,17,6,3,1d12+4,1d8+4,40,15,7,3,1d8+4,1d8+4,0.0,B
4332,40,18,7,5,1d10+4,1d6+4,40,17,6,3,1d12+4,1d6+4,4.0,A
4333,40,15,7,5,1d10+4,1d6+4,40,15,5,4,1d8+4,1d6+4,10.0,B
4334,40,15,6,3,1d12+4,1d8+4,40,14,7,5,1d8+4,1d6+4,5.0,A
4335,40,14,8,4,1d8+4,1d8+4,40,14,8,5,1d10+4,1d6+4,2.0,B
4336,40,15,8,5,1d10+4,1d6+4,40,18,8,3,1d10+4,1d8+4,3.0,B
4337,40,17,7,4,1d12+4,1d6+4,40,14,5,5,1d8+4,1d8+4,1.0,A
4338,40,17,6,5,1d10+4,1d8+4,40,17,6,3,1d12+4,1d6+4,2.0,A
4339,40,16,8,5,1d8+4,1d8+4,40,14,5,5,1d8+4,1d8+4,4.0,A
4340,40,17,6,3,1d12+4,1d6+4,40,17,6,3,1d12+4,1d8+4,4.0,B
4341,40,16,7,4,1d8+4,1d8+4,40,16,7,3,1d8+4,1d6+4,6.0,A
4342,40,14,8,3,1d10+4,1d8+4,40,15,6,4,1d10+4,1d8+4,7.0,B
4343,40,16,7,4,1d8+4,1d6+4,40,17,5,4,1d12+4,1d8+4,7.0,B
4344,40,17,6,3,1d12+4,1d6+4,40,15,8,5,1d12+4,1d6+4,7.0,B
4345,40,14,8,5,1d12+4,1d8+4,40,14,7,3,1d8+4,1d6+4,9.0,A
4346,40,18,6,4,1d8+4,1d6+4,40,16,5,5,1d10+4,1d6+4,8.0,A
4347,40,14,8,5,1d10+4,1d6+4,40,18,8,3,1d10+4,1d6+4,7.0,B
4348,40,15,5,4,1d12+4,1d8+4,40,14,8,4,1d8+4,1d6+4,9.0,A
4349,40,17,7,5,1d10+4,1d6+4,40,14,5,4,1d12+4,1d8+4,1.0,B
4350,40,15,5,3,1d8+4,1d6+4,40,18,5,3,1d10+4,1d8+4,9.0,B
4351,40,16,5,4,1d8+4,1d8+4,40,17,5,3,1d12+4,1d8+4,6.0,B
4352,40,18,8,3,1d12+4,1d8+4,40,16,6,5,1d10+4,1d6+4,8.0,A
4353,40,15,7,5,1d12+4,1d8+4,40,15,6,4,1d10+4,1d6+4,4.0,A
4354,40,18,7,4,1d8+4,1d6+4,40,18,7,4,1d8+4,1d6+4,3.0,A
4355,40,14,7,5,1d12+4,1d6+4,40,16,7,5,1d12+4,1d6+4,9.0,A
4356,40,17,8,4,1d10+4,1d6+4,40,16,8,4,1d10+4,1d8+4,7.0,B
4357,40,15,6,3,1d12+4,1d6+4,40,17,7,3,1d8+4,1d6+4,9.0,A
4358,40,17,7,5,1d10+4,1d8+4,40,18,5,3,1d12+4,1d8+4,7.0,A
4359,40,17,8,3,1d12+4,1d8+4,40,18,6,4,1d12+4,1d6+4,0.0,A
4360,40,18,7,5,1d12+4,1d8+4,40,16,8,3,1d8+4,1d6+4,8.0,A
4361,40,15,7,3,1d12+4,1d6+4,40,18,8,4,1d10+4,1d6+4,2.0,B
4362,40,15,6,3,1d12+4,1d6+4,40,14,5,5,1d12+4,1d8+4,8.0,B
4363,40,18,7,5,1d10+4,1d6+4,40,14,5,3,1d10+4,1d8+4,8.0,A
4364,40,17,6,5,1d12+4,1d8+4,40,17,7,5,1d12+4,1d8+4,4.0,A
4365,40,18,5,3,1d10+4,1d6+4,40,18,7,4,1d12+4,1d8+4,2.0,B
4366,40,18,8,5,1d12+4,1d6+4,40,18,6,5,1d8+4,1d6+4,2.0,B
4367,40,16,8,4,1d8+4,1d8+4,40,18,5,4,1d8+4,1d6+4,10.0,A
4368,40,17,5,5,1d12+4,1d8+4,40,14,8,4,1d12+4,1d8+4,7.0,B
4369,40,18,6,5,1d8+4,1d6+4,40,18,5,3,1d10+4,1d8+4,6.0,A
4370,40,15,7,4,1d8+4,1d6+4,40,16,5,3,1d8+4,1d8+4,2.0,B
4371,40,15,6,4,1d10+4,1d6+4,40,15,6,5,1d10+4,1d6+4,9.0,B
4372,40,17,7,4,1d12+4,1d6+4,40,18,7,5,1d8+4,1d6+4,4.0,A
4373,40,15,7,5,1d8+4,1d8+4,40,14,5,4,1d10+4,1d8+4,2.0,B
4374,40,16,7,3,1d12+4,1d8+4,40,15,8,5,1d8+4,1d8+4,8.0,A
4375,40,16,8,3,1d10+4,1d6+4,40,14,5,5,1d8+4,1d8+4,6.0,A
4376,40,15,5,5,1d8+4,1d8+4,40,18,6,4,1d12+4,1d8+4,7.0,A
4377,40,17,5,3,1d12+4,1d8+4,40,15,8,3,1d12+4,1d8+4,6.0,B
4378,40,16,8,5,1d8+4,1d8+4,40,17,6,4,1d8+4,1d6+4,0.0,A
4379,40,14,5,5,1d12+4,1d8+4,40,15,6,3,1d12+4,1d6+4,3.0,A
4380,40,18,5,3,1d12+4,1d6+4,40,17,5,3,1d8+4,1d8+4,5.0,A
4381,40,14,8,5,1d10+4,1d6+4,40,16,6,5,1d12+4,1d6+4,0.0,B
4382,40,18,8,3,1d8+4,1d6+4,40,17,7,4,1d10+4,1d8+4,8.0,A
4383,40,15,8,3,1d8+4,1d6+4,40,18,6,5,1d8+4,1d8+4,6.0,A
4384,40,14,6,5,1d10+4,1d6+4,40,14,7,5,1d12+4,1d6+4,1.0,B
4385,40,15,6,4,1d12+4,1d6+4,40,14,8,3,1d8+4,1d6+4,8.0,A
4386,40,15,6,3,1d10+4,1d8+4,40,14,6,5,1d12+4,1d8+4,8.0,A
4387,40,17,7,4,1d10+4,1d8+4,40,14,8,5,1d12+4,1d8+4,1.0,A
4388,40,17,8,3,1d10+4,1d6+4,40,15,5,4,1d12+4,1d6+4,9.0,A
4389,40,15,7,5,1d12+4,1d8+4,40,18,5,5,1d12+4,1d8+4,10.0,A
4390,40,15,7,3,1d12+4,1d6+4,40,16,6,4,1d12+4,1d6+4,7.0,B
4391,40,18,8,5,1d8+4,1d6+4,40,15,7,3,1d8+4,1d6+4,6.0,A
4392,40,14,6,3,1d10+4,1d6+4,40,16,7,3,1d8+4,1d8+4,5.0,A
4393,40,14,7,3,1d12+4,1d6+4,40,15,8,4,1d10+4,1d6+4,1.0,A
4394,40,16,5,3,1d12+4,1d8+4,40,15,5,5,1d12+4,1d6+4,8.0,B
4395,40,16,6,5,1d10+4,1d6+4,40,16,8,4,1d8+4,1d6+4,0.0,A
4396,40,15,8,3,1d12+4,1d6+4,40,15,7,3,1d8+4,1d8+4,1.0,A
4397,40,18,8,3,1d12+4,1d8+4,40,16,8,3,1d12+4,1d6+4,10.0,A
4398,40,14,8,5,1d10+4,1d6+4,40,14,7,5,1d12+4,1d8+4,5.0,B
4399,40,15,5,4,1d10+4,1d8+4,40,15,7,3,1d10+4,1d6+4,5.0,A
4400,40,16,7,5,1d8+4,1d6+4,40,14,5,3,1d8+4,1d6+4,7.0,B
4401,40,17,8,4,1d8+4,1d6+4,40,16,5,4,1d10+4,1d8+4,0.0,A
4402,40,14,6,5,1d10+4,1d8+4,40,18,7,4,1d10+4,1d8+4,2.0,B
4403,40,17,6,4,1d10+4,1d6+4,40,17,8,3,1d8+4,1d8+4,7.0,A
4404,40,14,7,5,1d10+4,1d6+4,40,15,8,3,1d8+4,1d6+4,4.0,B
4405,40,17,6,4,1d8+4,1d8+4,40,17,6,4,1d12+4,1d6+4,5.0,A
4406,40,14,5,3,1d12+4,1d6+4,40,16,5,4,1d10+4,1d8+4,3.0,B
4407,40,17,7,4,1d10+4,1d6+4,40,17,5,4,1d12+4,1d6+4,10.0,A
4408,40,17,8,4,1d8+4,1d8+4,40,16,5,5,1d10+4,1d6+4,3.0,A
4409,40,15,6,4,1d12+4,1d6+4,40,17,6,3,1d10+4,1d6+4,3.0,A
4410,40,16,6,5,1d8+4,1d6+4,40,14,7,5,1d8+4,1d8+4,1.0,A
4411,40,17,6,4,1d12+4,1d8+4,40,15,7,3,1d8+4,1d8+4,5.0,A
4412,40,16,6,3,1d12+4,1d8+4,40,18,8,3,1d12+4,1d8+4,9.0,A
4413,40,16,7,4,1d12+4,1d6+4,40,16,7,5,1d10+4,1d6+4,7.0,B
4414,40,18,6,5,1d8+4,1d6+4,40,14,6,4,1d8+4,1d6+4,9.0,A
4415,40,17,7,3,1d10+4,1d6+4,40,16,6,5,1d10+4,1d8+4,5.0,B
4416,40,14,6,3,1d12+4,1d8+4,40,15,5,3,1d8+4,1d8+4,0.0,A
4417,40,16,7,5,1d8+4,1d8+4,40,15,7,5,1d12+4,1d8+4,10.0,B
4418,40,16,6,4,1d8+4,1d6+4,40,16,8,5,1d12+4,1d6+4,9.0,B
4419,40,17,7,4,1d8+4,1d6+4,40,16,6,4,1d12+4,1d6+4,6.0,B
4420,40,16,7,4,1d12+4,1d8+4,40,17,7,3,1d10+4,1d6+4,4.0,B
4421,40,14,5,3,1d10+4,1d6+4,40,16,5,5,1d12+4,1d8+4,5.0,B
4422,40,17,6,3,1d8+4,1d8+4,40,14,7,5,1d12+4,1d8+4,1.0,A
4423,40,18,7,3,1d10+4,1d8+4,40,16,6,4,1d12+4,1d8+4,1.0,A
4424,40,18,5,4,1d8+4,1d8+4,40,15,6,5,1d12+4,1d8+4,7.0,B
4425,40,16,5,5,1d12+4,1d6+4,40,14,8,4,1d12+4,1d6+4,7.0,B
4426,40,14,7,5,1d8+4,1d6+4,40,14,5,5,1d12+4,1d8+4,0.0,A
4427,40,14,5,4,1d8+4,1d6+4,40,16,5,4,1d10+4,1d6+4,7.0,B
4428,40,18,6,4,1d12+4,1d6+4,40,15,8,3,1d10+4,1d8+4,7.0,B
4429,40,16,5,3,1d12+4,1d8+4,40,16,8,5,1d8+4,1d8+4,1.0,B
4430,40,15,8,5,1d12+4,1d8+4,40,14,6,4,1d12+4,1d6+4,6.0,A
4431,40,15,6,4,1d8+4,1d8+4,40,16,7,3,1d10+4,1d6+4,8.0,B
4432,40,16,5,4,1d8+4,1d6+4,40,18,6,3,1d12+4,1d6+4,1.0,B
4433,40,16,7,4,1d8+4,1d8+4,40,18,6,4,1d12+4,1d8+4,9.0,B
4434,40,17,5,5,1d8+4,1d8+4,40,16,6,5,1d10+4,1d6+4,2.0,B
4435,40,18,8,4,1d8+4,1d8+4,40,14,8,3,1d8+4,1d8+4,2.0,B
4436,40,18,8,3,1d10+4,1d8+4,40,17,5,5,1d12+4,1d6+4,0.0,B
4437,40,14,7,5,1d8+4,1d8+4,40,17,5,3,1d10+4,1d8+4,1.0,A
4438,40,16,6,5,1d10+4,1d6+4,40,15,5,4,1d8+4,1d8+4,8.0,B
4439,40,17,8,4,1d12+4,1d8+4,40,18,6,3,1d8+4,1d8+4,2.0,A
4440,40,14,8,5,1d12+4,1d8+4,40,14,6,4,1d12+4,1d6+4,0.0,A
4441,40,15,6,3,1d10+4,1d6+4,40,15,5,4,1d12+4,1d8+4,3.0,A
4442,40,15,8,4,1d10+4,1d8+4,40,16,6,5,1d8+4,1d8+4,7.0,B
4443,40,16,5,3,1d12+4,1d8+4,40,16,7,4,1d12+4,1d8+4,9.0,A
4444,40,14,7,5,1d8+4,1d6+4,40,14,6,4,1d10+4,1d8+4,10.0,A
4445,40,16,8,5,1d8+4,1d6+4,40,18,6,5,1d8+4,1d8+4,10.0,B
4446,40,16,8,5,1d8+4,1d8+4,40,15,5,5,1d12+4,1d6+4,2.0,A
4447,40,16,5,4,1d8+4,1d6+4,40,18,8,4,1d8+4,1d6+4,4.0,B
4448,40,17,5,3,1d8+4,1d8+4,40,16,6,3,1d8+4,1d8+4,3.0,A
4449,40,14,7,4,1d10+4,1d8+4,40,17,8,4,1d12+4,1d6+4,9.0,B
4450,40,15,5,5,1d12+4,1d8+4,40,16,5,5,1d12+4,1d8+4,5.0,A
4451,40,16,7,4,1d8+4,1d6+4,40,16,8,5,1d10+4,1d6+4,10.0,B
4452,40,18,8,3,1d12+4,1d8+4,40,16,6,5,1d12+4,1d8+4,8.0,A
4453,40,16,6,4,1d8+4,1d6+4,40,15,8,3,1d8+4,1d8+4,6.0,B
4454,40,17,6,3,1d12+4,1d8+4,40,14,8,4,1d12+4,1d6+4,10.0,B
4455,40,15,5,4,1d12+4,1d6+4,40,16,7,3,1d8+4,1d6+4,5.0,B
4456,40,17,5,3,1d12+4,1d8+4,40,15,7,5,1d12+4,1d8+4,5.0,B
4457,40,14,7,5,1d8+4,1d6+4,40,18,5,3,1d8+4,1d8+4,9.0,B
4458,40,18,7,5,1d8+4,1d8+4,40,14,7,4,1d12+4,1d8+4,6.0,A
4459,40,14,8,4,1d12+4,1d6+4,40,18,6,5,1d12+4,1d8+4,6.0,A
4460,40,15,7,3,1d10+4,1d8+4,40,16,6,3,1d12+4,1d8+4,5.0,B
4461,40,14,6,3,1d8+4,1d8+4,40,17,8,4,1d12+4,1d6+4,8.0,A
4462,40,14,8,5,1d10+4,1d8+4,40,14,6,5,1d10+4,1d6+4,10.0,A
4463,40,16,5,4,1d12+4,1d8+4,40,18,5,5,1d10+4,1d6+4,10.0,A
4464,40,16,5,5,1d8+4,1d8+4,40,17,6,4,1d10+4,1d8+4,1.0,B
4465,40,18,6,4,1d10+4,1d8+4,40,17,7,3,1d12+4,1d6+4,2.0,B
4466,40,14,7,3,1d8+4,1d6+4,40,17,7,4,1d12+4,1d6+4,8.0,A
4467,40,17,8,4,1d12+4,1d6+4,40,14,7,3,1d10+4,1d6+4,10.0,A
4468,40,15,6,3,1d12+4,1d6+4,40,14,8,4,1d8+4,1d6+4,3.0,A
4469,40,15,5,5,1d8+4,1d6+4,40,18,7,4,1d12+4,1d8+4,5.0,B
4470,40,18,6,5,1d12+4,1d6+4,40,17,7,3,1d8+4,1d8+4,7.0,A
4471,40,17,8,4,1d12+4,1d8+4,40,14,5,4,1d8+4,1d6+4,2.0,A
4472,40,14,5,3,1d10+4,1d6+4,40,14,6,4,1d10+4,1d8+4,0.0,A
4473,40,18,8,4,1d12+4,1d6+4,40,15,6,4,1d8+4,1d6+4,4.0,A
4474,40,17,5,4,1d8+4,1d6+4,40,16,7,3,1d8+4,1d6+4,4.0,A
4475,40,14,6,5,1d12+4,1d6+4,40,17,6,3,1d12+4,1d8+4,1.0,A
4476,40,17,7,5,1d8+4,1d8+4,40,17,8,4,1d12+4,1d6+4,5.0,A
4477,40,14,6,4,1d12+4,1d8+4,40,18,6,5,1d8+4,1d6+4,0.0,B
4478,40,16,7,3,1d12+4,1d6+4,40,14,5,3,1d8+4,1d8+4,3.0,B
4479,40,17,5,4,1d10+4,1d8+4,40,15,7,3,1d12+4,1d6+4,8.0,B
4480,40,15,7,4,1d10+4,1d8+4,40,15,7,5,1d10+4,1d6+4,6.0,A
4481,40,18,8,5,1d12+4,1d6+4,40,14,7,3,1d10+4,1d6+4,9.0,A
4482,40,17,7,3,1d10+4,1d6+4,40,15,6,5,1d8+4,1d6+4,4.0,A
4483,40,15,7,5,1d12+4,1d6+4,40,15,6,3,1d12+4,1d8+4,2.0,B
4484,40,14,5,3,1d12+4,1d6+4,40,18,8,3,1d10+4,1d8+4,6.0,B
4485,40,17,6,3,1d12+4,1d6+4,40,16,6,5,1d12+4,1d8+4,2.0,B
4486,40,15,6,5,1d8+4,1d6+4,40,15,7,3,1d12+4,1d8+4,8.0,A
4487,40,15,7,5,1d12+4,1d6+4,40,14,5,4,1d8+4,1d6+4,7.0,A
4488,40,18,5,3,1d8+4,1d6+4,40,18,7,4,1d10+4,1d6+4,8.0,B
4489,40,15,5,5,1d10+4,1d8+4,40,15,5,5,1d8+4,1d6+4,0.0,B
4490,40,16,7,5,1d10+4,1d8+4,40,15,5,4,1d12+4,1d6+4,4.0,A
4491,40,18,8,3,1d12+4,1d8+4,40,17,7,4,1d10+4,1d6+4,9.0,A
4492,40,15,5,3,1d12+4,1d8+4,40,16,5,4,1d10+4,1d6+4,5.0,A
4493,40,16,5,5,1d8+4,1d8+4,40,17,7,3,1d10+4,1d8+4,2.0,A
4494,40,17,8,4,1d8+4,1d8+4,40,14,8,5,1d10+4,1d8+4,10.0,A
4495,40,16,8,3,1d12+4,1d6+4,40,14,5,5,1d8+4,1d8+4,6.0,B
4496,40,17,6,3,1d12+4,1d8+4,40,17,6,4,1d10+4,1d6+4,4.0,A
4497,40,14,7,4,1d8+4,1d8+4,40,15,8,4,1d8+4,1d6+4,0.0,B
4498,40,18,7,4,1d12+4,1d8+4,40,14,5,4,1d10+4,1d6+4,5.0,A
4499,40,15,7,5,1d12+4,1d6+4,40,18,7,4,1d8+4,1d8+4,0.0,A
4500,40,18,5,5,1d8+4,1d6+4,40,15,5,4,1d8+4,1d6+4,10.0,B
4501,40,17,5,3,1d12+4,1d6+4,40,16,8,4,1d8+4,1d8+4,9.0,B
4502,40,18,8,4,1d12+4,1d8+4,40,17,7,5,1d12+4,1d6+4,9.0,B
4503,40,15,8,3,1d8+4,1d6+4,40,14,7,4,1d12+4,1d8+4,0.0,A
4504,40,17,7,4,1d12+4,1d6+4,40,17,7,4,1d8+4,1d8+4,8.0,B
4505,40,15,5,3,1d10+4,1d8+4,40,16,8,3,1d10+4,1d6+4,1.0,B
4506,40,15,7,5,1d10+4,1d6+4,40,14,6,3,1d8+4,1d6+4,3.0,A
4507,40,18,6,5,1d10+4,1d6+4,40,15,8,4,1d10+4,1d8+4,9.0,A
4508,40,14,7,3,1d8+4,1d8+4,40,18,8,4,1d8+4,1d8+4,3.0,A
4509,40,17,5,5,1d8+4,1d6+4,40,15,7,4,1d8+4,1d6+4,0.0,A
4510,40,15,5,4,1d8+4,1d8+4,40,15,8,5,1d8+4,1d6+4,7.0,B
4511,40,14,8,5,1d10+4,1d8+4,40,15,7,3,1d8+4,1d6+4,0.0,A
4512,40,16,7,3,1d10+4,1d8+4,40,17,7,5,1d10+4,1d6+4,3.0,B
4513,40,18,5,4,1d12+4,1d6+4,40,18,8,4,1d10+4,1d8+4,2.0,A
4514,40,17,5,5,1d8+4,1d6+4,40,18,5,4,1d8+4,1d6+4,10.0,A
4515,40,17,8,3,1d10+4,1d8+4,40,17,5,5,1d8+4,1d6+4,4.0,A
4516,40,18,5,5,1d8+4,1d8+4,40,15,8,5,1d8+4,1d6+4,0.0,B
4517,40,14,8,3,1d12+4,1d6+4,40,15,8,5,1d12+4,1d6+4,7.0,A
4518,40,18,7,5,1d12+4,1d8+4,40,14,7,5,1d8+4,1d8+4,1.0,A
4519,40,15,8,4,1d8+4,1d6+4,40,15,8,3,1d12+4,1d6+4,10.0,B
4520,40,18,5,4,1d12+4,1d8+4,40,18,7,4,1d8+4,1d8+4,6.0,B
4521,40,14,8,5,1d10+4,1d8+4,40,15,5,5,1d8+4,1d6+4,10.0,A
4522,40,14,7,4,1d8+4,1d8+4,40,15,6,5,1d8+4,1d8+4,3.0,A
4523,40,15,5,4,1d10+4,1d6+4,40,17,8,5,1d8+4,1d8+4,6.0,B
4524,40,18,7,5,1d8+4,1d6+4,40,16,6,4,1d12+4,1d8+4,2.0,A
4525,40,18,6,5,1d12+4,1d8+4,40,14,7,4,1d10+4,1d6+4,2.0,B
4526,40,17,7,3,1d10+4,1d6+4,40,15,8,4,1d12+4,1d6+4,8.0,A
4527,40,16,6,5,1d12+4,1d6+4,40,18,7,4,1d10+4,1d6+4,6.0,B
4528,40,15,8,5,1d10+4,1d6+4,40,15,8,4,1d8+4,1d6+4,0.0,B
4529,40,14,7,4,1d8+4,1d8+4,40,14,7,5,1d10+4,1d6+4,0.0,B
4530,40,15,5,5,1d10+4,1d6+4,40,15,6,3,1d10+4,1d8+4,6.0,A
4531,40,15,8,5,1d10+4,1d6+4,40,16,5,3,1d8+4,1d8+4,3.0,A
4532,40,17,7,4,1d8+4,1d6+4,40,17,5,4,1d10+4,1d8+4,5.0,B
4533,40,15,7,5,1d10+4,1d8+4,40,18,5,5,1d12+4,1d8+4,5.0,B
4534,40,14,5,5,1d12+4,1d8+4,40,14,6,4,1d12+4,1d8+4,5.0,A
4535,40,15,5,5,1d8+4,1d8+4,40,16,7,5,1d10+4,1d6+4,1.0,B
4536,40,14,8,5,1d12+4,1d6+4,40,18,7,4,1d8+4,1d8+4,2.0,A
4537,40,17,8,3,1d12+4,1d6+4,40,16,6,3,1d10+4,1d6+4,8.0,B
4538,40,18,7,4,1d12+4,1d6+4,40,15,5,5,1d10+4,1d6+4,9.0,A
4539,40,18,6,4,1d10+4,1d8+4,40,15,6,5,1d12+4,1d8+4,8.0,A
4540,40,14,5,3,1d8+4,1d8+4,40,17,7,4,1d8+4,1d8+4,10.0,B
4541,40,14,8,3,1d8+4,1d6+4,40,16,7,3,1d10+4,1d8+4,10.0,B
4542,40,15,5,3,1d10+4,1d6+4,40,17,6,5,1d8+4,1d8+4,8.0,A
4543,40,17,5,4,1d8+4,1d8+4,40,14,6,4,1d8+4,1d8+4,3.0,A
4544,40,15,6,3,1d12+4,1d6+4,40,17,5,3,1d8+4,1d8+4,1.0,B
4545,40,16,5,5,1d8+4,1d8+4,40,18,8,4,1d12+4,1d6+4,9.0,B
4546,40,14,6,4,1d10+4,1d6+4,40,16,7,3,1d12+4,1d8+4,6.0,B
4547,40,17,5,5,1d12+4,1d8+4,40,18,5,4,1d10+4,1d6+4,2.0,B
4548,40,17,5,5,1d12+4,1d8+4,40,16,8,3,1d12+4,1d8+4,4.0,B
4549,40,18,6,3,1d12+4,1d6+4,40,15,7,3,1d10+4,1d8+4,1.0,A
4550,40,15,8,4,1d10+4,1d6+4,40,14,7,4,1d10+4,1d8+4,3.0,A
4551,40,16,8,3,1d10+4,1d8+4,40,17,5,4,1d12+4,1d6+4,5.0,A
4552,40,15,5,3,1d8+4,1d8+4,40,15,8,3,1d12+4,1d8+4,5.0,B
4553,40,17,7,5,1d10+4,1d6+4,40,14,6,4,1d10+4,1d8+4,6.0,A
4554,40,16,6,5,1d12+4,1d6+4,40,14,5,5,1d8+4,1d8+4,5.0,B
4555,40,16,6,4,1d12+4,1d8+4,40,18,7,3,1d8+4,1d6+4,5.0,B
4556,40,15,5,5,1d12+4,1d6+4,40,14,7,3,1d10+4,1d8+4,0.0,B
4557,40,17,7,5,1d10+4,1d8+4,40,16,8,4,1d8+4,1d8+4,9.0,B
4558,40,15,8,3,1d12+4,1d8+4,40,18,7,4,1d10+4,1d8+4,9.0,A
4559,40,15,7,4,1d8+4,1d6+4,40,16,5,4,1d12+4,1d6+4,8.0,A
4560,40,17,8,4,1d8+4,1d6+4,40,18,7,3,1d8+4,1d8+4,9.0,B
4561,40,18,7,3,1d10+4,1d8+4,40,17,6,3,1d10+4,1d8+4,10.0,A
4562,40,16,8,3,1d12+4,1d8+4,40,15,8,4,1d12+4,1d6+4,0.0,A
4563,40,18,7,4,1d8+4,1d8+4,40,15,8,3,1d8+4,1d6+4,9.0,A
4564,40,14,7,4,1d12+4,1d8+4,40,17,7,4,1d10+4,1d6+4,10.0,A
4565,40,16,7,4,1d12+4,1d8+4,40,16,8,3,1d10+4,1d8+4,9.0,A
4566,40,15,7,3,1d12+4,1d6+4,40,15,7,3,1d8+4,1d6+4,4.0,B
4567,40,15,5,3,1d8+4,1d6+4,40,15,5,5,1d12+4,1d8+4,9.0,B
4568,40,18,8,4,1d8+4,1d8+4,40,15,8,3,1d12+4,1d6+4,0.0,A
4569,40,14,7,3,1d10+4,1d8+4,40,18,8,3,1d8+4,1d8+4,0.0,B
4570,40,16,6,3,1d10+4,1d6+4,40,14,5,4,1d10+4,1d6+4,2.0,A
4571,40,16,7,5,1d8+4,1d8+4,40,15,6,4,1d12+4,1d8+4,1.0,B
4572,40,16,7,4,1d12+4,1d8+4,40,18,5,5,1d12+4,1d8+4,2.0,A
4573,40,16,6,4,1d12+4,1d6+4,40,15,5,3,1d10+4,1d6+4,4.0,A
4574,40,17,6,4,1d10+4,1d6+4,40,18,6,5,1d10+4,1d8+4,0.0,A
4575,40,17,6,3,1d10+4,1d8+4,40,17,6,4,1d12+4,1d6+4,9.0,A
4576,40,18,5,4,1d12+4,1d6+4,40,16,8,5,1d10+4,1d6+4,9.0,A
4577,40,15,7,5,1d8+4,1d8+4,40,18,8,3,1d10+4,1d8+4,6.0,A
4578,40,17,7,5,1d8+4,1d6+4,40,17,8,4,1d10+4,1d6+4,9.0,B
4579,40,18,7,5,1d12+4,1d8+4,40,17,5,4,1d10+4,1d8+4,4.0,A
4580,40,14,7,5,1d8+4,1d6+4,40,17,6,5,1d8+4,1d8+4,0.0,A
4581,40,15,6,4,1d8+4,1d8+4,40,15,7,4,1d12+4,1d6+4,10.0,B
4582,40,18,7,4,1d8+4,1d6+4,40,15,7,3,1d10+4,1d6+4,6.0,A
4583,40,18,8,5,1d10+4,1d8+4,40,14,5,4,1d12+4,1d8+4,9.0,A
4584,40,14,8,4,1d12+4,1d8+4,40,14,8,5,1d8+4,1d8+4,2.0,A
4585,40,15,6,4,1d12+4,1d8+4,40,16,6,3,1d8+4,1d8+4,10.0,B
4586,40,18,5,3,1d12+4,1d8+4,40,14,5,4,1d10+4,1d8+4,6.0,A
4587,40,14,6,3,1d8+4,1d8+4,40,18,7,5,1d10+4,1d6+4,6.0,A
4588,40,15,8,4,1d12+4,1d6+4,40,16,7,5,1d8+4,1d6+4,8.0,B
4589,40,16,7,5,1d12+4,1d6+4,40,16,6,5,1d12+4,1d8+4,3.0,A
4590,40,17,8,3,1d12+4,1d8+4,40,17,7,4,1d8+4,1d6+4,5.0,B
4591,40,15,6,5,1d8+4,1d8+4,40,17,7,4,1d10+4,1d6+4,7.0,B
4592,40,14,5,4,1d10+4,1d6+4,40,15,8,4,1d8+4,1d6+4,0.0,A
4593,40,17,7,5,1d12+4,1d8+4,40,15,8,3,1d12+4,1d8+4,7.0,A
4594,40,17,7,3,1d10+4,1d8+4,40,14,6,4,1d8+4,1d8+4,0.0,A
4595,40,16,7,4,1d8+4,1d6+4,40,17,8,3,1d10+4,1d8+4,8.0,B
4596,40,15,8,5,1d10+4,1d6+4,40,18,7,5,1d8+4,1d8+4,9.0,A
4597,40,17,5,5,1d8+4,1d8+4,40,15,7,5,1d12+4,1d6+4,1.0,A
4598,40,18,6,3,1d8+4,1d8+4,40,17,8,5,1d8+4,1d8+4,4.0,A
4599,40,18,6,5,1d12+4,1d6+4,40,16,8,4,1d12+4,1d6+4,4.0,B
4600,40,16,6,3,1d12+4,1d6+4,40,15,6,4,1d12+4,1d6+4,8.0,A
4601,40,17,6,3,1d12+4,1d8+4,40,17,7,3,1d8+4,1d6+4,0.0,A
4602,40,15,5,4,1d12+4,1d8+4,40,16,8,3,1d10+4,1d8+4,5.0,B
4603,40,17,5,5,1d8+4,1d6+4,40,15,7,4,1d12+4,1d8+4,6.0,B
4604,40,15,6,5,1d8+4,1d6+4,40,14,8,3,1d8+4,1d6+4,5.0,B
4605,40,14,5,4,1d10+4,1d8+4,40,16,7,5,1d10+4,1d6+4,3.0,B
4606,40,16,6,4,1d8+4,1d6+4,40,15,5,5,1d12+4,1d6+4,7.0,B
4607,40,16,5,5,1d12+4,1d6+4,40,17,7,4,1d8+4,1d6+4,4.0,B
4608,40,16,5,3,1d12+4,1d8+4,40,15,6,5,1d8+4,1d8+4,1.0,A
4609,40,18,7,5,1d12+4,1d8+4,40,18,7,3,1d8+4,1d6+4,1.0,A
4610,40,14,8,5,1d10+4,1d8+4,40,16,5,5,1d12+4,1d8+4,4.0,B
4611,40,17,7,3,1d10+4,1d6+4,40,15,6,3,1d10+4,1d6+4,1.0,A
4612,40,16,6,4,1d8+4,1d8+4,40,16,7,3,1d10+4,1d6+4,10.0,B
4613,40,16,8,4,1d8+4,1d8+4,40,18,5,5,1d8+4,1d8+4,3.0,A
4614,40,14,6,4,1d10+4,1d8+4,40,18,6,4,1d12+4,1d6+4,10.0,A
4615,40,16,5,4,1d12+4,1d8+4,40,17,7,5,1d12+4,1d8+4,5.0,A
4616,40,14,7,4,1d10+4,1d6+4,40,18,8,5,1d8+4,1d6+4,7.0,A
4617,40,18,6,5,1d8+4,1d8+4,40,15,5,3,1d10+4,1d8+4,6.0,A
4618,40,14,6,4,1d10+4,1d8+4,40,14,7,3,1d8+4,1d8+4,7.0,A
4619,40,17,7,5,1d12+4,1d8+4,40,16,5,4,1d8+4,1d6+4,9.0,A
4620,40,16,8,4,1d12+4,1d8+4,40,14,7,4,1d8+4,1d8+4,10.0,A
4621,40,15,5,5,1d10+4,1d8+4,40,15,8,4,1d8+4,1d8+4,0.0,B
4622,40,18,5,3,1d10+4,1d8+4,40,17,8,4,1d10+4,1d6+4,5.0,B
4623,40,17,7,3,1d8+4,1d6+4,40,16,5,3,1d12+4,1d6+4,3.0,B
4624,40,17,8,4,1d12+4,1d6+4,40,18,5,3,1d8+4,1d6+4,10.0,B
4625,40,14,8,3,1d8+4,1d6+4,40,18,8,4,1d8+4,1d8+4,9.0,B
4626,40,18,5,3,1d10+4,1d6+4,40,18,8,4,1d10+4,1d6+4,10.0,B
4627,40,16,5,3,1d8+4,1d6+4,40,15,5,3,1d8+4,1d8+4,4.0,A
4628,40,18,6,4,1d10+4,1d6+4,40,18,5,3,1d8+4,1d6+4,8.0,A
4629,40,16,5,3,1d12+4,1d6+4,40,18,7,3,1d10+4,1d6+4,0.0,A
4630,40,14,8,3,1d8+4,1d8+4,40,18,7,3,1d10+4,1d6+4,6.0,A
4631,40,15,6,5,1d8+4,1d6+4,40,15,5,4,1d8+4,1d6+4,2.0,A
4632,40,16,5,5,1d8+4,1d6+4,40,15,6,3,1d12+4,1d8+4,4.0,A
4633,40,16,6,4,1d10+4,1d6+4,40,14,6,3,1d8+4,1d8+4,2.0,A
4634,40,18,8,4,1d10+4,1d6+4,40,16,6,3,1d8+4,1d8+4,9.0,A
4635,40,16,5,3,1d8+4,1d8+4,40,14,5,4,1d12+4,1d6+4,8.0,B
4636,40,15,8,5,1d8+4,1d6+4,40,18,7,5,1d12+4,1d8+4,9.0,B
4637,40,17,8,5,1d8+4,1d8+4,40,15,6,4,1d12+4,1d8+4,4.0,A
4638,40,15,6,5,1d8+4,1d6+4,40,16,7,5,1d8+4,1d6+4,10.0,B
4639,40,14,5,4,1d12+4,1d8+4,40,16,6,4,1d12+4,1d6+4,9.0,A
4640,40,14,6,3,1d12+4,1d6+4,40,14,8,4,1d10+4,1d8+4,7.0,B
4641,40,18,6,4,1d8+4,1d8+4,40,16,7,5,1d8+4,1d8+4,10.0,A
4642,40,16,5,4,1d10+4,1d8+4,40,17,8,4,1d12+4,1d8+4,6.0,A
4643,40,16,7,3,1d12+4,1d6+4,40,15,8,3,1d8+4,1d6+4,5.0,A
4644,40,17,8,5,1d10+4,1d6+4,40,18,6,5,1d8+4,1d8+4,4.0,A
4645,40,18,6,5,1d12+4,1d8+4,40,15,8,3,1d12+4,1d6+4,2.0,A
4646,40,14,8,5,1d8+4,1d6+4,40,15,8,3,1d12+4,1d8+4,8.0,B
4647,40,16,6,3,1d8+4,1d6+4,40,14,6,4,1d12+4,1d8+4,8.0,A
4648,40,17,7,3,1d10+4,1d6+4,40,15,6,5,1d10+4,1d8+4,4.0,A
4649,40,14,6,5,1d10+4,1d6+4,40,15,5,5,1d12+4,1d6+4,4.0,B
4650,40,14,5,5,1d8+4,1d6+4,40,14,8,4,1d8+4,1d6+4,4.0,B
4651,40,16,5,4,1d8+4,1d8+4,40,18,8,3,1d8+4,1d6+4,9.0,B
4652,40,18,6,3,1d10+4,1d6+4,40,17,7,3,1d8+4,1d6+4,0.0,A
4653,40,14,8,3,1d12+4,1d6+4,40,16,7,5,1d12+4,1d8+4,6.0,A
4654,40,17,7,4,1d10+4,1d8+4,40,16,6,4,1d8+4,1d6+4,0.0,A
4655,40,15,6,4,1d10+4,1d8+4,40,18,5,4,1d8+4,1d6+4,8.0,A
4656,40,18,8,5,1d8+4,1d8+4,40,15,6,4,1d10+4,1d6+4,2.0,B
4657,40,17,6,5,1d10+4,1d6+4,40,14,6,4,1d12+4,1d6+4,1.0,A
4658,40,18,8,4,1d8+4,1d6+4,40,17,8,5,1d12+4,1d6+4,3.0,B
4659,40,17,7,4,1d8+4,1d8+4,40,15,6,5,1d12+4,1d6+4,3.0,A
4660,40,16,7,4,1d8+4,1d8+4,40,14,6,4,1d10+4,1d6+4,4.0,B
4661,40,15,7,4,1d12+4,1d8+4,40,15,5,5,1d12+4,1d8+4,6.0,A
4662,40,17,6,4,1d12+4,1d6+4,40,16,6,5,1d10+4,1d6+4,4.0,B
4663,40,18,7,4,1d12+4,1d6+4,40,16,6,3,1d8+4,1d8+4,7.0,A
4664,40,18,6,3,1d12+4,1d6+4,40,18,8,5,1d12+4,1d8+4,10.0,A
4665,40,17,8,5,1d10+4,1d6+4,40,16,7,5,1d8+4,1d8+4,3.0,B
4666,40,17,6,3,1d10+4,1d8+4,40,16,6,3,1d12+4,1d6+4,6.0,A
4667,40,16,8,3,1d10+4,1d6+4,40,16,6,3,1d12+4,1d8+4,2.0,A
4668,40,17,7,5,1d12+4,1d8+4,40,18,8,5,1d12+4,1d6+4,1.0,A
4669,40,17,6,5,1d8+4,1d6+4,40,14,5,5,1d8+4,1d6+4,7.0,A
4670,40,18,6,5,1d10+4,1d8+4,40,18,5,3,1d12+4,1d8+4,0.0,A
4671,40,17,8,3,1d10+4,1d8+4,40,16,8,4,1d8+4,1d8+4,4.0,B
4672,40,18,5,3,1d12+4,1d8+4,40,17,8,3,1d8+4,1d6+4,0.0,A
4673,40,14,8,4,1d10+4,1d6+4,40,15,8,3,1d10+4,1d6+4,6.0,B
4674,40,15,7,4,1d8+4,1d8+4,40,16,6,4,1d12+4,1d8+4,1.0,A
4675,40,18,6,4,1d8+4,1d6+4,40,15,5,4,1d12+4,1d6+4,6.0,A
4676,40,17,8,4,1d10+4,1d6+4,40,14,7,4,1d8+4,1d8+4,10.0,B
4677,40,16,7,4,1d10+4,1d6+4,40,17,6,5,1d8+4,1d6+4,2.0,A
4678,40,14,7,3,1d8+4,1d8+4,40,18,7,4,1d12+4,1d6+4,7.0,B
4679,40,18,7,3,1d12+4,1d6+4,40,18,7,4,1d8+4,1d8+4,6.0,A
4680,40,15,6,5,1d8+4,1d8+4,40,17,5,5,1d8+4,1d8+4,4.0,B
4681,40,14,5,3,1d12+4,1d8+4,40,15,7,4,1d8+4,1d6+4,1.0,A
4682,40,14,6,3,1d12+4,1d8+4,40,16,6,3,1d10+4,1d6+4,4.0,B
4683,40,18,7,5,1d8+4,1d8+4,40,14,7,3,1d12+4,1d8+4,2.0,B
4684,40,17,5,3,1d12+4,1d8+4,40,15,8,5,1d12+4,1d6+4,5.0,A
4685,40,16,5,3,1d12+4,1d8+4,40,16,6,4,1d10+4,1d6+4,9.0,A
4686,40,16,5,5,1d8+4,1d6+4,40,18,8,4,1d10+4,1d6+4,10.0,B
4687,40,15,5,4,1d10+4,1d6+4,40,15,8,3,1d8+4,1d8+4,7.0,B
4688,40,17,7,3,1d12+4,1d6+4,40,15,8,4,1d12+4,1d6+4,2.0,B
4689,40,16,6,5,1d8+4,1d8+4,40,16,7,5,1d12+4,1d8+4,4.0,B
4690,40,14,6,5,1d12+4,1d6+4,40,17,6,3,1d12+4,1d6+4,1.0,B
4691,40,15,6,4,1d8+4,1d6+4,40,14,5,3,1d8+4,1d8+4,4.0,B
4692,40,17,5,4,1d8+4,1d6+4,40,15,5,4,1d8+4,1d6+4,0.0,A
4693,40,14,8,5,1d8+4,1d8+4,40,17,7,4,1d12+4,1d8+4,1.0,B
4694,40,17,7,4,1d12+4,1d8+4,40,14,6,3,1d12+4,1d6+4,9.0,A
4695,40,18,6,5,1d12+4,1d6+4,40,17,5,5,1d10+4,1d6+4,8.0,A
4696,40,15,7,3,1d8+4,1d6+4,40,17,5,4,1d8+4,1d8+4,5.0,A
4697,40,16,8,3,1d10+4,1d8+4,40,14,5,4,1d10+4,1d6+4,2.0,A
4698,40,17,5,3,1d12+4,1d6+4,40,16,8,4,1d10+4,1d6+4,3.0,B
4699,40,16,5,5,1d8+4,1d8+4,40,18,8,5,1d10+4,1d6+4,5.0,B
4700,40,14,7,3,1d12+4,1d6+4,40,17,8,4,1d12+4,1d8+4,4.0,B
4701,40,15,7,3,1d8+4,1d8+4,40,17,6,5,1d8+4,1d6+4,9.0,B
4702,40,15,6,5,1d8+4,1d8+4,40,16,5,5,1d12+4,1d6+4,5.0,B
4703,40,14,6,5,1d10+4,1d8+4,40,16,5,3,1d12+4,1d8+4,4.0,B
4704,40,15,8,3,1d12+4,1d8+4,40,15,7,4,1d10+4,1d8+4,2.0,A
4705,40,17,8,4,1d10+4,1d8+4,40,18,8,5,1d8+4,1d6+4,1.0,B
4706,40,17,6,3,1d10+4,1d8+4,40,14,7,5,1d12+4,1d6+4,7.0,A
4707,40,15,6,4,1d8+4,1d8+4,40,16,6,4,1d8+4,1d6+4,0.0,A
4708,40,16,5,4,1d8+4,1d8+4,40,14,8,4,1d8+4,1d6+4,5.0,B
4709,40,15,5,5,1d12+4,1d8+4,40,18,8,5,1d12+4,1d8+4,4.0,B
4710,40,16,5,3,1d10+4,1d8+4,40,15,7,3,1d10+4,1d6+4,5.0,A
4711,40,18,7,4,1d12+4,1d8+4,40,18,5,4,1d12+4,1d6+4,2.0,A
4712,40,18,5,3,1d8+4,1d6+4,40,15,6,5,1d8+4,1d6+4,0.0,A
4713,40,14,8,3,1d10+4,1d6+4,40,14,7,5,1d8+4,1d8+4,4.0,A
4714,40,14,8,5,1d10+4,1d6+4,40,15,8,4,1d10+4,1d8+4,1.0,A
4715,40,18,6,5,1d10+4,1d6+4,40,17,5,5,1d10+4,1d6+4,7.0,A
4716,40,18,8,5,1d10+4,1d6+4,40,14,5,4,1d10+4,1d6+4,10.0,B
4717,40,18,7,3,1d10+4,1d8+4,40,15,8,5,1d10+4,1d6+4,3.0,B
4718,40,14,8,3,1d10+4,1d6+4,40,18,7,5,1d8+4,1d6+4,3.0,B
4719,40,14,6,4,1d8+4,1d8+4,40,16,7,4,1d12+4,1d8+4,7.0,A
4720,40,16,7,4,1d8+4,1d6+4,40,17,6,5,1d12+4,1d6+4,10.0,A
4721,40,14,5,5,1d10+4,1d8+4,40,16,8,4,1d8+4,1d8+4,3.0,B
4722,40,18,6,5,1d10+4,1d8+4,40,17,8,4,1d12+4,1d6+4,5.0,B
4723,40,15,7,4,1d10+4,1d6+4,40,18,7,3,1d8+4,1d8+4,5.0,B
4724,40,14,7,4,1d10+4,1d6+4,40,16,6,4,1d8+4,1d8+4,7.0,A
4725,40,18,8,5,1d8+4,1d8+4,40,18,6,3,1d12+4,1d6+4,0.0,B
4726,40,18,6,5,1d10+4,1d6+4,40,17,7,3,1d8+4,1d8+4,1.0,B
4727,40,18,6,4,1d12+4,1d6+4,40,17,7,4,1d12+4,1d8+4,6.0,B
4728,40,17,8,5,1d8+4,1d8+4,40,15,5,3,1d12+4,1d8+4,0.0,A
4729,40,15,5,4,1d12+4,1d8+4,40,18,7,4,1d8+4,1d8+4,5.0,A
4730,40,15,8,5,1d10+4,1d6+4,40,17,5,3,1d10+4,1d6+4,6.0,A
4731,40,17,6,5,1d10+4,1d6+4,40,16,8,5,1d10+4,1d8+4,0.0,B
4732,40,14,8,5,1d12+4,1d6+4,40,16,7,5,1d12+4,1d6+4,5.0,B
4733,40,17,6,4,1d8+4,1d8+4,40,14,8,3,1d8+4,1d8+4,0.0,B
4734,40,17,7,3,1d10+4,1d8+4,40,15,8,4,1d8+4,1d6+4,7.0,B
4735,40,15,6,5,1d10+4,1d6+4,40,17,6,3,1d12+4,1d8+4,9.0,A
4736,40,16,7,5,1d12+4,1d8+4,40,18,6,5,1d8+4,1d8+4,8.0,A
4737,40,14,6,5,1d12+4,1d8+4,40,15,8,5,1d12+4,1d6+4,2.0,A
4738,40,18,6,3,1d10+4,1d8+4,40,17,8,3,1d12+4,1d8+4,1.0,A
4739,40,16,7,3,1d10+4,1d6+4,40,16,8,4,1d8+4,1d8+4,7.0,A
4740,40,17,5,3,1d10+4,1d6+4,40,18,6,3,1d8+4,1d8+4,9.0,A
4741,40,18,5,5,1d12+4,1d6+4,40,17,6,3,1d10+4,1d8+4,7.0,B
4742,40,16,6,3,1d8+4,1d6+4,40,16,7,4,1d10+4,1d8+4,8.0,B
4743,40,18,6,4,1d12+4,1d8+4,40,14,8,3,1d10+4,1d6+4,1.0,B
4744,40,15,6,4,1d10+4,1d6+4,40,15,5,3,1d10+4,1d6+4,3.0,B
4745,40,17,5,5,1d8+4,1d6+4,40,14,6,3,1d8+4,1d8+4,4.0,A
4746,40,16,8,4,1d10+4,1d8+4,40,15,6,5,1d12+4,1d8+4,0.0,A
4747,40,18,5,5,1d8+4,1d6+4,40,16,6,5,1d8+4,1d6+4,4.0,A
4748,40,14,5,4,1d12+4,1d6+4,40,17,6,3,1d8+4,1d8+4,9.0,A
4749,40,15,8,4,1d12+4,1d6+4,40,16,6,4,1d12+4,1d8+4,6.0,A
4750,40,17,5,5,1d8+4,1d6+4,40,14,5,5,1d8+4,1d8+4,6.0,B
4751,40,18,7,4,1d12+4,1d8+4,40,16,5,3,1d10+4,1d8+4,3.0,A
4752,40,15,6,3,1d8+4,1d6+4,40,14,7,3,1d8+4,1d6+4,0.0,B
4753,40,15,8,3,1d8+4,1d6+4,40,17,5,5,1d12+4,1d6+4,4.0,A
4754,40,14,5,4,1d10+4,1d6+4,40,17,6,4,1d12+4,1d6+4,10.0,A
4755,40,17,8,3,1d8+4,1d8+4,40,17,6,4,1d8+4,1d8+4,2.0,B
4756,40,14,5,4,1d8+4,1d8+4,40,17,6,3,1d12+4,1d8+4,0.0,B
4757,40,15,8,4,1d12+4,1d6+4,40,15,6,3,1d10+4,1d6+4,7.0,A
4758,40,15,5,3,1d8+4,1d6+4,40,17,8,5,1d12+4,1d6+4,8.0,B
4759,40,14,7,4,1d12+4,1d6+4,40,15,7,5,1d12+4,1d8+4,1.0,A
4760,40,15,8,4,1d10+4,1d8+4,40,18,8,5,1d12+4,1d8+4,10.0,B
4761,40,15,8,3,1d12+4,1d6+4,40,14,7,3,1d12+4,1d6+4,6.0,A
4762,40,14,7,4,1d12+4,1d8+4,40,15,6,3,1d12+4,1d8+4,1.0,B
4763,40,15,5,5,1d10+4,1d8+4,40,16,5,3,1d12+4,1d8+4,6.0,B
4764,40,17,6,5,1d8+4,1d8+4,40,14,6,4,1d10+4,1d8+4,2.0,A
4765,40,18,8,5,1d8+4,1d6+4,40,15,8,5,1d12+4,1d8+4,3.0,B
4766,40,14,6,5,1d8+4,1d6+4,40,18,7,3,1d12+4,1d8+4,3.0,B
4767,40,16,6,5,1d12+4,1d6+4,40,16,8,5,1d12+4,1d8+4,2.0,B
4768,40,14,6,5,1d12+4,1d8+4,40,17,7,4,1d10+4,1d6+4,7.0,A
4769,40,18,8,4,1d8+4,1d6+4,40,16,5,5,1d8+4,1d8+4,5.0,A
4770,40,15,6,3,1d10+4,1d8+4,40,17,7,4,1d12+4,1d6+4,7.0,B
4771,40,18,6,4,1d10+4,1d8+4,40,15,8,4,1d10+4,1d6+4,10.0,A
4772,40,17,7,4,1d10+4,1d8+4,40,16,6,5,1d12+4,1d6+4,4.0,A
4773,40,15,7,5,1d10+4,1d8+4,40,18,8,4,1d10+4,1d8+4,6.0,B
4774,40,17,7,3,1d8+4,1d8+4,40,16,5,4,1d8+4,1d8+4,1.0,B
4775,40,15,7,5,1d12+4,1d6+4,40,14,6,3,1d10+4,1d6+4,8.0,A
4776,40,14,5,4,1d12+4,1d6+4,40,18,6,3,1d8+4,1d8+4,1.0,B
4777,40,15,5,3,1d10+4,1d8+4,40,16,5,4,1d10+4,1d6+4,2.0,B
4778,40,14,8,3,1d10+4,1d6+4,40,18,7,4,1d10+4,1d8+4,10.0,B
4779,40,15,8,4,1d12+4,1d6+4,40,17,8,3,1d12+4,1d8+4,0.0,B
4780,40,16,5,4,1d8+4,1d6+4,40,16,5,5,1d8+4,1d8+4,7.0,B
4781,40,17,8,3,1d12+4,1d8+4,40,15,7,5,1d12+4,1d8+4,4.0,B
4782,40,15,8,3,1d8+4,1d8+4,40,18,8,5,1d12+4,1d6+4,6.0,B
4783,40,16,6,3,1d10+4,1d6+4,40,14,8,5,1d12+4,1d8+4,8.0,B
4784,40,15,5,4,1d12+4,1d8+4,40,17,7,3,1d8+4,1d6+4,8.0,A
4785,40,16,8,5,1d8+4,1d8+4,40,18,6,4,1d8+4,1d8+4,4.0,A
4786,40,14,7,5,1d10+4,1d6+4,40,16,8,5,1d12+4,1d8+4,3.0,B
4787,40,15,5,5,1d8+4,1d6+4,40,17,7,4,1d10+4,1d6+4,2.0,A
4788,40,16,6,5,1d12+4,1d6+4,40,18,5,3,1d10+4,1d8+4,9.0,B
4789,40,15,5,5,1d10+4,1d6+4,40,15,8,4,1d12+4,1d8+4,7.0,A
4790,40,17,7,3,1d12+4,1d8+4,40,15,8,3,1d12+4,1d6+4,4.0,A
4791,40,14,7,5,1d8+4,1d8+4,40,17,8,5,1d12+4,1d6+4,1.0,B
4792,40,15,6,5,1d8+4,1d8+4,40,15,8,3,1d8+4,1d6+4,4.0,A
4793,40,14,6,4,1d12+4,1d6+4,40,18,6,3,1d10+4,1d6+4,8.0,A
4794,40,14,7,5,1d10+4,1d6+4,40,14,5,4,1d12+4,1d6+4,6.0,A
4795,40,18,5,5,1d8+4,1d8+4,40,17,5,3,1d10+4,1d8+4,3.0,A
4796,40,17,7,3,1d8+4,1d8+4,40,17,7,4,1d10+4,1d8+4,8.0,A
4797,40,17,7,3,1d8+4,1d6+4,40,18,7,3,1d10+4,1d8+4,0.0,A
4798,40,18,6,5,1d12+4,1d6+4,40,18,8,5,1d12+4,1d6+4,2.0,B
4799,40,18,6,5,1d10+4,1d8+4,40,14,5,5,1d12+4,1d6+4,7.0,A
4800,40,16,7,3,1d12+4,1d6+4,40,15,7,5,1d10+4,1d8+4,5.0,B
4801,40,16,6,5,1d8+4,1d6+4,40,14,5,4,1d10+4,1d8+4,0.0,A
4802,40,14,5,4,1d8+4,1d6+4,40,15,5,4,1d8+4,1d8+4,1.0,A
4803,40,18,5,5,1d12+4,1d8+4,40,17,7,3,1d10+4,1d6+4,2.0,A
4804,40,18,8,3,1d12+4,1d8+4,40,17,5,4,1d8+4,1d6+4,4.0,A
4805,40,15,6,4,1d10+4,1d8+4,40,14,7,4,1d12+4,1d8+4,1.0,B
4806,40,16,8,3,1d8+4,1d8+4,40,15,6,4,1d12+4,1d6+4,10.0,B
4807,40,15,6,5,1d10+4,1d8+4,40,15,6,5,1d12+4,1d8+4,2.0,A
4808,40,15,6,4,1d8+4,1d6+4,40,14,8,3,1d8+4,1d6+4,2.0,A
4809,40,15,5,5,1d8+4,1d6+4,40,14,5,3,1d10+4,1d8+4,10.0,B
4810,40,14,7,5,1d10+4,1d6+4,40,16,8,3,1d12+4,1d6+4,1.0,B
4811,40,18,5,4,1d8+4,1d8+4,40,18,6,5,1d8+4,1d8+4,5.0,A
4812,40,14,8,5,1d8+4,1d8+4,40,18,7,5,1d10+4,1d8+4,6.0,A
4813,40,15,6,5,1d12+4,1d6+4,40,18,6,5,1d8+4,1d6+4,1.0,B
4814,40,14,5,5,1d12+4,1d8+4,40,14,6,5,1d10+4,1d6+4,2.0,A
4815,40,14,6,5,1d8+4,1d6+4,40,18,6,5,1d8+4,1d6+4,2.0,B
4816,40,14,6,5,1d10+4,1d6+4,40,14,5,4,1d10+4,1d8+4,1.0,A
4817,40,17,7,4,1d12+4,1d6+4,40,16,7,4,1d12+4,1d6+4,7.0,B
4818,40,14,5,5,1d8+4,1d8+4,40,15,7,3,1d8+4,1d8+4,10.0,B
4819,40,15,8,4,1d8+4,1d6+4,40,14,7,5,1d10+4,1d6+4,5.0,A
4820,40,17,8,5,1d10+4,1d6+4,40,17,7,4,1d8+4,1d8+4,6.0,A
4821,40,18,7,4,1d10+4,1d8+4,40,17,5,4,1d12+4,1d8+4,3.0,B
4822,40,17,8,3,1d12+4,1d8+4,40,15,6,4,1d12+4,1d6+4,9.0,A
4823,40,17,5,5,1d8+4,1d6+4,40,18,8,3,1d12+4,1d8+4,2.0,B
4824,40,16,7,4,1d12+4,1d6+4,40,17,8,3,1d12+4,1d6+4,9.0,A
4825,40,15,8,4,1d12+4,1d6+4,40,17,6,4,1d12+4,1d6+4,2.0,B
4826,40,15,8,5,1d12+4,1d6+4,40,15,5,5,1d10+4,1d8+4,4.0,A
4827,40,15,7,5,1d12+4,1d8+4,40,15,5,4,1d10+4,1d6+4,7.0,B
4828,40,15,5,3,1d8+4,1d6+4,40,14,7,3,1d10+4,1d6+4,10.0,A
4829,40,17,5,5,1d10+4,1d6+4,40,18,6,4,1d12+4,1d6+4,8.0,B
4830,40,14,8,3,1d8+4,1d6+4,40,18,6,3,1d12+4,1d6+4,0.0,A
4831,40,14,8,3,1d8+4,1d8+4,40,17,8,5,1d8+4,1d8+4,10.0,B
4832,40,14,5,5,1d10+4,1d8+4,40,14,8,3,1d12+4,1d6+4,7.0,B
4833,40,17,5,5,1d10+4,1d8+4,40,15,5,3,1d8+4,1d8+4,8.0,A
4834,40,18,7,3,1d10+4,1d6+4,40,16,8,4,1d10+4,1d8+4,0.0,A
4835,40,15,8,5,1d12+4,1d8+4,40,18,8,5,1d8+4,1d6+4,2.0,A
4836,40,18,8,4,1d8+4,1d8+4,40,17,8,4,1d8+4,1d8+4,3.0,A
4837,40,16,5,5,1d10+4,1d6+4,40,15,7,5,1d8+4,1d6+4,2.0,B
4838,40,14,8,5,1d8+4,1d6+4,40,14,7,4,1d8+4,1d6+4,5.0,B
4839,40,16,7,4,1d12+4,1d6+4,40,14,8,5,1d12+4,1d8+4,4.0,A
4840,40,15,6,3,1d8+4,1d8+4,40,15,6,5,1d8+4,1d8+4,1.0,B
4841,40,15,6,5,1d8+4,1d8+4,40,18,5,3,1d12+4,1d6+4,10.0,B
4842,40,18,6,3,1d12+4,1d8+4,40,14,6,5,1d12+4,1d6+4,0.0,A
4843,40,14,5,3,1d8+4,1d8+4,40,18,5,5,1d8+4,1d6+4,3.0,B
4844,40,17,5,5,1d8+4,1d6+4,40,18,7,3,1d8+4,1d6+4,5.0,B
4845,40,15,8,4,1d10+4,1d8+4,40,18,7,4,1d12+4,1d6+4,0.0,B
4846,40,14,5,3,1d12+4,1d6+4,40,17,5,5,1d8+4,1d6+4,8.0,B
4847,40,17,6,4,1d12+4,1d6+4,40,15,6,5,1d8+4,1d8+4,6.0,A
4848,40,14,5,4,1d8+4,1d6+4,40,14,6,3,1d8+4,1d6+4,7.0,A
4849,40,18,5,4,1d8+4,1d6+4,40,17,6,4,1d12+4,1d6+4,6.0,B
4850,40,16,6,5,1d12+4,1d6+4,40,18,7,5,1d10+4,1d6+4,8.0,B
4851,40,18,8,4,1d10+4,1d6+4,40,14,6,3,1d12+4,1d6+4,9.0,A
4852,40,14,7,3,1d8+4,1d6+4,40,15,6,4,1d12+4,1d6+4,8.0,B
4853,40,15,6,5,1d12+4,1d8+4,40,14,8,4,1d12+4,1d8+4,5.0,A
4854,40,14,6,3,1d12+4,1d8+4,40,14,6,5,1d10+4,1d8+4,4.0,A
4855,40,18,6,3,1d12+4,1d8+4,40,16,8,5,1d8+4,1d8+4,8.0,B
4856,40,16,6,4,1d8+4,1d8+4,40,17,7,3,1d8+4,1d8+4,8.0,B
4857,40,18,8,4,1d10+4,1d6+4,40,17,8,3,1d8+4,1d8+4,1.0,A
4858,40,15,8,3,1d10+4,1d6+4,40,15,7,4,1d10+4,1d8+4,4.0,B
4859,40,14,6,3,1d10+4,1d8+4,40,16,7,4,1d10+4,1d8+4,5.0,A
4860,40,17,5,4,1d10+4,1d8+4,40,16,7,3,1d12+4,1d8+4,3.0,B
4861,40,15,5,3,1d8+4,1d6+4,40,16,8,4,1d10+4,1d6+4,10.0,B
4862,40,14,5,5,1d12+4,1d8+4,40,14,7,5,1d8+4,1d8+4,9.0,B
4863,40,14,5,3,1d12+4,1d6+4,40,16,7,4,1d12+4,1d6+4,6.0,B
4864,40,14,5,5,1d10+4,1d8+4,40,18,8,5,1d10+4,1d8+4,4.0,B
4865,40,16,8,3,1d12+4,1d8+4,40,15,6,4,1d12+4,1d8+4,2.0,B
4866,40,16,8,3,1d8+4,1d6+4,40,16,5,4,1d10+4,1d8+4,0.0,A
4867,40,16,5,5,1d12+4,1d8+4,40,16,7,5,1d10+4,1d8+4,10.0,B
4868,40,15,5,5,1d10+4,1d6+4,40,15,7,4,1d10+4,1d6+4,7.0,B
4869,40,14,7,3,1d10+4,1d6+4,40,15,6,4,1d8+4,1d8+4,10.0,A
4870,40,15,5,4,1d10+4,1d8+4,40,15,5,3,1d12+4,1d8+4,5.0,A
4871,40,18,6,4,1d8+4,1d8+4,40,16,5,4,1d8+4,1d6+4,9.0,A
4872,40,18,5,4,1d10+4,1d8+4,40,15,5,5,1d8+4,1d8+4,1.0,B
4873,40,14,6,5,1d10+4,1d6+4,40,17,5,4,1d10+4,1d6+4,8.0,A
4874,40,18,8,4,1d8+4,1d6+4,40,17,5,4,1d12+4,1d6+4,5.0,B
4875,40,15,8,3,1d12+4,1d6+4,40,17,7,5,1d12+4,1d8+4,4.0,B
4876,40,14,8,5,1d10+4,1d8+4,40,18,7,4,1d10+4,1d8+4,2.0,A
4877,40,15,6,3,1d10+4,1d8+4,40,18,7,3,1d10+4,1d6+4,5.0,B
4878,40,18,5,5,1d8+4,1d8+4,40,17,8,4,1d10+4,1d6+4,4.0,A
4879,40,15,6,3,1d12+4,1d6+4,40,16,8,4,1d12+4,1d8+4,3.0,A
4880,40,14,5,5,1d10+4,1d8+4,40,16,8,5,1d12+4,1d8+4,3.0,B
4881,40,16,7,5,1d8+4,1d6+4,40,18,8,4,1d12+4,1d6+4,5.0,A
4882,40,18,6,3,1d12+4,1d6+4,40,16,8,3,1d12+4,1d6+4,3.0,A
4883,40,16,7,3,1d12+4,1d8+4,40,14,6,4,1d12+4,1d6+4,8.0,A
4884,40,15,5,3,1d8+4,1d6+4,40,17,6,3,1d12+4,1d6+4,1.0,A
4885,40,18,7,4,1d8+4,1d8+4,40,15,6,4,1d8+4,1d8+4,3.0,A
4886,40,17,7,3,1d12+4,1d8+4,40,16,6,4,1d12+4,1d8+4,8.0,B
4887,40,17,8,3,1d12+4,1d8+4,40,14,6,5,1d8+4,1d6+4,6.0,A
4888,40,18,8,3,1d10+4,1d6+4,40,18,8,5,1d8+4,1d6+4,3.0,A
4889,40,17,8,5,1d8+4,1d6+4,40,15,6,5,1d8+4,1d6+4,4.0,B
4890,40,14,6,4,1d8+4,1d8+4,40,17,8,5,1d10+4,1d6+4,3.0,B
4891,40,17,8,5,1d8+4,1d6+4,40,17,6,5,1d8+4,1d6+4,8.0,A
4892,40,17,5,4,1d10+4,1d6+4,40,18,7,5,1d10+4,1d8+4,3.0,A
4893,40,14,7,4,1d8+4,1d6+4,40,16,8,4,1d12+4,1d6+4,2.0,B
4894,40,14,8,5,1d8+4,1d8+4,40,14,7,3,1d10+4,1d6+4,0.0,A
4895,40,14,6,5,1d10+4,1d8+4,40,18,8,3,1d12+4,1d8+4,8.0,A
4896,40,15,6,4,1d8+4,1d6+4,40,16,8,4,1d8+4,1d8+4,7.0,A
4897,40,15,7,5,1d10+4,1d6+4,40,16,7,3,1d10+4,1d6+4,10.0,B
4898,40,16,7,4,1d8+4,1d6+4,40,14,8,4,1d12+4,1d6+4,2.0,B
4899,40,16,7,5,1d12+4,1d6+4,40,15,7,3,1d12+4,1d8+4,9.0,B
4900,40,18,7,3,1d12+4,1d8+4,40,16,7,3,1d10+4,1d6+4,8.0,B
4901,40,15,8,4,1d12+4,1d6+4,40,14,7,3,1d10+4,1d8+4,9.0,A
4902,40,18,5,4,1d12+4,1d8+4,40,16,6,4,1d8+4,1d8+4,4.0,A
4903,40,17,5,3,1d12+4,1d8+4,40,17,7,3,1d10+4,1d8+4,7.0,A
4904,40,17,6,4,1d10+4,1d6+4,40,18,7,3,1d10+4,1d8+4,5.0,B
4905,40,18,6,5,1d8+4,1d6+4,40,17,8,3,1d12+4,1d8+4,9.0,A
4906,40,14,7,3,1d12+4,1d6+4,40,15,6,3,1d10+4,1d8+4,3.0,A
4907,40,14,5,3,1d8+4,1d8+4,40,18,8,3,1d8+4,1d8+4,2.0,B
4908,40,15,8,5,1d10+4,1d6+4,40,14,7,4,1d8+4,1d6+4,3.0,B
4909,40,18,6,4,1d8+4,1d6+4,40,15,5,4,1d8+4,1d6+4,8.0,A
4910,40,17,7,5,1d12+4,1d8+4,40,16,5,3,1d10+4,1d6+4,7.0,B
4911,40,16,7,5,1d12+4,1d6+4,40,14,6,3,1d10+4,1d8+4,2.0,A
4912,40,15,7,4,1d10+4,1d8+4,40,15,5,3,1d8+4,1d8+4,6.0,A
4913,40,17,6,3,1d12+4,1d8+4,40,15,5,5,1d12+4,1d6+4,7.0,B
4914,40,18,8,3,1d8+4,1d8+4,40,16,6,5,1d12+4,1d8+4,8.0,B
4915,40,15,6,4,1d12+4,1d8+4,40,14,5,5,1d10+4,1d6+4,5.0,B
4916,40,16,7,4,1d10+4,1d6+4,40,16,5,3,1d8+4,1d8+4,8.0,A
4917,40,18,5,3,1d10+4,1d6+4,40,15,7,3,1d8+4,1d8+4,1.0,A
4918,40,16,6,4,1d10+4,1d8+4,40,16,6,3,1d8+4,1d6+4,10.0,A
4919,40,18,8,5,1d8+4,1d6+4,40,15,8,3,1d8+4,1d6+4,10.0,A
4920,40,18,7,5,1d10+4,1d6+4,40,15,7,5,1d10+4,1d6+4,0.0,A
4921,40,15,5,5,1d12+4,1d8+4,40,16,7,5,1d12+4,1d6+4,9.0,B
4922,40,14,5,3,1d12+4,1d8+4,40,14,5,5,1d10+4,1d6+4,1.0,B
4923,40,14,8,5,1d10+4,1d8+4,40,16,6,3,1d8+4,1d8+4,1.0,B
4924,40,14,5,3,1d8+4,1d6+4,40,15,6,5,1d10+4,1d6+4,7.0,B
4925,40,17,8,3,1d8+4,1d8+4,40,14,6,4,1d8+4,1d6+4,4.0,A
4926,40,17,6,3,1d10+4,1d8+4,40,18,7,4,1d8+4,1d6+4,6.0,A
4927,40,17,5,3,1d8+4,1d6+4,40,16,7,4,1d12+4,1d8+4,2.0,A
4928,40,17,6,3,1d12+4,1d8+4,40,14,8,4,1d12+4,1d6+4,0.0,B
4929,40,14,6,3,1d8+4,1d8+4,40,16,7,4,1d10+4,1d8+4,8.0,A
4930,40,16,7,3,1d10+4,1d6+4,40,17,8,3,1d12+4,1d8+4,9.0,B
4931,40,15,5,5,1d12+4,1d6+4,40,15,5,4,1d10+4,1d6+4,9.0,A
4932,40,17,7,5,1d10+4,1d6+4,40,18,8,5,1d8+4,1d8+4,4.0,A
4933,40,17,7,5,1d10+4,1d6+4,40,15,8,3,1d8+4,1d6+4,7.0,A
4934,40,14,5,5,1d12+4,1d6+4,40,14,5,5,1d12+4,1d8+4,1.0,A
4935,40,18,6,3,1d8+4,1d6+4,40,14,6,4,1d10+4,1d6+4,9.0,A
4936,40,14,8,3,1d12+4,1d8+4,40,14,7,3,1d8+4,1d6+4,2.0,A
4937,40,18,6,4,1d12+4,1d8+4,40,15,5,3,1d12+4,1d6+4,9.0,A
4938,40,16,8,4,1d10+4,1d6+4,40,16,5,3,1d12+4,1d6+4,3.0,A
4939,40,14,8,3,1d10+4,1d8+4,40,16,7,5,1d12+4,1d8+4,8.0,B
4940,40,14,5,5,1d8+4,1d6+4,40,18,8,5,1d8+4,1d6+4,9.0,B
4941,40,18,7,5,1d12+4,1d6+4,40,17,6,3,1d8+4,1d6+4,8.0,A
4942,40,14,6,4,1d8+4,1d8+4,40,17,7,4,1d10+4,1d8+4,2.0,A
4943,40,18,5,4,1d12+4,1d8+4,40,18,8,5,1d12+4,1d6+4,9.0,A
4944,40,15,7,3,1d8+4,1d8+4,40,17,6,4,1d8+4,1d6+4,9.0,A
4945,40,18,5,4,1d8+4,1d6+4,40,14,7,4,1d10+4,1d6+4,4.0,B
4946,40,15,7,5,1d12+4,1d6+4,40,15,7,3,1d12+4,1d6+4,3.0,A
4947,40,17,7,3,1d10+4,1d6+4,40,18,5,4,1d10+4,1d6+4,9.0,B
4948,40,15,7,4,1d12+4,1d8+4,40,17,6,5,1d10+4,1d8+4,5.0,B
4949,40,17,5,4,1d10+4,1d6+4,40,15,6,4,1d8+4,1d6+4,4.0,A
4950,40,18,7,5,1d10+4,1d8+4,40,16,8,5,1d10+4,1d8+4,8.0,A
4951,40,17,7,4,1d10+4,1d6+4,40,17,7,4,1d12+4,1d8+4,8.0,B
4952,40,18,8,4,1d12+4,1d6+4,40,15,6,3,1d8+4,1d6+4,10.0,A
4953,40,16,7,4,1d12+4,1d6+4,40,18,7,4,1d12+4,1d6+4,1.0,A
4954,40,15,8,5,1d8+4,1d8+4,40,15,5,3,1d12+4,1d6+4,1.0,A
4955,40,14,5,3,1d10+4,1d8+4,40,17,6,5,1d10+4,1d8+4,4.0,A
4956,40,16,5,4,1d12+4,1d8+4,40,16,5,3,1d8+4,1d8+4,7.0,A
4957,40,18,8,3,1d12+4,1d8+4,40,16,7,3,1d8+4,1d6+4,5.0,A
4958,40,16,5,4,1d10+4,1d8+4,40,15,5,3,1d12+4,1d8+4,2.0,B
4959,40,14,5,4,1d10+4,1d6+4,40,16,7,4,1d8+4,1d8+4,10.0,B
4960,40,15,7,3,1d12+4,1d6+4,40,18,6,5,1d8+4,1d6+4,8.0,B
4961,40,17,8,3,1d12+4,1d6+4,40,16,6,4,1d8+4,1d8+4,0.0,B
4962,40,14,6,4,1d8+4,1d8+4,40,14,5,3,1d12+4,1d8+4,2.0,A
4963,40,14,8,3,1d10+4,1d8+4,40,15,8,5,1d10+4,1d8+4,5.0,B
4964,40,15,5,5,1d8+4,1d8+4,40,16,8,5,1d10+4,1d8+4,5.0,B
4965,40,15,7,4,1d10+4,1d6+4,40,16,7,3,1d10+4,1d6+4,4.0,A
4966,40,16,6,4,1d10+4,1d8+4,40,14,8,3,1d8+4,1d8+4,8.0,A
4967,40,18,8,5,1d8+4,1d8+4,40,15,5,3,1d8+4,1d6+4,3.0,A
4968,40,15,6,5,1d10+4,1d6+4,40,18,7,3,1d12+4,1d6+4,0.0,B
4969,40,18,5,3,1d10+4,1d8+4,40,18,7,3,1d10+4,1d6+4,3.0,A
4970,40,14,5,3,1d12+4,1d6+4,40,16,5,5,1d8+4,1d8+4,10.0,B
4971,40,18,6,3,1d8+4,1d6+4,40,14,5,4,1d8+4,1d8+4,6.0,A
4972,40,15,6,4,1d10+4,1d8+4,40,18,8,4,1d12+4,1d6+4,1.0,B
4973,40,14,5,3,1d12+4,1d8+4,40,18,7,4,1d10+4,1d6+4,2.0,B
4974,40,14,5,5,1d8+4,1d8+4,40,15,5,5,1d10+4,1d8+4,8.0,A
4975,40,17,8,4,1d12+4,1d6+4,40,17,7,4,1d12+4,1d8+4,4.0,A
4976,40,16,6,5,1d8+4,1d6+4,40,15,7,5,1d10+4,1d8+4,2.0,A
4977,40,17,8,4,1d10+4,1d6+4,40,14,7,5,1d8+4,1d8+4,7.0,A
4978,40,15,6,4,1d12+4,1d6+4,40,14,7,4,1d12+4,1d8+4,8.0,A
4979,40,15,7,4,1d12+4,1d8+4,40,15,6,5,1d8+4,1d8+4,10.0,A
4980,40,15,7,5,1d12+4,1d8+4,40,16,7,5,1d8+4,1d6+4,10.0,A
4981,40,16,7,5,1d8+4,1d6+4,40,18,6,5,1d10+4,1d6+4,1.0,A
4982,40,16,6,5,1d10+4,1d8+4,40,18,8,3,1d8+4,1d6+4,5.0,A
4983,40,14,6,3,1d10+4,1d8+4,40,17,8,3,1d12+4,1d8+4,7.0,B
4984,40,16,6,3,1d12+4,1d6+4,40,18,7,5,1d12+4,1d6+4,4.0,B
4985,40,16,7,3,1d8+4,1d8+4,40,18,7,3,1d8+4,1d6+4,5.0,B
4986,40,16,6,3,1d10+4,1d6+4,40,16,6,3,1d10+4,1d8+4,0.0,A
4987,40,18,8,4,1d8+4,1d8+4,40,18,7,4,1d12+4,1d8+4,5.0,B
4988,40,15,7,4,1d12+4,1d8+4,40,18,6,3,1d12+4,1d6+4,6.0,B
4989,40,15,7,4,1d10+4,1d8+4,40,18,7,4,1d10+4,1d8+4,0.0,A
4990,40,16,6,4,1d12+4,1d6+4,40,15,8,4,1d8+4,1d6+4,9.0,A
4991,40,17,8,3,1d12+4,1d8+4,40,14,7,5,1d10+4,1d6+4,4.0,B
4992,40,17,7,3,1d10+4,1d6+4,40,16,6,5,1d8+4,1d8+4,6.0,A
4993,40,17,6,3,1d12+4,1d6+4,40,17,6,5,1d10+4,1d6+4,0.0,B
4994,40,17,7,3,1d10+4,1d6+4,40,17,8,5,1d10+4,1d6+4,9.0,A
4995,40,15,7,3,1d12+4,1d8+4,40,18,5,5,1d8+4,1d8+4,1.0,A
4996,40,18,8,5,1d8+4,1d8+4,40,18,5,3,1d8+4,1d6+4,9.0,A
4997,40,18,6,4,1d8+4,1d8+4,40,18,7,3,1d12+4,1d6+4,8.0,A
4998,40,15,7,5,1d12+4,1d8+4,40,14,7,3,1d12+4,1d6+4,5.0,A
4999,40,17,6,3,1d8+4,1d6+4,40,15,6,5,1d10+4,1d8+4,8.0,B
5000,40,17,6,5,1d12+4,1d6+4,40,18,8,3,1d12+4,1d6+4,1.0,B
5001,40,18,7,5,1d8+4,1d6+4,40,17,7,4,1d8+4,1d8+4,4.0,A
5002,40,14,7,4,1d10+4,1d8+4,40,17,5,5,1d12+4,1d8+4,8.0,A
5003,40,18,6,4,1d8+4,1d8+4,40,17,6,5,1d12+4,1d6+4,7.0,B
5004,40,15,5,3,1d10+4,1d8+4,40,17,7,3,1d8+4,1d6+4,7.0,B
5005,40,15,6,5,1d12+4,1d6+4,40,16,8,5,1d12+4,1d6+4,5.0,B
5006,40,18,8,5,1d12+4,1d6+4,40,18,8,5,1d8+4,1d8+4,8.0,A
5007,40,18,5,3,1d12+4,1d8+4,40,16,7,4,1d8+4,1d6+4,8.0,A
5008,40,15,8,3,1d12+4,1d8+4,40,17,5,5,1d8+4,1d6+4,1.0,B
5009,40,14,5,4,1d8+4,1d6+4,40,15,5,5,1d10+4,1d8+4,7.0,B
5010,40,17,6,3,1d8+4,1d8+4,40,17,5,4,1d12+4,1d6+4,0.0,A
5011,40,14,8,3,1d10+4,1d6+4,40,15,6,3,1d8+4,1d6+4,9.0,B
5012,40,17,5,3,1d8+4,1d8+4,40,15,6,3,1d8+4,1d8+4,3.0,B
5013,40,16,6,3,1d10+4,1d8+4,40,18,5,5,1d8+4,1d8+4,8.0,B
5014,40,16,7,3,1d10+4,1d8+4,40,15,7,5,1d10+4,1d8+4,8.0,B
5015,40,16,7,5,1d8+4,1d6+4,40,16,5,5,1d8+4,1d6+4,6.0,A
5016,40,14,8,5,1d10+4,1d8+4,40,16,7,5,1d8+4,1d8+4,8.0,B
5017,40,17,6,3,1d8+4,1d6+4,40,17,5,4,1d12+4,1d8+4,1.0,A
5018,40,16,8,3,1d12+4,1d6+4,40,16,7,3,1d10+4,1d8+4,10.0,A
5019,40,17,8,3,1d10+4,1d8+4,40,17,8,4,1d8+4,1d8+4,8.0,B
5020,40,15,5,3,1d12+4,1d8+4,40,18,5,4,1d12+4,1d6+4,9.0,B
5021,40,17,8,5,1d10+4,1d8+4,40,14,5,5,1d8+4,1d6+4,3.0,A
5022,40,18,7,3,1d12+4,1d6+4,40,14,5,5,1d10+4,1d6+4,6.0,A
5023,40,14,7,4,1d8+4,1d8+4,40,14,5,5,1d12+4,1d8+4,5.0,B
5024,40,18,5,3,1d10+4,1d8+4,40,17,8,5,1d10+4,1d8+4,3.0,A
5025,40,15,7,3,1d8+4,1d6+4,40,16,8,4,1d12+4,1d6+4,6.0,A
5026,40,16,5,5,1d12+4,1d8+4,40,16,6,5,1d8+4,1d8+4,10.0,B
5027,40,14,5,5,1d8+4,1d8+4,40,15,6,4,1d8+4,1d6+4,2.0,A
5028,40,18,6,3,1d8+4,1d8+4,40,16,8,4,1d10+4,1d8+4,10.0,B
5029,40,16,8,5,1d8+4,1d6+4,40,15,5,5,1d8+4,1d6+4,8.0,B
5030,40,16,7,3,1d12+4,1d8+4,40,14,6,4,1d10+4,1d6+4,0.0,A
5031,40,16,6,5,1d10+4,1d8+4,40,14,5,5,1d8+4,1d6+4,4.0,A
5032,40,17,6,3,1d10+4,1d6+4,40,18,5,3,1d12+4,1d8+4,7.0,A
5033,40,18,5,4,1d8+4,1d8+4,40,18,6,4,1d8+4,1d6+4,2.0,B
5034,40,15,6,3,1d8+4,1d8+4,40,18,5,5,1d12+4,1d8+4,3.0,B
5035,40,14,5,4,1d12+4,1d6+4,40,16,5,4,1d8+4,1d8+4,3.0,A
5036,40,17,8,5,1d10+4,1d8+4,40,14,6,5,1d12+4,1d6+4,8.0,A
5037,40,16,6,5,1d12+4,1d8+4,40,14,6,5,1d12+4,1d6+4,2.0,A
5038,40,17,6,4,1d10+4,1d8+4,40,18,6,4,1d8+4,1d8+4,10.0,B
5039,40,15,6,4,1d12+4,1d8+4,40,17,6,4,1d10+4,1d8+4,4.0,A
5040,40,14,5,3,1d12+4,1d8+4,40,16,8,5,1d8+4,1d6+4,8.0,A
5041,40,15,6,4,1d10+4,1d6+4,40,15,8,3,1d10+4,1d6+4,6.0,B
5042,40,15,7,3,1d12+4,1d6+4,40,14,7,4,1d12+4,1d6+4,7.0,B
5043,40,14,5,5,1d8+4,1d6+4,40,18,5,3,1d8+4,1d6+4,7.0,B
5044,40,17,8,4,1d8+4,1d6+4,40,17,8,5,1d8+4,1d8+4,9.0,B
5045,40,17,8,4,1d10+4,1d8+4,40,16,8,3,1d10+4,1d6+4,5.0,A
5046,40,15,5,4,1d10+4,1d8+4,40,16,8,4,1d12+4,1d8+4,1.0,B
5047,40,18,5,3,1d10+4,1d6+4,40,18,6,3,1d12+4,1d6+4,7.0,A
5048,40,16,5,4,1d8+4,1d6+4,40,14,6,5,1d10+4,1d6+4,10.0,A
5049,40,14,7,5,1d8+4,1d8+4,40,15,5,3,1d12+4,1d6+4,10.0,A
5050,40,16,7,5,1d10+4,1d8+4,40,18,7,5,1d8+4,1d6+4,1.0,A
5051,40,14,8,4,1d12+4,1d6+4,40,14,7,4,1d12+4,1d6+4,9.0,A
5052,40,17,8,4,1d10+4,1d8+4,40,18,7,5,1d12+4,1d6+4,2.0,A
5053,40,15,7,5,1d12+4,1d8+4,40,18,7,3,1d10+4,1d6+4,1.0,A
5054,40,16,5,5,1d8+4,1d6+4,40,14,7,3,1d12+4,1d8+4,5.0,A
5055,40,18,5,4,1d12+4,1d6+4,40,15,7,4,1d12+4,1d8+4,4.0,B
5056,40,18,7,5,1d8+4,1d6+4,40,14,8,5,1d8+4,1d6+4,3.0,A
5057,40,16,8,4,1d8+4,1d8+4,40,17,5,5,1d10+4,1d6+4,4.0,A
5058,40,15,5,4,1d12+4,1d8+4,40,15,5,3,1d10+4,1d6+4,2.0,B
5059,40,17,5,4,1d12+4,1d8+4,40,15,5,5,1d8+4,1d8+4,6.0,B
5060,40,14,6,5,1d10+4,1d6+4,40,16,7,5,1d8+4,1d6+4,2.0,A
5061,40,18,7,4,1d10+4,1d8+4,40,16,7,3,1d8+4,1d8+4,1.0,A
5062,40,14,8,4,1d10+4,1d8+4,40,14,8,4,1d10+4,1d6+4,5.0,A
5063,40,15,5,4,1d10+4,1d6+4,40,14,7,5,1d12+4,1d8+4,2.0,B
5064,40,17,7,5,1d10+4,1d8+4,40,14,7,5,1d12+4,1d8+4,9.0,A
5065,40,16,5,3,1d12+4,1d6+4,40,18,7,3,1d8+4,1d6+4,5.0,A
5066,40,14,6,4,1d12+4,1d8+4,40,17,5,5,1d10+4,1d6+4,8.0,B
5067,40,15,5,5,1d10+4,1d6+4,40,14,8,3,1d12+4,1d6+4,8.0,B
5068,40,14,8,4,1d10+4,1d8+4,40,14,5,4,1d8+4,1d8+4,9.0,A
5069,40,14,8,3,1d10+4,1d8+4,40,18,5,4,1d12+4,1d6+4,6.0,B
5070,40,14,7,3,1d10+4,1d8+4,40,16,8,4,1d10+4,1d8+4,6.0,B
5071,40,17,5,4,1d8+4,1d6+4,40,15,5,4,1d12+4,1d8+4,8.0,B
5072,40,14,8,3,1d8+4,1d6+4,40,16,5,5,1d12+4,1d8+4,9.0,B
5073,40,18,8,4,1d8+4,1d6+4,40,17,6,5,1d12+4,1d6+4,6.0,B
5074,40,18,8,4,1d10+4,1d6+4,40,16,6,4,1d8+4,1d6+4,7.0,A
5075,40,14,7,4,1d12+4,1d8+4,40,16,7,3,1d8+4,1d8+4,5.0,A
5076,40,17,6,5,1d8+4,1d8+4,40,16,7,4,1d8+4,1d8+4,5.0,B
5077,40,17,6,4,1d12+4,1d6+4,40,15,7,5,1d8+4,1d6+4,0.0,B
5078,40,16,7,5,1d12+4,1d8+4,40,15,8,5,1d12+4,1d8+4,1.0,B
5079,40,14,6,5,1d8+4,1d8+4,40,14,6,5,1d12+4,1d6+4,5.0,B
5080,40,16,8,5,1d10+4,1d8+4,40,18,7,5,1d10+4,1d6+4,4.0,B
5081,40,18,7,5,1d8+4,1d6+4,40,18,5,5,1d8+4,1d8+4,3.0,A
5082,40,18,5,5,1d8+4,1d6+4,40,14,6,3,1d10+4,1d8+4,5.0,A
5083,40,17,8,3,1d10+4,1d8+4,40,16,5,5,1d8+4,1d6+4,2.0,B
5084,40,16,6,5,1d8+4,1d6+4,40,17,6,5,1d12+4,1d8+4,0.0,A
5085,40,14,6,5,1d12+4,1d8+4,40,17,6,4,1d12+4,1d6+4,4.0,A
5086,40,17,8,3,1d8+4,1d6+4,40,14,7,5,1d10+4,1d8+4,2.0,A
5087,40,16,5,5,1d8+4,1d8+4,40,16,8,4,1d10+4,1d6+4,9.0,A
5088,40,17,5,5,1d8+4,1d8+4,40,18,6,3,1d12+4,1d8+4,8.0,B
5089,40,16,8,5,1d10+4,1d6+4,40,17,5,5,1d10+4,1d6+4,8.0,B
5090,40,17,6,5,1d12+4,1d6+4,40,17,8,3,1d8+4,1d6+4,4.0,B
5091,40,16,6,4,1d8+4,1d8+4,40,17,6,3,1d10+4,1d8+4,4.0,A
5092,40,16,6,3,1d8+4,1d8+4,40,14,7,5,1d8+4,1d6+4,10.0,B
5093,40,17,6,5,1d10+4,1d8+4,40,18,5,4,1d12+4,1d8+4,4.0,A
5094,40,14,6,4,1d10+4,1d6+4,40,18,7,4,1d8+4,1d8+4,6.0,A
5095,40,14,7,3,1d8+4,1d8+4,40,17,5,5,1d8+4,1d6+4,0.0,B
5096,40,17,8,4,1d10+4,1d6+4,40,15,6,3,1d8+4,1d8+4,10.0,B
5097,40,16,7,5,1d8+4,1d6+4,40,15,5,3,1d12+4,1d6+4,0.0,B
5098,40,16,8,4,1d8+4,1d8+4,40,14,7,4,1d10+4,1d8+4,9.0,A
5099,40,17,7,3,1d12+4,1d6+4,40,17,6,3,1d10+4,1d6+4,0.0,A
5100,40,15,5,3,1d8+4,1d6+4,40,16,5,4,1d10+4,1d6+4,1.0,B
5101,40,17,5,3,1d8+4,1d8+4,40,15,7,5,1d12+4,1d8+4,3.0,B
5102,40,14,7,3,1d12+4,1d6+4,40,14,8,3,1d12+4,1d6+4,6.0,A
5103,40,17,6,3,1d8+4,1d8+4,40,17,7,4,1d8+4,1d6+4,7.0,A
5104,40,14,7,4,1d8+4,1d8+4,40,15,5,5,1d10+4,1d8+4,1.0,A
5105,40,17,5,3,1d10+4,1d6+4,40,18,6,5,1d12+4,1d8+4,3.0,A
5106,40,18,7,4,1d10+4,1d8+4,40,17,8,3,1d12+4,1d8+4,1.0,A
5107,40,16,8,4,1d10+4,1d8+4,40,16,7,3,1d12+4,1d8+4,5.0,B
5108,40,14,7,4,1d8+4,1d6+4,40,17,6,3,1d10+4,1d6+4,2.0,B
5109,40,14,6,5,1d12+4,1d8+4,40,14,7,4,1d12+4,1d8+4,5.0,A
5110,40,16,5,3,1d8+4,1d8+4,40,18,8,3,1d8+4,1d6+4,9.0,B
5111,40,18,7,4,1d8+4,1d8+4,40,15,5,4,1d8+4,1d6+4,6.0,A
5112,40,18,8,4,1d10+4,1d8+4,40,17,6,3,1d8+4,1d6+4,1.0,A
5113,40,17,7,3,1d10+4,1d8+4,40,15,7,4,1d8+4,1d6+4,5.0,A
5114,40,17,7,4,1d12+4,1d8+4,40,18,7,4,1d12+4,1d8+4,5.0,A
5115,40,16,6,5,1d12+4,1d6+4,40,14,5,5,1d8+4,1d8+4,0.0,A
5116,40,15,7,5,1d8+4,1d8+4,40,16,6,4,1d10+4,1d8+4,9.0,A
5117,40,16,5,4,1d12+4,1d8+4,40,18,8,5,1d12+4,1d6+4,3.0,A
5118,40,14,6,4,1d10+4,1d6+4,40,17,7,5,1d12+4,1d6+4,1.0,B
5119,40,16,8,5,1d12+4,1d6+4,40,18,8,4,1d8+4,1d6+4,1.0,A
5120,40,18,5,4,1d12+4,1d6+4,40,18,7,3,1d8+4,1d8+4,1.0,A
5121,40,18,5,5,1d10+4,1d8+4,40,16,5,3,1d10+4,1d6+4,9.0,A
5122,40,16,7,5,1d12+4,1d8+4,40,14,6,3,1d10+4,1d6+4,4.0,A
5123,40,18,6,4,1d10+4,1d8+4,40,18,6,5,1d12+4,1d8+4,6.0,B
5124,40,18,6,5,1d10+4,1d6+4,40,15,5,3,1d8+4,1d8+4,4.0,A
5125,40,14,6,5,1d10+4,1d6+4,40,17,7,4,1d10+4,1d8+4,5.0,B
5126,40,15,7,5,1d12+4,1d6+4,40,15,7,4,1d8+4,1d8+4,3.0,A
5127,40,18,5,5,1d10+4,1d6+4,40,14,5,4,1d8+4,1d8+4,6.0,A
5128,40,18,8,4,1d10+4,1d6+4,40,15,6,5,1d12+4,1d6+4,10.0,A
5129,40,18,5,3,1d10+4,1d8+4,40,14,7,5,1d10+4,1d6+4,6.0,A
5130,40,16,8,4,1d12+4,1d6+4,40,17,8,3,1d12+4,1d6+4,9.0,A
5131,40,15,7,4,1d8+4,1d8+4,40,18,6,5,1d12+4,1d8+4,0.0,B
5132,40,18,6,4,1d8+4,1d8+4,40,18,6,3,1d8+4,1d6+4,2.0,B
5133,40,14,5,4,1d12+4,1d6+4,40,18,5,3,1d12+4,1d6+4,10.0,B
5134,40,14,8,4,1d8+4,1d6+4,40,15,8,5,1d10+4,1d8+4,1.0,A
5135,40,16,7,4,1d8+4,1d6+4,40,18,5,5,1d8+4,1d8+4,0.0,A
5136,40,14,5,3,1d12+4,1d6+4,40,16,7,4,1d10+4,1d8+4,5.0,A
5137,40,15,6,4,1d10+4,1d6+4,40,14,7,4,1d8+4,1d8+4,2.0,B
5138,40,16,5,5,1d10+4,1d8+4,40,17,6,4,1d10+4,1d6+4,8.0,A
5139,40,17,8,5,1d10+4,1d6+4,40,18,7,5,1d12+4,1d6+4,8.0,B
5140,40,16,6,3,1d12+4,1d6+4,40,16,7,5,1d10+4,1d8+4,3.0,B
5141,40,17,5,4,1d12+4,1d8+4,40,15,6,5,1d8+4,1d6+4,5.0,A
5142,40,16,8,5,1d8+4,1d6+4,40,16,5,3,1d12+4,1d8+4,4.0,A
5143,40,16,5,4,1d12+4,1d8+4,40,14,7,3,1d8+4,1d8+4,4.0,B
5144,40,15,7,5,1d8+4,1d6+4,40,14,6,4,1d8+4,1d8+4,3.0,A
5145,40,17,8,4,1d10+4,1d8+4,40,16,8,5,1d12+4,1d8+4,3.0,A
5146,40,16,5,3,1d10+4,1d6+4,40,14,7,5,1d12+4,1d8+4,8.0,A
5147,40,17,5,3,1d10+4,1d6+4,40,15,5,5,1d12+4,1d6+4,7.0,A
5148,40,18,5,3,1d8+4,1d8+4,40,15,5,5,1d8+4,1d6+4,8.0,B
5149,40,18,5,4,1d8+4,1d6+4,40,18,8,4,1d8+4,1d6+4,0.0,A
5150,40,18,8,5,1d12+4,1d8+4,40,15,5,3,1d10+4,1d8+4,10.0,A
5151,40,18,6,4,1d10+4,1d8+4,40,16,8,5,1d12+4,1d8+4,1.0,A
5152,40,14,6,3,1d8+4,1d8+4,40,17,7,3,1d10+4,1d8+4,8.0,A
5153,40,18,7,5,1d10+4,1d6+4,40,17,5,4,1d8+4,1d6+4,10.0,A
5154,40,14,6,4,1d8+4,1d6+4,40,14,7,5,1d10+4,1d6+4,1.0,B
5155,40,14,7,4,1d8+4,1d8+4,40,15,6,4,1d8+4,1d6+4,4.0,A
5156,40,15,8,4,1d10+4,1d8+4,40,16,5,4,1d8+4,1d6+4,6.0,A
5157,40,16,8,5,1d12+4,1d6+4,40,15,6,3,1d12+4,1d6+4,2.0,B
5158,40,16,8,3,1d12+4,1d8+4,40,15,8,4,1d12+4,1d6+4,5.0,B
5159,40,16,7,3,1d8+4,1d6+4,40,15,8,5,1d12+4,1d6+4,4.0,A
5160,40,16,6,4,1d8+4,1d8+4,40,17,8,4,1d8+4,1d6+4,0.0,A
5161,40,16,5,4,1d12+4,1d8+4,40,17,6,4,1d10+4,1d8+4,8.0,B
5162,40,16,7,5,1d8+4,1d8+4,40,15,5,3,1d12+4,1d8+4,10.0,B
5163,40,16,6,5,1d10+4,1d8+4,40,16,8,5,1d12+4,1d8+4,0.0,B
5164,40,15,7,3,1d12+4,1d8+4,40,16,8,5,1d10+4,1d6+4,3.0,A
5165,40,15,6,3,1d12+4,1d6+4,40,16,6,3,1d10+4,1d6+4,3.0,A
5166,40,18,6,5,1d8+4,1d8+4,40,16,7,4,1d8+4,1d8+4,10.0,B
5167,40,17,6,4,1d10+4,1d6+4,40,16,6,5,1d10+4,1d8+4,3.0,A
5168,40,17,8,5,1d10+4,1d8+4,40,17,6,4,1d10+4,1d8+4,2.0,A
5169,40,16,8,3,1d10+4,1d6+4,40,15,5,3,1d12+4,1d6+4,3.0,A
5170,40,17,6,5,1d10+4,1d6+4,40,18,5,4,1d10+4,1d8+4,9.0,B
5171,40,17,6,3,1d10+4,1d8+4,40,14,7,5,1d10+4,1d6+4,8.0,B
5172,40,18,8,3,1d10+4,1d8+4,40,16,8,4,1d10+4,1d6+4,4.0,A
5173,40,18,6,5,1d10+4,1d6+4,40,17,6,4,1d10+4,1d6+4,6.0,B
5174,40,15,5,3,1d10+4,1d8+4,40,15,5,3,1d8+4,1d6+4,4.0,A
5175,40,17,7,4,1d10+4,1d6+4,40,15,6,4,1d12+4,1d8+4,8.0,B
5176,40,16,5,5,1d10+4,1d6+4,40,18,5,4,1d10+4,1d8+4,6.0,B
5177,40,17,5,4,1d8+4,1d8+4,40,16,7,3,1d8+4,1d6+4,4.0,A
5178,40,15,6,3,1d8+4,1d8+4,40,15,7,4,1d10+4,1d6+4,2.0,A
5179,40,18,6,4,1d8+4,1d8+4,40,14,6,3,1d8+4,1d6+4,10.0,A
5180,40,18,7,3,1d12+4,1d8+4,40,18,6,5,1d8+4,1d6+4,7.0,A
5181,40,15,5,5,1d12+4,1d8+4,40,15,7,3,1d8+4,1d6+4,2.0,A
5182,40,16,7,4,1d10+4,1d6+4,40,15,8,3,1d10+4,1d6+4,8.0,B
5183,40,14,7,3,1d10+4,1d6+4,40,14,5,4,1d8+4,1d6+4,5.0,A
5184,40,14,6,5,1d8+4,1d6+4,40,18,5,5,1d10+4,1d6+4,5.0,A
5185,40,17,8,3,1d12+4,1d6+4,40,17,7,5,1d10+4,1d8+4,0.0,B
5186,40,16,5,3,1d10+4,1d8+4,40,16,8,4,1d8+4,1d8+4,2.0,B
5187,40,15,6,4,1d10+4,1d6+4,40,18,8,4,1d12+4,1d8+4,5.0,A
5188,40,15,8,4,1d12+4,1d8+4,40,14,6,3,1d10+4,1d6+4,6.0,A
5189,40,17,8,3,1d10+4,1d6+4,40,17,8,4,1d10+4,1d8+4,9.0,A
5190,40,14,7,3,1d12+4,1d8+4,40,18,5,3,1d10+4,1d6+4,1.0,B
5191,40,18,5,5,1d8+4,1d8+4,40,16,8,4,1d10+4,1d6+4,3.0,A
5192,40,17,5,3,1d8+4,1d6+4,40,18,6,4,1d10+4,1d8+4,2.0,B
5193,40,16,8,4,1d10+4,1d8+4,40,18,7,3,1d8+4,1d8+4,2.0,B
5194,40,15,8,3,1d8+4,1d8+4,40,18,7,3,1d12+4,1d8+4,4.0,B
5195,40,18,8,4,1d12+4,1d6+4,40,14,8,5,1d8+4,1d6+4,7.0,B
5196,40,15,6,4,1d8+4,1d6+4,40,17,5,5,1d12+4,1d8+4,7.0,A
5197,40,14,5,4,1d10+4,1d6+4,40,16,7,4,1d12+4,1d8+4,4.0,A
5198,40,14,8,5,1d12+4,1d8+4,40,17,7,3,1d10+4,1d6+4,7.0,B
5199,40,16,5,3,1d10+4,1d8+4,40,18,5,4,1d8+4,1d8+4,4.0,A
5200,40,15,8,4,1d8+4,1d6+4,40,14,7,4,1d12+4,1d8+4,0.0,A
5201,40,14,8,5,1d10+4,1d8+4,40,18,5,3,1d12+4,1d8+4,0.0,A
5202,40,14,7,5,1d10+4,1d6+4,40,18,7,5,1d12+4,1d6+4,4.0,A
5203,40,15,5,4,1d8+4,1d6+4,40,14,5,5,1d10+4,1d6+4,0.0,A
5204,40,16,8,4,1d10+4,1d8+4,40,18,8,5,1d12+4,1d6+4,8.0,B
5205,40,17,7,4,1d10+4,1d6+4,40,15,7,5,1d10+4,1d8+4,1.0,A
5206,40,16,7,3,1d12+4,1d8+4,40,18,5,5,1d10+4,1d6+4,10.0,B
5207,40,16,7,3,1d10+4,1d6+4,40,18,7,4,1d12+4,1d8+4,10.0,B
5208,40,16,6,3,1d10+4,1d8+4,40,17,8,4,1d12+4,1d8+4,3.0,B
5209,40,15,6,4,1d8+4,1d6+4,40,17,6,5,1d10+4,1d6+4,5.0,B
5210,40,16,7,4,1d12+4,1d8+4,40,18,7,3,1d10+4,1d6+4,1.0,B
5211,40,15,7,3,1d10+4,1d6+4,40,16,7,3,1d10+4,1d6+4,3.0,B
5212,40,18,5,3,1d12+4,1d6+4,40,14,7,3,1d8+4,1d6+4,5.0,A
5213,40,15,6,4,1d12+4,1d6+4,40,15,8,5,1d12+4,1d6+4,1.0,A
5214,40,14,8,5,1d10+4,1d6+4,40,17,7,3,1d10+4,1d6+4,1.0,A
5215,40,16,8,5,1d8+4,1d6+4,40,18,7,3,1d12+4,1d8+4,6.0,B
5216,40,17,8,3,1d8+4,1d8+4,40,18,5,4,1d10+4,1d8+4,0.0,A
5217,40,14,7,4,1d10+4,1d8+4,40,18,8,4,1d10+4,1d8+4,9.0,B
5218,40,15,8,4,1d8+4,1d8+4,40,17,5,5,1d10+4,1d8+4,5.0,B
5219,40,14,5,3,1d10+4,1d8+4,40,14,8,5,1d10+4,1d6+4,4.0,A
5220,40,16,8,3,1d12+4,1d8+4,40,16,7,4,1d12+4,1d8+4,9.0,A
5221,40,18,5,3,1d8+4,1d6+4,40,15,5,5,1d12+4,1d6+4,3.0,B
5222,40,14,8,3,1d8+4,1d6+4,40,18,5,4,1d10+4,1d6+4,9.0,A
5223,40,17,8,4,1d10+4,1d6+4,40,18,7,5,1d10+4,1d6+4,3.0,A
5224,40,15,6,4,1d8+4,1d6+4,40,14,7,3,1d10+4,1d6+4,7.0,B
5225,40,17,5,5,1d10+4,1d8+4,40,15,5,4,1d8+4,1d8+4,6.0,A
5226,40,17,5,3,1d10+4,1d8+4,40,15,8,5,1d12+4,1d8+4,1.0,A
5227,40,15,5,4,1d12+4,1d8+4,40,14,7,4,1d12+4,1d8+4,4.0,B
5228,40,17,6,4,1d8+4,1d8+4,40,18,8,3,1d12+4,1d8+4,2.0,B
5229,40,17,5,4,1d10+4,1d8+4,40,15,5,5,1d8+4,1d8+4,8.0,A
5230,40,18,8,3,1d10+4,1d6+4,40,18,6,5,1d12+4,1d8+4,7.0,B
5231,40,16,6,5,1d12+4,1d8+4,40,16,5,3,1d8+4,1d8+4,8.0,B
5232,40,16,6,3,1d8+4,1d6+4,40,16,7,3,1d12+4,1d8+4,7.0,A
5233,40,15,8,3,1d10+4,1d8+4,40,15,5,5,1d8+4,1d6+4,6.0,A
5234,40,18,6,4,1d10+4,1d6+4,40,17,6,5,1d8+4,1d8+4,6.0,A
5235,40,16,6,5,1d8+4,1d8+4,40,16,8,4,1d8+4,1d8+4,1.0,B
5236,40,18,7,3,1d10+4,1d6+4,40,16,7,4,1d10+4,1d6+4,7.0,A
5237,40,17,5,3,1d10+4,1d6+4,40,15,6,4,1d10+4,1d6+4,10.0,A
5238,40,16,7,4,1d8+4,1d6+4,40,14,6,5,1d12+4,1d6+4,7.0,A
5239,40,15,5,4,1d12+4,1d6+4,40,14,5,4,1d8+4,1d8+4,8.0,B
5240,40,14,8,5,1d10+4,1d6+4,40,14,6,5,1d12+4,1d6+4,8.0,A
5241,40,18,8,5,1d8+4,1d6+4,40,17,5,3,1d10+4,1d6+4,8.0,A
5242,40,17,5,4,1d8+4,1d6+4,40,14,5,3,1d12+4,1d6+4,6.0,B
5243,40,17,7,5,1d8+4,1d6+4,40,18,6,3,1d12+4,1d8+4,3.0,B
5244,40,17,5,3,1d10+4,1d8+4,40,14,7,5,1d12+4,1d6+4,6.0,B
5245,40,16,7,5,1d12+4,1d6+4,40,18,7,5,1d8+4,1d8+4,6.0,B
5246,40,17,8,3,1d10+4,1d6+4,40,15,8,5,1d8+4,1d6+4,10.0,A
5247,40,17,8,4,1d8+4,1d6+4,40,16,7,5,1d8+4,1d6+4,1.0,B
5248,40,18,8,5,1d12+4,1d8+4,40,17,7,3,1d10+4,1d6+4,7.0,A
5249,40,15,8,4,1d10+4,1d6+4,40,16,8,5,1d8+4,1d8+4,0.0,A
5250,40,18,7,5,1d12+4,1d8+4,40,18,8,3,1d12+4,1d6+4,8.0,A
5251,40,17,8,5,1d10+4,1d8+4,40,15,5,4,1d12+4,1d8+4,8.0,A
5252,40,14,6,4,1d12+4,1d8+4,40,15,8,5,1d8+4,1d8+4,4.0,B
5253,40,17,7,3,1d12+4,1d6+4,40,18,8,3,1d12+4,1d6+4,6.0,A
5254,40,16,6,3,1d8+4,1d6+4,40,14,6,5,1d12+4,1d8+4,7.0,A
5255,40,15,7,4,1d8+4,1d8+4,40,16,8,4,1d12+4,1d6+4,2.0,A
5256,40,17,7,4,1d10+4,1d6+4,40,17,7,5,1d10+4,1d6+4,9.0,B
5257,40,18,8,4,1d12+4,1d6+4,40,16,8,3,1d10+4,1d6+4,1.0,A
5258,40,14,5,3,1d12+4,1d6+4,40,18,8,4,1d10+4,1d6+4,2.0,B
5259,40,14,7,4,1d8+4,1d8+4,40,16,8,5,1d8+4,1d6+4,4.0,B
5260,40,14,8,5,1d12+4,1d6+4,40,18,6,5,1d12+4,1d6+4,1.0,A
5261,40,16,8,5,1d8+4,1d6+4,40,16,7,3,1d10+4,1d6+4,10.0,B
5262,40,18,6,4,1d12+4,1d6+4,40,15,6,3,1d12+4,1d8+4,1.0,A
5263,40,14,7,4,1d8+4,1d6+4,40,18,7,3,1d8+4,1d8+4,9.0,A
5264,40,16,6,3,1d8+4,1d8+4,40,14,7,5,1d10+4,1d8+4,9.0,A
5265,40,17,5,5,1d12+4,1d8+4,40,16,8,3,1d8+4,1d8+4,0.0,B
5266,40,15,6,5,1d12+4,1d6+4,40,14,5,3,1d8+4,1d8+4,9.0,B
5267,40,14,8,3,1d10+4,1d8+4,40,17,8,5,1d10+4,1d6+4,9.0,B
5268,40,17,5,3,1d8+4,1d6+4,40,18,5,4,1d12+4,1d8+4,9.0,A
5269,40,17,5,5,1d12+4,1d8+4,40,14,5,5,1d12+4,1d8+4,8.0,A
5270,40,18,5,5,1d12+4,1d8+4,40,18,8,3,1d10+4,1d8+4,3.0,A
5271,40,14,6,4,1d10+4,1d6+4,40,17,6,3,1d12+4,1d8+4,5.0,B
5272,40,17,6,5,1d8+4,1d8+4,40,18,8,4,1d10+4,1d6+4,2.0,B
5273,40,17,6,3,1d10+4,1d8+4,40,15,6,5,1d8+4,1d8+4,7.0,A
5274,40,14,5,5,1d10+4,1d6+4,40,14,6,4,1d8+4,1d6+4,0.0,A
5275,40,14,6,3,1d8+4,1d6+4,40,16,8,3,1d8+4,1d8+4,7.0,B
5276,40,15,8,3,1d10+4,1d6+4,40,15,6,4,1d12+4,1d8+4,5.0,B
5277,40,14,6,5,1d10+4,1d8+4,40,17,7,5,1d10+4,1d8+4,8.0,B
5278,40,15,7,4,1d12+4,1d6+4,40,16,7,4,1d8+4,1d6+4,2.0,B
5279,40,16,6,5,1d8+4,1d8+4,40,16,7,3,1d8+4,1d6+4,0.0,B
5280,40,16,5,3,1d10+4,1d8+4,40,18,6,4,1d10+4,1d8+4,4.0,A
5281,40,14,8,5,1d10+4,1d8+4,40,14,6,5,1d10+4,1d6+4,1.0,A
5282,40,18,8,3,1d12+4,1d8+4,40,18,7,5,1d8+4,1d6+4,9.0,A
5283,40,14,6,5,1d12+4,1d8+4,40,17,5,4,1d8+4,1d6+4,10.0,B
5284,40,18,6,4,1d8+4,1d8+4,40,15,6,3,1d8+4,1d6+4,1.0,B
5285,40,16,7,5,1d8+4,1d6+4,40,14,6,5,1d10+4,1d6+4,9.0,A
5286,40,16,6,5,1d10+4,1d6+4,40,17,8,4,1d10+4,1d6+4,3.0,B
5287,40,16,7,3,1d12+4,1d6+4,40,17,7,3,1d8+4,1d6+4,0.0,B
5288,40,16,8,5,1d12+4,1d6+4,40,15,6,5,1d10+4,1d8+4,1.0,A
5289,40,17,8,4,1d12+4,1d6+4,40,17,7,3,1d10+4,1d6+4,9.0,B
5290,40,16,6,3,1d12+4,1d8+4,40,18,6,5,1d8+4,1d6+4,2.0,B
5291,40,14,6,4,1d12+4,1d8+4,40,17,8,4,1d8+4,1d8+4,7.0,A
5292,40,16,6,4,1d10+4,1d6+4,40,18,6,4,1d8+4,1d6+4,2.0,B
5293,40,15,5,5,1d10+4,1d6+4,40,18,5,5,1d12+4,1d6+4,5.0,B
5294,40,15,8,5,1d12+4,1d6+4,40,15,6,5,1d12+4,1d8+4,8.0,A
5295,40,18,8,5,1d10+4,1d8+4,40,14,8,3,1d10+4,1d6+4,7.0,B
5296,40,15,7,4,1d8+4,1d8+4,40,18,6,3,1d12+4,1d6+4,5.0,A
5297,40,14,8,5,1d8+4,1d8+4,40,14,5,5,1d8+4,1d6+4,6.0,A
5298,40,17,8,5,1d10+4,1d6+4,40,18,7,4,1d8+4,1d8+4,1.0,A
5299,40,15,7,5,1d10+4,1d8+4,40,14,7,4,1d8+4,1d8+4,8.0,A
5300,40,15,6,3,1d8+4,1d6+4,40,16,8,4,1d8+4,1d6+4,10.0,A
5301,40,16,6,5,1d12+4,1d6+4,40,17,8,4,1d8+4,1d8+4,7.0,A
5302,40,14,6,4,1d10+4,1d6+4,40,18,6,3,1d12+4,1d6+4,3.0,A
5303,40,16,8,5,1d10+4,1d8+4,40,18,6,3,1d10+4,1d6+4,6.0,B
5304,40,16,7,4,1d12+4,1d8+4,40,15,7,4,1d10+4,1d6+4,6.0,B
5305,40,18,6,5,1d8+4,1d8+4,40,17,8,3,1d10+4,1d6+4,7.0,B
5306,40,18,7,4,1d8+4,1d6+4,40,15,8,4,1d12+4,1d6+4,6.0,B
5307,40,16,6,4,1d8+4,1d8+4,40,14,8,5,1d12+4,1d8+4,6.0,B
5308,40,17,6,4,1d10+4,1d6+4,40,17,8,3,1d8+4,1d6+4,1.0,A
5309,40,18,5,4,1d8+4,1d8+4,40,17,6,5,1d8+4,1d8+4,1.0,B
5310,40,14,7,4,1d10+4,1d8+4,40,15,8,5,1d10+4,1d8+4,0.0,A
5311,40,15,5,5,1d12+4,1d8+4,40,14,5,4,1d10+4,1d6+4,0.0,B
5312,40,16,7,3,1d10+4,1d8+4,40,17,5,5,1d12+4,1d6+4,6.0,A
5313,40,18,8,5,1d10+4,1d8+4,40,18,6,3,1d8+4,1d8+4,7.0,A
5314,40,15,7,3,1d8+4,1d8+4,40,15,7,4,1d8+4,1d8+4,9.0,B
5315,40,17,5,3,1d8+4,1d6+4,40,17,7,5,1d8+4,1d8+4,3.0,A
5316,40,14,7,3,1d12+4,1d6+4,40,17,7,4,1d8+4,1d8+4,4.0,A
5317,40,14,6,5,1d12+4,1d8+4,40,16,6,3,1d8+4,1d8+4,3.0,A
5318,40,18,5,4,1d10+4,1d6+4,40,16,5,3,1d10+4,1d6+4,0.0,A
5319,40,15,5,3,1d8+4,1d6+4,40,15,5,3,1d8+4,1d8+4,1.0,A
5320,40,14,6,3,1d10+4,1d8+4,40,18,6,3,1d12+4,1d6+4,10.0,B
5321,40,17,6,3,1d12+4,1d8+4,40,18,7,5,1d12+4,1d8+4,0.0,A
5322,40,14,8,4,1d12+4,1d6+4,40,16,6,5,1d10+4,1d6+4,5.0,A
5323,40,18,6,4,1d8+4,1d8+4,40,16,7,5,1d8+4,1d8+4,4.0,A
5324,40,16,5,3,1d8+4,1d8+4,40,14,6,3,1d12+4,1d8+4,1.0,B
5325,40,17,7,5,1d12+4,1d6+4,40,14,5,3,1d10+4,1d6+4,1.0,A
5326,40,16,8,4,1d10+4,1d6+4,40,16,5,3,1d10+4,1d6+4,0.0,A
5327,40,15,8,3,1d8+4,1d6+4,40,17,8,3,1d8+4,1d6+4,6.0,B
5328,40,16,7,5,1d10+4,1d8+4,40,16,5,3,1d12+4,1d6+4,5.0,A
5329,40,15,8,4,1d8+4,1d8+4,40,17,6,3,1d8+4,1d6+4,5.0,B
5330,40,14,8,4,1d12+4,1d6+4,40,16,5,5,1d10+4,1d6+4,10.0,B
5331,40,15,5,4,1d8+4,1d8+4,40,14,6,4,1d8+4,1d8+4,7.0,A
5332,40,15,8,5,1d10+4,1d6+4,40,15,8,5,1d8+4,1d8+4,6.0,B
5333,40,18,6,4,1d10+4,1d8+4,40,14,6,3,1d10+4,1d8+4,1.0,B
5334,40,16,6,3,1d12+4,1d8+4,40,16,8,3,1d12+4,1d6+4,10.0,A
5335,40,17,7,5,1d12+4,1d8+4,40,18,8,3,1d12+4,1d6+4,3.0,B
5336,40,15,7,3,1d8+4,1d6+4,40,14,6,3,1d8+4,1d6+4,3.0,A
5337,40,14,6,5,1d8+4,1d8+4,40,17,7,3,1d10+4,1d6+4,6.0,A
5338,40,17,7,5,1d8+4,1d8+4,40,18,5,5,1d10+4,1d8+4,0.0,B
5339,40,18,5,3,1d12+4,1d6+4,40,14,7,4,1d10+4,1d6+4,9.0,A
5340,40,17,6,4,1d12+4,1d8+4,40,14,6,4,1d8+4,1d6+4,1.0,A
5341,40,18,8,3,1d10+4,1d8+4,40,16,7,5,1d10+4,1d8+4,2.0,A
5342,40,14,8,3,1d8+4,1d8+4,40,17,7,5,1d12+4,1d6+4,4.0,A
5343,40,14,5,4,1d12+4,1d8+4,40,17,5,5,1d12+4,1d8+4,5.0,B
5344,40,16,7,5,1d10+4,1d6+4,40,16,7,4,1d12+4,1d6+4,1.0,A
5345,40,17,5,4,1d8+4,1d8+4,40,15,6,3,1d8+4,1d8+4,7.0,A
5346,40,18,8,4,1d10+4,1d8+4,40,14,5,3,1d12+4,1d8+4,2.0,B
5347,40,18,5,4,1d8+4,1d8+4,40,18,8,5,1d10+4,1d8+4,0.0,B
5348,40,14,7,3,1d10+4,1d6+4,40,14,7,3,1d8+4,1d8+4,10.0,A
5349,40,17,5,4,1d10+4,1d8+4,40,18,7,4,1d10+4,1d6+4,5.0,B
5350,40,14,8,3,1d12+4,1d6+4,40,14,7,4,1d8+4,1d6+4,1.0,A
5351,40,17,5,4,1d8+4,1d8+4,40,17,8,5,1d12+4,1d8+4,1.0,B
5352,40,17,7,3,1d10+4,1d6+4,40,16,6,5,1d8+4,1d8+4,0.0,A
5353,40,17,5,3,1d8+4,1d8+4,40,16,8,5,1d12+4,1d6+4,7.0,A
5354,40,17,8,5,1d12+4,1d8+4,40,18,8,5,1d8+4,1d6+4,2.0,B
5355,40,15,5,5,1d10+4,1d6+4,40,18,8,4,1d10+4,1d8+4,3.0,A
5356,40,14,5,4,1d8+4,1d8+4,40,17,6,4,1d10+4,1d8+4,2.0,B
5357,40,18,5,5,1d10+4,1d6+4,40,14,5,3,1d10+4,1d8+4,5.0,A
5358,40,18,5,4,1d12+4,1d6+4,40,14,8,3,1d12+4,1d6+4,8.0,A
5359,40,16,7,4,1d10+4,1d8+4,40,14,6,3,1d8+4,1d8+4,8.0,B
5360,40,18,8,4,1d10+4,1d8+4,40,18,5,4,1d12+4,1d6+4,3.0,A
5361,40,16,7,4,1d12+4,1d8+4,40,14,6,3,1d12+4,1d8+4,4.0,B
5362,40,15,6,5,1d12+4,1d6+4,40,15,7,4,1d8+4,1d8+4,5.0,A
5363,40,14,7,4,1d10+4,1d6+4,40,14,8,5,1d10+4,1d8+4,8.0,A
5364,40,15,8,5,1d8+4,1d6+4,40,14,8,4,1d8+4,1d8+4,5.0,B
5365,40,18,5,4,1d10+4,1d6+4,40,15,5,5,1d8+4,1d8+4,3.0,A
5366,40,15,6,3,1d10+4,1d6+4,40,15,5,5,1d12+4,1d8+4,8.0,B
5367,40,18,7,4,1d10+4,1d6+4,40,16,6,5,1d12+4,1d8+4,1.0,A
5368,40,14,5,3,1d12+4,1d8+4,40,15,5,5,1d12+4,1d8+4,3.0,B
5369,40,18,5,5,1d10+4,1d8+4,40,16,6,4,1d8+4,1d6+4,2.0,B
5370,40,15,6,3,1d12+4,1d6+4,40,16,5,3,1d8+4,1d8+4,8.0,B
5371,40,14,8,3,1d12+4,1d8+4,40,17,5,4,1d12+4,1d8+4,10.0,A
5372,40,16,7,3,1d12+4,1d6+4,40,16,7,4,1d12+4,1d8+4,9.0,B
5373,40,14,5,3,1d10+4,1d8+4,40,15,7,4,1d8+4,1d8+4,9.0,A
5374,40,18,7,4,1d10+4,1d6+4,40,15,6,3,1d12+4,1d6+4,4.0,B
5375,40,14,7,5,1d10+4,1d8+4,40,16,7,5,1d12+4,1d6+4,10.0,A
5376,40,14,5,5,1d12+4,1d6+4,40,14,6,4,1d8+4,1d6+4,2.0,A
5377,40,15,8,3,1d10+4,1d8+4,40,16,7,5,1d8+4,1d6+4,8.0,A
5378,40,14,5,5,1d8+4,1d8+4,40,15,6,3,1d10+4,1d6+4,9.0,A
5379,40,18,8,4,1d10+4,1d8+4,40,15,8,5,1d12+4,1d8+4,3.0,A
5380,40,15,6,5,1d12+4,1d8+4,40,17,7,3,1d8+4,1d6+4,7.0,A
5381,40,18,8,3,1d12+4,1d8+4,40,14,7,4,1d8+4,1d8+4,6.0,A
5382,40,16,5,4,1d10+4,1d8+4,40,14,7,5,1d8+4,1d6+4,5.0,A
5383,40,16,6,3,1d10+4,1d6+4,40,18,5,3,1d10+4,1d6+4,7.0,A
5384,40,18,8,5,1d12+4,1d6+4,40,15,8,3,1d10+4,1d8+4,2.0,B
5385,40,16,5,3,1d12+4,1d6+4,40,16,7,4,1d12+4,1d8+4,7.0,A
5386,40,17,7,4,1d12+4,1d6+4,40,14,7,3,1d10+4,1d8+4,4.0,A
5387,40,14,7,4,1d12+4,1d8+4,40,18,6,5,1d12+4,1d6+4,5.0,A
5388,40,15,7,3,1d8+4,1d8+4,40,17,6,3,1d12+4,1d6+4,4.0,B
5389,40,15,5,4,1d10+4,1d8+4,40,14,5,3,1d8+4,1d8+4,10.0,A
5390,40,17,5,3,1d10+4,1d6+4,40,17,8,5,1d10+4,1d6+4,4.0,A
5391,40,15,5,5,1d8+4,1d6+4,40,16,5,3,1d12+4,1d8+4,1.0,B
5392,40,14,6,3,1d8+4,1d8+4,40,15,5,4,1d10+4,1d8+4,3.0,B
5393,40,18,5,5,1d12+4,1d6+4,40,14,6,5,1d8+4,1d6+4,6.0,A
5394,40,17,6,4,1d12+4,1d6+4,40,16,8,4,1d10+4,1d8+4,7.0,A
5395,40,15,7,3,1d12+4,1d6+4,40,18,5,3,1d10+4,1d8+4,5.0,A
5396,40,17,8,5,1d12+4,1d6+4,40,17,8,4,1d12+4,1d6+4,5.0,B
5397,40,18,6,3,1d12+4,1d8+4,40,18,7,4,1d12+4,1d8+4,8.0,A
5398,40,16,7,4,1d12+4,1d6+4,40,14,6,5,1d12+4,1d6+4,6.0,A
5399,40,14,8,5,1d10+4,1d6+4,40,18,7,3,1d10+4,1d6+4,1.0,B
5400,40,18,5,4,1d12+4,1d6+4,40,17,8,4,1d8+4,1d6+4,1.0,A
5401,40,17,7,5,1d8+4,1d8+4,40,14,6,3,1d8+4,1d8+4,4.0,A
5402,40,15,8,4,1d10+4,1d6+4,40,15,5,3,1d8+4,1d6+4,9.0,A
5403,40,18,5,3,1d10+4,1d8+4,40,15,8,3,1d10+4,1d8+4,4.0,A
5404,40,18,8,3,1d8+4,1d6+4,40,18,5,5,1d12+4,1d6+4,9.0,A
5405,40,17,8,5,1d10+4,1d8+4,40,15,7,4,1d12+4,1d6+4,0.0,B
5406,40,16,8,4,1d12+4,1d6+4,40,16,8,4,1d10+4,1d8+4,1.0,B
5407,40,17,5,4,1d12+4,1d6+4,40,18,7,5,1d12+4,1d8+4,3.0,A
5408,40,18,8,3,1d12+4,1d8+4,40,18,6,3,1d8+4,1d8+4,5.0,A
5409,40,15,5,4,1d8+4,1d8+4,40,17,5,4,1d8+4,1d6+4,2.0,B
5410,40,14,7,4,1d12+4,1d6+4,40,17,6,3,1d8+4,1d8+4,8.0,A
5411,40,17,8,4,1d10+4,1d8+4,40,15,8,4,1d8+4,1d6+4,6.0,A
5412,40,18,6,3,1d10+4,1d6+4,40,16,7,3,1d8+4,1d6+4,8.0,B
5413,40,17,5,5,1d10+4,1d8+4,40,18,6,4,1d10+4,1d8+4,4.0,B
5414,40,18,7,4,1d12+4,1d8+4,40,14,8,4,1d12+4,1d8+4,4.0,A
5415,40,14,7,4,1d10+4,1d8+4,40,15,7,5,1d8+4,1d6+4,9.0,A
5416,40,18,8,4,1d12+4,1d8+4,40,14,7,4,1d10+4,1d8+4,1.0,A
5417,40,18,5,4,1d8+4,1d8+4,40,15,5,4,1d10+4,1d8+4,3.0,A
5418,40,14,7,4,1d12+4,1d8+4,40,15,5,3,1d8+4,1d6+4,10.0,B
5419,40,18,8,3,1d10+4,1d6+4,40,18,7,3,1d12+4,1d6+4,0.0,B
5420,40,17,5,5,1d8+4,1d6+4,40,16,7,4,1d12+4,1d8+4,3.0,B
5421,40,16,7,4,1d12+4,1d6+4,40,15,5,4,1d8+4,1d8+4,8.0,B
5422,40,15,7,4,1d8+4,1d6+4,40,17,6,5,1d12+4,1d6+4,1.0,A
5423,40,14,8,5,1d12+4,1d6+4,40,14,8,3,1d12+4,1d6+4,9.0,B
5424,40,17,8,3,1d12+4,1d8+4,40,18,7,4,1d8+4,1d6+4,3.0,A
5425,40,18,7,3,1d12+4,1d8+4,40,16,6,4,1d12+4,1d8+4,5.0,A
5426,40,14,5,5,1d10+4,1d6+4,40,14,7,3,1d12+4,1d6+4,8.0,A
5427,40,18,5,5,1d8+4,1d6+4,40,17,7,5,1d12+4,1d8+4,10.0,B
5428,40,16,6,4,1d10+4,1d8+4,40,14,6,3,1d10+4,1d8+4,7.0,B
5429,40,17,6,3,1d10+4,1d6+4,40,16,7,4,1d8+4,1d8+4,1.0,B
5430,40,18,6,5,1d12+4,1d6+4,40,17,6,5,1d8+4,1d8+4,1.0,A
5431,40,14,6,3,1d10+4,1d6+4,40,14,5,4,1d10+4,1d8+4,3.0,A
5432,40,17,5,3,1d12+4,1d6+4,40,16,6,4,1d12+4,1d6+4,6.0,A
5433,40,18,8,5,1d8+4,1d6+4,40,15,5,4,1d8+4,1d6+4,3.0,A
5434,40,14,5,5,1d10+4,1d6+4,40,16,7,4,1d8+4,1d6+4,8.0,B
5435,40,15,6,5,1d12+4,1d8+4,40,18,5,4,1d8+4,1d6+4,10.0,B
5436,40,16,5,5,1d10+4,1d8+4,40,18,5,3,1d12+4,1d6+4,1.0,A
5437,40,16,7,4,1d10+4,1d6+4,40,18,6,4,1d10+4,1d8+4,6.0,B
5438,40,17,8,4,1d12+4,1d8+4,40,16,6,3,1d12+4,1d8+4,7.0,A
5439,40,16,7,5,1d12+4,1d6+4,40,14,5,4,1d10+4,1d6+4,5.0,A
5440,40,18,7,4,1d12+4,1d8+4,40,15,6,3,1d12+4,1d6+4,10.0,B
5441,40,17,5,5,1d12+4,1d8+4,40,15,6,5,1d12+4,1d8+4,9.0,A
5442,40,18,8,4,1d10+4,1d6+4,40,14,5,5,1d10+4,1d8+4,0.0,A
5443,40,17,7,4,1d12+4,1d6+4,40,15,5,5,1d10+4,1d6+4,7.0,A
5444,40,15,7,4,1d12+4,1d8+4,40,17,7,3,1d8+4,1d6+4,4.0,A
5445,40,14,8,4,1d12+4,1d6+4,40,17,6,3,1d12+4,1d8+4,1.0,B
5446,40,18,8,4,1d8+4,1d8+4,40,17,6,4,1d12+4,1d8+4,1.0,B
5447,40,16,8,4,1d12+4,1d6+4,40,17,6,5,1d8+4,1d8+4,9.0,B
5448,40,17,6,5,1d8+4,1d6+4,40,14,8,3,1d12+4,1d8+4,4.0,A
5449,40,16,8,4,1d12+4,1d6+4,40,14,8,3,1d8+4,1d8+4,2.0,A
5450,40,17,6,4,1d12+4,1d6+4,40,17,7,5,1d8+4,1d8+4,8.0,A
5451,40,15,8,3,1d12+4,1d8+4,40,14,5,3,1d8+4,1d6+4,4.0,A
5452,40,16,7,5,1d8+4,1d8+4,40,17,6,5,1d12+4,1d8+4,3.0,A
5453,40,16,7,5,1d12+4,1d8+4,40,14,8,5,1d8+4,1d6+4,4.0,A
5454,40,14,5,4,1d10+4,1d8+4,40,15,6,3,1d10+4,1d8+4,10.0,A
5455,40,14,7,3,1d8+4,1d6+4,40,15,7,3,1d12+4,1d8+4,0.0,A
5456,40,14,7,3,1d8+4,1d8+4,40,17,5,5,1d8+4,1d8+4,0.0,B
5457,40,15,8,5,1d12+4,1d8+4,40,14,7,4,1d12+4,1d6+4,8.0,A
5458,40,15,8,3,1d12+4,1d6+4,40,16,8,5,1d8+4,1d6+4,1.0,B
5459,40,16,6,5,1d10+4,1d6+4,40,15,6,4,1d10+4,1d6+4,6.0,B
5460,40,14,5,4,1d12+4,1d6+4,40,15,6,3,1d10+4,1d6+4,4.0,B
5461,40,16,7,4,1d8+4,1d8+4,40,17,8,3,1d8+4,1d6+4,4.0,A
5462,40,17,6,4,1d8+4,1d8+4,40,16,6,5,1d8+4,1d8+4,2.0,B
5463,40,16,7,5,1d8+4,1d8+4,40,15,7,3,1d8+4,1d6+4,8.0,B
5464,40,18,8,3,1d10+4,1d8+4,40,14,5,4,1d10+4,1d8+4,6.0,A
5465,40,18,7,4,1d12+4,1d6+4,40,16,8,3,1d12+4,1d8+4,4.0,B
5466,40,18,6,5,1d10+4,1d6+4,40,17,8,4,1d8+4,1d6+4,7.0,A
5467,40,16,7,3,1d8+4,1d6+4,40,16,5,3,1d12+4,1d8+4,4.0,A
5468,40,18,8,5,1d8+4,1d8+4,40,18,7,5,1d10+4,1d6+4,4.0,B
5469,40,16,6,5,1d8+4,1d8+4,40,18,6,4,1d12+4,1d6+4,1.0,B
5470,40,14,8,3,1d10+4,1d6+4,40,15,6,4,1d12+4,1d6+4,0.0,A
5471,40,17,5,4,1d8+4,1d8+4,40,17,7,4,1d8+4,1d8+4,7.0,B
5472,40,15,7,3,1d10+4,1d8+4,40,14,7,3,1d8+4,1d6+4,7.0,A
5473,40,16,8,5,1d8+4,1d8+4,40,14,8,5,1d8+4,1d8+4,4.0,A
5474,40,16,5,3,1d8+4,1d6+4,40,16,8,4,1d8+4,1d6+4,0.0,A
5475,40,17,5,3,1d10+4,1d8+4,40,15,8,3,1d12+4,1d8+4,10.0,B
5476,40,14,6,4,1d10+4,1d8+4,40,15,6,4,1d8+4,1d6+4,3.0,A
5477,40,14,6,3,1d12+4,1d8+4,40,18,7,3,1d8+4,1d6+4,4.0,B
5478,40,18,6,4,1d8+4,1d6+4,40,15,8,5,1d12+4,1d6+4,8.0,A
5479,40,15,5,3,1d8+4,1d8+4,40,17,6,5,1d8+4,1d6+4,0.0,B
5480,40,15,5,3,1d12+4,1d8+4,40,14,5,3,1d8+4,1d6+4,3.0,A
5481,40,16,6,3,1d8+4,1d6+4,40,14,8,3,1d12+4,1d8+4,10.0,A
5482,40,18,8,5,1d12+4,1d8+4,40,17,5,4,1d8+4,1d8+4,1.0,A
5483,40,14,7,4,1d12+4,1d8+4,40,15,6,3,1d8+4,1d8+4,8.0,A
5484,40,18,5,4,1d12+4,1d8+4,40,15,8,4,1d12+4,1d8+4,4.0,A
5485,40,18,7,3,1d12+4,1d6+4,40,15,7,5,1d8+4,1d8+4,8.0,A
5486,40,14,6,3,1d10+4,1d8+4,40,18,5,5,1d10+4,1d6+4,4.0,B
5487,40,14,5,4,1d12+4,1d6+4,40,17,6,3,1d12+4,1d8+4,6.0,A
5488,40,15,6,3,1d8+4,1d6+4,40,14,5,5,1d8+4,1d6+4,6.0,A
5489,40,14,7,3,1d8+4,1d8+4,40,17,8,4,1d8+4,1d8+4,1.0,B
5490,40,16,6,4,1d10+4,1d8+4,40,17,8,4,1d8+4,1d8+4,6.0,B
5491,40,15,6,4,1d12+4,1d8+4,40,17,6,4,1d10+4,1d6+4,6.0,B
5492,40,15,7,4,1d8+4,1d6+4,40,18,7,5,1d10+4,1d6+4,6.0,B
5493,40,17,6,5,1d10+4,1d6+4,40,15,8,3,1d10+4,1d8+4,3.0,A
5494,40,17,8,5,1d10+4,1d8+4,40,18,6,3,1d12+4,1d6+4,3.0,A
5495,40,15,6,5,1d10+4,1d8+4,40,15,5,4,1d10+4,1d6+4,2.0,A
5496,40,14,5,4,1d12+4,1d6+4,40,18,6,4,1d10+4,1d6+4,0.0,A
5497,40,17,5,4,1d12+4,1d8+4,40,17,6,5,1d12+4,1d8+4,6.0,B
5498,40,14,7,3,1d8+4,1d6+4,40,18,8,3,1d10+4,1d6+4,8.0,B
5499,40,18,7,4,1d10+4,1d6+4,40,14,6,3,1d10+4,1d6+4,9.0,B
5500,40,15,6,3,1d12+4,1d6+4,40,16,6,5,1d8+4,1d6+4,7.0,B
5501,40,15,5,5,1d12+4,1d6+4,40,18,5,4,1d8+4,1d8+4,3.0,B
5502,40,16,8,5,1d10+4,1d8+4,40,14,7,4,1d10+4,1d8+4,0.0,A
5503,40,16,6,5,1d12+4,1d8+4,40,18,8,5,1d10+4,1d6+4,3.0,A
5504,40,18,5,5,1d10+4,1d8+4,40,15,8,3,1d10+4,1d6+4,9.0,B
5505,40,18,5,4,1d12+4,1d6+4,40,16,7,3,1d12+4,1d6+4,2.0,A
5506,40,17,8,5,1d8+4,1d6+4,40,16,5,4,1d8+4,1d6+4,2.0,A
5507,40,17,5,4,1d10+4,1d6+4,40,17,7,5,1d10+4,1d6+4,10.0,B
5508,40,18,8,4,1d8+4,1d8+4,40,17,8,4,1d8+4,1d8+4,3.0,B
5509,40,16,6,5,1d10+4,1d6+4,40,15,7,5,1d10+4,1d6+4,0.0,A
5510,40,17,5,3,1d8+4,1d6+4,40,18,8,3,1d10+4,1d6+4,6.0,A
5511,40,15,7,4,1d10+4,1d8+4,40,16,6,5,1d10+4,1d8+4,9.0,B
5512,40,16,5,3,1d10+4,1d8+4,40,18,7,3,1d12+4,1d6+4,0.0,B
5513,40,18,5,4,1d12+4,1d8+4,40,15,6,4,1d12+4,1d6+4,0.0,B
5514,40,17,8,4,1d8+4,1d8+4,40,18,7,3,1d10+4,1d8+4,7.0,A
5515,40,17,6,4,1d12+4,1d8+4,40,18,8,5,1d8+4,1d8+4,2.0,B
5516,40,18,8,4,1d10+4,1d8+4,40,18,7,5,1d8+4,1d8+4,3.0,A
5517,40,15,7,4,1d8+4,1d8+4,40,15,8,5,1d10+4,1d8+4,9.0,B
5518,40,18,6,4,1d12+4,1d8+4,40,15,6,3,1d10+4,1d6+4,8.0,A
5519,40,16,7,4,1d12+4,1d6+4,40,17,5,4,1d12+4,1d8+4,1.0,B
5520,40,17,5,4,1d10+4,1d6+4,40,17,8,5,1d8+4,1d8+4,5.0,B
5521,40,15,7,5,1d10+4,1d6+4,40,18,8,5,1d8+4,1d8+4,0.0,A
5522,40,15,8,4,1d10+4,1d6+4,40,18,7,3,1d10+4,1d8+4,6.0,A
5523,40,14,6,4,1d8+4,1d6+4,40,17,5,3,1d10+4,1d6+4,8.0,B
5524,40,17,8,3,1d8+4,1d6+4,40,17,8,5,1d12+4,1d6+4,5.0,B
5525,40,17,5,4,1d12+4,1d8+4,40,17,5,5,1d8+4,1d8+4,10.0,A
5526,40,18,8,5,1d10+4,1d8+4,40,15,7,3,1d10+4,1d6+4,5.0,B
5527,40,14,8,5,1d12+4,1d6+4,40,15,7,4,1d12+4,1d6+4,3.0,A
5528,40,16,8,3,1d12+4,1d6+4,40,14,5,4,1d8+4,1d8+4,10.0,A
5529,40,16,7,4,1d10+4,1d6+4,40,14,6,3,1d10+4,1d8+4,8.0,A
5530,40,14,5,5,1d8+4,1d6+4,40,16,7,4,1d8+4,1d8+4,4.0,B
5531,40,16,8,4,1d10+4,1d8+4,40,14,5,5,1d8+4,1d8+4,0.0,A
5532,40,18,6,5,1d8+4,1d6+4,40,16,8,3,1d10+4,1d8+4,4.0,B
5533,40,16,7,3,1d10+4,1d8+4,40,16,7,4,1d12+4,1d6+4,6.0,B
5534,40,17,5,4,1d10+4,1d6+4,40,16,5,3,1d8+4,1d8+4,0.0,A
5535,40,17,6,4,1d8+4,1d8+4,40,16,5,3,1d8+4,1d8+4,6.0,B
5536,40,15,6,3,1d12+4,1d8+4,40,14,8,4,1d8+4,1d8+4,6.0,A
5537,40,17,5,4,1d10+4,1d6+4,40,15,7,4,1d8+4,1d8+4,4.0,A
5538,40,17,5,5,1d8+4,1d8+4,40,16,6,5,1d8+4,1d8+4,2.0,A
5539,40,16,8,4,1d12+4,1d6+4,40,14,6,4,1d10+4,1d8+4,3.0,A
5540,40,17,7,3,1d12+4,1d6+4,40,17,5,3,1d10+4,1d8+4,5.0,A
5541,40,18,5,5,1d8+4,1d8+4,40,17,8,5,1d8+4,1d8+4,10.0,B
5542,40,16,5,3,1d8+4,1d6+4,40,17,6,4,1d8+4,1d6+4,7.0,A
5543,40,18,5,4,1d8+4,1d8+4,40,18,5,5,1d8+4,1d6+4,5.0,B
5544,40,15,5,3,1d8+4,1d6+4,40,16,6,5,1d8+4,1d8+4,8.0,A
5545,40,17,7,4,1d12+4,1d6+4,40,17,6,4,1d10+4,1d6+4,8.0,A
5546,40,16,6,5,1d12+4,1d6+4,40,17,6,4,1d10+4,1d6+4,10.0,B
5547,40,18,5,3,1d12+4,1d8+4,40,14,6,5,1d8+4,1d6+4,2.0,A
5548,40,15,7,4,1d10+4,1d8+4,40,16,8,3,1d10+4,1d6+4,0.0,B
5549,40,14,5,4,1d12+4,1d6+4,40,18,6,4,1d12+4,1d6+4,3.0,B
5550,40,18,7,3,1d8+4,1d8+4,40,15,5,3,1d10+4,1d8+4,6.0,A
5551,40,14,8,4,1d8+4,1d6+4,40,18,6,3,1d12+4,1d8+4,6.0,A
5552,40,17,7,4,1d8+4,1d8+4,40,16,5,5,1d12+4,1d6+4,2.0,B
5553,40,14,6,4,1d10+4,1d8+4,40,18,7,3,1d10+4,1d8+4,3.0,A
5554,40,16,7,3,1d10+4,1d8+4,40,14,7,5,1d8+4,1d8+4,10.0,B
5555,40,17,6,4,1d10+4,1d6+4,40,17,8,5,1d12+4,1d8+4,10.0,A
5556,40,18,5,5,1d12+4,1d6+4,40,18,5,4,1d12+4,1d6+4,0.0,A
5557,40,14,6,3,1d10+4,1d8+4,40,16,5,4,1d10+4,1d6+4,10.0,A
5558,40,18,7,5,1d10+4,1d8+4,40,16,5,4,1d8+4,1d8+4,2.0,A
5559,40,17,5,5,1d8+4,1d6+4,40,14,6,5,1d10+4,1d8+4,0.0,A
5560,40,15,7,3,1d8+4,1d8+4,40,15,5,4,1d10+4,1d8+4,9.0,A
5561,40,17,8,5,1d12+4,1d8+4,40,15,5,4,1d10+4,1d8+4,8.0,A
5562,40,14,7,5,1d10+4,1d8+4,40,14,8,3,1d12+4,1d8+4,10.0,A
5563,40,18,8,5,1d12+4,1d8+4,40,16,6,3,1d10+4,1d6+4,8.0,A
5564,40,16,8,4,1d10+4,1d6+4,40,18,7,5,1d8+4,1d8+4,9.0,B
5565,40,17,6,5,1d8+4,1d6+4,40,18,7,3,1d12+4,1d8+4,0.0,B
5566,40,16,8,5,1d8+4,1d8+4,40,16,7,4,1d10+4,1d8+4,10.0,A
5567,40,17,6,4,1d8+4,1d6+4,40,17,7,3,1d10+4,1d6+4,1.0,B
5568,40,14,5,4,1d8+4,1d8+4,40,16,7,5,1d8+4,1d8+4,9.0,B
5569,40,16,8,3,1d8+4,1d6+4,40,17,7,3,1d12+4,1d6+4,1.0,B
5570,40,17,8,5,1d10+4,1d6+4,40,17,7,3,1d12+4,1d6+4,7.0,A
5571,40,14,7,5,1d10+4,1d8+4,40,18,7,4,1d8+4,1d6+4,9.0,B
5572,40,16,8,4,1d8+4,1d6+4,40,18,8,5,1d8+4,1d8+4,7.0,A
5573,40,18,5,4,1d10+4,1d8+4,40,18,8,4,1d12+4,1d6+4,1.0,B
5574,40,18,5,4,1d12+4,1d6+4,40,14,7,4,1d8+4,1d6+4,4.0,A
5575,40,17,6,5,1d12+4,1d8+4,40,16,8,5,1d12+4,1d6+4,5.0,A
5576,40,18,6,4,1d10+4,1d6+4,40,15,7,4,1d10+4,1d6+4,9.0,A
5577,40,18,7,4,1d8+4,1d8+4,40,18,8,5,1d12+4,1d6+4,2.0,A
5578,40,16,6,4,1d10+4,1d8+4,40,17,5,4,1d8+4,1d8+4,3.0,A
5579,40,15,8,4,1d12+4,1d8+4,40,18,6,3,1d10+4,1d6+4,8.0,B
5580,40,16,6,5,1d8+4,1d8+4,40,16,7,3,1d8+4,1d8+4,10.0,A
5581,40,18,8,3,1d10+4,1d8+4,40,18,5,3,1d8+4,1d8+4,5.0,B
5582,40,15,8,3,1d8+4,1d6+4,40,16,5,4,1d10+4,1d6+4,7.0,A
5583,40,14,5,5,1d10+4,1d6+4,40,14,6,3,1d8+4,1d6+4,9.0,B
5584,40,17,6,4,1d12+4,1d8+4,40,16,5,3,1d8+4,1d6+4,5.0,A
5585,40,18,6,5,1d10+4,1d6+4,40,18,7,5,1d10+4,1d6+4,9.0,A
5586,40,17,8,3,1d10+4,1d6+4,40,16,8,3,1d8+4,1d6+4,8.0,A
5587,40,14,6,3,1d10+4,1d6+4,40,18,5,3,1d8+4,1d8+4,3.0,A
5588,40,15,7,3,1d10+4,1d8+4,40,14,7,3,1d12+4,1d6+4,2.0,A
5589,40,14,6,4,1d10+4,1d8+4,40,15,5,5,1d10+4,1d6+4,1.0,B
5590,40,15,5,5,1d8+4,1d8+4,40,14,5,3,1d8+4,1d6+4,10.0,A
5591,40,18,8,3,1d8+4,1d8+4,40,15,6,5,1d10+4,1d6+4,8.0,A
5592,40,16,8,5,1d8+4,1d8+4,40,18,6,4,1d10+4,1d6+4,2.0,A
5593,40,15,5,5,1d8+4,1d8+4,40,17,6,4,1d10+4,1d8+4,3.0,B
5594,40,14,7,4,1d12+4,1d8+4,40,17,7,5,1d12+4,1d6+4,2.0,A
5595,40,15,8,5,1d10+4,1d8+4,40,17,5,4,1d8+4,1d8+4,3.0,B
5596,40,16,6,5,1d10+4,1d6+4,40,17,8,4,1d8+4,1d6+4,0.0,A
5597,40,16,6,5,1d8+4,1d6+4,40,15,7,4,1d10+4,1d6+4,8.0,A
5598,40,15,8,4,1d12+4,1d8+4,40,18,6,4,1d12+4,1d6+4,7.0,A
5599,40,14,5,3,1d10+4,1d6+4,40,15,5,5,1d12+4,1d8+4,0.0,A
5600,40,17,7,3,1d8+4,1d6+4,40,18,7,3,1d8+4,1d6+4,6.0,B
5601,40,18,6,4,1d8+4,1d8+4,40,14,6,5,1d8+4,1d8+4,3.0,A
5602,40,16,6,4,1d10+4,1d6+4,40,15,6,3,1d12+4,1d6+4,4.0,B
5603,40,17,7,4,1d10+4,1d6+4,40,14,5,4,1d8+4,1d8+4,6.0,A
5604,40,14,8,4,1d8+4,1d8+4,40,14,7,4,1d10+4,1d8+4,8.0,B
5605,40,16,7,5,1d12+4,1d8+4,40,17,7,4,1d8+4,1d8+4,3.0,A
5606,40,17,7,3,1d12+4,1d6+4,40,14,7,5,1d12+4,1d6+4,7.0,A
5607,40,17,6,4,1d10+4,1d6+4,40,17,7,4,1d10+4,1d8+4,1.0,B
5608,40,17,8,3,1d8+4,1d8+4,40,15,7,4,1d12+4,1d6+4,1.0,B
5609,40,15,7,3,1d10+4,1d6+4,40,15,8,5,1d10+4,1d8+4,10.0,B
5610,40,15,6,3,1d12+4,1d8+4,40,14,7,4,1d8+4,1d8+4,4.0,A
5611,40,18,6,3,1d8+4,1d8+4,40,18,7,3,1d12+4,1d8+4,5.0,A
5612,40,17,5,3,1d12+4,1d8+4,40,14,5,5,1d8+4,1d6+4,0.0,B
5613,40,16,8,3,1d8+4,1d8+4,40,17,6,5,1d12+4,1d8+4,5.0,A
5614,40,18,5,3,1d8+4,1d8+4,40,17,7,5,1d8+4,1d6+4,5.0,A
5615,40,15,8,3,1d12+4,1d8+4,40,14,7,3,1d10+4,1d6+4,7.0,A
5616,40,16,6,5,1d12+4,1d6+4,40,18,5,3,1d10+4,1d6+4,10.0,B
5617,40,14,5,3,1d10+4,1d8+4,40,14,8,5,1d12+4,1d8+4,9.0,A
5618,40,14,7,4,1d8+4,1d6+4,40,17,8,5,1d10+4,1d6+4,7.0,A
5619,40,17,8,3,1d8+4,1d6+4,40,16,7,5,1d12+4,1d8+4,8.0,B
5620,40,18,6,4,1d8+4,1d8+4,40,15,7,3,1d10+4,1d8+4,9.0,A
5621,40,15,5,3,1d8+4,1d6+4,40,15,7,3,1d10+4,1d8+4,10.0,B
5622,40,16,5,4,1d8+4,1d8+4,40,16,8,5,1d8+4,1d8+4,7.0,B
5623,40,17,7,4,1d10+4,1d8+4,40,14,7,4,1d10+4,1d6+4,10.0,B
5624,40,15,7,5,1d8+4,1d6+4,40,17,5,3,1d10+4,1d6+4,10.0,B
5625,40,17,8,4,1d8+4,1d8+4,40,16,6,5,1d12+4,1d6+4,6.0,B
5626,40,18,7,4,1d12+4,1d8+4,40,18,7,3,1d10+4,1d6+4,9.0,A
5627,40,17,8,4,1d10+4,1d6+4,40,15,8,5,1d12+4,1d6+4,9.0,A
5628,40,15,8,3,1d8+4,1d8+4,40,16,7,5,1d12+4,1d8+4,5.0,B
5629,40,16,8,4,1d8+4,1d6+4,40,15,6,5,1d8+4,1d8+4,1.0,A
5630,40,18,8,3,1d8+4,1d8+4,40,14,6,5,1d10+4,1d6+4,10.0,A
5631,40,15,6,5,1d10+4,1d8+4,40,18,8,4,1d10+4,1d6+4,1.0,A
5632,40,15,6,4,1d12+4,1d6+4,40,14,5,3,1d10+4,1d8+4,4.0,B
5633,40,17,8,5,1d12+4,1d6+4,40,16,5,5,1d12+4,1d8+4,3.0,A
5634,40,14,8,5,1d8+4,1d8+4,40,14,7,5,1d10+4,1d6+4,3.0,B
5635,40,18,7,4,1d12+4,1d8+4,40,17,6,4,1d8+4,1d8+4,2.0,A
5636,40,18,8,3,1d8+4,1d6+4,40,18,5,3,1d8+4,1d8+4,0.0,B
5637,40,18,5,3,1d12+4,1d6+4,40,16,6,5,1d10+4,1d6+4,1.0,A
5638,40,18,7,5,1d8+4,1d8+4,40,16,8,5,1d10+4,1d6+4,3.0,A
5639,40,18,8,3,1d8+4,1d6+4,40,18,8,5,1d10+4,1d6+4,4.0,A
5640,40,14,6,5,1d10+4,1d6+4,40,14,5,5,1d10+4,1d8+4,1.0,B
5641,40,18,7,5,1d12+4,1d8+4,40,15,7,3,1d10+4,1d6+4,5.0,B
5642,40,16,6,5,1d12+4,1d6+4,40,16,7,4,1d8+4,1d8+4,6.0,B
5643,40,15,5,4,1d8+4,1d6+4,40,18,8,3,1d10+4,1d8+4,4.0,B
5644,40,14,6,5,1d12+4,1d6+4,40,18,5,3,1d8+4,1d8+4,4.0,B
5645,40,18,7,4,1d8+4,1d8+4,40,14,6,5,1d8+4,1d8+4,5.0,A
5646,40,14,5,3,1d8+4,1d8+4,40,15,6,4,1d10+4,1d8+4,8.0,B
5647,40,16,7,4,1d12+4,1d6+4,40,15,5,5,1d12+4,1d6+4,6.0,A
5648,40,18,7,3,1d10+4,1d6+4,40,18,8,4,1d10+4,1d6+4,0.0,A
5649,40,18,6,5,1d12+4,1d8+4,40,14,8,3,1d8+4,1d8+4,9.0,A
5650,40,16,7,5,1d12+4,1d8+4,40,15,5,5,1d8+4,1d6+4,10.0,B
5651,40,16,7,4,1d8+4,1d6+4,40,16,8,3,1d10+4,1d8+4,8.0,B
5652,40,17,7,5,1d8+4,1d8+4,40,14,7,4,1d12+4,1d8+4,4.0,B
5653,40,17,8,4,1d12+4,1d6+4,40,14,6,4,1d10+4,1d6+4,5.0,B
5654,40,18,6,3,1d10+4,1d8+4,40,17,7,4,1d12+4,1d6+4,5.0,A
5655,40,18,7,3,1d8+4,1d6+4,40,15,8,5,1d8+4,1d6+4,10.0,B
5656,40,18,5,4,1d12+4,1d6+4,40,15,8,5,1d8+4,1d6+4,1.0,B
5657,40,17,5,3,1d10+4,1d8+4,40,17,8,5,1d12+4,1d8+4,8.0,A
5658,40,18,5,3,1d10+4,1d6+4,40,18,5,5,1d12+4,1d6+4,7.0,B
5659,40,16,7,4,1d10+4,1d6+4,40,18,7,3,1d8+4,1d8+4,5.0,B
5660,40,17,5,5,1d10+4,1d8+4,40,16,6,5,1d8+4,1d8+4,8.0,B
5661,40,18,6,3,1d12+4,1d6+4,40,14,8,5,1d12+4,1d8+4,0.0,A
5662,40,14,5,4,1d10+4,1d8+4,40,18,5,3,1d12+4,1d6+4,7.0,A
5663,40,17,7,4,1d8+4,1d8+4,40,16,6,3,1d8+4,1d6+4,8.0,A
5664,40,18,5,4,1d12+4,1d6+4,40,15,7,4,1d10+4,1d8+4,6.0,B
5665,40,14,5,5,1d8+4,1d8+4,40,15,7,3,1d10+4,1d6+4,6.0,B
5666,40,18,8,3,1d12+4,1d6+4,40,17,6,3,1d10+4,1d8+4,5.0,A
5667,40,15,8,4,1d8+4,1d8+4,40,14,6,4,1d8+4,1d6+4,0.0,A
5668,40,17,7,4,1d10+4,1d8+4,40,15,7,3,1d8+4,1d6+4,0.0,A
5669,40,14,5,5,1d10+4,1d8+4,40,15,5,4,1d8+4,1d8+4,2.0,A
5670,40,16,7,3,1d8+4,1d8+4,40,18,7,3,1d12+4,1d6+4,7.0,B
5671,40,17,7,4,1d12+4,1d8+4,40,17,6,3,1d10+4,1d6+4,10.0,B
5672,40,18,8,5,1d8+4,1d8+4,40,14,8,4,1d10+4,1d8+4,7.0,A
5673,40,17,5,3,1d8+4,1d8+4,40,16,5,5,1d12+4,1d6+4,8.0,A
5674,40,16,5,5,1d12+4,1d8+4,40,14,5,5,1d12+4,1d8+4,4.0,A
5675,40,15,6,5,1d8+4,1d6+4,40,17,7,5,1d12+4,1d8+4,0.0,A
5676,40,14,7,5,1d12+4,1d8+4,40,18,6,4,1d10+4,1d6+4,2.0,A
5677,40,16,8,5,1d12+4,1d6+4,40,14,5,3,1d8+4,1d6+4,4.0,A
5678,40,14,5,4,1d12+4,1d8+4,40,16,7,4,1d12+4,1d8+4,4.0,A
5679,40,14,5,4,1d12+4,1d8+4,40,15,5,3,1d12+4,1d8+4,5.0,A
5680,40,15,7,4,1d8+4,1d6+4,40,15,6,5,1d10+4,1d8+4,8.0,B
5681,40,14,7,3,1d12+4,1d6+4,40,15,8,3,1d12+4,1d6+4,3.0,A
5682,40,14,6,5,1d8+4,1d8+4,40,18,6,4,1d10+4,1d8+4,5.0,A
5683,40,16,8,5,1d12+4,1d6+4,40,17,8,5,1d10+4,1d8+4,3.0,A
5684,40,16,7,5,1d10+4,1d8+4,40,14,7,5,1d12+4,1d8+4,0.0,B
5685,40,16,5,5,1d12+4,1d8+4,40,14,5,3,1d12+4,1d6+4,9.0,A
5686,40,18,8,5,1d12+4,1d8+4,40,18,5,5,1d10+4,1d6+4,3.0,A
5687,40,17,8,4,1d8+4,1d8+4,40,14,6,4,1d10+4,1d6+4,6.0,A
5688,40,17,8,5,1d10+4,1d6+4,40,17,8,3,1d10+4,1d6+4,3.0,A
5689,40,17,8,4,1d10+4,1d6+4,40,16,7,5,1d8+4,1d8+4,1.0,A
5690,40,15,8,4,1d10+4,1d6+4,40,15,8,3,1d10+4,1d8+4,8.0,A
5691,40,16,5,4,1d8+4,1d8+4,40,15,5,4,1d8+4,1d6+4,10.0,A
5692,40,16,5,5,1d10+4,1d6+4,40,18,6,3,1d8+4,1d6+4,8.0,A
5693,40,17,7,5,1d8+4,1d8+4,40,18,7,4,1d12+4,1d6+4,10.0,A
5694,40,15,8,5,1d8+4,1d6+4,40,16,7,4,1d10+4,1d8+4,8.0,B
5695,40,16,7,4,1d8+4,1d8+4,40,14,5,4,1d10+4,1d6+4,8.0,A
5696,40,15,8,4,1d10+4,1d6+4,40,14,5,5,1d12+4,1d8+4,4.0,B
5697,40,17,6,4,1d12+4,1d8+4,40,18,6,4,1d12+4,1d6+4,8.0,B
5698,40,17,8,3,1d8+4,1d6+4,40,15,8,4,1d8+4,1d6+4,4.0,B
5699,40,15,6,5,1d12+4,1d6+4,40,14,8,4,1d10+4,1d6+4,1.0,A
5700,40,16,6,4,1d12+4,1d6+4,40,17,5,3,1d10+4,1d6+4,6.0,A
5701,40,18,5,4,1d8+4,1d6+4,40,16,8,4,1d10+4,1d6+4,10.0,B
5702,40,17,7,5,1d10+4,1d8+4,40,17,6,5,1d8+4,1d6+4,10.0,A
5703,40,18,5,5,1d12+4,1d6+4,40,16,8,4,1d8+4,1d8+4,3.0,B
5704,40,18,5,4,1d12+4,1d8+4,40,14,6,5,1d10+4,1d8+4,7.0,B
5705,40,14,7,3,1d10+4,1d6+4,40,15,6,5,1d10+4,1d6+4,10.0,A
5706,40,14,7,5,1d10+4,1d8+4,40,14,5,3,1d8+4,1d8+4,6.0,B
5707,40,17,6,5,1d10+4,1d6+4,40,16,5,5,1d10+4,1d8+4,7.0,B
5708,40,15,6,3,1d8+4,1d6+4,40,17,7,5,1d12+4,1d6+4,10.0,A
5709,40,18,5,3,1d12+4,1d6+4,40,14,8,3,1d10+4,1d6+4,1.0,A
5710,40,15,5,5,1d10+4,1d6+4,40,14,6,4,1d10+4,1d8+4,6.0,A
5711,40,18,8,4,1d12+4,1d8+4,40,14,5,5,1d8+4,1d6+4,9.0,A
5712,40,17,5,4,1d12+4,1d8+4,40,16,8,3,1d8+4,1d8+4,6.0,A
5713,40,17,6,5,1d12+4,1d8+4,40,17,6,5,1d10+4,1d8+4,5.0,B
5714,40,16,7,3,1d10+4,1d8+4,40,15,5,4,1d8+4,1d8+4,5.0,B
5715,40,16,6,5,1d10+4,1d6+4,40,16,7,5,1d10+4,1d8+4,4.0,A
5716,40,16,6,5,1d12+4,1d8+4,40,16,8,5,1d10+4,1d6+4,10.0,A
5717,40,15,5,4,1d10+4,1d8+4,40,18,7,4,1d10+4,1d8+4,2.0,A
5718,40,14,5,5,1d10+4,1d6+4,40,18,6,5,1d8+4,1d6+4,4.0,A
5719,40,18,6,4,1d10+4,1d8+4,40,17,8,5,1d8+4,1d8+4,7.0,B
5720,40,17,7,3,1d10+4,1d6+4,40,16,8,4,1d12+4,1d6+4,8.0,A
5721,40,15,6,5,1d10+4,1d6+4,40,14,7,4,1d10+4,1d8+4,2.0,A
5722,40,17,5,3,1d12+4,1d6+4,40,16,8,5,1d12+4,1d6+4,10.0,A
5723,40,15,8,5,1d10+4,1d6+4,40,17,8,3,1d10+4,1d6+4,9.0,A
5724,40,16,5,3,1d10+4,1d8+4,40,15,8,5,1d8+4,1d6+4,10.0,B
5725,40,15,8,5,1d8+4,1d6+4,40,16,7,4,1d10+4,1d6+4,7.0,B
5726,40,16,5,5,1d8+4,1d6+4,40,18,8,4,1d12+4,1d6+4,10.0,B
5727,40,15,7,4,1d10+4,1d8+4,40,18,7,3,1d10+4,1d8+4,8.0,B
5728,40,15,8,3,1d10+4,1d6+4,40,18,7,5,1d10+4,1d8+4,3.0,B
5729,40,16,6,5,1d10+4,1d6+4,40,14,5,4,1d10+4,1d6+4,7.0,A
5730,40,18,7,4,1d8+4,1d8+4,40,15,5,5,1d12+4,1d8+4,6.0,B
5731,40,14,8,3,1d10+4,1d6+4,40,15,5,3,1d10+4,1d8+4,7.0,A
5732,40,14,7,5,1d10+4,1d8+4,40,16,6,4,1d10+4,1d6+4,0.0,A
5733,40,17,8,5,1d10+4,1d6+4,40,17,7,3,1d8+4,1d6+4,10.0,B
5734,40,18,5,4,1d10+4,1d6+4,40,18,8,4,1d8+4,1d6+4,4.0,B
5735,40,18,7,4,1d12+4,1d8+4,40,17,5,3,1d8+4,1d6+4,0.0,B
5736,40,15,7,5,1d8+4,1d6+4,40,15,8,4,1d12+4,1d6+4,2.0,A
5737,40,16,7,5,1d12+4,1d6+4,40,17,6,3,1d12+4,1d6+4,10.0,B
5738,40,15,5,3,1d12+4,1d6+4,40,15,5,3,1d8+4,1d8+4,6.0,A
5739,40,15,6,5,1d8+4,1d6+4,40,16,7,4,1d10+4,1d8+4,0.0,B
5740,40,16,6,5,1d10+4,1d6+4,40,15,5,3,1d10+4,1d6+4,5.0,A
5741,40,15,8,3,1d10+4,1d8+4,40,17,6,3,1d12+4,1d8+4,1.0,A
5742,40,18,8,5,1d8+4,1d6+4,40,17,8,4,1d8+4,1d6+4,6.0,A
5743,40,14,5,5,1d12+4,1d8+4,40,14,8,5,1d10+4,1d6+4,5.0,B
5744,40,15,6,4,1d8+4,1d6+4,40,17,6,3,1d12+4,1d8+4,6.0,B
5745,40,17,5,4,1d10+4,1d8+4,40,17,5,4,1d10+4,1d8+4,5.0,B
5746,40,15,7,5,1d8+4,1d8+4,40,17,8,4,1d8+4,1d8+4,3.0,B
5747,40,18,7,5,1d10+4,1d6+4,40,14,7,3,1d8+4,1d8+4,9.0,A
5748,40,16,6,4,1d8+4,1d8+4,40,16,7,5,1d12+4,1d6+4,7.0,B
5749,40,18,5,4,1d10+4,1d8+4,40,16,8,5,1d12+4,1d8+4,2.0,A
5750,40,17,7,4,1d8+4,1d6+4,40,16,5,3,1d8+4,1d8+4,7.0,A
5751,40,18,8,3,1d8+4,1d8+4,40,18,6,4,1d10+4,1d6+4,1.0,A
5752,40,14,8,4,1d12+4,1d6+4,40,16,7,3,1d10+4,1d8+4,5.0,A
5753,40,18,6,4,1d8+4,1d8+4,40,14,8,5,1d10+4,1d6+4,10.0,A
5754,40,16,6,3,1d8+4,1d8+4,40,16,7,5,1d12+4,1d8+4,6.0,B
5755,40,15,7,4,1d12+4,1d8+4,40,14,5,5,1d10+4,1d8+4,1.0,A
5756,40,14,7,5,1d10+4,1d8+4,40,15,6,3,1d12+4,1d6+4,2.0,A
5757,40,18,7,4,1d12+4,1d6+4,40,14,7,4,1d8+4,1d8+4,3.0,A
5758,40,16,7,4,1d8+4,1d8+4,40,15,8,5,1d8+4,1d6+4,0.0,A
5759,40,17,8,3,1d12+4,1d8+4,40,14,6,5,1d12+4,1d6+4,1.0,A
5760,40,18,6,4,1d10+4,1d6+4,40,14,5,4,1d8+4,1d8+4,1.0,A
5761,40,15,5,3,1d8+4,1d8+4,40,15,5,5,1d8+4,1d8+4,1.0,A
5762,40,17,6,3,1d8+4,1d8+4,40,14,8,5,1d8+4,1d6+4,4.0,B
5763,40,14,5,3,1d12+4,1d8+4,40,18,8,4,1d12+4,1d6+4,3.0,A
5764,40,14,5,3,1d8+4,1d8+4,40,15,7,5,1d10+4,1d6+4,2.0,A
5765,40,16,8,5,1d8+4,1d8+4,40,14,5,4,1d10+4,1d8+4,7.0,B
5766,40,18,8,4,1d8+4,1d8+4,40,14,5,3,1d12+4,1d8+4,10.0,B
5767,40,18,8,4,1d8+4,1d6+4,40,15,7,3,1d10+4,1d8+4,8.0,A
5768,40,14,6,4,1d8+4,1d8+4,40,18,5,5,1d12+4,1d8+4,5.0,B
5769,40,18,5,4,1d10+4,1d6+4,40,16,8,3,1d12+4,1d8+4,3.0,B
5770,40,15,7,4,1d10+4,1d6+4,40,15,6,5,1d12+4,1d6+4,10.0,A
5771,40,17,7,3,1d8+4,1d8+4,40,14,8,5,1d12+4,1d6+4,2.0,A
5772,40,15,7,5,1d10+4,1d8+4,40,18,8,4,1d10+4,1d6+4,9.0,B
5773,40,14,7,5,1d8+4,1d8+4,40,15,8,3,1d12+4,1d6+4,1.0,B
5774,40,17,5,3,1d10+4,1d6+4,40,14,8,4,1d10+4,1d6+4,8.0,B
5775,40,15,5,3,1d10+4,1d8+4,40,18,8,5,1d8+4,1d8+4,9.0,B
5776,40,18,7,4,1d8+4,1d6+4,40,15,7,5,1d8+4,1d8+4,9.0,A
5777,40,18,7,5,1d12+4,1d6+4,40,14,7,4,1d10+4,1d8+4,4.0,A
5778,40,14,8,5,1d10+4,1d8+4,40,14,8,5,1d12+4,1d6+4,6.0,A
5779,40,15,7,3,1d8+4,1d8+4,40,15,8,5,1d12+4,1d8+4,1.0,B
5780,40,18,7,4,1d8+4,1d8+4,40,18,7,3,1d12+4,1d8+4,4.0,A
5781,40,16,7,4,1d10+4,1d8+4,40,14,6,4,1d12+4,1d6+4,7.0,A
5782,40,15,6,3,1d8+4,1d8+4,40,15,5,5,1d8+4,1d8+4,9.0,B
5783,40,17,5,3,1d10+4,1d6+4,40,16,5,4,1d12+4,1d8+4,9.0,A
5784,40,16,5,5,1d12+4,1d6+4,40,17,7,5,1d10+4,1d8+4,9.0,A
5785,40,17,7,5,1d8+4,1d6+4,40,16,8,5,1d10+4,1d6+4,10.0,B
5786,40,15,7,3,1d12+4,1d6+4,40,18,5,4,1d8+4,1d6+4,3.0,B
5787,40,14,7,4,1d8+4,1d6+4,40,18,7,5,1d8+4,1d6+4,3.0,B
5788,40,14,5,5,1d12+4,1d6+4,40,16,8,5,1d12+4,1d6+4,4.0,A
5789,40,16,7,3,1d8+4,1d8+4,40,15,8,3,1d10+4,1d8+4,8.0,B
5790,40,14,8,3,1d10+4,1d8+4,40,18,8,4,1d12+4,1d8+4,7.0,A
5791,40,18,8,4,1d10+4,1d6+4,40,15,8,4,1d10+4,1d6+4,6.0,A
5792,40,16,8,4,1d8+4,1d8+4,40,17,7,3,1d12+4,1d8+4,0.0,B
5793,40,18,6,5,1d10+4,1d6+4,40,18,5,5,1d12+4,1d6+4,5.0,A
5794,40,16,6,4,1d8+4,1d8+4,40,18,6,4,1d12+4,1d6+4,2.0,B
5795,40,14,8,3,1d10+4,1d8+4,40,16,8,3,1d10+4,1d6+4,2.0,B
5796,40,16,5,4,1d8+4,1d6+4,40,14,8,5,1d12+4,1d8+4,0.0,A
5797,40,16,7,4,1d10+4,1d8+4,40,18,5,4,1d10+4,1d8+4,5.0,B
5798,40,16,5,5,1d12+4,1d8+4,40,18,6,5,1d10+4,1d6+4,7.0,B
5799,40,14,6,3,1d12+4,1d8+4,40,15,7,3,1d12+4,1d6+4,4.0,B
5800,40,15,7,5,1d10+4,1d8+4,40,18,6,4,1d8+4,1d6+4,9.0,A
5801,40,15,8,3,1d8+4,1d6+4,40,18,8,3,1d12+4,1d8+4,9.0,B
5802,40,15,8,3,1d12+4,1d8+4,40,17,5,5,1d10+4,1d8+4,7.0,A
5803,40,15,7,5,1d10+4,1d8+4,40,15,6,3,1d12+4,1d6+4,6.0,B
5804,40,16,5,3,1d12+4,1d6+4,40,15,5,3,1d12+4,1d8+4,7.0,B
5805,40,15,5,3,1d10+4,1d6+4,40,18,5,4,1d12+4,1d8+4,10.0,A
5806,40,17,5,3,1d10+4,1d6+4,40,17,7,4,1d12+4,1d8+4,1.0,B
5807,40,15,7,4,1d8+4,1d8+4,40,18,7,3,1d8+4,1d8+4,4.0,A
5808,40,18,7,5,1d12+4,1d8+4,40,17,5,5,1d8+4,1d6+4,10.0,A
5809,40,18,5,3,1d8+4,1d8+4,40,17,5,5,1d10+4,1d6+4,1.0,A
5810,40,18,7,3,1d8+4,1d8+4,40,15,8,3,1d12+4,1d8+4,7.0,B
5811,40,16,8,3,1d8+4,1d8+4,40,16,6,4,1d12+4,1d8+4,4.0,A
5812,40,15,8,3,1d10+4,1d6+4,40,18,5,4,1d10+4,1d8+4,10.0,A
5813,40,18,5,3,1d8+4,1d6+4,40,18,5,4,1d10+4,1d8+4,0.0,B
5814,40,14,8,3,1d10+4,1d6+4,40,18,8,5,1d10+4,1d8+4,6.0,B
5815,40,16,6,4,1d8+4,1d6+4,40,18,6,3,1d10+4,1d8+4,2.0,A
5816,40,14,7,4,1d12+4,1d8+4,40,14,6,5,1d12+4,1d6+4,4.0,A
5817,40,18,6,5,1d8+4,1d8+4,40,18,7,4,1d10+4,1d8+4,5.0,A
5818,40,18,8,3,1d12+4,1d6+4,40,17,5,5,1d12+4,1d6+4,10.0,B
5819,40,18,8,5,1d8+4,1d6+4,40,17,6,3,1d10+4,1d6+4,3.0,A
5820,40,15,8,5,1d12+4,1d8+4,40,16,8,5,1d12+4,1d8+4,6.0,A
5821,40,18,5,3,1d10+4,1d6+4,40,15,8,3,1d10+4,1d6+4,1.0,B
5822,40,15,8,5,1d12+4,1d6+4,40,17,7,3,1d8+4,1d8+4,4.0,A
5823,40,18,8,4,1d8+4,1d6+4,40,18,8,3,1d8+4,1d8+4,4.0,A
5824,40,16,8,5,1d10+4,1d6+4,40,14,8,3,1d10+4,1d6+4,3.0,B
5825,40,14,8,4,1d10+4,1d8+4,40,18,6,4,1d10+4,1d8+4,7.0,B
5826,40,17,8,3,1d10+4,1d6+4,40,18,7,4,1d10+4,1d6+4,10.0,B
5827,40,16,6,5,1d12+4,1d8+4,40,18,8,4,1d10+4,1d8+4,9.0,B
5828,40,17,8,3,1d8+4,1d8+4,40,14,7,4,1d8+4,1d8+4,2.0,A
5829,40,15,6,3,1d8+4,1d6+4,40,14,7,4,1d12+4,1d8+4,3.0,B
5830,40,16,8,3,1d10+4,1d8+4,40,17,5,4,1d12+4,1d6+4,7.0,A
5831,40,17,5,5,1d12+4,1d8+4,40,14,5,4,1d10+4,1d6+4,0.0,B
5832,40,17,5,4,1d10+4,1d6+4,40,18,5,5,1d8+4,1d8+4,6.0,A
5833,40,14,5,5,1d10+4,1d6+4,40,15,8,5,1d12+4,1d6+4,8.0,B
5834,40,14,6,3,1d8+4,1d6+4,40,15,7,5,1d12+4,1d8+4,7.0,A
5835,40,17,5,4,1d8+4,1d8+4,40,14,7,4,1d8+4,1d6+4,4.0,B
5836,40,16,6,5,1d10+4,1d8+4,40,18,6,5,1d10+4,1d8+4,3.0,A
5837,40,16,5,3,1d12+4,1d6+4,40,17,8,3,1d10+4,1d8+4,1.0,A
5838,40,17,8,3,1d10+4,1d8+4,40,16,6,4,1d12+4,1d6+4,4.0,A
5839,40,15,6,3,1d8+4,1d8+4,40,15,6,5,1d12+4,1d6+4,9.0,B
5840,40,18,6,3,1d10+4,1d8+4,40,17,6,5,1d12+4,1d6+4,7.0,B
5841,40,14,5,3,1d12+4,1d8+4,40,15,7,5,1d12+4,1d8+4,10.0,B
5842,40,15,5,3,1d8+4,1d6+4,40,14,8,3,1d10+4,1d8+4,4.0,B
5843,40,16,6,4,1d10+4,1d6+4,40,15,6,3,1d8+4,1d8+4,0.0,A
5844,40,14,7,4,1d12+4,1d8+4,40,14,8,4,1d8+4,1d6+4,1.0,B
5845,40,17,7,4,1d12+4,1d6+4,40,14,6,5,1d12+4,1d8+4,8.0,A
5846,40,15,6,4,1d10+4,1d6+4,40,14,8,3,1d12+4,1d6+4,3.0,A
5847,40,15,5,4,1d12+4,1d6+4,40,17,7,5,1d8+4,1d6+4,2.0,A
5848,40,18,7,3,1d8+4,1d6+4,40,17,8,5,1d8+4,1d6+4,3.0,B
5849,40,17,8,4,1d12+4,1d8+4,40,14,8,3,1d8+4,1d8+4,0.0,A
5850,40,14,8,4,1d10+4,1d6+4,40,16,7,4,1d8+4,1d6+4,8.0,A
5851,40,17,7,4,1d12+4,1d8+4,40,16,6,3,1d8+4,1d6+4,7.0,B
5852,40,18,7,5,1d10+4,1d6+4,40,17,7,3,1d8+4,1d8+4,10.0,A
5853,40,17,8,4,1d12+4,1d8+4,40,17,8,4,1d12+4,1d8+4,2.0,A
5854,40,18,8,5,1d8+4,1d6+4,40,14,6,5,1d8+4,1d8+4,1.0,A
5855,40,18,8,4,1d10+4,1d6+4,40,17,5,3,1d8+4,1d8+4,4.0,A
5856,40,14,5,3,1d8+4,1d8+4,40,14,7,3,1d10+4,1d6+4,4.0,B
5857,40,17,5,5,1d8+4,1d8+4,40,17,8,4,1d12+4,1d8+4,8.0,B
5858,40,17,6,3,1d10+4,1d6+4,40,18,5,4,1d12+4,1d8+4,1.0,B
5859,40,18,6,5,1d8+4,1d6+4,40,17,7,4,1d8+4,1d8+4,9.0,B
5860,40,18,5,5,1d8+4,1d6+4,40,17,5,4,1d8+4,1d6+4,0.0,A
5861,40,15,7,5,1d8+4,1d6+4,40,16,5,4,1d10+4,1d6+4,5.0,B
5862,40,15,6,5,1d8+4,1d6+4,40,17,7,3,1d10+4,1d8+4,6.0,A
5863,40,17,5,3,1d12+4,1d6+4,40,17,8,3,1d10+4,1d6+4,4.0,A
5864,40,18,7,3,1d12+4,1d8+4,40,15,5,4,1d12+4,1d8+4,3.0,A
5865,40,14,5,4,1d12+4,1d6+4,40,14,6,5,1d12+4,1d6+4,2.0,B
5866,40,17,7,5,1d10+4,1d6+4,40,15,8,5,1d8+4,1d8+4,6.0,A
5867,40,14,7,4,1d8+4,1d8+4,40,16,6,5,1d12+4,1d8+4,6.0,B
5868,40,15,5,5,1d8+4,1d6+4,40,18,7,5,1d12+4,1d8+4,8.0,B
5869,40,14,5,5,1d10+4,1d8+4,40,14,6,4,1d10+4,1d6+4,3.0,A
5870,40,16,6,4,1d12+4,1d6+4,40,18,6,3,1d8+4,1d6+4,8.0,A
5871,40,15,7,3,1d12+4,1d8+4,40,18,7,4,1d8+4,1d8+4,5.0,A
5872,40,18,5,3,1d10+4,1d8+4,40,17,6,4,1d12+4,1d6+4,2.0,B
5873,40,15,7,5,1d8+4,1d8+4,40,14,8,3,1d12+4,1d8+4,5.0,A
5874,40,14,8,4,1d10+4,1d6+4,40,14,7,3,1d12+4,1d6+4,8.0,B
5875,40,16,7,5,1d12+4,1d6+4,40,18,7,5,1d12+4,1d8+4,9.0,A
5876,40,16,6,5,1d8+4,1d8+4,40,14,6,5,1d12+4,1d8+4,6.0,B
5877,40,17,6,5,1d10+4,1d6+4,40,16,5,3,1d10+4,1d8+4,9.0,A
5878,40,16,8,5,1d10+4,1d6+4,40,14,7,3,1d10+4,1d6+4,6.0,A
5879,40,17,8,4,1d10+4,1d8+4,40,15,8,4,1d8+4,1d8+4,2.0,A
5880,40,18,5,4,1d8+4,1d6+4,40,15,7,5,1d10+4,1d6+4,10.0,A
5881,40,16,8,4,1d12+4,1d8+4,40,15,8,4,1d8+4,1d8+4,4.0,A
5882,40,17,7,4,1d8+4,1d6+4,40,15,6,4,1d12+4,1d6+4,1.0,B
5883,40,14,5,3,1d10+4,1d8+4,40,14,5,5,1d10+4,1d6+4,9.0,A
5884,40,15,6,4,1d12+4,1d8+4,40,16,7,4,1d8+4,1d8+4,2.0,A
5885,40,16,5,3,1d10+4,1d8+4,40,15,6,5,1d8+4,1d6+4,6.0,A
5886,40,14,7,4,1d8+4,1d6+4,40,17,7,3,1d8+4,1d8+4,10.0,A
5887,40,17,7,3,1d8+4,1d6+4,40,16,8,3,1d12+4,1d6+4,10.0,B
5888,40,16,5,3,1d10+4,1d6+4,40,15,8,5,1d8+4,1d6+4,2.0,B
5889,40,17,8,3,1d8+4,1d8+4,40,14,6,5,1d12+4,1d6+4,7.0,B
5890,40,14,8,3,1d12+4,1d8+4,40,14,8,5,1d12+4,1d6+4,4.0,B
5891,40,17,8,5,1d8+4,1d8+4,40,17,6,5,1d8+4,1d6+4,3.0,B
5892,40,16,7,3,1d12+4,1d6+4,40,14,8,5,1d12+4,1d8+4,2.0,B
5893,40,16,6,5,1d12+4,1d8+4,40,15,5,5,1d8+4,1d8+4,9.0,A
5894,40,17,7,5,1d10+4,1d6+4,40,17,6,4,1d8+4,1d6+4,4.0,B
5895,40,17,6,3,1d10+4,1d6+4,40,17,7,5,1d12+4,1d8+4,3.0,A
5896,40,16,6,5,1d10+4,1d6+4,40,15,5,5,1d8+4,1d6+4,3.0,A
5897,40,16,6,3,1d12+4,1d6+4,40,16,5,5,1d8+4,1d8+4,7.0,A
5898,40,14,6,4,1d8+4,1d6+4,40,14,5,4,1d12+4,1d8+4,0.0,B
5899,40,18,5,5,1d12+4,1d6+4,40,17,7,5,1d10+4,1d8+4,4.0,A
5900,40,17,8,3,1d12+4,1d6+4,40,17,6,4,1d12+4,1d8+4,0.0,A
5901,40,18,8,4,1d10+4,1d6+4,40,15,6,5,1d10+4,1d8+4,3.0,A
5902,40,17,8,3,1d12+4,1d8+4,40,15,7,5,1d8+4,1d8+4,9.0,A
5903,40,15,6,4,1d8+4,1d8+4,40,17,8,5,1d8+4,1d8+4,5.0,B
5904,40,15,6,5,1d12+4,1d6+4,40,14,7,3,1d12+4,1d8+4,3.0,B
5905,40,15,6,5,1d10+4,1d6+4,40,15,5,5,1d8+4,1d8+4,2.0,A
5906,40,17,8,5,1d12+4,1d6+4,40,18,5,5,1d12+4,1d8+4,7.0,A
5907,40,14,6,3,1d10+4,1d6+4,40,14,7,3,1d10+4,1d6+4,0.0,A
5908,40,18,7,3,1d10+4,1d8+4,40,16,7,3,1d10+4,1d8+4,1.0,A
5909,40,16,6,5,1d10+4,1d6+4,40,18,7,5,1d12+4,1d6+4,6.0,B
5910,40,17,6,3,1d10+4,1d6+4,40,17,7,5,1d8+4,1d6+4,10.0,B
5911,40,15,5,5,1d8+4,1d6+4,40,15,6,3,1d12+4,1d8+4,0.0,A
5912,40,17,5,3,1d10+4,1d6+4,40,16,6,3,1d10+4,1d8+4,4.0,B
5913,40,17,6,5,1d8+4,1d6+4,40,17,5,3,1d12+4,1d8+4,7.0,A
5914,40,15,7,4,1d12+4,1d6+4,40,16,8,3,1d10+4,1d6+4,6.0,A
5915,40,16,8,5,1d10+4,1d8+4,40,16,6,4,1d12+4,1d8+4,10.0,A
5916,40,17,5,5,1d8+4,1d8+4,40,15,6,3,1d10+4,1d6+4,0.0,B
5917,40,16,8,5,1d12+4,1d6+4,40,17,6,3,1d8+4,1d8+4,8.0,A
5918,40,16,8,5,1d8+4,1d8+4,40,15,8,5,1d10+4,1d8+4,8.0,B
5919,40,18,5,4,1d12+4,1d8+4,40,14,7,3,1d10+4,1d6+4,7.0,A
5920,40,16,8,5,1d12+4,1d8+4,40,14,8,5,1d12+4,1d6+4,8.0,A
5921,40,15,6,5,1d8+4,1d8+4,40,17,7,4,1d10+4,1d8+4,0.0,B
5922,40,14,6,3,1d12+4,1d8+4,40,16,6,4,1d8+4,1d6+4,3.0,B
5923,40,18,7,5,1d10+4,1d6+4,40,16,5,5,1d12+4,1d8+4,1.0,B
5924,40,17,8,3,1d10+4,1d8+4,40,14,5,4,1d10+4,1d8+4,9.0,B
5925,40,17,7,3,1d12+4,1d6+4,40,16,5,3,1d12+4,1d8+4,2.0,B
5926,40,17,6,5,1d8+4,1d8+4,40,14,5,4,1d10+4,1d8+4,9.0,A
5927,40,18,7,3,1d8+4,1d6+4,40,16,8,3,1d12+4,1d6+4,9.0,B
5928,40,16,7,4,1d10+4,1d8+4,40,16,8,4,1d8+4,1d6+4,3.0,B
5929,40,18,7,3,1d8+4,1d8+4,40,18,8,5,1d10+4,1d6+4,2.0,A
5930,40,18,8,4,1d12+4,1d8+4,40,15,5,4,1d10+4,1d8+4,4.0,A
5931,40,18,5,4,1d12+4,1d8+4,40,18,7,5,1d8+4,1d6+4,10.0,A
5932,40,14,8,5,1d10+4,1d6+4,40,15,6,4,1d8+4,1d6+4,6.0,B
5933,40,15,5,3,1d10+4,1d8+4,40,15,6,3,1d8+4,1d8+4,5.0,B
5934,40,18,8,5,1d10+4,1d6+4,40,14,6,5,1d10+4,1d8+4,3.0,B
5935,40,18,8,5,1d10+4,1d8+4,40,15,6,3,1d10+4,1d6+4,10.0,A
5936,40,17,5,3,1d10+4,1d6+4,40,16,7,3,1d10+4,1d6+4,2.0,A
5937,40,14,7,3,1d10+4,1d8+4,40,18,6,5,1d12+4,1d8+4,9.0,B
5938,40,15,6,4,1d8+4,1d6+4,40,17,8,3,1d10+4,1d6+4,2.0,B
5939,40,15,8,3,1d10+4,1d6+4,40,14,8,4,1d8+4,1d6+4,6.0,A
5940,40,14,5,3,1d12+4,1d8+4,40,15,8,4,1d10+4,1d8+4,9.0,B
5941,40,15,5,4,1d12+4,1d8+4,40,14,6,3,1d12+4,1d8+4,7.0,A
5942,40,16,8,5,1d10+4,1d8+4,40,17,8,4,1d10+4,1d6+4,10.0,A
5943,40,18,5,5,1d8+4,1d8+4,40,14,7,5,1d8+4,1d6+4,0.0,A
5944,40,15,5,4,1d8+4,1d6+4,40,15,5,5,1d8+4,1d6+4,7.0,A
5945,40,16,8,4,1d8+4,1d8+4,40,16,7,5,1d10+4,1d6+4,10.0,A
5946,40,14,8,4,1d8+4,1d6+4,40,14,5,4,1d8+4,1d6+4,2.0,B
5947,40,15,7,3,1d12+4,1d8+4,40,15,6,4,1d12+4,1d8+4,6.0,A
5948,40,17,8,5,1d10+4,1d8+4,40,14,7,4,1d10+4,1d6+4,5.0,B
5949,40,18,8,4,1d12+4,1d6+4,40,17,5,3,1d8+4,1d6+4,2.0,B
5950,40,15,8,4,1d12+4,1d6+4,40,18,5,5,1d12+4,1d6+4,4.0,A
5951,40,16,7,5,1d10+4,1d8+4,40,15,6,4,1d12+4,1d8+4,4.0,A
5952,40,15,5,4,1d10+4,1d8+4,40,14,5,5,1d10+4,1d8+4,2.0,A
5953,40,17,8,3,1d10+4,1d6+4,40,16,7,3,1d10+4,1d8+4,9.0,B
5954,40,18,7,5,1d10+4,1d8+4,40,16,7,3,1d8+4,1d6+4,4.0,A
5955,40,17,5,5,1d10+4,1d8+4,40,18,7,5,1d12+4,1d6+4,8.0,A
5956,40,15,8,5,1d10+4,1d8+4,40,17,7,3,1d8+4,1d8+4,3.0,A
5957,40,17,8,4,1d8+4,1d8+4,40,15,7,5,1d10+4,1d6+4,9.0,A
5958,40,15,5,3,1d8+4,1d6+4,40,16,6,3,1d8+4,1d8+4,5.0,B
5959,40,17,6,3,1d10+4,1d6+4,40,18,8,5,1d10+4,1d6+4,4.0,A
5960,40,14,5,3,1d12+4,1d6+4,40,14,6,5,1d12+4,1d8+4,2.0,B
5961,40,14,5,5,1d12+4,1d6+4,40,17,6,4,1d8+4,1d8+4,2.0,A
5962,40,16,8,5,1d12+4,1d6+4,40,18,7,5,1d12+4,1d8+4,3.0,B
5963,40,14,7,5,1d10+4,1d6+4,40,18,8,4,1d8+4,1d6+4,2.0,A
5964,40,17,5,4,1d8+4,1d8+4,40,14,8,3,1d10+4,1d8+4,3.0,A
5965,40,16,8,4,1d10+4,1d6+4,40,15,8,3,1d12+4,1d8+4,6.0,B
5966,40,18,5,5,1d8+4,1d8+4,40,14,7,5,1d12+4,1d8+4,3.0,B
5967,40,16,7,3,1d12+4,1d8+4,40,15,7,5,1d10+4,1d8+4,0.0,A
5968,40,17,5,4,1d8+4,1d8+4,40,15,5,4,1d8+4,1d6+4,4.0,A
5969,40,18,8,5,1d10+4,1d6+4,40,16,8,5,1d10+4,1d6+4,5.0,A
5970,40,17,5,4,1d12+4,1d8+4,40,18,6,4,1d8+4,1d6+4,6.0,B
5971,40,17,8,3,1d8+4,1d6+4,40,17,5,4,1d8+4,1d8+4,10.0,A
5972,40,14,8,5,1d8+4,1d8+4,40,14,6,3,1d8+4,1d8+4,9.0,A
5973,40,18,6,4,1d10+4,1d8+4,40,17,6,3,1d12+4,1d8+4,10.0,A
5974,40,14,7,5,1d8+4,1d8+4,40,15,8,3,1d8+4,1d8+4,3.0,A
5975,40,18,8,5,1d12+4,1d8+4,40,16,5,4,1d12+4,1d6+4,0.0,A
5976,40,18,6,3,1d12+4,1d6+4,40,14,6,5,1d12+4,1d6+4,3.0,A
5977,40,18,8,3,1d12+4,1d6+4,40,17,6,3,1d8+4,1d6+4,3.0,B
5978,40,15,8,5,1d12+4,1d6+4,40,17,5,4,1d8+4,1d6+4,3.0,B
5979,40,16,7,4,1d12+4,1d8+4,40,17,5,3,1d12+4,1d8+4,9.0,A
5980,40,16,6,4,1d12+4,1d6+4,40,15,8,3,1d8+4,1d6+4,1.0,A
5981,40,18,6,4,1d10+4,1d6+4,40,17,6,4,1d10+4,1d8+4,7.0,A
5982,40,15,8,4,1d8+4,1d6+4,40,14,6,3,1d10+4,1d6+4,10.0,B
5983,40,17,7,5,1d12+4,1d6+4,40,17,8,5,1d8+4,1d8+4,3.0,B
5984,40,16,6,3,1d12+4,1d8+4,40,16,7,3,1d8+4,1d8+4,0.0,A
5985,40,17,8,4,1d10+4,1d6+4,40,15,7,5,1d12+4,1d6+4,7.0,A
5986,40,17,7,4,1d12+4,1d6+4,40,17,7,3,1d8+4,1d8+4,4.0,B
5987,40,18,5,3,1d8+4,1d6+4,40,15,7,5,1d10+4,1d6+4,0.0,B
5988,40,17,5,5,1d10+4,1d6+4,40,17,7,3,1d12+4,1d8+4,7.0,B
5989,40,16,7,5,1d8+4,1d6+4,40,16,7,4,1d8+4,1d8+4,0.0,B
5990,40,18,6,3,1d8+4,1d8+4,40,16,8,4,1d8+4,1d8+4,3.0,B
5991,40,17,5,4,1d10+4,1d8+4,40,18,5,5,1d8+4,1d8+4,0.0,A
5992,40,14,8,5,1d8+4,1d6+4,40,16,7,3,1d8+4,1d8+4,3.0,A
5993,40,15,6,4,1d8+4,1d6+4,40,14,6,3,1d8+4,1d8+4,8.0,B
5994,40,18,8,5,1d12+4,1d8+4,40,17,7,5,1d10+4,1d6+4,10.0,A
5995,40,14,8,3,1d8+4,1d8+4,40,16,6,3,1d10+4,1d8+4,10.0,A
5996,40,17,6,3,1d10+4,1d8+4,40,14,6,3,1d10+4,1d8+4,9.0,A
5997,40,15,8,3,1d8+4,1d6+4,40,14,7,3,1d10+4,1d8+4,7.0,B
5998,40,17,6,3,1d8+4,1d6+4,40,18,5,3,1d8+4,1d8+4,9.0,B
5999,40,15,8,3,1d8+4,1d6+4,40,17,5,3,1d8+4,1d8+4,10.0,A
6000,40,15,8,3,1d8+4,1d8+4,40,15,7,5,1d8+4,1d6+4,6.0,B
6001,40,15,7,3,1d8+4,1d6+4,40,16,6,3,1d12+4,1d8+4,0.0,A
6002,40,17,6,3,1d8+4,1d8+4,40,15,8,4,1d12+4,1d8+4,5.0,B
6003,40,18,8,3,1d8+4,1d8+4,40,16,6,5,1d8+4,1d8+4,1.0,A
6004,40,16,5,4,1d12+4,1d6+4,40,15,8,5,1d8+4,1d6+4,3.0,B
6005,40,15,8,3,1d8+4,1d8+4,40,16,8,4,1d8+4,1d6+4,5.0,B
6006,40,17,6,3,1d12+4,1d6+4,40,18,6,5,1d12+4,1d8+4,7.0,B
6007,40,15,7,3,1d8+4,1d6+4,40,15,6,4,1d12+4,1d8+4,6.0,A
6008,40,17,8,5,1d8+4,1d6+4,40,15,6,3,1d8+4,1d6+4,2.0,B
6009,40,16,6,3,1d8+4,1d6+4,40,15,5,5,1d8+4,1d8+4,9.0,A
6010,40,15,6,4,1d12+4,1d8+4,40,16,5,3,1d8+4,1d6+4,8.0,A
6011,40,14,5,5,1d10+4,1d8+4,40,14,7,5,1d10+4,1d6+4,9.0,B
6012,40,17,6,3,1d10+4,1d8+4,40,18,5,3,1d12+4,1d8+4,10.0,A
6013,40,15,8,5,1d8+4,1d6+4,40,15,6,4,1d8+4,1d8+4,2.0,B
6014,40,15,5,5,1d8+4,1d6+4,40,16,7,3,1d12+4,1d8+4,0.0,B
6015,40,17,8,3,1d12+4,1d6+4,40,14,7,5,1d10+4,1d8+4,3.0,A
6016,40,14,7,5,1d12+4,1d6+4,40,14,6,3,1d10+4,1d6+4,9.0,B
6017,40,15,8,5,1d8+4,1d6+4,40,15,6,5,1d12+4,1d6+4,0.0,A
6018,40,15,8,4,1d8+4,1d6+4,40,18,8,3,1d12+4,1d6+4,5.0,A
6019,40,16,8,4,1d10+4,1d8+4,40,16,6,3,1d8+4,1d8+4,5.0,A
6020,40,18,5,4,1d10+4,1d6+4,40,15,8,5,1d8+4,1d8+4,8.0,B
6021,40,18,8,4,1d12+4,1d6+4,40,17,5,5,1d10+4,1d8+4,10.0,B
6022,40,18,8,5,1d10+4,1d6+4,40,16,7,5,1d8+4,1d8+4,2.0,A
6023,40,15,5,5,1d8+4,1d8+4,40,15,8,3,1d10+4,1d6+4,2.0,B
6024,40,16,8,4,1d8+4,1d6+4,40,14,8,3,1d8+4,1d6+4,8.0,A
6025,40,15,6,3,1d8+4,1d6+4,40,15,6,4,1d8+4,1d8+4,10.0,A
6026,40,15,7,4,1d12+4,1d6+4,40,16,8,3,1d10+4,1d6+4,3.0,A
6027,40,14,5,4,1d10+4,1d6+4,40,15,7,3,1d12+4,1d8+4,4.0,B
6028,40,18,8,4,1d8+4,1d6+4,40,18,7,4,1d10+4,1d6+4,7.0,A
6029,40,14,5,5,1d8+4,1d6+4,40,15,8,3,1d10+4,1d8+4,5.0,B
6030,40,17,5,4,1d8+4,1d6+4,40,14,7,5,1d10+4,1d6+4,7.0,B
6031,40,16,7,4,1d8+4,1d6+4,40,18,8,3,1d8+4,1d6+4,5.0,A
6032,40,16,8,3,1d8+4,1d8+4,40,16,7,4,1d8+4,1d6+4,2.0,B
6033,40,16,5,5,1d12+4,1d8+4,40,17,5,3,1d8+4,1d6+4,3.0,A
6034,40,16,8,5,1d12+4,1d6+4,40,14,7,5,1d8+4,1d8+4,2.0,B
6035,40,14,7,5,1d10+4,1d8+4,40,16,8,5,1d8+4,1d6+4,6.0,B
6036,40,16,8,5,1d8+4,1d6+4,40,18,5,4,1d10+4,1d6+4,0.0,B
6037,40,18,5,5,1d8+4,1d8+4,40,16,6,5,1d12+4,1d6+4,9.0,B
6038,40,18,6,5,1d8+4,1d6+4,40,16,8,4,1d12+4,1d8+4,8.0,B
6039,40,18,6,5,1d12+4,1d8+4,40,16,5,3,1d8+4,1d8+4,5.0,A
6040,40,16,6,5,1d12+4,1d8+4,40,18,7,4,1d10+4,1d8+4,6.0,A
6041,40,16,6,3,1d12+4,1d8+4,40,14,7,4,1d12+4,1d6+4,1.0,B
6042,40,18,6,5,1d10+4,1d8+4,40,17,7,4,1d8+4,1d6+4,8.0,A
6043,40,14,8,5,1d8+4,1d6+4,40,18,6,4,1d12+4,1d6+4,3.0,B
6044,40,15,8,3,1d8+4,1d8+4,40,15,5,4,1d10+4,1d6+4,2.0,A
6045,40,14,5,4,1d8+4,1d8+4,40,17,7,4,1d8+4,1d6+4,3.0,A
6046,40,16,6,5,1d12+4,1d6+4,40,17,5,3,1d12+4,1d8+4,1.0,A
6047,40,17,5,5,1d10+4,1d6+4,40,14,5,4,1d12+4,1d6+4,4.0,A
6048,40,14,7,3,1d8+4,1d6+4,40,18,8,5,1d10+4,1d8+4,7.0,B
6049,40,18,8,3,1d10+4,1d6+4,40,17,8,3,1d8+4,1d6+4,10.0,B
6050,40,17,8,3,1d12+4,1d8+4,40,15,8,5,1d8+4,1d8+4,10.0,A
6051,40,14,7,4,1d10+4,1d8+4,40,18,8,5,1d12+4,1d6+4,3.0,B
6052,40,15,6,3,1d10+4,1d8+4,40,16,8,4,1d12+4,1d8+4,2.0,B
6053,40,16,5,3,1d12+4,1d6+4,40,15,5,3,1d12+4,1d8+4,7.0,B
6054,40,16,5,5,1d8+4,1d6+4,40,18,5,5,1d10+4,1d6+4,4.0,A
6055,40,18,8,3,1d8+4,1d6+4,40,17,5,5,1d8+4,1d8+4,5.0,A
6056,40,17,7,4,1d12+4,1d8+4,40,15,7,4,1d10+4,1d6+4,5.0,A
6057,40,17,8,5,1d10+4,1d8+4,40,15,5,4,1d8+4,1d8+4,0.0,A
6058,40,18,5,5,1d8+4,1d8+4,40,18,7,4,1d8+4,1d8+4,2.0,B
6059,40,18,8,5,1d8+4,1d6+4,40,17,6,4,1d12+4,1d8+4,0.0,B
6060,40,18,6,3,1d10+4,1d6+4,40,14,8,3,1d8+4,1d6+4,8.0,A
6061,40,16,6,4,1d10+4,1d6+4,40,14,8,4,1d12+4,1d8+4,1.0,A
6062,40,18,7,4,1d10+4,1d8+4,40,18,5,4,1d10+4,1d8+4,10.0,B
6063,40,18,7,5,1d12+4,1d8+4,40,16,5,3,1d12+4,1d8+4,7.0,A
6064,40,14,5,3,1d10+4,1d8+4,40,18,8,3,1d12+4,1d8+4,8.0,B
6065,40,15,8,4,1d12+4,1d6+4,40,18,7,4,1d8+4,1d8+4,0.0,B
6066,40,17,5,4,1d8+4,1d8+4,40,16,6,4,1d8+4,1d6+4,3.0,A
6067,40,18,8,5,1d10+4,1d8+4,40,14,5,4,1d12+4,1d8+4,8.0,A
6068,40,18,5,3,1d8+4,1d6+4,40,15,8,5,1d10+4,1d6+4,5.0,B
6069,40,18,8,5,1d8+4,1d8+4,40,17,8,4,1d10+4,1d6+4,1.0,B
6070,40,15,5,5,1d12+4,1d8+4,40,14,5,3,1d8+4,1d6+4,0.0,A
6071,40,17,8,3,1d10+4,1d6+4,40,14,5,5,1d12+4,1d6+4,0.0,A
6072,40,16,8,4,1d10+4,1d6+4,40,16,6,3,1d8+4,1d6+4,0.0,B
6073,40,16,6,3,1d8+4,1d6+4,40,15,6,4,1d12+4,1d8+4,3.0,B
6074,40,18,6,5,1d12+4,1d6+4,40,14,5,5,1d8+4,1d6+4,8.0,A
6075,40,17,6,5,1d10+4,1d6+4,40,14,5,4,1d12+4,1d6+4,3.0,B
6076,40,17,8,5,1d12+4,1d6+4,40,14,6,4,1d12+4,1d6+4,4.0,A
6077,40,14,8,4,1d10+4,1d8+4,40,14,5,4,1d12+4,1d8+4,5.0,B
6078,40,17,6,3,1d12+4,1d8+4,40,18,8,3,1d12+4,1d8+4,0.0,A
6079,40,14,8,5,1d8+4,1d8+4,40,14,8,5,1d12+4,1d6+4,0.0,B
6080,40,16,5,3,1d8+4,1d6+4,40,16,5,4,1d8+4,1d8+4,8.0,A
6081,40,17,5,5,1d10+4,1d8+4,40,17,8,3,1d10+4,1d6+4,3.0,A
6082,40,17,7,3,1d12+4,1d8+4,40,14,7,4,1d8+4,1d6+4,9.0,A
6083,40,18,7,3,1d10+4,1d6+4,40,17,5,4,1d10+4,1d6+4,0.0,B
6084,40,16,8,3,1d12+4,1d8+4,40,15,6,3,1d12+4,1d8+4,4.0,A
6085,40,18,8,5,1d10+4,1d6+4,40,18,5,4,1d8+4,1d8+4,8.0,B
6086,40,15,6,4,1d8+4,1d6+4,40,18,5,5,1d8+4,1d8+4,9.0,B
6087,40,18,5,3,1d12+4,1d6+4,40,16,8,3,1d8+4,1d8+4,0.0,A
6088,40,15,5,3,1d10+4,1d6+4,40,17,6,3,1d12+4,1d8+4,1.0,B
6089,40,16,7,4,1d8+4,1d8+4,40,18,7,4,1d12+4,1d6+4,9.0,B
6090,40,17,5,3,1d8+4,1d8+4,40,16,5,3,1d8+4,1d6+4,4.0,A
6091,40,15,8,4,1d10+4,1d6+4,40,16,8,5,1d8+4,1d8+4,0.0,A
6092,40,16,7,3,1d12+4,1d6+4,40,14,8,4,1d8+4,1d8+4,6.0,A
6093,40,17,7,4,1d10+4,1d6+4,40,14,8,5,1d10+4,1d6+4,4.0,A
6094,40,17,7,5,1d8+4,1d6+4,40,18,8,5,1d10+4,1d6+4,3.0,B
6095,40,18,6,5,1d8+4,1d6+4,40,14,7,3,1d12+4,1d8+4,10.0,A
6096,40,15,8,5,1d8+4,1d6+4,40,17,7,5,1d8+4,1d8+4,0.0,A
6097,40,18,5,4,1d12+4,1d6+4,40,15,6,4,1d12+4,1d8+4,1.0,B
6098,40,18,7,4,1d8+4,1d6+4,40,16,7,4,1d12+4,1d8+4,6.0,A
6099,40,18,6,3,1d12+4,1d6+4,40,14,5,3,1d12+4,1d8+4,2.0,A
6100,40,15,6,4,1d10+4,1d6+4,40,18,7,5,1d8+4,1d8+4,9.0,B
6101,40,16,8,3,1d10+4,1d8+4,40,15,7,5,1d10+4,1d8+4,9.0,A
6102,40,18,8,5,1d12+4,1d6+4,40,18,6,5,1d8+4,1d8+4,7.0,A
6103,40,15,5,3,1d12+4,1d6+4,40,18,8,3,1d12+4,1d6+4,3.0,A
6104,40,15,6,3,1d10+4,1d8+4,40,14,8,5,1d8+4,1d8+4,10.0,B
6105,40,18,8,5,1d12+4,1d6+4,40,14,7,3,1d10+4,1d6+4,3.0,A
6106,40,14,8,3,1d12+4,1d6+4,40,15,5,3,1d10+4,1d6+4,9.0,B
6107,40,14,6,4,1d12+4,1d8+4,40,16,7,4,1d12+4,1d6+4,3.0,B
6108,40,14,7,3,1d10+4,1d8+4,40,16,5,5,1d8+4,1d8+4,10.0,A
6109,40,18,8,4,1d8+4,1d8+4,40,16,5,4,1d12+4,1d8+4,10.0,A
6110,40,18,8,4,1d12+4,1d6+4,40,15,7,3,1d8+4,1d8+4,2.0,A
6111,40,16,5,4,1d12+4,1d8+4,40,15,7,5,1d12+4,1d6+4,6.0,A
6112,40,17,7,5,1d8+4,1d8+4,40,18,6,4,1d8+4,1d8+4,3.0,A
6113,40,16,6,3,1d8+4,1d6+4,40,16,5,3,1d10+4,1d8+4,6.0,A
6114,40,14,5,5,1d10+4,1d6+4,40,15,7,3,1d10+4,1d6+4,6.0,A
6115,40,16,5,4,1d8+4,1d6+4,40,14,6,5,1d12+4,1d6+4,1.0,A
6116,40,18,7,4,1d10+4,1d6+4,40,17,6,3,1d8+4,1d6+4,3.0,A
6117,40,15,8,3,1d10+4,1d8+4,40,18,6,4,1d12+4,1d8+4,5.0,A
6118,40,17,7,3,1d10+4,1d6+4,40,18,7,5,1d10+4,1d6+4,9.0,A
6119,40,17,7,4,1d12+4,1d8+4,40,18,8,3,1d10+4,1d6+4,5.0,B
6120,40,15,6,3,1d12+4,1d8+4,40,15,5,4,1d12+4,1d6+4,3.0,A
6121,40,17,7,5,1d10+4,1d8+4,40,16,8,4,1d12+4,1d6+4,1.0,B
6122,40,17,6,4,1d10+4,1d6+4,40,16,7,5,1d10+4,1d8+4,5.0,A
6123,40,16,8,4,1d8+4,1d8+4,40,17,8,4,1d10+4,1d8+4,7.0,A
6124,40,14,6,3,1d8+4,1d6+4,40,17,6,4,1d12+4,1d6+4,3.0,A
6125,40,16,8,3,1d8+4,1d6+4,40,14,6,5,1d8+4,1d6+4,5.0,A
6126,40,16,8,5,1d12+4,1d6+4,40,14,7,3,1d10+4,1d8+4,9.0,A
6127,40,18,5,5,1d10+4,1d8+4,40,14,6,3,1d10+4,1d6+4,4.0,A
6128,40,14,5,4,1d10+4,1d8+4,40,17,8,3,1d10+4,1d6+4,1.0,B
6129,40,15,8,4,1d8+4,1d8+4,40,16,5,3,1d10+4,1d8+4,7.0,A
6130,40,17,6,4,1d10+4,1d6+4,40,15,7,5,1d12+4,1d8+4,2.0,B
6131,40,14,7,3,1d8+4,1d8+4,40,16,6,4,1d8+4,1d8+4,8.0,A
6132,40,17,8,4,1d12+4,1d6+4,40,14,6,3,1d10+4,1d8+4,4.0,A
6133,40,16,5,4,1d8+4,1d6+4,40,17,5,4,1d8+4,1d8+4,3.0,B
6134,40,17,8,5,1d12+4,1d6+4,40,14,6,5,1d8+4,1d6+4,2.0,A
6135,40,14,6,5,1d8+4,1d6+4,40,16,6,5,1d12+4,1d8+4,4.0,B
6136,40,18,8,4,1d10+4,1d6+4,40,16,5,5,1d12+4,1d8+4,7.0,A
6137,40,17,8,4,1d10+4,1d8+4,40,14,6,5,1d8+4,1d8+4,5.0,A
6138,40,17,8,3,1d8+4,1d6+4,40,16,7,5,1d10+4,1d8+4,9.0,B
6139,40,18,5,3,1d8+4,1d8+4,40,18,6,5,1d12+4,1d8+4,9.0,B
6140,40,17,7,4,1d12+4,1d6+4,40,16,8,3,1d8+4,1d8+4,6.0,A
6141,40,14,7,5,1d10+4,1d8+4,40,14,7,5,1d10+4,1d8+4,3.0,A
6142,40,14,7,4,1d12+4,1d6+4,40,17,6,3,1d8+4,1d6+4,5.0,B
6143,40,15,8,3,1d12+4,1d8+4,40,14,6,3,1d12+4,1d6+4,1.0,B
6144,40,15,6,3,1d10+4,1d8+4,40,15,7,5,1d8+4,1d8+4,1.0,A
6145,40,15,7,4,1d8+4,1d8+4,40,18,8,4,1d12+4,1d8+4,2.0,B
6146,40,18,8,5,1d10+4,1d8+4,40,15,7,3,1d8+4,1d6+4,7.0,A
6147,40,17,6,5,1d8+4,1d6+4,40,17,6,3,1d10+4,1d8+4,7.0,B
6148,40,17,8,5,1d12+4,1d8+4,40,15,6,5,1d8+4,1d6+4,9.0,B
6149,40,16,6,5,1d8+4,1d6+4,40,15,6,3,1d12+4,1d6+4,9.0,B
6150,40,17,7,5,1d10+4,1d6+4,40,17,6,5,1d12+4,1d8+4,4.0,A
6151,40,15,5,4,1d12+4,1d6+4,40,17,8,4,1d10+4,1d8+4,0.0,B
6152,40,14,5,5,1d8+4,1d6+4,40,15,5,5,1d12+4,1d8+4,6.0,B
6153,40,14,5,5,1d10+4,1d8+4,40,14,5,5,1d12+4,1d6+4,4.0,A
6154,40,18,6,5,1d12+4,1d6+4,40,18,8,5,1d8+4,1d6+4,6.0,A
6155,40,17,5,4,1d8+4,1d8+4,40,15,8,4,1d12+4,1d6+4,7.0,A
6156,40,17,5,3,1d12+4,1d6+4,40,17,6,3,1d10+4,1d6+4,9.0,B
6157,40,18,6,5,1d12+4,1d8+4,40,17,6,5,1d10+4,1d6+4,2.0,A
6158,40,16,5,3,1d10+4,1d6+4,40,16,6,3,1d8+4,1d8+4,1.0,A
6159,40,18,7,3,1d12+4,1d8+4,40,15,8,3,1d10+4,1d6+4,6.0,A
6160,40,18,6,5,1d12+4,1d8+4,40,14,6,5,1d12+4,1d6+4,9.0,B
6161,40,16,5,5,1d8+4,1d8+4,40,18,5,3,1d12+4,1d8+4,3.0,B
6162,40,17,8,3,1d8+4,1d8+4,40,15,5,5,1d10+4,1d6+4,7.0,A
6163,40,16,6,5,1d8+4,1d8+4,40,17,6,5,1d10+4,1d8+4,2.0,B
6164,40,15,8,3,1d8+4,1d6+4,40,18,6,5,1d8+4,1d6+4,1.0,B
6165,40,14,7,3,1d12+4,1d6+4,40,17,6,3,1d10+4,1d8+4,7.0,A
6166,40,15,8,4,1d12+4,1d6+4,40,15,7,4,1d10+4,1d8+4,10.0,B
6167,40,16,8,5,1d12+4,1d8+4,40,18,5,4,1d10+4,1d8+4,3.0,B
6168,40,14,5,4,1d12+4,1d6+4,40,17,5,4,1d12+4,1d8+4,3.0,B
6169,40,17,7,5,1d12+4,1d6+4,40,15,6,5,1d10+4,1d8+4,6.0,A
6170,40,17,7,4,1d10+4,1d6+4,40,14,6,3,1d12+4,1d8+4,0.0,A
6171,40,18,6,3,1d12+4,1d6+4,40,18,6,5,1d8+4,1d8+4,1.0,A
6172,40,15,6,3,1d10+4,1d8+4,40,18,8,5,1d10+4,1d8+4,7.0,B
6173,40,18,8,4,1d10+4,1d6+4,40,14,5,5,1d10+4,1d6+4,6.0,A
6174,40,14,8,3,1d10+4,1d8+4,40,15,7,5,1d10+4,1d8+4,9.0,B
6175,40,18,8,4,1d10+4,1d6+4,40,18,5,3,1d8+4,1d8+4,9.0,B
6176,40,16,8,5,1d12+4,1d8+4,40,17,6,3,1d8+4,1d6+4,9.0,B
6177,40,15,8,4,1d12+4,1d6+4,40,18,8,4,1d8+4,1d6+4,1.0,B
6178,40,15,8,4,1d12+4,1d8+4,40,18,8,3,1d12+4,1d6+4,2.0,A
6179,40,15,6,3,1d12+4,1d8+4,40,15,7,4,1d8+4,1d8+4,7.0,A
6180,40,16,5,5,1d8+4,1d8+4,40,15,6,5,1d10+4,1d6+4,5.0,A
6181,40,17,7,5,1d10+4,1d6+4,40,14,5,5,1d10+4,1d8+4,6.0,A
6182,40,15,7,5,1d8+4,1d8+4,40,15,8,4,1d8+4,1d8+4,8.0,A
6183,40,14,6,3,1d10+4,1d8+4,40,16,8,3,1d8+4,1d8+4,3.0,B
6184,40,18,6,3,1d10+4,1d6+4,40,15,7,3,1d12+4,1d8+4,0.0,A
6185,40,16,7,4,1d12+4,1d8+4,40,17,5,4,1d8+4,1d8+4,5.0,A
6186,40,18,6,5,1d8+4,1d6+4,40,16,8,5,1d12+4,1d6+4,1.0,B
6187,40,14,8,3,1d10+4,1d8+4,40,18,5,4,1d12+4,1d8+4,1.0,B
6188,40,14,6,4,1d10+4,1d8+4,40,15,8,5,1d12+4,1d6+4,7.0,A
6189,40,14,7,3,1d12+4,1d8+4,40,17,6,3,1d8+4,1d8+4,0.0,B
6190,40,15,7,3,1d12+4,1d8+4,40,17,7,5,1d12+4,1d6+4,8.0,A
6191,40,17,6,3,1d10+4,1d6+4,40,16,6,4,1d8+4,1d6+4,3.0,A
6192,40,17,8,4,1d12+4,1d6+4,40,18,7,4,1d12+4,1d8+4,9.0,A
6193,40,17,6,5,1d8+4,1d8+4,40,17,5,3,1d8+4,1d6+4,4.0,A
6194,40,18,7,5,1d10+4,1d8+4,40,18,8,4,1d12+4,1d8+4,4.0,B
6195,40,15,5,4,1d8+4,1d8+4,40,14,6,5,1d10+4,1d8+4,3.0,B
6196,40,17,5,5,1d8+4,1d6+4,40,15,7,5,1d12+4,1d6+4,7.0,B
6197,40,15,6,3,1d8+4,1d6+4,40,18,8,5,1d8+4,1d8+4,5.0,A
6198,40,15,6,4,1d12+4,1d6+4,40,18,8,3,1d10+4,1d8+4,1.0,B
6199,40,18,6,3,1d8+4,1d6+4,40,14,8,4,1d10+4,1d8+4,1.0,A
6200,40,14,8,4,1d8+4,1d6+4,40,18,6,5,1d10+4,1d6+4,2.0,A
6201,40,15,5,3,1d12+4,1d8+4,40,17,8,4,1d10+4,1d6+4,7.0,B
6202,40,14,5,5,1d12+4,1d6+4,40,15,7,3,1d12+4,1d8+4,1.0,B
6203,40,15,6,5,1d8+4,1d6+4,40,14,6,3,1d8+4,1d6+4,10.0,A
6204,40,16,7,5,1d12+4,1d8+4,40,15,6,5,1d10+4,1d6+4,4.0,A
6205,40,15,7,4,1d10+4,1d6+4,40,17,7,3,1d8+4,1d6+4,4.0,A
6206,40,18,6,5,1d10+4,1d6+4,40,15,6,3,1d10+4,1d8+4,7.0,A
6207,40,16,7,5,1d8+4,1d8+4,40,15,5,3,1d10+4,1d8+4,0.0,A
6208,40,18,5,4,1d12+4,1d8+4,40,14,5,4,1d10+4,1d8+4,10.0,A
6209,40,15,5,4,1d12+4,1d8+4,40,18,5,5,1d10+4,1d8+4,6.0,B
6210,40,17,6,3,1d12+4,1d6+4,40,17,8,4,1d12+4,1d8+4,10.0,B
6211,40,18,7,5,1d8+4,1d6+4,40,16,5,4,1d8+4,1d8+4,1.0,A
6212,40,15,7,5,1d8+4,1d6+4,40,18,5,4,1d10+4,1d8+4,2.0,B
6213,40,14,6,3,1d8+4,1d6+4,40,14,8,5,1d12+4,1d6+4,9.0,B
6214,40,15,6,5,1d10+4,1d8+4,40,18,5,5,1d8+4,1d8+4,5.0,B
6215,40,18,6,3,1d10+4,1d8+4,40,15,8,4,1d12+4,1d8+4,6.0,B
6216,40,14,8,3,1d8+4,1d8+4,40,14,8,3,1d10+4,1d8+4,7.0,B
6217,40,16,5,3,1d8+4,1d6+4,40,16,6,3,1d12+4,1d6+4,6.0,B
6218,40,18,8,4,1d8+4,1d6+4,40,15,7,4,1d8+4,1d8+4,10.0,A
6219,40,16,6,4,1d10+4,1d8+4,40,16,5,5,1d10+4,1d6+4,6.0,A
6220,40,17,5,5,1d10+4,1d6+4,40,16,8,5,1d10+4,1d8+4,9.0,B
6221,40,14,8,3,1d12+4,1d6+4,40,15,8,4,1d10+4,1d6+4,3.0,A
6222,40,14,6,3,1d8+4,1d8+4,40,16,5,3,1d8+4,1d8+4,9.0,B
6223,40,18,7,4,1d8+4,1d8+4,40,18,5,5,1d10+4,1d8+4,2.0,A
6224,40,15,7,4,1d12+4,1d8+4,40,17,8,5,1d12+4,1d6+4,1.0,A
6225,40,18,5,5,1d10+4,1d8+4,40,15,5,5,1d10+4,1d8+4,1.0,A
6226,40,16,5,3,1d10+4,1d6+4,40,14,6,5,1d12+4,1d8+4,10.0,A
6227,40,18,5,5,1d10+4,1d6+4,40,17,6,4,1d10+4,1d6+4,8.0,A
6228,40,18,8,4,1d8+4,1d8+4,40,18,6,3,1d10+4,1d8+4,1.0,A
6229,40,16,8,4,1d10+4,1d8+4,40,14,8,5,1d8+4,1d6+4,10.0,A
6230,40,14,6,5,1d10+4,1d6+4,40,17,6,5,1d8+4,1d8+4,10.0,A
6231,40,14,8,5,1d12+4,1d6+4,40,14,5,4,1d12+4,1d6+4,5.0,A
6232,40,18,5,4,1d12+4,1d8+4,40,17,7,3,1d12+4,1d6+4,5.0,A
6233,40,15,7,4,1d10+4,1d8+4,40,17,8,4,1d10+4,1d6+4,8.0,B
6234,40,16,8,5,1d10+4,1d8+4,40,16,5,4,1d12+4,1d6+4,7.0,B
6235,40,14,8,5,1d10+4,1d6+4,40,15,5,4,1d10+4,1d6+4,8.0,A
6236,40,18,7,5,1d12+4,1d6+4,40,16,6,3,1d12+4,1d8+4,6.0,A
6237,40,15,8,3,1d10+4,1d8+4,40,17,8,3,1d8+4,1d8+4,1.0,B
6238,40,18,7,5,1d10+4,1d8+4,40,15,7,3,1d10+4,1d8+4,1.0,B
6239,40,18,6,4,1d8+4,1d6+4,40,14,7,5,1d12+4,1d6+4,0.0,B
6240,40,16,7,4,1d8+4,1d8+4,40,16,8,4,1d10+4,1d8+4,4.0,B
6241,40,14,5,3,1d8+4,1d8+4,40,16,5,4,1d12+4,1d6+4,1.0,B
6242,40,18,5,5,1d12+4,1d6+4,40,18,5,4,1d8+4,1d6+4,8.0,A
6243,40,14,6,5,1d10+4,1d6+4,40,14,7,3,1d12+4,1d8+4,8.0,B
6244,40,16,6,3,1d10+4,1d8+4,40,14,7,4,1d10+4,1d8+4,6.0,A
6245,40,15,5,4,1d8+4,1d6+4,40,16,5,4,1d10+4,1d8+4,7.0,A
6246,40,16,8,4,1d12+4,1d6+4,40,16,8,4,1d12+4,1d8+4,4.0,A
6247,40,17,8,3,1d10+4,1d6+4,40,15,5,3,1d12+4,1d6+4,1.0,B
6248,40,18,6,3,1d10+4,1d8+4,40,16,6,5,1d8+4,1d8+4,5.0,A
6249,40,18,7,3,1d10+4,1d8+4,40,17,7,5,1d12+4,1d8+4,9.0,B
6250,40,18,5,5,1d8+4,1d8+4,40,14,8,3,1d10+4,1d6+4,10.0,B
6251,40,14,7,5,1d8+4,1d6+4,40,15,7,4,1d12+4,1d8+4,1.0,B
6252,40,16,8,3,1d10+4,1d8+4,40,15,6,3,1d10+4,1d8+4,1.0,A
6253,40,16,7,5,1d10+4,1d8+4,40,14,8,3,1d12+4,1d8+4,10.0,A
6254,40,18,7,4,1d8+4,1d8+4,40,15,6,3,1d12+4,1d6+4,10.0,B
6255,40,15,6,4,1d8+4,1d6+4,40,14,8,5,1d8+4,1d6+4,7.0,A
6256,40,17,6,4,1d12+4,1d6+4,40,18,7,4,1d8+4,1d8+4,5.0,B
6257,40,15,8,4,1d10+4,1d6+4,40,18,6,3,1d10+4,1d6+4,8.0,A
6258,40,14,5,4,1d12+4,1d6+4,40,14,7,5,1d10+4,1d6+4,4.0,A
6259,40,15,5,4,1d8+4,1d6+4,40,18,5,3,1d12+4,1d6+4,8.0,B
6260,40,14,6,4,1d10+4,1d6+4,40,16,5,5,1d8+4,1d6+4,5.0,A
6261,40,17,6,5,1d8+4,1d6+4,40,17,5,3,1d12+4,1d6+4,3.0,A
6262,40,16,7,4,1d10+4,1d6+4,40,16,7,4,1d10+4,1d6+4,3.0,B
6263,40,18,7,3,1d8+4,1d6+4,40,14,5,4,1d10+4,1d8+4,6.0,A
6264,40,14,6,5,1d12+4,1d8+4,40,15,6,3,1d10+4,1d8+4,0.0,B
6265,40,15,6,3,1d10+4,1d6+4,40,18,8,3,1d10+4,1d6+4,10.0,B
6266,40,16,7,3,1d12+4,1d8+4,40,17,8,4,1d8+4,1d6+4,3.0,A
6267,40,18,6,5,1d12+4,1d6+4,40,16,6,3,1d10+4,1d8+4,1.0,A
6268,40,16,8,4,1d12+4,1d6+4,40,15,7,4,1d8+4,1d6+4,0.0,B
6269,40,15,5,3,1d8+4,1d6+4,40,18,5,3,1d8+4,1d6+4,6.0,A
6270,40,14,8,4,1d10+4,1d8+4,40,18,5,5,1d12+4,1d8+4,2.0,B
6271,40,17,8,4,1d8+4,1d8+4,40,18,6,3,1d8+4,1d8+4,4.0,B
6272,40,18,7,3,1d8+4,1d8+4,40,14,5,4,1d8+4,1d6+4,6.0,A
6273,40,18,7,5,1d8+4,1d8+4,40,18,8,4,1d10+4,1d8+4,3.0,B
6274,40,16,8,3,1d12+4,1d8+4,40,15,8,3,1d12+4,1d6+4,10.0,A
6275,40,15,8,5,1d10+4,1d6+4,40,18,5,5,1d10+4,1d6+4,5.0,A
6276,40,16,8,5,1d8+4,1d6+4,40,17,6,4,1d10+4,1d8+4,0.0,B
6277,40,16,8,4,1d8+4,1d8+4,40,16,7,5,1d8+4,1d6+4,8.0,B
6278,40,14,6,4,1d12+4,1d8+4,40,14,6,5,1d10+4,1d6+4,2.0,A
6279,40,14,8,3,1d10+4,1d8+4,40,16,8,4,1d10+4,1d6+4,1.0,B
6280,40,18,8,4,1d10+4,1d6+4,40,15,5,3,1d10+4,1d8+4,10.0,A
6281,40,15,7,3,1d12+4,1d8+4,40,14,6,3,1d12+4,1d8+4,4.0,A
6282,40,18,6,4,1d12+4,1d8+4,40,18,6,4,1d8+4,1d8+4,0.0,A
6283,40,14,7,3,1d12+4,1d6+4,40,15,7,4,1d10+4,1d8+4,5.0,A
6284,40,14,8,4,1d12+4,1d8+4,40,14,5,3,1d10+4,1d8+4,5.0,A
6285,40,18,8,5,1d12+4,1d8+4,40,14,7,5,1d10+4,1d6+4,7.0,A
6286,40,15,8,3,1d10+4,1d8+4,40,17,8,3,1d8+4,1d8+4,2.0,B
6287,40,16,6,3,1d8+4,1d6+4,40,16,6,5,1d10+4,1d6+4,1.0,A
6288,40,16,7,5,1d12+4,1d6+4,40,17,5,3,1d10+4,1d8+4,8.0,A
6289,40,17,5,5,1d8+4,1d8+4,40,17,5,4,1d12+4,1d6+4,7.0,B
6290,40,17,6,5,1d10+4,1d6+4,40,18,6,4,1d8+4,1d6+4,6.0,B
6291,40,18,7,3,1d8+4,1d6+4,40,18,5,4,1d12+4,1d8+4,6.0,B
6292,40,14,5,5,1d8+4,1d8+4,40,16,8,5,1d10+4,1d8+4,6.0,B
6293,40,18,5,5,1d8+4,1d8+4,40,16,7,5,1d10+4,1d6+4,2.0,B
6294,40,15,5,5,1d10+4,1d8+4,40,15,6,4,1d8+4,1d6+4,4.0,A
6295,40,15,7,4,1d8+4,1d6+4,40,16,7,4,1d12+4,1d6+4,6.0,A
6296,40,18,5,5,1d8+4,1d8+4,40,16,5,5,1d10+4,1d8+4,2.0,A
6297,40,18,8,4,1d10+4,1d6+4,40,16,5,4,1d12+4,1d8+4,2.0,B
6298,40,17,5,4,1d12+4,1d8+4,40,16,7,4,1d10+4,1d8+4,2.0,B
6299,40,14,6,3,1d8+4,1d8+4,40,16,5,5,1d10+4,1d6+4,1.0,A
6300,40,18,5,3,1d10+4,1d6+4,40,14,6,4,1d12+4,1d8+4,8.0,A
6301,40,16,8,4,1d8+4,1d8+4,40,17,6,5,1d12+4,1d6+4,4.0,B
6302,40,14,5,3,1d12+4,1d8+4,40,14,7,3,1d10+4,1d8+4,7.0,B
6303,40,16,7,3,1d10+4,1d8+4,40,15,7,5,1d12+4,1d6+4,7.0,A
6304,40,15,7,4,1d10+4,1d8+4,40,18,7,5,1d8+4,1d6+4,10.0,B
6305,40,16,5,3,1d10+4,1d8+4,40,16,6,3,1d12+4,1d8+4,5.0,B
6306,40,16,6,4,1d10+4,1d6+4,40,14,5,3,1d10+4,1d8+4,7.0,A
6307,40,16,8,4,1d8+4,1d6+4,40,16,7,4,1d8+4,1d6+4,4.0,A
6308,40,17,6,5,1d8+4,1d8+4,40,18,5,5,1d10+4,1d8+4,4.0,A
6309,40,15,7,5,1d12+4,1d8+4,40,15,5,4,1d10+4,1d8+4,7.0,B
6310,40,14,7,5,1d10+4,1d8+4,40,18,5,3,1d8+4,1d6+4,0.0,A
6311,40,18,8,4,1d8+4,1d8+4,40,15,5,5,1d8+4,1d6+4,10.0,B
6312,40,16,7,3,1d12+4,1d6+4,40,16,8,5,1d12+4,1d6+4,5.0,B
6313,40,17,8,3,1d12+4,1d8+4,40,14,6,4,1d10+4,1d8+4,10.0,A
6314,40,17,8,3,1d8+4,1d6+4,40,16,5,4,1d8+4,1d8+4,2.0,A
6315,40,18,8,5,1d8+4,1d6+4,40,16,7,5,1d8+4,1d6+4,9.0,A
6316,40,17,5,5,1d12+4,1d8+4,40,14,5,5,1d8+4,1d6+4,5.0,A
6317,40,16,5,4,1d8+4,1d8+4,40,16,7,5,1d10+4,1d6+4,9.0,A
6318,40,14,8,3,1d10+4,1d8+4,40,17,7,5,1d10+4,1d8+4,9.0,B
6319,40,15,6,5,1d8+4,1d8+4,40,14,8,4,1d10+4,1d8+4,4.0,A
6320,40,15,7,3,1d8+4,1d8+4,40,15,8,5,1d8+4,1d6+4,7.0,A
6321,40,16,8,3,1d10+4,1d6+4,40,15,8,4,1d10+4,1d6+4,2.0,A
6322,40,18,5,4,1d12+4,1d6+4,40,15,5,3,1d12+4,1d6+4,5.0,A
6323,40,15,5,5,1d8+4,1d6+4,40,18,8,3,1d10+4,1d6+4,1.0,B
6324,40,14,7,3,1d12+4,1d8+4,40,15,7,3,1d8+4,1d6+4,1.0,B
6325,40,18,8,4,1d10+4,1d6+4,40,16,5,5,1d8+4,1d6+4,2.0,B
6326,40,14,7,4,1d10+4,1d8+4,40,17,7,3,1d8+4,1d6+4,10.0,A
6327,40,15,8,5,1d8+4,1d6+4,40,18,5,4,1d10+4,1d6+4,5.0,B
6328,40,15,7,5,1d10+4,1d6+4,40,14,7,5,1d10+4,1d8+4,8.0,B
6329,40,17,6,4,1d10+4,1d8+4,40,15,7,5,1d10+4,1d8+4,3.0,A
6330,40,15,5,5,1d8+4,1d6+4,40,15,8,5,1d12+4,1d6+4,0.0,A
6331,40,14,7,5,1d8+4,1d8+4,40,17,6,3,1d8+4,1d8+4,5.0,B
6332,40,14,7,3,1d10+4,1d8+4,40,15,8,5,1d12+4,1d6+4,4.0,A
6333,40,15,6,4,1d8+4,1d6+4,40,17,8,3,1d12+4,1d6+4,9.0,B
6334,40,17,7,4,1d8+4,1d8+4,40,17,6,5,1d8+4,1d8+4,5.0,A
6335,40,15,6,4,1d8+4,1d6+4,40,15,8,4,1d8+4,1d8+4,8.0,A
6336,40,15,7,4,1d8+4,1d8+4,40,14,7,3,1d8+4,1d8+4,3.0,A
6337,40,17,8,5,1d8+4,1d6+4,40,16,6,5,1d8+4,1d8+4,2.0,B
6338,40,17,6,3,1d12+4,1d6+4,40,18,8,5,1d8+4,1d6+4,5.0,A
6339,40,16,8,3,1d10+4,1d6+4,40,15,8,4,1d10+4,1d8+4,9.0,A
6340,40,18,8,3,1d10+4,1d6+4,40,17,6,4,1d12+4,1d6+4,9.0,B
6341,40,14,8,5,1d8+4,1d8+4,40,14,6,3,1d8+4,1d6+4,1.0,A
6342,40,15,7,3,1d12+4,1d8+4,40,14,7,5,1d12+4,1d8+4,3.0,B
6343,40,15,8,5,1d12+4,1d8+4,40,18,6,5,1d12+4,1d6+4,4.0,A
6344,40,18,6,3,1d12+4,1d6+4,40,16,7,4,1d10+4,1d8+4,1.0,A
6345,40,17,8,5,1d10+4,1d6+4,40,17,8,5,1d10+4,1d8+4,2.0,A
6346,40,15,7,4,1d10+4,1d8+4,40,16,8,5,1d8+4,1d6+4,8.0,B
6347,40,17,6,3,1d10+4,1d6+4,40,16,6,4,1d10+4,1d8+4,9.0,B
6348,40,14,5,3,1d12+4,1d8+4,40,16,5,5,1d12+4,1d6+4,10.0,A
6349,40,17,8,3,1d10+4,1d6+4,40,18,7,5,1d10+4,1d6+4,5.0,A
6350,40,18,8,5,1d8+4,1d6+4,40,18,6,5,1d10+4,1d6+4,0.0,A
6351,40,17,7,3,1d8+4,1d8+4,40,18,8,4,1d12+4,1d6+4,5.0,B
6352,40,16,8,3,1d8+4,1d8+4,40,17,6,3,1d10+4,1d8+4,1.0,A
6353,40,17,8,3,1d10+4,1d8+4,40,16,5,5,1d8+4,1d8+4,5.0,A
6354,40,18,5,4,1d8+4,1d6+4,40,14,7,4,1d10+4,1d6+4,6.0,A
6355,40,14,6,3,1d10+4,1d8+4,40,15,8,4,1d10+4,1d8+4,10.0,A
6356,40,17,8,4,1d12+4,1d6+4,40,14,6,3,1d8+4,1d8+4,4.0,B
6357,40,18,7,5,1d10+4,1d8+4,40,18,5,4,1d10+4,1d8+4,0.0,A
6358,40,16,5,3,1d8+4,1d8+4,40,15,7,4,1d12+4,1d6+4,10.0,A
6359,40,15,8,5,1d8+4,1d8+4,40,17,8,3,1d12+4,1d8+4,8.0,A
6360,40,16,7,4,1d12+4,1d6+4,40,15,6,5,1d8+4,1d6+4,3.0,A
6361,40,17,6,5,1d12+4,1d8+4,40,15,8,3,1d12+4,1d6+4,1.0,B
6362,40,17,7,4,1d12+4,1d6+4,40,14,5,3,1d12+4,1d6+4,0.0,B
6363,40,16,5,5,1d8+4,1d8+4,40,18,8,3,1d8+4,1d8+4,6.0,B
6364,40,18,7,3,1d10+4,1d8+4,40,14,5,4,1d10+4,1d8+4,6.0,A
6365,40,18,6,5,1d12+4,1d8+4,40,14,8,5,1d8+4,1d8+4,4.0,B
6366,40,17,8,3,1d12+4,1d6+4,40,18,5,4,1d10+4,1d8+4,4.0,B
6367,40,17,6,5,1d8+4,1d8+4,40,14,5,3,1d8+4,1d6+4,5.0,A
6368,40,18,7,5,1d12+4,1d6+4,40,17,7,3,1d10+4,1d6+4,10.0,A
6369,40,15,6,4,1d10+4,1d6+4,40,18,7,3,1d10+4,1d8+4,0.0,A
6370,40,17,7,4,1d10+4,1d8+4,40,14,5,5,1d12+4,1d6+4,10.0,A
6371,40,17,8,3,1d10+4,1d8+4,40,18,7,4,1d12+4,1d8+4,7.0,B
6372,40,14,6,3,1d8+4,1d8+4,40,17,6,5,1d12+4,1d8+4,6.0,B
6373,40,17,8,3,1d12+4,1d6+4,40,14,6,5,1d12+4,1d8+4,3.0,A
6374,40,14,5,3,1d12+4,1d6+4,40,14,6,4,1d10+4,1d6+4,2.0,A
6375,40,17,7,5,1d8+4,1d6+4,40,17,5,5,1d12+4,1d8+4,4.0,B
6376,40,18,6,3,1d10+4,1d8+4,40,14,8,5,1d12+4,1d8+4,7.0,B
6377,40,16,6,5,1d8+4,1d8+4,40,16,7,4,1d10+4,1d6+4,5.0,A
6378,40,15,6,3,1d10+4,1d8+4,40,17,8,5,1d8+4,1d8+4,4.0,B
6379,40,17,8,5,1d10+4,1d6+4,40,16,8,3,1d12+4,1d6+4,4.0,A
6380,40,16,8,3,1d8+4,1d8+4,40,16,6,3,1d8+4,1d8+4,8.0,B
6381,40,15,7,4,1d8+4,1d8+4,40,15,5,4,1d12+4,1d8+4,6.0,B
6382,40,15,7,5,1d10+4,1d6+4,40,18,8,5,1d12+4,1d6+4,2.0,A
6383,40,15,8,5,1d10+4,1d8+4,40,16,7,5,1d8+4,1d6+4,4.0,A
6384,40,15,5,4,1d10+4,1d8+4,40,14,5,3,1d12+4,1d6+4,2.0,A
6385,40,15,5,5,1d12+4,1d8+4,40,15,6,5,1d8+4,1d6+4,0.0,A
6386,40,18,7,3,1d12+4,1d8+4,40,18,8,4,1d10+4,1d8+4,1.0,B
6387,40,17,8,5,1d8+4,1d8+4,40,14,6,3,1d8+4,1d8+4,3.0,A
6388,40,17,7,4,1d12+4,1d8+4,40,17,7,3,1d8+4,1d8+4,4.0,B
6389,40,17,6,3,1d12+4,1d6+4,40,17,8,3,1d10+4,1d8+4,3.0,A
6390,40,18,6,4,1d8+4,1d6+4,40,18,6,3,1d8+4,1d6+4,8.0,A
6391,40,16,8,4,1d10+4,1d6+4,40,16,5,4,1d10+4,1d6+4,5.0,A
6392,40,16,6,4,1d8+4,1d8+4,40,16,6,3,1d10+4,1d6+4,2.0,A
6393,40,18,8,5,1d12+4,1d8+4,40,14,8,4,1d10+4,1d6+4,7.0,A
6394,40,14,8,4,1d8+4,1d8+4,40,15,8,3,1d8+4,1d6+4,2.0,B
6395,40,16,5,5,1d8+4,1d8+4,40,16,7,5,1d12+4,1d6+4,6.0,B
6396,40,14,5,5,1d12+4,1d8+4,40,14,5,5,1d8+4,1d8+4,6.0,A
6397,40,15,6,5,1d8+4,1d6+4,40,17,7,3,1d12+4,1d8+4,7.0,A
6398,40,17,5,4,1d10+4,1d8+4,40,14,8,5,1d8+4,1d8+4,10.0,A
6399,40,15,8,4,1d8+4,1d8+4,40,14,6,5,1d8+4,1d8+4,2.0,A
6400,40,17,6,4,1d8+4,1d6+4,40,15,5,5,1d10+4,1d6+4,7.0,A
6401,40,15,7,5,1d8+4,1d6+4,40,16,7,3,1d12+4,1d8+4,5.0,B
6402,40,17,6,4,1d10+4,1d6+4,40,15,5,4,1d10+4,1d6+4,9.0,B
6403,40,14,8,3,1d10+4,1d6+4,40,14,6,4,1d10+4,1d8+4,10.0,A
6404,40,15,7,4,1d10+4,1d6+4,40,14,5,5,1d8+4,1d8+4,0.0,A
6405,40,17,7,4,1d12+4,1d8+4,40,16,7,4,1d10+4,1d8+4,8.0,A
6406,40,15,6,5,1d12+4,1d6+4,40,17,7,5,1d12+4,1d6+4,4.0,A
6407,40,15,6,4,1d8+4,1d6+4,40,16,6,5,1d8+4,1d6+4,5.0,B
6408,40,16,8,4,1d10+4,1d6+4,40,18,6,4,1d12+4,1d6+4,2.0,A
6409,40,18,7,3,1d8+4,1d6+4,40,15,6,3,1d12+4,1d6+4,9.0,B
6410,40,15,8,4,1d10+4,1d6+4,40,16,6,3,1d10+4,1d6+4,8.0,B
6411,40,16,7,5,1d8+4,1d6+4,40,14,6,4,1d8+4,1d6+4,8.0,A
6412,40,14,5,3,1d12+4,1d6+4,40,17,6,5,1d10+4,1d8+4,4.0,B
6413,40,18,6,4,1d8+4,1d8+4,40,15,6,3,1d12+4,1d6+4,0.0,B
6414,40,16,5,3,1d8+4,1d6+4,40,15,7,4,1d12+4,1d6+4,8.0,B
6415,40,14,7,3,1d8+4,1d8+4,40,14,8,5,1d12+4,1d8+4,5.0,B
6416,40,17,7,4,1d10+4,1d6+4,40,18,6,4,1d8+4,1d6+4,5.0,B
6417,40,16,8,5,1d8+4,1d8+4,40,14,6,3,1d10+4,1d8+4,4.0,A
6418,40,15,8,5,1d10+4,1d8+4,40,16,8,5,1d10+4,1d6+4,0.0,B
6419,40,18,8,3,1d12+4,1d6+4,40,18,8,5,1d10+4,1d8+4,10.0,A
6420,40,15,8,4,1d8+4,1d6+4,40,16,8,3,1d12+4,1d6+4,0.0,B
6421,40,14,7,5,1d8+4,1d8+4,40,14,5,3,1d12+4,1d8+4,10.0,A
6422,40,18,6,4,1d10+4,1d8+4,40,18,5,3,1d8+4,1d6+4,2.0,A
6423,40,16,7,5,1d8+4,1d6+4,40,14,6,4,1d12+4,1d6+4,5.0,A
6424,40,14,6,5,1d12+4,1d6+4,40,14,5,4,1d8+4,1d8+4,4.0,A
6425,40,17,7,4,1d12+4,1d8+4,40,17,8,3,1d8+4,1d8+4,5.0,A
6426,40,14,5,3,1d8+4,1d8+4,40,16,5,3,1d12+4,1d8+4,7.0,B
6427,40,15,6,4,1d10+4,1d8+4,40,14,7,3,1d8+4,1d8+4,10.0,A
6428,40,14,5,5,1d12+4,1d8+4,40,14,6,4,1d8+4,1d6+4,6.0,B
6429,40,16,7,4,1d10+4,1d8+4,40,18,6,5,1d10+4,1d6+4,8.0,B
6430,40,15,8,4,1d10+4,1d8+4,40,16,6,4,1d12+4,1d6+4,6.0,A
6431,40,17,5,4,1d12+4,1d8+4,40,16,8,3,1d10+4,1d8+4,10.0,B
6432,40,17,8,3,1d12+4,1d8+4,40,14,8,5,1d10+4,1d8+4,1.0,A
6433,40,16,6,4,1d12+4,1d6+4,40,17,6,4,1d12+4,1d6+4,3.0,A
6434,40,14,5,5,1d12+4,1d8+4,40,18,8,5,1d12+4,1d8+4,1.0,A
6435,40,18,6,5,1d12+4,1d8+4,40,14,8,4,1d8+4,1d6+4,9.0,A
6436,40,18,5,3,1d10+4,1d6+4,40,18,7,5,1d10+4,1d8+4,9.0,A
6437,40,14,5,4,1d10+4,1d6+4,40,16,8,4,1d10+4,1d6+4,10.0,B
6438,40,16,6,3,1d8+4,1d8+4,40,15,7,3,1d8+4,1d8+4,10.0,B
6439,40,16,8,5,1d10+4,1d8+4,40,17,5,3,1d10+4,1d8+4,3.0,B
6440,40,14,5,4,1d10+4,1d8+4,40,14,8,4,1d8+4,1d6+4,9.0,A
6441,40,18,7,5,1d8+4,1d6+4,40,17,7,5,1d10+4,1d6+4,5.0,A
6442,40,18,5,4,1d10+4,1d8+4,40,16,6,4,1d12+4,1d8+4,0.0,B
6443,40,15,7,4,1d8+4,1d8+4,40,15,8,4,1d12+4,1d6+4,5.0,A
6444,40,15,5,3,1d10+4,1d8+4,40,15,6,4,1d12+4,1d6+4,10.0,B
6445,40,18,6,3,1d12+4,1d8+4,40,17,7,3,1d8+4,1d6+4,3.0,A
6446,40,14,8,3,1d10+4,1d8+4,40,15,6,5,1d8+4,1d8+4,6.0,A
6447,40,15,8,4,1d12+4,1d6+4,40,14,7,3,1d12+4,1d8+4,8.0,B
6448,40,18,6,4,1d8+4,1d8+4,40,17,6,4,1d8+4,1d8+4,1.0,A
6449,40,14,6,3,1d10+4,1d6+4,40,16,6,3,1d12+4,1d8+4,10.0,A
6450,40,18,5,4,1d8+4,1d8+4,40,15,5,4,1d8+4,1d8+4,10.0,A
6451,40,17,7,3,1d10+4,1d8+4,40,16,5,4,1d8+4,1d8+4,4.0,A
6452,40,15,8,3,1d12+4,1d8+4,40,16,5,5,1d10+4,1d8+4,8.0,A
6453,40,16,5,5,1d10+4,1d6+4,40,16,8,4,1d8+4,1d8+4,5.0,B
6454,40,15,6,5,1d12+4,1d6+4,40,18,8,3,1d8+4,1d6+4,4.0,A
6455,40,15,5,3,1d12+4,1d8+4,40,15,7,4,1d8+4,1d8+4,3.0,A
6456,40,18,5,4,1d8+4,1d6+4,40,14,6,4,1d10+4,1d6+4,8.0,A
6457,40,16,7,4,1d8+4,1d6+4,40,15,8,4,1d8+4,1d6+4,4.0,B
6458,40,15,5,3,1d8+4,1d8+4,40,18,8,4,1d10+4,1d8+4,10.0,B
6459,40,15,6,3,1d12+4,1d8+4,40,15,5,3,1d12+4,1d8+4,5.0,A
6460,40,17,8,5,1d8+4,1d8+4,40,18,8,3,1d8+4,1d6+4,1.0,A
6461,40,17,5,5,1d10+4,1d8+4,40,14,8,3,1d8+4,1d6+4,3.0,A
6462,40,17,5,3,1d10+4,1d6+4,40,16,5,5,1d8+4,1d6+4,5.0,B
6463,40,16,5,4,1d12+4,1d8+4,40,16,8,5,1d12+4,1d8+4,2.0,B
6464,40,16,6,5,1d10+4,1d6+4,40,17,8,3,1d12+4,1d8+4,2.0,B
6465,40,14,8,5,1d12+4,1d8+4,40,15,6,5,1d10+4,1d8+4,10.0,A
6466,40,16,7,4,1d10+4,1d8+4,40,15,5,5,1d12+4,1d6+4,8.0,A
6467,40,18,8,3,1d8+4,1d8+4,40,15,8,3,1d8+4,1d6+4,2.0,B
6468,40,16,5,3,1d8+4,1d8+4,40,15,5,5,1d8+4,1d8+4,4.0,A
6469,40,17,6,4,1d12+4,1d8+4,40,14,7,5,1d12+4,1d6+4,5.0,A
6470,40,16,6,3,1d10+4,1d6+4,40,17,5,4,1d12+4,1d6+4,10.0,A
6471,40,15,5,4,1d10+4,1d6+4,40,15,7,3,1d8+4,1d8+4,3.0,B
6472,40,17,7,5,1d8+4,1d6+4,40,18,5,4,1d8+4,1d6+4,0.0,B
6473,40,18,5,5,1d12+4,1d6+4,40,17,8,5,1d8+4,1d6+4,2.0,B
6474,40,17,8,3,1d10+4,1d8+4,40,15,7,3,1d8+4,1d8+4,5.0,A
6475,40,14,7,3,1d10+4,1d6+4,40,16,8,3,1d8+4,1d6+4,0.0,B
6476,40,18,7,3,1d10+4,1d8+4,40,16,8,4,1d10+4,1d8+4,6.0,B
6477,40,17,8,5,1d12+4,1d6+4,40,18,5,4,1d8+4,1d8+4,6.0,B
6478,40,17,8,5,1d12+4,1d8+4,40,18,7,4,1d12+4,1d8+4,4.0,A
6479,40,17,8,4,1d12+4,1d6+4,40,16,6,5,1d8+4,1d6+4,1.0,A
6480,40,17,7,4,1d12+4,1d8+4,40,14,8,3,1d8+4,1d8+4,0.0,A
6481,40,14,8,5,1d10+4,1d8+4,40,18,8,3,1d8+4,1d8+4,0.0,A
6482,40,17,7,5,1d10+4,1d8+4,40,18,6,3,1d8+4,1d6+4,8.0,B
6483,40,14,6,4,1d8+4,1d8+4,40,16,6,5,1d8+4,1d6+4,8.0,A
6484,40,18,5,3,1d12+4,1d6+4,40,15,6,4,1d8+4,1d8+4,8.0,A
6485,40,17,5,5,1d8+4,1d8+4,40,17,7,4,1d8+4,1d8+4,2.0,B
6486,40,16,7,3,1d8+4,1d8+4,40,16,8,3,1d10+4,1d6+4,10.0,A
6487,40,17,6,5,1d10+4,1d6+4,40,18,5,5,1d8+4,1d6+4,2.0,A
6488,40,17,8,5,1d10+4,1d6+4,40,14,6,5,1d10+4,1d6+4,9.0,A
6489,40,16,5,3,1d10+4,1d6+4,40,16,7,4,1d12+4,1d8+4,7.0,A
6490,40,15,5,4,1d12+4,1d6+4,40,14,6,4,1d12+4,1d6+4,3.0,A
6491,40,16,6,5,1d12+4,1d6+4,40,18,8,4,1d8+4,1d8+4,6.0,A
6492,40,16,5,5,1d8+4,1d8+4,40,15,6,5,1d12+4,1d8+4,1.0,B
6493,40,18,6,3,1d12+4,1d6+4,40,16,6,4,1d12+4,1d8+4,8.0,A
6494,40,16,7,3,1d8+4,1d6+4,40,16,6,3,1d10+4,1d6+4,8.0,A
6495,40,16,7,4,1d12+4,1d6+4,40,18,7,4,1d10+4,1d6+4,7.0,B
6496,40,17,7,3,1d12+4,1d8+4,40,17,5,4,1d12+4,1d6+4,3.0,A
6497,40,14,6,3,1d10+4,1d8+4,40,18,7,4,1d12+4,1d8+4,10.0,A
6498,40,16,8,3,1d8+4,1d8+4,40,18,8,3,1d12+4,1d6+4,10.0,B
6499,40,18,8,5,1d8+4,1d6+4,40,15,8,4,1d8+4,1d6+4,2.0,A
6500,40,14,8,5,1d8+4,1d6+4,40,17,8,3,1d12+4,1d6+4,2.0,B
6501,40,16,6,5,1d8+4,1d6+4,40,14,8,3,1d10+4,1d8+4,6.0,B
6502,40,16,8,5,1d10+4,1d6+4,40,18,5,3,1d8+4,1d8+4,5.0,A
6503,40,18,6,4,1d8+4,1d8+4,40,16,7,4,1d10+4,1d6+4,3.0,A
6504,40,16,5,3,1d12+4,1d8+4,40,14,8,3,1d12+4,1d8+4,3.0,B
6505,40,17,6,5,1d10+4,1d6+4,40,16,7,3,1d10+4,1d8+4,6.0,A
6506,40,16,6,4,1d10+4,1d8+4,40,15,8,5,1d10+4,1d6+4,2.0,A
6507,40,16,6,5,1d12+4,1d8+4,40,15,6,5,1d8+4,1d8+4,3.0,B
6508,40,15,5,3,1d10+4,1d6+4,40,15,5,5,1d12+4,1d8+4,6.0,A
6509,40,16,7,5,1d10+4,1d8+4,40,18,6,5,1d12+4,1d8+4,3.0,A
6510,40,15,6,4,1d8+4,1d6+4,40,15,5,3,1d12+4,1d8+4,6.0,B
6511,40,18,7,4,1d12+4,1d6+4,40,15,6,3,1d8+4,1d6+4,10.0,A
6512,40,15,8,5,1d12+4,1d8+4,40,18,7,4,1d8+4,1d8+4,9.0,B
6513,40,16,5,3,1d12+4,1d6+4,40,16,7,4,1d8+4,1d8+4,6.0,A
6514,40,18,8,4,1d8+4,1d6+4,40,16,6,5,1d12+4,1d8+4,4.0,B
6515,40,17,8,3,1d8+4,1d6+4,40,14,7,5,1d10+4,1d6+4,10.0,B
6516,40,14,5,3,1d10+4,1d6+4,40,15,5,4,1d8+4,1d6+4,1.0,B
6517,40,14,5,3,1d10+4,1d8+4,40,16,5,4,1d10+4,1d8+4,5.0,A
6518,40,17,5,3,1d12+4,1d6+4,40,18,8,3,1d10+4,1d6+4,4.0,B
6519,40,16,8,4,1d10+4,1d8+4,40,14,5,5,1d12+4,1d8+4,6.0,A
6520,40,16,5,4,1d12+4,1d8+4,40,17,8,4,1d10+4,1d8+4,6.0,B
6521,40,17,5,5,1d10+4,1d6+4,40,16,6,5,1d10+4,1d6+4,8.0,A
6522,40,14,7,4,1d12+4,1d6+4,40,18,6,5,1d12+4,1d8+4,10.0,B
6523,40,18,6,3,1d12+4,1d8+4,40,18,6,3,1d12+4,1d8+4,7.0,A
6524,40,16,8,5,1d8+4,1d6+4,40,16,5,5,1d12+4,1d6+4,0.0,B
6525,40,18,5,5,1d10+4,1d8+4,40,14,5,5,1d8+4,1d8+4,9.0,A
6526,40,14,5,5,1d10+4,1d8+4,40,15,8,4,1d10+4,1d8+4,8.0,B
6527,40,18,8,4,1d10+4,1d8+4,40,14,8,3,1d8+4,1d8+4,0.0,A
6528,40,15,5,5,1d8+4,1d8+4,40,14,7,3,1d8+4,1d8+4,3.0,A
6529,40,17,5,5,1d12+4,1d8+4,40,18,7,4,1d10+4,1d8+4,6.0,A
6530,40,14,6,4,1d10+4,1d6+4,40,18,5,5,1d10+4,1d6+4,9.0,A
6531,40,17,6,4,1d12+4,1d8+4,40,14,5,4,1d10+4,1d8+4,10.0,A
6532,40,16,8,4,1d12+4,1d6+4,40,17,7,3,1d12+4,1d6+4,10.0,A
6533,40,18,6,4,1d10+4,1d6+4,40,15,7,5,1d12+4,1d8+4,9.0,A
6534,40,17,5,5,1d12+4,1d6+4,40,16,5,4,1d8+4,1d8+4,4.0,A
6535,40,15,7,5,1d12+4,1d8+4,40,17,8,5,1d8+4,1d6+4,10.0,B
6536,40,18,8,5,1d8+4,1d8+4,40,16,7,4,1d12+4,1d8+4,4.0,B
6537,40,15,7,3,1d10+4,1d8+4,40,14,5,5,1d8+4,1d6+4,2.0,A
6538,40,14,5,5,1d8+4,1d6+4,40,16,8,3,1d8+4,1d6+4,8.0,A
6539,40,16,8,4,1d12+4,1d8+4,40,18,7,4,1d8+4,1d8+4,7.0,A
6540,40,15,5,5,1d10+4,1d6+4,40,16,7,5,1d10+4,1d8+4,9.0,A
6541,40,17,8,4,1d12+4,1d8+4,40,17,7,4,1d10+4,1d6+4,2.0,A
6542,40,17,8,4,1d12+4,1d6+4,40,17,7,4,1d8+4,1d6+4,5.0,B
6543,40,15,5,5,1d10+4,1d6+4,40,14,6,4,1d8+4,1d8+4,10.0,A
6544,40,18,5,4,1d10+4,1d6+4,40,15,6,4,1d8+4,1d6+4,10.0,A
6545,40,15,6,5,1d10+4,1d6+4,40,16,5,5,1d8+4,1d6+4,3.0,A
6546,40,16,5,4,1d10+4,1d8+4,40,17,6,4,1d10+4,1d8+4,6.0,B
6547,40,17,6,4,1d10+4,1d8+4,40,16,6,4,1d10+4,1d6+4,8.0,B
6548,40,15,6,5,1d8+4,1d8+4,40,17,6,4,1d8+4,1d6+4,4.0,B
6549,40,16,6,5,1d8+4,1d8+4,40,16,7,3,1d12+4,1d6+4,10.0,B
6550,40,14,7,3,1d8+4,1d8+4,40,16,7,4,1d12+4,1d6+4,4.0,B
6551,40,18,8,5,1d8+4,1d6+4,40,16,8,4,1d8+4,1d8+4,9.0,B
6552,40,18,5,3,1d12+4,1d8+4,40,15,5,3,1d12+4,1d8+4,2.0,B
6553,40,17,7,5,1d10+4,1d8+4,40,18,5,3,1d8+4,1d8+4,4.0,B
6554,40,18,5,3,1d10+4,1d8+4,40,16,5,3,1d8+4,1d6+4,0.0,A
6555,40,18,6,3,1d10+4,1d8+4,40,18,6,3,1d12+4,1d6+4,9.0,B
6556,40,14,7,5,1d8+4,1d6+4,40,17,8,3,1d10+4,1d6+4,7.0,B
6557,40,15,8,5,1d8+4,1d8+4,40,14,6,4,1d12+4,1d8+4,1.0,B
6558,40,16,7,3,1d8+4,1d8+4,40,14,8,4,1d12+4,1d8+4,7.0,B
6559,40,16,7,5,1d8+4,1d8+4,40,15,5,5,1d12+4,1d8+4,5.0,A
6560,40,18,8,3,1d8+4,1d8+4,40,17,6,5,1d8+4,1d8+4,6.0,B
6561,40,17,6,5,1d8+4,1d6+4,40,15,6,4,1d12+4,1d8+4,4.0,B
6562,40,15,6,3,1d10+4,1d8+4,40,16,8,5,1d8+4,1d8+4,6.0,B
6563,40,18,6,3,1d10+4,1d6+4,40,14,5,4,1d8+4,1d6+4,8.0,A
6564,40,15,6,4,1d8+4,1d8+4,40,14,6,5,1d10+4,1d6+4,9.0,B
6565,40,14,7,4,1d10+4,1d6+4,40,17,5,5,1d10+4,1d8+4,1.0,B
6566,40,17,7,5,1d12+4,1d8+4,40,14,8,5,1d10+4,1d6+4,4.0,A
6567,40,14,8,3,1d8+4,1d6+4,40,18,6,4,1d8+4,1d8+4,9.0,B
6568,40,17,7,3,1d8+4,1d8+4,40,17,8,5,1d8+4,1d6+4,2.0,B
6569,40,18,6,4,1d12+4,1d8+4,40,14,5,5,1d8+4,1d8+4,9.0,A
6570,40,16,6,4,1d12+4,1d6+4,40,15,6,4,1d12+4,1d6+4,2.0,A
6571,40,18,5,5,1d8+4,1d6+4,40,15,8,4,1d12+4,1d6+4,7.0,B
6572,40,17,5,3,1d12+4,1d8+4,40,17,6,3,1d10+4,1d6+4,7.0,A
6573,40,17,6,5,1d10+4,1d6+4,40,15,8,3,1d8+4,1d8+4,9.0,A
6574,40,15,6,4,1d10+4,1d8+4,40,16,8,5,1d10+4,1d6+4,5.0,A
6575,40,15,7,3,1d12+4,1d6+4,40,16,6,5,1d8+4,1d6+4,1.0,A
6576,40,16,5,4,1d8+4,1d8+4,40,18,5,5,1d12+4,1d8+4,6.0,B
6577,40,16,6,3,1d8+4,1d6+4,40,18,5,5,1d12+4,1d8+4,9.0,A
6578,40,15,6,4,1d8+4,1d8+4,40,16,7,3,1d8+4,1d6+4,8.0,A
6579,40,16,7,3,1d10+4,1d6+4,40,16,7,3,1d12+4,1d8+4,7.0,B
6580,40,15,6,5,1d8+4,1d6+4,40,18,7,5,1d8+4,1d8+4,0.0,B
6581,40,18,5,4,1d8+4,1d6+4,40,18,5,5,1d10+4,1d8+4,3.0,B
6582,40,18,6,3,1d12+4,1d8+4,40,14,6,3,1d10+4,1d6+4,0.0,A
6583,40,18,6,5,1d10+4,1d6+4,40,16,7,4,1d12+4,1d6+4,8.0,A
6584,40,14,8,4,1d12+4,1d6+4,40,15,6,4,1d8+4,1d8+4,2.0,A
6585,40,15,5,5,1d10+4,1d6+4,40,18,6,3,1d12+4,1d8+4,5.0,B
6586,40,14,8,5,1d12+4,1d6+4,40,15,7,4,1d8+4,1d6+4,2.0,B
6587,40,15,8,5,1d12+4,1d8+4,40,16,7,5,1d8+4,1d6+4,8.0,A
6588,40,16,7,4,1d8+4,1d8+4,40,15,6,3,1d10+4,1d6+4,1.0,A
6589,40,14,6,3,1d10+4,1d6+4,40,15,8,3,1d12+4,1d6+4,7.0,B
6590,40,14,6,3,1d10+4,1d8+4,40,14,6,4,1d8+4,1d6+4,5.0,A
6591,40,14,5,5,1d8+4,1d6+4,40,18,6,3,1d10+4,1d8+4,4.0,B
6592,40,17,7,5,1d8+4,1d6+4,40,18,8,5,1d8+4,1d8+4,8.0,B
6593,40,15,8,4,1d8+4,1d8+4,40,16,7,5,1d8+4,1d6+4,5.0,A
6594,40,16,8,5,1d12+4,1d8+4,40,14,5,4,1d10+4,1d8+4,6.0,A
6595,40,15,6,5,1d10+4,1d8+4,40,14,8,3,1d10+4,1d8+4,2.0,B
6596,40,16,7,3,1d8+4,1d8+4,40,17,5,3,1d12+4,1d6+4,1.0,B
6597,40,17,8,5,1d10+4,1d8+4,40,15,6,3,1d8+4,1d6+4,1.0,A
6598,40,15,5,3,1d10+4,1d8+4,40,15,6,5,1d8+4,1d6+4,1.0,B
6599,40,18,5,5,1d10+4,1d6+4,40,14,7,3,1d12+4,1d6+4,6.0,A
6600,40,15,8,3,1d8+4,1d6+4,40,15,5,4,1d8+4,1d6+4,0.0,A
6601,40,17,8,3,1d8+4,1d6+4,40,15,5,5,1d12+4,1d8+4,8.0,B
6602,40,17,8,3,1d10+4,1d6+4,40,14,7,5,1d8+4,1d6+4,1.0,A
6603,40,14,6,4,1d12+4,1d8+4,40,14,8,5,1d12+4,1d6+4,6.0,A
6604,40,17,7,4,1d10+4,1d6+4,40,15,5,3,1d10+4,1d8+4,5.0,B
6605,40,14,5,4,1d10+4,1d8+4,40,14,7,5,1d12+4,1d8+4,0.0,A
6606,40,16,8,4,1d10+4,1d8+4,40,16,8,3,1d12+4,1d6+4,8.0,B
6607,40,17,7,3,1d12+4,1d8+4,40,18,8,3,1d8+4,1d6+4,3.0,A
6608,40,14,6,4,1d8+4,1d6+4,40,18,7,5,1d10+4,1d8+4,0.0,A
6609,40,14,7,3,1d12+4,1d8+4,40,15,5,3,1d12+4,1d8+4,8.0,A
6610,40,15,5,5,1d8+4,1d6+4,40,17,6,3,1d10+4,1d6+4,7.0,B
6611,40,16,6,3,1d10+4,1d6+4,40,18,7,3,1d8+4,1d6+4,5.0,A
6612,40,16,7,4,1d10+4,1d6+4,40,15,6,5,1d10+4,1d8+4,6.0,B
6613,40,17,7,5,1d12+4,1d8+4,40,18,7,4,1d10+4,1d8+4,5.0,B
6614,40,18,8,5,1d12+4,1d8+4,40,16,7,3,1d12+4,1d8+4,9.0,A
6615,40,18,5,5,1d8+4,1d8+4,40,15,5,4,1d8+4,1d8+4,10.0,A
6616,40,18,7,4,1d10+4,1d8+4,40,18,6,4,1d10+4,1d8+4,2.0,A
6617,40,15,8,4,1d8+4,1d6+4,40,16,7,3,1d8+4,1d6+4,9.0,A
6618,40,18,6,3,1d8+4,1d8+4,40,16,7,5,1d12+4,1d8+4,10.0,A
6619,40,15,5,5,1d10+4,1d6+4,40,18,5,5,1d8+4,1d8+4,0.0,A
6620,40,17,6,3,1d12+4,1d8+4,40,15,7,3,1d8+4,1d8+4,7.0,B
6621,40,15,6,5,1d8+4,1d6+4,40,14,7,3,1d8+4,1d8+4,1.0,A
6622,40,18,7,3,1d8+4,1d6+4,40,18,5,3,1d8+4,1d8+4,7.0,A
6623,40,17,5,3,1d10+4,1d8+4,40,15,7,3,1d8+4,1d8+4,0.0,A
6624,40,17,6,3,1d10+4,1d6+4,40,15,8,3,1d12+4,1d8+4,6.0,A
6625,40,18,5,4,1d10+4,1d8+4,40,18,6,5,1d8+4,1d8+4,10.0,A
6626,40,14,5,5,1d8+4,1d6+4,40,17,7,3,1d12+4,1d6+4,1.0,B
6627,40,16,7,4,1d12+4,1d6+4,40,18,6,5,1d10+4,1d6+4,9.0,B
6628,40,14,6,5,1d8+4,1d6+4,40,16,5,3,1d12+4,1d8+4,4.0,B
6629,40,15,6,4,1d8+4,1d6+4,40,14,8,5,1d12+4,1d8+4,1.0,A
6630,40,17,7,4,1d12+4,1d6+4,40,18,6,4,1d12+4,1d6+4,4.0,A
6631,40,16,8,4,1d12+4,1d6+4,40,15,8,3,1d10+4,1d6+4,8.0,A
6632,40,16,8,5,1d10+4,1d6+4,40,16,7,4,1d12+4,1d8+4,7.0,A
6633,40,17,5,4,1d12+4,1d8+4,40,14,8,3,1d8+4,1d8+4,2.0,A
6634,40,17,7,5,1d8+4,1d6+4,40,18,7,5,1d8+4,1d6+4,0.0,B
6635,40,14,5,5,1d12+4,1d8+4,40,17,7,3,1d8+4,1d6+4,7.0,B
6636,40,17,6,3,1d8+4,1d6+4,40,15,8,3,1d8+4,1d6+4,8.0,B
6637,40,14,8,5,1d10+4,1d8+4,40,18,5,3,1d8+4,1d6+4,10.0,A
6638,40,17,6,4,1d10+4,1d6+4,40,15,7,3,1d8+4,1d6+4,7.0,A
6639,40,14,5,5,1d12+4,1d8+4,40,17,8,4,1d12+4,1d6+4,4.0,B
6640,40,16,8,5,1d10+4,1d8+4,40,18,5,4,1d12+4,1d6+4,4.0,A
6641,40,14,5,5,1d10+4,1d8+4,40,14,5,4,1d10+4,1d8+4,9.0,B
6642,40,14,6,4,1d10+4,1d6+4,40,16,7,4,1d12+4,1d8+4,0.0,B
6643,40,18,6,5,1d8+4,1d6+4,40,14,5,5,1d8+4,1d8+4,9.0,A
6644,40,16,8,5,1d8+4,1d6+4,40,15,5,3,1d8+4,1d8+4,6.0,A
6645,40,14,8,5,1d10+4,1d6+4,40,17,7,5,1d8+4,1d8+4,9.0,B
6646,40,15,8,3,1d12+4,1d6+4,40,17,6,4,1d10+4,1d6+4,4.0,A
6647,40,17,6,3,1d8+4,1d6+4,40,18,7,3,1d10+4,1d8+4,9.0,B
6648,40,16,8,3,1d12+4,1d6+4,40,15,7,3,1d8+4,1d8+4,9.0,A
6649,40,14,8,5,1d10+4,1d8+4,40,15,7,3,1d12+4,1d8+4,7.0,B
6650,40,15,5,3,1d12+4,1d8+4,40,15,7,4,1d12+4,1d8+4,0.0,A
6651,40,15,8,3,1d12+4,1d6+4,40,18,8,5,1d12+4,1d6+4,2.0,B
6652,40,14,5,3,1d10+4,1d8+4,40,16,6,4,1d8+4,1d6+4,5.0,B
6653,40,15,7,4,1d8+4,1d6+4,40,15,7,5,1d10+4,1d8+4,3.0,A
6654,40,17,6,5,1d8+4,1d8+4,40,18,5,3,1d8+4,1d6+4,8.0,A
6655,40,16,7,4,1d10+4,1d8+4,40,18,8,4,1d10+4,1d8+4,0.0,B
6656,40,15,8,5,1d12+4,1d8+4,40,15,7,5,1d10+4,1d8+4,10.0,A
6657,40,18,7,4,1d12+4,1d6+4,40,14,7,4,1d8+4,1d6+4,9.0,A
6658,40,14,7,4,1d10+4,1d8+4,40,17,7,5,1d10+4,1d8+4,2.0,A
6659,40,17,6,4,1d8+4,1d8+4,40,15,5,5,1d8+4,1d6+4,8.0,A
6660,40,15,5,5,1d12+4,1d6+4,40,18,7,3,1d12+4,1d6+4,8.0,B
6661,40,17,7,4,1d10+4,1d6+4,40,18,6,5,1d10+4,1d8+4,3.0,B
6662,40,14,6,5,1d8+4,1d8+4,40,17,7,5,1d8+4,1d8+4,3.0,B
6663,40,15,6,4,1d10+4,1d8+4,40,16,5,3,1d10+4,1d8+4,7.0,B
6664,40,16,5,4,1d12+4,1d8+4,40,16,5,5,1d10+4,1d8+4,2.0,A
6665,40,17,7,4,1d8+4,1d8+4,40,18,6,3,1d12+4,1d8+4,1.0,B
6666,40,15,7,4,1d8+4,1d8+4,40,17,6,5,1d10+4,1d8+4,10.0,A
6667,40,14,6,3,1d8+4,1d8+4,40,14,7,4,1d10+4,1d6+4,5.0,A
6668,40,17,7,4,1d10+4,1d6+4,40,14,7,5,1d12+4,1d6+4,9.0,B
6669,40,17,6,4,1d12+4,1d6+4,40,18,7,4,1d8+4,1d6+4,7.0,B
6670,40,14,5,5,1d10+4,1d8+4,40,15,6,4,1d10+4,1d6+4,0.0,B
6671,40,15,7,3,1d12+4,1d8+4,40,18,8,3,1d8+4,1d6+4,9.0,A
6672,40,17,7,5,1d10+4,1d6+4,40,17,8,5,1d12+4,1d8+4,1.0,B
6673,40,17,7,5,1d10+4,1d8+4,40,17,7,5,1d12+4,1d6+4,10.0,A
6674,40,18,6,3,1d12+4,1d8+4,40,16,6,5,1d10+4,1d6+4,8.0,A
6675,40,18,5,5,1d10+4,1d6+4,40,18,7,3,1d8+4,1d6+4,1.0,A
6676,40,18,5,3,1d10+4,1d8+4,40,14,8,3,1d10+4,1d8+4,1.0,B
6677,40,18,5,5,1d8+4,1d6+4,40,17,6,5,1d10+4,1d6+4,4.0,B
6678,40,18,6,3,1d12+4,1d8+4,40,15,6,5,1d10+4,1d8+4,7.0,B
6679,40,17,7,5,1d10+4,1d8+4,40,14,5,4,1d12+4,1d6+4,6.0,A
6680,40,18,5,5,1d8+4,1d8+4,40,14,7,5,1d8+4,1d6+4,6.0,A
6681,40,14,7,4,1d12+4,1d6+4,40,14,8,4,1d10+4,1d6+4,0.0,B
6682,40,14,8,3,1d12+4,1d6+4,40,18,7,4,1d12+4,1d8+4,5.0,A
6683,40,16,7,4,1d8+4,1d8+4,40,15,8,3,1d12+4,1d6+4,9.0,A
6684,40,17,5,4,1d10+4,1d6+4,40,15,7,4,1d12+4,1d8+4,1.0,A
6685,40,17,8,5,1d12+4,1d8+4,40,17,6,4,1d8+4,1d6+4,4.0,A
6686,40,18,8,5,1d10+4,1d8+4,40,18,7,3,1d10+4,1d6+4,0.0,B
6687,40,14,7,4,1d12+4,1d8+4,40,14,6,4,1d12+4,1d8+4,1.0,B
6688,40,14,8,5,1d12+4,1d8+4,40,17,8,5,1d8+4,1d6+4,7.0,A
6689,40,15,8,4,1d12+4,1d6+4,40,14,5,4,1d8+4,1d8+4,6.0,A
6690,40,15,5,3,1d10+4,1d8+4,40,16,8,3,1d12+4,1d6+4,3.0,B
6691,40,17,8,3,1d8+4,1d8+4,40,14,7,5,1d10+4,1d6+4,10.0,A
6692,40,18,5,5,1d10+4,1d6+4,40,18,6,5,1d10+4,1d8+4,7.0,B
6693,40,17,6,4,1d12+4,1d6+4,40,18,6,5,1d10+4,1d6+4,0.0,A
6694,40,18,7,4,1d8+4,1d8+4,40,14,5,3,1d12+4,1d6+4,7.0,A
6695,40,15,7,5,1d12+4,1d8+4,40,18,6,5,1d8+4,1d6+4,9.0,B
6696,40,15,8,4,1d12+4,1d6+4,40,16,6,3,1d8+4,1d8+4,0.0,B
6697,40,14,5,3,1d12+4,1d8+4,40,18,7,3,1d10+4,1d6+4,7.0,B
6698,40,17,5,4,1d10+4,1d8+4,40,14,7,5,1d12+4,1d6+4,3.0,B
6699,40,15,7,3,1d8+4,1d8+4,40,18,8,4,1d8+4,1d6+4,0.0,B
6700,40,16,6,4,1d8+4,1d6+4,40,15,8,4,1d12+4,1d6+4,2.0,B
6701,40,16,5,4,1d8+4,1d6+4,40,14,6,3,1d12+4,1d6+4,9.0,A
6702,40,15,7,4,1d12+4,1d6+4,40,14,5,4,1d8+4,1d8+4,10.0,A
6703,40,15,7,4,1d10+4,1d8+4,40,15,5,4,1d8+4,1d8+4,7.0,A
6704,40,16,6,3,1d12+4,1d8+4,40,14,5,3,1d10+4,1d6+4,2.0,B
6705,40,16,5,5,1d8+4,1d6+4,40,17,8,3,1d12+4,1d8+4,3.0,A
6706,40,18,6,3,1d10+4,1d6+4,40,18,6,3,1d12+4,1d8+4,7.0,A
6707,40,16,5,5,1d10+4,1d8+4,40,14,7,5,1d10+4,1d6+4,6.0,A
6708,40,15,6,3,1d12+4,1d6+4,40,17,8,3,1d8+4,1d6+4,1.0,B
6709,40,18,5,4,1d8+4,1d8+4,40,16,6,5,1d12+4,1d8+4,3.0,B
6710,40,18,8,5,1d12+4,1d6+4,40,18,8,4,1d8+4,1d6+4,10.0,A
6711,40,14,8,5,1d8+4,1d8+4,40,17,6,5,1d8+4,1d8+4,5.0,A
6712,40,15,5,3,1d10+4,1d8+4,40,15,6,5,1d10+4,1d8+4,3.0,A
6713,40,16,8,5,1d10+4,1d8+4,40,17,8,3,1d10+4,1d8+4,0.0,B
6714,40,17,6,4,1d12+4,1d8+4,40,17,6,3,1d8+4,1d6+4,7.0,B
6715,40,14,8,3,1d10+4,1d6+4,40,15,8,4,1d12+4,1d6+4,1.0,A
6716,40,17,5,4,1d10+4,1d6+4,40,15,8,4,1d8+4,1d8+4,6.0,B
6717,40,18,6,4,1d12+4,1d8+4,40,17,8,4,1d8+4,1d6+4,8.0,B
6718,40,17,5,3,1d10+4,1d6+4,40,17,5,4,1d10+4,1d8+4,2.0,A
6719,40,15,7,4,1d10+4,1d8+4,40,16,5,4,1d12+4,1d8+4,7.0,A
6720,40,16,8,4,1d8+4,1d6+4,40,17,5,3,1d8+4,1d6+4,7.0,B
6721,40,18,5,5,1d12+4,1d6+4,40,15,6,5,1d12+4,1d8+4,3.0,B
6722,40,17,8,3,1d10+4,1d8+4,40,14,7,5,1d12+4,1d8+4,1.0,B
6723,40,18,6,5,1d12+4,1d6+4,40,15,6,3,1d12+4,1d6+4,4.0,A
6724,40,18,5,3,1d8+4,1d8+4,40,14,5,3,1d12+4,1d6+4,8.0,B
6725,40,17,6,3,1d8+4,1d6+4,40,18,6,3,1d8+4,1d8+4,3.0,B
6726,40,17,6,5,1d8+4,1d6+4,40,18,5,5,1d10+4,1d6+4,3.0,A
6727,40,17,8,5,1d12+4,1d6+4,40,18,8,4,1d10+4,1d6+4,9.0,A
6728,40,14,8,4,1d12+4,1d6+4,40,15,8,3,1d10+4,1d6+4,0.0,A
6729,40,17,5,4,1d10+4,1d6+4,40,14,7,5,1d10+4,1d8+4,10.0,A
6730,40,16,6,5,1d12+4,1d6+4,40,16,8,4,1d8+4,1d6+4,7.0,A
6731,40,18,8,4,1d10+4,1d6+4,40,14,7,5,1d12+4,1d6+4,3.0,A
6732,40,18,8,5,1d10+4,1d8+4,40,18,5,4,1d10+4,1d8+4,4.0,A
6733,40,16,8,4,1d8+4,1d8+4,40,17,7,5,1d8+4,1d6+4,4.0,A
6734,40,14,8,4,1d12+4,1d8+4,40,14,5,3,1d8+4,1d6+4,4.0,A
6735,40,17,5,4,1d10+4,1d8+4,40,17,7,5,1d12+4,1d6+4,7.0,B
6736,40,16,5,3,1d8+4,1d6+4,40,14,5,3,1d12+4,1d6+4,10.0,B
6737,40,14,5,3,1d12+4,1d8+4,40,17,6,5,1d10+4,1d6+4,4.0,B
6738,40,15,6,3,1d10+4,1d6+4,40,16,7,5,1d8+4,1d8+4,7.0,B
6739,40,14,7,5,1d10+4,1d8+4,40,17,5,4,1d8+4,1d8+4,6.0,B
6740,40,16,7,4,1d8+4,1d6+4,40,17,8,3,1d8+4,1d6+4,6.0,A
6741,40,16,6,4,1d12+4,1d8+4,40,16,6,3,1d8+4,1d8+4,10.0,A
6742,40,17,8,5,1d8+4,1d8+4,40,16,5,5,1d12+4,1d6+4,1.0,A
6743,40,14,8,3,1d8+4,1d6+4,40,17,5,5,1d8+4,1d8+4,0.0,B
6744,40,17,8,5,1d12+4,1d8+4,40,18,6,3,1d8+4,1d6+4,9.0,A
6745,40,18,6,3,1d12+4,1d8+4,40,15,7,5,1d8+4,1d8+4,8.0,A
6746,40,17,5,5,1d8+4,1d6+4,40,14,6,4,1d8+4,1d8+4,10.0,A
6747,40,16,8,3,1d8+4,1d8+4,40,18,5,4,1d8+4,1d8+4,9.0,A
6748,40,17,6,4,1d12+4,1d6+4,40,14,7,5,1d10+4,1d6+4,10.0,A
6749,40,14,6,3,1d12+4,1d8+4,40,14,8,3,1d8+4,1d8+4,2.0,B
6750,40,15,6,3,1d10+4,1d8+4,40,15,7,5,1d12+4,1d6+4,8.0,A
6751,40,15,6,5,1d8+4,1d8+4,40,15,6,5,1d8+4,1d8+4,7.0,A
6752,40,15,8,5,1d10+4,1d6+4,40,14,8,3,1d12+4,1d8+4,4.0,B
6753,40,15,5,3,1d8+4,1d8+4,40,18,8,3,1d12+4,1d8+4,8.0,B
6754,40,16,8,3,1d8+4,1d6+4,40,15,6,5,1d8+4,1d6+4,8.0,A
6755,40,17,8,5,1d12+4,1d8+4,40,16,6,3,1d10+4,1d8+4,10.0,A
6756,40,15,5,5,1d10+4,1d6+4,40,15,8,3,1d12+4,1d6+4,2.0,A
6757,40,18,5,3,1d8+4,1d8+4,40,17,5,4,1d8+4,1d6+4,8.0,A
6758,40,18,6,4,1d10+4,1d6+4,40,14,7,3,1d10+4,1d8+4,1.0,A
6759,40,17,7,4,1d12+4,1d6+4,40,16,6,3,1d10+4,1d8+4,3.0,A
6760,40,15,8,5,1d8+4,1d8+4,40,17,6,4,1d10+4,1d8+4,4.0,A
6761,40,16,8,4,1d8+4,1d8+4,40,15,5,4,1d8+4,1d8+4,5.0,B
6762,40,18,6,3,1d12+4,1d8+4,40,14,5,4,1d12+4,1d8+4,3.0,A
6763,40,18,5,5,1d8+4,1d8+4,40,15,5,4,1d10+4,1d6+4,8.0,B
6764,40,16,6,4,1d8+4,1d6+4,40,17,7,5,1d12+4,1d6+4,9.0,B
6765,40,18,8,4,1d10+4,1d8+4,40,14,6,3,1d10+4,1d8+4,5.0,B
6766,40,18,6,4,1d12+4,1d6+4,40,18,5,4,1d12+4,1d8+4,3.0,B
6767,40,14,6,5,1d8+4,1d6+4,40,17,8,4,1d8+4,1d6+4,6.0,B
6768,40,14,7,3,1d10+4,1d8+4,40,15,6,5,1d10+4,1d6+4,1.0,A
6769,40,17,5,5,1d12+4,1d6+4,40,16,8,4,1d10+4,1d6+4,5.0,A
6770,40,18,6,4,1d10+4,1d6+4,40,18,5,5,1d12+4,1d8+4,6.0,B
6771,40,17,7,4,1d10+4,1d6+4,40,14,6,4,1d10+4,1d8+4,7.0,B
6772,40,18,5,3,1d12+4,1d6+4,40,18,7,4,1d10+4,1d6+4,10.0,B
6773,40,15,8,4,1d12+4,1d8+4,40,16,7,5,1d10+4,1d8+4,3.0,B
6774,40,17,6,4,1d10+4,1d8+4,40,18,8,5,1d12+4,1d8+4,3.0,B
6775,40,16,7,5,1d10+4,1d8+4,40,18,5,4,1d8+4,1d6+4,9.0,A
6776,40,18,5,4,1d10+4,1d6+4,40,18,5,3,1d8+4,1d8+4,9.0,A
6777,40,16,7,4,1d10+4,1d8+4,40,18,5,3,1d8+4,1d6+4,9.0,B
6778,40,16,8,4,1d12+4,1d6+4,40,14,8,5,1d12+4,1d6+4,8.0,B
6779,40,16,6,5,1d10+4,1d8+4,40,17,6,3,1d12+4,1d8+4,0.0,A
6780,40,15,5,3,1d10+4,1d8+4,40,18,5,3,1d8+4,1d8+4,4.0,B
6781,40,16,5,3,1d8+4,1d6+4,40,14,6,5,1d8+4,1d6+4,2.0,A
6782,40,15,6,4,1d10+4,1d8+4,40,17,8,4,1d10+4,1d6+4,9.0,B
6783,40,18,6,5,1d12+4,1d8+4,40,16,6,4,1d12+4,1d8+4,6.0,A
6784,40,15,7,4,1d8+4,1d6+4,40,18,6,4,1d10+4,1d8+4,8.0,B
6785,40,17,8,3,1d10+4,1d8+4,40,14,5,3,1d10+4,1d8+4,10.0,A
6786,40,18,6,3,1d10+4,1d6+4,40,16,7,3,1d10+4,1d8+4,6.0,A
6787,40,15,8,5,1d10+4,1d6+4,40,14,7,5,1d8+4,1d6+4,6.0,A
6788,40,15,5,3,1d8+4,1d6+4,40,16,8,3,1d12+4,1d6+4,2.0,B
6789,40,18,6,5,1d12+4,1d8+4,40,15,5,5,1d12+4,1d6+4,9.0,A
6790,40,16,6,3,1d10+4,1d6+4,40,16,7,4,1d8+4,1d8+4,5.0,A
6791,40,14,8,5,1d10+4,1d6+4,40,16,6,3,1d8+4,1d8+4,1.0,B
6792,40,17,7,5,1d12+4,1d8+4,40,16,6,3,1d12+4,1d6+4,1.0,A
6793,40,17,6,5,1d12+4,1d8+4,40,18,7,5,1d12+4,1d6+4,8.0,B
6794,40,16,7,3,1d10+4,1d8+4,40,15,7,5,1d8+4,1d8+4,6.0,A
6795,40,17,7,4,1d10+4,1d6+4,40,18,8,5,1d12+4,1d8+4,7.0,A
6796,40,16,6,5,1d8+4,1d6+4,40,15,6,4,1d12+4,1d8+4,6.0,A
6797,40,16,6,4,1d8+4,1d6+4,40,14,8,3,1d12+4,1d8+4,3.0,B
6798,40,15,7,5,1d10+4,1d8+4,40,14,6,5,1d10+4,1d8+4,10.0,A
6799,40,14,6,3,1d8+4,1d6+4,40,18,7,5,1d10+4,1d8+4,8.0,A
6800,40,17,7,4,1d12+4,1d8+4,40,14,6,4,1d12+4,1d8+4,6.0,A
6801,40,17,7,4,1d12+4,1d8+4,40,16,6,3,1d12+4,1d8+4,3.0,A
6802,40,17,6,4,1d10+4,1d8+4,40,15,8,5,1d12+4,1d8+4,3.0,A
6803,40,14,8,3,1d8+4,1d6+4,40,15,8,4,1d12+4,1d6+4,1.0,B
6804,40,18,8,3,1d10+4,1d6+4,40,18,6,3,1d12+4,1d8+4,8.0,B
6805,40,16,6,3,1d12+4,1d6+4,40,16,5,4,1d8+4,1d6+4,6.0,A
6806,40,15,5,3,1d8+4,1d8+4,40,17,7,4,1d12+4,1d6+4,2.0,B
6807,40,18,5,5,1d8+4,1d6+4,40,15,5,5,1d10+4,1d6+4,5.0,A
6808,40,15,7,3,1d12+4,1d6+4,40,16,5,5,1d8+4,1d6+4,10.0,B
6809,40,18,7,4,1d10+4,1d8+4,40,14,7,4,1d12+4,1d6+4,10.0,A
6810,40,18,6,3,1d10+4,1d8+4,40,14,8,3,1d10+4,1d6+4,6.0,A
6811,40,14,5,5,1d12+4,1d8+4,40,16,5,3,1d12+4,1d8+4,9.0,B
6812,40,17,6,3,1d10+4,1d8+4,40,17,6,3,1d12+4,1d8+4,8.0,A
6813,40,17,8,4,1d8+4,1d6+4,40,16,7,5,1d10+4,1d6+4,2.0,B
6814,40,16,5,5,1d10+4,1d8+4,40,14,5,3,1d12+4,1d8+4,7.0,B
6815,40,16,5,4,1d8+4,1d8+4,40,18,8,3,1d8+4,1d8+4,5.0,B
6816,40,18,6,5,1d10+4,1d8+4,40,14,5,4,1d12+4,1d6+4,1.0,A
6817,40,14,8,5,1d10+4,1d8+4,40,15,7,3,1d12+4,1d8+4,8.0,A
6818,40,15,6,4,1d8+4,1d6+4,40,18,6,4,1d12+4,1d8+4,9.0,B
6819,40,14,6,5,1d8+4,1d8+4,40,15,5,4,1d10+4,1d6+4,6.0,A
6820,40,15,5,4,1d10+4,1d6+4,40,14,6,3,1d8+4,1d6+4,9.0,A
6821,40,14,8,4,1d10+4,1d6+4,40,16,7,5,1d12+4,1d6+4,3.0,A
6822,40,18,8,4,1d10+4,1d8+4,40,16,6,5,1d8+4,1d8+4,5.0,A
6823,40,15,6,5,1d12+4,1d8+4,40,17,6,4,1d8+4,1d8+4,4.0,B
6824,40,17,6,4,1d10+4,1d8+4,40,18,6,5,1d10+4,1d8+4,0.0,A
6825,40,16,7,3,1d8+4,1d6+4,40,16,6,3,1d12+4,1d8+4,9.0,A
6826,40,16,6,3,1d8+4,1d8+4,40,15,6,4,1d12+4,1d6+4,10.0,B
6827,40,17,6,4,1d10+4,1d8+4,40,14,6,5,1d8+4,1d8+4,8.0,A
6828,40,14,6,3,1d10+4,1d8+4,40,14,5,4,1d10+4,1d6+4,3.0,B
6829,40,18,6,3,1d8+4,1d6+4,40,14,6,4,1d12+4,1d6+4,6.0,A
6830,40,16,7,4,1d10+4,1d8+4,40,14,8,5,1d10+4,1d6+4,7.0,B
6831,40,17,5,3,1d10+4,1d8+4,40,16,5,4,1d10+4,1d6+4,5.0,A
6832,40,16,6,4,1d12+4,1d6+4,40,17,7,3,1d12+4,1d8+4,10.0,A
6833,40,18,7,5,1d10+4,1d8+4,40,14,5,4,1d10+4,1d8+4,1.0,B
6834,40,15,8,3,1d8+4,1d6+4,40,17,6,5,1d12+4,1d6+4,7.0,B
6835,40,17,8,4,1d12+4,1d8+4,40,17,8,4,1d12+4,1d6+4,5.0,A
6836,40,15,8,4,1d10+4,1d8+4,40,15,7,5,1d12+4,1d8+4,0.0,B
6837,40,15,8,5,1d8+4,1d8+4,40,16,6,5,1d12+4,1d6+4,4.0,B
6838,40,16,5,4,1d12+4,1d6+4,40,14,5,3,1d12+4,1d8+4,6.0,A
6839,40,16,5,3,1d10+4,1d8+4,40,16,5,4,1d10+4,1d8+4,6.0,A
6840,40,14,7,5,1d8+4,1d8+4,40,15,8,4,1d12+4,1d8+4,2.0,B
6841,40,14,7,4,1d8+4,1d6+4,40,18,6,5,1d12+4,1d6+4,7.0,B
6842,40,15,7,3,1d10+4,1d8+4,40,17,7,4,1d8+4,1d8+4,3.0,A
6843,40,17,6,5,1d12+4,1d8+4,40,18,5,4,1d10+4,1d6+4,2.0,A
6844,40,18,5,4,1d10+4,1d8+4,40,17,8,4,1d12+4,1d8+4,9.0,B
6845,40,16,8,5,1d10+4,1d8+4,40,14,5,4,1d12+4,1d8+4,2.0,A
6846,40,15,7,4,1d10+4,1d6+4,40,16,6,3,1d10+4,1d8+4,0.0,A
6847,40,18,8,3,1d8+4,1d6+4,40,18,8,5,1d8+4,1d8+4,4.0,B
6848,40,16,6,5,1d10+4,1d6+4,40,17,5,5,1d10+4,1d8+4,0.0,A
6849,40,18,7,4,1d12+4,1d8+4,40,17,5,4,1d12+4,1d8+4,1.0,A
6850,40,14,7,5,1d8+4,1d6+4,40,15,8,4,1d8+4,1d8+4,3.0,B
6851,40,16,5,5,1d8+4,1d6+4,40,18,7,3,1d12+4,1d6+4,9.0,A
6852,40,15,6,5,1d12+4,1d8+4,40,16,5,4,1d8+4,1d8+4,10.0,B
6853,40,15,6,4,1d8+4,1d6+4,40,18,8,3,1d10+4,1d8+4,10.0,A
6854,40,16,8,4,1d12+4,1d8+4,40,15,6,3,1d8+4,1d6+4,6.0,A
6855,40,18,8,3,1d8+4,1d8+4,40,17,8,3,1d10+4,1d6+4,8.0,B
6856,40,14,6,4,1d12+4,1d6+4,40,17,6,3,1d8+4,1d8+4,10.0,B
6857,40,18,6,5,1d12+4,1d6+4,40,16,8,4,1d8+4,1d8+4,8.0,A
6858,40,15,5,4,1d8+4,1d6+4,40,18,5,5,1d8+4,1d6+4,9.0,B
6859,40,16,5,3,1d10+4,1d8+4,40,17,6,4,1d12+4,1d8+4,8.0,B
6860,40,15,6,3,1d8+4,1d6+4,40,17,8,3,1d8+4,1d8+4,2.0,B
6861,40,16,6,5,1d12+4,1d8+4,40,15,7,3,1d8+4,1d6+4,10.0,B
6862,40,16,5,5,1d10+4,1d6+4,40,15,5,4,1d8+4,1d8+4,2.0,B
6863,40,16,6,3,1d10+4,1d6+4,40,16,6,4,1d12+4,1d8+4,2.0,B
6864,40,16,6,4,1d8+4,1d6+4,40,16,7,3,1d10+4,1d8+4,4.0,B
6865,40,15,5,3,1d10+4,1d6+4,40,16,8,5,1d8+4,1d6+4,9.0,B
6866,40,18,8,3,1d12+4,1d6+4,40,15,5,4,1d10+4,1d6+4,10.0,A
6867,40,15,5,4,1d10+4,1d6+4,40,15,6,4,1d8+4,1d8+4,8.0,A
6868,40,17,7,3,1d8+4,1d6+4,40,16,8,4,1d10+4,1d8+4,9.0,B
6869,40,17,7,3,1d10+4,1d8+4,40,14,6,5,1d10+4,1d6+4,10.0,A
6870,40,17,6,3,1d12+4,1d8+4,40,18,5,4,1d12+4,1d6+4,9.0,B
6871,40,15,8,4,1d8+4,1d8+4,40,16,5,5,1d12+4,1d6+4,9.0,A
6872,40,14,7,4,1d12+4,1d6+4,40,18,6,3,1d12+4,1d6+4,8.0,B
6873,40,14,5,4,1d12+4,1d6+4,40,17,7,3,1d10+4,1d6+4,9.0,A
6874,40,14,7,5,1d12+4,1d6+4,40,14,7,3,1d8+4,1d8+4,7.0,A
6875,40,15,8,5,1d10+4,1d8+4,40,18,6,4,1d12+4,1d6+4,5.0,B
6876,40,17,6,3,1d12+4,1d8+4,40,18,6,5,1d8+4,1d6+4,3.0,B
6877,40,18,7,5,1d8+4,1d6+4,40,14,6,3,1d8+4,1d6+4,3.0,A
6878,40,16,7,5,1d8+4,1d6+4,40,15,6,4,1d10+4,1d8+4,5.0,B
6879,40,17,7,4,1d12+4,1d6+4,40,14,8,4,1d8+4,1d6+4,1.0,A
6880,40,15,8,3,1d8+4,1d8+4,40,18,8,5,1d8+4,1d8+4,8.0,B
6881,40,16,5,5,1d10+4,1d6+4,40,15,8,5,1d12+4,1d8+4,4.0,A
6882,40,16,8,5,1d10+4,1d6+4,40,17,7,5,1d12+4,1d6+4,10.0,B
6883,40,17,7,5,1d8+4,1d8+4,40,14,8,3,1d12+4,1d6+4,1.0,A
6884,40,18,8,5,1d8+4,1d6+4,40,16,5,5,1d12+4,1d6+4,0.0,B
6885,40,14,6,4,1d10+4,1d6+4,40,14,8,4,1d8+4,1d6+4,5.0,A
6886,40,15,7,4,1d10+4,1d6+4,40,16,5,3,1d12+4,1d8+4,5.0,B
6887,40,15,8,3,1d8+4,1d8+4,40,15,5,3,1d10+4,1d8+4,9.0,A
6888,40,14,8,4,1d12+4,1d8+4,40,17,7,5,1d10+4,1d6+4,9.0,A
6889,40,16,8,5,1d10+4,1d6+4,40,16,7,3,1d10+4,1d8+4,1.0,B
6890,40,17,5,3,1d8+4,1d6+4,40,15,7,3,1d12+4,1d8+4,0.0,B
6891,40,18,8,4,1d12+4,1d6+4,40,17,8,3,1d8+4,1d8+4,8.0,B
6892,40,18,6,5,1d8+4,1d6+4,40,16,6,3,1d12+4,1d8+4,8.0,B
6893,40,16,5,5,1d12+4,1d6+4,40,17,8,3,1d10+4,1d8+4,8.0,B
6894,40,17,6,5,1d12+4,1d8+4,40,18,5,4,1d8+4,1d6+4,5.0,A
6895,40,18,6,3,1d10+4,1d8+4,40,16,7,3,1d12+4,1d6+4,7.0,A
6896,40,14,5,5,1d12+4,1d8+4,40,16,6,3,1d8+4,1d8+4,8.0,A
6897,40,18,5,3,1d12+4,1d8+4,40,18,7,4,1d10+4,1d6+4,4.0,B
6898,40,18,6,4,1d12+4,1d6+4,40,18,6,4,1d10+4,1d6+4,3.0,A
6899,40,18,7,5,1d10+4,1d8+4,40,14,7,5,1d12+4,1d6+4,10.0,A
6900,40,16,7,5,1d12+4,1d8+4,40,17,7,3,1d12+4,1d6+4,3.0,A
6901,40,17,8,3,1d12+4,1d6+4,40,15,7,5,1d12+4,1d6+4,9.0,A
6902,40,16,7,5,1d12+4,1d8+4,40,17,8,4,1d8+4,1d8+4,9.0,A
6903,40,17,5,4,1d12+4,1d6+4,40,17,6,4,1d8+4,1d6+4,10.0,A
6904,40,15,5,5,1d10+4,1d8+4,40,15,5,4,1d8+4,1d6+4,9.0,A
6905,40,15,5,5,1d8+4,1d8+4,40,18,6,4,1d12+4,1d8+4,7.0,B
6906,40,18,8,3,1d10+4,1d8+4,40,15,5,5,1d10+4,1d6+4,0.0,A
6907,40,18,8,3,1d8+4,1d6+4,40,16,5,3,1d12+4,1d8+4,4.0,B
6908,40,16,7,4,1d12+4,1d6+4,40,18,6,4,1d10+4,1d6+4,10.0,B
6909,40,18,7,4,1d10+4,1d6+4,40,17,6,3,1d8+4,1d6+4,2.0,A
6910,40,15,7,4,1d12+4,1d6+4,40,16,5,5,1d10+4,1d8+4,9.0,B
6911,40,15,8,4,1d10+4,1d8+4,40,17,7,5,1d10+4,1d8+4,3.0,B
6912,40,17,6,3,1d8+4,1d6+4,40,18,6,5,1d12+4,1d6+4,2.0,B
6913,40,14,8,4,1d8+4,1d6+4,40,15,8,5,1d8+4,1d8+4,4.0,A
6914,40,15,6,3,1d8+4,1d6+4,40,16,6,4,1d8+4,1d6+4,6.0,B
6915,40,15,6,4,1d12+4,1d6+4,40,17,6,3,1d12+4,1d6+4,2.0,B
6916,40,17,8,3,1d12+4,1d8+4,40,14,5,5,1d12+4,1d6+4,5.0,A
6917,40,17,6,3,1d12+4,1d8+4,40,18,5,3,1d12+4,1d6+4,4.0,A
6918,40,17,8,4,1d10+4,1d6+4,40,16,8,3,1d12+4,1d6+4,3.0,A
6919,40,14,7,5,1d10+4,1d8+4,40,15,7,5,1d12+4,1d6+4,9.0,A
6920,40,17,5,3,1d10+4,1d8+4,40,17,7,3,1d10+4,1d8+4,3.0,B
6921,40,16,7,3,1d8+4,1d6+4,40,17,5,4,1d10+4,1d8+4,0.0,A
6922,40,18,6,3,1d12+4,1d8+4,40,17,5,4,1d8+4,1d8+4,2.0,B
6923,40,16,7,5,1d8+4,1d8+4,40,15,8,4,1d12+4,1d6+4,8.0,A
6924,40,16,6,4,1d12+4,1d6+4,40,17,6,4,1d8+4,1d8+4,6.0,B
6925,40,15,8,5,1d8+4,1d6+4,40,16,8,5,1d10+4,1d6+4,10.0,B
6926,40,17,6,5,1d10+4,1d8+4,40,16,7,3,1d12+4,1d6+4,0.0,B
6927,40,16,6,4,1d12+4,1d6+4,40,14,8,3,1d12+4,1d6+4,5.0,B
6928,40,15,7,5,1d8+4,1d6+4,40,16,6,5,1d10+4,1d8+4,7.0,B
6929,40,14,6,5,1d12+4,1d6+4,40,18,7,5,1d8+4,1d6+4,3.0,A
6930,40,17,7,4,1d12+4,1d8+4,40,16,8,4,1d10+4,1d8+4,4.0,A
6931,40,15,8,5,1d12+4,1d6+4,40,18,7,3,1d12+4,1d8+4,9.0,A
6932,40,18,7,3,1d8+4,1d8+4,40,16,7,5,1d10+4,1d8+4,1.0,B
6933,40,18,8,5,1d12+4,1d6+4,40,15,6,3,1d12+4,1d6+4,0.0,A
6934,40,17,8,4,1d12+4,1d8+4,40,14,8,3,1d10+4,1d8+4,4.0,A
6935,40,18,5,3,1d10+4,1d8+4,40,17,8,5,1d12+4,1d6+4,5.0,B
6936,40,16,8,4,1d10+4,1d6+4,40,15,6,5,1d8+4,1d8+4,1.0,B
6937,40,18,8,4,1d8+4,1d8+4,40,18,7,4,1d10+4,1d6+4,1.0,A
6938,40,15,5,4,1d12+4,1d8+4,40,16,6,3,1d8+4,1d6+4,7.0,B
6939,40,18,6,4,1d12+4,1d8+4,40,18,6,4,1d12+4,1d8+4,8.0,B
6940,40,17,8,5,1d12+4,1d8+4,40,18,6,3,1d8+4,1d6+4,8.0,A
6941,40,16,6,3,1d12+4,1d6+4,40,17,6,4,1d12+4,1d8+4,6.0,B
6942,40,18,5,4,1d8+4,1d6+4,40,18,8,3,1d8+4,1d6+4,2.0,B
6943,40,17,8,5,1d12+4,1d8+4,40,18,8,5,1d12+4,1d6+4,5.0,B
6944,40,14,6,3,1d12+4,1d8+4,40,18,6,4,1d12+4,1d8+4,2.0,A
6945,40,16,5,3,1d10+4,1d8+4,40,16,7,5,1d12+4,1d8+4,7.0,B
6946,40,18,5,5,1d12+4,1d6+4,40,14,6,4,1d12+4,1d6+4,5.0,B
6947,40,15,8,3,1d12+4,1d6+4,40,15,6,5,1d8+4,1d6+4,9.0,A
6948,40,16,8,5,1d10+4,1d6+4,40,15,7,4,1d8+4,1d6+4,9.0,A
6949,40,15,8,3,1d8+4,1d6+4,40,17,7,4,1d10+4,1d8+4,4.0,B
6950,40,16,7,4,1d10+4,1d8+4,40,18,5,3,1d8+4,1d6+4,5.0,A
6951,40,17,7,3,1d10+4,1d6+4,40,16,8,3,1d10+4,1d8+4,9.0,A
6952,40,17,5,3,1d10+4,1d6+4,40,14,5,3,1d12+4,1d8+4,7.0,A
6953,40,14,5,3,1d8+4,1d6+4,40,15,7,4,1d10+4,1d6+4,4.0,B
6954,40,18,8,4,1d10+4,1d6+4,40,17,7,3,1d10+4,1d8+4,0.0,B
6955,40,17,7,4,1d12+4,1d6+4,40,15,6,5,1d10+4,1d6+4,4.0,A
6956,40,15,6,3,1d8+4,1d6+4,40,15,6,4,1d8+4,1d8+4,9.0,A
6957,40,16,6,4,1d10+4,1d6+4,40,15,8,3,1d12+4,1d8+4,4.0,A
6958,40,18,6,5,1d10+4,1d8+4,40,17,6,3,1d12+4,1d6+4,9.0,B
6959,40,16,6,4,1d12+4,1d6+4,40,17,7,4,1d8+4,1d6+4,2.0,B
6960,40,14,8,4,1d10+4,1d8+4,40,15,7,5,1d12+4,1d8+4,6.0,A
6961,40,18,7,4,1d12+4,1d8+4,40,16,5,3,1d8+4,1d8+4,0.0,A
6962,40,14,7,5,1d8+4,1d6+4,40,18,7,3,1d8+4,1d8+4,9.0,B
6963,40,14,7,4,1d8+4,1d6+4,40,17,6,3,1d12+4,1d8+4,10.0,A
6964,40,18,6,5,1d10+4,1d8+4,40,18,6,4,1d10+4,1d6+4,0.0,A
6965,40,16,6,4,1d8+4,1d6+4,40,17,5,3,1d12+4,1d6+4,8.0,A
6966,40,17,7,5,1d12+4,1d6+4,40,17,7,3,1d8+4,1d8+4,6.0,A
6967,40,16,5,3,1d12+4,1d8+4,40,14,6,5,1d10+4,1d6+4,8.0,B
6968,40,15,7,4,1d10+4,1d6+4,40,14,6,3,1d12+4,1d6+4,2.0,A
6969,40,16,6,4,1d10+4,1d6+4,40,18,7,4,1d12+4,1d8+4,8.0,A
6970,40,14,8,4,1d8+4,1d6+4,40,17,6,4,1d10+4,1d6+4,10.0,B
6971,40,15,7,5,1d8+4,1d8+4,40,15,5,5,1d12+4,1d6+4,2.0,B
6972,40,16,6,3,1d8+4,1d6+4,40,18,7,3,1d12+4,1d8+4,6.0,B
6973,40,18,6,3,1d10+4,1d8+4,40,17,5,5,1d10+4,1d8+4,0.0,A
6974,40,18,8,5,1d12+4,1d6+4,40,15,7,4,1d8+4,1d6+4,5.0,A
6975,40,16,8,5,1d10+4,1d8+4,40,15,7,5,1d8+4,1d6+4,7.0,A
6976,40,17,6,5,1d12+4,1d6+4,40,17,8,3,1d12+4,1d6+4,2.0,B
6977,40,15,8,5,1d12+4,1d8+4,40,16,5,4,1d8+4,1d8+4,1.0,A
6978,40,16,8,5,1d8+4,1d6+4,40,14,5,3,1d12+4,1d6+4,9.0,A
6979,40,15,8,3,1d12+4,1d6+4,40,16,6,4,1d10+4,1d6+4,7.0,A
6980,40,15,7,4,1d12+4,1d6+4,40,14,6,4,1d8+4,1d8+4,6.0,A
6981,40,14,8,3,1d10+4,1d6+4,40,18,6,4,1d10+4,1d6+4,6.0,B
6982,40,16,6,3,1d12+4,1d8+4,40,14,6,3,1d10+4,1d8+4,0.0,B
6983,40,17,6,3,1d8+4,1d8+4,40,18,8,5,1d10+4,1d6+4,0.0,B
6984,40,17,7,4,1d10+4,1d8+4,40,15,8,5,1d12+4,1d8+4,2.0,A
6985,40,18,8,3,1d12+4,1d6+4,40,14,5,3,1d10+4,1d6+4,8.0,A
6986,40,17,5,3,1d10+4,1d6+4,40,17,7,3,1d8+4,1d8+4,8.0,A
6987,40,15,6,3,1d12+4,1d8+4,40,17,5,5,1d10+4,1d8+4,1.0,A
6988,40,15,5,5,1d10+4,1d6+4,40,16,7,4,1d8+4,1d8+4,3.0,A
6989,40,16,6,3,1d12+4,1d8+4,40,18,8,3,1d8+4,1d6+4,10.0,B
6990,40,16,7,5,1d8+4,1d8+4,40,15,7,4,1d10+4,1d8+4,4.0,A
6991,40,17,8,5,1d8+4,1d6+4,40,14,7,3,1d8+4,1d6+4,10.0,A
6992,40,14,5,4,1d12+4,1d6+4,40,14,8,5,1d12+4,1d8+4,7.0,A
6993,40,16,7,3,1d10+4,1d6+4,40,17,5,3,1d12+4,1d8+4,0.0,A
6994,40,15,8,4,1d10+4,1d6+4,40,14,7,5,1d10+4,1d6+4,1.0,A
6995,40,17,6,3,1d12+4,1d6+4,40,17,6,3,1d8+4,1d6+4,2.0,A
6996,40,18,7,3,1d12+4,1d8+4,40,17,8,3,1d10+4,1d6+4,1.0,A
6997,40,18,5,3,1d12+4,1d8+4,40,14,5,5,1d12+4,1d6+4,7.0,B
6998,40,15,8,5,1d12+4,1d8+4,40,15,6,5,1d12+4,1d8+4,1.0,B
6999,40,15,6,5,1d10+4,1d8+4,40,18,5,3,1d12+4,1d8+4,2.0,A
7000,40,14,7,3,1d10+4,1d8+4,40,14,6,4,1d10+4,1d8+4,4.0,B
7001,40,18,5,5,1d8+4,1d8+4,40,14,5,3,1d12+4,1d6+4,9.0,B
7002,40,17,5,4,1d8+4,1d8+4,40,16,5,5,1d12+4,1d6+4,0.0,B
7003,40,17,6,4,1d8+4,1d8+4,40,15,8,4,1d10+4,1d6+4,4.0,A
7004,40,14,5,5,1d8+4,1d6+4,40,18,8,5,1d10+4,1d6+4,1.0,B
7005,40,18,6,3,1d12+4,1d6+4,40,14,7,4,1d12+4,1d8+4,10.0,A
7006,40,15,7,5,1d8+4,1d8+4,40,15,6,3,1d12+4,1d8+4,7.0,B
7007,40,15,7,4,1d12+4,1d8+4,40,15,6,3,1d12+4,1d8+4,7.0,B
7008,40,14,8,5,1d10+4,1d8+4,40,14,5,5,1d12+4,1d8+4,5.0,A
7009,40,18,6,4,1d12+4,1d8+4,40,16,7,5,1d10+4,1d6+4,2.0,B
7010,40,15,7,5,1d10+4,1d8+4,40,17,8,4,1d10+4,1d6+4,1.0,B
7011,40,15,8,4,1d8+4,1d6+4,40,15,5,3,1d8+4,1d8+4,8.0,B
7012,40,15,6,4,1d12+4,1d6+4,40,16,7,3,1d10+4,1d6+4,3.0,A
7013,40,17,5,3,1d8+4,1d8+4,40,14,8,3,1d8+4,1d8+4,9.0,B
7014,40,15,8,4,1d8+4,1d8+4,40,18,6,5,1d12+4,1d8+4,5.0,A
7015,40,17,5,4,1d8+4,1d6+4,40,18,8,4,1d10+4,1d8+4,5.0,B
7016,40,15,5,4,1d12+4,1d8+4,40,15,6,4,1d8+4,1d6+4,9.0,B
7017,40,18,8,3,1d10+4,1d8+4,40,15,6,3,1d8+4,1d6+4,2.0,A
7018,40,16,7,3,1d8+4,1d6+4,40,16,7,4,1d12+4,1d8+4,6.0,B
7019,40,16,6,5,1d8+4,1d6+4,40,18,5,3,1d10+4,1d6+4,4.0,B
7020,40,15,7,4,1d8+4,1d6+4,40,17,5,4,1d8+4,1d6+4,3.0,A
7021,40,14,7,3,1d8+4,1d8+4,40,18,8,5,1d12+4,1d6+4,1.0,B
7022,40,14,8,4,1d10+4,1d8+4,40,16,5,4,1d12+4,1d6+4,9.0,B
7023,40,14,6,3,1d12+4,1d6+4,40,14,8,3,1d8+4,1d6+4,9.0,A
7024,40,18,7,5,1d12+4,1d8+4,40,16,8,4,1d10+4,1d6+4,6.0,A
7025,40,17,8,3,1d12+4,1d6+4,40,17,8,5,1d10+4,1d8+4,10.0,B
7026,40,15,8,5,1d12+4,1d6+4,40,17,6,3,1d12+4,1d6+4,10.0,B
7027,40,18,6,3,1d8+4,1d8+4,40,18,8,3,1d8+4,1d6+4,3.0,B
7028,40,17,7,5,1d10+4,1d6+4,40,17,7,5,1d12+4,1d6+4,2.0,A
7029,40,17,7,5,1d10+4,1d6+4,40,18,5,5,1d12+4,1d6+4,7.0,A
7030,40,15,7,4,1d10+4,1d8+4,40,14,6,4,1d10+4,1d6+4,1.0,A
7031,40,17,6,3,1d10+4,1d8+4,40,17,6,5,1d12+4,1d8+4,3.0,B
7032,40,16,6,5,1d12+4,1d8+4,40,15,8,4,1d10+4,1d6+4,9.0,A
7033,40,15,8,3,1d8+4,1d8+4,40,16,7,3,1d8+4,1d8+4,5.0,A
7034,40,14,8,4,1d8+4,1d8+4,40,18,8,5,1d12+4,1d8+4,8.0,A
7035,40,16,7,5,1d12+4,1d6+4,40,17,6,5,1d8+4,1d8+4,8.0,A
7036,40,14,6,4,1d8+4,1d8+4,40,17,5,5,1d10+4,1d8+4,1.0,B
7037,40,16,5,5,1d12+4,1d8+4,40,17,5,5,1d10+4,1d8+4,3.0,A
7038,40,15,5,3,1d8+4,1d8+4,40,14,5,5,1d8+4,1d8+4,9.0,B
7039,40,14,7,5,1d8+4,1d8+4,40,18,8,3,1d12+4,1d6+4,8.0,B
7040,40,16,8,3,1d12+4,1d6+4,40,18,8,5,1d8+4,1d8+4,7.0,B
7041,40,15,8,3,1d10+4,1d6+4,40,18,5,4,1d8+4,1d6+4,3.0,B
7042,40,17,8,4,1d10+4,1d8+4,40,18,5,5,1d10+4,1d8+4,5.0,B
7043,40,18,7,5,1d8+4,1d8+4,40,17,8,5,1d8+4,1d8+4,0.0,A
7044,40,16,8,4,1d8+4,1d8+4,40,16,6,3,1d12+4,1d6+4,8.0,B
7045,40,15,6,4,1d10+4,1d6+4,40,17,7,5,1d10+4,1d6+4,1.0,A
7046,40,15,8,3,1d12+4,1d8+4,40,16,8,5,1d10+4,1d8+4,9.0,B
7047,40,16,7,3,1d8+4,1d8+4,40,15,7,5,1d12+4,1d6+4,3.0,B
7048,40,16,8,5,1d12+4,1d8+4,40,17,6,4,1d8+4,1d6+4,1.0,A
7049,40,14,6,4,1d12+4,1d6+4,40,15,7,5,1d12+4,1d8+4,4.0,B
7050,40,17,6,3,1d10+4,1d6+4,40,15,5,4,1d8+4,1d8+4,0.0,A
7051,40,17,8,5,1d8+4,1d6+4,40,15,7,4,1d8+4,1d6+4,3.0,B
7052,40,17,6,3,1d8+4,1d6+4,40,14,5,4,1d8+4,1d8+4,0.0,A
7053,40,16,8,4,1d8+4,1d8+4,40,14,5,4,1d8+4,1d8+4,1.0,A
7054,40,15,5,3,1d12+4,1d6+4,40,17,7,5,1d8+4,1d8+4,3.0,A
7055,40,15,7,5,1d10+4,1d6+4,40,18,8,5,1d10+4,1d8+4,5.0,A
7056,40,17,7,4,1d10+4,1d6+4,40,14,5,3,1d8+4,1d6+4,3.0,A
7057,40,17,8,5,1d12+4,1d6+4,40,16,6,4,1d8+4,1d8+4,5.0,A
7058,40,14,7,4,1d10+4,1d6+4,40,17,5,4,1d10+4,1d8+4,0.0,A
7059,40,16,7,4,1d8+4,1d6+4,40,15,8,4,1d12+4,1d8+4,3.0,B
7060,40,16,6,3,1d10+4,1d8+4,40,15,8,3,1d10+4,1d8+4,8.0,B
7061,40,14,7,3,1d12+4,1d8+4,40,17,5,4,1d12+4,1d8+4,7.0,A
7062,40,15,8,4,1d12+4,1d8+4,40,16,8,4,1d10+4,1d8+4,3.0,B
7063,40,14,8,3,1d8+4,1d6+4,40,16,8,3,1d8+4,1d6+4,6.0,B
7064,40,15,6,5,1d12+4,1d6+4,40,15,5,3,1d8+4,1d6+4,4.0,A
7065,40,14,8,5,1d10+4,1d8+4,40,17,5,5,1d12+4,1d6+4,6.0,B
7066,40,14,6,3,1d10+4,1d6+4,40,14,7,5,1d10+4,1d6+4,1.0,A
7067,40,14,6,5,1d12+4,1d8+4,40,16,5,4,1d12+4,1d8+4,7.0,A
7068,40,14,7,3,1d12+4,1d8+4,40,15,8,5,1d10+4,1d6+4,4.0,A
7069,40,16,8,3,1d12+4,1d8+4,40,18,5,4,1d8+4,1d6+4,6.0,A
7070,40,18,8,4,1d12+4,1d8+4,40,14,5,3,1d10+4,1d8+4,10.0,A
7071,40,16,5,3,1d10+4,1d6+4,40,16,6,4,1d8+4,1d8+4,7.0,A
7072,40,15,6,4,1d12+4,1d8+4,40,14,6,4,1d10+4,1d6+4,1.0,A
7073,40,15,7,4,1d12+4,1d8+4,40,14,6,5,1d8+4,1d8+4,0.0,A
7074,40,17,6,3,1d12+4,1d8+4,40,14,5,3,1d12+4,1d8+4,7.0,A
7075,40,16,6,5,1d10+4,1d8+4,40,17,6,3,1d12+4,1d6+4,0.0,A
7076,40,16,5,4,1d8+4,1d8+4,40,14,6,5,1d8+4,1d8+4,2.0,A
7077,40,18,6,5,1d12+4,1d6+4,40,15,7,4,1d10+4,1d6+4,8.0,A
7078,40,14,5,5,1d12+4,1d6+4,40,15,5,5,1d8+4,1d8+4,5.0,A
7079,40,17,8,3,1d8+4,1d6+4,40,14,6,5,1d12+4,1d6+4,7.0,A
7080,40,14,8,4,1d10+4,1d8+4,40,18,7,5,1d10+4,1d8+4,4.0,B
7081,40,15,6,4,1d8+4,1d6+4,40,14,5,4,1d8+4,1d8+4,9.0,B
7082,40,18,6,3,1d8+4,1d6+4,40,18,7,3,1d10+4,1d6+4,5.0,B
7083,40,15,5,3,1d12+4,1d6+4,40,16,8,5,1d8+4,1d8+4,5.0,A
7084,40,17,6,4,1d10+4,1d8+4,40,16,7,3,1d8+4,1d8+4,8.0,A
7085,40,16,6,4,1d8+4,1d6+4,40,16,8,5,1d8+4,1d8+4,10.0,B
7086,40,17,5,4,1d12+4,1d6+4,40,16,8,3,1d8+4,1d8+4,2.0,B
7087,40,16,5,3,1d8+4,1d6+4,40,16,7,3,1d10+4,1d6+4,8.0,A
7088,40,17,7,3,1d12+4,1d6+4,40,17,8,3,1d10+4,1d6+4,1.0,B
7089,40,15,8,4,1d12+4,1d8+4,40,16,8,5,1d10+4,1d8+4,5.0,A
7090,40,16,5,4,1d8+4,1d6+4,40,17,8,4,1d8+4,1d8+4,4.0,B
7091,40,18,7,5,1d8+4,1d6+4,40,14,8,5,1d10+4,1d6+4,9.0,A
7092,40,14,5,5,1d10+4,1d8+4,40,17,8,3,1d10+4,1d6+4,0.0,B
7093,40,16,7,5,1d8+4,1d8+4,40,18,5,5,1d10+4,1d6+4,2.0,B
7094,40,16,6,4,1d8+4,1d6+4,40,14,7,3,1d12+4,1d8+4,5.0,B
7095,40,16,7,5,1d8+4,1d6+4,40,14,7,4,1d8+4,1d8+4,5.0,B
7096,40,18,6,3,1d12+4,1d6+4,40,17,5,3,1d8+4,1d6+4,5.0,A
7097,40,14,5,3,1d10+4,1d8+4,40,17,6,4,1d12+4,1d6+4,0.0,A
7098,40,18,7,5,1d12+4,1d8+4,40,16,5,5,1d10+4,1d8+4,0.0,B
7099,40,16,7,5,1d10+4,1d6+4,40,18,6,3,1d8+4,1d8+4,6.0,B
7100,40,15,5,4,1d10+4,1d8+4,40,18,7,4,1d8+4,1d6+4,10.0,B
7101,40,17,8,5,1d8+4,1d6+4,40,15,5,4,1d10+4,1d6+4,0.0,A
7102,40,17,7,3,1d10+4,1d8+4,40,14,7,4,1d10+4,1d8+4,3.0,A
7103,40,14,6,4,1d8+4,1d8+4,40,17,8,5,1d8+4,1d8+4,5.0,A
7104,40,18,8,5,1d8+4,1d6+4,40,14,8,4,1d8+4,1d6+4,7.0,A
7105,40,16,6,4,1d10+4,1d6+4,40,18,8,4,1d10+4,1d8+4,5.0,A
7106,40,18,5,3,1d10+4,1d6+4,40,14,7,3,1d8+4,1d8+4,7.0,A
7107,40,17,7,4,1d8+4,1d6+4,40,18,7,3,1d10+4,1d6+4,6.0,A
7108,40,16,5,5,1d10+4,1d8+4,40,14,6,5,1d8+4,1d8+4,6.0,B
7109,40,14,6,5,1d8+4,1d8+4,40,14,7,4,1d8+4,1d8+4,5.0,A
7110,40,16,5,4,1d8+4,1d6+4,40,15,8,3,1d12+4,1d8+4,1.0,B
7111,40,15,5,5,1d10+4,1d8+4,40,14,5,5,1d10+4,1d6+4,9.0,B
7112,40,16,5,5,1d10+4,1d8+4,40,16,7,4,1d10+4,1d8+4,0.0,A
7113,40,15,6,5,1d10+4,1d8+4,40,15,8,5,1d10+4,1d8+4,3.0,A
7114,40,16,8,4,1d8+4,1d8+4,40,15,5,4,1d10+4,1d8+4,2.0,A
7115,40,15,6,3,1d10+4,1d6+4,40,14,7,3,1d12+4,1d8+4,6.0,B
7116,40,14,6,3,1d8+4,1d6+4,40,16,8,4,1d12+4,1d6+4,5.0,B
7117,40,15,5,5,1d12+4,1d8+4,40,18,7,3,1d8+4,1d8+4,10.0,B
7118,40,17,8,4,1d12+4,1d6+4,40,16,7,4,1d10+4,1d6+4,4.0,B
7119,40,17,6,5,1d12+4,1d6+4,40,15,6,5,1d10+4,1d8+4,4.0,A
7120,40,15,5,5,1d10+4,1d6+4,40,14,6,5,1d10+4,1d6+4,10.0,B
7121,40,15,7,3,1d8+4,1d6+4,40,14,6,3,1d12+4,1d6+4,7.0,B
7122,40,17,5,5,1d12+4,1d8+4,40,14,7,5,1d12+4,1d6+4,10.0,A
7123,40,15,7,5,1d12+4,1d6+4,40,14,5,4,1d12+4,1d6+4,5.0,B
7124,40,15,6,4,1d8+4,1d6+4,40,18,5,4,1d10+4,1d8+4,10.0,B
7125,40,17,8,4,1d8+4,1d6+4,40,15,8,5,1d8+4,1d8+4,9.0,B
7126,40,18,5,4,1d12+4,1d8+4,40,16,7,5,1d8+4,1d8+4,2.0,A
7127,40,16,8,3,1d12+4,1d6+4,40,18,5,4,1d12+4,1d6+4,6.0,B
7128,40,18,5,5,1d12+4,1d8+4,40,14,6,4,1d10+4,1d8+4,9.0,A
7129,40,15,7,5,1d12+4,1d6+4,40,15,8,5,1d8+4,1d6+4,4.0,A
7130,40,18,6,5,1d10+4,1d6+4,40,18,8,3,1d12+4,1d8+4,10.0,A
7131,40,14,6,4,1d10+4,1d8+4,40,18,5,5,1d8+4,1d8+4,7.0,A
7132,40,16,5,3,1d10+4,1d8+4,40,16,6,5,1d10+4,1d6+4,6.0,B
7133,40,17,8,4,1d12+4,1d6+4,40,14,5,3,1d8+4,1d6+4,4.0,A
7134,40,15,5,4,1d10+4,1d8+4,40,16,7,5,1d8+4,1d6+4,0.0,B
7135,40,16,5,3,1d10+4,1d6+4,40,15,6,4,1d10+4,1d6+4,5.0,A
7136,40,16,5,3,1d10+4,1d8+4,40,14,8,5,1d10+4,1d8+4,6.0,A
7137,40,15,5,5,1d12+4,1d8+4,40,14,7,5,1d10+4,1d6+4,10.0,B
7138,40,17,6,5,1d10+4,1d6+4,40,18,5,3,1d12+4,1d8+4,2.0,B
7139,40,14,6,4,1d12+4,1d6+4,40,17,6,3,1d10+4,1d8+4,9.0,B
7140,40,17,7,4,1d12+4,1d8+4,40,14,5,4,1d8+4,1d8+4,6.0,A
7141,40,16,7,4,1d10+4,1d8+4,40,16,7,4,1d10+4,1d8+4,8.0,A
7142,40,15,6,5,1d8+4,1d6+4,40,16,6,3,1d8+4,1d6+4,8.0,B
7143,40,15,7,5,1d12+4,1d6+4,40,17,7,5,1d10+4,1d6+4,4.0,A
7144,40,18,7,4,1d8+4,1d8+4,40,18,6,3,1d10+4,1d8+4,5.0,B
7145,40,18,5,5,1d10+4,1d6+4,40,15,7,5,1d12+4,1d8+4,4.0,B
7146,40,14,6,3,1d10+4,1d8+4,40,18,5,3,1d12+4,1d8+4,6.0,B
7147,40,14,6,5,1d12+4,1d8+4,40,16,8,5,1d8+4,1d8+4,6.0,A
7148,40,16,6,3,1d12+4,1d8+4,40,17,6,4,1d12+4,1d6+4,0.0,A
7149,40,14,6,5,1d10+4,1d8+4,40,14,7,5,1d8+4,1d6+4,4.0,B
7150,40,17,6,3,1d8+4,1d8+4,40,14,7,5,1d12+4,1d8+4,8.0,A
7151,40,16,5,5,1d8+4,1d8+4,40,17,6,4,1d10+4,1d8+4,8.0,B
7152,40,16,8,5,1d12+4,1d6+4,40,16,6,5,1d12+4,1d8+4,5.0,A
7153,40,18,6,5,1d8+4,1d8+4,40,16,6,3,1d10+4,1d8+4,10.0,B
7154,40,17,6,3,1d10+4,1d6+4,40,16,6,5,1d12+4,1d8+4,9.0,B
7155,40,16,8,3,1d10+4,1d6+4,40,16,7,4,1d10+4,1d6+4,6.0,A
7156,40,16,7,4,1d12+4,1d6+4,40,14,5,4,1d10+4,1d8+4,9.0,A
7157,40,15,7,5,1d8+4,1d6+4,40,16,8,3,1d12+4,1d8+4,3.0,B
7158,40,17,7,4,1d10+4,1d8+4,40,15,7,3,1d8+4,1d6+4,10.0,A
7159,40,18,7,4,1d12+4,1d6+4,40,16,7,3,1d12+4,1d6+4,4.0,A
7160,40,17,6,4,1d12+4,1d8+4,40,16,6,5,1d8+4,1d6+4,4.0,A
7161,40,14,5,3,1d8+4,1d8+4,40,18,7,5,1d10+4,1d8+4,6.0,B
7162,40,18,8,4,1d8+4,1d6+4,40,17,6,4,1d10+4,1d6+4,0.0,A
7163,40,14,6,4,1d8+4,1d8+4,40,16,7,5,1d10+4,1d8+4,4.0,B
7164,40,14,8,3,1d10+4,1d6+4,40,18,6,3,1d10+4,1d8+4,4.0,B
7165,40,16,7,4,1d10+4,1d6+4,40,14,8,3,1d8+4,1d6+4,7.0,A
7166,40,17,8,3,1d10+4,1d6+4,40,15,5,4,1d8+4,1d6+4,9.0,B
7167,40,15,7,4,1d10+4,1d8+4,40,17,8,4,1d10+4,1d6+4,9.0,B
7168,40,14,5,3,1d8+4,1d6+4,40,18,6,5,1d12+4,1d6+4,8.0,B
7169,40,15,6,5,1d12+4,1d6+4,40,18,6,4,1d8+4,1d6+4,7.0,B
7170,40,18,7,3,1d8+4,1d6+4,40,14,5,5,1d12+4,1d6+4,3.0,A
7171,40,16,5,3,1d10+4,1d8+4,40,18,6,5,1d10+4,1d8+4,10.0,A
7172,40,14,6,3,1d12+4,1d8+4,40,15,6,4,1d10+4,1d8+4,7.0,A
7173,40,15,7,3,1d10+4,1d8+4,40,15,5,5,1d8+4,1d6+4,3.0,A
7174,40,16,5,4,1d10+4,1d6+4,40,14,7,4,1d8+4,1d6+4,1.0,B
7175,40,17,8,4,1d12+4,1d6+4,40,18,8,4,1d10+4,1d8+4,4.0,A
7176,40,17,7,3,1d12+4,1d8+4,40,18,6,5,1d10+4,1d8+4,2.0,B
7177,40,18,7,3,1d10+4,1d6+4,40,18,6,3,1d8+4,1d6+4,0.0,B
7178,40,18,7,5,1d8+4,1d8+4,40,18,8,5,1d8+4,1d8+4,4.0,A
7179,40,18,8,4,1d8+4,1d8+4,40,17,5,5,1d10+4,1d6+4,3.0,B
7180,40,15,6,4,1d8+4,1d8+4,40,18,6,4,1d10+4,1d8+4,4.0,B
7181,40,18,7,5,1d12+4,1d8+4,40,18,6,3,1d10+4,1d8+4,2.0,A
7182,40,14,7,4,1d12+4,1d6+4,40,15,8,3,1d12+4,1d8+4,4.0,B
7183,40,16,7,3,1d10+4,1d6+4,40,16,6,4,1d10+4,1d6+4,3.0,A
7184,40,18,5,3,1d10+4,1d6+4,40,14,5,3,1d8+4,1d6+4,6.0,B
7185,40,18,7,5,1d12+4,1d6+4,40,17,7,3,1d8+4,1d8+4,7.0,B
7186,40,18,7,4,1d12+4,1d6+4,40,17,6,4,1d12+4,1d8+4,1.0,B
7187,40,14,5,3,1d10+4,1d8+4,40,15,6,3,1d10+4,1d6+4,7.0,A
7188,40,18,8,5,1d10+4,1d6+4,40,17,8,4,1d8+4,1d6+4,8.0,A
7189,40,17,6,4,1d8+4,1d6+4,40,15,8,4,1d8+4,1d8+4,9.0,B
7190,40,17,6,3,1d12+4,1d8+4,40,16,7,4,1d10+4,1d8+4,9.0,B
7191,40,15,6,4,1d12+4,1d6+4,40,16,7,3,1d12+4,1d6+4,3.0,A
7192,40,15,6,5,1d10+4,1d6+4,40,17,6,5,1d12+4,1d6+4,4.0,B
7193,40,16,5,5,1d10+4,1d8+4,40,17,8,5,1d8+4,1d6+4,9.0,A
7194,40,15,6,5,1d12+4,1d8+4,40,17,8,5,1d12+4,1d6+4,2.0,A
7195,40,16,5,5,1d8+4,1d6+4,40,18,6,5,1d12+4,1d8+4,8.0,B
7196,40,14,6,4,1d10+4,1d8+4,40,15,7,5,1d10+4,1d8+4,1.0,B
7197,40,16,6,3,1d10+4,1d8+4,40,17,7,3,1d10+4,1d8+4,9.0,B
7198,40,16,7,5,1d10+4,1d6+4,40,17,8,3,1d10+4,1d8+4,3.0,B
7199,40,18,5,4,1d12+4,1d8+4,40,16,7,3,1d10+4,1d8+4,9.0,A
7200,40,18,5,3,1d10+4,1d6+4,40,18,6,3,1d10+4,1d8+4,1.0,A
7201,40,14,6,3,1d8+4,1d6+4,40,16,7,4,1d8+4,1d8+4,3.0,A
7202,40,18,7,5,1d8+4,1d6+4,40,14,7,3,1d10+4,1d8+4,9.0,A
7203,40,17,6,3,1d12+4,1d6+4,40,16,7,3,1d10+4,1d8+4,8.0,B
7204,40,17,7,4,1d10+4,1d8+4,40,14,5,3,1d10+4,1d8+4,10.0,A
7205,40,18,5,4,1d8+4,1d8+4,40,17,8,4,1d12+4,1d6+4,6.0,B
7206,40,17,5,4,1d12+4,1d6+4,40,14,6,4,1d12+4,1d8+4,6.0,A
7207,40,17,7,3,1d10+4,1d6+4,40,16,8,3,1d12+4,1d6+4,1.0,B
7208,40,15,8,5,1d12+4,1d8+4,40,14,8,4,1d10+4,1d8+4,3.0,A
7209,40,16,8,5,1d10+4,1d6+4,40,14,6,4,1d10+4,1d8+4,2.0,B
7210,40,17,7,4,1d12+4,1d6+4,40,18,8,3,1d12+4,1d6+4,9.0,B
7211,40,14,6,3,1d8+4,1d8+4,40,15,8,5,1d12+4,1d8+4,3.0,A
7212,40,17,7,5,1d12+4,1d8+4,40,17,7,5,1d12+4,1d6+4,4.0,A
7213,40,17,7,5,1d12+4,1d6+4,40,16,8,3,1d10+4,1d8+4,0.0,A
7214,40,14,5,3,1d8+4,1d6+4,40,14,5,5,1d8+4,1d6+4,1.0,B
7215,40,14,5,4,1d10+4,1d8+4,40,15,8,3,1d10+4,1d6+4,3.0,B
7216,40,17,5,3,1d8+4,1d6+4,40,17,8,5,1d8+4,1d8+4,6.0,B
7217,40,18,5,5,1d8+4,1d6+4,40,15,6,4,1d10+4,1d8+4,0.0,A
7218,40,14,6,3,1d12+4,1d6+4,40,15,5,3,1d10+4,1d6+4,10.0,A
7219,40,15,7,5,1d12+4,1d8+4,40,17,6,4,1d10+4,1d8+4,0.0,A
7220,40,14,8,5,1d12+4,1d6+4,40,17,8,3,1d8+4,1d6+4,0.0,A
7221,40,14,6,3,1d10+4,1d6+4,40,16,6,4,1d8+4,1d6+4,3.0,B
7222,40,18,6,5,1d12+4,1d8+4,40,16,7,5,1d12+4,1d6+4,3.0,B
7223,40,17,6,3,1d8+4,1d6+4,40,17,6,5,1d12+4,1d8+4,3.0,A
7224,40,14,6,3,1d12+4,1d8+4,40,18,8,4,1d10+4,1d8+4,8.0,B
7225,40,17,6,4,1d12+4,1d6+4,40,14,6,4,1d8+4,1d6+4,5.0,A
7226,40,18,8,3,1d12+4,1d8+4,40,18,5,5,1d12+4,1d6+4,7.0,A
7227,40,16,7,5,1d10+4,1d8+4,40,17,6,5,1d10+4,1d6+4,0.0,B
7228,40,16,6,5,1d10+4,1d6+4,40,16,8,3,1d8+4,1d8+4,2.0,A
7229,40,18,6,5,1d8+4,1d8+4,40,16,5,5,1d10+4,1d8+4,1.0,A
7230,40,18,6,5,1d10+4,1d8+4,40,14,8,3,1d8+4,1d6+4,3.0,B
7231,40,18,7,5,1d12+4,1d8+4,40,16,6,5,1d12+4,1d8+4,9.0,B
7232,40,17,5,5,1d8+4,1d6+4,40,18,8,5,1d10+4,1d8+4,1.0,B
7233,40,15,8,5,1d10+4,1d6+4,40,18,8,3,1d12+4,1d8+4,0.0,B
7234,40,16,5,3,1d8+4,1d6+4,40,15,6,4,1d10+4,1d6+4,3.0,B
7235,40,16,7,4,1d10+4,1d8+4,40,18,6,3,1d8+4,1d6+4,0.0,A
7236,40,16,8,4,1d8+4,1d6+4,40,18,8,5,1d8+4,1d6+4,5.0,A
7237,40,14,7,5,1d10+4,1d6+4,40,18,5,5,1d10+4,1d8+4,9.0,B
7238,40,16,6,4,1d8+4,1d6+4,40,15,7,5,1d8+4,1d8+4,10.0,A
7239,40,16,5,5,1d10+4,1d6+4,40,15,6,5,1d12+4,1d8+4,2.0,A
7240,40,16,6,3,1d8+4,1d8+4,40,18,6,4,1d10+4,1d6+4,10.0,A
7241,40,14,5,3,1d8+4,1d8+4,40,16,8,5,1d10+4,1d6+4,3.0,B
7242,40,17,7,3,1d12+4,1d6+4,40,17,5,4,1d8+4,1d6+4,0.0,B
7243,40,15,7,4,1d10+4,1d6+4,40,16,7,4,1d8+4,1d6+4,7.0,B
7244,40,14,7,3,1d12+4,1d6+4,40,17,5,4,1d8+4,1d8+4,5.0,A
7245,40,15,5,3,1d10+4,1d6+4,40,18,8,3,1d12+4,1d6+4,7.0,B
7246,40,18,5,5,1d12+4,1d6+4,40,18,5,5,1d8+4,1d6+4,5.0,B
7247,40,18,5,5,1d8+4,1d8+4,40,17,8,5,1d8+4,1d8+4,2.0,B
7248,40,15,8,5,1d12+4,1d6+4,40,17,8,5,1d10+4,1d6+4,8.0,A
7249,40,16,8,5,1d8+4,1d6+4,40,17,5,3,1d12+4,1d6+4,0.0,A
7250,40,15,5,3,1d12+4,1d8+4,40,17,7,4,1d8+4,1d6+4,1.0,B
7251,40,18,8,5,1d8+4,1d8+4,40,14,5,4,1d12+4,1d6+4,3.0,B
7252,40,17,8,5,1d10+4,1d8+4,40,16,5,4,1d10+4,1d8+4,8.0,A
7253,40,14,8,4,1d8+4,1d8+4,40,16,7,5,1d8+4,1d8+4,5.0,A
7254,40,14,5,3,1d8+4,1d8+4,40,14,8,4,1d12+4,1d8+4,4.0,A
7255,40,17,6,5,1d12+4,1d6+4,40,15,5,4,1d12+4,1d8+4,4.0,B
7256,40,16,8,4,1d8+4,1d6+4,40,14,7,3,1d12+4,1d6+4,1.0,A
7257,40,16,7,3,1d8+4,1d8+4,40,16,5,3,1d8+4,1d8+4,1.0,B
7258,40,14,7,3,1d8+4,1d6+4,40,17,5,3,1d10+4,1d8+4,2.0,B
7259,40,17,7,4,1d12+4,1d8+4,40,16,7,5,1d8+4,1d8+4,6.0,A
7260,40,18,8,5,1d12+4,1d8+4,40,16,7,3,1d10+4,1d6+4,3.0,A
7261,40,16,7,5,1d12+4,1d6+4,40,18,5,5,1d8+4,1d8+4,2.0,B
7262,40,18,5,5,1d10+4,1d6+4,40,18,5,5,1d10+4,1d6+4,9.0,B
7263,40,15,8,3,1d12+4,1d8+4,40,14,8,5,1d8+4,1d6+4,1.0,B
7264,40,16,7,3,1d8+4,1d6+4,40,14,8,5,1d12+4,1d6+4,2.0,A
7265,40,16,5,4,1d8+4,1d8+4,40,15,6,4,1d12+4,1d6+4,8.0,B
7266,40,15,8,5,1d8+4,1d6+4,40,17,6,3,1d8+4,1d6+4,8.0,B
7267,40,17,8,4,1d10+4,1d8+4,40,15,6,5,1d12+4,1d8+4,7.0,A
7268,40,16,5,5,1d8+4,1d6+4,40,17,5,5,1d12+4,1d6+4,3.0,B
7269,40,15,8,3,1d12+4,1d6+4,40,16,8,3,1d12+4,1d8+4,8.0,B
7270,40,18,7,3,1d12+4,1d8+4,40,18,7,3,1d12+4,1d8+4,0.0,B
7271,40,15,5,4,1d8+4,1d8+4,40,16,8,5,1d8+4,1d6+4,1.0,A
7272,40,14,8,5,1d10+4,1d8+4,40,18,7,4,1d12+4,1d8+4,10.0,B
7273,40,16,8,4,1d12+4,1d8+4,40,16,7,3,1d12+4,1d6+4,3.0,B
7274,40,16,5,4,1d8+4,1d8+4,40,14,7,4,1d10+4,1d6+4,5.0,B
7275,40,17,5,4,1d8+4,1d8+4,40,17,7,5,1d12+4,1d6+4,5.0,A
7276,40,16,6,3,1d12+4,1d8+4,40,17,6,3,1d12+4,1d8+4,5.0,A
7277,40,16,6,5,1d10+4,1d8+4,40,15,6,4,1d12+4,1d6+4,5.0,B
7278,40,14,6,5,1d12+4,1d8+4,40,17,8,3,1d8+4,1d8+4,9.0,A
7279,40,15,7,4,1d8+4,1d6+4,40,18,6,3,1d10+4,1d8+4,2.0,A
7280,40,15,6,5,1d10+4,1d8+4,40,14,5,3,1d10+4,1d6+4,2.0,A
7281,40,18,6,4,1d8+4,1d6+4,40,14,7,3,1d8+4,1d8+4,5.0,A
7282,40,17,8,5,1d8+4,1d8+4,40,17,7,4,1d8+4,1d6+4,10.0,B
7283,40,18,5,5,1d10+4,1d6+4,40,15,6,5,1d12+4,1d6+4,0.0,A
7284,40,17,7,3,1d12+4,1d8+4,40,17,5,5,1d8+4,1d6+4,1.0,A
7285,40,18,6,4,1d8+4,1d6+4,40,17,7,3,1d8+4,1d6+4,8.0,B
7286,40,17,7,3,1d8+4,1d6+4,40,14,6,3,1d8+4,1d8+4,5.0,A
7287,40,15,6,3,1d12+4,1d6+4,40,17,5,4,1d12+4,1d8+4,6.0,A
7288,40,15,8,4,1d10+4,1d6+4,40,18,7,3,1d10+4,1d8+4,9.0,A
7289,40,15,6,4,1d8+4,1d8+4,40,18,8,4,1d10+4,1d8+4,10.0,B
7290,40,18,5,3,1d8+4,1d8+4,40,14,7,5,1d8+4,1d8+4,2.0,A
7291,40,17,6,3,1d12+4,1d6+4,40,16,6,3,1d10+4,1d8+4,5.0,A
7292,40,16,7,4,1d8+4,1d6+4,40,17,8,4,1d12+4,1d6+4,7.0,A
7293,40,14,5,5,1d12+4,1d8+4,40,16,7,5,1d8+4,1d8+4,4.0,A
7294,40,17,5,3,1d12+4,1d8+4,40,14,7,3,1d10+4,1d8+4,1.0,A
7295,40,18,6,3,1d8+4,1d6+4,40,18,7,4,1d10+4,1d6+4,6.0,A
7296,40,14,6,5,1d8+4,1d8+4,40,18,7,4,1d12+4,1d8+4,7.0,B
7297,40,18,6,4,1d8+4,1d6+4,40,18,7,4,1d12+4,1d6+4,8.0,A
7298,40,15,8,3,1d12+4,1d8+4,40,18,7,5,1d8+4,1d6+4,1.0,B
7299,40,17,5,5,1d10+4,1d6+4,40,16,6,4,1d12+4,1d6+4,0.0,B
7300,40,14,8,5,1d10+4,1d6+4,40,16,6,5,1d12+4,1d8+4,1.0,B
7301,40,18,8,4,1d12+4,1d6+4,40,18,6,5,1d8+4,1d6+4,2.0,B
7302,40,16,7,3,1d12+4,1d6+4,40,14,7,3,1d8+4,1d8+4,6.0,B
7303,40,18,6,4,1d10+4,1d6+4,40,17,6,3,1d10+4,1d8+4,3.0,A
7304,40,18,5,4,1d12+4,1d8+4,40,14,7,3,1d12+4,1d6+4,4.0,A
7305,40,18,6,4,1d10+4,1d8+4,40,17,8,3,1d8+4,1d8+4,1.0,B
7306,40,16,7,5,1d8+4,1d6+4,40,16,8,5,1d10+4,1d8+4,5.0,B
7307,40,18,5,4,1d10+4,1d6+4,40,15,8,3,1d10+4,1d6+4,4.0,A
7308,40,15,5,4,1d12+4,1d8+4,40,16,5,3,1d8+4,1d8+4,10.0,A
7309,40,18,5,3,1d12+4,1d6+4,40,16,7,5,1d8+4,1d8+4,2.0,B
7310,40,15,6,3,1d8+4,1d8+4,40,16,7,4,1d10+4,1d8+4,2.0,A
7311,40,15,6,5,1d12+4,1d8+4,40,17,6,4,1d10+4,1d8+4,8.0,B
7312,40,14,7,3,1d10+4,1d8+4,40,17,7,3,1d10+4,1d6+4,1.0,A
7313,40,15,7,4,1d8+4,1d8+4,40,16,7,4,1d12+4,1d8+4,7.0,B
7314,40,18,6,4,1d8+4,1d6+4,40,16,5,5,1d12+4,1d6+4,8.0,A
7315,40,16,8,5,1d10+4,1d8+4,40,14,7,4,1d10+4,1d8+4,2.0,A
7316,40,14,6,3,1d12+4,1d6+4,40,18,8,4,1d8+4,1d8+4,6.0,B
7317,40,18,6,3,1d10+4,1d6+4,40,15,7,3,1d10+4,1d8+4,5.0,A
7318,40,16,5,4,1d12+4,1d6+4,40,16,7,5,1d10+4,1d6+4,4.0,B
7319,40,17,7,3,1d12+4,1d6+4,40,18,8,3,1d8+4,1d6+4,10.0,A
7320,40,14,5,5,1d10+4,1d8+4,40,14,5,4,1d8+4,1d6+4,2.0,B
7321,40,17,6,4,1d10+4,1d8+4,40,18,5,3,1d12+4,1d6+4,0.0,B
7322,40,14,5,3,1d10+4,1d8+4,40,18,6,3,1d12+4,1d8+4,7.0,A
7323,40,17,8,4,1d8+4,1d6+4,40,18,6,3,1d10+4,1d6+4,6.0,A
7324,40,15,5,3,1d12+4,1d6+4,40,17,6,4,1d10+4,1d8+4,7.0,A
7325,40,16,7,4,1d10+4,1d8+4,40,17,6,4,1d12+4,1d6+4,9.0,A
7326,40,16,5,3,1d8+4,1d8+4,40,16,7,5,1d10+4,1d6+4,2.0,B
7327,40,16,7,4,1d8+4,1d8+4,40,16,5,3,1d12+4,1d6+4,8.0,B
7328,40,16,5,4,1d8+4,1d8+4,40,15,5,4,1d12+4,1d6+4,0.0,A
7329,40,16,6,3,1d12+4,1d6+4,40,17,8,5,1d12+4,1d6+4,8.0,B
7330,40,14,5,5,1d8+4,1d6+4,40,18,6,5,1d8+4,1d6+4,1.0,B
7331,40,18,7,5,1d10+4,1d8+4,40,18,7,3,1d8+4,1d6+4,1.0,B
7332,40,18,6,5,1d12+4,1d6+4,40,16,8,3,1d12+4,1d8+4,3.0,A
7333,40,14,7,3,1d12+4,1d8+4,40,16,8,5,1d12+4,1d8+4,8.0,B
7334,40,15,5,4,1d12+4,1d8+4,40,17,7,3,1d12+4,1d8+4,2.0,B
7335,40,15,7,3,1d8+4,1d6+4,40,15,7,3,1d8+4,1d6+4,1.0,B
7336,40,14,6,5,1d10+4,1d8+4,40,18,8,4,1d12+4,1d6+4,1.0,B
7337,40,18,8,5,1d12+4,1d6+4,40,16,6,4,1d10+4,1d6+4,9.0,B
7338,40,14,6,4,1d12+4,1d8+4,40,17,7,5,1d8+4,1d6+4,1.0,B
7339,40,16,8,5,1d12+4,1d6+4,40,18,5,5,1d8+4,1d6+4,0.0,B
7340,40,15,6,5,1d10+4,1d6+4,40,18,7,5,1d8+4,1d8+4,0.0,A
7341,40,18,5,3,1d10+4,1d8+4,40,14,7,3,1d12+4,1d8+4,4.0,B
7342,40,15,6,4,1d12+4,1d6+4,40,18,8,4,1d8+4,1d8+4,6.0,B
7343,40,16,5,4,1d12+4,1d8+4,40,17,8,3,1d12+4,1d8+4,6.0,A
7344,40,14,7,4,1d12+4,1d6+4,40,16,7,5,1d8+4,1d6+4,9.0,B
7345,40,16,5,5,1d10+4,1d6+4,40,17,5,3,1d8+4,1d6+4,9.0,A
7346,40,14,7,4,1d12+4,1d6+4,40,17,8,3,1d12+4,1d8+4,7.0,B
7347,40,14,7,5,1d10+4,1d6+4,40,15,5,4,1d8+4,1d6+4,9.0,A
7348,40,16,5,4,1d12+4,1d8+4,40,18,6,3,1d8+4,1d8+4,10.0,A
7349,40,16,5,3,1d10+4,1d8+4,40,18,5,5,1d12+4,1d6+4,8.0,B
7350,40,15,7,3,1d8+4,1d8+4,40,17,5,4,1d8+4,1d8+4,8.0,A
7351,40,18,6,4,1d12+4,1d8+4,40,16,8,3,1d12+4,1d6+4,2.0,A
7352,40,18,5,4,1d10+4,1d6+4,40,18,7,3,1d12+4,1d6+4,7.0,A
7353,40,15,8,4,1d10+4,1d8+4,40,17,5,4,1d12+4,1d8+4,6.0,A
7354,40,14,5,4,1d10+4,1d6+4,40,17,8,4,1d10+4,1d8+4,7.0,B
7355,40,14,8,5,1d10+4,1d6+4,40,16,7,5,1d12+4,1d6+4,1.0,B
7356,40,15,6,5,1d12+4,1d8+4,40,14,7,5,1d8+4,1d6+4,7.0,B
7357,40,15,6,4,1d8+4,1d8+4,40,18,6,4,1d8+4,1d8+4,1.0,B
7358,40,17,6,3,1d8+4,1d6+4,40,17,5,4,1d8+4,1d8+4,9.0,A
7359,40,17,7,3,1d12+4,1d8+4,40,15,6,3,1d10+4,1d8+4,3.0,A
7360,40,15,7,4,1d12+4,1d6+4,40,18,7,5,1d8+4,1d8+4,1.0,B
7361,40,16,5,4,1d12+4,1d8+4,40,16,8,3,1d8+4,1d8+4,1.0,A
7362,40,14,8,3,1d10+4,1d6+4,40,16,6,3,1d12+4,1d8+4,7.0,A
7363,40,18,8,3,1d10+4,1d8+4,40,14,8,4,1d10+4,1d6+4,5.0,A
7364,40,14,5,4,1d10+4,1d6+4,40,16,7,5,1d12+4,1d6+4,4.0,B
7365,40,15,6,3,1d8+4,1d6+4,40,18,8,4,1d12+4,1d6+4,5.0,B
7366,40,16,6,3,1d10+4,1d8+4,40,16,8,3,1d8+4,1d8+4,10.0,A
7367,40,14,6,5,1d10+4,1d8+4,40,16,5,4,1d10+4,1d6+4,2.0,A
7368,40,16,7,3,1d8+4,1d6+4,40,18,6,4,1d8+4,1d6+4,5.0,A
7369,40,17,6,3,1d10+4,1d8+4,40,14,8,5,1d12+4,1d8+4,7.0,A
7370,40,17,7,5,1d12+4,1d8+4,40,16,6,5,1d10+4,1d8+4,8.0,A
7371,40,18,8,5,1d8+4,1d6+4,40,16,5,5,1d8+4,1d8+4,1.0,B
7372,40,16,6,3,1d12+4,1d8+4,40,18,5,3,1d10+4,1d8+4,6.0,A
7373,40,18,6,4,1d12+4,1d6+4,40,18,7,5,1d12+4,1d6+4,3.0,B
7374,40,16,8,3,1d10+4,1d8+4,40,14,6,4,1d10+4,1d8+4,7.0,A
7375,40,17,7,5,1d8+4,1d6+4,40,14,5,5,1d12+4,1d6+4,6.0,A
7376,40,14,8,3,1d8+4,1d6+4,40,15,7,3,1d12+4,1d8+4,2.0,B
7377,40,14,7,3,1d8+4,1d8+4,40,18,6,5,1d8+4,1d6+4,6.0,A
7378,40,15,8,5,1d8+4,1d6+4,40,16,8,3,1d10+4,1d6+4,4.0,B
7379,40,16,6,3,1d12+4,1d8+4,40,14,6,3,1d8+4,1d8+4,5.0,B
7380,40,14,6,4,1d12+4,1d6+4,40,16,5,3,1d8+4,1d6+4,4.0,B
7381,40,14,6,4,1d10+4,1d8+4,40,14,7,5,1d8+4,1d6+4,1.0,A
7382,40,18,6,5,1d8+4,1d8+4,40,17,7,4,1d12+4,1d6+4,7.0,B
7383,40,18,6,4,1d10+4,1d8+4,40,16,5,4,1d10+4,1d6+4,2.0,A
7384,40,17,6,4,1d10+4,1d6+4,40,14,5,5,1d12+4,1d6+4,2.0,A
7385,40,18,7,5,1d8+4,1d8+4,40,15,6,5,1d8+4,1d8+4,2.0,B
7386,40,15,8,5,1d10+4,1d6+4,40,17,7,3,1d10+4,1d8+4,9.0,B
7387,40,15,7,3,1d8+4,1d8+4,40,15,8,5,1d8+4,1d8+4,6.0,A
7388,40,18,5,3,1d10+4,1d6+4,40,16,6,4,1d10+4,1d6+4,3.0,A
7389,40,14,5,3,1d12+4,1d8+4,40,14,5,3,1d8+4,1d6+4,10.0,B
7390,40,15,8,5,1d10+4,1d8+4,40,15,8,3,1d8+4,1d8+4,3.0,A
7391,40,18,7,3,1d8+4,1d6+4,40,16,5,5,1d10+4,1d6+4,5.0,A
7392,40,15,6,3,1d8+4,1d8+4,40,17,8,5,1d12+4,1d8+4,1.0,B
7393,40,16,6,3,1d8+4,1d6+4,40,18,5,4,1d12+4,1d6+4,2.0,B
7394,40,14,8,5,1d12+4,1d6+4,40,14,7,5,1d10+4,1d6+4,7.0,B
7395,40,17,5,3,1d8+4,1d6+4,40,16,6,5,1d8+4,1d8+4,8.0,A
7396,40,15,5,3,1d8+4,1d6+4,40,16,6,4,1d8+4,1d6+4,4.0,B
7397,40,17,7,5,1d8+4,1d8+4,40,16,5,5,1d8+4,1d8+4,5.0,A
7398,40,16,8,4,1d10+4,1d8+4,40,17,6,5,1d8+4,1d8+4,6.0,A
7399,40,16,7,5,1d12+4,1d6+4,40,17,7,4,1d12+4,1d8+4,3.0,A
7400,40,18,6,4,1d12+4,1d6+4,40,18,5,3,1d8+4,1d6+4,6.0,A
7401,40,16,7,5,1d8+4,1d8+4,40,14,6,4,1d12+4,1d8+4,4.0,B
7402,40,18,7,3,1d12+4,1d8+4,40,17,5,3,1d8+4,1d6+4,2.0,A
7403,40,16,7,5,1d12+4,1d6+4,40,17,7,3,1d12+4,1d6+4,0.0,B
7404,40,17,6,5,1d10+4,1d6+4,40,18,8,4,1d10+4,1d6+4,7.0,A
7405,40,18,5,4,1d8+4,1d8+4,40,18,5,5,1d10+4,1d6+4,3.0,B
7406,40,15,8,5,1d12+4,1d6+4,40,17,6,3,1d12+4,1d6+4,9.0,B
7407,40,16,6,5,1d10+4,1d6+4,40,18,7,5,1d12+4,1d6+4,7.0,B
7408,40,16,7,4,1d8+4,1d8+4,40,16,8,3,1d10+4,1d6+4,0.0,A
7409,40,14,6,4,1d12+4,1d8+4,40,17,7,3,1d10+4,1d6+4,7.0,B
7410,40,18,8,5,1d8+4,1d6+4,40,18,6,5,1d10+4,1d6+4,10.0,A
7411,40,18,8,3,1d8+4,1d6+4,40,14,7,4,1d10+4,1d6+4,3.0,A
7412,40,14,8,3,1d10+4,1d6+4,40,16,8,3,1d12+4,1d6+4,10.0,B
7413,40,18,8,5,1d12+4,1d8+4,40,18,8,3,1d12+4,1d6+4,4.0,B
7414,40,14,6,3,1d12+4,1d6+4,40,16,5,5,1d12+4,1d8+4,4.0,A
7415,40,17,7,3,1d10+4,1d6+4,40,18,6,3,1d12+4,1d8+4,5.0,A
7416,40,14,6,4,1d12+4,1d6+4,40,16,6,3,1d8+4,1d6+4,7.0,A
7417,40,14,6,4,1d8+4,1d8+4,40,16,6,3,1d12+4,1d8+4,1.0,B
7418,40,17,7,3,1d8+4,1d6+4,40,16,7,4,1d10+4,1d6+4,10.0,A
7419,40,15,6,3,1d10+4,1d8+4,40,18,6,4,1d12+4,1d8+4,4.0,B
7420,40,16,5,5,1d10+4,1d6+4,40,16,5,5,1d12+4,1d8+4,7.0,A
7421,40,18,5,4,1d10+4,1d6+4,40,14,5,5,1d8+4,1d8+4,9.0,A
7422,40,17,8,3,1d10+4,1d6+4,40,15,6,5,1d10+4,1d6+4,7.0,A
7423,40,15,8,3,1d12+4,1d8+4,40,17,7,4,1d12+4,1d6+4,6.0,B
7424,40,16,7,5,1d12+4,1d6+4,40,17,5,5,1d12+4,1d8+4,7.0,A
7425,40,17,6,3,1d12+4,1d8+4,40,17,8,5,1d8+4,1d8+4,4.0,B
7426,40,15,6,3,1d12+4,1d8+4,40,15,5,5,1d10+4,1d6+4,8.0,A
7427,40,15,5,4,1d10+4,1d8+4,40,17,6,3,1d10+4,1d8+4,3.0,B
7428,40,16,8,5,1d10+4,1d8+4,40,18,8,4,1d8+4,1d8+4,10.0,B
7429,40,16,5,3,1d10+4,1d6+4,40,15,5,4,1d8+4,1d8+4,3.0,A
7430,40,14,6,3,1d12+4,1d8+4,40,18,6,5,1d8+4,1d6+4,1.0,B
7431,40,15,7,5,1d10+4,1d6+4,40,18,7,5,1d8+4,1d6+4,8.0,B
7432,40,17,6,5,1d12+4,1d6+4,40,18,8,4,1d10+4,1d8+4,1.0,B
7433,40,15,5,4,1d8+4,1d6+4,40,18,8,5,1d8+4,1d8+4,0.0,B
7434,40,14,8,4,1d10+4,1d6+4,40,14,7,5,1d12+4,1d6+4,5.0,B
7435,40,15,8,5,1d10+4,1d6+4,40,18,7,4,1d8+4,1d6+4,3.0,B
7436,40,15,8,4,1d8+4,1d6+4,40,17,6,5,1d12+4,1d8+4,5.0,B
7437,40,18,6,4,1d8+4,1d6+4,40,15,5,4,1d8+4,1d8+4,10.0,A
7438,40,18,5,5,1d8+4,1d8+4,40,14,8,3,1d8+4,1d8+4,9.0,A
7439,40,14,6,4,1d12+4,1d8+4,40,15,6,3,1d10+4,1d8+4,4.0,B
7440,40,16,7,5,1d10+4,1d6+4,40,14,8,5,1d12+4,1d8+4,9.0,A
7441,40,18,8,3,1d10+4,1d8+4,40,15,8,5,1d8+4,1d6+4,0.0,A
7442,40,17,5,5,1d8+4,1d8+4,40,17,8,4,1d10+4,1d6+4,5.0,B
7443,40,17,7,3,1d8+4,1d6+4,40,18,6,4,1d10+4,1d8+4,4.0,B
7444,40,18,8,4,1d10+4,1d8+4,40,15,6,4,1d12+4,1d6+4,10.0,B
7445,40,16,8,5,1d12+4,1d8+4,40,14,6,4,1d10+4,1d8+4,5.0,A
7446,40,17,7,5,1d10+4,1d6+4,40,16,6,5,1d12+4,1d8+4,3.0,A
7447,40,14,8,4,1d8+4,1d8+4,40,16,7,3,1d12+4,1d6+4,6.0,A
7448,40,18,8,3,1d8+4,1d6+4,40,17,6,4,1d12+4,1d6+4,10.0,B
7449,40,16,5,5,1d8+4,1d6+4,40,16,8,3,1d12+4,1d8+4,7.0,A
7450,40,15,6,3,1d10+4,1d8+4,40,16,5,4,1d8+4,1d6+4,8.0,A
7451,40,16,8,4,1d12+4,1d8+4,40,16,5,3,1d8+4,1d6+4,3.0,A
7452,40,15,6,4,1d10+4,1d8+4,40,18,7,5,1d8+4,1d6+4,3.0,B
7453,40,14,5,4,1d8+4,1d6+4,40,15,6,3,1d10+4,1d8+4,2.0,A
7454,40,14,5,4,1d10+4,1d8+4,40,15,5,3,1d8+4,1d6+4,4.0,A
7455,40,16,7,3,1d8+4,1d8+4,40,15,7,5,1d12+4,1d8+4,8.0,B
7456,40,16,5,4,1d10+4,1d6+4,40,18,8,4,1d10+4,1d6+4,10.0,A
7457,40,15,5,4,1d8+4,1d8+4,40,14,7,5,1d10+4,1d6+4,10.0,B
7458,40,16,7,5,1d8+4,1d8+4,40,16,7,3,1d12+4,1d8+4,5.0,B
7459,40,14,6,4,1d8+4,1d6+4,40,18,6,3,1d12+4,1d6+4,1.0,B
7460,40,18,7,5,1d10+4,1d8+4,40,17,5,3,1d8+4,1d6+4,6.0,A
7461,40,16,7,3,1d10+4,1d6+4,40,16,6,3,1d12+4,1d8+4,9.0,A
7462,40,17,7,4,1d8+4,1d8+4,40,17,5,3,1d10+4,1d8+4,7.0,B
7463,40,14,7,4,1d12+4,1d8+4,40,15,6,3,1d10+4,1d8+4,7.0,B
7464,40,14,8,3,1d12+4,1d8+4,40,15,6,3,1d8+4,1d6+4,3.0,A
7465,40,14,7,5,1d10+4,1d6+4,40,14,8,5,1d10+4,1d8+4,2.0,B
7466,40,14,5,4,1d10+4,1d8+4,40,14,6,5,1d12+4,1d6+4,2.0,B
7467,40,15,6,5,1d12+4,1d8+4,40,17,5,4,1d12+4,1d8+4,0.0,A
7468,40,17,7,3,1d10+4,1d8+4,40,16,6,3,1d8+4,1d8+4,0.0,B
7469,40,14,8,3,1d8+4,1d6+4,40,15,6,5,1d8+4,1d6+4,2.0,A
7470,40,18,7,3,1d12+4,1d6+4,40,18,8,5,1d12+4,1d6+4,1.0,A
7471,40,17,8,5,1d8+4,1d8+4,40,15,5,5,1d12+4,1d8+4,6.0,B
7472,40,14,5,5,1d10+4,1d6+4,40,16,5,5,1d10+4,1d6+4,4.0,B
7473,40,16,7,3,1d8+4,1d8+4,40,17,7,4,1d10+4,1d8+4,7.0,B
7474,40,14,5,5,1d12+4,1d8+4,40,16,7,4,1d12+4,1d8+4,2.0,B
7475,40,14,7,4,1d8+4,1d8+4,40,14,7,4,1d10+4,1d6+4,1.0,B
7476,40,17,5,5,1d8+4,1d6+4,40,14,7,3,1d8+4,1d8+4,0.0,A
7477,40,18,8,5,1d10+4,1d8+4,40,17,5,3,1d10+4,1d6+4,8.0,A
7478,40,16,8,5,1d10+4,1d6+4,40,15,7,5,1d10+4,1d6+4,2.0,A
7479,40,17,5,3,1d8+4,1d8+4,40,16,8,4,1d8+4,1d8+4,9.0,A
7480,40,18,5,3,1d12+4,1d8+4,40,17,5,3,1d12+4,1d6+4,9.0,B
7481,40,14,7,5,1d8+4,1d6+4,40,18,7,4,1d12+4,1d8+4,7.0,A
7482,40,15,8,5,1d10+4,1d8+4,40,15,5,4,1d8+4,1d8+4,4.0,A
7483,40,17,7,4,1d8+4,1d8+4,40,18,8,4,1d8+4,1d8+4,4.0,B
7484,40,15,5,5,1d8+4,1d6+4,40,15,8,3,1d10+4,1d8+4,3.0,A
7485,40,18,7,5,1d10+4,1d6+4,40,16,5,3,1d8+4,1d6+4,7.0,A
7486,40,17,7,3,1d8+4,1d6+4,40,18,6,5,1d10+4,1d8+4,4.0,B
7487,40,18,7,3,1d8+4,1d8+4,40,17,7,5,1d12+4,1d8+4,10.0,B
7488,40,15,7,3,1d8+4,1d8+4,40,14,8,4,1d10+4,1d8+4,5.0,A
7489,40,18,5,3,1d12+4,1d6+4,40,16,5,5,1d8+4,1d8+4,2.0,A
7490,40,15,6,4,1d8+4,1d6+4,40,15,8,3,1d8+4,1d6+4,3.0,B
7491,40,14,6,3,1d8+4,1d6+4,40,18,5,5,1d8+4,1d8+4,10.0,A
7492,40,18,7,4,1d8+4,1d6+4,40,15,5,3,1d10+4,1d8+4,7.0,A
7493,40,15,5,3,1d8+4,1d8+4,40,17,8,3,1d8+4,1d6+4,8.0,A
7494,40,16,7,4,1d10+4,1d8+4,40,14,8,4,1d8+4,1d8+4,4.0,A
7495,40,14,7,3,1d8+4,1d8+4,40,18,8,4,1d12+4,1d6+4,1.0,A
7496,40,14,7,5,1d10+4,1d8+4,40,14,8,4,1d10+4,1d6+4,0.0,B
7497,40,14,5,3,1d12+4,1d8+4,40,14,6,5,1d8+4,1d8+4,5.0,A
7498,40,18,5,5,1d12+4,1d6+4,40,16,8,4,1d8+4,1d6+4,3.0,A
7499,40,17,8,3,1d10+4,1d8+4,40,15,7,4,1d12+4,1d8+4,0.0,A
7500,40,15,6,5,1d10+4,1d6+4,40,16,6,5,1d12+4,1d8+4,5.0,B
7501,40,16,5,3,1d12+4,1d6+4,40,16,5,3,1d12+4,1d6+4,3.0,A
7502,40,17,6,3,1d10+4,1d6+4,40,14,6,3,1d8+4,1d6+4,4.0,A
7503,40,15,8,5,1d12+4,1d8+4,40,18,8,5,1d10+4,1d8+4,9.0,A
7504,40,15,5,5,1d10+4,1d8+4,40,14,5,3,1d12+4,1d8+4,5.0,A
7505,40,16,7,3,1d10+4,1d8+4,40,18,5,3,1d12+4,1d6+4,9.0,A
7506,40,16,6,5,1d12+4,1d8+4,40,18,6,4,1d10+4,1d8+4,7.0,B
7507,40,16,6,5,1d12+4,1d6+4,40,17,5,4,1d12+4,1d8+4,6.0,A
7508,40,18,5,3,1d8+4,1d6+4,40,17,6,3,1d10+4,1d8+4,4.0,A
7509,40,14,7,5,1d8+4,1d6+4,40,15,7,3,1d12+4,1d8+4,3.0,A
7510,40,17,6,3,1d8+4,1d6+4,40,17,8,3,1d12+4,1d8+4,9.0,B
7511,40,15,7,3,1d8+4,1d8+4,40,18,8,3,1d12+4,1d6+4,10.0,A
7512,40,14,8,4,1d8+4,1d6+4,40,14,6,5,1d12+4,1d6+4,7.0,A
7513,40,16,8,4,1d12+4,1d8+4,40,16,7,5,1d12+4,1d8+4,0.0,A
7514,40,16,7,5,1d12+4,1d8+4,40,15,7,5,1d12+4,1d8+4,3.0,A
7515,40,14,7,4,1d8+4,1d6+4,40,15,8,5,1d12+4,1d8+4,4.0,B
7516,40,15,6,3,1d10+4,1d8+4,40,18,5,4,1d8+4,1d6+4,7.0,A
7517,40,14,6,4,1d10+4,1d8+4,40,14,6,4,1d12+4,1d6+4,8.0,B
7518,40,15,8,4,1d10+4,1d8+4,40,17,5,3,1d8+4,1d8+4,3.0,A
7519,40,18,5,4,1d10+4,1d6+4,40,14,6,5,1d8+4,1d8+4,10.0,A
7520,40,17,7,5,1d8+4,1d6+4,40,16,5,5,1d8+4,1d6+4,3.0,A
7521,40,14,5,3,1d8+4,1d8+4,40,14,7,3,1d10+4,1d6+4,0.0,A
7522,40,18,8,3,1d8+4,1d6+4,40,17,5,4,1d8+4,1d6+4,6.0,A
7523,40,14,7,3,1d12+4,1d8+4,40,16,7,5,1d10+4,1d8+4,7.0,A
7524,40,16,7,4,1d12+4,1d6+4,40,16,6,3,1d10+4,1d6+4,10.0,B
7525,40,18,8,4,1d10+4,1d6+4,40,15,8,4,1d12+4,1d8+4,5.0,A
7526,40,15,8,5,1d10+4,1d6+4,40,14,8,5,1d8+4,1d8+4,2.0,B
7527,40,14,6,3,1d8+4,1d6+4,40,17,8,5,1d10+4,1d6+4,5.0,B
7528,40,18,7,3,1d12+4,1d6+4,40,15,5,5,1d12+4,1d8+4,1.0,A
7529,40,14,7,5,1d12+4,1d6+4,40,17,6,5,1d12+4,1d8+4,1.0,B
7530,40,15,5,5,1d12+4,1d6+4,40,16,8,5,1d8+4,1d6+4,0.0,A
7531,40,16,7,3,1d8+4,1d6+4,40,14,6,5,1d8+4,1d8+4,10.0,A
7532,40,16,7,4,1d10+4,1d6+4,40,18,8,4,1d8+4,1d6+4,9.0,B
7533,40,17,6,4,1d10+4,1d6+4,40,18,6,4,1d10+4,1d8+4,1.0,A
7534,40,17,7,5,1d12+4,1d8+4,40,16,6,4,1d12+4,1d6+4,9.0,A
7535,40,16,7,3,1d8+4,1d8+4,40,15,6,4,1d8+4,1d8+4,7.0,A
7536,40,18,6,3,1d10+4,1d6+4,40,14,7,4,1d12+4,1d6+4,1.0,B
7537,40,17,7,4,1d8+4,1d6+4,40,15,8,3,1d8+4,1d6+4,6.0,B
7538,40,18,8,3,1d8+4,1d8+4,40,17,8,4,1d12+4,1d6+4,5.0,A
7539,40,16,8,5,1d10+4,1d6+4,40,15,6,4,1d8+4,1d8+4,3.0,B
7540,40,16,7,3,1d12+4,1d6+4,40,17,6,4,1d10+4,1d6+4,7.0,A
7541,40,14,8,4,1d12+4,1d8+4,40,15,5,3,1d8+4,1d6+4,5.0,A
7542,40,18,6,5,1d8+4,1d6+4,40,15,8,4,1d8+4,1d8+4,7.0,A
7543,40,17,7,3,1d12+4,1d6+4,40,15,7,5,1d12+4,1d6+4,5.0,A
7544,40,16,7,5,1d12+4,1d6+4,40,18,8,5,1d8+4,1d6+4,2.0,B
7545,40,18,5,3,1d8+4,1d6+4,40,18,5,3,1d12+4,1d6+4,0.0,B
7546,40,18,8,4,1d10+4,1d6+4,40,15,6,3,1d10+4,1d6+4,1.0,A
7547,40,17,8,3,1d12+4,1d6+4,40,17,5,4,1d12+4,1d6+4,0.0,B
7548,40,17,7,3,1d10+4,1d6+4,40,18,5,4,1d12+4,1d6+4,0.0,B
7549,40,18,7,4,1d10+4,1d6+4,40,17,6,4,1d12+4,1d6+4,6.0,B
7550,40,14,7,4,1d10+4,1d8+4,40,17,5,3,1d12+4,1d8+4,3.0,B
7551,40,14,6,4,1d8+4,1d6+4,40,17,8,4,1d8+4,1d8+4,3.0,A
7552,40,15,6,5,1d8+4,1d6+4,40,14,8,5,1d8+4,1d8+4,1.0,A
7553,40,17,7,4,1d10+4,1d8+4,40,16,7,5,1d8+4,1d6+4,6.0,A
7554,40,17,6,4,1d10+4,1d6+4,40,14,6,5,1d10+4,1d8+4,4.0,A
7555,40,15,7,3,1d8+4,1d8+4,40,14,8,3,1d8+4,1d8+4,4.0,A
7556,40,15,5,4,1d10+4,1d8+4,40,15,6,3,1d10+4,1d8+4,0.0,B
7557,40,18,5,5,1d8+4,1d6+4,40,16,6,4,1d10+4,1d8+4,8.0,A
7558,40,17,8,4,1d12+4,1d6+4,40,15,8,5,1d10+4,1d6+4,10.0,B
7559,40,14,8,4,1d8+4,1d6+4,40,16,8,5,1d12+4,1d8+4,8.0,A
7560,40,16,8,3,1d12+4,1d8+4,40,17,6,4,1d8+4,1d8+4,0.0,A
7561,40,14,5,4,1d10+4,1d8+4,40,16,7,5,1d10+4,1d6+4,3.0,B
7562,40,16,8,3,1d8+4,1d8+4,40,14,5,4,1d12+4,1d8+4,7.0,A
7563,40,16,8,4,1d8+4,1d8+4,40,17,7,5,1d8+4,1d8+4,9.0,B
7564,40,15,7,5,1d10+4,1d6+4,40,17,5,5,1d12+4,1d6+4,9.0,A
7565,40,15,7,3,1d8+4,1d8+4,40,15,5,5,1d12+4,1d8+4,4.0,A
7566,40,16,6,4,1d8+4,1d8+4,40,15,7,3,1d10+4,1d6+4,1.0,A
7567,40,17,5,4,1d12+4,1d8+4,40,15,7,3,1d12+4,1d6+4,6.0,A
7568,40,14,8,5,1d12+4,1d8+4,40,18,8,3,1d10+4,1d8+4,3.0,A
7569,40,18,7,4,1d8+4,1d8+4,40,15,8,3,1d8+4,1d8+4,7.0,B
7570,40,18,8,3,1d12+4,1d6+4,40,18,7,5,1d12+4,1d8+4,9.0,B
7571,40,15,8,4,1d12+4,1d8+4,40,18,8,4,1d8+4,1d8+4,10.0,A
7572,40,16,7,4,1d8+4,1d6+4,40,16,6,3,1d10+4,1d8+4,1.0,A
7573,40,14,8,4,1d12+4,1d8+4,40,14,5,5,1d12+4,1d6+4,8.0,A
7574,40,17,5,4,1d12+4,1d8+4,40,16,5,4,1d12+4,1d8+4,4.0,B
7575,40,16,5,5,1d8+4,1d8+4,40,17,5,3,1d10+4,1d6+4,9.0,A
7576,40,16,7,4,1d8+4,1d6+4,40,14,7,5,1d12+4,1d6+4,7.0,B
7577,40,17,6,4,1d10+4,1d6+4,40,15,8,5,1d12+4,1d6+4,9.0,B
7578,40,14,7,3,1d10+4,1d6+4,40,18,7,4,1d12+4,1d8+4,6.0,B
7579,40,15,8,5,1d12+4,1d6+4,40,18,8,5,1d8+4,1d6+4,5.0,B
7580,40,16,6,4,1d10+4,1d6+4,40,15,6,5,1d10+4,1d8+4,1.0,A
7581,40,16,5,4,1d8+4,1d6+4,40,16,6,3,1d12+4,1d8+4,8.0,A
7582,40,16,8,4,1d12+4,1d6+4,40,15,6,4,1d8+4,1d6+4,2.0,A
7583,40,16,5,4,1d12+4,1d8+4,40,15,7,3,1d10+4,1d8+4,8.0,A
7584,40,15,6,4,1d12+4,1d8+4,40,14,8,5,1d10+4,1d6+4,6.0,A
7585,40,17,8,5,1d10+4,1d6+4,40,17,7,4,1d8+4,1d8+4,2.0,A
7586,40,15,5,5,1d8+4,1d6+4,40,16,5,4,1d12+4,1d8+4,10.0,B
7587,40,18,6,5,1d8+4,1d8+4,40,15,5,5,1d12+4,1d8+4,2.0,B
7588,40,14,6,4,1d12+4,1d8+4,40,18,7,4,1d10+4,1d8+4,4.0,A
7589,40,17,7,4,1d8+4,1d8+4,40,14,7,3,1d10+4,1d6+4,3.0,A
7590,40,15,6,4,1d12+4,1d6+4,40,16,6,3,1d8+4,1d8+4,8.0,A
7591,40,17,7,3,1d12+4,1d6+4,40,16,8,5,1d10+4,1d6+4,4.0,B
7592,40,14,6,4,1d12+4,1d6+4,40,17,5,4,1d8+4,1d6+4,7.0,A
7593,40,17,8,3,1d12+4,1d8+4,40,15,8,3,1d10+4,1d8+4,4.0,A
7594,40,17,7,3,1d10+4,1d6+4,40,15,6,4,1d8+4,1d6+4,7.0,B
7595,40,15,6,4,1d8+4,1d6+4,40,15,7,5,1d12+4,1d6+4,3.0,B
7596,40,16,8,3,1d10+4,1d6+4,40,15,5,4,1d8+4,1d6+4,1.0,A
7597,40,16,6,5,1d10+4,1d6+4,40,14,5,4,1d10+4,1d8+4,6.0,A
7598,40,16,7,3,1d12+4,1d8+4,40,16,6,5,1d8+4,1d6+4,2.0,A
7599,40,15,7,4,1d8+4,1d6+4,40,16,7,4,1d12+4,1d6+4,3.0,A
7600,40,17,5,4,1d12+4,1d6+4,40,16,6,5,1d10+4,1d6+4,2.0,A
7601,40,17,5,4,1d12+4,1d8+4,40,14,6,3,1d8+4,1d8+4,10.0,A
7602,40,16,6,3,1d12+4,1d6+4,40,15,7,5,1d10+4,1d6+4,0.0,B
7603,40,16,5,4,1d10+4,1d6+4,40,17,8,3,1d12+4,1d6+4,10.0,B
7604,40,14,8,3,1d12+4,1d8+4,40,14,5,5,1d8+4,1d6+4,10.0,A
7605,40,16,6,5,1d10+4,1d6+4,40,15,5,3,1d10+4,1d6+4,1.0,A
7606,40,18,5,4,1d12+4,1d6+4,40,16,8,4,1d12+4,1d8+4,7.0,B
7607,40,18,8,4,1d8+4,1d8+4,40,16,7,3,1d10+4,1d8+4,0.0,A
7608,40,17,8,4,1d12+4,1d6+4,40,17,6,4,1d10+4,1d8+4,8.0,A
7609,40,17,7,5,1d12+4,1d6+4,40,17,7,4,1d12+4,1d8+4,5.0,A
7610,40,16,8,4,1d10+4,1d6+4,40,17,8,5,1d8+4,1d8+4,6.0,B
7611,40,16,5,4,1d8+4,1d8+4,40,15,8,5,1d12+4,1d8+4,10.0,B
7612,40,14,5,4,1d8+4,1d6+4,40,17,8,5,1d8+4,1d8+4,5.0,B
7613,40,14,5,3,1d10+4,1d8+4,40,18,5,3,1d8+4,1d8+4,5.0,A
7614,40,15,8,4,1d12+4,1d6+4,40,16,6,3,1d12+4,1d6+4,0.0,A
7615,40,16,7,3,1d12+4,1d6+4,40,17,7,3,1d10+4,1d8+4,3.0,B
7616,40,14,6,3,1d8+4,1d8+4,40,16,5,3,1d10+4,1d6+4,7.0,A
7617,40,15,7,5,1d10+4,1d6+4,40,15,8,4,1d12+4,1d8+4,10.0,B
7618,40,16,6,5,1d10+4,1d8+4,40,18,5,3,1d12+4,1d6+4,9.0,B
7619,40,14,6,3,1d10+4,1d8+4,40,18,5,3,1d8+4,1d6+4,10.0,B
7620,40,16,6,4,1d12+4,1d8+4,40,18,5,5,1d8+4,1d8+4,8.0,A
7621,40,16,8,4,1d10+4,1d6+4,40,15,8,5,1d12+4,1d6+4,3.0,A
7622,40,14,7,4,1d12+4,1d6+4,40,16,8,3,1d12+4,1d6+4,9.0,B
7623,40,17,5,3,1d8+4,1d8+4,40,14,5,5,1d10+4,1d8+4,1.0,A
7624,40,18,6,5,1d8+4,1d8+4,40,15,6,4,1d12+4,1d6+4,5.0,A
7625,40,14,8,4,1d10+4,1d8+4,40,14,8,5,1d8+4,1d6+4,1.0,B
7626,40,17,5,4,1d10+4,1d8+4,40,14,5,3,1d12+4,1d8+4,6.0,B
7627,40,17,8,5,1d10+4,1d8+4,40,15,5,3,1d8+4,1d8+4,9.0,A
7628,40,15,5,5,1d8+4,1d8+4,40,16,8,5,1d12+4,1d6+4,5.0,B
7629,40,17,6,5,1d8+4,1d8+4,40,14,5,4,1d8+4,1d6+4,9.0,A
7630,40,18,8,3,1d10+4,1d8+4,40,15,7,4,1d12+4,1d8+4,8.0,B
7631,40,16,5,4,1d10+4,1d6+4,40,17,7,3,1d10+4,1d6+4,9.0,B
7632,40,17,5,3,1d10+4,1d8+4,40,16,5,4,1d10+4,1d8+4,3.0,A
7633,40,15,7,4,1d12+4,1d8+4,40,17,7,5,1d12+4,1d6+4,10.0,B
7634,40,18,8,3,1d12+4,1d6+4,40,14,7,3,1d8+4,1d8+4,1.0,A
7635,40,17,7,4,1d12+4,1d6+4,40,14,7,5,1d12+4,1d6+4,4.0,B
7636,40,15,7,3,1d12+4,1d6+4,40,17,7,3,1d10+4,1d6+4,0.0,B
7637,40,18,8,5,1d8+4,1d6+4,40,18,8,3,1d8+4,1d6+4,10.0,B
7638,40,17,7,4,1d12+4,1d8+4,40,17,7,3,1d12+4,1d6+4,1.0,B
7639,40,14,6,4,1d12+4,1d8+4,40,14,8,3,1d8+4,1d8+4,7.0,A
7640,40,16,6,4,1d12+4,1d8+4,40,14,7,3,1d8+4,1d6+4,1.0,A
7641,40,17,5,3,1d8+4,1d8+4,40,18,5,4,1d12+4,1d6+4,7.0,B
7642,40,16,8,3,1d8+4,1d8+4,40,16,5,5,1d10+4,1d6+4,10.0,A
7643,40,15,8,4,1d12+4,1d8+4,40,17,6,3,1d12+4,1d6+4,0.0,A
7644,40,15,6,4,1d8+4,1d8+4,40,14,7,4,1d10+4,1d6+4,5.0,B
7645,40,16,6,4,1d10+4,1d6+4,40,16,7,3,1d8+4,1d8+4,7.0,A
7646,40,16,6,4,1d10+4,1d6+4,40,15,7,5,1d12+4,1d8+4,1.0,B
7647,40,16,5,4,1d10+4,1d6+4,40,15,5,5,1d12+4,1d8+4,0.0,A
7648,40,18,8,4,1d12+4,1d6+4,40,15,8,3,1d12+4,1d6+4,9.0,A
7649,40,14,6,3,1d8+4,1d8+4,40,15,6,3,1d8+4,1d6+4,1.0,A
7650,40,16,5,3,1d8+4,1d6+4,40,14,5,4,1d12+4,1d6+4,7.0,B
7651,40,15,6,4,1d10+4,1d6+4,40,14,7,3,1d10+4,1d8+4,9.0,B
7652,40,17,7,3,1d8+4,1d8+4,40,16,7,3,1d10+4,1d6+4,7.0,B
7653,40,18,7,4,1d8+4,1d8+4,40,15,7,3,1d10+4,1d6+4,10.0,A
7654,40,16,8,3,1d12+4,1d6+4,40,14,5,5,1d8+4,1d6+4,9.0,A
7655,40,15,7,5,1d10+4,1d6+4,40,15,6,4,1d8+4,1d8+4,9.0,A
7656,40,16,6,3,1d12+4,1d8+4,40,14,6,5,1d10+4,1d8+4,8.0,A
7657,40,16,5,4,1d10+4,1d8+4,40,16,6,4,1d8+4,1d8+4,4.0,A
7658,40,16,8,4,1d12+4,1d6+4,40,18,7,3,1d8+4,1d6+4,2.0,A
7659,40,16,5,5,1d12+4,1d8+4,40,16,6,4,1d8+4,1d6+4,1.0,A
7660,40,18,8,3,1d8+4,1d6+4,40,18,8,3,1d12+4,1d8+4,5.0,A
7661,40,15,6,5,1d12+4,1d8+4,40,15,8,3,1d12+4,1d6+4,5.0,B
7662,40,16,6,4,1d8+4,1d6+4,40,14,7,4,1d12+4,1d8+4,7.0,B
7663,40,14,6,3,1d10+4,1d8+4,40,18,8,4,1d8+4,1d6+4,0.0,A
7664,40,14,7,4,1d10+4,1d8+4,40,17,8,5,1d10+4,1d8+4,10.0,B
7665,40,16,7,3,1d8+4,1d6+4,40,14,5,3,1d8+4,1d8+4,3.0,A
7666,40,14,8,3,1d8+4,1d8+4,40,17,6,5,1d8+4,1d8+4,1.0,A
7667,40,16,6,3,1d10+4,1d6+4,40,15,8,5,1d8+4,1d8+4,9.0,B
7668,40,15,6,4,1d10+4,1d8+4,40,14,8,3,1d8+4,1d6+4,1.0,A
7669,40,18,8,3,1d8+4,1d6+4,40,14,8,5,1d8+4,1d8+4,4.0,A
7670,40,18,8,4,1d8+4,1d8+4,40,16,8,4,1d8+4,1d8+4,3.0,A
7671,40,17,8,5,1d12+4,1d8+4,40,14,7,5,1d8+4,1d6+4,9.0,A
7672,40,17,8,5,1d12+4,1d6+4,40,16,7,5,1d10+4,1d8+4,3.0,B
7673,40,16,8,4,1d10+4,1d8+4,40,18,8,4,1d10+4,1d8+4,7.0,B
7674,40,16,7,3,1d8+4,1d8+4,40,18,8,4,1d10+4,1d6+4,5.0,B
7675,40,16,6,4,1d8+4,1d8+4,40,18,5,3,1d10+4,1d6+4,2.0,B
7676,40,14,8,5,1d10+4,1d6+4,40,16,8,5,1d12+4,1d8+4,2.0,A
7677,40,15,8,3,1d12+4,1d6+4,40,18,8,5,1d8+4,1d6+4,7.0,A
7678,40,16,5,4,1d12+4,1d6+4,40,16,7,5,1d12+4,1d6+4,6.0,B
7679,40,17,5,3,1d10+4,1d6+4,40,15,6,5,1d8+4,1d8+4,1.0,B
7680,40,16,5,5,1d10+4,1d8+4,40,14,7,3,1d8+4,1d6+4,1.0,B
7681,40,16,6,3,1d12+4,1d8+4,40,16,8,3,1d8+4,1d8+4,10.0,A
7682,40,14,6,5,1d8+4,1d6+4,40,14,5,5,1d12+4,1d8+4,1.0,B
7683,40,16,8,4,1d10+4,1d6+4,40,18,8,5,1d12+4,1d6+4,4.0,A
7684,40,14,8,4,1d10+4,1d6+4,40,16,7,3,1d12+4,1d6+4,3.0,A
7685,40,18,5,5,1d10+4,1d6+4,40,15,5,5,1d10+4,1d6+4,5.0,A
7686,40,17,6,5,1d10+4,1d6+4,40,16,5,3,1d10+4,1d6+4,10.0,B
7687,40,16,8,4,1d12+4,1d8+4,40,14,7,3,1d8+4,1d8+4,3.0,A
7688,40,16,5,3,1d12+4,1d6+4,40,17,5,4,1d10+4,1d8+4,9.0,B
7689,40,16,6,4,1d12+4,1d8+4,40,18,7,4,1d10+4,1d8+4,7.0,A
7690,40,16,6,4,1d12+4,1d6+4,40,17,7,4,1d12+4,1d6+4,2.0,B
7691,40,15,8,5,1d8+4,1d8+4,40,17,6,3,1d8+4,1d6+4,4.0,A
7692,40,15,7,3,1d8+4,1d6+4,40,18,5,5,1d8+4,1d6+4,4.0,A
7693,40,18,6,4,1d12+4,1d6+4,40,16,5,4,1d10+4,1d8+4,10.0,B
7694,40,14,5,4,1d12+4,1d8+4,40,16,6,3,1d12+4,1d8+4,1.0,B
7695,40,18,5,4,1d10+4,1d6+4,40,17,7,3,1d10+4,1d8+4,3.0,A
7696,40,17,5,5,1d10+4,1d6+4,40,14,5,4,1d8+4,1d8+4,7.0,A
7697,40,17,7,4,1d12+4,1d6+4,40,17,7,5,1d10+4,1d8+4,5.0,B
7698,40,16,7,4,1d10+4,1d6+4,40,14,7,5,1d12+4,1d6+4,4.0,B
7699,40,18,6,3,1d10+4,1d8+4,40,16,6,3,1d8+4,1d6+4,8.0,A
7700,40,17,8,4,1d8+4,1d8+4,40,15,8,5,1d8+4,1d8+4,3.0,B
7701,40,15,8,4,1d8+4,1d6+4,40,16,8,5,1d10+4,1d6+4,3.0,A
7702,40,17,7,5,1d10+4,1d8+4,40,18,7,3,1d12+4,1d8+4,0.0,A
7703,40,16,5,5,1d8+4,1d6+4,40,14,6,3,1d10+4,1d6+4,0.0,A
7704,40,17,7,4,1d10+4,1d8+4,40,16,6,4,1d8+4,1d8+4,5.0,A
7705,40,15,7,5,1d10+4,1d8+4,40,15,5,3,1d8+4,1d6+4,10.0,A
7706,40,15,6,5,1d10+4,1d8+4,40,14,7,5,1d10+4,1d6+4,2.0,B
7707,40,16,7,4,1d8+4,1d8+4,40,16,6,5,1d10+4,1d8+4,6.0,A
7708,40,18,6,4,1d8+4,1d6+4,40,15,7,3,1d8+4,1d6+4,6.0,A
7709,40,15,6,5,1d10+4,1d6+4,40,16,5,3,1d10+4,1d8+4,10.0,B
7710,40,14,7,4,1d12+4,1d8+4,40,14,6,4,1d12+4,1d6+4,7.0,B
7711,40,17,8,5,1d12+4,1d6+4,40,15,5,4,1d8+4,1d8+4,6.0,A
7712,40,15,5,4,1d8+4,1d6+4,40,17,7,4,1d8+4,1d8+4,8.0,B
7713,40,14,5,3,1d10+4,1d6+4,40,15,6,4,1d8+4,1d8+4,8.0,B
7714,40,16,7,4,1d12+4,1d6+4,40,16,8,4,1d12+4,1d6+4,3.0,B
7715,40,17,6,4,1d12+4,1d6+4,40,16,7,5,1d12+4,1d6+4,7.0,A
7716,40,16,5,3,1d10+4,1d8+4,40,15,7,5,1d8+4,1d6+4,1.0,B
7717,40,16,5,4,1d8+4,1d8+4,40,17,8,3,1d10+4,1d8+4,8.0,B
7718,40,17,8,3,1d12+4,1d6+4,40,18,5,4,1d8+4,1d8+4,8.0,A
7719,40,14,7,5,1d12+4,1d8+4,40,15,5,3,1d12+4,1d8+4,3.0,A
7720,40,16,8,5,1d12+4,1d8+4,40,15,5,5,1d8+4,1d8+4,8.0,A
7721,40,17,5,3,1d10+4,1d8+4,40,14,7,4,1d12+4,1d8+4,9.0,A
7722,40,16,6,4,1d8+4,1d6+4,40,16,8,5,1d8+4,1d6+4,7.0,B
7723,40,18,8,3,1d10+4,1d6+4,40,14,7,4,1d12+4,1d8+4,9.0,A
7724,40,18,6,3,1d12+4,1d8+4,40,17,6,5,1d8+4,1d6+4,10.0,A
7725,40,15,7,5,1d8+4,1d6+4,40,14,7,4,1d10+4,1d8+4,0.0,A
7726,40,16,6,4,1d8+4,1d8+4,40,15,8,4,1d10+4,1d6+4,5.0,A
7727,40,16,7,5,1d8+4,1d8+4,40,15,6,5,1d12+4,1d6+4,1.0,A
7728,40,16,7,4,1d8+4,1d6+4,40,15,5,4,1d12+4,1d8+4,4.0,B
7729,40,16,7,3,1d8+4,1d6+4,40,16,6,4,1d10+4,1d6+4,10.0,B
7730,40,14,5,3,1d8+4,1d6+4,40,17,5,5,1d12+4,1d6+4,4.0,B
7731,40,17,8,3,1d8+4,1d6+4,40,14,6,3,1d10+4,1d6+4,7.0,B
7732,40,16,7,5,1d10+4,1d8+4,40,16,7,5,1d8+4,1d8+4,3.0,A
7733,40,14,7,5,1d8+4,1d8+4,40,14,7,5,1d10+4,1d6+4,7.0,A
7734,40,15,7,4,1d10+4,1d6+4,40,16,8,5,1d10+4,1d8+4,0.0,A
7735,40,15,5,4,1d8+4,1d8+4,40,16,6,3,1d8+4,1d8+4,9.0,B
7736,40,18,5,5,1d10+4,1d6+4,40,16,5,3,1d8+4,1d8+4,2.0,A
7737,40,18,7,4,1d10+4,1d6+4,40,18,5,4,1d8+4,1d6+4,8.0,A
7738,40,17,6,4,1d10+4,1d8+4,40,16,6,4,1d8+4,1d8+4,4.0,B
7739,40,17,8,5,1d8+4,1d8+4,40,17,6,3,1d8+4,1d6+4,8.0,A
7740,40,14,6,3,1d10+4,1d6+4,40,17,8,3,1d10+4,1d8+4,5.0,B
7741,40,17,8,3,1d12+4,1d8+4,40,16,5,3,1d12+4,1d8+4,0.0,A
7742,40,18,7,3,1d8+4,1d8+4,40,16,6,5,1d8+4,1d8+4,2.0,B
7743,40,15,5,3,1d12+4,1d6+4,40,15,7,4,1d10+4,1d8+4,10.0,A
7744,40,17,6,3,1d10+4,1d8+4,40,15,5,5,1d8+4,1d8+4,0.0,A
7745,40,18,5,4,1d12+4,1d6+4,40,18,7,3,1d12+4,1d6+4,4.0,A
7746,40,18,5,4,1d10+4,1d6+4,40,17,8,4,1d10+4,1d6+4,8.0,B
7747,40,15,8,5,1d8+4,1d6+4,40,17,8,4,1d10+4,1d6+4,8.0,B
7748,40,15,6,5,1d8+4,1d8+4,40,15,8,3,1d8+4,1d8+4,0.0,A
7749,40,16,5,3,1d10+4,1d6+4,40,17,8,4,1d10+4,1d8+4,3.0,B
7750,40,17,6,4,1d8+4,1d6+4,40,17,6,4,1d8+4,1d6+4,7.0,A
7751,40,16,5,5,1d12+4,1d6+4,40,14,6,5,1d10+4,1d8+4,8.0,A
7752,40,16,5,4,1d12+4,1d8+4,40,18,7,3,1d12+4,1d8+4,4.0,A
7753,40,14,6,3,1d12+4,1d6+4,40,16,8,5,1d10+4,1d6+4,1.0,A
7754,40,18,8,3,1d12+4,1d8+4,40,14,8,3,1d12+4,1d6+4,2.0,A
7755,40,16,8,3,1d8+4,1d6+4,40,14,6,4,1d12+4,1d8+4,7.0,B
7756,40,14,5,3,1d8+4,1d8+4,40,17,8,4,1d8+4,1d8+4,10.0,B
7757,40,15,7,3,1d8+4,1d6+4,40,14,6,5,1d12+4,1d6+4,8.0,B
7758,40,14,7,5,1d8+4,1d8+4,40,14,6,4,1d10+4,1d8+4,6.0,A
7759,40,15,7,3,1d8+4,1d6+4,40,18,6,3,1d12+4,1d6+4,8.0,B
7760,40,18,5,3,1d12+4,1d8+4,40,14,5,3,1d12+4,1d8+4,5.0,A
7761,40,17,6,5,1d12+4,1d8+4,40,14,7,4,1d10+4,1d8+4,8.0,B
7762,40,15,6,3,1d12+4,1d6+4,40,18,6,3,1d12+4,1d6+4,4.0,A
7763,40,17,6,4,1d12+4,1d6+4,40,17,7,4,1d8+4,1d6+4,10.0,B
7764,40,18,7,5,1d12+4,1d8+4,40,15,5,3,1d10+4,1d8+4,3.0,A
7765,40,17,6,3,1d8+4,1d6+4,40,15,5,4,1d12+4,1d8+4,10.0,B
7766,40,17,6,4,1d8+4,1d8+4,40,17,5,4,1d12+4,1d8+4,5.0,A
7767,40,18,5,3,1d10+4,1d8+4,40,14,8,5,1d8+4,1d6+4,7.0,A
7768,40,15,7,5,1d12+4,1d6+4,40,14,5,3,1d10+4,1d6+4,0.0,A
7769,40,16,5,3,1d12+4,1d8+4,40,14,5,5,1d8+4,1d8+4,3.0,A
7770,40,17,6,5,1d8+4,1d6+4,40,17,8,4,1d8+4,1d8+4,7.0,B
7771,40,15,5,3,1d10+4,1d6+4,40,14,6,3,1d10+4,1d6+4,6.0,B
7772,40,18,6,4,1d10+4,1d6+4,40,14,7,3,1d10+4,1d8+4,3.0,A
7773,40,18,8,3,1d12+4,1d8+4,40,14,5,3,1d8+4,1d6+4,3.0,A
7774,40,14,5,3,1d12+4,1d8+4,40,15,7,5,1d10+4,1d6+4,1.0,A
7775,40,16,5,5,1d8+4,1d8+4,40,15,5,3,1d8+4,1d6+4,6.0,A
7776,40,14,8,5,1d10+4,1d6+4,40,14,7,4,1d12+4,1d8+4,10.0,B
7777,40,18,7,5,1d8+4,1d6+4,40,17,5,4,1d12+4,1d6+4,8.0,A
7778,40,17,8,3,1d8+4,1d8+4,40,14,7,4,1d12+4,1d6+4,6.0,A
7779,40,15,7,5,1d12+4,1d8+4,40,17,7,5,1d10+4,1d8+4,5.0,A
7780,40,18,7,4,1d8+4,1d8+4,40,14,7,4,1d8+4,1d6+4,10.0,A
7781,40,14,7,4,1d12+4,1d6+4,40,16,6,3,1d12+4,1d6+4,6.0,A
7782,40,18,7,5,1d12+4,1d8+4,40,14,6,3,1d8+4,1d8+4,8.0,A
7783,40,16,5,5,1d10+4,1d8+4,40,15,5,4,1d12+4,1d6+4,6.0,B
7784,40,15,5,4,1d10+4,1d6+4,40,17,8,3,1d10+4,1d8+4,8.0,A
7785,40,14,6,3,1d8+4,1d8+4,40,16,7,4,1d10+4,1d8+4,0.0,B
7786,40,15,7,4,1d8+4,1d6+4,40,17,5,4,1d8+4,1d6+4,5.0,B
7787,40,14,6,3,1d10+4,1d8+4,40,17,6,3,1d8+4,1d8+4,0.0,A
7788,40,16,6,3,1d8+4,1d6+4,40,16,5,3,1d12+4,1d6+4,4.0,B
7789,40,18,6,3,1d12+4,1d8+4,40,17,7,5,1d12+4,1d8+4,7.0,A
7790,40,18,7,4,1d10+4,1d8+4,40,17,7,3,1d12+4,1d6+4,7.0,A
7791,40,18,5,5,1d8+4,1d6+4,40,17,5,3,1d8+4,1d8+4,3.0,B
7792,40,18,5,5,1d10+4,1d6+4,40,15,7,3,1d12+4,1d8+4,3.0,B
7793,40,14,5,4,1d8+4,1d6+4,40,14,5,5,1d8+4,1d6+4,3.0,A
7794,40,15,6,4,1d8+4,1d6+4,40,18,8,5,1d10+4,1d8+4,1.0,B
7795,40,16,5,5,1d10+4,1d6+4,40,18,5,4,1d8+4,1d6+4,2.0,A
7796,40,16,5,5,1d8+4,1d8+4,40,18,7,4,1d8+4,1d6+4,3.0,B
7797,40,14,8,3,1d12+4,1d6+4,40,18,8,4,1d12+4,1d6+4,10.0,A
7798,40,15,5,3,1d8+4,1d6+4,40,16,5,5,1d10+4,1d8+4,7.0,A
7799,40,18,5,3,1d8+4,1d8+4,40,17,5,4,1d8+4,1d6+4,4.0,A
7800,40,18,7,4,1d8+4,1d6+4,40,16,5,3,1d8+4,1d8+4,2.0,B
7801,40,15,6,3,1d10+4,1d8+4,40,17,8,3,1d8+4,1d8+4,4.0,A
7802,40,14,5,4,1d12+4,1d8+4,40,17,8,4,1d12+4,1d6+4,4.0,A
7803,40,16,7,3,1d8+4,1d8+4,40,15,7,5,1d12+4,1d8+4,0.0,A
7804,40,18,5,3,1d8+4,1d6+4,40,18,5,4,1d8+4,1d8+4,5.0,A
7805,40,18,8,5,1d8+4,1d6+4,40,18,6,3,1d10+4,1d8+4,7.0,A
7806,40,15,5,5,1d8+4,1d8+4,40,18,5,3,1d8+4,1d8+4,5.0,B
7807,40,18,8,4,1d10+4,1d8+4,40,17,5,4,1d8+4,1d6+4,0.0,A
7808,40,17,7,5,1d10+4,1d8+4,40,16,6,5,1d8+4,1d6+4,3.0,A
7809,40,15,7,5,1d10+4,1d6+4,40,17,5,3,1d12+4,1d6+4,2.0,B
7810,40,14,6,3,1d12+4,1d6+4,40,16,7,5,1d10+4,1d8+4,7.0,B
7811,40,16,5,4,1d8+4,1d6+4,40,18,6,5,1d12+4,1d6+4,8.0,B
7812,40,14,7,5,1d8+4,1d6+4,40,17,5,3,1d8+4,1d8+4,5.0,B
7813,40,14,8,5,1d12+4,1d6+4,40,14,7,5,1d12+4,1d6+4,2.0,A
7814,40,16,7,4,1d10+4,1d6+4,40,15,7,5,1d12+4,1d6+4,10.0,A
7815,40,16,8,3,1d10+4,1d8+4,40,18,6,5,1d8+4,1d6+4,9.0,A
7816,40,18,8,4,1d12+4,1d8+4,40,16,7,3,1d10+4,1d6+4,6.0,A
7817,40,15,8,4,1d8+4,1d8+4,40,17,6,3,1d10+4,1d8+4,9.0,B
7818,40,15,5,4,1d12+4,1d6+4,40,17,8,5,1d12+4,1d6+4,3.0,B
7819,40,18,7,5,1d10+4,1d8+4,40,15,7,5,1d8+4,1d8+4,1.0,A
7820,40,15,6,5,1d12+4,1d6+4,40,17,8,5,1d8+4,1d6+4,3.0,A
7821,40,16,6,4,1d8+4,1d6+4,40,17,8,4,1d12+4,1d6+4,2.0,B
7822,40,16,5,5,1d10+4,1d8+4,40,14,7,5,1d12+4,1d8+4,2.0,A
7823,40,18,8,3,1d8+4,1d8+4,40,18,5,4,1d12+4,1d8+4,9.0,B
7824,40,14,6,3,1d12+4,1d6+4,40,18,5,5,1d12+4,1d6+4,7.0,B
7825,40,17,6,4,1d10+4,1d6+4,40,18,5,4,1d10+4,1d8+4,7.0,B
7826,40,18,6,3,1d8+4,1d6+4,40,14,8,3,1d12+4,1d6+4,9.0,A
7827,40,14,8,5,1d10+4,1d8+4,40,18,8,5,1d10+4,1d6+4,0.0,B
7828,40,18,8,3,1d8+4,1d6+4,40,16,5,5,1d8+4,1d6+4,6.0,A
7829,40,16,5,5,1d12+4,1d8+4,40,16,7,5,1d10+4,1d6+4,10.0,A
7830,40,14,7,5,1d8+4,1d8+4,40,18,8,5,1d8+4,1d8+4,10.0,B
7831,40,14,6,3,1d12+4,1d6+4,40,16,5,3,1d8+4,1d6+4,8.0,A
7832,40,17,5,4,1d12+4,1d8+4,40,14,8,4,1d12+4,1d6+4,8.0,B
7833,40,16,8,3,1d8+4,1d6+4,40,17,7,3,1d10+4,1d8+4,9.0,B
7834,40,17,7,3,1d8+4,1d8+4,40,14,7,3,1d12+4,1d6+4,0.0,A
7835,40,16,7,5,1d12+4,1d6+4,40,18,5,3,1d12+4,1d8+4,6.0,A
7836,40,17,5,3,1d12+4,1d8+4,40,17,8,5,1d8+4,1d8+4,9.0,A
7837,40,15,5,4,1d8+4,1d6+4,40,14,8,3,1d12+4,1d8+4,2.0,B
7838,40,16,7,3,1d10+4,1d6+4,40,18,7,4,1d12+4,1d6+4,10.0,A
7839,40,16,5,4,1d10+4,1d8+4,40,16,6,3,1d12+4,1d8+4,2.0,A
7840,40,15,8,4,1d10+4,1d6+4,40,15,6,3,1d10+4,1d8+4,5.0,B
7841,40,16,6,3,1d10+4,1d6+4,40,15,6,4,1d12+4,1d6+4,4.0,B
7842,40,14,5,4,1d8+4,1d8+4,40,16,6,4,1d12+4,1d8+4,1.0,B
7843,40,14,8,4,1d12+4,1d6+4,40,17,6,4,1d10+4,1d6+4,1.0,B
7844,40,16,5,5,1d12+4,1d6+4,40,17,8,5,1d8+4,1d6+4,1.0,B
7845,40,17,7,4,1d10+4,1d6+4,40,16,6,4,1d12+4,1d6+4,3.0,A
7846,40,17,8,5,1d12+4,1d8+4,40,15,8,3,1d8+4,1d6+4,0.0,A
7847,40,14,8,5,1d10+4,1d8+4,40,15,5,5,1d10+4,1d6+4,0.0,A
7848,40,18,6,5,1d8+4,1d6+4,40,18,6,3,1d8+4,1d6+4,8.0,A
7849,40,14,7,4,1d10+4,1d8+4,40,18,6,3,1d8+4,1d6+4,3.0,B
7850,40,14,7,5,1d12+4,1d6+4,40,18,5,3,1d8+4,1d6+4,10.0,A
7851,40,18,6,4,1d10+4,1d6+4,40,15,5,4,1d12+4,1d8+4,1.0,B
7852,40,18,7,4,1d8+4,1d6+4,40,17,7,3,1d8+4,1d6+4,0.0,B
7853,40,17,5,5,1d12+4,1d6+4,40,18,6,3,1d8+4,1d6+4,0.0,B
7854,40,17,5,4,1d8+4,1d8+4,40,17,8,3,1d12+4,1d8+4,7.0,B
7855,40,14,8,4,1d12+4,1d6+4,40,14,7,3,1d8+4,1d8+4,6.0,B
7856,40,16,5,4,1d8+4,1d6+4,40,14,7,3,1d10+4,1d6+4,4.0,B
7857,40,14,8,4,1d12+4,1d6+4,40,14,5,5,1d8+4,1d8+4,6.0,A
7858,40,15,5,4,1d10+4,1d8+4,40,14,5,5,1d10+4,1d6+4,4.0,A
7859,40,14,6,4,1d12+4,1d8+4,40,14,6,5,1d10+4,1d6+4,9.0,A
7860,40,14,5,3,1d8+4,1d6+4,40,16,5,5,1d12+4,1d6+4,8.0,B
7861,40,18,5,3,1d12+4,1d6+4,40,18,8,4,1d8+4,1d6+4,10.0,B
7862,40,15,8,5,1d12+4,1d6+4,40,14,5,3,1d8+4,1d6+4,6.0,A
7863,40,14,6,4,1d8+4,1d8+4,40,16,5,4,1d10+4,1d8+4,7.0,B
7864,40,17,5,4,1d10+4,1d6+4,40,14,7,3,1d12+4,1d6+4,6.0,B
7865,40,14,6,4,1d12+4,1d8+4,40,18,5,3,1d10+4,1d8+4,5.0,B
7866,40,14,8,3,1d10+4,1d8+4,40,15,8,4,1d10+4,1d6+4,8.0,B
7867,40,16,7,5,1d12+4,1d8+4,40,17,6,5,1d10+4,1d8+4,8.0,A
7868,40,17,7,5,1d8+4,1d8+4,40,17,5,3,1d10+4,1d8+4,3.0,A
7869,40,17,5,4,1d10+4,1d8+4,40,18,6,3,1d12+4,1d6+4,1.0,A
7870,40,18,8,3,1d8+4,1d6+4,40,15,8,5,1d12+4,1d6+4,0.0,B
7871,40,16,6,4,1d8+4,1d6+4,40,14,7,5,1d12+4,1d8+4,0.0,A
7872,40,14,5,4,1d12+4,1d8+4,40,14,8,4,1d8+4,1d6+4,5.0,B
7873,40,16,5,3,1d10+4,1d6+4,40,18,5,5,1d8+4,1d6+4,5.0,B
7874,40,14,8,4,1d8+4,1d8+4,40,18,8,4,1d12+4,1d8+4,8.0,B
7875,40,14,7,4,1d8+4,1d8+4,40,17,5,5,1d12+4,1d6+4,4.0,B
7876,40,17,8,3,1d8+4,1d6+4,40,14,8,3,1d12+4,1d6+4,8.0,A
7877,40,18,5,4,1d8+4,1d8+4,40,17,5,4,1d12+4,1d8+4,6.0,A
7878,40,15,7,4,1d8+4,1d8+4,40,14,5,4,1d12+4,1d6+4,0.0,B
7879,40,14,5,4,1d12+4,1d6+4,40,18,5,4,1d12+4,1d6+4,8.0,B
7880,40,14,6,3,1d12+4,1d8+4,40,15,5,5,1d8+4,1d8+4,2.0,B
7881,40,17,6,3,1d8+4,1d8+4,40,16,8,3,1d10+4,1d8+4,4.0,A
7882,40,14,8,3,1d10+4,1d8+4,40,14,8,3,1d10+4,1d6+4,9.0,A
7883,40,14,7,3,1d12+4,1d8+4,40,17,7,5,1d8+4,1d8+4,2.0,B
7884,40,15,6,3,1d10+4,1d8+4,40,17,7,3,1d10+4,1d6+4,8.0,A
7885,40,16,5,3,1d8+4,1d8+4,40,18,6,5,1d10+4,1d6+4,3.0,B
7886,40,18,5,5,1d8+4,1d6+4,40,14,6,4,1d10+4,1d6+4,3.0,A
7887,40,14,6,5,1d12+4,1d6+4,40,15,6,3,1d10+4,1d6+4,5.0,A
7888,40,16,6,5,1d10+4,1d6+4,40,18,5,4,1d8+4,1d8+4,1.0,B
7889,40,16,8,4,1d12+4,1d6+4,40,17,7,3,1d10+4,1d8+4,5.0,A
7890,40,15,8,4,1d8+4,1d6+4,40,15,8,5,1d10+4,1d8+4,6.0,A
7891,40,17,6,4,1d12+4,1d8+4,40,18,7,3,1d8+4,1d8+4,0.0,A
7892,40,18,8,5,1d12+4,1d6+4,40,17,5,3,1d8+4,1d6+4,0.0,A
7893,40,16,7,3,1d10+4,1d8+4,40,16,5,4,1d10+4,1d8+4,5.0,A
7894,40,14,5,4,1d10+4,1d6+4,40,15,7,4,1d12+4,1d8+4,1.0,A
7895,40,16,8,3,1d10+4,1d8+4,40,17,8,4,1d10+4,1d8+4,5.0,B
7896,40,17,5,4,1d12+4,1d8+4,40,15,7,4,1d8+4,1d6+4,5.0,A
7897,40,17,7,5,1d8+4,1d8+4,40,18,6,4,1d10+4,1d8+4,5.0,A
7898,40,18,7,4,1d8+4,1d8+4,40,14,7,4,1d8+4,1d6+4,7.0,A
7899,40,14,5,3,1d10+4,1d6+4,40,17,6,3,1d10+4,1d6+4,1.0,A
7900,40,14,6,5,1d8+4,1d8+4,40,16,5,4,1d8+4,1d8+4,3.0,A
7901,40,14,8,4,1d8+4,1d6+4,40,17,5,5,1d8+4,1d8+4,3.0,B
7902,40,16,5,5,1d12+4,1d6+4,40,14,6,3,1d8+4,1d8+4,0.0,A
7903,40,18,6,5,1d8+4,1d6+4,40,18,5,5,1d12+4,1d6+4,4.0,B
7904,40,15,6,4,1d8+4,1d8+4,40,16,7,3,1d12+4,1d6+4,9.0,B
7905,40,18,7,4,1d8+4,1d6+4,40,14,8,3,1d8+4,1d8+4,6.0,B
7906,40,16,7,5,1d8+4,1d8+4,40,14,5,3,1d8+4,1d8+4,4.0,A
7907,40,18,8,4,1d10+4,1d8+4,40,18,8,4,1d8+4,1d8+4,10.0,A
7908,40,16,5,5,1d12+4,1d8+4,40,16,7,5,1d12+4,1d6+4,1.0,A
7909,40,17,8,4,1d8+4,1d6+4,40,16,7,4,1d8+4,1d8+4,2.0,A
7910,40,17,6,5,1d12+4,1d6+4,40,17,8,4,1d10+4,1d8+4,2.0,B
7911,40,14,8,5,1d10+4,1d8+4,40,14,5,4,1d8+4,1d8+4,7.0,B
7912,40,17,6,5,1d12+4,1d8+4,40,15,5,3,1d10+4,1d6+4,3.0,B
7913,40,14,5,4,1d10+4,1d8+4,40,14,5,3,1d10+4,1d8+4,1.0,B
7914,40,15,7,5,1d10+4,1d8+4,40,14,5,5,1d8+4,1d6+4,3.0,A
7915,40,14,5,4,1d8+4,1d6+4,40,15,7,4,1d8+4,1d8+4,3.0,B
7916,40,17,8,3,1d8+4,1d6+4,40,18,8,5,1d10+4,1d8+4,10.0,A
7917,40,18,7,3,1d10+4,1d6+4,40,17,8,5,1d8+4,1d6+4,2.0,B
7918,40,16,7,3,1d10+4,1d6+4,40,18,7,5,1d8+4,1d8+4,1.0,B
7919,40,18,7,5,1d8+4,1d8+4,40,15,6,4,1d10+4,1d8+4,1.0,B
7920,40,17,6,3,1d8+4,1d8+4,40,15,6,3,1d12+4,1d6+4,5.0,B
7921,40,14,8,3,1d8+4,1d6+4,40,14,8,3,1d8+4,1d8+4,6.0,B
7922,40,16,5,5,1d10+4,1d6+4,40,15,7,4,1d8+4,1d8+4,10.0,B
7923,40,17,5,5,1d12+4,1d8+4,40,17,6,5,1d10+4,1d8+4,0.0,A
7924,40,17,7,5,1d12+4,1d8+4,40,18,6,3,1d10+4,1d8+4,9.0,A
7925,40,16,8,5,1d10+4,1d8+4,40,15,7,4,1d12+4,1d8+4,6.0,A
7926,40,15,6,5,1d8+4,1d8+4,40,16,6,3,1d8+4,1d8+4,7.0,B
7927,40,17,5,4,1d8+4,1d8+4,40,17,7,4,1d12+4,1d8+4,2.0,B
7928,40,15,8,3,1d10+4,1d8+4,40,17,6,4,1d10+4,1d6+4,6.0,B
7929,40,16,5,3,1d12+4,1d6+4,40,17,7,4,1d12+4,1d6+4,3.0,A
7930,40,15,6,4,1d10+4,1d8+4,40,17,7,5,1d12+4,1d6+4,7.0,A
7931,40,18,8,3,1d8+4,1d6+4,40,16,6,4,1d10+4,1d6+4,8.0,A
7932,40,17,8,3,1d12+4,1d8+4,40,14,8,5,1d8+4,1d6+4,3.0,A
7933,40,16,6,5,1d12+4,1d6+4,40,16,6,4,1d10+4,1d6+4,8.0,A
7934,40,18,5,3,1d10+4,1d6+4,40,14,7,5,1d10+4,1d8+4,1.0,A
7935,40,16,7,3,1d12+4,1d6+4,40,16,6,4,1d8+4,1d6+4,4.0,A
7936,40,14,5,5,1d12+4,1d8+4,40,16,5,3,1d10+4,1d8+4,4.0,A
7937,40,15,8,5,1d10+4,1d6+4,40,16,8,3,1d12+4,1d6+4,7.0,A
7938,40,16,7,3,1d8+4,1d6+4,40,18,8,4,1d10+4,1d6+4,5.0,B
7939,40,17,5,4,1d8+4,1d8+4,40,14,6,5,1d8+4,1d6+4,3.0,A
7940,40,17,8,5,1d10+4,1d6+4,40,17,8,3,1d8+4,1d8+4,6.0,A
7941,40,17,6,4,1d12+4,1d8+4,40,16,8,4,1d12+4,1d6+4,1.0,B
7942,40,18,6,4,1d12+4,1d6+4,40,15,8,5,1d12+4,1d6+4,8.0,B
7943,40,16,8,3,1d10+4,1d8+4,40,16,5,5,1d8+4,1d8+4,5.0,A
7944,40,17,7,5,1d8+4,1d8+4,40,18,6,3,1d8+4,1d8+4,4.0,A
7945,40,18,6,3,1d12+4,1d8+4,40,17,8,4,1d8+4,1d6+4,8.0,A
7946,40,14,6,5,1d10+4,1d6+4,40,18,8,5,1d8+4,1d6+4,5.0,A
7947,40,14,5,4,1d10+4,1d6+4,40,16,8,5,1d12+4,1d6+4,7.0,B
7948,40,18,6,4,1d12+4,1d8+4,40,17,7,4,1d10+4,1d6+4,3.0,A
7949,40,14,7,3,1d10+4,1d6+4,40,16,8,3,1d12+4,1d6+4,1.0,A
7950,40,16,6,3,1d8+4,1d8+4,40,16,8,5,1d10+4,1d8+4,1.0,B
7951,40,14,5,5,1d12+4,1d8+4,40,17,8,5,1d12+4,1d8+4,10.0,B
7952,40,17,6,5,1d10+4,1d6+4,40,17,7,4,1d8+4,1d6+4,0.0,A
7953,40,15,5,4,1d10+4,1d6+4,40,15,8,5,1d8+4,1d6+4,2.0,A
7954,40,17,5,3,1d10+4,1d6+4,40,16,5,3,1d8+4,1d6+4,0.0,B
7955,40,14,6,4,1d10+4,1d6+4,40,18,5,5,1d12+4,1d8+4,6.0,B
7956,40,17,5,5,1d8+4,1d6+4,40,16,8,4,1d10+4,1d8+4,9.0,B
7957,40,16,5,4,1d10+4,1d6+4,40,16,5,5,1d8+4,1d6+4,1.0,B
7958,40,17,5,5,1d10+4,1d6+4,40,18,8,5,1d12+4,1d6+4,9.0,A
7959,40,14,6,5,1d8+4,1d6+4,40,17,8,4,1d10+4,1d8+4,1.0,B
7960,40,17,5,3,1d8+4,1d8+4,40,14,6,5,1d10+4,1d8+4,8.0,A
7961,40,17,5,5,1d12+4,1d6+4,40,17,8,3,1d10+4,1d6+4,8.0,A
7962,40,14,7,4,1d10+4,1d8+4,40,14,5,3,1d8+4,1d6+4,2.0,A
7963,40,14,7,5,1d8+4,1d6+4,40,15,7,4,1d12+4,1d8+4,5.0,B
7964,40,15,5,4,1d10+4,1d8+4,40,18,7,5,1d8+4,1d6+4,0.0,B
7965,40,15,7,4,1d8+4,1d8+4,40,14,5,3,1d8+4,1d8+4,3.0,A
7966,40,15,7,3,1d8+4,1d6+4,40,15,6,3,1d8+4,1d6+4,9.0,A
7967,40,17,5,4,1d12+4,1d6+4,40,18,8,5,1d12+4,1d6+4,10.0,A
7968,40,14,5,5,1d8+4,1d8+4,40,17,8,4,1d10+4,1d8+4,10.0,B
7969,40,18,8,4,1d12+4,1d8+4,40,16,5,4,1d10+4,1d8+4,7.0,A
7970,40,18,7,3,1d10+4,1d8+4,40,16,7,5,1d12+4,1d8+4,1.0,A
7971,40,18,5,3,1d12+4,1d6+4,40,16,8,3,1d12+4,1d8+4,2.0,A
7972,40,14,8,3,1d10+4,1d8+4,40,14,6,4,1d10+4,1d6+4,10.0,B
7973,40,16,6,5,1d10+4,1d6+4,40,16,5,5,1d12+4,1d6+4,9.0,B
7974,40,17,6,3,1d12+4,1d8+4,40,18,5,3,1d8+4,1d8+4,3.0,A
7975,40,14,6,4,1d8+4,1d8+4,40,17,5,4,1d8+4,1d6+4,6.0,A
7976,40,14,6,3,1d8+4,1d6+4,40,14,6,3,1d10+4,1d6+4,8.0,B
7977,40,18,6,5,1d10+4,1d6+4,40,17,7,3,1d12+4,1d8+4,3.0,A
7978,40,18,7,3,1d8+4,1d8+4,40,15,5,3,1d10+4,1d8+4,3.0,A
7979,40,15,5,3,1d10+4,1d8+4,40,15,8,4,1d10+4,1d8+4,1.0,B
7980,40,18,6,3,1d8+4,1d6+4,40,18,7,5,1d8+4,1d8+4,10.0,B
7981,40,17,6,5,1d12+4,1d6+4,40,17,6,5,1d12+4,1d6+4,6.0,A
7982,40,14,6,4,1d12+4,1d8+4,40,14,5,4,1d8+4,1d6+4,1.0,A
7983,40,18,8,5,1d8+4,1d6+4,40,18,8,4,1d10+4,1d8+4,6.0,B
7984,40,16,5,5,1d8+4,1d8+4,40,16,5,3,1d10+4,1d6+4,10.0,A
7985,40,16,8,4,1d12+4,1d8+4,40,14,8,5,1d12+4,1d8+4,6.0,B
7986,40,14,5,3,1d10+4,1d8+4,40,14,6,3,1d8+4,1d8+4,9.0,B
7987,40,16,8,3,1d10+4,1d6+4,40,15,7,5,1d12+4,1d8+4,1.0,B
7988,40,14,8,5,1d12+4,1d8+4,40,17,6,4,1d12+4,1d6+4,4.0,A
7989,40,14,5,3,1d10+4,1d6+4,40,18,5,4,1d8+4,1d6+4,5.0,B
7990,40,14,7,5,1d10+4,1d8+4,40,17,8,3,1d8+4,1d8+4,8.0,A
7991,40,16,7,5,1d8+4,1d6+4,40,14,7,5,1d8+4,1d6+4,9.0,B
7992,40,14,5,4,1d12+4,1d6+4,40,17,8,4,1d12+4,1d6+4,8.0,B
7993,40,16,5,4,1d8+4,1d8+4,40,18,8,5,1d12+4,1d8+4,7.0,B
7994,40,15,8,4,1d12+4,1d6+4,40,18,6,4,1d10+4,1d6+4,4.0,B
7995,40,15,7,4,1d12+4,1d6+4,40,15,6,4,1d12+4,1d8+4,2.0,A
7996,40,15,7,3,1d10+4,1d6+4,40,16,5,3,1d8+4,1d8+4,0.0,A
7997,40,14,6,4,1d12+4,1d6+4,40,17,6,3,1d10+4,1d8+4,5.0,A
7998,40,18,7,4,1d12+4,1d6+4,40,18,6,4,1d8+4,1d8+4,5.0,B
7999,40,18,5,4,1d12+4,1d6+4,40,15,7,4,1d10+4,1d6+4,0.0,A
8000,40,16,6,4,1d10+4,1d8+4,40,15,6,3,1d8+4,1d6+4,3.0,A
8001,40,16,5,4,1d10+4,1d8+4,40,17,8,4,1d8+4,1d8+4,6.0,A
8002,40,15,6,5,1d8+4,1d6+4,40,16,6,5,1d12+4,1d6+4,2.0,B
8003,40,17,8,4,1d12+4,1d6+4,40,16,6,3,1d8+4,1d6+4,8.0,A
8004,40,14,8,4,1d10+4,1d6+4,40,14,8,3,1d10+4,1d8+4,8.0,B
8005,40,18,7,3,1d12+4,1d8+4,40,17,5,4,1d8+4,1d6+4,7.0,A
8006,40,14,7,4,1d8+4,1d8+4,40,15,5,5,1d10+4,1d8+4,9.0,A
8007,40,17,6,4,1d12+4,1d8+4,40,15,7,4,1d10+4,1d6+4,6.0,B
8008,40,18,7,3,1d10+4,1d6+4,40,14,6,3,1d10+4,1d8+4,3.0,A
8009,40,15,7,4,1d8+4,1d6+4,40,16,5,3,1d10+4,1d6+4,5.0,A
8010,40,18,6,3,1d8+4,1d6+4,40,14,8,3,1d8+4,1d8+4,9.0,B
8011,40,15,5,3,1d10+4,1d8+4,40,18,7,4,1d8+4,1d8+4,10.0,A
8012,40,17,7,3,1d12+4,1d8+4,40,14,6,4,1d8+4,1d6+4,8.0,A
8013,40,17,7,3,1d10+4,1d6+4,40,14,5,3,1d8+4,1d8+4,10.0,A
8014,40,16,7,5,1d8+4,1d6+4,40,15,6,3,1d10+4,1d8+4,0.0,B
8015,40,17,7,4,1d12+4,1d6+4,40,15,5,4,1d12+4,1d6+4,5.0,A
8016,40,14,7,5,1d8+4,1d8+4,40,17,5,3,1d10+4,1d8+4,9.0,B
8017,40,14,6,5,1d12+4,1d8+4,40,18,8,3,1d12+4,1d8+4,6.0,B
8018,40,16,7,3,1d12+4,1d8+4,40,17,8,5,1d12+4,1d6+4,10.0,B
8019,40,16,7,4,1d8+4,1d8+4,40,18,7,4,1d12+4,1d8+4,5.0,A
8020,40,17,8,5,1d8+4,1d6+4,40,14,7,5,1d10+4,1d6+4,7.0,A
8021,40,14,6,5,1d8+4,1d6+4,40,15,6,3,1d12+4,1d6+4,9.0,A
8022,40,15,6,4,1d12+4,1d8+4,40,16,7,4,1d12+4,1d8+4,3.0,A
8023,40,14,7,3,1d12+4,1d8+4,40,14,8,5,1d10+4,1d8+4,0.0,A
8024,40,18,7,5,1d8+4,1d6+4,40,17,6,4,1d12+4,1d8+4,1.0,B
8025,40,17,5,4,1d8+4,1d6+4,40,15,7,4,1d10+4,1d6+4,4.0,B
8026,40,16,6,3,1d8+4,1d8+4,40,16,7,4,1d8+4,1d6+4,2.0,A
8027,40,15,7,5,1d8+4,1d6+4,40,18,7,5,1d10+4,1d8+4,2.0,A
8028,40,15,8,3,1d8+4,1d6+4,40,18,7,3,1d8+4,1d6+4,9.0,B
8029,40,16,7,4,1d8+4,1d6+4,40,14,8,3,1d10+4,1d8+4,8.0,A
8030,40,14,5,3,1d10+4,1d6+4,40,18,8,4,1d12+4,1d8+4,0.0,A
8031,40,18,6,3,1d10+4,1d8+4,40,15,7,5,1d12+4,1d8+4,0.0,B
8032,40,15,5,3,1d8+4,1d6+4,40,17,6,3,1d8+4,1d6+4,8.0,A
8033,40,15,5,4,1d12+4,1d8+4,40,17,7,3,1d12+4,1d8+4,5.0,A
8034,40,17,7,4,1d8+4,1d6+4,40,16,7,3,1d8+4,1d6+4,7.0,B
8035,40,15,7,3,1d12+4,1d8+4,40,17,5,3,1d8+4,1d6+4,6.0,A
8036,40,18,8,5,1d8+4,1d6+4,40,15,6,3,1d12+4,1d8+4,1.0,A
8037,40,15,6,5,1d8+4,1d8+4,40,15,8,3,1d10+4,1d6+4,7.0,B
8038,40,16,6,3,1d12+4,1d6+4,40,16,8,4,1d8+4,1d6+4,4.0,A
8039,40,15,6,3,1d8+4,1d6+4,40,18,7,5,1d10+4,1d8+4,1.0,B
8040,40,16,8,4,1d12+4,1d6+4,40,18,7,4,1d8+4,1d6+4,8.0,B
8041,40,16,7,5,1d8+4,1d8+4,40,14,8,5,1d12+4,1d8+4,3.0,A
8042,40,18,5,3,1d12+4,1d6+4,40,15,5,4,1d8+4,1d6+4,6.0,A
8043,40,16,5,5,1d8+4,1d6+4,40,15,5,5,1d12+4,1d8+4,0.0,B
8044,40,15,5,5,1d10+4,1d8+4,40,16,7,3,1d10+4,1d6+4,8.0,B
8045,40,15,5,5,1d12+4,1d6+4,40,16,7,4,1d8+4,1d8+4,5.0,B
8046,40,15,6,4,1d10+4,1d8+4,40,15,6,5,1d12+4,1d6+4,7.0,A
8047,40,16,7,3,1d10+4,1d8+4,40,18,7,4,1d10+4,1d8+4,1.0,B
8048,40,15,6,4,1d10+4,1d8+4,40,16,5,3,1d8+4,1d8+4,7.0,A
8049,40,14,8,4,1d8+4,1d8+4,40,17,5,3,1d8+4,1d8+4,6.0,B
8050,40,16,6,5,1d10+4,1d8+4,40,16,7,5,1d8+4,1d8+4,0.0,B
8051,40,14,6,3,1d12+4,1d8+4,40,16,8,5,1d8+4,1d8+4,10.0,A
8052,40,15,8,3,1d12+4,1d6+4,40,17,8,5,1d10+4,1d8+4,9.0,A
8053,40,16,7,3,1d12+4,1d6+4,40,18,8,5,1d8+4,1d6+4,7.0,B
8054,40,18,5,5,1d12+4,1d8+4,40,15,7,4,1d10+4,1d6+4,3.0,B
8055,40,15,5,3,1d12+4,1d8+4,40,14,6,5,1d12+4,1d6+4,7.0,A
8056,40,14,6,4,1d10+4,1d6+4,40,17,5,5,1d10+4,1d8+4,10.0,A
8057,40,17,7,3,1d10+4,1d8+4,40,15,8,5,1d10+4,1d6+4,6.0,A
8058,40,17,6,5,1d8+4,1d8+4,40,17,7,5,1d12+4,1d6+4,0.0,B
8059,40,15,6,5,1d10+4,1d6+4,40,16,5,5,1d12+4,1d8+4,6.0,A
8060,40,17,8,5,1d12+4,1d8+4,40,15,6,5,1d8+4,1d8+4,4.0,A
8061,40,15,7,5,1d10+4,1d6+4,40,14,5,4,1d10+4,1d6+4,8.0,B
8062,40,18,8,5,1d12+4,1d8+4,40,14,6,5,1d12+4,1d6+4,2.0,A
8063,40,18,5,4,1d10+4,1d6+4,40,15,7,5,1d12+4,1d8+4,4.0,B
8064,40,18,6,5,1d12+4,1d6+4,40,14,5,5,1d10+4,1d8+4,10.0,A
8065,40,16,5,3,1d12+4,1d8+4,40,17,6,5,1d10+4,1d8+4,3.0,A
8066,40,18,8,5,1d12+4,1d6+4,40,16,5,4,1d10+4,1d6+4,6.0,B
8067,40,16,8,3,1d8+4,1d6+4,40,14,8,4,1d8+4,1d6+4,10.0,B
8068,40,17,8,4,1d10+4,1d6+4,40,16,5,5,1d12+4,1d8+4,4.0,A
8069,40,16,5,4,1d12+4,1d6+4,40,17,8,5,1d12+4,1d6+4,0.0,A
8070,40,17,7,3,1d12+4,1d8+4,40,16,5,5,1d12+4,1d6+4,10.0,B
8071,40,17,6,4,1d8+4,1d6+4,40,15,5,3,1d8+4,1d6+4,2.0,A
8072,40,15,8,3,1d10+4,1d6+4,40,18,5,5,1d8+4,1d6+4,1.0,A
8073,40,15,5,3,1d12+4,1d6+4,40,14,8,4,1d8+4,1d6+4,2.0,A
8074,40,16,8,5,1d8+4,1d6+4,40,17,8,4,1d12+4,1d8+4,7.0,B
8075,40,16,6,3,1d12+4,1d8+4,40,17,8,5,1d8+4,1d6+4,10.0,A
8076,40,16,8,5,1d10+4,1d8+4,40,14,7,3,1d8+4,1d8+4,2.0,A
8077,40,18,7,3,1d8+4,1d8+4,40,16,7,4,1d10+4,1d8+4,0.0,A
8078,40,16,6,5,1d12+4,1d8+4,40,16,6,5,1d10+4,1d6+4,2.0,A
8079,40,14,7,5,1d8+4,1d8+4,40,16,5,5,1d10+4,1d6+4,2.0,B
8080,40,14,5,3,1d12+4,1d8+4,40,16,5,3,1d8+4,1d8+4,5.0,B
8081,40,15,6,3,1d12+4,1d8+4,40,14,8,3,1d10+4,1d8+4,10.0,A
8082,40,17,5,3,1d10+4,1d6+4,40,15,7,4,1d12+4,1d8+4,8.0,A
8083,40,17,5,3,1d12+4,1d6+4,40,15,8,4,1d12+4,1d8+4,4.0,B
8084,40,14,6,4,1d8+4,1d8+4,40,15,6,4,1d12+4,1d8+4,10.0,A
8085,40,17,7,3,1d12+4,1d8+4,40,14,8,3,1d10+4,1d6+4,10.0,A
8086,40,16,5,3,1d10+4,1d6+4,40,18,5,5,1d10+4,1d8+4,2.0,A
8087,40,14,8,3,1d10+4,1d6+4,40,14,5,5,1d12+4,1d6+4,3.0,A
8088,40,15,5,5,1d8+4,1d8+4,40,16,5,3,1d8+4,1d6+4,2.0,B
8089,40,14,6,3,1d12+4,1d8+4,40,17,8,5,1d10+4,1d6+4,4.0,B
8090,40,16,5,5,1d12+4,1d8+4,40,17,6,3,1d12+4,1d8+4,3.0,B
8091,40,16,8,4,1d10+4,1d6+4,40,16,8,4,1d12+4,1d6+4,5.0,B
8092,40,14,5,5,1d8+4,1d6+4,40,15,7,4,1d10+4,1d8+4,10.0,B
8093,40,17,7,4,1d10+4,1d6+4,40,18,5,4,1d8+4,1d8+4,10.0,B
8094,40,17,8,5,1d8+4,1d6+4,40,16,8,5,1d8+4,1d8+4,5.0,B
8095,40,17,7,4,1d12+4,1d6+4,40,15,6,3,1d12+4,1d6+4,8.0,A
8096,40,14,5,5,1d8+4,1d6+4,40,17,6,5,1d10+4,1d6+4,5.0,A
8097,40,18,5,5,1d10+4,1d8+4,40,15,5,4,1d8+4,1d6+4,0.0,A
8098,40,14,6,4,1d8+4,1d8+4,40,15,6,3,1d8+4,1d6+4,3.0,A
8099,40,17,6,3,1d12+4,1d8+4,40,16,8,4,1d10+4,1d6+4,8.0,B
8100,40,16,8,3,1d12+4,1d6+4,40,15,7,4,1d12+4,1d6+4,5.0,A
8101,40,15,5,5,1d10+4,1d6+4,40,18,7,5,1d12+4,1d6+4,5.0,A
8102,40,15,5,5,1d8+4,1d6+4,40,15,5,4,1d12+4,1d6+4,1.0,B
8103,40,15,6,3,1d8+4,1d8+4,40,17,8,5,1d12+4,1d6+4,8.0,B
8104,40,17,8,3,1d10+4,1d8+4,40,18,7,3,1d12+4,1d8+4,0.0,A
8105,40,17,7,3,1d10+4,1d8+4,40,14,7,3,1d8+4,1d6+4,4.0,A
8106,40,18,5,3,1d12+4,1d8+4,40,14,6,3,1d8+4,1d8+4,9.0,A
8107,40,15,7,5,1d12+4,1d6+4,40,16,5,3,1d12+4,1d8+4,10.0,B
8108,40,15,6,3,1d10+4,1d6+4,40,14,6,3,1d12+4,1d8+4,0.0,A
8109,40,18,5,5,1d8+4,1d8+4,40,17,6,5,1d10+4,1d8+4,7.0,B
8110,40,16,5,4,1d12+4,1d8+4,40,18,6,5,1d8+4,1d6+4,1.0,A
8111,40,14,8,5,1d10+4,1d8+4,40,18,5,4,1d12+4,1d6+4,6.0,A
8112,40,17,8,5,1d12+4,1d6+4,40,14,5,3,1d10+4,1d6+4,5.0,A
8113,40,16,6,5,1d10+4,1d8+4,40,15,8,3,1d8+4,1d6+4,3.0,A
8114,40,17,5,4,1d12+4,1d6+4,40,15,7,4,1d12+4,1d6+4,10.0,B
8115,40,17,8,3,1d12+4,1d8+4,40,16,5,3,1d10+4,1d8+4,5.0,B
8116,40,18,6,3,1d10+4,1d6+4,40,16,8,4,1d10+4,1d6+4,5.0,A
8117,40,15,8,5,1d12+4,1d6+4,40,17,7,3,1d8+4,1d8+4,4.0,A
8118,40,15,5,3,1d8+4,1d6+4,40,17,8,5,1d8+4,1d8+4,2.0,B
8119,40,18,5,3,1d10+4,1d6+4,40,16,7,4,1d8+4,1d6+4,8.0,A
8120,40,17,6,4,1d8+4,1d6+4,40,16,6,3,1d12+4,1d8+4,10.0,B
8121,40,15,5,3,1d8+4,1d8+4,40,18,8,4,1d10+4,1d8+4,2.0,B
8122,40,14,8,3,1d10+4,1d8+4,40,18,7,4,1d10+4,1d6+4,5.0,A
8123,40,18,5,3,1d12+4,1d6+4,40,16,8,4,1d12+4,1d6+4,1.0,A
8124,40,15,8,4,1d10+4,1d8+4,40,14,8,5,1d12+4,1d8+4,0.0,B
8125,40,18,5,5,1d12+4,1d6+4,40,15,5,3,1d12+4,1d8+4,9.0,B
8126,40,15,8,5,1d10+4,1d6+4,40,18,5,4,1d8+4,1d8+4,0.0,B
8127,40,17,6,5,1d8+4,1d6+4,40,14,8,5,1d12+4,1d6+4,3.0,B
8128,40,15,6,4,1d12+4,1d8+4,40,16,6,4,1d10+4,1d8+4,5.0,B
8129,40,18,5,4,1d12+4,1d6+4,40,18,7,5,1d10+4,1d6+4,1.0,A
8130,40,18,8,4,1d8+4,1d6+4,40,14,8,3,1d8+4,1d6+4,9.0,A
8131,40,17,7,4,1d12+4,1d8+4,40,16,8,4,1d10+4,1d6+4,9.0,A
8132,40,15,7,5,1d12+4,1d6+4,40,15,8,4,1d12+4,1d8+4,0.0,A
8133,40,15,8,3,1d10+4,1d8+4,40,14,7,4,1d10+4,1d8+4,5.0,B
8134,40,18,6,5,1d10+4,1d8+4,40,18,6,3,1d8+4,1d6+4,3.0,B
8135,40,18,6,4,1d10+4,1d6+4,40,17,8,4,1d12+4,1d8+4,0.0,B
8136,40,15,7,4,1d8+4,1d8+4,40,14,7,5,1d10+4,1d8+4,1.0,A
8137,40,14,6,4,1d10+4,1d8+4,40,16,5,4,1d10+4,1d6+4,4.0,B
8138,40,14,6,4,1d12+4,1d8+4,40,15,6,3,1d12+4,1d6+4,2.0,A
8139,40,15,5,5,1d8+4,1d6+4,40,14,7,3,1d10+4,1d6+4,9.0,B
8140,40,14,6,3,1d8+4,1d6+4,40,17,8,5,1d12+4,1d8+4,4.0,B
8141,40,17,7,3,1d10+4,1d6+4,40,15,8,3,1d10+4,1d6+4,5.0,B
8142,40,18,6,5,1d10+4,1d8+4,40,18,8,5,1d12+4,1d6+4,2.0,B
8143,40,18,7,3,1d8+4,1d6+4,40,18,6,4,1d10+4,1d8+4,6.0,B
8144,40,16,7,3,1d12+4,1d6+4,40,14,8,5,1d10+4,1d6+4,1.0,B
8145,40,16,8,4,1d12+4,1d6+4,40,17,5,5,1d12+4,1d6+4,3.0,B
8146,40,14,5,3,1d10+4,1d8+4,40,17,8,3,1d12+4,1d6+4,5.0,B
8147,40,14,6,3,1d12+4,1d8+4,40,18,6,5,1d12+4,1d8+4,9.0,A
8148,40,16,5,5,1d8+4,1d6+4,40,18,5,3,1d10+4,1d6+4,9.0,B
8149,40,16,8,5,1d8+4,1d8+4,40,17,7,4,1d8+4,1d6+4,0.0,A
8150,40,16,5,4,1d12+4,1d8+4,40,16,5,4,1d8+4,1d8+4,8.0,A
8151,40,15,8,3,1d8+4,1d6+4,40,15,6,5,1d10+4,1d8+4,5.0,A
8152,40,18,8,4,1d8+4,1d8+4,40,17,6,5,1d10+4,1d8+4,4.0,B
8153,40,15,5,5,1d12+4,1d8+4,40,17,7,5,1d8+4,1d6+4,4.0,A
8154,40,16,8,4,1d10+4,1d6+4,40,18,5,3,1d8+4,1d6+4,8.0,B
8155,40,17,5,3,1d12+4,1d8+4,40,18,8,4,1d10+4,1d8+4,1.0,A
8156,40,18,6,4,1d12+4,1d6+4,40,17,7,3,1d12+4,1d6+4,10.0,A
8157,40,16,5,5,1d12+4,1d8+4,40,16,8,4,1d10+4,1d6+4,7.0,A
8158,40,16,7,3,1d12+4,1d6+4,40,18,5,3,1d12+4,1d6+4,10.0,A
8159,40,15,7,3,1d8+4,1d8+4,40,16,7,4,1d10+4,1d6+4,2.0,B
8160,40,15,8,5,1d12+4,1d8+4,40,17,6,5,1d8+4,1d6+4,1.0,A
8161,40,18,5,3,1d12+4,1d6+4,40,14,6,5,1d12+4,1d8+4,7.0,A
8162,40,16,8,3,1d10+4,1d6+4,40,17,7,5,1d8+4,1d8+4,9.0,B
8163,40,16,5,5,1d8+4,1d8+4,40,18,8,4,1d8+4,1d6+4,10.0,A
8164,40,17,5,3,1d8+4,1d6+4,40,16,8,5,1d8+4,1d8+4,6.0,B
8165,40,16,7,3,1d10+4,1d8+4,40,17,7,5,1d12+4,1d8+4,2.0,A
8166,40,14,6,5,1d10+4,1d8+4,40,15,6,5,1d10+4,1d6+4,4.0,A
8167,40,16,7,5,1d8+4,1d8+4,40,15,8,5,1d12+4,1d6+4,9.0,B
8168,40,14,7,5,1d8+4,1d6+4,40,15,5,4,1d12+4,1d6+4,5.0,A
8169,40,15,5,5,1d12+4,1d8+4,40,16,6,4,1d8+4,1d6+4,4.0,A
8170,40,14,8,4,1d8+4,1d6+4,40,16,8,4,1d10+4,1d6+4,8.0,A
8171,40,15,6,5,1d8+4,1d6+4,40,14,6,5,1d8+4,1d6+4,5.0,A
8172,40,18,8,4,1d8+4,1d6+4,40,18,6,5,1d12+4,1d8+4,4.0,A
8173,40,16,6,3,1d10+4,1d8+4,40,15,6,4,1d8+4,1d8+4,5.0,A
8174,40,17,6,4,1d12+4,1d6+4,40,18,6,4,1d10+4,1d6+4,2.0,A
8175,40,18,5,4,1d8+4,1d8+4,40,15,7,3,1d10+4,1d8+4,9.0,A
8176,40,14,5,4,1d12+4,1d6+4,40,15,8,4,1d12+4,1d6+4,1.0,A
8177,40,16,5,5,1d12+4,1d6+4,40,17,8,4,1d8+4,1d6+4,7.0,B
8178,40,16,7,3,1d12+4,1d8+4,40,14,8,3,1d12+4,1d6+4,9.0,A
8179,40,18,7,3,1d8+4,1d6+4,40,14,6,4,1d12+4,1d6+4,2.0,A
8180,40,15,8,3,1d12+4,1d6+4,40,15,7,4,1d10+4,1d8+4,0.0,B
8181,40,18,7,3,1d12+4,1d6+4,40,18,8,5,1d12+4,1d6+4,5.0,B
8182,40,14,6,5,1d10+4,1d8+4,40,14,7,3,1d12+4,1d8+4,7.0,A
8183,40,15,5,3,1d8+4,1d8+4,40,17,6,4,1d8+4,1d6+4,8.0,B
8184,40,17,7,5,1d12+4,1d6+4,40,16,6,3,1d8+4,1d8+4,6.0,B
8185,40,15,8,4,1d10+4,1d8+4,40,14,8,5,1d12+4,1d8+4,9.0,A
8186,40,17,5,4,1d8+4,1d6+4,40,17,6,3,1d12+4,1d8+4,1.0,A
8187,40,14,8,3,1d10+4,1d6+4,40,15,7,4,1d10+4,1d6+4,9.0,A
8188,40,14,7,5,1d12+4,1d8+4,40,16,5,4,1d10+4,1d6+4,7.0,A
8189,40,17,8,5,1d8+4,1d8+4,40,18,7,5,1d12+4,1d6+4,9.0,A
8190,40,18,8,4,1d10+4,1d8+4,40,18,6,5,1d8+4,1d6+4,3.0,A
8191,40,17,6,3,1d12+4,1d6+4,40,18,7,3,1d12+4,1d8+4,4.0,A
8192,40,16,6,5,1d8+4,1d6+4,40,18,6,5,1d8+4,1d6+4,1.0,B
8193,40,14,6,4,1d8+4,1d6+4,40,16,7,3,1d8+4,1d6+4,7.0,B
8194,40,17,6,4,1d10+4,1d6+4,40,16,5,5,1d8+4,1d6+4,5.0,A
8195,40,14,8,4,1d10+4,1d6+4,40,14,7,5,1d10+4,1d8+4,10.0,A
8196,40,18,7,5,1d8+4,1d8+4,40,16,8,3,1d10+4,1d8+4,10.0,A
8197,40,18,8,4,1d8+4,1d6+4,40,17,7,3,1d10+4,1d8+4,8.0,A
8198,40,18,6,5,1d12+4,1d6+4,40,18,7,3,1d12+4,1d8+4,9.0,B
8199,40,15,6,4,1d10+4,1d6+4,40,16,6,5,1d8+4,1d8+4,7.0,B
8200,40,17,5,4,1d10+4,1d8+4,40,16,8,3,1d10+4,1d8+4,1.0,B
8201,40,15,5,5,1d12+4,1d8+4,40,14,6,4,1d10+4,1d6+4,5.0,A
8202,40,14,8,4,1d12+4,1d6+4,40,15,8,5,1d8+4,1d6+4,1.0,A
8203,40,18,7,4,1d8+4,1d8+4,40,18,7,4,1d10+4,1d6+4,1.0,A
8204,40,16,7,3,1d10+4,1d6+4,40,17,6,3,1d8+4,1d6+4,7.0,A
8205,40,18,6,5,1d8+4,1d6+4,40,15,7,4,1d8+4,1d8+4,9.0,A
8206,40,18,8,3,1d8+4,1d6+4,40,17,5,4,1d10+4,1d8+4,6.0,B
8207,40,15,7,5,1d8+4,1d8+4,40,18,5,5,1d8+4,1d6+4,0.0,B
8208,40,17,5,3,1d10+4,1d8+4,40,17,6,3,1d8+4,1d6+4,3.0,B
8209,40,17,5,4,1d10+4,1d6+4,40,14,8,4,1d8+4,1d6+4,3.0,A
8210,40,17,7,5,1d12+4,1d6+4,40,18,7,3,1d8+4,1d8+4,5.0,A
8211,40,15,7,5,1d12+4,1d8+4,40,14,8,5,1d12+4,1d6+4,2.0,B
8212,40,16,6,5,1d12+4,1d8+4,40,18,7,3,1d10+4,1d6+4,3.0,A
8213,40,14,6,3,1d12+4,1d6+4,40,15,5,3,1d10+4,1d8+4,2.0,A
8214,40,14,6,5,1d12+4,1d6+4,40,18,6,4,1d12+4,1d8+4,4.0,B
8215,40,15,6,4,1d10+4,1d6+4,40,17,5,4,1d12+4,1d6+4,7.0,A
8216,40,17,6,5,1d8+4,1d6+4,40,15,8,3,1d12+4,1d6+4,5.0,A
8217,40,18,5,5,1d12+4,1d6+4,40,14,7,3,1d8+4,1d6+4,2.0,A
8218,40,14,5,5,1d10+4,1d8+4,40,18,7,3,1d10+4,1d8+4,9.0,B
8219,40,17,5,3,1d8+4,1d6+4,40,17,8,3,1d10+4,1d8+4,10.0,A
8220,40,14,6,4,1d8+4,1d6+4,40,16,8,5,1d8+4,1d8+4,9.0,A
8221,40,18,8,5,1d8+4,1d8+4,40,17,5,5,1d10+4,1d8+4,6.0,A
8222,40,16,8,5,1d10+4,1d8+4,40,18,5,3,1d8+4,1d8+4,5.0,B
8223,40,14,5,3,1d8+4,1d8+4,40,15,6,3,1d12+4,1d6+4,3.0,B
8224,40,16,7,5,1d10+4,1d8+4,40,14,8,4,1d12+4,1d8+4,5.0,B
8225,40,14,6,4,1d12+4,1d8+4,40,18,6,3,1d8+4,1d6+4,5.0,A
8226,40,14,8,3,1d12+4,1d8+4,40,16,8,5,1d10+4,1d8+4,7.0,A
8227,40,18,5,3,1d12+4,1d6+4,40,16,8,4,1d12+4,1d8+4,1.0,A
8228,40,15,7,5,1d8+4,1d8+4,40,17,5,3,1d8+4,1d8+4,0.0,A
8229,40,18,7,4,1d12+4,1d6+4,40,18,5,4,1d10+4,1d8+4,6.0,A
8230,40,18,5,4,1d12+4,1d6+4,40,16,6,3,1d8+4,1d6+4,3.0,B
8231,40,14,5,3,1d12+4,1d6+4,40,17,6,5,1d10+4,1d8+4,2.0,B
8232,40,17,8,5,1d12+4,1d6+4,40,15,5,5,1d10+4,1d8+4,10.0,A
8233,40,17,5,4,1d8+4,1d8+4,40,17,7,4,1d8+4,1d6+4,6.0,B
8234,40,14,8,3,1d8+4,1d6+4,40,15,8,5,1d8+4,1d8+4,1.0,A
8235,40,18,8,5,1d12+4,1d8+4,40,18,7,5,1d8+4,1d8+4,3.0,A
8236,40,14,8,4,1d10+4,1d6+4,40,18,8,5,1d8+4,1d8+4,8.0,A
8237,40,14,7,4,1d12+4,1d8+4,40,18,8,3,1d8+4,1d6+4,5.0,A
8238,40,16,8,5,1d8+4,1d6+4,40,17,5,4,1d10+4,1d6+4,10.0,B
8239,40,14,6,3,1d8+4,1d8+4,40,18,7,3,1d12+4,1d8+4,8.0,B
8240,40,14,6,3,1d12+4,1d8+4,40,16,7,5,1d10+4,1d8+4,5.0,B
8241,40,15,5,3,1d10+4,1d8+4,40,14,7,5,1d12+4,1d6+4,5.0,A
8242,40,14,7,5,1d8+4,1d8+4,40,16,7,4,1d8+4,1d8+4,6.0,A
8243,40,14,6,3,1d8+4,1d8+4,40,17,5,3,1d12+4,1d6+4,0.0,A
8244,40,18,5,5,1d10+4,1d8+4,40,16,8,5,1d12+4,1d6+4,2.0,B
8245,40,17,5,5,1d10+4,1d6+4,40,17,7,5,1d12+4,1d6+4,5.0,A
8246,40,18,7,5,1d8+4,1d8+4,40,18,8,3,1d8+4,1d8+4,7.0,B
8247,40,17,5,3,1d8+4,1d8+4,40,15,8,3,1d12+4,1d6+4,3.0,A
8248,40,14,7,5,1d8+4,1d8+4,40,14,5,5,1d8+4,1d8+4,4.0,A
8249,40,18,7,4,1d12+4,1d6+4,40,17,6,5,1d12+4,1d8+4,6.0,A
8250,40,15,5,3,1d8+4,1d6+4,40,18,8,5,1d12+4,1d8+4,8.0,B
8251,40,16,6,3,1d8+4,1d8+4,40,15,8,5,1d10+4,1d8+4,8.0,B
8252,40,14,7,5,1d10+4,1d6+4,40,14,6,5,1d12+4,1d6+4,8.0,A
8253,40,15,6,4,1d8+4,1d8+4,40,17,6,4,1d8+4,1d8+4,7.0,A
8254,40,18,7,5,1d10+4,1d6+4,40,14,5,4,1d12+4,1d6+4,7.0,A
8255,40,14,6,4,1d10+4,1d8+4,40,16,5,4,1d10+4,1d8+4,9.0,B
8256,40,16,5,5,1d8+4,1d8+4,40,18,6,5,1d10+4,1d8+4,7.0,B
8257,40,17,6,4,1d8+4,1d8+4,40,14,5,5,1d10+4,1d6+4,7.0,A
8258,40,16,5,4,1d8+4,1d8+4,40,17,6,5,1d8+4,1d6+4,6.0,B
8259,40,17,6,4,1d8+4,1d6+4,40,18,7,4,1d8+4,1d8+4,7.0,B
8260,40,16,6,4,1d12+4,1d6+4,40,15,6,5,1d8+4,1d8+4,6.0,A
8261,40,14,5,3,1d12+4,1d8+4,40,14,6,4,1d10+4,1d8+4,3.0,B
8262,40,17,7,4,1d10+4,1d8+4,40,14,5,5,1d10+4,1d8+4,5.0,A
8263,40,15,8,4,1d8+4,1d6+4,40,18,8,4,1d8+4,1d6+4,4.0,B
8264,40,16,5,3,1d8+4,1d8+4,40,17,7,3,1d12+4,1d6+4,9.0,B
8265,40,18,6,4,1d12+4,1d8+4,40,17,5,3,1d8+4,1d8+4,0.0,A
8266,40,14,7,3,1d8+4,1d6+4,40,18,5,3,1d12+4,1d6+4,2.0,B
8267,40,17,6,4,1d10+4,1d8+4,40,16,6,5,1d10+4,1d8+4,3.0,B
8268,40,14,6,4,1d8+4,1d8+4,40,18,5,5,1d8+4,1d6+4,7.0,A
8269,40,15,6,5,1d10+4,1d6+4,40,18,6,5,1d8+4,1d6+4,0.0,B
8270,40,14,8,5,1d10+4,1d6+4,40,17,7,5,1d10+4,1d6+4,7.0,B
8271,40,17,6,3,1d8+4,1d8+4,40,17,8,5,1d8+4,1d6+4,2.0,B
8272,40,18,8,5,1d10+4,1d6+4,40,17,8,3,1d12+4,1d6+4,5.0,B
8273,40,18,6,4,1d12+4,1d8+4,40,16,5,4,1d8+4,1d8+4,2.0,B
8274,40,18,8,5,1d8+4,1d8+4,40,15,8,3,1d12+4,1d6+4,10.0,B
8275,40,18,6,3,1d10+4,1d8+4,40,16,5,4,1d10+4,1d8+4,5.0,B
8276,40,17,7,5,1d10+4,1d8+4,40,17,8,3,1d10+4,1d6+4,5.0,A
8277,40,16,8,5,1d12+4,1d8+4,40,14,5,5,1d12+4,1d6+4,1.0,A
8278,40,16,7,5,1d12+4,1d8+4,40,18,7,4,1d8+4,1d6+4,4.0,A
8279,40,16,8,5,1d10+4,1d6+4,40,15,5,3,1d10+4,1d8+4,5.0,B
8280,40,15,8,5,1d10+4,1d6+4,40,14,7,3,1d10+4,1d6+4,9.0,A
8281,40,17,6,3,1d8+4,1d6+4,40,16,5,5,1d8+4,1d8+4,2.0,A
8282,40,16,7,5,1d8+4,1d8+4,40,14,5,5,1d10+4,1d8+4,7.0,A
8283,40,17,5,3,1d10+4,1d6+4,40,17,7,5,1d12+4,1d6+4,6.0,A
8284,40,15,6,3,1d10+4,1d6+4,40,15,8,5,1d8+4,1d6+4,6.0,B
8285,40,18,8,3,1d8+4,1d8+4,40,16,6,5,1d10+4,1d8+4,5.0,A
8286,40,16,7,5,1d12+4,1d6+4,40,16,6,3,1d10+4,1d8+4,7.0,A
8287,40,17,7,3,1d12+4,1d8+4,40,16,7,4,1d8+4,1d8+4,3.0,A
8288,40,14,5,4,1d12+4,1d6+4,40,18,6,5,1d8+4,1d6+4,2.0,B
8289,40,18,6,4,1d12+4,1d6+4,40,16,7,4,1d12+4,1d6+4,5.0,B
8290,40,18,6,4,1d10+4,1d6+4,40,15,5,3,1d10+4,1d8+4,0.0,A
8291,40,15,8,3,1d8+4,1d6+4,40,18,7,3,1d12+4,1d6+4,2.0,B
8292,40,16,7,4,1d10+4,1d6+4,40,15,7,4,1d8+4,1d8+4,1.0,A
8293,40,18,8,4,1d10+4,1d6+4,40,18,7,5,1d8+4,1d8+4,7.0,A
8294,40,16,8,3,1d8+4,1d6+4,40,15,8,3,1d8+4,1d6+4,4.0,A
8295,40,14,6,5,1d10+4,1d6+4,40,17,5,4,1d10+4,1d6+4,9.0,A
8296,40,16,5,4,1d12+4,1d8+4,40,17,5,3,1d8+4,1d6+4,3.0,A
8297,40,14,5,4,1d8+4,1d6+4,40,14,8,3,1d12+4,1d8+4,4.0,B
8298,40,18,6,5,1d10+4,1d8+4,40,16,5,3,1d12+4,1d6+4,2.0,A
8299,40,17,7,5,1d12+4,1d6+4,40,16,8,3,1d8+4,1d8+4,0.0,B
8300,40,14,8,5,1d12+4,1d8+4,40,18,5,3,1d12+4,1d8+4,2.0,A
8301,40,17,5,5,1d10+4,1d6+4,40,14,8,4,1d12+4,1d6+4,5.0,A
8302,40,15,8,4,1d8+4,1d8+4,40,16,8,4,1d8+4,1d8+4,7.0,A
8303,40,16,7,4,1d12+4,1d8+4,40,15,8,5,1d10+4,1d6+4,0.0,A
8304,40,15,7,5,1d12+4,1d6+4,40,16,6,4,1d12+4,1d6+4,1.0,B
8305,40,15,6,3,1d8+4,1d6+4,40,16,5,3,1d12+4,1d8+4,7.0,B
8306,40,15,6,3,1d12+4,1d8+4,40,14,7,4,1d10+4,1d6+4,0.0,A
8307,40,17,5,5,1d8+4,1d8+4,40,16,6,4,1d10+4,1d6+4,8.0,A
8308,40,15,8,4,1d10+4,1d6+4,40,15,5,4,1d10+4,1d8+4,0.0,A
8309,40,17,8,3,1d12+4,1d8+4,40,15,6,5,1d12+4,1d6+4,8.0,A
8310,40,14,7,3,1d10+4,1d8+4,40,14,6,4,1d10+4,1d6+4,1.0,A
8311,40,14,6,3,1d12+4,1d6+4,40,17,7,3,1d8+4,1d6+4,3.0,B
8312,40,18,5,4,1d12+4,1d6+4,40,17,7,4,1d10+4,1d8+4,1.0,A
8313,40,15,5,4,1d12+4,1d8+4,40,16,5,3,1d8+4,1d8+4,6.0,B
8314,40,17,8,4,1d10+4,1d8+4,40,15,8,3,1d12+4,1d6+4,2.0,A
8315,40,15,8,4,1d12+4,1d6+4,40,16,7,5,1d8+4,1d6+4,1.0,A
8316,40,15,5,5,1d10+4,1d6+4,40,16,8,4,1d8+4,1d6+4,8.0,B
8317,40,16,7,4,1d10+4,1d8+4,40,16,5,5,1d12+4,1d6+4,0.0,A
8318,40,18,6,5,1d12+4,1d8+4,40,14,8,4,1d10+4,1d6+4,6.0,B
8319,40,17,6,3,1d10+4,1d8+4,40,15,6,3,1d10+4,1d6+4,2.0,A
8320,40,17,7,4,1d12+4,1d8+4,40,16,5,3,1d8+4,1d8+4,9.0,B
8321,40,14,5,4,1d12+4,1d8+4,40,14,5,4,1d10+4,1d8+4,1.0,A
8322,40,18,8,5,1d10+4,1d8+4,40,17,7,3,1d10+4,1d6+4,5.0,A
8323,40,15,8,5,1d12+4,1d8+4,40,15,6,5,1d12+4,1d6+4,5.0,B
8324,40,18,5,3,1d8+4,1d8+4,40,15,5,5,1d10+4,1d6+4,4.0,A
8325,40,15,7,3,1d10+4,1d6+4,40,14,7,5,1d12+4,1d6+4,3.0,A
8326,40,14,7,3,1d8+4,1d8+4,40,15,6,4,1d10+4,1d6+4,5.0,B
8327,40,14,5,5,1d10+4,1d8+4,40,18,7,5,1d12+4,1d8+4,6.0,A
8328,40,18,5,3,1d12+4,1d8+4,40,14,5,5,1d10+4,1d8+4,1.0,A
8329,40,14,6,4,1d10+4,1d6+4,40,18,5,3,1d8+4,1d8+4,5.0,A
8330,40,15,5,4,1d10+4,1d8+4,40,18,8,5,1d8+4,1d8+4,5.0,B
8331,40,16,8,4,1d8+4,1d6+4,40,15,8,3,1d8+4,1d8+4,8.0,A
8332,40,17,6,4,1d10+4,1d6+4,40,18,7,4,1d12+4,1d6+4,3.0,A
8333,40,15,5,5,1d10+4,1d6+4,40,15,5,5,1d8+4,1d6+4,6.0,A
8334,40,17,8,4,1d8+4,1d8+4,40,15,5,5,1d12+4,1d8+4,4.0,B
8335,40,16,6,4,1d8+4,1d8+4,40,16,6,3,1d12+4,1d6+4,5.0,B
8336,40,18,6,4,1d10+4,1d8+4,40,17,5,4,1d10+4,1d8+4,3.0,B
8337,40,17,8,3,1d8+4,1d6+4,40,18,7,4,1d8+4,1d6+4,4.0,A
8338,40,14,8,5,1d12+4,1d8+4,40,15,8,3,1d8+4,1d6+4,0.0,A
8339,40,18,5,5,1d8+4,1d8+4,40,17,5,3,1d12+4,1d6+4,5.0,A
8340,40,14,7,4,1d12+4,1d6+4,40,14,6,5,1d12+4,1d6+4,3.0,A
8341,40,16,6,3,1d8+4,1d8+4,40,17,6,3,1d10+4,1d8+4,6.0,A
8342,40,14,7,4,1d12+4,1d8+4,40,15,8,3,1d8+4,1d6+4,10.0,A
8343,40,16,6,4,1d12+4,1d6+4,40,18,8,4,1d10+4,1d6+4,5.0,B
8344,40,14,8,3,1d12+4,1d8+4,40,16,8,4,1d8+4,1d8+4,4.0,A
8345,40,14,7,5,1d12+4,1d8+4,40,15,7,4,1d10+4,1d8+4,1.0,A
8346,40,18,6,4,1d10+4,1d8+4,40,16,8,5,1d8+4,1d8+4,4.0,A
8347,40,14,8,4,1d8+4,1d6+4,40,18,8,3,1d8+4,1d6+4,10.0,B
8348,40,16,6,4,1d12+4,1d8+4,40,16,6,4,1d10+4,1d8+4,10.0,A
8349,40,16,6,3,1d8+4,1d8+4,40,16,8,5,1d8+4,1d8+4,3.0,B
8350,40,17,5,5,1d12+4,1d6+4,40,17,8,5,1d12+4,1d6+4,2.0,B
8351,40,18,8,5,1d8+4,1d8+4,40,15,6,4,1d12+4,1d6+4,6.0,A
8352,40,17,6,5,1d8+4,1d8+4,40,14,8,5,1d8+4,1d8+4,9.0,B
8353,40,14,8,4,1d10+4,1d8+4,40,18,7,3,1d10+4,1d6+4,7.0,B
8354,40,18,8,5,1d8+4,1d8+4,40,17,5,3,1d8+4,1d6+4,5.0,A
8355,40,17,5,3,1d12+4,1d8+4,40,14,6,3,1d12+4,1d8+4,8.0,B
8356,40,18,8,5,1d12+4,1d6+4,40,14,6,4,1d10+4,1d6+4,5.0,A
8357,40,18,7,3,1d12+4,1d8+4,40,14,8,5,1d10+4,1d6+4,10.0,A
8358,40,17,6,4,1d12+4,1d6+4,40,18,6,3,1d8+4,1d8+4,8.0,A
8359,40,18,7,5,1d10+4,1d8+4,40,15,5,4,1d8+4,1d6+4,1.0,A
8360,40,17,6,3,1d8+4,1d8+4,40,14,5,3,1d8+4,1d8+4,7.0,A
8361,40,17,7,3,1d12+4,1d8+4,40,18,6,5,1d12+4,1d8+4,4.0,B
8362,40,14,8,5,1d12+4,1d6+4,40,14,6,5,1d12+4,1d8+4,8.0,A
8363,40,18,5,4,1d12+4,1d8+4,40,17,6,4,1d12+4,1d8+4,7.0,B
8364,40,14,7,5,1d8+4,1d8+4,40,14,7,5,1d12+4,1d8+4,5.0,A
8365,40,16,7,3,1d12+4,1d8+4,40,14,6,3,1d8+4,1d8+4,6.0,B
8366,40,14,7,3,1d12+4,1d6+4,40,17,6,4,1d8+4,1d8+4,3.0,A
8367,40,18,7,3,1d10+4,1d8+4,40,18,6,5,1d12+4,1d8+4,0.0,B
8368,40,18,5,5,1d10+4,1d8+4,40,16,7,4,1d12+4,1d6+4,9.0,A
8369,40,18,8,4,1d8+4,1d6+4,40,18,5,3,1d12+4,1d8+4,3.0,A
8370,40,17,8,4,1d8+4,1d6+4,40,16,6,4,1d8+4,1d8+4,4.0,B
8371,40,17,7,5,1d8+4,1d6+4,40,16,7,4,1d8+4,1d8+4,2.0,B
8372,40,16,7,4,1d12+4,1d8+4,40,17,7,5,1d12+4,1d8+4,8.0,A
8373,40,15,8,3,1d12+4,1d6+4,40,18,5,4,1d8+4,1d8+4,3.0,A
8374,40,18,6,3,1d10+4,1d8+4,40,16,6,4,1d8+4,1d6+4,9.0,B
8375,40,17,6,5,1d8+4,1d8+4,40,16,7,3,1d8+4,1d6+4,10.0,A
8376,40,17,5,4,1d10+4,1d8+4,40,17,6,4,1d12+4,1d6+4,0.0,B
8377,40,18,5,5,1d10+4,1d8+4,40,17,6,4,1d12+4,1d8+4,3.0,B
8378,40,16,5,5,1d8+4,1d8+4,40,15,7,4,1d12+4,1d8+4,5.0,A
8379,40,18,7,4,1d10+4,1d8+4,40,16,6,3,1d8+4,1d8+4,7.0,B
8380,40,14,7,5,1d12+4,1d6+4,40,16,6,5,1d10+4,1d8+4,0.0,B
8381,40,14,8,3,1d10+4,1d6+4,40,14,6,4,1d8+4,1d8+4,5.0,A
8382,40,16,7,3,1d8+4,1d6+4,40,16,8,3,1d10+4,1d6+4,8.0,A
8383,40,14,5,3,1d12+4,1d6+4,40,14,8,3,1d10+4,1d8+4,3.0,B
8384,40,17,6,3,1d10+4,1d8+4,40,15,5,5,1d8+4,1d6+4,1.0,A
8385,40,14,6,4,1d8+4,1d6+4,40,17,8,4,1d10+4,1d6+4,3.0,B
8386,40,17,7,4,1d10+4,1d6+4,40,14,8,5,1d10+4,1d8+4,7.0,B
8387,40,15,8,5,1d12+4,1d8+4,40,18,6,4,1d12+4,1d6+4,1.0,A
8388,40,14,8,4,1d8+4,1d8+4,40,18,6,5,1d10+4,1d8+4,2.0,A
8389,40,16,8,4,1d8+4,1d8+4,40,14,5,5,1d10+4,1d8+4,4.0,B
8390,40,16,6,3,1d8+4,1d6+4,40,16,7,3,1d12+4,1d8+4,2.0,B
8391,40,17,7,5,1d10+4,1d8+4,40,17,8,5,1d12+4,1d8+4,1.0,B
8392,40,17,7,3,1d8+4,1d6+4,40,18,5,4,1d12+4,1d6+4,4.0,A
8393,40,18,8,4,1d10+4,1d8+4,40,17,7,3,1d12+4,1d8+4,9.0,A
8394,40,18,5,3,1d10+4,1d6+4,40,18,5,3,1d12+4,1d8+4,1.0,A
8395,40,18,7,3,1d10+4,1d8+4,40,15,5,3,1d12+4,1d6+4,10.0,A
8396,40,18,5,4,1d8+4,1d8+4,40,16,7,3,1d10+4,1d6+4,1.0,B
8397,40,17,8,4,1d8+4,1d8+4,40,17,5,3,1d10+4,1d6+4,1.0,A
8398,40,17,7,3,1d10+4,1d6+4,40,17,5,5,1d8+4,1d6+4,7.0,A
8399,40,18,5,4,1d10+4,1d6+4,40,16,5,3,1d12+4,1d8+4,4.0,A
8400,40,16,7,4,1d8+4,1d6+4,40,17,8,5,1d10+4,1d8+4,8.0,B
8401,40,16,6,4,1d8+4,1d8+4,40,18,7,4,1d10+4,1d8+4,0.0,B
8402,40,14,5,3,1d8+4,1d8+4,40,17,8,3,1d10+4,1d8+4,2.0,A
8403,40,16,7,5,1d10+4,1d8+4,40,14,6,5,1d10+4,1d6+4,1.0,A
8404,40,14,5,5,1d12+4,1d8+4,40,14,5,5,1d10+4,1d8+4,10.0,B
8405,40,15,6,4,1d10+4,1d8+4,40,15,5,5,1d12+4,1d6+4,10.0,A
8406,40,17,5,3,1d8+4,1d6+4,40,17,7,4,1d10+4,1d8+4,5.0,B
8407,40,16,8,3,1d10+4,1d8+4,40,18,7,3,1d10+4,1d8+4,2.0,A
8408,40,15,8,4,1d12+4,1d8+4,40,15,8,5,1d8+4,1d8+4,5.0,A
8409,40,14,8,5,1d8+4,1d6+4,40,15,7,4,1d12+4,1d8+4,8.0,A
8410,40,15,5,3,1d8+4,1d8+4,40,14,8,3,1d8+4,1d8+4,7.0,A
8411,40,15,8,3,1d12+4,1d6+4,40,18,5,3,1d10+4,1d8+4,2.0,A
8412,40,14,7,5,1d10+4,1d6+4,40,17,5,5,1d12+4,1d8+4,2.0,A
8413,40,15,8,4,1d10+4,1d8+4,40,18,5,5,1d10+4,1d8+4,7.0,B
8414,40,17,7,5,1d10+4,1d6+4,40,16,5,5,1d12+4,1d8+4,7.0,B
8415,40,16,8,3,1d10+4,1d8+4,40,17,7,4,1d8+4,1d6+4,10.0,B
8416,40,17,6,5,1d12+4,1d6+4,40,16,7,4,1d10+4,1d6+4,0.0,B
8417,40,18,7,3,1d8+4,1d8+4,40,14,5,4,1d12+4,1d8+4,1.0,A
8418,40,15,5,4,1d8+4,1d8+4,40,18,8,3,1d12+4,1d8+4,1.0,B
8419,40,17,6,5,1d10+4,1d6+4,40,17,7,4,1d8+4,1d8+4,5.0,B
8420,40,14,8,4,1d12+4,1d8+4,40,15,5,3,1d12+4,1d8+4,8.0,B
8421,40,14,6,4,1d10+4,1d6+4,40,16,6,5,1d12+4,1d6+4,6.0,B
8422,40,16,5,3,1d12+4,1d6+4,40,15,7,4,1d10+4,1d8+4,7.0,B
8423,40,15,5,4,1d10+4,1d6+4,40,17,5,3,1d8+4,1d8+4,2.0,B
8424,40,18,7,4,1d12+4,1d6+4,40,17,8,4,1d8+4,1d8+4,3.0,B
8425,40,15,6,5,1d10+4,1d6+4,40,15,6,3,1d8+4,1d6+4,5.0,A
8426,40,17,6,5,1d8+4,1d6+4,40,17,5,5,1d10+4,1d6+4,6.0,A
8427,40,17,6,3,1d8+4,1d6+4,40,17,6,5,1d8+4,1d8+4,10.0,B
8428,40,15,8,3,1d10+4,1d6+4,40,14,5,4,1d10+4,1d8+4,8.0,B
8429,40,17,5,3,1d10+4,1d8+4,40,15,7,4,1d12+4,1d6+4,0.0,B
8430,40,16,5,4,1d10+4,1d6+4,40,14,8,5,1d10+4,1d8+4,10.0,A
8431,40,18,6,5,1d12+4,1d8+4,40,14,5,5,1d10+4,1d8+4,5.0,A
8432,40,15,8,3,1d12+4,1d8+4,40,15,8,4,1d8+4,1d6+4,4.0,A
8433,40,15,8,4,1d10+4,1d8+4,40,17,7,3,1d10+4,1d6+4,9.0,A
8434,40,17,8,4,1d10+4,1d8+4,40,18,6,5,1d12+4,1d6+4,2.0,A
8435,40,15,7,4,1d8+4,1d6+4,40,17,7,4,1d12+4,1d8+4,0.0,A
8436,40,14,8,5,1d10+4,1d6+4,40,17,8,3,1d10+4,1d6+4,8.0,B
8437,40,14,7,3,1d10+4,1d6+4,40,17,5,3,1d8+4,1d8+4,10.0,B
8438,40,14,8,4,1d8+4,1d8+4,40,17,6,3,1d10+4,1d6+4,8.0,A
8439,40,17,8,4,1d8+4,1d6+4,40,15,6,3,1d8+4,1d8+4,10.0,A
8440,40,15,8,3,1d8+4,1d6+4,40,15,5,3,1d12+4,1d8+4,6.0,B
8441,40,15,7,3,1d12+4,1d8+4,40,15,5,3,1d8+4,1d6+4,4.0,A
8442,40,17,6,3,1d12+4,1d8+4,40,14,6,4,1d12+4,1d8+4,6.0,B
8443,40,17,6,4,1d12+4,1d6+4,40,17,8,4,1d12+4,1d6+4,7.0,A
8444,40,14,5,5,1d8+4,1d6+4,40,15,6,5,1d8+4,1d6+4,6.0,A
8445,40,16,6,4,1d12+4,1d8+4,40,15,6,5,1d10+4,1d6+4,4.0,A
8446,40,18,6,5,1d12+4,1d6+4,40,16,8,3,1d8+4,1d6+4,1.0,B
8447,40,14,8,3,1d8+4,1d8+4,40,15,6,3,1d8+4,1d8+4,9.0,A
8448,40,16,7,5,1d10+4,1d6+4,40,16,5,5,1d10+4,1d6+4,5.0,A
8449,40,18,8,4,1d10+4,1d8+4,40,16,8,3,1d12+4,1d8+4,0.0,A
8450,40,18,5,5,1d10+4,1d8+4,40,15,8,4,1d12+4,1d8+4,3.0,A
8451,40,17,7,5,1d8+4,1d6+4,40,15,7,5,1d12+4,1d6+4,5.0,A
8452,40,14,7,3,1d10+4,1d6+4,40,15,6,5,1d8+4,1d6+4,2.0,A
8453,40,17,7,4,1d12+4,1d8+4,40,16,7,4,1d10+4,1d6+4,1.0,A
8454,40,18,5,4,1d8+4,1d6+4,40,14,5,4,1d10+4,1d8+4,5.0,A
8455,40,14,6,3,1d10+4,1d6+4,40,17,6,4,1d8+4,1d6+4,6.0,A
8456,40,14,6,3,1d12+4,1d8+4,40,17,5,4,1d10+4,1d8+4,0.0,B
8457,40,14,6,4,1d12+4,1d6+4,40,14,5,5,1d12+4,1d6+4,8.0,A
8458,40,16,8,4,1d12+4,1d6+4,40,18,5,3,1d8+4,1d8+4,6.0,A
8459,40,17,5,3,1d12+4,1d8+4,40,15,8,4,1d12+4,1d8+4,1.0,B
8460,40,16,5,3,1d12+4,1d8+4,40,18,8,5,1d12+4,1d6+4,9.0,B
8461,40,16,8,3,1d10+4,1d8+4,40,15,5,5,1d8+4,1d8+4,9.0,A
8462,40,14,7,3,1d12+4,1d8+4,40,18,5,4,1d8+4,1d8+4,7.0,A
8463,40,17,5,3,1d12+4,1d8+4,40,17,6,4,1d10+4,1d8+4,10.0,A
8464,40,16,7,4,1d8+4,1d6+4,40,14,7,5,1d10+4,1d6+4,7.0,B
8465,40,18,6,3,1d12+4,1d8+4,40,15,5,5,1d12+4,1d8+4,8.0,A
8466,40,16,7,3,1d8+4,1d8+4,40,16,8,5,1d8+4,1d8+4,5.0,A
8467,40,14,7,5,1d10+4,1d6+4,40,15,6,5,1d8+4,1d6+4,9.0,B
8468,40,16,5,3,1d12+4,1d6+4,40,17,6,4,1d8+4,1d8+4,7.0,A
8469,40,14,8,3,1d10+4,1d6+4,40,14,7,5,1d8+4,1d6+4,4.0,A
8470,40,14,8,5,1d8+4,1d8+4,40,14,6,5,1d10+4,1d6+4,0.0,B
8471,40,16,6,5,1d8+4,1d6+4,40,15,8,3,1d12+4,1d6+4,0.0,B
8472,40,18,6,3,1d12+4,1d8+4,40,14,7,3,1d12+4,1d8+4,0.0,A
8473,40,17,5,3,1d8+4,1d6+4,40,17,6,3,1d10+4,1d8+4,3.0,A
8474,40,17,8,5,1d12+4,1d8+4,40,14,6,5,1d10+4,1d6+4,1.0,A
8475,40,18,6,5,1d10+4,1d8+4,40,15,6,5,1d12+4,1d6+4,1.0,A
8476,40,17,7,5,1d10+4,1d8+4,40,14,6,4,1d10+4,1d6+4,8.0,B
8477,40,16,8,3,1d12+4,1d8+4,40,18,8,4,1d10+4,1d8+4,6.0,A
8478,40,16,8,4,1d8+4,1d8+4,40,16,5,4,1d12+4,1d6+4,2.0,B
8479,40,15,6,5,1d12+4,1d6+4,40,14,8,4,1d12+4,1d8+4,7.0,B
8480,40,17,6,5,1d10+4,1d6+4,40,15,6,4,1d10+4,1d6+4,4.0,A
8481,40,15,8,5,1d12+4,1d8+4,40,14,5,5,1d10+4,1d6+4,10.0,A
8482,40,15,5,5,1d10+4,1d6+4,40,15,5,5,1d12+4,1d8+4,7.0,B
8483,40,16,7,5,1d12+4,1d8+4,40,15,8,5,1d12+4,1d8+4,6.0,B
8484,40,15,7,4,1d8+4,1d8+4,40,14,8,3,1d12+4,1d8+4,5.0,B
8485,40,14,6,3,1d8+4,1d6+4,40,17,7,3,1d8+4,1d8+4,2.0,B
8486,40,18,6,5,1d10+4,1d6+4,40,17,6,3,1d8+4,1d6+4,10.0,B
8487,40,18,8,3,1d10+4,1d6+4,40,16,6,3,1d12+4,1d8+4,4.0,A
8488,40,18,8,3,1d12+4,1d6+4,40,18,7,4,1d10+4,1d8+4,2.0,A
8489,40,14,7,3,1d12+4,1d8+4,40,16,8,4,1d12+4,1d8+4,1.0,B
8490,40,15,8,5,1d12+4,1d8+4,40,17,7,3,1d12+4,1d6+4,2.0,B
8491,40,16,6,4,1d8+4,1d6+4,40,16,5,5,1d12+4,1d8+4,2.0,B
8492,40,15,5,3,1d8+4,1d6+4,40,17,6,3,1d10+4,1d6+4,7.0,B
8493,40,17,6,5,1d10+4,1d8+4,40,15,5,3,1d12+4,1d6+4,0.0,B
8494,40,18,5,5,1d10+4,1d6+4,40,17,7,4,1d12+4,1d8+4,1.0,A
8495,40,16,8,4,1d8+4,1d8+4,40,14,5,3,1d12+4,1d8+4,3.0,A
8496,40,16,8,3,1d10+4,1d8+4,40,18,5,4,1d12+4,1d6+4,7.0,B
8497,40,16,7,4,1d12+4,1d8+4,40,16,5,4,1d10+4,1d6+4,1.0,B
8498,40,14,7,3,1d10+4,1d6+4,40,15,5,4,1d10+4,1d8+4,2.0,A
8499,40,14,8,5,1d10+4,1d6+4,40,15,8,3,1d8+4,1d6+4,8.0,A
8500,40,16,5,3,1d8+4,1d6+4,40,14,7,5,1d8+4,1d8+4,0.0,A
8501,40,17,8,5,1d10+4,1d8+4,40,14,7,5,1d8+4,1d6+4,3.0,A
8502,40,16,5,5,1d12+4,1d6+4,40,17,5,3,1d8+4,1d6+4,2.0,A
8503,40,18,6,5,1d8+4,1d8+4,40,17,7,3,1d8+4,1d8+4,2.0,B
8504,40,16,6,3,1d12+4,1d8+4,40,16,6,5,1d10+4,1d8+4,1.0,A
8505,40,15,5,4,1d8+4,1d8+4,40,16,8,3,1d10+4,1d8+4,5.0,A
8506,40,16,5,3,1d8+4,1d6+4,40,14,8,3,1d10+4,1d6+4,3.0,A
8507,40,14,5,5,1d10+4,1d8+4,40,18,8,4,1d8+4,1d6+4,0.0,A
8508,40,17,8,5,1d8+4,1d6+4,40,16,5,5,1d12+4,1d8+4,4.0,A
8509,40,14,6,3,1d10+4,1d8+4,40,17,8,3,1d8+4,1d6+4,10.0,B
8510,40,18,8,4,1d12+4,1d6+4,40,18,7,4,1d10+4,1d8+4,3.0,A
8511,40,18,8,5,1d10+4,1d8+4,40,18,5,3,1d10+4,1d8+4,0.0,A
8512,40,17,7,4,1d8+4,1d6+4,40,17,6,5,1d12+4,1d6+4,10.0,B
8513,40,17,7,4,1d8+4,1d8+4,40,18,5,5,1d10+4,1d6+4,0.0,B
8514,40,15,5,5,1d10+4,1d6+4,40,15,5,4,1d10+4,1d6+4,0.0,A
8515,40,16,5,4,1d8+4,1d6+4,40,17,7,3,1d10+4,1d6+4,6.0,B
8516,40,15,7,3,1d10+4,1d8+4,40,14,6,4,1d10+4,1d8+4,0.0,A
8517,40,16,5,4,1d12+4,1d8+4,40,17,7,3,1d12+4,1d8+4,10.0,B
8518,40,17,8,4,1d12+4,1d8+4,40,18,5,3,1d8+4,1d8+4,2.0,A
8519,40,16,5,5,1d10+4,1d6+4,40,14,6,5,1d12+4,1d6+4,10.0,A
8520,40,14,5,5,1d8+4,1d6+4,40,17,8,5,1d10+4,1d8+4,6.0,A
8521,40,15,5,3,1d10+4,1d6+4,40,17,6,5,1d10+4,1d6+4,1.0,B
8522,40,18,6,5,1d10+4,1d6+4,40,17,7,4,1d10+4,1d8+4,2.0,A
8523,40,16,5,3,1d8+4,1d8+4,40,16,6,3,1d8+4,1d8+4,4.0,A
8524,40,16,7,5,1d8+4,1d6+4,40,16,6,5,1d8+4,1d6+4,3.0,A
8525,40,18,7,4,1d10+4,1d8+4,40,17,8,4,1d10+4,1d6+4,4.0,A
8526,40,16,5,5,1d12+4,1d8+4,40,14,7,3,1d8+4,1d8+4,1.0,A
8527,40,15,6,5,1d12+4,1d6+4,40,14,8,3,1d8+4,1d8+4,8.0,A
8528,40,17,8,5,1d8+4,1d6+4,40,18,5,5,1d8+4,1d8+4,4.0,A
8529,40,18,6,3,1d10+4,1d8+4,40,18,8,5,1d12+4,1d8+4,10.0,A
8530,40,18,6,3,1d12+4,1d6+4,40,18,5,5,1d10+4,1d8+4,10.0,A
8531,40,15,6,3,1d8+4,1d8+4,40,15,7,5,1d10+4,1d6+4,5.0,A
8532,40,17,8,5,1d12+4,1d6+4,40,17,7,5,1d8+4,1d6+4,0.0,A
8533,40,16,7,5,1d10+4,1d6+4,40,16,8,3,1d8+4,1d8+4,6.0,A
8534,40,14,5,4,1d10+4,1d8+4,40,18,5,5,1d10+4,1d8+4,9.0,B
8535,40,16,8,3,1d10+4,1d6+4,40,14,5,4,1d8+4,1d6+4,8.0,A
8536,40,15,5,4,1d10+4,1d6+4,40,16,6,5,1d12+4,1d8+4,2.0,B
8537,40,17,5,5,1d12+4,1d8+4,40,14,7,4,1d8+4,1d8+4,4.0,B
8538,40,14,7,3,1d8+4,1d6+4,40,15,8,4,1d12+4,1d8+4,9.0,A
8539,40,18,7,5,1d10+4,1d8+4,40,17,7,4,1d8+4,1d6+4,3.0,B
8540,40,15,6,4,1d10+4,1d8+4,40,17,5,5,1d8+4,1d8+4,1.0,B
8541,40,18,7,5,1d8+4,1d8+4,40,18,6,5,1d10+4,1d8+4,9.0,B
8542,40,14,6,5,1d8+4,1d6+4,40,16,6,5,1d12+4,1d8+4,5.0,A
8543,40,14,7,3,1d12+4,1d6+4,40,15,8,4,1d8+4,1d6+4,5.0,A
8544,40,16,5,5,1d8+4,1d8+4,40,18,8,4,1d12+4,1d6+4,1.0,A
8545,40,18,7,4,1d10+4,1d8+4,40,18,5,3,1d8+4,1d8+4,10.0,A
8546,40,17,8,4,1d8+4,1d8+4,40,15,5,5,1d10+4,1d8+4,8.0,A
8547,40,17,6,5,1d8+4,1d8+4,40,15,7,3,1d10+4,1d8+4,10.0,A
8548,40,16,7,3,1d10+4,1d6+4,40,16,5,3,1d8+4,1d6+4,10.0,A
8549,40,15,6,4,1d8+4,1d8+4,40,16,7,5,1d10+4,1d6+4,10.0,A
8550,40,17,5,4,1d10+4,1d8+4,40,17,5,4,1d10+4,1d6+4,8.0,A
8551,40,18,7,4,1d8+4,1d8+4,40,17,6,4,1d8+4,1d8+4,0.0,B
8552,40,17,7,4,1d10+4,1d6+4,40,14,8,4,1d10+4,1d6+4,4.0,A
8553,40,15,8,3,1d8+4,1d6+4,40,16,8,5,1d12+4,1d8+4,6.0,A
8554,40,18,5,5,1d8+4,1d8+4,40,16,6,4,1d10+4,1d6+4,9.0,B
8555,40,16,6,3,1d8+4,1d6+4,40,18,6,5,1d12+4,1d6+4,2.0,B
8556,40,14,5,5,1d10+4,1d8+4,40,14,5,5,1d12+4,1d8+4,5.0,B
8557,40,14,7,3,1d8+4,1d6+4,40,14,6,3,1d8+4,1d6+4,10.0,A
8558,40,16,6,5,1d8+4,1d6+4,40,16,6,3,1d8+4,1d6+4,10.0,A
8559,40,18,7,3,1d10+4,1d6+4,40,17,6,3,1d12+4,1d8+4,8.0,B
8560,40,15,6,4,1d10+4,1d6+4,40,15,7,4,1d8+4,1d8+4,8.0,B
8561,40,14,7,4,1d8+4,1d6+4,40,15,5,4,1d10+4,1d6+4,6.0,A
8562,40,18,8,5,1d10+4,1d6+4,40,17,7,3,1d12+4,1d8+4,7.0,A
8563,40,15,6,4,1d8+4,1d6+4,40,14,6,5,1d12+4,1d8+4,9.0,B
8564,40,14,7,4,1d12+4,1d8+4,40,18,8,5,1d12+4,1d8+4,7.0,B
8565,40,18,7,5,1d10+4,1d6+4,40,17,8,3,1d10+4,1d8+4,2.0,A
8566,40,18,6,5,1d10+4,1d6+4,40,14,6,3,1d10+4,1d8+4,0.0,A
8567,40,14,6,4,1d10+4,1d6+4,40,15,7,3,1d10+4,1d6+4,4.0,B
8568,40,14,6,3,1d10+4,1d6+4,40,17,6,5,1d10+4,1d6+4,3.0,B
8569,40,18,5,4,1d10+4,1d8+4,40,17,6,4,1d10+4,1d8+4,10.0,B
8570,40,14,8,4,1d8+4,1d6+4,40,16,7,5,1d12+4,1d6+4,0.0,A
8571,40,14,6,4,1d10+4,1d8+4,40,16,7,3,1d8+4,1d6+4,4.0,A
8572,40,14,5,5,1d12+4,1d8+4,40,18,6,3,1d10+4,1d8+4,9.0,B
8573,40,15,5,4,1d12+4,1d6+4,40,15,8,4,1d8+4,1d8+4,7.0,A
8574,40,18,6,5,1d10+4,1d8+4,40,17,6,4,1d8+4,1d6+4,7.0,A
8575,40,15,7,3,1d8+4,1d6+4,40,16,6,4,1d12+4,1d8+4,10.0,A
8576,40,18,8,5,1d12+4,1d8+4,40,17,5,4,1d10+4,1d8+4,5.0,A
8577,40,17,6,4,1d10+4,1d8+4,40,16,5,5,1d8+4,1d6+4,4.0,B
8578,40,17,7,5,1d12+4,1d8+4,40,17,7,4,1d12+4,1d8+4,2.0,A
8579,40,15,5,3,1d12+4,1d6+4,40,15,5,5,1d12+4,1d6+4,3.0,A
8580,40,16,6,5,1d8+4,1d8+4,40,15,7,5,1d8+4,1d6+4,2.0,A
8581,40,14,8,5,1d10+4,1d8+4,40,15,6,5,1d10+4,1d6+4,5.0,A
8582,40,16,7,5,1d10+4,1d6+4,40,18,8,4,1d12+4,1d6+4,10.0,A
8583,40,17,8,5,1d12+4,1d6+4,40,16,5,4,1d10+4,1d6+4,4.0,A
8584,40,18,7,4,1d12+4,1d6+4,40,15,6,3,1d8+4,1d8+4,6.0,B
8585,40,15,6,3,1d12+4,1d6+4,40,14,7,5,1d8+4,1d6+4,7.0,A
8586,40,17,8,5,1d12+4,1d6+4,40,15,6,3,1d12+4,1d6+4,8.0,A
8587,40,15,7,5,1d10+4,1d8+4,40,15,5,3,1d8+4,1d6+4,6.0,A
8588,40,16,8,5,1d10+4,1d6+4,40,14,7,5,1d10+4,1d8+4,5.0,B
8589,40,18,7,4,1d8+4,1d8+4,40,17,7,4,1d8+4,1d8+4,7.0,B
8590,40,16,8,3,1d8+4,1d6+4,40,16,6,4,1d8+4,1d8+4,1.0,A
8591,40,14,6,4,1d12+4,1d8+4,40,14,7,4,1d12+4,1d6+4,5.0,B
8592,40,18,6,4,1d10+4,1d6+4,40,14,7,5,1d8+4,1d6+4,9.0,A
8593,40,15,5,4,1d10+4,1d8+4,40,14,8,5,1d12+4,1d6+4,7.0,A
8594,40,18,7,3,1d12+4,1d8+4,40,16,7,5,1d8+4,1d6+4,4.0,B
8595,40,18,6,4,1d8+4,1d6+4,40,14,7,3,1d10+4,1d6+4,1.0,B
8596,40,18,7,4,1d8+4,1d8+4,40,15,7,5,1d10+4,1d6+4,2.0,B
8597,40,18,5,3,1d8+4,1d8+4,40,14,8,3,1d12+4,1d8+4,6.0,A
8598,40,17,8,5,1d8+4,1d6+4,40,17,8,5,1d12+4,1d6+4,10.0,B
8599,40,17,8,4,1d10+4,1d6+4,40,14,8,5,1d8+4,1d6+4,4.0,A
8600,40,16,7,3,1d12+4,1d6+4,40,15,6,5,1d12+4,1d8+4,0.0,A
8601,40,18,8,4,1d12+4,1d8+4,40,16,5,3,1d8+4,1d8+4,10.0,A
8602,40,16,6,5,1d12+4,1d6+4,40,15,6,4,1d12+4,1d6+4,2.0,A
8603,40,15,8,3,1d8+4,1d6+4,40,17,7,3,1d12+4,1d8+4,5.0,B
8604,40,17,5,4,1d12+4,1d8+4,40,16,8,5,1d12+4,1d6+4,7.0,B
8605,40,17,6,3,1d12+4,1d8+4,40,14,8,3,1d8+4,1d8+4,2.0,A
8606,40,18,5,3,1d12+4,1d8+4,40,17,8,4,1d8+4,1d8+4,8.0,B
8607,40,16,5,5,1d10+4,1d6+4,40,14,6,5,1d8+4,1d8+4,7.0,A
8608,40,14,6,4,1d8+4,1d8+4,40,16,8,4,1d12+4,1d6+4,9.0,B
8609,40,16,5,5,1d12+4,1d8+4,40,16,7,3,1d8+4,1d6+4,1.0,A
8610,40,17,8,4,1d12+4,1d6+4,40,17,8,3,1d12+4,1d6+4,1.0,A
8611,40,18,5,5,1d12+4,1d6+4,40,15,7,4,1d8+4,1d8+4,10.0,A
8612,40,15,5,3,1d8+4,1d8+4,40,18,7,5,1d8+4,1d6+4,9.0,B
8613,40,15,5,3,1d8+4,1d6+4,40,18,7,4,1d12+4,1d8+4,10.0,B
8614,40,15,8,3,1d12+4,1d6+4,40,18,5,4,1d8+4,1d6+4,10.0,A
8615,40,14,7,5,1d12+4,1d6+4,40,14,7,3,1d12+4,1d6+4,3.0,A
8616,40,18,8,3,1d12+4,1d6+4,40,16,5,4,1d12+4,1d6+4,3.0,A
8617,40,15,6,3,1d12+4,1d6+4,40,18,8,5,1d8+4,1d6+4,4.0,A
8618,40,16,8,3,1d8+4,1d6+4,40,16,8,5,1d12+4,1d8+4,6.0,B
8619,40,15,7,4,1d12+4,1d6+4,40,17,5,3,1d10+4,1d6+4,8.0,A
8620,40,18,7,4,1d10+4,1d6+4,40,17,5,4,1d8+4,1d8+4,3.0,A
8621,40,17,6,5,1d10+4,1d8+4,40,14,5,5,1d10+4,1d8+4,6.0,A
8622,40,14,6,4,1d10+4,1d8+4,40,14,6,5,1d12+4,1d8+4,2.0,B
8623,40,18,7,3,1d8+4,1d8+4,40,18,7,5,1d12+4,1d8+4,3.0,B
8624,40,17,6,5,1d8+4,1d8+4,40,18,5,5,1d12+4,1d8+4,3.0,B
8625,40,17,7,3,1d10+4,1d6+4,40,15,7,3,1d8+4,1d6+4,6.0,A
8626,40,14,6,5,1d12+4,1d8+4,40,17,5,4,1d8+4,1d8+4,3.0,B
8627,40,16,8,3,1d12+4,1d6+4,40,14,8,4,1d12+4,1d6+4,1.0,A
8628,40,16,7,3,1d10+4,1d8+4,40,17,5,5,1d10+4,1d8+4,9.0,B
8629,40,16,8,5,1d10+4,1d8+4,40,18,6,5,1d12+4,1d6+4,4.0,B
8630,40,15,8,5,1d8+4,1d8+4,40,17,6,5,1d8+4,1d8+4,5.0,A
8631,40,15,7,5,1d8+4,1d6+4,40,17,7,5,1d8+4,1d8+4,3.0,A
8632,40,17,6,3,1d10+4,1d8+4,40,15,8,4,1d10+4,1d8+4,8.0,A
8633,40,14,5,5,1d12+4,1d8+4,40,16,6,5,1d10+4,1d8+4,7.0,B
8634,40,14,5,3,1d8+4,1d6+4,40,17,8,3,1d12+4,1d8+4,2.0,B
8635,40,14,7,4,1d10+4,1d6+4,40,16,5,3,1d12+4,1d6+4,6.0,B
8636,40,15,7,5,1d10+4,1d6+4,40,17,5,4,1d8+4,1d8+4,1.0,B
8637,40,17,6,3,1d12+4,1d8+4,40,17,8,3,1d10+4,1d8+4,3.0,B
8638,40,14,5,3,1d8+4,1d6+4,40,18,6,5,1d12+4,1d6+4,5.0,B
8639,40,16,5,4,1d10+4,1d6+4,40,17,6,4,1d8+4,1d8+4,9.0,A
8640,40,16,7,4,1d12+4,1d6+4,40,18,7,5,1d10+4,1d8+4,10.0,B
8641,40,15,8,4,1d12+4,1d6+4,40,15,5,5,1d8+4,1d8+4,10.0,A
8642,40,18,6,4,1d8+4,1d8+4,40,16,5,4,1d10+4,1d6+4,8.0,A
8643,40,18,7,3,1d12+4,1d8+4,40,14,6,3,1d8+4,1d6+4,6.0,A
8644,40,15,8,3,1d12+4,1d6+4,40,18,8,3,1d8+4,1d8+4,7.0,A
8645,40,16,6,4,1d12+4,1d6+4,40,18,6,3,1d10+4,1d6+4,8.0,B
8646,40,15,7,5,1d12+4,1d6+4,40,16,5,4,1d12+4,1d8+4,6.0,B
8647,40,18,7,5,1d10+4,1d8+4,40,15,5,4,1d12+4,1d8+4,10.0,A
8648,40,18,7,5,1d8+4,1d8+4,40,15,7,3,1d8+4,1d6+4,0.0,A
8649,40,18,6,5,1d12+4,1d8+4,40,14,7,3,1d10+4,1d8+4,6.0,A
8650,40,18,6,3,1d8+4,1d6+4,40,18,5,3,1d10+4,1d8+4,0.0,B
8651,40,16,5,3,1d12+4,1d6+4,40,17,7,5,1d12+4,1d8+4,4.0,B
8652,40,15,5,5,1d8+4,1d6+4,40,14,8,3,1d10+4,1d6+4,6.0,B
8653,40,16,8,3,1d8+4,1d8+4,40,14,7,4,1d12+4,1d8+4,2.0,A
8654,40,18,5,3,1d12+4,1d8+4,40,15,6,5,1d8+4,1d8+4,7.0,A
8655,40,18,8,5,1d12+4,1d6+4,40,17,5,3,1d10+4,1d6+4,4.0,A
8656,40,18,7,4,1d10+4,1d6+4,40,17,7,5,1d8+4,1d6+4,9.0,A
8657,40,15,8,3,1d12+4,1d6+4,40,15,6,4,1d10+4,1d6+4,1.0,A
8658,40,16,7,4,1d12+4,1d6+4,40,15,8,5,1d8+4,1d6+4,10.0,A
8659,40,14,6,4,1d8+4,1d6+4,40,15,6,5,1d8+4,1d6+4,5.0,B
8660,40,14,8,3,1d12+4,1d8+4,40,16,7,5,1d8+4,1d8+4,6.0,B
8661,40,14,8,4,1d8+4,1d8+4,40,17,8,5,1d12+4,1d6+4,0.0,A
8662,40,16,5,5,1d8+4,1d8+4,40,17,6,4,1d8+4,1d6+4,0.0,A
8663,40,18,5,5,1d12+4,1d6+4,40,15,6,5,1d10+4,1d8+4,2.0,B
8664,40,15,8,4,1d10+4,1d6+4,40,15,7,3,1d12+4,1d8+4,5.0,A
8665,40,15,8,3,1d10+4,1d8+4,40,16,7,5,1d12+4,1d8+4,7.0,B
8666,40,16,7,3,1d12+4,1d6+4,40,18,8,5,1d8+4,1d8+4,7.0,B
8667,40,15,6,4,1d10+4,1d6+4,40,17,7,4,1d8+4,1d6+4,10.0,B
8668,40,16,8,4,1d8+4,1d8+4,40,16,8,5,1d10+4,1d6+4,2.0,B
8669,40,16,8,5,1d12+4,1d6+4,40,18,5,4,1d10+4,1d6+4,2.0,A
8670,40,15,7,4,1d8+4,1d8+4,40,17,8,5,1d12+4,1d8+4,5.0,A
8671,40,15,6,4,1d8+4,1d8+4,40,15,7,5,1d8+4,1d6+4,7.0,A
8672,40,17,8,5,1d12+4,1d6+4,40,16,5,4,1d8+4,1d6+4,0.0,A
8673,40,15,5,4,1d12+4,1d6+4,40,17,7,4,1d12+4,1d8+4,2.0,A
8674,40,15,7,4,1d8+4,1d6+4,40,16,8,5,1d10+4,1d6+4,1.0,B
8675,40,18,5,3,1d10+4,1d8+4,40,18,5,3,1d8+4,1d8+4,7.0,A
8676,40,18,5,5,1d12+4,1d8+4,40,14,6,3,1d12+4,1d8+4,5.0,A
8677,40,17,6,5,1d12+4,1d8+4,40,15,6,5,1d10+4,1d8+4,8.0,A
8678,40,16,5,5,1d8+4,1d8+4,40,16,6,3,1d12+4,1d8+4,6.0,A
8679,40,18,6,3,1d12+4,1d6+4,40,17,8,4,1d10+4,1d6+4,4.0,A
8680,40,16,7,4,1d8+4,1d8+4,40,16,5,5,1d10+4,1d6+4,1.0,A
8681,40,17,6,4,1d8+4,1d6+4,40,18,6,3,1d10+4,1d8+4,7.0,A
8682,40,17,8,5,1d10+4,1d8+4,40,18,5,4,1d12+4,1d8+4,9.0,A
8683,40,15,7,3,1d12+4,1d8+4,40,15,5,5,1d10+4,1d8+4,7.0,A
8684,40,14,7,4,1d12+4,1d8+4,40,16,5,5,1d12+4,1d8+4,0.0,A
8685,40,14,5,3,1d8+4,1d8+4,40,16,8,4,1d10+4,1d6+4,9.0,B
8686,40,18,5,5,1d12+4,1d6+4,40,18,8,4,1d8+4,1d8+4,5.0,B
8687,40,15,8,5,1d8+4,1d6+4,40,15,7,3,1d12+4,1d8+4,0.0,A
8688,40,18,8,5,1d10+4,1d6+4,40,16,5,3,1d8+4,1d6+4,8.0,A
8689,40,14,6,4,1d12+4,1d8+4,40,17,7,5,1d12+4,1d6+4,9.0,A
8690,40,16,7,3,1d8+4,1d6+4,40,17,8,4,1d12+4,1d8+4,6.0,B
8691,40,15,7,4,1d12+4,1d8+4,40,16,5,5,1d10+4,1d8+4,2.0,A
8692,40,15,5,3,1d10+4,1d6+4,40,14,5,5,1d10+4,1d8+4,7.0,A
8693,40,18,8,4,1d8+4,1d8+4,40,17,8,3,1d10+4,1d8+4,7.0,B
8694,40,18,7,3,1d8+4,1d6+4,40,17,5,5,1d8+4,1d6+4,0.0,A
8695,40,14,8,3,1d8+4,1d8+4,40,18,7,5,1d8+4,1d8+4,10.0,A
8696,40,17,8,3,1d10+4,1d8+4,40,15,5,3,1d12+4,1d8+4,4.0,B
8697,40,17,7,3,1d8+4,1d6+4,40,14,6,4,1d12+4,1d6+4,6.0,A
8698,40,17,5,5,1d12+4,1d6+4,40,18,6,5,1d12+4,1d6+4,9.0,A
8699,40,17,7,3,1d12+4,1d8+4,40,16,7,4,1d8+4,1d6+4,9.0,B
8700,40,17,7,5,1d8+4,1d8+4,40,18,6,3,1d12+4,1d6+4,5.0,A
8701,40,16,5,3,1d10+4,1d8+4,40,18,7,4,1d8+4,1d8+4,2.0,B
8702,40,15,5,3,1d8+4,1d8+4,40,15,6,5,1d10+4,1d6+4,7.0,A
8703,40,18,7,4,1d12+4,1d8+4,40,16,7,3,1d12+4,1d6+4,3.0,B
8704,40,16,7,4,1d8+4,1d6+4,40,17,7,5,1d12+4,1d8+4,6.0,B
8705,40,17,6,5,1d8+4,1d6+4,40,18,7,4,1d10+4,1d6+4,7.0,B
8706,40,16,6,4,1d8+4,1d6+4,40,17,6,4,1d8+4,1d8+4,5.0,B
8707,40,14,5,4,1d8+4,1d8+4,40,15,8,5,1d10+4,1d6+4,2.0,A
8708,40,15,6,4,1d10+4,1d8+4,40,15,8,3,1d12+4,1d8+4,7.0,A
8709,40,15,8,4,1d10+4,1d6+4,40,14,8,5,1d12+4,1d8+4,2.0,B
8710,40,14,8,4,1d12+4,1d8+4,40,16,7,5,1d12+4,1d8+4,2.0,B
8711,40,15,7,5,1d10+4,1d6+4,40,16,5,4,1d12+4,1d8+4,2.0,A
8712,40,14,7,3,1d10+4,1d6+4,40,17,8,5,1d12+4,1d8+4,0.0,B
8713,40,18,5,5,1d12+4,1d8+4,40,18,6,5,1d10+4,1d8+4,9.0,A
8714,40,18,5,3,1d12+4,1d6+4,40,15,5,3,1d12+4,1d8+4,1.0,B
8715,40,16,5,4,1d10+4,1d6+4,40,15,6,4,1d12+4,1d8+4,6.0,B
8716,40,16,6,4,1d8+4,1d6+4,40,16,6,4,1d10+4,1d8+4,1.0,A
8717,40,18,6,5,1d10+4,1d8+4,40,15,7,5,1d10+4,1d8+4,3.0,A
8718,40,17,6,5,1d12+4,1d8+4,40,18,6,4,1d10+4,1d6+4,3.0,B
8719,40,14,5,3,1d12+4,1d8+4,40,14,5,3,1d12+4,1d8+4,8.0,A
8720,40,18,7,3,1d8+4,1d6+4,40,17,7,4,1d8+4,1d6+4,2.0,A
8721,40,18,6,5,1d8+4,1d8+4,40,14,6,3,1d8+4,1d6+4,7.0,A
8722,40,17,5,4,1d8+4,1d6+4,40,17,6,5,1d10+4,1d8+4,5.0,A
8723,40,16,5,5,1d8+4,1d8+4,40,17,7,4,1d8+4,1d6+4,6.0,A
8724,40,14,7,3,1d12+4,1d8+4,40,15,5,4,1d8+4,1d6+4,9.0,A
8725,40,16,8,4,1d10+4,1d6+4,40,15,8,5,1d10+4,1d6+4,4.0,A
8726,40,14,5,3,1d12+4,1d8+4,40,15,5,5,1d10+4,1d6+4,7.0,B
8727,40,16,7,3,1d8+4,1d8+4,40,18,7,3,1d12+4,1d6+4,6.0,B
8728,40,16,8,5,1d12+4,1d6+4,40,16,8,4,1d12+4,1d6+4,7.0,B
8729,40,17,7,4,1d12+4,1d8+4,40,14,5,3,1d12+4,1d8+4,5.0,A
8730,40,16,7,5,1d8+4,1d6+4,40,17,5,4,1d10+4,1d6+4,2.0,B
8731,40,17,7,5,1d12+4,1d8+4,40,15,8,3,1d12+4,1d6+4,2.0,A
8732,40,18,7,5,1d10+4,1d6+4,40,17,7,3,1d8+4,1d8+4,1.0,A
8733,40,18,7,3,1d10+4,1d8+4,40,16,7,3,1d10+4,1d8+4,0.0,B
8734,40,18,8,3,1d10+4,1d8+4,40,16,5,4,1d10+4,1d6+4,3.0,B
8735,40,16,8,4,1d12+4,1d6+4,40,18,8,3,1d12+4,1d8+4,4.0,B
8736,40,17,8,3,1d12+4,1d6+4,40,18,5,3,1d12+4,1d6+4,1.0,A
8737,40,17,6,5,1d12+4,1d8+4,40,18,8,3,1d12+4,1d6+4,0.0,B
8738,40,14,5,4,1d10+4,1d6+4,40,14,6,5,1d12+4,1d6+4,6.0,A
8739,40,16,7,3,1d12+4,1d6+4,40,18,5,5,1d10+4,1d8+4,7.0,A
8740,40,14,5,3,1d12+4,1d8+4,40,15,8,4,1d8+4,1d8+4,6.0,A
8741,40,18,5,5,1d10+4,1d8+4,40,14,6,5,1d8+4,1d8+4,5.0,A
8742,40,14,7,5,1d12+4,1d8+4,40,14,6,5,1d12+4,1d6+4,0.0,B
8743,40,15,6,4,1d12+4,1d8+4,40,17,6,4,1d10+4,1d8+4,3.0,A
8744,40,17,7,5,1d10+4,1d8+4,40,17,5,3,1d8+4,1d6+4,3.0,A
8745,40,14,7,3,1d8+4,1d6+4,40,14,8,5,1d10+4,1d8+4,4.0,B
8746,40,16,5,5,1d8+4,1d8+4,40,18,6,5,1d10+4,1d6+4,5.0,B
8747,40,14,7,3,1d12+4,1d6+4,40,14,5,4,1d8+4,1d6+4,3.0,A
8748,40,16,8,3,1d12+4,1d8+4,40,18,5,4,1d8+4,1d8+4,10.0,A
8749,40,14,5,4,1d10+4,1d8+4,40,18,6,3,1d8+4,1d8+4,9.0,B
8750,40,16,6,4,1d10+4,1d8+4,40,17,8,3,1d12+4,1d6+4,6.0,A
8751,40,16,8,3,1d10+4,1d6+4,40,17,7,3,1d12+4,1d6+4,10.0,B
8752,40,18,6,4,1d10+4,1d8+4,40,18,6,4,1d12+4,1d8+4,9.0,B
8753,40,18,6,5,1d12+4,1d8+4,40,15,5,4,1d8+4,1d8+4,9.0,A
8754,40,14,8,5,1d8+4,1d8+4,40,14,8,5,1d8+4,1d6+4,0.0,A
8755,40,14,5,5,1d10+4,1d8+4,40,15,8,3,1d10+4,1d6+4,4.0,A
8756,40,15,6,3,1d8+4,1d8+4,40,17,7,4,1d8+4,1d6+4,7.0,B
8757,40,14,7,5,1d10+4,1d8+4,40,17,8,4,1d8+4,1d8+4,1.0,A
8758,40,18,8,3,1d8+4,1d8+4,40,18,5,5,1d8+4,1d6+4,6.0,A
8759,40,15,6,5,1d12+4,1d8+4,40,18,6,3,1d8+4,1d6+4,0.0,A
8760,40,16,5,3,1d8+4,1d6+4,40,16,6,5,1d10+4,1d6+4,10.0,B
8761,40,14,7,3,1d10+4,1d6+4,40,14,7,5,1d8+4,1d8+4,2.0,A
8762,40,18,6,3,1d10+4,1d8+4,40,18,8,4,1d8+4,1d6+4,7.0,A
8763,40,15,6,5,1d8+4,1d8+4,40,18,6,5,1d8+4,1d8+4,10.0,B
8764,40,15,6,4,1d10+4,1d8+4,40,14,7,3,1d10+4,1d6+4,7.0,A
8765,40,15,6,3,1d12+4,1d6+4,40,16,7,5,1d10+4,1d6+4,1.0,B
8766,40,17,7,5,1d8+4,1d6+4,40,17,5,5,1d12+4,1d6+4,7.0,A
8767,40,16,7,4,1d12+4,1d8+4,40,16,7,4,1d12+4,1d8+4,1.0,B
8768,40,16,8,5,1d12+4,1d6+4,40,14,6,3,1d8+4,1d6+4,2.0,A
8769,40,14,7,3,1d12+4,1d8+4,40,16,8,3,1d10+4,1d6+4,6.0,A
8770,40,16,7,4,1d8+4,1d8+4,40,18,5,4,1d12+4,1d6+4,6.0,A
8771,40,16,7,3,1d8+4,1d6+4,40,14,6,5,1d8+4,1d6+4,5.0,B
8772,40,17,7,3,1d10+4,1d6+4,40,14,6,5,1d8+4,1d8+4,9.0,A
8773,40,14,5,4,1d10+4,1d6+4,40,14,6,4,1d12+4,1d8+4,1.0,B
8774,40,15,7,3,1d10+4,1d6+4,40,14,8,4,1d10+4,1d6+4,0.0,B
8775,40,16,7,4,1d10+4,1d8+4,40,14,5,3,1d8+4,1d6+4,0.0,B
8776,40,15,6,3,1d12+4,1d6+4,40,14,6,3,1d12+4,1d6+4,4.0,A
8777,40,14,6,5,1d12+4,1d8+4,40,17,6,4,1d10+4,1d8+4,0.0,A
8778,40,17,5,3,1d8+4,1d8+4,40,14,8,4,1d10+4,1d6+4,1.0,A
8779,40,17,6,5,1d12+4,1d8+4,40,14,6,5,1d8+4,1d6+4,5.0,A
8780,40,18,8,4,1d10+4,1d6+4,40,18,8,4,1d12+4,1d8+4,7.0,A
8781,40,18,6,3,1d8+4,1d8+4,40,18,6,4,1d12+4,1d6+4,10.0,A
8782,40,16,5,4,1d8+4,1d6+4,40,17,8,5,1d10+4,1d8+4,7.0,B
8783,40,16,7,4,1d10+4,1d6+4,40,15,5,3,1d12+4,1d8+4,4.0,B
8784,40,14,6,3,1d10+4,1d6+4,40,14,6,5,1d8+4,1d6+4,10.0,A
8785,40,17,5,4,1d8+4,1d8+4,40,18,8,5,1d10+4,1d8+4,6.0,A
8786,40,16,5,5,1d12+4,1d8+4,40,16,8,5,1d10+4,1d6+4,2.0,A
8787,40,15,8,5,1d10+4,1d8+4,40,18,8,4,1d10+4,1d6+4,1.0,B
8788,40,17,5,3,1d12+4,1d8+4,40,16,5,4,1d12+4,1d8+4,6.0,A
8789,40,14,8,3,1d10+4,1d8+4,40,18,5,5,1d12+4,1d8+4,1.0,A
8790,40,18,6,3,1d8+4,1d8+4,40,16,6,5,1d10+4,1d6+4,1.0,A
8791,40,17,7,3,1d10+4,1d8+4,40,15,6,4,1d12+4,1d6+4,7.0,A
8792,40,15,6,3,1d12+4,1d6+4,40,14,5,3,1d10+4,1d6+4,7.0,A
8793,40,17,7,5,1d8+4,1d6+4,40,14,6,3,1d12+4,1d8+4,1.0,B
8794,40,16,8,3,1d10+4,1d8+4,40,18,7,4,1d10+4,1d6+4,0.0,A
8795,40,17,8,3,1d12+4,1d6+4,40,17,5,3,1d12+4,1d6+4,1.0,B
8796,40,18,5,4,1d8+4,1d6+4,40,15,5,5,1d8+4,1d8+4,8.0,B
8797,40,18,6,4,1d12+4,1d6+4,40,14,8,3,1d12+4,1d6+4,3.0,A
8798,40,15,8,3,1d10+4,1d8+4,40,17,7,3,1d10+4,1d8+4,4.0,B
8799,40,14,8,3,1d8+4,1d6+4,40,17,8,4,1d8+4,1d8+4,5.0,B
8800,40,15,7,4,1d12+4,1d8+4,40,17,7,5,1d10+4,1d6+4,3.0,A
8801,40,16,5,5,1d8+4,1d8+4,40,17,7,4,1d10+4,1d8+4,0.0,B
8802,40,14,5,4,1d8+4,1d8+4,40,17,7,4,1d12+4,1d6+4,5.0,B
8803,40,18,5,3,1d12+4,1d8+4,40,15,7,3,1d12+4,1d8+4,1.0,A
8804,40,15,6,5,1d10+4,1d6+4,40,17,6,4,1d12+4,1d6+4,8.0,B
8805,40,14,8,4,1d8+4,1d6+4,40,16,7,4,1d12+4,1d6+4,6.0,A
8806,40,18,6,3,1d10+4,1d8+4,40,15,6,3,1d10+4,1d6+4,10.0,B
8807,40,16,7,4,1d10+4,1d8+4,40,18,6,3,1d12+4,1d6+4,0.0,A
8808,40,18,8,4,1d10+4,1d8+4,40,15,5,5,1d12+4,1d8+4,8.0,A
8809,40,17,8,5,1d8+4,1d6+4,40,15,6,3,1d10+4,1d8+4,3.0,A
8810,40,18,8,3,1d10+4,1d6+4,40,16,8,4,1d10+4,1d8+4,6.0,B
8811,40,16,7,3,1d12+4,1d6+4,40,14,6,4,1d12+4,1d8+4,0.0,B
8812,40,16,8,5,1d10+4,1d8+4,40,16,8,4,1d8+4,1d6+4,2.0,A
8813,40,14,7,5,1d8+4,1d6+4,40,14,7,3,1d10+4,1d8+4,8.0,B
8814,40,16,6,5,1d8+4,1d6+4,40,16,5,3,1d8+4,1d8+4,10.0,A
8815,40,14,5,4,1d10+4,1d8+4,40,15,6,5,1d10+4,1d8+4,2.0,B
8816,40,14,5,5,1d10+4,1d8+4,40,18,6,4,1d10+4,1d8+4,7.0,A
8817,40,14,5,4,1d12+4,1d8+4,40,18,8,4,1d12+4,1d8+4,4.0,B
8818,40,17,7,3,1d8+4,1d8+4,40,15,5,4,1d10+4,1d6+4,7.0,B
8819,40,16,5,5,1d10+4,1d8+4,40,18,8,4,1d8+4,1d8+4,7.0,B
8820,40,14,6,3,1d12+4,1d8+4,40,14,6,5,1d8+4,1d8+4,9.0,B
8821,40,14,8,5,1d12+4,1d6+4,40,17,6,4,1d12+4,1d8+4,7.0,A
8822,40,14,7,5,1d10+4,1d6+4,40,17,5,3,1d10+4,1d8+4,3.0,B
8823,40,17,6,3,1d10+4,1d8+4,40,17,6,4,1d8+4,1d8+4,8.0,A
8824,40,16,8,5,1d10+4,1d8+4,40,18,6,3,1d8+4,1d6+4,10.0,B
8825,40,16,6,4,1d10+4,1d8+4,40,16,8,4,1d12+4,1d6+4,8.0,A
8826,40,14,7,4,1d8+4,1d6+4,40,18,6,5,1d8+4,1d6+4,9.0,A
8827,40,14,5,5,1d12+4,1d8+4,40,18,7,5,1d10+4,1d6+4,2.0,A
8828,40,15,8,3,1d8+4,1d8+4,40,17,8,3,1d12+4,1d6+4,8.0,B
8829,40,17,6,4,1d8+4,1d8+4,40,16,7,4,1d12+4,1d8+4,3.0,B
8830,40,14,5,4,1d10+4,1d8+4,40,17,6,3,1d10+4,1d8+4,8.0,A
8831,40,18,8,4,1d12+4,1d6+4,40,16,5,4,1d12+4,1d6+4,0.0,A
8832,40,14,8,4,1d10+4,1d6+4,40,17,5,5,1d8+4,1d6+4,2.0,B
8833,40,16,6,5,1d8+4,1d8+4,40,15,6,3,1d8+4,1d8+4,4.0,A
8834,40,16,5,4,1d10+4,1d6+4,40,18,6,5,1d10+4,1d8+4,2.0,A
8835,40,17,5,3,1d8+4,1d8+4,40,17,7,4,1d8+4,1d6+4,2.0,B
8836,40,18,6,4,1d8+4,1d6+4,40,15,6,4,1d12+4,1d6+4,4.0,A
8837,40,15,5,3,1d12+4,1d8+4,40,17,8,5,1d12+4,1d6+4,5.0,B
8838,40,18,8,4,1d12+4,1d8+4,40,14,8,4,1d8+4,1d8+4,7.0,A
8839,40,17,6,4,1d8+4,1d6+4,40,14,6,3,1d12+4,1d8+4,10.0,A
8840,40,15,6,3,1d8+4,1d8+4,40,18,5,3,1d8+4,1d6+4,3.0,A
8841,40,16,7,4,1d12+4,1d8+4,40,18,8,4,1d12+4,1d8+4,10.0,B
8842,40,18,5,5,1d12+4,1d8+4,40,17,7,3,1d12+4,1d6+4,10.0,A
8843,40,15,5,5,1d12+4,1d8+4,40,16,6,3,1d8+4,1d6+4,5.0,A
8844,40,18,6,3,1d10+4,1d6+4,40,17,6,3,1d10+4,1d8+4,9.0,B
8845,40,17,5,3,1d10+4,1d8+4,40,17,5,4,1d12+4,1d8+4,6.0,A
8846,40,16,8,4,1d8+4,1d6+4,40,15,7,3,1d8+4,1d8+4,2.0,A
8847,40,14,7,4,1d8+4,1d8+4,40,14,5,4,1d10+4,1d8+4,7.0,A
8848,40,14,8,3,1d8+4,1d6+4,40,14,7,4,1d10+4,1d6+4,2.0,B
8849,40,16,7,4,1d8+4,1d8+4,40,14,5,5,1d10+4,1d6+4,10.0,B
8850,40,14,6,5,1d10+4,1d8+4,40,15,5,3,1d12+4,1d8+4,9.0,B
8851,40,18,5,5,1d8+4,1d6+4,40,18,7,4,1d10+4,1d6+4,4.0,B
8852,40,15,8,4,1d8+4,1d8+4,40,18,5,3,1d12+4,1d6+4,0.0,A
8853,40,16,6,5,1d8+4,1d6+4,40,16,6,5,1d12+4,1d8+4,2.0,B
8854,40,15,5,3,1d12+4,1d6+4,40,18,8,3,1d8+4,1d6+4,8.0,B
8855,40,16,5,3,1d10+4,1d6+4,40,15,8,5,1d10+4,1d8+4,8.0,B
8856,40,18,5,4,1d12+4,1d6+4,40,16,5,5,1d12+4,1d6+4,1.0,A
8857,40,15,6,5,1d8+4,1d8+4,40,15,5,5,1d10+4,1d8+4,1.0,A
8858,40,17,8,5,1d10+4,1d8+4,40,15,8,3,1d10+4,1d8+4,1.0,A
8859,40,18,6,3,1d8+4,1d6+4,40,17,5,5,1d8+4,1d6+4,5.0,A
8860,40,15,5,4,1d10+4,1d8+4,40,16,5,3,1d8+4,1d8+4,5.0,B
8861,40,16,7,5,1d8+4,1d8+4,40,14,8,5,1d10+4,1d8+4,6.0,B
8862,40,16,7,5,1d10+4,1d8+4,40,18,5,3,1d10+4,1d8+4,2.0,B
8863,40,17,7,3,1d8+4,1d8+4,40,15,5,3,1d8+4,1d8+4,4.0,A
8864,40,15,8,3,1d12+4,1d6+4,40,18,8,3,1d10+4,1d6+4,9.0,A
8865,40,17,5,3,1d12+4,1d8+4,40,14,6,3,1d12+4,1d6+4,2.0,A
8866,40,17,6,3,1d10+4,1d8+4,40,17,6,4,1d10+4,1d6+4,3.0,B
8867,40,17,8,4,1d8+4,1d6+4,40,16,8,5,1d10+4,1d8+4,3.0,B
8868,40,14,8,3,1d12+4,1d6+4,40,15,6,3,1d8+4,1d8+4,0.0,A
8869,40,14,8,3,1d10+4,1d8+4,40,18,5,3,1d8+4,1d8+4,10.0,A
8870,40,15,8,4,1d12+4,1d8+4,40,17,5,5,1d10+4,1d6+4,8.0,A
8871,40,14,5,5,1d10+4,1d6+4,40,16,7,3,1d12+4,1d6+4,9.0,B
8872,40,18,6,3,1d12+4,1d6+4,40,18,8,3,1d10+4,1d6+4,7.0,B
8873,40,15,7,3,1d12+4,1d8+4,40,14,8,4,1d10+4,1d6+4,9.0,A
8874,40,18,7,5,1d8+4,1d6+4,40,16,5,5,1d10+4,1d6+4,2.0,A
8875,40,14,8,3,1d10+4,1d6+4,40,18,8,4,1d10+4,1d6+4,10.0,A
8876,40,16,7,4,1d8+4,1d8+4,40,14,7,3,1d10+4,1d6+4,1.0,A
8877,40,14,5,4,1d8+4,1d6+4,40,14,8,5,1d8+4,1d8+4,7.0,A
8878,40,16,6,5,1d12+4,1d6+4,40,14,5,5,1d12+4,1d6+4,0.0,B
8879,40,15,6,4,1d8+4,1d8+4,40,17,8,3,1d12+4,1d8+4,5.0,B
8880,40,16,7,5,1d8+4,1d8+4,40,18,5,5,1d12+4,1d8+4,7.0,B
8881,40,18,7,4,1d10+4,1d8+4,40,16,7,3,1d10+4,1d6+4,1.0,A
8882,40,14,7,3,1d10+4,1d8+4,40,15,8,5,1d12+4,1d6+4,6.0,B
8883,40,16,7,3,1d12+4,1d6+4,40,18,5,4,1d8+4,1d8+4,3.0,B
8884,40,17,6,3,1d10+4,1d6+4,40,16,7,4,1d8+4,1d6+4,9.0,A
8885,40,16,5,3,1d8+4,1d8+4,40,16,8,3,1d10+4,1d6+4,6.0,B
8886,40,18,7,5,1d8+4,1d8+4,40,14,5,4,1d8+4,1d6+4,4.0,A
8887,40,14,8,4,1d10+4,1d8+4,40,18,5,5,1d10+4,1d8+4,8.0,A
8888,40,18,6,4,1d8+4,1d8+4,40,16,8,3,1d10+4,1d6+4,6.0,B
8889,40,16,7,4,1d12+4,1d6+4,40,16,8,5,1d10+4,1d8+4,7.0,A
8890,40,15,8,3,1d8+4,1d6+4,40,14,8,3,1d10+4,1d6+4,9.0,B
8891,40,14,6,3,1d10+4,1d6+4,40,18,6,5,1d10+4,1d8+4,5.0,B
8892,40,14,7,5,1d8+4,1d6+4,40,15,8,5,1d10+4,1d8+4,0.0,B
8893,40,18,8,4,1d8+4,1d6+4,40,16,5,3,1d10+4,1d8+4,4.0,B
8894,40,16,6,4,1d10+4,1d8+4,40,18,6,5,1d10+4,1d8+4,10.0,A
8895,40,17,5,5,1d12+4,1d6+4,40,16,8,4,1d8+4,1d6+4,2.0,A
8896,40,17,5,5,1d10+4,1d6+4,40,16,5,3,1d8+4,1d6+4,10.0,A
8897,40,18,6,3,1d12+4,1d8+4,40,15,8,5,1d10+4,1d6+4,10.0,A
8898,40,15,5,5,1d10+4,1d6+4,40,15,5,4,1d10+4,1d8+4,9.0,B
8899,40,17,7,5,1d10+4,1d8+4,40,14,5,5,1d12+4,1d8+4,6.0,A
8900,40,18,7,4,1d12+4,1d6+4,40,15,6,5,1d12+4,1d6+4,7.0,A
8901,40,16,6,5,1d8+4,1d6+4,40,15,6,4,1d10+4,1d6+4,2.0,B
8902,40,16,7,5,1d10+4,1d6+4,40,18,6,3,1d12+4,1d8+4,1.0,B
8903,40,16,8,5,1d8+4,1d8+4,40,16,6,3,1d8+4,1d8+4,2.0,A
8904,40,14,7,3,1d10+4,1d8+4,40,16,6,4,1d8+4,1d8+4,7.0,B
8905,40,18,8,5,1d8+4,1d6+4,40,16,7,4,1d12+4,1d8+4,10.0,A
8906,40,15,6,4,1d10+4,1d8+4,40,17,7,3,1d12+4,1d6+4,8.0,A
8907,40,17,7,3,1d12+4,1d6+4,40,16,8,4,1d10+4,1d6+4,10.0,A
8908,40,14,7,5,1d12+4,1d6+4,40,17,7,3,1d12+4,1d6+4,0.0,B
8909,40,15,5,3,1d12+4,1d6+4,40,16,8,3,1d8+4,1d6+4,0.0,A
8910,40,14,8,4,1d10+4,1d6+4,40,15,8,4,1d8+4,1d6+4,3.0,B
8911,40,15,5,4,1d10+4,1d8+4,40,16,5,5,1d10+4,1d8+4,10.0,A
8912,40,15,7,3,1d12+4,1d8+4,40,14,5,3,1d12+4,1d6+4,1.0,A
8913,40,18,8,4,1d12+4,1d6+4,40,16,5,3,1d10+4,1d8+4,3.0,B
8914,40,16,7,4,1d8+4,1d6+4,40,15,8,4,1d8+4,1d8+4,6.0,A
8915,40,14,8,5,1d10+4,1d8+4,40,17,6,3,1d8+4,1d8+4,0.0,A
8916,40,15,6,3,1d10+4,1d8+4,40,14,8,3,1d12+4,1d6+4,9.0,B
8917,40,15,6,5,1d10+4,1d8+4,40,17,5,5,1d10+4,1d8+4,1.0,B
8918,40,15,5,4,1d10+4,1d8+4,40,15,8,3,1d10+4,1d6+4,5.0,B
8919,40,14,8,5,1d10+4,1d8+4,40,14,6,5,1d10+4,1d6+4,9.0,B
8920,40,18,5,4,1d8+4,1d6+4,40,18,5,5,1d12+4,1d6+4,5.0,A
8921,40,17,7,5,1d12+4,1d8+4,40,16,7,3,1d10+4,1d6+4,8.0,B
8922,40,15,6,4,1d12+4,1d6+4,40,15,7,4,1d12+4,1d8+4,9.0,A
8923,40,15,7,5,1d12+4,1d6+4,40,17,6,5,1d12+4,1d6+4,2.0,B
8924,40,18,5,3,1d8+4,1d6+4,40,18,6,3,1d8+4,1d6+4,7.0,A
8925,40,15,5,4,1d12+4,1d8+4,40,17,8,4,1d10+4,1d8+4,5.0,B
8926,40,15,5,5,1d10+4,1d6+4,40,14,8,5,1d12+4,1d8+4,2.0,B
8927,40,18,7,3,1d8+4,1d6+4,40,15,6,5,1d8+4,1d8+4,4.0,B
8928,40,17,6,4,1d8+4,1d6+4,40,17,8,4,1d10+4,1d8+4,9.0,B
8929,40,15,7,5,1d8+4,1d6+4,40,15,7,5,1d8+4,1d6+4,6.0,B
8930,40,14,6,3,1d8+4,1d6+4,40,14,7,3,1d8+4,1d8+4,7.0,B
8931,40,18,8,4,1d12+4,1d8+4,40,15,7,4,1d12+4,1d8+4,6.0,A
8932,40,16,8,5,1d8+4,1d8+4,40,14,5,4,1d8+4,1d6+4,10.0,A
8933,40,17,8,4,1d8+4,1d8+4,40,14,8,5,1d12+4,1d6+4,2.0,A
8934,40,14,7,3,1d12+4,1d6+4,40,14,7,5,1d12+4,1d6+4,1.0,B
8935,40,17,6,4,1d12+4,1d6+4,40,14,6,5,1d10+4,1d8+4,1.0,A
8936,40,16,8,4,1d8+4,1d6+4,40,16,5,5,1d8+4,1d8+4,5.0,A
8937,40,15,6,5,1d8+4,1d8+4,40,17,7,5,1d8+4,1d6+4,5.0,A
8938,40,14,7,3,1d10+4,1d6+4,40,18,8,5,1d10+4,1d8+4,1.0,B
8939,40,15,5,4,1d12+4,1d8+4,40,17,6,3,1d10+4,1d8+4,4.0,B
8940,40,15,5,5,1d10+4,1d8+4,40,14,5,4,1d10+4,1d8+4,5.0,B
8941,40,16,7,5,1d8+4,1d8+4,40,18,5,5,1d8+4,1d6+4,5.0,B
8942,40,18,5,5,1d8+4,1d6+4,40,17,7,5,1d12+4,1d8+4,0.0,A
8943,40,16,5,3,1d8+4,1d6+4,40,18,8,4,1d10+4,1d8+4,8.0,A
8944,40,15,5,4,1d8+4,1d8+4,40,14,5,5,1d10+4,1d6+4,8.0,B
8945,40,15,6,4,1d10+4,1d8+4,40,14,7,4,1d10+4,1d8+4,10.0,B
8946,40,16,7,4,1d10+4,1d6+4,40,18,7,5,1d10+4,1d8+4,9.0,A
8947,40,15,6,5,1d12+4,1d6+4,40,18,8,4,1d12+4,1d6+4,9.0,B
8948,40,16,5,4,1d8+4,1d8+4,40,15,6,5,1d10+4,1d6+4,3.0,A
8949,40,15,7,5,1d12+4,1d8+4,40,15,7,3,1d8+4,1d6+4,10.0,A
8950,40,14,8,5,1d10+4,1d8+4,40,16,7,3,1d12+4,1d6+4,5.0,B
8951,40,17,5,4,1d12+4,1d8+4,40,14,7,4,1d8+4,1d6+4,6.0,B
8952,40,15,5,5,1d10+4,1d6+4,40,17,8,4,1d10+4,1d8+4,9.0,B
8953,40,15,5,5,1d12+4,1d8+4,40,18,8,5,1d12+4,1d8+4,10.0,B
8954,40,14,8,3,1d8+4,1d8+4,40,14,8,5,1d12+4,1d8+4,9.0,B
8955,40,16,5,4,1d8+4,1d8+4,40,18,5,5,1d10+4,1d6+4,1.0,A
8956,40,14,8,4,1d12+4,1d8+4,40,15,7,5,1d10+4,1d6+4,4.0,A
8957,40,16,8,3,1d12+4,1d6+4,40,15,5,4,1d8+4,1d6+4,7.0,A
8958,40,17,8,4,1d8+4,1d6+4,40,14,7,4,1d12+4,1d6+4,5.0,B
8959,40,18,5,5,1d12+4,1d8+4,40,15,6,4,1d12+4,1d6+4,10.0,A
8960,40,15,8,5,1d12+4,1d6+4,40,17,5,5,1d8+4,1d8+4,3.0,B
8961,40,16,5,3,1d8+4,1d6+4,40,16,5,3,1d8+4,1d8+4,4.0,A
8962,40,17,6,4,1d10+4,1d8+4,40,16,6,3,1d8+4,1d8+4,0.0,B
8963,40,18,6,4,1d12+4,1d6+4,40,14,5,3,1d10+4,1d8+4,10.0,B
8964,40,16,7,3,1d12+4,1d6+4,40,18,7,4,1d12+4,1d6+4,5.0,B
8965,40,14,5,3,1d12+4,1d6+4,40,15,7,5,1d10+4,1d8+4,6.0,B
8966,40,18,5,4,1d8+4,1d6+4,40,17,5,5,1d12+4,1d6+4,10.0,B
8967,40,14,5,5,1d8+4,1d6+4,40,17,7,5,1d10+4,1d8+4,3.0,B
8968,40,16,5,5,1d8+4,1d6+4,40,17,5,3,1d10+4,1d6+4,9.0,B
8969,40,14,7,5,1d8+4,1d8+4,40,14,6,3,1d8+4,1d6+4,4.0,A
8970,40,16,5,5,1d10+4,1d6+4,40,18,5,3,1d8+4,1d8+4,1.0,A
8971,40,16,8,5,1d8+4,1d8+4,40,18,8,4,1d12+4,1d8+4,10.0,B
8972,40,15,6,3,1d12+4,1d6+4,40,15,8,3,1d10+4,1d6+4,3.0,B
8973,40,14,6,3,1d12+4,1d6+4,40,15,8,4,1d8+4,1d6+4,3.0,A
8974,40,14,8,5,1d10+4,1d8+4,40,14,5,4,1d12+4,1d8+4,0.0,A
8975,40,17,8,3,1d10+4,1d8+4,40,17,8,3,1d8+4,1d8+4,2.0,A
8976,40,15,5,5,1d10+4,1d6+4,40,14,7,3,1d10+4,1d8+4,1.0,B
8977,40,17,6,3,1d8+4,1d6+4,40,14,6,5,1d8+4,1d8+4,8.0,A
8978,40,16,6,4,1d8+4,1d8+4,40,18,8,5,1d8+4,1d8+4,10.0,B
8979,40,16,7,4,1d12+4,1d6+4,40,17,8,3,1d12+4,1d8+4,3.0,A
8980,40,14,5,5,1d12+4,1d6+4,40,17,7,4,1d10+4,1d6+4,0.0,A
8981,40,14,7,4,1d8+4,1d8+4,40,17,8,4,1d8+4,1d8+4,6.0,B
8982,40,16,8,3,1d12+4,1d6+4,40,18,8,5,1d10+4,1d6+4,5.0,A
8983,40,16,5,3,1d10+4,1d8+4,40,14,6,3,1d10+4,1d8+4,4.0,A
8984,40,15,6,4,1d8+4,1d8+4,40,15,8,3,1d10+4,1d6+4,3.0,B
8985,40,14,5,5,1d12+4,1d8+4,40,16,5,4,1d8+4,1d6+4,4.0,A
8986,40,16,8,5,1d8+4,1d6+4,40,14,6,4,1d12+4,1d6+4,4.0,A
8987,40,17,7,5,1d12+4,1d6+4,40,17,5,4,1d12+4,1d8+4,10.0,A
8988,40,16,6,3,1d12+4,1d8+4,40,17,6,3,1d10+4,1d6+4,6.0,B
8989,40,18,8,5,1d8+4,1d6+4,40,15,6,3,1d12+4,1d6+4,2.0,A
8990,40,15,6,4,1d8+4,1d8+4,40,18,5,4,1d12+4,1d8+4,6.0,B
8991,40,14,7,4,1d8+4,1d8+4,40,16,5,3,1d10+4,1d8+4,3.0,A
8992,40,18,6,5,1d12+4,1d6+4,40,14,5,3,1d12+4,1d6+4,2.0,A
8993,40,14,5,4,1d8+4,1d8+4,40,16,5,4,1d10+4,1d6+4,3.0,B
8994,40,17,8,5,1d12+4,1d8+4,40,14,6,5,1d8+4,1d6+4,7.0,A
8995,40,16,7,5,1d8+4,1d6+4,40,15,8,5,1d10+4,1d8+4,6.0,B
8996,40,18,6,5,1d10+4,1d6+4,40,15,5,5,1d8+4,1d6+4,4.0,A
8997,40,15,8,5,1d10+4,1d6+4,40,16,6,3,1d10+4,1d6+4,9.0,A
8998,40,16,6,3,1d8+4,1d6+4,40,18,5,3,1d10+4,1d8+4,4.0,B
8999,40,17,8,3,1d8+4,1d8+4,40,14,5,4,1d10+4,1d6+4,6.0,A
9000,40,15,6,3,1d12+4,1d6+4,40,18,6,4,1d8+4,1d8+4,9.0,B
9001,40,15,8,3,1d12+4,1d6+4,40,18,7,5,1d8+4,1d6+4,2.0,A
9002,40,17,5,5,1d12+4,1d8+4,40,17,6,3,1d8+4,1d6+4,10.0,A
9003,40,18,6,3,1d10+4,1d8+4,40,15,6,3,1d10+4,1d6+4,8.0,A
9004,40,15,5,4,1d12+4,1d8+4,40,15,5,4,1d10+4,1d6+4,0.0,A
9005,40,18,8,4,1d8+4,1d6+4,40,14,8,3,1d8+4,1d6+4,1.0,A
9006,40,16,7,4,1d12+4,1d8+4,40,14,5,4,1d8+4,1d8+4,0.0,A
9007,40,15,6,4,1d10+4,1d6+4,40,16,6,5,1d10+4,1d8+4,3.0,A
9008,40,17,6,5,1d12+4,1d8+4,40,14,5,4,1d8+4,1d8+4,3.0,B
9009,40,17,7,4,1d10+4,1d6+4,40,14,8,3,1d8+4,1d6+4,10.0,B
9010,40,15,8,5,1d10+4,1d8+4,40,16,5,4,1d8+4,1d8+4,6.0,A
9011,40,16,7,5,1d12+4,1d8+4,40,17,7,5,1d12+4,1d6+4,2.0,B
9012,40,16,5,3,1d10+4,1d6+4,40,15,8,4,1d10+4,1d6+4,7.0,B
9013,40,18,8,4,1d8+4,1d6+4,40,15,8,3,1d10+4,1d8+4,2.0,A
9014,40,16,7,4,1d12+4,1d6+4,40,16,8,5,1d8+4,1d6+4,10.0,A
9015,40,14,8,3,1d10+4,1d6+4,40,17,8,4,1d10+4,1d8+4,4.0,B
9016,40,17,6,3,1d8+4,1d6+4,40,14,5,4,1d8+4,1d8+4,9.0,A
9017,40,17,8,3,1d12+4,1d6+4,40,15,6,5,1d12+4,1d6+4,10.0,A
9018,40,16,6,5,1d12+4,1d8+4,40,15,6,3,1d8+4,1d8+4,9.0,A
9019,40,18,7,3,1d10+4,1d8+4,40,17,6,4,1d8+4,1d6+4,2.0,A
9020,40,18,5,4,1d8+4,1d6+4,40,15,5,3,1d10+4,1d6+4,7.0,A
9021,40,17,5,3,1d8+4,1d6+4,40,16,8,5,1d8+4,1d6+4,1.0,B
9022,40,18,8,4,1d8+4,1d8+4,40,16,7,5,1d8+4,1d6+4,5.0,A
9023,40,15,6,5,1d10+4,1d8+4,40,15,8,4,1d12+4,1d6+4,8.0,B
9024,40,18,5,3,1d10+4,1d8+4,40,14,8,3,1d12+4,1d6+4,1.0,B
9025,40,16,6,5,1d12+4,1d8+4,40,14,6,4,1d10+4,1d6+4,5.0,A
9026,40,16,6,4,1d12+4,1d8+4,40,17,7,3,1d8+4,1d8+4,0.0,A
9027,40,15,6,4,1d12+4,1d8+4,40,17,6,5,1d10+4,1d8+4,7.0,B
9028,40,15,8,5,1d8+4,1d6+4,40,14,7,5,1d10+4,1d8+4,8.0,B
9029,40,17,7,4,1d8+4,1d6+4,40,14,7,3,1d10+4,1d6+4,3.0,A
9030,40,15,8,5,1d8+4,1d6+4,40,16,8,4,1d12+4,1d8+4,6.0,A
9031,40,17,8,3,1d12+4,1d8+4,40,14,8,5,1d8+4,1d8+4,8.0,A
9032,40,14,5,4,1d10+4,1d6+4,40,14,5,3,1d10+4,1d8+4,2.0,A
9033,40,17,6,4,1d12+4,1d6+4,40,18,7,5,1d12+4,1d6+4,0.0,A
9034,40,15,7,4,1d10+4,1d8+4,40,18,7,3,1d12+4,1d8+4,8.0,A
9035,40,15,6,4,1d10+4,1d6+4,40,18,5,3,1d10+4,1d8+4,1.0,B
9036,40,14,5,5,1d10+4,1d6+4,40,17,8,5,1d8+4,1d8+4,8.0,B
9037,40,16,8,5,1d12+4,1d6+4,40,18,8,5,1d12+4,1d8+4,8.0,A
9038,40,14,7,5,1d8+4,1d6+4,40,18,8,3,1d12+4,1d8+4,0.0,A
9039,40,17,8,4,1d8+4,1d8+4,40,15,7,3,1d8+4,1d8+4,2.0,A
9040,40,18,8,5,1d8+4,1d6+4,40,15,7,3,1d8+4,1d8+4,4.0,A
9041,40,15,6,4,1d10+4,1d8+4,40,17,5,5,1d12+4,1d6+4,8.0,A
9042,40,16,5,5,1d10+4,1d8+4,40,17,7,5,1d12+4,1d8+4,7.0,A
9043,40,17,6,3,1d12+4,1d6+4,40,14,6,5,1d8+4,1d8+4,6.0,A
9044,40,18,8,3,1d12+4,1d6+4,40,15,6,5,1d12+4,1d8+4,1.0,A
9045,40,18,5,5,1d10+4,1d6+4,40,16,8,4,1d10+4,1d6+4,10.0,B
9046,40,15,8,4,1d8+4,1d6+4,40,14,8,4,1d10+4,1d8+4,5.0,A
9047,40,15,8,4,1d8+4,1d8+4,40,18,5,4,1d10+4,1d8+4,10.0,A
9048,40,14,7,3,1d10+4,1d8+4,40,17,8,5,1d10+4,1d8+4,6.0,A
9049,40,18,8,5,1d10+4,1d8+4,40,15,7,5,1d12+4,1d6+4,1.0,A
9050,40,15,5,4,1d8+4,1d6+4,40,14,7,4,1d12+4,1d8+4,3.0,B
9051,40,16,5,3,1d8+4,1d6+4,40,14,5,3,1d8+4,1d8+4,7.0,B
9052,40,16,5,4,1d12+4,1d8+4,40,16,6,3,1d8+4,1d8+4,4.0,A
9053,40,18,7,3,1d8+4,1d8+4,40,18,5,5,1d10+4,1d8+4,9.0,B
9054,40,14,8,5,1d12+4,1d6+4,40,15,6,3,1d8+4,1d8+4,2.0,A
9055,40,18,7,3,1d10+4,1d8+4,40,14,8,4,1d10+4,1d8+4,0.0,A
9056,40,14,7,5,1d10+4,1d6+4,40,15,6,5,1d8+4,1d6+4,10.0,A
9057,40,17,7,3,1d10+4,1d6+4,40,18,5,3,1d10+4,1d6+4,7.0,A
9058,40,14,8,3,1d8+4,1d6+4,40,17,6,5,1d10+4,1d6+4,2.0,B
9059,40,14,7,4,1d10+4,1d6+4,40,18,6,4,1d12+4,1d8+4,1.0,A
9060,40,16,5,5,1d8+4,1d8+4,40,15,6,5,1d8+4,1d8+4,8.0,A
9061,40,16,5,4,1d8+4,1d8+4,40,16,5,5,1d10+4,1d8+4,6.0,A
9062,40,16,8,3,1d10+4,1d8+4,40,18,5,4,1d8+4,1d8+4,7.0,A
9063,40,14,6,3,1d8+4,1d6+4,40,15,8,3,1d10+4,1d8+4,6.0,A
9064,40,17,6,5,1d8+4,1d8+4,40,14,7,5,1d10+4,1d8+4,9.0,B
9065,40,17,6,4,1d12+4,1d8+4,40,16,8,5,1d10+4,1d8+4,7.0,A
9066,40,14,8,3,1d12+4,1d8+4,40,16,5,5,1d10+4,1d6+4,1.0,B
9067,40,16,8,4,1d10+4,1d8+4,40,15,8,3,1d10+4,1d8+4,4.0,A
9068,40,17,8,4,1d8+4,1d8+4,40,16,6,3,1d10+4,1d6+4,9.0,B
9069,40,14,5,3,1d12+4,1d8+4,40,15,8,4,1d8+4,1d8+4,5.0,B
9070,40,14,8,4,1d10+4,1d6+4,40,15,7,5,1d12+4,1d8+4,0.0,A
9071,40,15,7,5,1d12+4,1d6+4,40,15,6,5,1d10+4,1d6+4,6.0,A
9072,40,16,7,5,1d8+4,1d6+4,40,15,6,4,1d12+4,1d8+4,3.0,B
9073,40,14,6,4,1d12+4,1d6+4,40,14,6,5,1d10+4,1d6+4,2.0,B
9074,40,16,6,4,1d10+4,1d8+4,40,16,6,5,1d10+4,1d6+4,10.0,B
9075,40,14,8,4,1d8+4,1d6+4,40,18,7,3,1d8+4,1d6+4,10.0,B
9076,40,18,8,5,1d12+4,1d8+4,40,18,5,3,1d10+4,1d6+4,8.0,A
9077,40,15,8,3,1d10+4,1d6+4,40,16,6,3,1d12+4,1d6+4,3.0,A
9078,40,14,5,3,1d8+4,1d6+4,40,15,7,5,1d12+4,1d8+4,8.0,A
9079,40,18,7,5,1d12+4,1d8+4,40,16,7,4,1d10+4,1d8+4,0.0,A
9080,40,14,8,5,1d10+4,1d8+4,40,16,8,4,1d8+4,1d6+4,9.0,A
9081,40,17,7,3,1d10+4,1d8+4,40,17,6,5,1d12+4,1d8+4,3.0,B
9082,40,14,8,4,1d8+4,1d8+4,40,17,8,5,1d12+4,1d6+4,9.0,B
9083,40,15,5,4,1d8+4,1d6+4,40,17,8,5,1d8+4,1d6+4,3.0,A
9084,40,14,5,4,1d8+4,1d8+4,40,17,6,5,1d8+4,1d8+4,7.0,B
9085,40,18,7,5,1d12+4,1d8+4,40,14,5,3,1d8+4,1d6+4,1.0,A
9086,40,17,7,4,1d10+4,1d8+4,40,15,8,3,1d12+4,1d8+4,9.0,A
9087,40,15,5,3,1d10+4,1d6+4,40,16,6,5,1d8+4,1d8+4,7.0,B
9088,40,16,8,4,1d8+4,1d8+4,40,17,8,3,1d8+4,1d8+4,9.0,B
9089,40,15,5,3,1d12+4,1d8+4,40,17,6,5,1d8+4,1d8+4,5.0,A
9090,40,17,7,4,1d10+4,1d6+4,40,15,8,5,1d12+4,1d6+4,7.0,B
9091,40,14,8,4,1d10+4,1d6+4,40,14,6,4,1d12+4,1d6+4,4.0,A
9092,40,14,8,5,1d12+4,1d8+4,40,17,5,5,1d8+4,1d6+4,9.0,B
9093,40,18,8,4,1d8+4,1d8+4,40,17,6,4,1d10+4,1d8+4,0.0,B
9094,40,16,7,4,1d10+4,1d8+4,40,15,5,3,1d8+4,1d8+4,5.0,A
9095,40,14,5,3,1d12+4,1d8+4,40,14,7,4,1d12+4,1d6+4,4.0,A
9096,40,15,7,3,1d8+4,1d6+4,40,17,7,3,1d8+4,1d8+4,5.0,A
9097,40,18,6,5,1d8+4,1d6+4,40,17,5,5,1d12+4,1d6+4,1.0,B
9098,40,17,6,3,1d12+4,1d6+4,40,17,5,5,1d12+4,1d8+4,9.0,A
9099,40,18,7,4,1d10+4,1d8+4,40,16,8,4,1d8+4,1d6+4,3.0,A
9100,40,14,6,5,1d10+4,1d6+4,40,18,5,4,1d12+4,1d6+4,1.0,A
9101,40,16,6,4,1d8+4,1d8+4,40,16,5,4,1d10+4,1d6+4,3.0,B
9102,40,15,6,5,1d8+4,1d8+4,40,17,7,3,1d8+4,1d6+4,6.0,B
9103,40,17,6,4,1d10+4,1d6+4,40,17,6,4,1d10+4,1d8+4,10.0,A
9104,40,15,8,3,1d12+4,1d8+4,40,15,6,5,1d12+4,1d8+4,9.0,A
9105,40,17,5,3,1d8+4,1d6+4,40,18,7,4,1d8+4,1d8+4,9.0,A
9106,40,14,6,4,1d12+4,1d8+4,40,15,6,3,1d10+4,1d8+4,8.0,B
9107,40,14,6,4,1d8+4,1d6+4,40,15,8,4,1d8+4,1d8+4,1.0,A
9108,40,16,8,4,1d10+4,1d8+4,40,14,5,4,1d12+4,1d6+4,3.0,A
9109,40,15,7,5,1d12+4,1d6+4,40,15,6,3,1d8+4,1d6+4,2.0,A
9110,40,18,8,4,1d10+4,1d6+4,40,14,8,4,1d12+4,1d6+4,4.0,A
9111,40,15,7,5,1d12+4,1d6+4,40,15,7,3,1d10+4,1d8+4,0.0,A
9112,40,17,8,4,1d8+4,1d8+4,40,15,6,3,1d8+4,1d8+4,0.0,A
9113,40,18,5,5,1d12+4,1d6+4,40,14,8,5,1d12+4,1d8+4,9.0,A
9114,40,15,5,3,1d10+4,1d8+4,40,18,8,5,1d8+4,1d6+4,0.0,B
9115,40,15,5,3,1d10+4,1d8+4,40,18,7,3,1d12+4,1d8+4,4.0,B
9116,40,15,7,3,1d8+4,1d8+4,40,16,8,5,1d12+4,1d6+4,5.0,B
9117,40,18,7,4,1d12+4,1d6+4,40,16,7,4,1d10+4,1d8+4,10.0,A
9118,40,16,7,3,1d10+4,1d6+4,40,14,8,5,1d8+4,1d8+4,6.0,A
9119,40,15,6,3,1d12+4,1d8+4,40,16,5,5,1d8+4,1d6+4,0.0,B
9120,40,17,6,3,1d12+4,1d6+4,40,16,8,3,1d12+4,1d6+4,6.0,B
9121,40,15,7,5,1d12+4,1d6+4,40,17,8,3,1d8+4,1d8+4,2.0,B
9122,40,18,8,3,1d12+4,1d6+4,40,18,8,3,1d8+4,1d6+4,4.0,B
9123,40,14,5,3,1d8+4,1d8+4,40,17,5,4,1d12+4,1d8+4,5.0,B
9124,40,16,5,3,1d12+4,1d6+4,40,14,8,3,1d12+4,1d6+4,1.0,B
9125,40,17,5,5,1d8+4,1d8+4,40,14,7,3,1d8+4,1d8+4,3.0,A
9126,40,18,8,5,1d10+4,1d8+4,40,17,5,4,1d12+4,1d6+4,8.0,B
9127,40,15,8,5,1d8+4,1d8+4,40,14,5,5,1d10+4,1d6+4,1.0,B
9128,40,18,8,3,1d8+4,1d6+4,40,15,5,4,1d8+4,1d6+4,2.0,A
9129,40,14,7,4,1d10+4,1d8+4,40,16,7,5,1d8+4,1d8+4,9.0,B
9130,40,18,8,5,1d12+4,1d8+4,40,14,5,3,1d8+4,1d6+4,2.0,A
9131,40,16,8,4,1d12+4,1d8+4,40,15,5,3,1d10+4,1d8+4,0.0,A
9132,40,16,8,4,1d10+4,1d6+4,40,18,8,3,1d10+4,1d8+4,1.0,A
9133,40,17,8,4,1d10+4,1d8+4,40,14,5,3,1d10+4,1d8+4,5.0,A
9134,40,18,6,3,1d8+4,1d8+4,40,14,6,3,1d10+4,1d8+4,3.0,A
9135,40,16,8,3,1d8+4,1d8+4,40,18,6,3,1d12+4,1d6+4,0.0,B
9136,40,15,8,5,1d8+4,1d8+4,40,14,8,4,1d12+4,1d6+4,8.0,B
9137,40,14,6,3,1d12+4,1d6+4,40,17,5,5,1d10+4,1d6+4,1.0,A
9138,40,16,5,5,1d10+4,1d8+4,40,14,7,4,1d8+4,1d8+4,10.0,A
9139,40,17,5,5,1d10+4,1d6+4,40,17,7,3,1d10+4,1d6+4,0.0,B
9140,40,15,5,4,1d12+4,1d8+4,40,15,6,3,1d10+4,1d8+4,5.0,B
9141,40,17,5,4,1d12+4,1d6+4,40,14,8,5,1d8+4,1d8+4,0.0,B
9142,40,18,5,4,1d8+4,1d8+4,40,14,5,3,1d8+4,1d6+4,3.0,B
9143,40,16,7,5,1d10+4,1d8+4,40,18,6,5,1d12+4,1d6+4,8.0,A
9144,40,17,8,3,1d12+4,1d6+4,40,17,6,5,1d12+4,1d6+4,0.0,A
9145,40,18,7,4,1d10+4,1d8+4,40,17,7,4,1d12+4,1d6+4,10.0,A
9146,40,18,6,5,1d8+4,1d8+4,40,16,5,5,1d10+4,1d8+4,1.0,A
9147,40,18,8,5,1d8+4,1d8+4,40,17,5,3,1d12+4,1d6+4,4.0,A
9148,40,17,7,4,1d8+4,1d8+4,40,18,7,3,1d10+4,1d6+4,1.0,B
9149,40,15,8,3,1d10+4,1d8+4,40,15,8,3,1d10+4,1d6+4,10.0,B
9150,40,17,8,3,1d12+4,1d8+4,40,15,8,5,1d12+4,1d6+4,1.0,A
9151,40,18,6,4,1d12+4,1d6+4,40,17,7,4,1d12+4,1d6+4,9.0,A
9152,40,16,5,4,1d10+4,1d8+4,40,15,8,5,1d10+4,1d6+4,7.0,A
9153,40,14,8,3,1d8+4,1d6+4,40,15,8,3,1d10+4,1d8+4,10.0,B
9154,40,16,7,5,1d8+4,1d8+4,40,14,5,3,1d12+4,1d6+4,3.0,B
9155,40,15,5,5,1d10+4,1d8+4,40,15,6,4,1d12+4,1d6+4,5.0,B
9156,40,14,5,5,1d12+4,1d8+4,40,15,5,3,1d8+4,1d8+4,3.0,B
9157,40,15,7,5,1d8+4,1d6+4,40,17,8,4,1d10+4,1d8+4,3.0,A
9158,40,15,5,5,1d10+4,1d8+4,40,17,7,3,1d12+4,1d8+4,4.0,B
9159,40,16,5,3,1d12+4,1d8+4,40,14,8,5,1d8+4,1d6+4,1.0,A
9160,40,18,8,5,1d10+4,1d6+4,40,18,6,5,1d8+4,1d8+4,0.0,A
9161,40,16,5,5,1d10+4,1d6+4,40,16,7,3,1d8+4,1d8+4,6.0,A
9162,40,15,7,3,1d10+4,1d8+4,40,14,8,4,1d8+4,1d8+4,0.0,A
9163,40,14,7,3,1d8+4,1d6+4,40,15,7,3,1d12+4,1d6+4,0.0,B
9164,40,16,6,3,1d12+4,1d8+4,40,18,7,3,1d12+4,1d8+4,2.0,B
9165,40,17,5,4,1d10+4,1d6+4,40,16,6,4,1d8+4,1d8+4,9.0,A
9166,40,18,6,3,1d12+4,1d6+4,40,16,8,4,1d10+4,1d6+4,3.0,A
9167,40,17,6,3,1d12+4,1d8+4,40,16,8,3,1d12+4,1d8+4,4.0,B
9168,40,17,8,5,1d8+4,1d6+4,40,14,6,4,1d12+4,1d8+4,6.0,A
9169,40,14,6,3,1d8+4,1d6+4,40,15,8,3,1d10+4,1d6+4,3.0,B
9170,40,17,7,3,1d10+4,1d6+4,40,14,6,4,1d10+4,1d6+4,3.0,A
9171,40,16,5,3,1d10+4,1d8+4,40,17,7,5,1d12+4,1d8+4,10.0,B
9172,40,14,6,5,1d10+4,1d6+4,40,15,8,3,1d10+4,1d8+4,4.0,B
9173,40,14,8,4,1d12+4,1d6+4,40,16,7,3,1d12+4,1d6+4,1.0,B
9174,40,18,7,3,1d8+4,1d8+4,40,14,6,5,1d12+4,1d6+4,9.0,B
9175,40,17,7,3,1d8+4,1d8+4,40,15,5,3,1d10+4,1d6+4,2.0,B
9176,40,16,8,4,1d12+4,1d8+4,40,17,6,4,1d10+4,1d6+4,3.0,B
9177,40,16,8,3,1d10+4,1d8+4,40,14,6,4,1d10+4,1d8+4,2.0,B
9178,40,17,7,4,1d12+4,1d8+4,40,18,8,4,1d10+4,1d6+4,0.0,A
9179,40,18,5,3,1d8+4,1d6+4,40,14,8,4,1d8+4,1d6+4,5.0,A
9180,40,17,7,4,1d10+4,1d8+4,40,18,6,5,1d8+4,1d8+4,10.0,B
9181,40,18,6,5,1d10+4,1d6+4,40,14,8,3,1d12+4,1d8+4,5.0,B
9182,40,15,8,5,1d12+4,1d8+4,40,16,7,3,1d12+4,1d6+4,8.0,B
9183,40,15,8,4,1d12+4,1d6+4,40,16,6,3,1d12+4,1d6+4,5.0,B
9184,40,16,7,5,1d8+4,1d8+4,40,16,7,3,1d10+4,1d6+4,3.0,B
9185,40,18,8,3,1d8+4,1d8+4,40,14,5,4,1d8+4,1d6+4,3.0,A
9186,40,15,6,3,1d12+4,1d8+4,40,14,6,4,1d8+4,1d6+4,4.0,A
9187,40,15,7,5,1d10+4,1d6+4,40,15,6,5,1d10+4,1d8+4,5.0,B
9188,40,14,5,3,1d12+4,1d6+4,40,16,7,3,1d12+4,1d8+4,10.0,B
9189,40,16,7,5,1d12+4,1d6+4,40,15,8,5,1d10+4,1d6+4,4.0,B
9190,40,17,6,3,1d8+4,1d6+4,40,15,5,4,1d12+4,1d8+4,6.0,A
9191,40,15,6,3,1d12+4,1d6+4,40,15,6,4,1d8+4,1d8+4,9.0,A
9192,40,15,8,3,1d10+4,1d6+4,40,14,8,5,1d10+4,1d8+4,9.0,A
9193,40,18,6,4,1d8+4,1d6+4,40,18,6,4,1d12+4,1d8+4,3.0,A
9194,40,15,7,4,1d12+4,1d8+4,40,16,5,5,1d12+4,1d8+4,10.0,B
9195,40,14,7,5,1d8+4,1d8+4,40,15,8,4,1d8+4,1d8+4,8.0,A
9196,40,15,8,3,1d12+4,1d6+4,40,14,8,5,1d8+4,1d6+4,8.0,A
9197,40,17,8,5,1d12+4,1d8+4,40,14,5,4,1d8+4,1d8+4,8.0,A
9198,40,15,8,5,1d10+4,1d8+4,40,16,8,4,1d12+4,1d8+4,10.0,B
9199,40,15,5,3,1d8+4,1d6+4,40,15,7,5,1d8+4,1d6+4,8.0,A
9200,40,17,7,3,1d8+4,1d6+4,40,17,7,4,1d8+4,1d6+4,9.0,A
9201,40,16,5,5,1d8+4,1d8+4,40,18,8,4,1d10+4,1d6+4,0.0,B
9202,40,14,7,4,1d10+4,1d6+4,40,15,8,4,1d8+4,1d6+4,9.0,A
9203,40,16,6,3,1d12+4,1d6+4,40,18,6,3,1d8+4,1d8+4,4.0,B
9204,40,17,8,3,1d8+4,1d6+4,40,17,7,4,1d10+4,1d8+4,0.0,A
9205,40,15,5,5,1d10+4,1d8+4,40,14,7,3,1d10+4,1d6+4,6.0,B
9206,40,15,7,3,1d8+4,1d8+4,40,16,5,3,1d12+4,1d6+4,2.0,A
9207,40,17,5,3,1d8+4,1d8+4,40,18,8,3,1d8+4,1d8+4,7.0,B
9208,40,16,5,5,1d8+4,1d6+4,40,17,8,5,1d10+4,1d8+4,2.0,A
9209,40,16,6,5,1d12+4,1d6+4,40,15,6,3,1d8+4,1d8+4,4.0,B
9210,40,17,6,3,1d12+4,1d8+4,40,16,6,4,1d8+4,1d6+4,6.0,A
9211,40,18,6,5,1d8+4,1d8+4,40,16,8,4,1d12+4,1d6+4,7.0,A
9212,40,18,8,4,1d8+4,1d8+4,40,15,8,3,1d8+4,1d8+4,4.0,A
9213,40,18,8,4,1d10+4,1d6+4,40,14,6,4,1d10+4,1d8+4,4.0,A
9214,40,14,5,4,1d8+4,1d6+4,40,15,6,5,1d10+4,1d6+4,0.0,A
9215,40,15,7,3,1d8+4,1d6+4,40,16,6,5,1d8+4,1d6+4,10.0,B
9216,40,14,7,5,1d8+4,1d8+4,40,16,8,5,1d12+4,1d6+4,8.0,B
9217,40,16,6,4,1d12+4,1d6+4,40,16,7,5,1d10+4,1d6+4,2.0,A
9218,40,14,5,5,1d10+4,1d8+4,40,18,5,4,1d8+4,1d8+4,8.0,B
9219,40,16,6,3,1d10+4,1d8+4,40,15,8,4,1d12+4,1d8+4,5.0,A
9220,40,14,8,3,1d12+4,1d8+4,40,15,5,3,1d12+4,1d6+4,6.0,A
9221,40,14,8,3,1d12+4,1d8+4,40,14,8,3,1d8+4,1d8+4,5.0,A
9222,40,14,7,5,1d12+4,1d8+4,40,14,8,4,1d10+4,1d6+4,8.0,A
9223,40,15,8,5,1d12+4,1d6+4,40,15,7,3,1d12+4,1d8+4,3.0,A
9224,40,15,5,3,1d12+4,1d6+4,40,15,7,5,1d8+4,1d8+4,1.0,B
9225,40,15,8,5,1d12+4,1d6+4,40,15,8,4,1d12+4,1d8+4,10.0,B
9226,40,16,8,5,1d10+4,1d8+4,40,14,8,5,1d8+4,1d6+4,9.0,A
9227,40,17,8,4,1d8+4,1d6+4,40,16,6,4,1d8+4,1d6+4,7.0,A
9228,40,16,6,5,1d8+4,1d8+4,40,16,7,4,1d12+4,1d8+4,5.0,B
9229,40,18,8,3,1d8+4,1d8+4,40,16,6,4,1d8+4,1d6+4,1.0,A
9230,40,18,5,5,1d8+4,1d8+4,40,14,5,4,1d8+4,1d6+4,10.0,A
9231,40,14,8,5,1d12+4,1d8+4,40,17,5,3,1d12+4,1d8+4,2.0,B
9232,40,14,6,4,1d8+4,1d8+4,40,18,6,4,1d10+4,1d6+4,8.0,A
9233,40,16,6,5,1d10+4,1d8+4,40,18,8,4,1d12+4,1d6+4,6.0,B
9234,40,18,5,4,1d10+4,1d6+4,40,16,7,4,1d12+4,1d6+4,9.0,A
9235,40,14,8,4,1d10+4,1d8+4,40,18,8,5,1d10+4,1d6+4,9.0,A
9236,40,14,6,5,1d12+4,1d6+4,40,14,8,3,1d10+4,1d8+4,7.0,A
9237,40,17,8,3,1d8+4,1d6+4,40,14,5,5,1d8+4,1d6+4,8.0,A
9238,40,18,8,4,1d12+4,1d6+4,40,14,7,5,1d8+4,1d6+4,0.0,A
9239,40,16,8,3,1d8+4,1d8+4,40,15,8,3,1d8+4,1d6+4,10.0,A
9240,40,18,7,5,1d8+4,1d8+4,40,14,5,4,1d12+4,1d6+4,5.0,A
9241,40,16,8,3,1d8+4,1d6+4,40,18,7,3,1d8+4,1d6+4,8.0,B
9242,40,14,6,5,1d12+4,1d8+4,40,18,7,3,1d10+4,1d8+4,0.0,B
9243,40,17,7,4,1d12+4,1d8+4,40,14,7,3,1d10+4,1d6+4,5.0,B
9244,40,14,8,3,1d12+4,1d8+4,40,18,8,4,1d8+4,1d8+4,0.0,B
9245,40,15,5,3,1d8+4,1d6+4,40,16,5,3,1d8+4,1d8+4,0.0,A
9246,40,16,6,5,1d12+4,1d8+4,40,18,7,3,1d10+4,1d6+4,4.0,B
9247,40,16,7,3,1d12+4,1d8+4,40,14,6,4,1d12+4,1d8+4,7.0,A
9248,40,15,7,4,1d8+4,1d8+4,40,15,7,3,1d10+4,1d6+4,2.0,B
9249,40,16,7,5,1d8+4,1d6+4,40,14,5,4,1d10+4,1d6+4,2.0,A
9250,40,18,8,3,1d8+4,1d8+4,40,18,5,5,1d10+4,1d6+4,3.0,B
9251,40,16,6,5,1d8+4,1d6+4,40,18,7,4,1d10+4,1d8+4,5.0,B
9252,40,16,7,5,1d10+4,1d6+4,40,16,8,4,1d12+4,1d6+4,10.0,B
9253,40,18,7,5,1d8+4,1d8+4,40,14,8,4,1d8+4,1d6+4,1.0,A
9254,40,17,5,4,1d10+4,1d6+4,40,14,7,4,1d10+4,1d8+4,7.0,A
9255,40,14,6,3,1d10+4,1d8+4,40,14,8,4,1d8+4,1d6+4,5.0,B
9256,40,16,6,4,1d8+4,1d8+4,40,14,7,4,1d10+4,1d8+4,10.0,B
9257,40,18,5,4,1d10+4,1d8+4,40,16,7,3,1d8+4,1d6+4,6.0,A
9258,40,14,8,3,1d12+4,1d6+4,40,15,8,5,1d10+4,1d6+4,0.0,A
9259,40,17,6,4,1d8+4,1d8+4,40,15,7,3,1d12+4,1d8+4,10.0,A
9260,40,14,7,5,1d12+4,1d6+4,40,16,5,3,1d8+4,1d6+4,8.0,B
9261,40,14,7,4,1d10+4,1d8+4,40,18,5,4,1d8+4,1d6+4,7.0,B
9262,40,17,8,3,1d10+4,1d6+4,40,17,7,5,1d12+4,1d6+4,2.0,B
9263,40,18,5,4,1d8+4,1d8+4,40,17,7,4,1d8+4,1d8+4,2.0,A
9264,40,18,7,3,1d12+4,1d8+4,40,18,5,3,1d8+4,1d6+4,6.0,B
9265,40,16,6,5,1d8+4,1d8+4,40,16,5,3,1d8+4,1d8+4,4.0,A
9266,40,17,8,5,1d8+4,1d6+4,40,17,8,5,1d8+4,1d6+4,10.0,A
9267,40,14,8,5,1d10+4,1d8+4,40,17,8,3,1d12+4,1d6+4,2.0,B
9268,40,14,8,5,1d10+4,1d8+4,40,16,8,3,1d8+4,1d8+4,0.0,B
9269,40,15,7,4,1d8+4,1d8+4,40,16,5,4,1d12+4,1d6+4,8.0,A
9270,40,18,7,4,1d10+4,1d8+4,40,15,6,5,1d12+4,1d6+4,5.0,B
9271,40,17,6,3,1d12+4,1d6+4,40,16,6,3,1d12+4,1d6+4,6.0,B
9272,40,16,8,3,1d10+4,1d6+4,40,18,5,3,1d10+4,1d8+4,9.0,B
9273,40,16,5,5,1d12+4,1d6+4,40,16,7,4,1d8+4,1d8+4,2.0,A
9274,40,16,5,3,1d12+4,1d8+4,40,16,6,3,1d10+4,1d6+4,4.0,A
9275,40,17,5,3,1d8+4,1d8+4,40,15,6,4,1d12+4,1d6+4,4.0,B
9276,40,18,6,4,1d8+4,1d8+4,40,18,5,3,1d10+4,1d6+4,9.0,B
9277,40,18,6,5,1d10+4,1d6+4,40,15,5,5,1d12+4,1d6+4,8.0,A
9278,40,14,7,4,1d8+4,1d8+4,40,17,6,3,1d10+4,1d8+4,6.0,B
9279,40,14,5,4,1d8+4,1d6+4,40,18,8,4,1d12+4,1d8+4,8.0,A
9280,40,15,6,4,1d10+4,1d6+4,40,16,7,4,1d10+4,1d8+4,0.0,A
9281,40,17,8,3,1d12+4,1d8+4,40,15,5,5,1d10+4,1d6+4,8.0,A
9282,40,16,7,5,1d10+4,1d8+4,40,18,5,3,1d12+4,1d8+4,5.0,B
9283,40,17,5,3,1d10+4,1d6+4,40,14,5,3,1d8+4,1d8+4,10.0,B
9284,40,17,8,3,1d8+4,1d6+4,40,17,7,5,1d10+4,1d6+4,8.0,B
9285,40,16,8,5,1d12+4,1d6+4,40,17,5,3,1d8+4,1d8+4,7.0,A
9286,40,18,7,5,1d10+4,1d6+4,40,14,8,3,1d8+4,1d8+4,8.0,B
9287,40,18,8,5,1d10+4,1d6+4,40,16,7,5,1d8+4,1d8+4,6.0,B
9288,40,15,5,5,1d8+4,1d8+4,40,18,6,5,1d10+4,1d6+4,3.0,B
9289,40,17,5,4,1d12+4,1d8+4,40,17,8,3,1d10+4,1d8+4,1.0,B
9290,40,16,6,4,1d12+4,1d8+4,40,17,6,3,1d12+4,1d8+4,9.0,B
9291,40,17,8,3,1d12+4,1d6+4,40,17,6,4,1d8+4,1d6+4,7.0,A
9292,40,18,6,4,1d8+4,1d8+4,40,17,5,3,1d10+4,1d8+4,0.0,B
9293,40,18,5,5,1d10+4,1d6+4,40,15,8,5,1d10+4,1d8+4,5.0,A
9294,40,16,7,5,1d12+4,1d8+4,40,18,6,4,1d8+4,1d6+4,0.0,B
9295,40,17,7,5,1d8+4,1d6+4,40,16,5,3,1d8+4,1d8+4,7.0,A
9296,40,16,5,3,1d8+4,1d6+4,40,17,6,5,1d12+4,1d6+4,1.0,A
9297,40,16,6,3,1d12+4,1d8+4,40,16,5,5,1d8+4,1d8+4,4.0,A
9298,40,15,5,3,1d12+4,1d8+4,40,17,7,3,1d10+4,1d8+4,8.0,B
9299,40,14,5,5,1d10+4,1d6+4,40,16,6,5,1d12+4,1d6+4,1.0,B
9300,40,14,5,4,1d10+4,1d8+4,40,18,7,3,1d12+4,1d6+4,7.0,A
9301,40,17,8,3,1d12+4,1d8+4,40,17,6,3,1d12+4,1d6+4,3.0,A
9302,40,15,7,3,1d8+4,1d8+4,40,14,7,4,1d10+4,1d6+4,2.0,B
9303,40,15,8,4,1d10+4,1d8+4,40,16,5,3,1d8+4,1d8+4,10.0,B
9304,40,15,5,3,1d12+4,1d8+4,40,17,5,4,1d10+4,1d6+4,2.0,B
9305,40,18,5,4,1d12+4,1d8+4,40,18,6,3,1d12+4,1d8+4,1.0,A
9306,40,15,6,4,1d12+4,1d8+4,40,18,6,3,1d12+4,1d8+4,4.0,B
9307,40,16,6,4,1d10+4,1d6+4,40,18,6,4,1d10+4,1d8+4,1.0,A
9308,40,14,7,3,1d10+4,1d6+4,40,15,6,4,1d12+4,1d8+4,8.0,A
9309,40,16,6,5,1d10+4,1d8+4,40,17,5,3,1d10+4,1d8+4,1.0,B
9310,40,15,5,4,1d10+4,1d6+4,40,18,5,4,1d12+4,1d8+4,3.0,A
9311,40,16,8,5,1d8+4,1d8+4,40,14,6,3,1d10+4,1d6+4,5.0,B
9312,40,15,8,5,1d8+4,1d6+4,40,14,6,4,1d10+4,1d8+4,10.0,A
9313,40,18,7,4,1d10+4,1d8+4,40,15,8,5,1d10+4,1d8+4,7.0,B
9314,40,16,8,3,1d8+4,1d8+4,40,17,5,5,1d12+4,1d8+4,6.0,A
9315,40,17,8,5,1d12+4,1d8+4,40,18,6,4,1d8+4,1d8+4,5.0,B
9316,40,17,8,3,1d10+4,1d8+4,40,18,5,4,1d12+4,1d6+4,7.0,A
9317,40,14,8,3,1d10+4,1d8+4,40,15,8,4,1d8+4,1d6+4,10.0,B
9318,40,17,7,3,1d8+4,1d8+4,40,14,5,4,1d12+4,1d6+4,4.0,B
9319,40,14,8,4,1d10+4,1d6+4,40,15,5,5,1d10+4,1d6+4,7.0,B
9320,40,18,5,5,1d10+4,1d8+4,40,15,6,5,1d8+4,1d6+4,1.0,A
9321,40,17,7,4,1d8+4,1d6+4,40,16,7,5,1d10+4,1d8+4,4.0,B
9322,40,16,5,4,1d12+4,1d6+4,40,15,8,4,1d10+4,1d8+4,0.0,A
9323,40,15,6,4,1d10+4,1d8+4,40,15,8,4,1d10+4,1d6+4,8.0,B
9324,40,15,5,5,1d12+4,1d6+4,40,15,6,3,1d10+4,1d6+4,1.0,A
9325,40,14,8,3,1d10+4,1d6+4,40,15,7,4,1d8+4,1d6+4,5.0,A
9326,40,17,5,4,1d12+4,1d6+4,40,18,8,4,1d8+4,1d6+4,1.0,B
9327,40,18,5,5,1d8+4,1d6+4,40,16,8,3,1d8+4,1d6+4,1.0,B
9328,40,16,8,5,1d12+4,1d8+4,40,17,7,5,1d8+4,1d6+4,7.0,B
9329,40,18,7,4,1d10+4,1d8+4,40,17,8,4,1d8+4,1d6+4,7.0,B
9330,40,18,6,5,1d10+4,1d6+4,40,15,7,4,1d10+4,1d8+4,9.0,A
9331,40,14,5,3,1d10+4,1d6+4,40,14,6,4,1d8+4,1d8+4,9.0,B
9332,40,14,7,4,1d12+4,1d8+4,40,15,5,5,1d12+4,1d8+4,5.0,A
9333,40,17,8,5,1d8+4,1d6+4,40,14,5,4,1d10+4,1d6+4,2.0,A
9334,40,17,7,5,1d8+4,1d6+4,40,16,8,4,1d8+4,1d8+4,7.0,A
9335,40,14,7,5,1d12+4,1d6+4,40,17,7,4,1d12+4,1d8+4,1.0,A
9336,40,18,6,3,1d10+4,1d8+4,40,15,8,5,1d12+4,1d6+4,9.0,B
9337,40,14,7,5,1d12+4,1d8+4,40,18,5,3,1d10+4,1d6+4,7.0,A
9338,40,17,7,4,1d10+4,1d8+4,40,16,6,3,1d12+4,1d6+4,2.0,B
9339,40,16,5,3,1d8+4,1d8+4,40,15,7,3,1d8+4,1d6+4,0.0,A
9340,40,18,5,3,1d10+4,1d8+4,40,17,7,5,1d8+4,1d8+4,3.0,B
9341,40,15,8,5,1d10+4,1d8+4,40,14,5,5,1d10+4,1d8+4,10.0,A
9342,40,16,5,4,1d8+4,1d8+4,40,14,8,4,1d8+4,1d8+4,8.0,B
9343,40,16,7,3,1d8+4,1d6+4,40,17,6,3,1d12+4,1d6+4,5.0,B
9344,40,18,7,3,1d10+4,1d8+4,40,15,5,5,1d10+4,1d6+4,10.0,B
9345,40,15,8,5,1d12+4,1d8+4,40,17,6,3,1d8+4,1d6+4,7.0,A
9346,40,18,7,3,1d10+4,1d6+4,40,14,6,3,1d12+4,1d6+4,9.0,A
9347,40,15,5,5,1d12+4,1d6+4,40,16,7,5,1d8+4,1d8+4,9.0,B
9348,40,18,6,5,1d8+4,1d6+4,40,18,6,5,1d10+4,1d6+4,8.0,B
9349,40,16,7,5,1d10+4,1d6+4,40,14,6,5,1d10+4,1d6+4,9.0,A
9350,40,15,7,5,1d10+4,1d6+4,40,16,6,5,1d10+4,1d8+4,0.0,B
9351,40,16,7,5,1d12+4,1d6+4,40,16,5,5,1d8+4,1d6+4,1.0,A
9352,40,16,5,5,1d12+4,1d8+4,40,14,5,3,1d12+4,1d6+4,10.0,A
9353,40,14,6,5,1d12+4,1d6+4,40,18,7,4,1d8+4,1d6+4,1.0,B
9354,40,17,7,5,1d10+4,1d6+4,40,14,5,4,1d10+4,1d6+4,2.0,A
9355,40,18,6,4,1d12+4,1d6+4,40,17,8,4,1d10+4,1d8+4,1.0,B
9356,40,14,5,3,1d12+4,1d6+4,40,18,7,4,1d10+4,1d8+4,3.0,B
9357,40,15,8,5,1d12+4,1d8+4,40,16,7,5,1d8+4,1d8+4,2.0,B
9358,40,15,6,4,1d8+4,1d8+4,40,18,6,5,1d10+4,1d8+4,6.0,B
9359,40,16,8,4,1d12+4,1d6+4,40,15,6,4,1d10+4,1d8+4,8.0,A
9360,40,16,7,4,1d10+4,1d8+4,40,15,7,5,1d10+4,1d8+4,2.0,A
9361,40,14,7,5,1d8+4,1d6+4,40,14,7,5,1d12+4,1d8+4,2.0,B
9362,40,15,5,4,1d8+4,1d8+4,40,17,8,4,1d10+4,1d8+4,1.0,B
9363,40,17,7,3,1d12+4,1d8+4,40,17,5,3,1d10+4,1d8+4,0.0,A
9364,40,17,5,4,1d10+4,1d6+4,40,15,8,3,1d8+4,1d6+4,5.0,B
9365,40,16,6,5,1d10+4,1d6+4,40,18,7,3,1d8+4,1d8+4,10.0,B
9366,40,17,8,5,1d8+4,1d8+4,40,18,6,4,1d12+4,1d8+4,2.0,A
9367,40,18,8,4,1d12+4,1d8+4,40,16,7,4,1d8+4,1d8+4,8.0,A
9368,40,17,5,3,1d8+4,1d8+4,40,15,7,5,1d10+4,1d6+4,2.0,B
9369,40,18,5,5,1d12+4,1d8+4,40,16,7,5,1d10+4,1d8+4,5.0,A
9370,40,15,8,3,1d10+4,1d6+4,40,17,6,3,1d10+4,1d6+4,7.0,B
9371,40,18,7,4,1d12+4,1d6+4,40,18,6,3,1d8+4,1d6+4,9.0,A
9372,40,16,7,5,1d10+4,1d8+4,40,17,7,5,1d12+4,1d8+4,2.0,B
9373,40,17,5,4,1d12+4,1d8+4,40,16,6,4,1d10+4,1d8+4,1.0,A
9374,40,17,5,4,1d8+4,1d6+4,40,18,7,4,1d8+4,1d6+4,8.0,A
9375,40,18,5,4,1d10+4,1d6+4,40,15,8,4,1d12+4,1d8+4,1.0,B
9376,40,18,5,4,1d12+4,1d8+4,40,17,5,4,1d10+4,1d6+4,1.0,A
9377,40,18,5,4,1d8+4,1d6+4,40,14,7,3,1d12+4,1d8+4,2.0,A
9378,40,16,5,4,1d10+4,1d8+4,40,18,5,3,1d8+4,1d8+4,7.0,A
9379,40,17,5,4,1d10+4,1d6+4,40,14,7,3,1d12+4,1d8+4,5.0,B
9380,40,16,7,5,1d10+4,1d8+4,40,15,6,3,1d12+4,1d8+4,1.0,B
9381,40,16,7,4,1d10+4,1d8+4,40,15,8,5,1d12+4,1d6+4,1.0,A
9382,40,18,7,5,1d8+4,1d8+4,40,15,5,3,1d8+4,1d8+4,7.0,A
9383,40,16,5,5,1d10+4,1d8+4,40,14,6,4,1d12+4,1d6+4,4.0,A
9384,40,18,7,3,1d10+4,1d8+4,40,16,8,5,1d12+4,1d8+4,5.0,A
9385,40,18,7,3,1d10+4,1d8+4,40,14,7,4,1d8+4,1d6+4,5.0,B
9386,40,16,7,3,1d8+4,1d8+4,40,17,6,3,1d10+4,1d6+4,7.0,A
9387,40,15,8,3,1d10+4,1d8+4,40,16,5,5,1d10+4,1d8+4,10.0,B
9388,40,16,8,4,1d12+4,1d6+4,40,16,7,4,1d12+4,1d6+4,3.0,A
9389,40,15,7,4,1d10+4,1d6+4,40,18,5,3,1d10+4,1d8+4,7.0,A
9390,40,18,6,3,1d12+4,1d8+4,40,16,8,4,1d8+4,1d8+4,9.0,A
9391,40,15,6,3,1d10+4,1d6+4,40,18,6,5,1d12+4,1d8+4,0.0,B
9392,40,17,8,5,1d12+4,1d6+4,40,16,5,4,1d10+4,1d8+4,2.0,A
9393,40,15,5,3,1d12+4,1d8+4,40,15,7,3,1d10+4,1d8+4,8.0,A
9394,40,18,6,3,1d8+4,1d6+4,40,14,8,5,1d10+4,1d8+4,10.0,B
9395,40,16,7,5,1d10+4,1d6+4,40,15,8,4,1d8+4,1d6+4,8.0,B
9396,40,14,5,3,1d8+4,1d8+4,40,16,5,5,1d12+4,1d8+4,5.0,A
9397,40,14,7,4,1d12+4,1d6+4,40,16,7,5,1d10+4,1d8+4,4.0,A
9398,40,16,8,3,1d8+4,1d8+4,40,17,7,3,1d12+4,1d8+4,10.0,B
9399,40,14,6,4,1d8+4,1d8+4,40,14,8,3,1d12+4,1d6+4,7.0,B
9400,40,14,7,3,1d10+4,1d8+4,40,15,7,5,1d10+4,1d6+4,9.0,A
9401,40,17,8,4,1d8+4,1d6+4,40,18,7,4,1d12+4,1d8+4,0.0,B
9402,40,18,5,5,1d12+4,1d8+4,40,14,6,3,1d12+4,1d6+4,5.0,A
9403,40,16,7,3,1d8+4,1d6+4,40,17,6,3,1d10+4,1d8+4,5.0,B
9404,40,14,8,4,1d12+4,1d8+4,40,16,7,5,1d12+4,1d6+4,0.0,A
9405,40,18,5,3,1d8+4,1d8+4,40,17,8,3,1d10+4,1d6+4,9.0,B
9406,40,16,7,5,1d12+4,1d8+4,40,16,5,5,1d8+4,1d6+4,9.0,A
9407,40,14,8,4,1d12+4,1d8+4,40,14,6,4,1d8+4,1d8+4,8.0,A
9408,40,16,8,4,1d12+4,1d6+4,40,16,7,5,1d12+4,1d6+4,3.0,A
9409,40,16,6,4,1d8+4,1d6+4,40,18,7,5,1d12+4,1d8+4,2.0,A
9410,40,15,8,5,1d8+4,1d8+4,40,14,7,3,1d8+4,1d6+4,0.0,A
9411,40,16,5,4,1d8+4,1d6+4,40,15,7,3,1d10+4,1d8+4,2.0,B
9412,40,14,8,4,1d12+4,1d8+4,40,16,5,4,1d12+4,1d6+4,9.0,A
9413,40,14,6,5,1d10+4,1d8+4,40,17,7,4,1d12+4,1d8+4,6.0,B
9414,40,15,6,5,1d12+4,1d6+4,40,17,7,3,1d8+4,1d8+4,3.0,B
9415,40,14,6,5,1d12+4,1d6+4,40,16,6,5,1d10+4,1d6+4,1.0,B
9416,40,18,6,5,1d12+4,1d6+4,40,18,5,5,1d8+4,1d8+4,10.0,A
9417,40,14,8,3,1d8+4,1d8+4,40,17,7,3,1d12+4,1d6+4,1.0,B
9418,40,14,8,4,1d8+4,1d6+4,40,16,8,5,1d10+4,1d6+4,1.0,A
9419,40,15,8,4,1d8+4,1d8+4,40,17,5,4,1d12+4,1d6+4,2.0,A
9420,40,15,8,4,1d8+4,1d6+4,40,18,5,5,1d12+4,1d6+4,1.0,A
9421,40,18,6,5,1d10+4,1d8+4,40,18,7,3,1d8+4,1d8+4,4.0,A
9422,40,18,6,5,1d10+4,1d6+4,40,17,5,4,1d10+4,1d6+4,10.0,B
9423,40,17,7,5,1d12+4,1d8+4,40,14,6,4,1d12+4,1d8+4,9.0,B
9424,40,17,6,5,1d12+4,1d6+4,40,14,6,3,1d12+4,1d6+4,2.0,B
9425,40,17,5,5,1d10+4,1d6+4,40,16,8,3,1d12+4,1d8+4,10.0,B
9426,40,17,6,5,1d10+4,1d8+4,40,15,6,4,1d12+4,1d8+4,3.0,B
9427,40,15,5,5,1d12+4,1d6+4,40,15,5,5,1d8+4,1d8+4,0.0,A
9428,40,15,5,3,1d12+4,1d8+4,40,16,8,4,1d12+4,1d8+4,10.0,B
9429,40,17,6,3,1d10+4,1d6+4,40,15,5,3,1d12+4,1d6+4,4.0,A
9430,40,16,8,3,1d12+4,1d8+4,40,15,7,5,1d10+4,1d6+4,7.0,A
9431,40,16,8,5,1d10+4,1d6+4,40,17,6,3,1d10+4,1d8+4,9.0,A
9432,40,17,5,3,1d8+4,1d6+4,40,15,5,5,1d8+4,1d6+4,5.0,A
9433,40,17,6,5,1d8+4,1d6+4,40,15,6,4,1d8+4,1d8+4,3.0,B
9434,40,17,5,4,1d8+4,1d8+4,40,17,6,4,1d12+4,1d8+4,7.0,A
9435,40,15,6,4,1d10+4,1d6+4,40,16,8,3,1d8+4,1d6+4,8.0,A
9436,40,18,7,3,1d8+4,1d8+4,40,16,5,5,1d10+4,1d6+4,5.0,A
9437,40,16,6,4,1d10+4,1d8+4,40,18,6,3,1d10+4,1d8+4,4.0,A
9438,40,14,6,5,1d10+4,1d8+4,40,16,8,4,1d12+4,1d8+4,4.0,B
9439,40,16,7,5,1d10+4,1d6+4,40,15,6,4,1d12+4,1d8+4,2.0,B
9440,40,14,5,3,1d8+4,1d8+4,40,17,8,3,1d10+4,1d8+4,0.0,A
9441,40,16,7,3,1d10+4,1d6+4,40,16,7,3,1d8+4,1d8+4,7.0,A
9442,40,16,6,5,1d12+4,1d8+4,40,16,6,4,1d10+4,1d6+4,7.0,B
9443,40,15,8,5,1d8+4,1d6+4,40,17,6,5,1d12+4,1d8+4,10.0,A
9444,40,15,6,3,1d12+4,1d8+4,40,17,8,4,1d12+4,1d8+4,5.0,B
9445,40,15,8,5,1d8+4,1d6+4,40,15,6,3,1d10+4,1d6+4,4.0,B
9446,40,17,8,4,1d10+4,1d8+4,40,14,5,4,1d10+4,1d8+4,6.0,A
9447,40,15,8,4,1d8+4,1d8+4,40,15,5,4,1d12+4,1d8+4,6.0,B
9448,40,15,7,5,1d8+4,1d8+4,40,14,7,4,1d8+4,1d6+4,5.0,A
9449,40,18,8,5,1d10+4,1d8+4,40,16,5,5,1d8+4,1d6+4,7.0,A
9450,40,17,7,5,1d10+4,1d6+4,40,15,7,4,1d12+4,1d8+4,4.0,A
9451,40,15,8,5,1d10+4,1d8+4,40,14,6,3,1d8+4,1d6+4,8.0,A
9452,40,16,5,4,1d8+4,1d6+4,40,18,6,4,1d10+4,1d6+4,9.0,B
9453,40,18,8,4,1d12+4,1d8+4,40,15,7,4,1d8+4,1d8+4,1.0,A
9454,40,15,7,3,1d8+4,1d8+4,40,14,7,5,1d12+4,1d8+4,5.0,B
9455,40,14,5,5,1d10+4,1d6+4,40,18,6,3,1d10+4,1d6+4,7.0,A
9456,40,18,8,5,1d12+4,1d6+4,40,16,5,5,1d10+4,1d6+4,1.0,A
9457,40,15,7,5,1d10+4,1d8+4,40,17,7,5,1d8+4,1d6+4,5.0,B
9458,40,16,5,5,1d12+4,1d8+4,40,16,6,3,1d12+4,1d8+4,0.0,B
9459,40,14,5,5,1d8+4,1d8+4,40,14,5,4,1d10+4,1d8+4,5.0,B
9460,40,15,6,3,1d10+4,1d6+4,40,14,8,3,1d8+4,1d6+4,6.0,B
9461,40,14,8,5,1d12+4,1d8+4,40,15,8,4,1d12+4,1d8+4,3.0,B
9462,40,14,6,3,1d8+4,1d8+4,40,15,8,5,1d8+4,1d8+4,5.0,B
9463,40,15,6,5,1d10+4,1d6+4,40,16,8,3,1d8+4,1d6+4,5.0,B
9464,40,14,5,3,1d10+4,1d6+4,40,16,6,4,1d8+4,1d8+4,3.0,A
9465,40,17,6,5,1d12+4,1d8+4,40,16,8,3,1d12+4,1d8+4,6.0,A
9466,40,16,8,4,1d8+4,1d6+4,40,15,6,5,1d10+4,1d8+4,7.0,A
9467,40,14,7,4,1d10+4,1d8+4,40,18,5,3,1d12+4,1d6+4,9.0,A
9468,40,15,6,5,1d10+4,1d8+4,40,15,8,3,1d12+4,1d8+4,7.0,B
9469,40,18,6,5,1d8+4,1d6+4,40,16,6,4,1d12+4,1d8+4,10.0,B
9470,40,14,6,3,1d10+4,1d8+4,40,18,8,5,1d8+4,1d8+4,1.0,A
9471,40,17,8,5,1d8+4,1d6+4,40,17,8,4,1d12+4,1d8+4,1.0,B
9472,40,15,5,5,1d8+4,1d6+4,40,17,5,4,1d12+4,1d6+4,6.0,B
9473,40,17,7,3,1d12+4,1d6+4,40,17,7,4,1d10+4,1d6+4,3.0,A
9474,40,17,8,5,1d12+4,1d6+4,40,18,8,4,1d12+4,1d6+4,8.0,B
9475,40,15,8,3,1d10+4,1d8+4,40,18,5,3,1d10+4,1d6+4,8.0,B
9476,40,18,6,3,1d10+4,1d8+4,40,14,5,3,1d8+4,1d6+4,6.0,B
9477,40,16,6,4,1d10+4,1d6+4,40,18,8,3,1d8+4,1d8+4,7.0,A
9478,40,16,5,5,1d12+4,1d8+4,40,15,6,4,1d10+4,1d6+4,6.0,A
9479,40,18,7,4,1d12+4,1d8+4,40,16,6,5,1d8+4,1d8+4,3.0,A
9480,40,16,8,4,1d10+4,1d6+4,40,18,7,4,1d12+4,1d8+4,6.0,B
9481,40,18,6,4,1d10+4,1d6+4,40,14,7,3,1d12+4,1d8+4,10.0,B
9482,40,14,6,3,1d12+4,1d6+4,40,16,8,3,1d10+4,1d6+4,3.0,A
9483,40,16,8,5,1d12+4,1d8+4,40,14,7,4,1d10+4,1d8+4,10.0,A
9484,40,14,6,3,1d8+4,1d8+4,40,15,5,5,1d12+4,1d6+4,7.0,B
9485,40,17,6,4,1d8+4,1d8+4,40,18,8,3,1d10+4,1d8+4,1.0,A
9486,40,16,8,4,1d10+4,1d6+4,40,17,8,5,1d8+4,1d6+4,5.0,B
9487,40,16,5,4,1d8+4,1d8+4,40,14,6,4,1d12+4,1d8+4,0.0,A
9488,40,15,7,4,1d8+4,1d6+4,40,18,6,4,1d12+4,1d8+4,9.0,B
9489,40,17,6,5,1d8+4,1d6+4,40,17,7,4,1d8+4,1d6+4,9.0,A
9490,40,16,5,3,1d8+4,1d8+4,40,15,6,4,1d12+4,1d8+4,6.0,B
9491,40,15,8,3,1d12+4,1d8+4,40,15,6,3,1d10+4,1d6+4,1.0,A
9492,40,18,5,4,1d10+4,1d8+4,40,17,8,4,1d10+4,1d8+4,7.0,A
9493,40,14,8,5,1d12+4,1d6+4,40,16,6,4,1d12+4,1d6+4,10.0,B
9494,40,18,6,5,1d8+4,1d8+4,40,18,7,5,1d12+4,1d6+4,3.0,A
9495,40,18,8,4,1d8+4,1d6+4,40,16,8,3,1d10+4,1d8+4,8.0,A
9496,40,17,8,3,1d10+4,1d8+4,40,16,7,3,1d8+4,1d6+4,2.0,A
9497,40,18,7,4,1d8+4,1d8+4,40,14,7,3,1d10+4,1d8+4,7.0,A
9498,40,15,7,5,1d12+4,1d6+4,40,16,7,4,1d8+4,1d6+4,3.0,A
9499,40,16,8,3,1d12+4,1d8+4,40,14,8,3,1d10+4,1d6+4,5.0,A
9500,40,18,7,3,1d12+4,1d6+4,40,15,7,5,1d10+4,1d6+4,9.0,B
9501,40,17,5,4,1d12+4,1d8+4,40,16,7,5,1d12+4,1d6+4,4.0,A
9502,40,14,5,3,1d12+4,1d8+4,40,15,8,3,1d12+4,1d6+4,6.0,B
9503,40,16,7,4,1d10+4,1d8+4,40,18,7,5,1d12+4,1d6+4,0.0,B
9504,40,16,8,5,1d8+4,1d8+4,40,16,8,4,1d10+4,1d8+4,3.0,B
9505,40,16,5,5,1d10+4,1d8+4,40,18,6,3,1d8+4,1d6+4,4.0,B
9506,40,16,8,5,1d10+4,1d8+4,40,17,7,4,1d12+4,1d8+4,10.0,B
9507,40,16,6,3,1d10+4,1d8+4,40,18,8,3,1d8+4,1d8+4,2.0,B
9508,40,17,8,3,1d8+4,1d6+4,40,15,5,5,1d10+4,1d8+4,4.0,A
9509,40,17,6,4,1d8+4,1d6+4,40,18,5,5,1d8+4,1d8+4,4.0,A
9510,40,15,6,5,1d10+4,1d6+4,40,16,8,3,1d8+4,1d8+4,9.0,B
9511,40,15,6,5,1d8+4,1d8+4,40,14,7,5,1d10+4,1d6+4,5.0,A
9512,40,16,5,3,1d10+4,1d6+4,40,17,8,3,1d8+4,1d6+4,6.0,B
9513,40,17,8,4,1d10+4,1d6+4,40,15,7,5,1d12+4,1d8+4,7.0,B
9514,40,16,8,5,1d10+4,1d8+4,40,17,7,4,1d8+4,1d8+4,3.0,B
9515,40,17,5,5,1d8+4,1d8+4,40,15,8,5,1d8+4,1d8+4,8.0,B
9516,40,15,8,5,1d12+4,1d6+4,40,14,8,4,1d8+4,1d8+4,2.0,A
9517,40,14,7,4,1d12+4,1d8+4,40,16,6,3,1d8+4,1d6+4,4.0,A
9518,40,16,8,3,1d8+4,1d8+4,40,17,7,5,1d8+4,1d6+4,8.0,A
9519,40,16,5,5,1d8+4,1d6+4,40,15,7,5,1d8+4,1d6+4,1.0,A
9520,40,18,7,5,1d12+4,1d8+4,40,16,7,3,1d8+4,1d6+4,5.0,A
9521,40,16,6,5,1d8+4,1d8+4,40,14,6,4,1d12+4,1d6+4,2.0,A
9522,40,17,5,3,1d10+4,1d8+4,40,18,5,4,1d12+4,1d6+4,0.0,A
9523,40,14,8,4,1d8+4,1d6+4,40,14,5,5,1d12+4,1d6+4,8.0,A
9524,40,16,5,3,1d12+4,1d8+4,40,17,7,3,1d8+4,1d6+4,8.0,B
9525,40,14,8,5,1d12+4,1d8+4,40,18,5,5,1d10+4,1d8+4,4.0,B
9526,40,14,7,5,1d8+4,1d6+4,40,18,8,4,1d10+4,1d8+4,5.0,B
9527,40,16,7,4,1d12+4,1d6+4,40,15,7,3,1d12+4,1d8+4,2.0,A
9528,40,14,7,4,1d12+4,1d6+4,40,18,7,3,1d10+4,1d8+4,6.0,B
9529,40,15,6,3,1d12+4,1d8+4,40,15,6,4,1d12+4,1d6+4,6.0,A
9530,40,16,5,4,1d12+4,1d6+4,40,15,5,4,1d10+4,1d8+4,5.0,B
9531,40,14,5,4,1d8+4,1d6+4,40,18,7,5,1d10+4,1d6+4,6.0,B
9532,40,15,7,3,1d10+4,1d6+4,40,17,7,4,1d8+4,1d8+4,10.0,A
9533,40,14,5,5,1d12+4,1d8+4,40,14,8,4,1d10+4,1d8+4,8.0,A
9534,40,16,5,3,1d8+4,1d6+4,40,18,8,5,1d12+4,1d8+4,4.0,A
9535,40,16,5,4,1d12+4,1d8+4,40,14,6,4,1d8+4,1d8+4,2.0,A
9536,40,17,8,4,1d8+4,1d6+4,40,14,8,5,1d8+4,1d8+4,8.0,A
9537,40,17,6,5,1d12+4,1d6+4,40,17,6,4,1d12+4,1d6+4,2.0,A
9538,40,18,7,3,1d12+4,1d6+4,40,17,7,4,1d10+4,1d8+4,8.0,B
9539,40,18,6,3,1d8+4,1d6+4,40,16,7,3,1d8+4,1d8+4,9.0,B
9540,40,15,8,3,1d12+4,1d8+4,40,16,5,4,1d12+4,1d6+4,5.0,B
9541,40,14,6,4,1d10+4,1d8+4,40,16,5,5,1d10+4,1d8+4,5.0,B
9542,40,18,7,3,1d12+4,1d8+4,40,14,8,4,1d8+4,1d6+4,9.0,B
9543,40,15,8,3,1d10+4,1d8+4,40,16,5,4,1d12+4,1d8+4,3.0,A
9544,40,15,5,4,1d8+4,1d6+4,40,18,8,4,1d10+4,1d6+4,4.0,A
9545,40,16,7,4,1d8+4,1d8+4,40,17,7,3,1d12+4,1d6+4,8.0,B
9546,40,14,5,4,1d12+4,1d6+4,40,18,8,3,1d10+4,1d8+4,7.0,A
9547,40,18,5,3,1d8+4,1d8+4,40,14,8,3,1d10+4,1d8+4,2.0,B
9548,40,14,5,5,1d12+4,1d8+4,40,17,7,3,1d12+4,1d8+4,1.0,B
9549,40,16,8,5,1d10+4,1d8+4,40,18,6,4,1d10+4,1d8+4,6.0,B
9550,40,18,7,4,1d12+4,1d8+4,40,18,6,3,1d12+4,1d6+4,7.0,B
9551,40,14,5,4,1d8+4,1d8+4,40,15,8,3,1d10+4,1d8+4,4.0,B
9552,40,18,5,5,1d10+4,1d6+4,40,14,7,5,1d8+4,1d6+4,7.0,A
9553,40,14,5,4,1d12+4,1d8+4,40,16,7,4,1d8+4,1d8+4,3.0,A
9554,40,15,5,3,1d8+4,1d6+4,40,17,8,3,1d12+4,1d6+4,8.0,B
9555,40,14,7,3,1d12+4,1d8+4,40,18,5,3,1d12+4,1d8+4,8.0,B
9556,40,14,7,4,1d12+4,1d8+4,40,17,6,3,1d8+4,1d8+4,2.0,A
9557,40,16,7,4,1d12+4,1d8+4,40,16,8,5,1d10+4,1d8+4,7.0,A
9558,40,18,7,5,1d8+4,1d6+4,40,16,6,5,1d12+4,1d8+4,1.0,B
9559,40,16,7,5,1d12+4,1d6+4,40,18,7,4,1d12+4,1d6+4,3.0,A
9560,40,18,7,3,1d10+4,1d6+4,40,15,8,3,1d10+4,1d8+4,3.0,A
9561,40,15,8,3,1d10+4,1d6+4,40,18,7,3,1d12+4,1d6+4,4.0,B
9562,40,18,7,3,1d10+4,1d8+4,40,16,5,5,1d10+4,1d8+4,1.0,A
9563,40,14,6,4,1d8+4,1d8+4,40,16,7,5,1d12+4,1d8+4,9.0,B
9564,40,15,6,3,1d12+4,1d8+4,40,14,7,5,1d8+4,1d8+4,6.0,A
9565,40,18,7,3,1d8+4,1d8+4,40,17,8,3,1d10+4,1d8+4,1.0,B
9566,40,17,7,4,1d8+4,1d6+4,40,15,6,3,1d12+4,1d6+4,8.0,A
9567,40,16,8,3,1d10+4,1d8+4,40,18,6,5,1d12+4,1d6+4,0.0,A
9568,40,14,5,3,1d12+4,1d6+4,40,14,6,4,1d10+4,1d8+4,10.0,A
9569,40,18,8,5,1d10+4,1d8+4,40,15,7,3,1d12+4,1d8+4,1.0,B
9570,40,14,6,4,1d12+4,1d6+4,40,16,8,4,1d10+4,1d6+4,9.0,A
9571,40,15,7,5,1d10+4,1d6+4,40,18,8,3,1d10+4,1d8+4,1.0,B
9572,40,16,8,5,1d10+4,1d6+4,40,15,8,3,1d12+4,1d8+4,2.0,A
9573,40,15,5,5,1d8+4,1d8+4,40,14,8,5,1d10+4,1d6+4,5.0,A
9574,40,15,6,5,1d8+4,1d6+4,40,16,6,5,1d10+4,1d8+4,1.0,B
9575,40,15,6,3,1d10+4,1d6+4,40,18,5,4,1d10+4,1d6+4,3.0,A
9576,40,15,7,3,1d8+4,1d6+4,40,14,5,4,1d12+4,1d8+4,5.0,B
9577,40,16,6,3,1d10+4,1d6+4,40,17,7,3,1d10+4,1d8+4,8.0,A
9578,40,15,6,5,1d8+4,1d8+4,40,17,6,4,1d12+4,1d6+4,7.0,B
9579,40,17,8,4,1d12+4,1d8+4,40,14,7,5,1d12+4,1d6+4,7.0,B
9580,40,18,6,5,1d12+4,1d6+4,40,16,5,3,1d8+4,1d8+4,3.0,A
9581,40,15,8,3,1d12+4,1d8+4,40,14,7,3,1d12+4,1d8+4,6.0,B
9582,40,18,6,5,1d10+4,1d8+4,40,18,5,3,1d10+4,1d6+4,0.0,A
9583,40,16,5,3,1d12+4,1d6+4,40,18,6,4,1d12+4,1d6+4,9.0,A
9584,40,16,6,5,1d8+4,1d6+4,40,14,6,3,1d10+4,1d8+4,9.0,B
9585,40,17,7,4,1d8+4,1d6+4,40,18,6,4,1d10+4,1d6+4,3.0,B
9586,40,14,8,5,1d8+4,1d8+4,40,17,7,3,1d12+4,1d6+4,4.0,B
9587,40,18,7,3,1d8+4,1d8+4,40,15,8,5,1d10+4,1d6+4,6.0,B
9588,40,16,6,3,1d12+4,1d8+4,40,14,6,3,1d10+4,1d6+4,4.0,B
9589,40,18,8,3,1d8+4,1d6+4,40,15,5,3,1d12+4,1d8+4,2.0,B
9590,40,18,6,5,1d8+4,1d8+4,40,17,7,5,1d8+4,1d6+4,5.0,B
9591,40,18,7,3,1d8+4,1d8+4,40,17,7,4,1d10+4,1d6+4,7.0,A
9592,40,17,7,5,1d12+4,1d8+4,40,15,8,4,1d8+4,1d8+4,7.0,B
9593,40,16,7,3,1d10+4,1d8+4,40,17,6,3,1d10+4,1d8+4,3.0,A
9594,40,18,7,5,1d10+4,1d8+4,40,18,8,4,1d12+4,1d6+4,7.0,A
9595,40,16,5,3,1d10+4,1d6+4,40,14,5,5,1d8+4,1d8+4,8.0,B
9596,40,14,8,4,1d10+4,1d6+4,40,18,8,5,1d12+4,1d6+4,8.0,A
9597,40,17,6,5,1d8+4,1d8+4,40,17,8,5,1d10+4,1d8+4,5.0,A
9598,40,17,7,5,1d10+4,1d8+4,40,17,8,3,1d10+4,1d6+4,6.0,B
9599,40,18,5,5,1d12+4,1d6+4,40,18,6,3,1d12+4,1d6+4,3.0,B
9600,40,17,5,5,1d10+4,1d6+4,40,16,7,4,1d10+4,1d6+4,9.0,B
9601,40,15,6,4,1d10+4,1d8+4,40,18,7,4,1d8+4,1d8+4,5.0,A
9602,40,16,5,4,1d12+4,1d8+4,40,16,5,5,1d12+4,1d6+4,0.0,B
9603,40,16,6,5,1d8+4,1d6+4,40,17,6,3,1d10+4,1d8+4,6.0,B
9604,40,17,6,4,1d10+4,1d6+4,40,17,7,5,1d10+4,1d8+4,2.0,B
9605,40,15,8,3,1d8+4,1d6+4,40,17,5,5,1d8+4,1d6+4,5.0,A
9606,40,18,7,5,1d8+4,1d8+4,40,14,5,3,1d8+4,1d6+4,9.0,A
9607,40,15,7,3,1d10+4,1d6+4,40,16,5,3,1d12+4,1d6+4,7.0,B
9608,40,15,7,3,1d10+4,1d6+4,40,16,5,3,1d12+4,1d8+4,6.0,A
9609,40,14,7,5,1d12+4,1d6+4,40,16,8,5,1d8+4,1d8+4,9.0,B
9610,40,18,7,5,1d8+4,1d6+4,40,17,6,4,1d8+4,1d8+4,8.0,A
9611,40,16,6,5,1d12+4,1d8+4,40,14,8,4,1d8+4,1d6+4,4.0,A
9612,40,14,6,5,1d8+4,1d6+4,40,16,8,3,1d10+4,1d6+4,5.0,B
9613,40,14,5,3,1d10+4,1d6+4,40,15,7,4,1d10+4,1d6+4,2.0,A
9614,40,18,5,3,1d12+4,1d6+4,40,17,5,4,1d10+4,1d8+4,8.0,B
9615,40,17,8,3,1d10+4,1d8+4,40,16,6,5,1d12+4,1d8+4,1.0,B
9616,40,16,7,4,1d12+4,1d8+4,40,17,5,4,1d12+4,1d8+4,7.0,A
9617,40,17,7,5,1d12+4,1d6+4,40,15,8,3,1d12+4,1d6+4,6.0,A
9618,40,14,5,5,1d10+4,1d6+4,40,15,7,5,1d12+4,1d6+4,3.0,B
9619,40,16,6,4,1d12+4,1d6+4,40,14,7,3,1d12+4,1d6+4,7.0,B
9620,40,14,8,3,1d8+4,1d6+4,40,16,8,3,1d8+4,1d8+4,3.0,B
9621,40,15,5,3,1d8+4,1d6+4,40,14,5,3,1d10+4,1d6+4,5.0,A
9622,40,14,6,3,1d12+4,1d8+4,40,18,6,5,1d12+4,1d6+4,3.0,B
9623,40,15,6,3,1d12+4,1d6+4,40,18,7,3,1d12+4,1d8+4,9.0,A
9624,40,14,5,5,1d8+4,1d6+4,40,17,7,3,1d12+4,1d8+4,7.0,A
9625,40,14,6,5,1d8+4,1d8+4,40,15,6,3,1d8+4,1d6+4,1.0,B
9626,40,16,8,3,1d10+4,1d8+4,40,17,6,3,1d8+4,1d6+4,7.0,A
9627,40,18,7,4,1d8+4,1d6+4,40,18,8,3,1d10+4,1d8+4,5.0,A
9628,40,18,8,3,1d8+4,1d6+4,40,18,6,4,1d12+4,1d8+4,6.0,B
9629,40,15,8,3,1d12+4,1d6+4,40,17,6,5,1d12+4,1d6+4,3.0,A
9630,40,18,8,5,1d10+4,1d6+4,40,17,7,4,1d10+4,1d6+4,9.0,A
9631,40,17,8,3,1d10+4,1d6+4,40,17,6,3,1d10+4,1d8+4,9.0,B
9632,40,17,5,5,1d12+4,1d8+4,40,15,5,3,1d12+4,1d8+4,7.0,A
9633,40,17,5,3,1d10+4,1d8+4,40,15,5,4,1d12+4,1d6+4,1.0,B
9634,40,18,5,3,1d8+4,1d8+4,40,15,7,4,1d10+4,1d6+4,6.0,B
9635,40,15,7,3,1d10+4,1d6+4,40,17,6,3,1d12+4,1d8+4,1.0,B
9636,40,16,6,4,1d8+4,1d6+4,40,14,7,3,1d8+4,1d6+4,3.0,B
9637,40,17,6,3,1d8+4,1d6+4,40,17,7,5,1d12+4,1d6+4,5.0,A
9638,40,18,8,5,1d12+4,1d6+4,40,14,7,5,1d10+4,1d8+4,8.0,A
9639,40,14,6,3,1d8+4,1d8+4,40,15,7,5,1d10+4,1d6+4,4.0,A
9640,40,17,8,4,1d8+4,1d8+4,40,15,6,4,1d8+4,1d8+4,4.0,B
9641,40,14,5,3,1d12+4,1d8+4,40,14,7,4,1d10+4,1d6+4,3.0,A
9642,40,14,5,5,1d12+4,1d8+4,40,14,7,3,1d8+4,1d8+4,3.0,B
9643,40,17,6,4,1d12+4,1d8+4,40,14,7,3,1d12+4,1d6+4,0.0,B
9644,40,18,8,3,1d10+4,1d6+4,40,16,7,3,1d12+4,1d6+4,5.0,B
9645,40,16,5,5,1d12+4,1d6+4,40,18,6,4,1d12+4,1d8+4,5.0,A
9646,40,16,6,3,1d10+4,1d6+4,40,18,6,5,1d12+4,1d6+4,2.0,A
9647,40,16,5,4,1d10+4,1d8+4,40,15,6,4,1d10+4,1d6+4,0.0,A
9648,40,15,7,3,1d12+4,1d6+4,40,18,6,4,1d12+4,1d8+4,8.0,B
9649,40,16,8,5,1d10+4,1d6+4,40,16,6,4,1d8+4,1d8+4,4.0,A
9650,40,15,6,3,1d12+4,1d8+4,40,14,6,3,1d8+4,1d8+4,3.0,A
9651,40,16,8,3,1d8+4,1d8+4,40,15,5,5,1d10+4,1d6+4,6.0,A
9652,40,16,6,5,1d8+4,1d8+4,40,17,6,4,1d12+4,1d6+4,6.0,B
9653,40,15,8,4,1d10+4,1d8+4,40,15,8,4,1d8+4,1d6+4,5.0,A
9654,40,18,8,4,1d10+4,1d6+4,40,14,7,5,1d10+4,1d8+4,2.0,A
9655,40,18,8,5,1d12+4,1d6+4,40,14,8,5,1d12+4,1d6+4,2.0,A
9656,40,18,5,3,1d8+4,1d6+4,40,17,8,4,1d12+4,1d8+4,7.0,B
9657,40,16,6,4,1d8+4,1d6+4,40,18,7,5,1d10+4,1d6+4,1.0,A
9658,40,16,6,5,1d10+4,1d8+4,40,16,7,5,1d12+4,1d8+4,6.0,A
9659,40,15,6,4,1d12+4,1d8+4,40,14,6,3,1d8+4,1d6+4,8.0,A
9660,40,18,6,3,1d12+4,1d6+4,40,18,6,4,1d10+4,1d8+4,1.0,A
9661,40,15,5,4,1d8+4,1d8+4,40,14,7,5,1d12+4,1d8+4,9.0,B
9662,40,17,5,5,1d8+4,1d6+4,40,15,6,4,1d12+4,1d6+4,4.0,B
9663,40,18,7,5,1d12+4,1d6+4,40,18,7,5,1d8+4,1d6+4,4.0,A
9664,40,17,7,3,1d8+4,1d8+4,40,15,5,3,1d8+4,1d6+4,3.0,A
9665,40,17,5,4,1d12+4,1d6+4,40,16,5,3,1d8+4,1d6+4,9.0,A
9666,40,15,7,3,1d8+4,1d8+4,40,15,7,5,1d12+4,1d8+4,3.0,A
9667,40,14,8,4,1d8+4,1d8+4,40,17,5,5,1d8+4,1d6+4,4.0,B
9668,40,14,6,5,1d8+4,1d8+4,40,14,8,5,1d12+4,1d8+4,8.0,A
9669,40,14,8,3,1d12+4,1d6+4,40,16,5,5,1d10+4,1d8+4,1.0,A
9670,40,17,8,3,1d10+4,1d8+4,40,14,8,5,1d8+4,1d6+4,8.0,A
9671,40,14,6,5,1d10+4,1d8+4,40,17,5,3,1d8+4,1d8+4,8.0,A
9672,40,14,6,3,1d12+4,1d8+4,40,18,5,5,1d8+4,1d6+4,8.0,B
9673,40,15,7,3,1d10+4,1d6+4,40,15,7,4,1d10+4,1d8+4,3.0,B
9674,40,18,5,3,1d10+4,1d8+4,40,14,7,3,1d8+4,1d8+4,8.0,B
9675,40,18,5,4,1d12+4,1d8+4,40,18,6,3,1d12+4,1d6+4,8.0,B
9676,40,15,5,3,1d12+4,1d6+4,40,18,7,5,1d10+4,1d8+4,10.0,A
9677,40,17,5,4,1d10+4,1d8+4,40,18,6,3,1d12+4,1d6+4,8.0,B
9678,40,15,5,4,1d8+4,1d6+4,40,17,8,4,1d8+4,1d6+4,4.0,A
9679,40,18,7,4,1d12+4,1d8+4,40,18,8,3,1d12+4,1d6+4,7.0,B
9680,40,14,7,3,1d8+4,1d6+4,40,18,5,5,1d8+4,1d8+4,4.0,B
9681,40,16,5,5,1d12+4,1d6+4,40,16,6,3,1d12+4,1d8+4,8.0,B
9682,40,18,6,4,1d10+4,1d8+4,40,15,7,4,1d12+4,1d6+4,6.0,A
9683,40,18,5,5,1d12+4,1d6+4,40,17,5,4,1d10+4,1d8+4,7.0,B
9684,40,14,7,4,1d12+4,1d6+4,40,17,5,3,1d8+4,1d6+4,9.0,B
9685,40,16,7,3,1d8+4,1d8+4,40,15,7,3,1d12+4,1d6+4,8.0,B
9686,40,14,8,4,1d12+4,1d6+4,40,16,7,5,1d10+4,1d6+4,6.0,A
9687,40,15,6,3,1d10+4,1d6+4,40,16,6,3,1d8+4,1d8+4,1.0,A
9688,40,14,6,3,1d12+4,1d6+4,40,16,6,3,1d12+4,1d6+4,1.0,A
9689,40,16,6,3,1d12+4,1d6+4,40,17,7,4,1d12+4,1d8+4,10.0,A
9690,40,17,6,3,1d8+4,1d6+4,40,18,7,5,1d12+4,1d6+4,8.0,A
9691,40,15,8,3,1d12+4,1d6+4,40,16,5,5,1d10+4,1d8+4,6.0,A
9692,40,18,7,4,1d12+4,1d8+4,40,18,5,4,1d8+4,1d8+4,2.0,B
9693,40,14,6,5,1d10+4,1d8+4,40,16,6,4,1d12+4,1d8+4,3.0,B
9694,40,18,6,3,1d10+4,1d8+4,40,17,5,3,1d8+4,1d6+4,4.0,A
9695,40,17,7,4,1d8+4,1d8+4,40,15,8,3,1d8+4,1d8+4,8.0,A
9696,40,17,8,3,1d10+4,1d8+4,40,16,6,4,1d8+4,1d6+4,7.0,A
9697,40,18,7,3,1d12+4,1d6+4,40,14,6,4,1d12+4,1d6+4,1.0,A
9698,40,18,5,3,1d8+4,1d6+4,40,14,6,4,1d12+4,1d6+4,8.0,B
9699,40,17,8,5,1d10+4,1d8+4,40,14,6,4,1d8+4,1d6+4,5.0,A
9700,40,17,8,5,1d8+4,1d8+4,40,15,5,4,1d8+4,1d6+4,7.0,A
9701,40,14,5,4,1d10+4,1d8+4,40,16,8,3,1d10+4,1d8+4,9.0,B
9702,40,17,7,3,1d12+4,1d6+4,40,17,5,5,1d12+4,1d6+4,10.0,B
9703,40,15,8,4,1d10+4,1d8+4,40,18,5,5,1d8+4,1d6+4,6.0,A
9704,40,16,8,3,1d10+4,1d6+4,40,16,7,3,1d12+4,1d8+4,8.0,B
9705,40,18,6,4,1d8+4,1d6+4,40,18,5,4,1d10+4,1d8+4,3.0,A
9706,40,14,8,5,1d12+4,1d8+4,40,14,8,5,1d12+4,1d6+4,9.0,B
9707,40,16,7,5,1d10+4,1d6+4,40,14,7,4,1d12+4,1d8+4,5.0,B
9708,40,15,5,4,1d10+4,1d8+4,40,17,7,5,1d12+4,1d8+4,6.0,A
9709,40,15,6,4,1d12+4,1d8+4,40,15,8,5,1d12+4,1d8+4,2.0,B
9710,40,16,8,4,1d8+4,1d6+4,40,14,7,4,1d12+4,1d6+4,0.0,A
9711,40,17,6,4,1d10+4,1d6+4,40,14,5,4,1d10+4,1d6+4,7.0,B
9712,40,17,5,5,1d12+4,1d8+4,40,16,8,5,1d8+4,1d8+4,5.0,A
9713,40,16,5,4,1d8+4,1d8+4,40,18,8,4,1d12+4,1d6+4,9.0,B
9714,40,14,7,3,1d12+4,1d6+4,40,18,6,5,1d12+4,1d6+4,8.0,A
9715,40,16,6,4,1d10+4,1d8+4,40,15,7,4,1d8+4,1d6+4,5.0,B
9716,40,18,5,3,1d12+4,1d8+4,40,15,8,3,1d12+4,1d8+4,7.0,A
9717,40,16,5,4,1d8+4,1d8+4,40,14,7,3,1d10+4,1d6+4,1.0,A
9718,40,18,7,5,1d12+4,1d6+4,40,16,5,4,1d10+4,1d6+4,5.0,A
9719,40,14,8,3,1d8+4,1d8+4,40,16,8,4,1d10+4,1d8+4,7.0,B
9720,40,17,5,4,1d8+4,1d8+4,40,16,6,5,1d10+4,1d6+4,3.0,B
9721,40,17,8,5,1d10+4,1d8+4,40,15,8,3,1d8+4,1d6+4,8.0,A
9722,40,16,6,5,1d12+4,1d6+4,40,18,5,4,1d12+4,1d8+4,9.0,A
9723,40,16,8,5,1d12+4,1d8+4,40,18,6,4,1d12+4,1d6+4,6.0,A
9724,40,17,8,4,1d8+4,1d6+4,40,14,6,3,1d12+4,1d6+4,6.0,A
9725,40,14,5,4,1d10+4,1d8+4,40,15,5,4,1d12+4,1d6+4,3.0,A
9726,40,17,6,3,1d8+4,1d8+4,40,18,7,5,1d12+4,1d8+4,2.0,B
9727,40,16,6,3,1d12+4,1d8+4,40,15,5,3,1d8+4,1d8+4,6.0,B
9728,40,18,5,3,1d8+4,1d8+4,40,14,6,3,1d8+4,1d6+4,4.0,B
9729,40,16,6,4,1d12+4,1d8+4,40,16,7,3,1d10+4,1d6+4,9.0,A
9730,40,18,8,5,1d10+4,1d6+4,40,16,8,4,1d8+4,1d8+4,9.0,A
9731,40,17,7,5,1d10+4,1d8+4,40,18,5,5,1d10+4,1d8+4,8.0,A
9732,40,17,8,4,1d10+4,1d8+4,40,17,8,5,1d8+4,1d8+4,7.0,A
9733,40,15,5,5,1d10+4,1d6+4,40,18,6,5,1d8+4,1d8+4,2.0,A
9734,40,17,5,5,1d10+4,1d6+4,40,14,5,3,1d8+4,1d8+4,5.0,A
9735,40,15,7,5,1d8+4,1d6+4,40,15,6,4,1d8+4,1d8+4,1.0,A
9736,40,17,7,3,1d8+4,1d6+4,40,18,6,4,1d8+4,1d6+4,0.0,A
9737,40,18,5,5,1d8+4,1d6+4,40,14,5,5,1d8+4,1d6+4,4.0,B
9738,40,15,8,4,1d8+4,1d6+4,40,16,5,4,1d12+4,1d8+4,1.0,A
9739,40,15,7,3,1d10+4,1d6+4,40,17,7,4,1d10+4,1d6+4,0.0,B
9740,40,16,7,5,1d8+4,1d8+4,40,17,6,4,1d12+4,1d8+4,9.0,B
9741,40,14,8,4,1d12+4,1d6+4,40,16,6,4,1d10+4,1d6+4,5.0,A
9742,40,15,7,5,1d8+4,1d6+4,40,16,5,3,1d10+4,1d6+4,1.0,B
9743,40,17,5,3,1d8+4,1d6+4,40,16,5,3,1d10+4,1d6+4,8.0,A
9744,40,14,8,3,1d12+4,1d6+4,40,18,7,4,1d12+4,1d8+4,7.0,B
9745,40,17,5,4,1d8+4,1d8+4,40,15,6,5,1d10+4,1d8+4,1.0,A
9746,40,14,8,3,1d12+4,1d6+4,40,17,5,4,1d8+4,1d8+4,7.0,B
9747,40,15,8,5,1d12+4,1d6+4,40,15,8,4,1d8+4,1d8+4,7.0,B
9748,40,15,5,5,1d8+4,1d6+4,40,14,7,5,1d8+4,1d6+4,0.0,A
9749,40,17,5,4,1d8+4,1d6+4,40,14,7,3,1d12+4,1d6+4,8.0,B
9750,40,17,5,3,1d10+4,1d8+4,40,17,5,3,1d10+4,1d8+4,8.0,A
9751,40,18,7,5,1d10+4,1d6+4,40,17,6,4,1d12+4,1d8+4,3.0,A
9752,40,17,8,3,1d10+4,1d6+4,40,15,7,5,1d12+4,1d6+4,0.0,A
9753,40,14,6,3,1d8+4,1d6+4,40,15,8,5,1d8+4,1d8+4,8.0,A
9754,40,14,7,3,1d10+4,1d6+4,40,18,8,5,1d10+4,1d6+4,4.0,B
9755,40,16,5,4,1d8+4,1d6+4,40,14,6,5,1d12+4,1d8+4,2.0,B
9756,40,18,6,4,1d12+4,1d8+4,40,18,5,5,1d12+4,1d8+4,8.0,A
9757,40,18,6,3,1d12+4,1d8+4,40,17,5,3,1d12+4,1d6+4,10.0,A
9758,40,17,5,3,1d8+4,1d8+4,40,16,8,5,1d10+4,1d8+4,7.0,B
9759,40,15,8,4,1d12+4,1d8+4,40,16,8,5,1d10+4,1d8+4,8.0,A
9760,40,16,7,4,1d10+4,1d6+4,40,14,8,5,1d10+4,1d8+4,3.0,A
9761,40,15,5,3,1d12+4,1d6+4,40,17,7,4,1d10+4,1d8+4,10.0,A
9762,40,14,8,5,1d8+4,1d8+4,40,17,5,3,1d8+4,1d6+4,7.0,A
9763,40,17,5,5,1d8+4,1d6+4,40,15,5,4,1d8+4,1d6+4,0.0,B
9764,40,15,7,3,1d12+4,1d8+4,40,15,6,5,1d8+4,1d8+4,5.0,A
9765,40,16,8,5,1d12+4,1d6+4,40,17,6,4,1d10+4,1d6+4,7.0,A
9766,40,16,6,5,1d8+4,1d6+4,40,18,6,3,1d8+4,1d6+4,5.0,A
9767,40,16,7,5,1d10+4,1d8+4,40,16,6,3,1d10+4,1d8+4,3.0,B
9768,40,14,8,5,1d8+4,1d8+4,40,17,6,5,1d12+4,1d8+4,8.0,A
9769,40,16,7,5,1d12+4,1d6+4,40,18,7,3,1d10+4,1d6+4,1.0,A
9770,40,14,7,3,1d10+4,1d8+4,40,17,5,4,1d10+4,1d6+4,2.0,B
9771,40,14,6,4,1d12+4,1d6+4,40,18,6,4,1d8+4,1d6+4,8.0,A
9772,40,18,5,3,1d8+4,1d8+4,40,16,8,5,1d8+4,1d8+4,10.0,A
9773,40,17,8,4,1d12+4,1d8+4,40,18,7,5,1d8+4,1d8+4,5.0,A
9774,40,18,7,3,1d10+4,1d6+4,40,14,7,5,1d10+4,1d6+4,0.0,B
9775,40,14,6,5,1d12+4,1d8+4,40,17,8,5,1d12+4,1d8+4,4.0,B
9776,40,17,8,3,1d12+4,1d6+4,40,14,7,4,1d10+4,1d8+4,1.0,A
9777,40,17,5,3,1d10+4,1d8+4,40,15,8,4,1d12+4,1d8+4,8.0,A
9778,40,18,5,3,1d10+4,1d8+4,40,16,8,4,1d10+4,1d6+4,10.0,B
9779,40,16,6,5,1d8+4,1d6+4,40,14,7,5,1d12+4,1d6+4,1.0,A
9780,40,16,8,4,1d12+4,1d6+4,40,15,5,5,1d10+4,1d6+4,9.0,A
9781,40,15,8,3,1d10+4,1d6+4,40,16,5,4,1d8+4,1d6+4,6.0,B
9782,40,14,6,3,1d8+4,1d8+4,40,18,7,5,1d10+4,1d8+4,10.0,B
9783,40,14,7,3,1d8+4,1d6+4,40,15,7,5,1d12+4,1d8+4,0.0,B
9784,40,17,5,3,1d10+4,1d8+4,40,14,7,4,1d12+4,1d8+4,9.0,A
9785,40,16,7,3,1d8+4,1d8+4,40,15,5,4,1d10+4,1d6+4,9.0,A
9786,40,16,6,5,1d8+4,1d6+4,40,14,7,3,1d10+4,1d6+4,2.0,A
9787,40,18,5,5,1d12+4,1d8+4,40,14,7,3,1d8+4,1d6+4,5.0,A
9788,40,17,5,4,1d8+4,1d8+4,40,14,6,3,1d12+4,1d8+4,2.0,A
9789,40,17,6,4,1d12+4,1d8+4,40,18,7,4,1d10+4,1d8+4,1.0,B
9790,40,15,8,5,1d8+4,1d6+4,40,18,7,5,1d12+4,1d6+4,10.0,B
9791,40,18,7,3,1d10+4,1d8+4,40,15,8,4,1d10+4,1d6+4,4.0,B
9792,40,14,8,3,1d12+4,1d8+4,40,16,7,4,1d8+4,1d6+4,9.0,A
9793,40,15,6,5,1d12+4,1d8+4,40,18,8,4,1d12+4,1d6+4,8.0,A
9794,40,14,8,3,1d12+4,1d8+4,40,16,7,4,1d12+4,1d6+4,8.0,A
9795,40,17,8,4,1d10+4,1d6+4,40,15,6,5,1d8+4,1d8+4,5.0,A
9796,40,16,5,4,1d8+4,1d8+4,40,14,8,5,1d10+4,1d6+4,5.0,A
9797,40,17,6,3,1d10+4,1d8+4,40,18,8,3,1d10+4,1d8+4,7.0,B
9798,40,16,5,3,1d12+4,1d8+4,40,14,7,5,1d10+4,1d8+4,6.0,A
9799,40,16,6,5,1d10+4,1d6+4,40,15,8,4,1d12+4,1d6+4,8.0,A
9800,40,15,6,3,1d12+4,1d6+4,40,18,5,4,1d8+4,1d8+4,5.0,B
9801,40,18,8,5,1d10+4,1d8+4,40,16,7,4,1d12+4,1d8+4,1.0,B
9802,40,15,5,3,1d12+4,1d6+4,40,18,6,5,1d8+4,1d8+4,4.0,A
9803,40,16,5,4,1d12+4,1d6+4,40,15,5,4,1d8+4,1d6+4,8.0,A
9804,40,14,6,4,1d12+4,1d6+4,40,14,7,3,1d12+4,1d8+4,2.0,A
9805,40,15,5,5,1d12+4,1d8+4,40,17,7,5,1d12+4,1d8+4,6.0,A
9806,40,15,7,4,1d8+4,1d8+4,40,18,5,3,1d8+4,1d8+4,8.0,A
9807,40,14,5,5,1d10+4,1d8+4,40,14,6,4,1d12+4,1d8+4,0.0,A
9808,40,16,6,5,1d10+4,1d6+4,40,18,7,5,1d10+4,1d8+4,9.0,B
9809,40,15,7,5,1d10+4,1d8+4,40,16,6,4,1d12+4,1d6+4,3.0,B
9810,40,16,5,4,1d8+4,1d6+4,40,17,8,3,1d12+4,1d6+4,4.0,B
9811,40,18,5,3,1d10+4,1d8+4,40,14,8,3,1d10+4,1d6+4,10.0,A
9812,40,18,5,4,1d8+4,1d8+4,40,17,8,4,1d10+4,1d8+4,4.0,B
9813,40,17,8,5,1d12+4,1d8+4,40,18,7,4,1d8+4,1d6+4,7.0,A
9814,40,17,5,5,1d12+4,1d6+4,40,15,8,3,1d10+4,1d8+4,9.0,A
9815,40,18,8,3,1d8+4,1d8+4,40,17,6,5,1d12+4,1d6+4,3.0,A
9816,40,18,6,4,1d12+4,1d8+4,40,16,8,4,1d10+4,1d6+4,9.0,A
9817,40,18,5,3,1d12+4,1d6+4,40,18,5,4,1d8+4,1d6+4,8.0,A
9818,40,16,7,4,1d12+4,1d6+4,40,17,6,3,1d10+4,1d6+4,10.0,A
9819,40,16,7,3,1d8+4,1d6+4,40,15,7,3,1d8+4,1d6+4,8.0,A
9820,40,18,5,3,1d12+4,1d8+4,40,15,5,4,1d8+4,1d6+4,5.0,A
9821,40,14,8,5,1d10+4,1d6+4,40,16,8,5,1d10+4,1d8+4,0.0,A
9822,40,16,7,5,1d10+4,1d6+4,40,16,7,5,1d8+4,1d8+4,8.0,B
9823,40,17,7,3,1d10+4,1d6+4,40,18,5,4,1d8+4,1d6+4,7.0,A
9824,40,17,5,3,1d12+4,1d6+4,40,16,6,3,1d12+4,1d6+4,8.0,B
9825,40,18,5,3,1d10+4,1d6+4,40,15,7,4,1d12+4,1d8+4,0.0,A
9826,40,17,7,4,1d8+4,1d8+4,40,15,5,4,1d8+4,1d6+4,5.0,A
9827,40,14,8,4,1d12+4,1d6+4,40,14,6,3,1d8+4,1d8+4,6.0,B
9828,40,18,7,3,1d12+4,1d6+4,40,15,7,3,1d8+4,1d6+4,8.0,B
9829,40,18,8,3,1d8+4,1d8+4,40,17,5,3,1d12+4,1d8+4,5.0,A
9830,40,17,6,3,1d10+4,1d8+4,40,16,6,3,1d12+4,1d6+4,6.0,B
9831,40,14,7,5,1d12+4,1d8+4,40,18,7,3,1d10+4,1d6+4,4.0,B
9832,40,17,5,4,1d8+4,1d6+4,40,14,5,5,1d12+4,1d6+4,9.0,B
9833,40,14,7,3,1d12+4,1d8+4,40,16,6,3,1d10+4,1d6+4,1.0,A
9834,40,14,6,5,1d10+4,1d8+4,40,16,7,3,1d8+4,1d6+4,4.0,B
9835,40,15,6,4,1d8+4,1d6+4,40,18,7,4,1d8+4,1d6+4,9.0,B
9836,40,14,7,5,1d12+4,1d6+4,40,15,7,4,1d10+4,1d6+4,7.0,A
9837,40,16,6,5,1d12+4,1d6+4,40,18,7,3,1d12+4,1d6+4,4.0,B
9838,40,17,5,4,1d12+4,1d6+4,40,15,5,5,1d8+4,1d6+4,7.0,A
9839,40,18,6,3,1d8+4,1d8+4,40,16,8,5,1d10+4,1d8+4,5.0,B
9840,40,14,6,5,1d10+4,1d6+4,40,16,5,4,1d12+4,1d8+4,0.0,B
9841,40,17,8,3,1d12+4,1d6+4,40,16,6,5,1d12+4,1d6+4,3.0,A
9842,40,14,8,4,1d12+4,1d6+4,40,15,8,4,1d10+4,1d6+4,4.0,B
9843,40,16,5,3,1d8+4,1d6+4,40,14,5,5,1d10+4,1d8+4,1.0,B
9844,40,15,6,3,1d12+4,1d8+4,40,18,8,5,1d12+4,1d8+4,5.0,A
9845,40,17,6,5,1d8+4,1d6+4,40,14,8,5,1d10+4,1d6+4,1.0,B
9846,40,14,6,4,1d12+4,1d8+4,40,18,7,5,1d12+4,1d8+4,2.0,B
9847,40,14,5,3,1d12+4,1d6+4,40,16,8,4,1d8+4,1d8+4,1.0,A
9848,40,18,5,3,1d12+4,1d6+4,40,18,6,5,1d8+4,1d8+4,0.0,B
9849,40,14,8,5,1d12+4,1d6+4,40,18,8,3,1d10+4,1d8+4,3.0,B
9850,40,18,7,4,1d10+4,1d6+4,40,15,6,4,1d8+4,1d6+4,5.0,A
9851,40,14,6,5,1d12+4,1d8+4,40,16,7,5,1d12+4,1d8+4,1.0,B
9852,40,16,8,4,1d10+4,1d6+4,40,17,5,3,1d8+4,1d6+4,7.0,A
9853,40,18,6,5,1d10+4,1d8+4,40,18,8,3,1d8+4,1d6+4,5.0,B
9854,40,14,6,4,1d10+4,1d6+4,40,15,8,3,1d10+4,1d8+4,1.0,B
9855,40,18,6,5,1d12+4,1d8+4,40,14,7,5,1d12+4,1d8+4,1.0,A
9856,40,16,8,3,1d8+4,1d8+4,40,15,6,4,1d12+4,1d6+4,4.0,B
9857,40,15,6,5,1d12+4,1d8+4,40,16,8,5,1d10+4,1d8+4,10.0,A
9858,40,17,5,4,1d10+4,1d6+4,40,15,7,3,1d8+4,1d8+4,3.0,A
9859,40,14,8,5,1d10+4,1d8+4,40,17,5,3,1d10+4,1d8+4,9.0,B
9860,40,17,7,5,1d12+4,1d6+4,40,15,8,4,1d12+4,1d6+4,0.0,B
9861,40,15,5,3,1d8+4,1d8+4,40,14,5,5,1d10+4,1d8+4,7.0,A
9862,40,14,5,4,1d10+4,1d8+4,40,16,7,5,1d8+4,1d6+4,6.0,B
9863,40,15,5,3,1d8+4,1d8+4,40,14,7,3,1d8+4,1d8+4,10.0,B
9864,40,17,7,3,1d10+4,1d8+4,40,17,5,5,1d10+4,1d8+4,10.0,A
9865,40,14,5,5,1d8+4,1d6+4,40,17,6,3,1d12+4,1d8+4,2.0,B
9866,40,18,8,4,1d8+4,1d8+4,40,17,6,4,1d8+4,1d6+4,8.0,A
9867,40,17,7,5,1d8+4,1d6+4,40,16,6,5,1d10+4,1d6+4,10.0,A
9868,40,15,7,3,1d12+4,1d8+4,40,15,5,4,1d8+4,1d8+4,8.0,A
9869,40,16,5,5,1d12+4,1d8+4,40,14,5,5,1d12+4,1d8+4,6.0,A
9870,40,18,8,4,1d12+4,1d8+4,40,17,8,3,1d8+4,1d6+4,1.0,A
9871,40,15,5,4,1d10+4,1d6+4,40,14,8,3,1d12+4,1d6+4,5.0,A
9872,40,15,6,5,1d12+4,1d8+4,40,17,7,4,1d8+4,1d8+4,3.0,A
9873,40,17,8,5,1d10+4,1d8+4,40,17,8,4,1d12+4,1d6+4,2.0,A
9874,40,16,7,4,1d10+4,1d8+4,40,14,8,5,1d8+4,1d6+4,4.0,A
9875,40,14,6,4,1d12+4,1d6+4,40,17,7,3,1d12+4,1d8+4,6.0,A
9876,40,16,7,5,1d8+4,1d8+4,40,17,8,5,1d12+4,1d6+4,9.0,B
9877,40,14,8,4,1d12+4,1d8+4,40,16,8,3,1d8+4,1d6+4,8.0,B
9878,40,15,5,5,1d10+4,1d8+4,40,18,8,4,1d12+4,1d8+4,3.0,B
9879,40,16,7,4,1d10+4,1d8+4,40,17,6,4,1d10+4,1d6+4,1.0,A
9880,40,14,7,5,1d10+4,1d6+4,40,15,6,4,1d10+4,1d6+4,8.0,A
9881,40,15,8,3,1d8+4,1d8+4,40,18,8,4,1d8+4,1d8+4,5.0,B
9882,40,14,8,3,1d10+4,1d8+4,40,18,5,5,1d12+4,1d6+4,4.0,A
9883,40,17,7,5,1d12+4,1d8+4,40,18,5,4,1d8+4,1d8+4,10.0,A
9884,40,18,7,4,1d12+4,1d8+4,40,17,6,3,1d10+4,1d6+4,5.0,A
9885,40,15,6,3,1d10+4,1d6+4,40,18,8,5,1d12+4,1d8+4,1.0,A
9886,40,18,6,3,1d12+4,1d8+4,40,14,8,3,1d12+4,1d8+4,10.0,B
9887,40,16,5,4,1d8+4,1d6+4,40,15,7,5,1d8+4,1d8+4,5.0,A
9888,40,16,8,3,1d12+4,1d6+4,40,18,7,4,1d12+4,1d6+4,7.0,A
9889,40,14,6,3,1d10+4,1d8+4,40,15,7,4,1d12+4,1d8+4,8.0,A
9890,40,18,7,5,1d12+4,1d6+4,40,16,8,4,1d8+4,1d8+4,5.0,B
9891,40,16,6,4,1d12+4,1d6+4,40,17,6,4,1d12+4,1d6+4,5.0,A
9892,40,18,8,5,1d10+4,1d8+4,40,15,7,4,1d8+4,1d6+4,9.0,A
9893,40,17,6,3,1d12+4,1d8+4,40,17,5,5,1d10+4,1d8+4,2.0,A
9894,40,18,7,4,1d12+4,1d8+4,40,18,5,4,1d12+4,1d8+4,3.0,A
9895,40,15,8,5,1d12+4,1d8+4,40,16,7,3,1d10+4,1d6+4,6.0,A
9896,40,14,6,3,1d8+4,1d6+4,40,14,7,3,1d8+4,1d6+4,5.0,B
9897,40,16,6,3,1d10+4,1d6+4,40,18,7,4,1d12+4,1d8+4,7.0,B
9898,40,16,7,4,1d10+4,1d8+4,40,16,6,4,1d8+4,1d8+4,9.0,A
9899,40,17,6,4,1d8+4,1d8+4,40,18,8,5,1d8+4,1d6+4,1.0,B
9900,40,18,7,5,1d8+4,1d6+4,40,17,7,3,1d10+4,1d8+4,0.0,B
9901,40,16,5,3,1d12+4,1d8+4,40,15,8,5,1d8+4,1d6+4,10.0,A
9902,40,17,7,5,1d10+4,1d6+4,40,14,6,4,1d8+4,1d6+4,10.0,A
9903,40,17,8,3,1d8+4,1d6+4,40,14,8,4,1d12+4,1d8+4,2.0,B
9904,40,14,8,5,1d10+4,1d8+4,40,16,5,4,1d10+4,1d6+4,10.0,A
9905,40,17,5,4,1d8+4,1d8+4,40,14,6,5,1d8+4,1d6+4,8.0,B
9906,40,14,7,5,1d10+4,1d8+4,40,15,8,5,1d10+4,1d8+4,6.0,B
9907,40,18,8,5,1d10+4,1d8+4,40,16,8,5,1d8+4,1d6+4,0.0,B
9908,40,17,8,5,1d10+4,1d6+4,40,16,8,5,1d12+4,1d8+4,4.0,B
9909,40,14,6,3,1d10+4,1d8+4,40,16,6,4,1d12+4,1d8+4,5.0,A
9910,40,14,6,3,1d10+4,1d6+4,40,15,5,3,1d10+4,1d8+4,6.0,B
9911,40,15,6,4,1d12+4,1d8+4,40,17,5,4,1d12+4,1d8+4,9.0,A
9912,40,17,5,5,1d8+4,1d6+4,40,15,8,5,1d12+4,1d6+4,0.0,B
9913,40,14,5,3,1d10+4,1d6+4,40,18,6,5,1d12+4,1d6+4,4.0,B
9914,40,16,5,4,1d8+4,1d6+4,40,17,5,5,1d12+4,1d8+4,5.0,A
9915,40,18,5,5,1d10+4,1d8+4,40,18,7,3,1d12+4,1d8+4,2.0,A
9916,40,15,8,5,1d10+4,1d6+4,40,18,8,4,1d12+4,1d6+4,7.0,A
9917,40,18,7,5,1d12+4,1d6+4,40,14,5,5,1d12+4,1d8+4,7.0,A
9918,40,16,7,5,1d10+4,1d8+4,40,17,5,5,1d12+4,1d6+4,8.0,A
9919,40,16,8,3,1d12+4,1d8+4,40,18,6,5,1d8+4,1d8+4,4.0,A
9920,40,15,6,5,1d12+4,1d8+4,40,16,5,4,1d10+4,1d6+4,2.0,B
9921,40,16,7,5,1d10+4,1d6+4,40,16,7,5,1d12+4,1d6+4,10.0,B
9922,40,14,7,5,1d12+4,1d6+4,40,17,5,5,1d8+4,1d8+4,7.0,B
9923,40,16,5,3,1d8+4,1d8+4,40,18,5,3,1d10+4,1d8+4,8.0,B
9924,40,15,8,4,1d10+4,1d8+4,40,15,6,4,1d10+4,1d6+4,6.0,A
9925,40,17,7,4,1d12+4,1d8+4,40,18,5,5,1d8+4,1d6+4,6.0,B
9926,40,14,6,4,1d8+4,1d6+4,40,16,5,5,1d12+4,1d6+4,10.0,A
9927,40,18,6,5,1d8+4,1d8+4,40,17,8,4,1d8+4,1d6+4,6.0,B
9928,40,17,7,3,1d12+4,1d6+4,40,14,7,5,1d10+4,1d6+4,9.0,A
9929,40,14,6,4,1d10+4,1d8+4,40,14,5,5,1d8+4,1d6+4,3.0,A
9930,40,16,5,3,1d12+4,1d8+4,40,14,5,5,1d12+4,1d8+4,10.0,B
9931,40,15,7,5,1d8+4,1d8+4,40,18,6,4,1d12+4,1d6+4,0.0,A
9932,40,15,6,5,1d10+4,1d6+4,40,15,5,4,1d8+4,1d8+4,5.0,B
9933,40,18,7,5,1d12+4,1d6+4,40,17,6,5,1d12+4,1d6+4,5.0,A
9934,40,14,5,5,1d8+4,1d6+4,40,18,6,3,1d12+4,1d6+4,8.0,B
9935,40,15,7,4,1d8+4,1d6+4,40,18,5,4,1d12+4,1d8+4,5.0,B
9936,40,15,7,3,1d8+4,1d6+4,40,15,5,4,1d12+4,1d8+4,3.0,A
9937,40,15,7,4,1d12+4,1d8+4,40,17,5,4,1d12+4,1d8+4,6.0,A
9938,40,17,5,5,1d8+4,1d8+4,40,16,7,4,1d8+4,1d6+4,1.0,B
9939,40,16,7,4,1d12+4,1d6+4,40,16,6,3,1d8+4,1d6+4,9.0,B
9940,40,18,8,3,1d10+4,1d6+4,40,15,8,4,1d12+4,1d6+4,4.0,B
9941,40,15,8,4,1d8+4,1d8+4,40,15,6,5,1d8+4,1d8+4,3.0,A
9942,40,14,6,3,1d12+4,1d6+4,40,16,6,5,1d10+4,1d8+4,10.0,B
9943,40,15,6,3,1d10+4,1d6+4,40,17,8,5,1d8+4,1d6+4,9.0,A
9944,40,14,8,5,1d12+4,1d6+4,40,14,5,3,1d10+4,1d6+4,9.0,A
9945,40,18,8,5,1d10+4,1d6+4,40,18,6,4,1d8+4,1d6+4,7.0,A
9946,40,17,8,3,1d10+4,1d6+4,40,16,7,5,1d10+4,1d6+4,5.0,A
9947,40,16,7,5,1d8+4,1d6+4,40,17,6,5,1d10+4,1d6+4,3.0,A
9948,40,16,6,3,1d12+4,1d6+4,40,14,7,4,1d12+4,1d8+4,5.0,A
9949,40,14,5,3,1d12+4,1d8+4,40,14,7,3,1d10+4,1d6+4,10.0,A
9950,40,15,6,3,1d12+4,1d8+4,40,14,8,4,1d8+4,1d6+4,6.0,B
9951,40,16,6,4,1d12+4,1d6+4,40,17,6,4,1d8+4,1d8+4,8.0,B
9952,40,18,8,4,1d8+4,1d8+4,40,15,6,3,1d8+4,1d6+4,2.0,A
9953,40,14,5,4,1d10+4,1d8+4,40,14,8,5,1d12+4,1d8+4,7.0,B
9954,40,16,6,4,1d12+4,1d8+4,40,18,7,5,1d8+4,1d8+4,10.0,A
9955,40,15,7,3,1d8+4,1d6+4,40,16,8,5,1d8+4,1d6+4,8.0,A
9956,40,15,8,3,1d12+4,1d8+4,40,16,8,5,1d12+4,1d6+4,5.0,A
9957,40,18,5,5,1d8+4,1d8+4,40,18,6,3,1d10+4,1d8+4,9.0,B
9958,40,15,8,5,1d12+4,1d6+4,40,18,5,3,1d10+4,1d6+4,7.0,A
9959,40,16,5,3,1d8+4,1d8+4,40,15,7,4,1d12+4,1d8+4,3.0,B
9960,40,14,5,3,1d10+4,1d8+4,40,15,5,5,1d12+4,1d6+4,7.0,B
9961,40,16,7,5,1d12+4,1d8+4,40,14,7,4,1d10+4,1d6+4,4.0,A
9962,40,17,7,5,1d8+4,1d6+4,40,17,7,4,1d8+4,1d8+4,8.0,A
9963,40,16,5,5,1d12+4,1d8+4,40,17,7,5,1d12+4,1d6+4,5.0,B
9964,40,18,8,4,1d10+4,1d6+4,40,18,8,4,1d12+4,1d8+4,6.0,B
9965,40,16,5,5,1d10+4,1d6+4,40,17,8,4,1d10+4,1d8+4,2.0,B
9966,40,18,6,5,1d10+4,1d6+4,40,18,6,4,1d8+4,1d8+4,2.0,B
9967,40,17,7,5,1d8+4,1d8+4,40,15,6,5,1d8+4,1d6+4,10.0,B
9968,40,17,7,3,1d10+4,1d6+4,40,14,5,5,1d12+4,1d8+4,1.0,A
9969,40,16,6,5,1d10+4,1d6+4,40,16,6,3,1d8+4,1d8+4,9.0,B
9970,40,15,6,4,1d8+4,1d6+4,40,15,8,5,1d8+4,1d6+4,0.0,A
9971,40,17,7,4,1d8+4,1d6+4,40,15,6,3,1d10+4,1d6+4,9.0,A
9972,40,17,5,5,1d12+4,1d8+4,40,14,8,3,1d8+4,1d6+4,7.0,A
9973,40,18,7,5,1d8+4,1d6+4,40,18,8,3,1d12+4,1d6+4,2.0,A
9974,40,15,5,4,1d12+4,1d8+4,40,17,7,5,1d8+4,1d8+4,3.0,B
9975,40,16,5,5,1d8+4,1d6+4,40,18,5,4,1d12+4,1d6+4,0.0,B
9976,40,15,5,4,1d10+4,1d8+4,40,16,5,5,1d12+4,1d6+4,10.0,B
9977,40,15,7,5,1d10+4,1d6+4,40,14,7,4,1d12+4,1d8+4,5.0,B
9978,40,17,8,4,1d10+4,1d8+4,40,14,6,5,1d10+4,1d8+4,0.0,A
9979,40,18,5,3,1d8+4,1d8+4,40,18,8,5,1d12+4,1d6+4,10.0,B
9980,40,17,5,4,1d8+4,1d6+4,40,14,6,3,1d10+4,1d8+4,8.0,B
9981,40,14,5,4,1d8+4,1d6+4,40,18,6,3,1d8+4,1d6+4,7.0,B
9982,40,14,7,4,1d12+4,1d6+4,40,16,5,5,1d12+4,1d6+4,7.0,A
9983,40,18,8,5,1d8+4,1d6+4,40,18,8,4,1d10+4,1d8+4,7.0,B
9984,40,14,8,3,1d10+4,1d6+4,40,15,5,4,1d8+4,1d8+4,5.0,B
9985,40,15,8,5,1d12+4,1d6+4,40,15,5,4,1d8+4,1d8+4,9.0,A
9986,40,16,5,5,1d10+4,1d8+4,40,16,6,5,1d12+4,1d6+4,1.0,A
9987,40,15,8,4,1d12+4,1d8+4,40,15,8,5,1d8+4,1d8+4,5.0,B
9988,40,15,7,4,1d10+4,1d8+4,40,17,7,4,1d12+4,1d6+4,9.0,B
9989,40,16,6,5,1d10+4,1d6+4,40,14,8,5,1d8+4,1d8+4,2.0,B
9990,40,14,8,4,1d8+4,1d8+4,40,14,6,4,1d8+4,1d6+4,5.0,B
9991,40,15,7,4,1d8+4,1d8+4,40,17,8,4,1d12+4,1d6+4,5.0,B
9992,40,16,8,3,1d10+4,1d6+4,40,18,7,4,1d10+4,1d6+4,7.0,B
9993,40,14,8,3,1d12+4,1d6+4,40,16,6,4,1d12+4,1d6+4,10.0,B
9994,40,15,8,3,1d10+4,1d6+4,40,17,8,5,1d8+4,1d8+4,7.0,B
9995,40,14,7,4,1d12+4,1d6+4,40,16,8,3,1d12+4,1d6+4,7.0,A
9996,40,14,8,5,1d12+4,1d8+4,40,14,7,5,1d12+4,1d6+4,7.0,B
9997,40,14,5,4,1d12+4,1d6+4,40,16,5,3,1d8+4,1d8+4,3.0,A
9998,40,17,5,5,1d8+4,1d8+4,40,14,5,4,1d10+4,1d6+4,10.0,A
9999,40,14,7,5,1d10+4,1d8+4,40,18,7,4,1d12+4,1d6+4,0.0,B
10000,40,15,8,5,1d10+4,1d8+4,40,18,7,5,1d12+4,1d8+4,6.0,B
