fight_id,A_hp,A_ac,A_attack_bonus,A_speed,A_dmg_main,A_dmg_backup,B_hp,B_ac,B_attack_bonus,B_speed,B_dmg_main,B_dmg_backup,starting_distance,winner
1,50,16,8,3,1d8+4,1d8+4,46,14,8,4,1d12+4,1d8+4,0.0,A
2,33,14,8,4,1d10+4,1d8+4,31,15,8,5,1d8+4,1d6+4,2.0,A
3,40,18,7,4,1d10+4,1d8+4,50,18,8,3,1d10+4,1d8+4,7.0,B
4,31,16,8,4,1d10+4,1d6+4,31,18,8,3,1d10+4,1d6+4,10.0,A
5,45,18,8,4,1d8+4,1d6+4,43,18,7,3,1d10+4,1d6+4,5.0,B
6,38,15,7,4,1d10+4,1d6+4,30,15,7,4,1d10+4,1d6+4,9.0,A
7,31,14,7,3,1d12+4,1d8+4,32,14,5,5,1d12+4,1d8+4,7.0,B
8,31,15,6,3,1d8+4,1d6+4,32,14,8,4,1d8+4,1d8+4,0.0,A
9,37,16,8,5,1d12+4,1d8+4,42,17,6,3,1d10+4,1d6+4,4.0,A
10,40,14,8,3,1d8+4,1d6+4,34,15,8,5,1d12+4,1d8+4,3.0,A
11,45,17,7,5,1d12+4,1d8+4,38,17,6,5,1d12+4,1d8+4,6.0,A
12,43,17,6,5,1d8+4,1d8+4,43,14,6,5,1d8+4,1d8+4,8.0,A
13,35,18,5,5,1d8+4,1d6+4,34,17,7,5,1d12+4,1d6+4,5.0,A
14,50,14,7,4,1d12+4,1d8+4,44,17,7,4,1d10+4,1d8+4,0.0,B
15,34,15,6,3,1d12+4,1d6+4,30,17,5,3,1d12+4,1d8+4,5.0,B
16,30,17,5,4,1d12+4,1d6+4,34,16,8,5,1d8+4,1d6+4,10.0,A
17,50,16,6,5,1d8+4,1d6+4,46,14,5,4,1d12+4,1d8+4,9.0,A
18,44,15,7,5,1d10+4,1d8+4,34,17,8,4,1d12+4,1d8+4,4.0,A
19,38,16,5,3,1d10+4,1d6+4,33,17,6,5,1d10+4,1d6+4,10.0,A
20,44,16,5,3,1d10+4,1d6+4,34,18,6,3,1d8+4,1d6+4,2.0,B
21,38,18,8,5,1d8+4,1d8+4,45,17,6,4,1d8+4,1d6+4,3.0,A
22,42,16,8,3,1d12+4,1d8+4,49,18,8,3,1d10+4,1d8+4,3.0,B
23,42,14,7,4,1d8+4,1d6+4,47,18,5,4,1d8+4,1d8+4,8.0,B
24,34,18,6,3,1d12+4,1d6+4,31,14,8,4,1d12+4,1d8+4,1.0,B
25,38,17,6,3,1d8+4,1d6+4,39,16,5,3,1d8+4,1d6+4,1.0,A
26,34,16,8,4,1d8+4,1d6+4,31,16,5,5,1d8+4,1d6+4,10.0,B
27,43,17,8,3,1d12+4,1d8+4,35,15,7,4,1d10+4,1d8+4,4.0,A
28,38,18,7,5,1d10+4,1d6+4,46,14,8,5,1d12+4,1d6+4,6.0,B
29,46,15,7,5,1d12+4,1d8+4,39,17,7,5,1d8+4,1d8+4,9.0,A
30,47,18,6,4,1d8+4,1d6+4,32,14,7,4,1d12+4,1d6+4,7.0,B
31,47,14,8,3,1d12+4,1d6+4,50,18,8,3,1d10+4,1d6+4,1.0,B
32,47,15,7,3,1d8+4,1d8+4,49,17,7,5,1d10+4,1d6+4,0.0,B
33,43,17,6,3,1d8+4,1d8+4,35,15,5,5,1d12+4,1d6+4,8.0,B
34,50,16,7,3,1d8+4,1d8+4,41,16,7,3,1d10+4,1d8+4,7.0,B
35,49,16,5,4,1d8+4,1d6+4,34,14,6,3,1d8+4,1d6+4,0.0,B
36,49,14,8,5,1d12+4,1d8+4,33,14,5,5,1d8+4,1d8+4,9.0,A
37,47,18,5,5,1d10+4,1d8+4,47,16,7,5,1d12+4,1d8+4,4.0,B
38,37,14,7,3,1d10+4,1d8+4,47,15,5,5,1d12+4,1d8+4,9.0,B
39,39,17,5,5,1d8+4,1d6+4,31,15,5,4,1d8+4,1d6+4,8.0,A
40,46,14,5,4,1d12+4,1d8+4,50,15,5,5,1d10+4,1d8+4,3.0,B
41,38,14,7,3,1d8+4,1d6+4,44,17,8,5,1d8+4,1d8+4,8.0,B
42,48,17,8,5,1d8+4,1d6+4,44,14,8,4,1d12+4,1d8+4,4.0,B
43,49,16,7,5,1d10+4,1d6+4,33,16,8,4,1d12+4,1d6+4,6.0,B
44,39,17,5,4,1d12+4,1d6+4,47,18,5,3,1d12+4,1d6+4,3.0,B
45,44,14,6,3,1d8+4,1d6+4,30,17,7,4,1d8+4,1d8+4,1.0,B
46,50,16,7,5,1d10+4,1d8+4,42,16,8,4,1d8+4,1d8+4,0.0,B
47,32,15,7,4,1d12+4,1d6+4,38,14,5,5,1d12+4,1d8+4,2.0,A
48,48,15,6,4,1d12+4,1d8+4,39,15,8,4,1d8+4,1d8+4,7.0,B
49,31,18,5,3,1d10+4,1d8+4,46,16,8,4,1d12+4,1d8+4,0.0,A
50,49,17,7,4,1d8+4,1d6+4,47,15,8,3,1d8+4,1d8+4,1.0,A
51,34,18,7,4,1d10+4,1d6+4,32,18,7,5,1d12+4,1d8+4,1.0,A
52,39,18,5,5,1d12+4,1d6+4,46,14,7,4,1d12+4,1d8+4,9.0,B
53,36,17,5,5,1d12+4,1d6+4,46,17,7,5,1d8+4,1d8+4,8.0,A
54,30,14,6,3,1d8+4,1d6+4,30,14,5,4,1d12+4,1d6+4,7.0,A
55,43,14,8,5,1d8+4,1d6+4,40,18,8,5,1d8+4,1d8+4,6.0,B
56,31,15,5,3,1d12+4,1d8+4,46,17,6,5,1d10+4,1d8+4,2.0,B
57,39,15,6,5,1d10+4,1d6+4,36,17,6,3,1d10+4,1d6+4,2.0,B
58,36,17,5,5,1d12+4,1d8+4,41,16,6,3,1d10+4,1d6+4,8.0,B
59,39,14,5,4,1d10+4,1d6+4,30,14,5,5,1d10+4,1d8+4,8.0,A
60,32,16,7,4,1d10+4,1d8+4,47,14,5,4,1d10+4,1d8+4,8.0,B
61,33,18,7,5,1d12+4,1d6+4,42,16,8,3,1d10+4,1d8+4,6.0,B
62,42,16,5,5,1d12+4,1d8+4,47,14,5,4,1d10+4,1d8+4,1.0,B
63,46,17,6,5,1d8+4,1d8+4,38,14,6,3,1d8+4,1d8+4,7.0,A
64,30,16,5,5,1d12+4,1d6+4,47,16,7,5,1d8+4,1d8+4,5.0,A
65,34,14,7,4,1d12+4,1d6+4,34,15,5,3,1d10+4,1d6+4,0.0,A
66,50,15,8,3,1d12+4,1d6+4,33,18,7,5,1d10+4,1d6+4,3.0,A
67,36,16,7,5,1d10+4,1d8+4,47,17,6,3,1d8+4,1d8+4,8.0,A
68,43,18,6,3,1d12+4,1d6+4,31,16,6,5,1d8+4,1d6+4,4.0,A
69,38,17,5,5,1d8+4,1d6+4,50,14,6,4,1d12+4,1d8+4,3.0,A
70,42,14,8,3,1d12+4,1d6+4,31,14,5,5,1d12+4,1d8+4,9.0,B
71,35,17,5,3,1d12+4,1d6+4,31,17,5,3,1d10+4,1d8+4,4.0,B
72,49,14,5,3,1d10+4,1d8+4,46,14,5,4,1d8+4,1d6+4,4.0,A
73,34,15,5,3,1d10+4,1d6+4,40,15,8,4,1d8+4,1d6+4,0.0,A
74,48,14,5,4,1d12+4,1d8+4,39,14,7,3,1d10+4,1d6+4,6.0,A
75,47,15,7,4,1d10+4,1d6+4,35,16,6,5,1d8+4,1d6+4,7.0,B
76,41,14,6,5,1d10+4,1d8+4,47,15,5,4,1d12+4,1d8+4,10.0,A
77,38,18,5,3,1d10+4,1d6+4,50,15,8,5,1d12+4,1d6+4,7.0,A
78,41,15,6,5,1d10+4,1d8+4,48,17,5,5,1d8+4,1d8+4,10.0,A
79,38,16,7,4,1d10+4,1d8+4,45,16,7,3,1d12+4,1d8+4,0.0,B
80,46,14,5,5,1d8+4,1d6+4,39,17,6,3,1d12+4,1d6+4,9.0,B
81,45,18,6,3,1d10+4,1d6+4,48,15,7,4,1d12+4,1d8+4,2.0,B
82,43,14,8,4,1d8+4,1d6+4,30,16,6,4,1d8+4,1d6+4,2.0,B
83,50,16,5,3,1d10+4,1d8+4,38,15,8,4,1d10+4,1d6+4,0.0,B
84,30,16,7,5,1d8+4,1d6+4,32,18,7,3,1d8+4,1d6+4,4.0,A
85,36,15,7,4,1d8+4,1d6+4,32,15,6,3,1d10+4,1d8+4,3.0,B
86,34,17,8,3,1d12+4,1d8+4,45,17,5,5,1d12+4,1d8+4,1.0,B
87,43,18,7,5,1d12+4,1d6+4,39,17,7,3,1d10+4,1d8+4,0.0,A
88,47,18,7,4,1d12+4,1d6+4,49,18,7,4,1d10+4,1d6+4,6.0,B
89,49,18,7,5,1d12+4,1d8+4,42,17,7,4,1d10+4,1d6+4,4.0,A
90,47,18,6,4,1d8+4,1d6+4,50,16,7,5,1d8+4,1d8+4,8.0,B
91,46,14,7,4,1d12+4,1d6+4,43,17,6,3,1d12+4,1d6+4,1.0,A
92,39,18,7,4,1d10+4,1d6+4,32,16,6,5,1d10+4,1d6+4,7.0,B
93,45,16,6,4,1d12+4,1d8+4,35,16,8,4,1d12+4,1d8+4,7.0,A
94,33,15,7,4,1d10+4,1d6+4,34,14,7,5,1d8+4,1d6+4,8.0,A
95,30,14,6,5,1d12+4,1d8+4,30,16,6,3,1d8+4,1d8+4,2.0,B
96,47,17,6,3,1d10+4,1d8+4,42,18,6,3,1d8+4,1d8+4,1.0,B
97,42,15,7,3,1d8+4,1d8+4,30,15,7,3,1d8+4,1d8+4,9.0,A
98,34,17,5,4,1d12+4,1d6+4,41,17,6,3,1d10+4,1d6+4,9.0,B
99,36,14,5,5,1d10+4,1d6+4,30,18,5,3,1d12+4,1d8+4,5.0,A
100,35,17,7,4,1d12+4,1d8+4,43,14,7,3,1d8+4,1d8+4,4.0,B
101,48,14,7,4,1d12+4,1d6+4,48,15,8,5,1d10+4,1d8+4,2.0,A
102,49,14,5,4,1d10+4,1d6+4,48,18,6,4,1d12+4,1d8+4,1.0,B
103,37,15,5,5,1d10+4,1d6+4,50,14,5,5,1d10+4,1d6+4,4.0,B
104,37,17,7,3,1d10+4,1d6+4,34,18,5,4,1d12+4,1d6+4,8.0,A
105,35,18,5,5,1d8+4,1d8+4,37,18,8,3,1d8+4,1d8+4,1.0,A
106,44,16,8,4,1d8+4,1d6+4,50,14,7,4,1d8+4,1d8+4,4.0,A
107,30,16,7,3,1d12+4,1d6+4,30,15,7,3,1d8+4,1d8+4,4.0,B
108,38,17,7,3,1d8+4,1d6+4,50,14,5,5,1d10+4,1d8+4,10.0,B
109,44,14,6,3,1d8+4,1d8+4,32,17,6,5,1d10+4,1d6+4,0.0,A
110,37,14,8,3,1d12+4,1d6+4,39,15,5,4,1d10+4,1d6+4,4.0,A
111,34,15,6,4,1d8+4,1d8+4,38,17,8,4,1d8+4,1d6+4,9.0,A
112,47,18,5,3,1d8+4,1d6+4,35,14,8,3,1d8+4,1d8+4,6.0,B
113,30,15,5,5,1d10+4,1d8+4,30,18,5,5,1d10+4,1d8+4,6.0,A
114,32,15,7,4,1d12+4,1d6+4,30,17,7,5,1d8+4,1d8+4,5.0,B
115,50,18,5,5,1d10+4,1d6+4,35,14,5,3,1d10+4,1d8+4,10.0,A
116,30,16,6,4,1d10+4,1d8+4,40,18,8,3,1d8+4,1d6+4,3.0,B
117,31,17,6,5,1d8+4,1d6+4,39,14,5,3,1d8+4,1d6+4,9.0,A
118,48,14,6,3,1d8+4,1d6+4,30,15,5,4,1d10+4,1d8+4,5.0,A
119,40,14,7,3,1d8+4,1d8+4,36,18,6,4,1d8+4,1d8+4,9.0,A
120,33,16,8,3,1d12+4,1d8+4,49,17,8,5,1d8+4,1d8+4,5.0,B
121,47,16,8,5,1d12+4,1d6+4,49,18,6,5,1d10+4,1d8+4,7.0,B
122,41,16,8,5,1d12+4,1d8+4,38,18,8,3,1d10+4,1d6+4,8.0,B
123,43,16,8,4,1d12+4,1d6+4,49,16,6,3,1d8+4,1d8+4,5.0,B
124,46,15,7,3,1d8+4,1d8+4,41,16,8,3,1d10+4,1d8+4,9.0,B
125,31,16,8,5,1d12+4,1d6+4,31,18,8,3,1d12+4,1d8+4,0.0,B
126,33,16,8,5,1d12+4,1d8+4,37,14,5,5,1d10+4,1d6+4,4.0,A
127,49,18,8,5,1d12+4,1d8+4,49,16,5,5,1d10+4,1d6+4,2.0,A
128,46,14,8,3,1d10+4,1d6+4,31,16,6,5,1d8+4,1d8+4,4.0,A
129,35,17,7,3,1d12+4,1d6+4,34,18,7,5,1d10+4,1d8+4,9.0,B
130,30,18,6,3,1d8+4,1d8+4,50,15,5,4,1d12+4,1d6+4,6.0,B
131,38,18,6,5,1d12+4,1d8+4,31,17,7,3,1d12+4,1d6+4,0.0,A
132,33,15,7,3,1d8+4,1d6+4,46,15,7,4,1d8+4,1d6+4,6.0,A
133,40,17,7,4,1d10+4,1d6+4,34,16,8,3,1d12+4,1d8+4,8.0,A
134,47,14,6,5,1d10+4,1d8+4,43,16,5,3,1d8+4,1d8+4,0.0,B
135,37,18,6,5,1d12+4,1d6+4,39,16,5,4,1d8+4,1d6+4,10.0,A
136,38,18,8,5,1d8+4,1d8+4,50,17,6,4,1d8+4,1d8+4,2.0,B
137,46,14,7,3,1d12+4,1d6+4,35,18,8,3,1d12+4,1d6+4,1.0,A
138,42,16,7,4,1d10+4,1d6+4,34,15,6,5,1d10+4,1d6+4,6.0,A
139,30,18,7,5,1d12+4,1d6+4,36,17,7,5,1d8+4,1d6+4,7.0,A
140,45,18,5,4,1d10+4,1d8+4,45,15,8,3,1d8+4,1d6+4,6.0,A
141,37,18,7,3,1d8+4,1d6+4,50,16,7,4,1d10+4,1d6+4,0.0,A
142,40,16,8,5,1d8+4,1d8+4,31,16,5,5,1d10+4,1d6+4,3.0,A
143,34,18,8,4,1d10+4,1d6+4,33,15,5,5,1d8+4,1d8+4,1.0,B
144,49,18,6,4,1d12+4,1d8+4,42,17,5,4,1d12+4,1d6+4,9.0,A
145,33,15,6,3,1d12+4,1d6+4,36,14,6,4,1d8+4,1d8+4,9.0,A
146,45,17,7,3,1d12+4,1d8+4,49,17,8,4,1d12+4,1d6+4,4.0,B
147,38,16,8,4,1d8+4,1d8+4,43,18,8,4,1d12+4,1d8+4,2.0,B
148,49,18,5,3,1d10+4,1d6+4,43,17,5,5,1d10+4,1d8+4,8.0,A
149,42,18,6,4,1d8+4,1d6+4,34,15,7,3,1d10+4,1d6+4,4.0,B
150,35,17,8,5,1d10+4,1d8+4,41,16,5,4,1d8+4,1d8+4,7.0,A
151,40,16,7,3,1d8+4,1d8+4,39,17,5,4,1d8+4,1d6+4,10.0,B
152,49,18,7,4,1d8+4,1d8+4,42,16,8,5,1d12+4,1d6+4,8.0,B
153,46,17,6,4,1d10+4,1d6+4,41,18,5,3,1d8+4,1d6+4,6.0,A
154,46,14,8,4,1d10+4,1d8+4,34,17,7,3,1d8+4,1d6+4,6.0,B
155,34,15,5,5,1d8+4,1d6+4,37,16,6,4,1d12+4,1d8+4,6.0,A
156,40,18,7,4,1d8+4,1d6+4,32,15,5,4,1d12+4,1d6+4,5.0,B
157,37,15,6,5,1d8+4,1d6+4,48,16,7,3,1d12+4,1d8+4,3.0,B
158,39,16,7,5,1d8+4,1d6+4,34,16,8,4,1d12+4,1d8+4,0.0,B
159,46,17,6,3,1d12+4,1d6+4,39,18,6,3,1d8+4,1d6+4,1.0,B
160,39,18,6,3,1d8+4,1d6+4,32,14,5,5,1d12+4,1d6+4,9.0,B
161,44,17,8,5,1d8+4,1d6+4,39,16,6,3,1d8+4,1d8+4,3.0,A
162,34,17,6,4,1d12+4,1d8+4,31,18,5,5,1d8+4,1d8+4,6.0,A
163,50,16,7,4,1d10+4,1d8+4,49,14,8,4,1d12+4,1d6+4,10.0,B
164,46,15,7,4,1d12+4,1d8+4,39,14,6,3,1d8+4,1d6+4,0.0,A
165,47,18,7,5,1d10+4,1d8+4,41,15,8,4,1d8+4,1d6+4,9.0,A
166,46,14,7,5,1d8+4,1d8+4,42,16,6,3,1d12+4,1d6+4,9.0,A
167,50,14,6,5,1d12+4,1d6+4,43,14,6,3,1d12+4,1d6+4,0.0,A
168,38,14,8,4,1d12+4,1d8+4,48,17,8,3,1d8+4,1d6+4,3.0,A
169,36,16,7,4,1d12+4,1d8+4,47,15,8,3,1d12+4,1d6+4,10.0,A
170,35,18,7,5,1d12+4,1d8+4,48,17,7,5,1d10+4,1d6+4,2.0,B
171,31,18,8,4,1d12+4,1d8+4,40,17,6,3,1d8+4,1d8+4,10.0,B
172,49,18,7,3,1d8+4,1d6+4,45,17,5,5,1d12+4,1d8+4,3.0,A
173,36,14,6,5,1d8+4,1d6+4,45,14,8,3,1d10+4,1d8+4,3.0,B
174,41,14,6,4,1d10+4,1d6+4,32,15,6,5,1d8+4,1d6+4,3.0,B
175,48,18,6,4,1d10+4,1d6+4,45,18,7,3,1d10+4,1d6+4,1.0,B
176,34,16,6,3,1d12+4,1d8+4,37,17,6,3,1d12+4,1d6+4,7.0,B
177,33,16,5,5,1d12+4,1d8+4,42,15,7,4,1d12+4,1d6+4,5.0,B
178,44,14,5,5,1d10+4,1d8+4,50,18,5,3,1d8+4,1d6+4,5.0,A
179,35,15,6,4,1d10+4,1d6+4,38,16,7,5,1d10+4,1d8+4,5.0,B
180,50,14,8,3,1d8+4,1d6+4,38,17,7,4,1d8+4,1d8+4,3.0,B
181,48,14,7,5,1d8+4,1d8+4,36,17,7,3,1d8+4,1d6+4,0.0,A
182,33,18,6,4,1d12+4,1d8+4,46,15,6,5,1d12+4,1d6+4,10.0,A
183,35,17,7,5,1d12+4,1d6+4,43,17,8,5,1d10+4,1d6+4,2.0,B
184,38,18,7,4,1d12+4,1d6+4,34,14,6,5,1d8+4,1d8+4,10.0,B
185,33,18,8,3,1d10+4,1d8+4,34,16,6,4,1d12+4,1d6+4,4.0,A
186,47,16,7,5,1d12+4,1d6+4,44,15,7,4,1d10+4,1d8+4,3.0,A
187,48,15,5,4,1d12+4,1d6+4,47,17,8,5,1d12+4,1d6+4,1.0,B
188,30,15,7,3,1d12+4,1d8+4,30,15,8,4,1d8+4,1d6+4,6.0,B
189,36,15,8,4,1d10+4,1d8+4,50,16,8,5,1d12+4,1d8+4,1.0,B
190,46,16,8,3,1d8+4,1d8+4,41,16,6,4,1d10+4,1d8+4,9.0,A
191,48,18,7,5,1d10+4,1d6+4,34,17,6,3,1d10+4,1d6+4,1.0,A
192,37,17,6,5,1d8+4,1d6+4,37,14,8,5,1d12+4,1d6+4,2.0,A
193,45,18,5,4,1d12+4,1d6+4,48,16,6,3,1d10+4,1d6+4,6.0,A
194,44,18,6,4,1d12+4,1d6+4,50,17,6,3,1d10+4,1d6+4,0.0,B
195,42,18,5,4,1d10+4,1d6+4,32,14,8,5,1d12+4,1d8+4,3.0,A
196,40,15,5,3,1d10+4,1d6+4,48,14,6,4,1d8+4,1d6+4,2.0,B
197,50,15,7,5,1d8+4,1d6+4,40,18,8,3,1d10+4,1d6+4,2.0,A
198,42,18,7,5,1d12+4,1d8+4,37,16,6,5,1d10+4,1d6+4,6.0,A
199,46,14,8,4,1d8+4,1d6+4,48,15,6,4,1d12+4,1d6+4,0.0,B
200,42,18,8,4,1d8+4,1d8+4,32,18,7,5,1d12+4,1d6+4,0.0,B
201,34,15,7,4,1d8+4,1d6+4,45,15,7,3,1d8+4,1d8+4,7.0,A
202,34,17,7,4,1d8+4,1d6+4,48,16,8,4,1d12+4,1d8+4,6.0,B
203,35,14,7,5,1d12+4,1d8+4,49,16,7,3,1d10+4,1d8+4,6.0,A
204,42,15,8,3,1d12+4,1d6+4,30,14,8,4,1d10+4,1d6+4,6.0,A
205,49,15,6,5,1d8+4,1d8+4,31,15,5,4,1d8+4,1d8+4,2.0,A
206,37,15,7,4,1d8+4,1d8+4,41,16,6,5,1d12+4,1d8+4,8.0,B
207,36,14,5,4,1d12+4,1d6+4,36,14,6,4,1d8+4,1d6+4,9.0,A
208,47,16,8,5,1d8+4,1d8+4,32,17,5,3,1d12+4,1d8+4,3.0,A
209,31,17,6,3,1d8+4,1d6+4,33,15,7,3,1d10+4,1d8+4,0.0,B
210,46,15,6,3,1d10+4,1d8+4,36,17,5,3,1d8+4,1d8+4,10.0,B
211,45,16,7,5,1d10+4,1d6+4,34,18,8,5,1d10+4,1d6+4,7.0,A
212,30,18,6,5,1d12+4,1d6+4,43,16,8,5,1d12+4,1d8+4,1.0,B
213,43,17,6,3,1d8+4,1d6+4,40,14,7,3,1d10+4,1d8+4,6.0,A
214,40,16,5,5,1d10+4,1d8+4,42,18,8,4,1d10+4,1d6+4,4.0,B
215,50,18,7,5,1d12+4,1d6+4,36,14,6,5,1d12+4,1d8+4,0.0,A
216,44,18,7,4,1d10+4,1d8+4,42,16,7,3,1d12+4,1d6+4,3.0,A
217,42,17,7,5,1d8+4,1d6+4,33,14,7,4,1d10+4,1d6+4,4.0,A
218,48,14,5,5,1d10+4,1d8+4,50,14,5,5,1d10+4,1d6+4,4.0,B
219,47,16,7,3,1d10+4,1d6+4,37,17,7,3,1d12+4,1d6+4,7.0,A
220,36,16,8,5,1d12+4,1d8+4,48,15,6,4,1d8+4,1d6+4,3.0,A
221,42,16,5,3,1d12+4,1d8+4,41,17,5,3,1d8+4,1d6+4,2.0,A
222,31,17,7,3,1d12+4,1d6+4,32,17,6,3,1d10+4,1d6+4,9.0,B
223,48,15,7,5,1d12+4,1d8+4,35,18,5,4,1d12+4,1d6+4,2.0,A
224,33,18,5,5,1d10+4,1d8+4,36,14,7,4,1d10+4,1d8+4,2.0,A
225,49,17,8,4,1d8+4,1d6+4,31,15,8,3,1d8+4,1d6+4,10.0,A
226,38,17,7,3,1d8+4,1d8+4,49,16,7,3,1d12+4,1d8+4,1.0,B
227,38,16,5,5,1d12+4,1d8+4,46,18,5,4,1d8+4,1d8+4,8.0,A
228,49,15,6,5,1d8+4,1d6+4,50,17,7,4,1d12+4,1d6+4,4.0,B
229,37,15,7,5,1d12+4,1d6+4,48,18,8,5,1d10+4,1d8+4,6.0,B
230,44,18,7,3,1d10+4,1d6+4,37,17,7,5,1d10+4,1d8+4,6.0,B
231,42,14,5,3,1d10+4,1d8+4,32,15,8,4,1d12+4,1d6+4,2.0,B
232,49,16,5,5,1d10+4,1d6+4,34,16,7,4,1d10+4,1d6+4,4.0,B
233,36,16,6,5,1d8+4,1d6+4,34,18,7,5,1d10+4,1d8+4,10.0,A
234,31,15,8,3,1d10+4,1d8+4,34,15,8,5,1d12+4,1d8+4,8.0,A
235,30,14,5,4,1d8+4,1d8+4,46,17,8,3,1d8+4,1d8+4,9.0,B
236,32,15,8,3,1d12+4,1d8+4,39,17,6,4,1d8+4,1d8+4,9.0,B
237,41,14,6,5,1d12+4,1d6+4,47,14,5,5,1d10+4,1d8+4,8.0,A
238,45,14,6,4,1d12+4,1d8+4,40,17,8,5,1d10+4,1d8+4,2.0,B
239,33,14,6,5,1d8+4,1d8+4,36,14,8,4,1d10+4,1d8+4,2.0,A
240,49,16,7,3,1d8+4,1d8+4,41,18,7,5,1d12+4,1d8+4,3.0,B
241,44,14,7,5,1d10+4,1d8+4,48,14,6,3,1d12+4,1d6+4,3.0,A
242,50,17,8,3,1d10+4,1d8+4,32,17,6,4,1d12+4,1d6+4,2.0,A
243,49,15,8,4,1d8+4,1d6+4,39,18,7,5,1d12+4,1d6+4,3.0,A
244,35,16,8,5,1d10+4,1d8+4,46,15,5,4,1d10+4,1d6+4,1.0,B
245,40,16,7,5,1d8+4,1d8+4,38,17,8,5,1d12+4,1d6+4,6.0,B
246,50,15,7,3,1d8+4,1d6+4,50,17,7,3,1d10+4,1d6+4,7.0,A
247,48,16,6,3,1d12+4,1d8+4,33,15,5,3,1d10+4,1d8+4,5.0,A
248,37,16,6,3,1d10+4,1d6+4,36,18,5,4,1d8+4,1d6+4,2.0,B
249,39,16,5,4,1d8+4,1d8+4,40,16,7,3,1d10+4,1d6+4,10.0,B
250,48,18,5,5,1d12+4,1d6+4,35,16,8,5,1d8+4,1d6+4,7.0,A
251,30,14,5,3,1d12+4,1d6+4,37,18,6,4,1d10+4,1d6+4,6.0,B
252,44,18,5,3,1d8+4,1d8+4,41,14,7,3,1d10+4,1d6+4,0.0,A
253,49,14,7,3,1d10+4,1d6+4,33,16,8,4,1d10+4,1d6+4,3.0,A
254,50,18,7,3,1d8+4,1d6+4,42,16,7,3,1d12+4,1d6+4,8.0,A
255,32,17,6,3,1d8+4,1d6+4,43,14,7,4,1d8+4,1d8+4,5.0,B
256,47,15,8,4,1d10+4,1d8+4,42,14,7,5,1d12+4,1d8+4,2.0,A
257,30,15,6,5,1d12+4,1d8+4,46,18,7,3,1d8+4,1d8+4,3.0,B
258,32,17,5,5,1d12+4,1d8+4,45,14,6,4,1d12+4,1d8+4,1.0,B
259,46,16,7,4,1d8+4,1d6+4,47,18,7,3,1d10+4,1d8+4,3.0,A
260,39,16,8,4,1d8+4,1d8+4,43,14,6,3,1d8+4,1d8+4,5.0,A
261,45,14,5,3,1d10+4,1d6+4,42,17,7,5,1d8+4,1d6+4,5.0,A
262,40,14,6,3,1d8+4,1d6+4,32,17,8,3,1d10+4,1d8+4,6.0,B
263,32,17,7,5,1d10+4,1d6+4,33,14,7,3,1d12+4,1d8+4,8.0,A
264,49,15,7,3,1d8+4,1d8+4,34,18,8,3,1d12+4,1d8+4,3.0,B
265,30,16,5,3,1d8+4,1d6+4,45,17,6,4,1d8+4,1d8+4,1.0,B
266,34,16,8,5,1d10+4,1d8+4,49,17,8,4,1d10+4,1d6+4,5.0,B
267,46,14,5,5,1d10+4,1d6+4,44,16,7,5,1d10+4,1d8+4,3.0,B
268,42,18,5,3,1d8+4,1d8+4,35,14,6,4,1d8+4,1d8+4,8.0,A
269,43,15,5,5,1d10+4,1d6+4,36,18,5,3,1d10+4,1d8+4,0.0,A
270,48,15,7,4,1d8+4,1d6+4,30,18,7,3,1d10+4,1d6+4,1.0,B
271,46,15,6,5,1d10+4,1d6+4,40,18,5,4,1d8+4,1d6+4,8.0,B
272,45,18,7,5,1d12+4,1d6+4,30,18,5,5,1d12+4,1d6+4,10.0,A
273,48,17,7,5,1d12+4,1d6+4,39,15,8,3,1d8+4,1d8+4,4.0,A
274,47,18,7,3,1d10+4,1d8+4,31,15,7,4,1d10+4,1d6+4,8.0,A
275,32,14,5,4,1d10+4,1d8+4,47,14,7,3,1d12+4,1d6+4,6.0,B
276,33,17,7,5,1d8+4,1d8+4,39,16,5,5,1d12+4,1d8+4,0.0,A
277,32,17,5,4,1d12+4,1d8+4,38,14,7,4,1d10+4,1d6+4,7.0,A
278,39,18,8,3,1d12+4,1d8+4,50,17,7,5,1d10+4,1d8+4,5.0,B
279,49,16,7,5,1d8+4,1d6+4,39,14,6,3,1d8+4,1d6+4,1.0,A
280,36,16,8,3,1d10+4,1d6+4,40,16,5,5,1d8+4,1d6+4,2.0,A
281,34,16,5,3,1d12+4,1d6+4,49,16,8,5,1d10+4,1d6+4,10.0,B
282,40,18,8,4,1d12+4,1d8+4,39,16,8,5,1d12+4,1d8+4,2.0,B
283,39,14,8,3,1d12+4,1d6+4,49,18,8,3,1d12+4,1d8+4,0.0,B
284,46,17,6,5,1d12+4,1d6+4,33,17,5,4,1d12+4,1d8+4,1.0,A
285,42,14,7,3,1d12+4,1d6+4,45,15,6,3,1d10+4,1d8+4,9.0,A
286,48,17,6,5,1d10+4,1d6+4,36,18,6,4,1d10+4,1d8+4,4.0,A
287,34,17,6,4,1d12+4,1d8+4,30,16,7,5,1d10+4,1d8+4,0.0,A
288,46,18,8,4,1d10+4,1d6+4,31,18,6,5,1d10+4,1d6+4,3.0,A
289,38,18,6,3,1d12+4,1d8+4,49,18,7,4,1d10+4,1d8+4,5.0,B
290,35,18,8,4,1d12+4,1d6+4,33,17,8,3,1d10+4,1d6+4,9.0,A
291,41,17,5,3,1d10+4,1d6+4,38,14,6,3,1d10+4,1d8+4,0.0,A
292,47,15,6,4,1d8+4,1d8+4,37,18,7,3,1d10+4,1d8+4,7.0,B
293,41,15,6,5,1d12+4,1d8+4,36,16,7,4,1d12+4,1d8+4,6.0,A
294,39,18,6,3,1d8+4,1d6+4,38,15,8,4,1d10+4,1d8+4,2.0,B
295,49,17,5,4,1d10+4,1d8+4,40,17,8,5,1d12+4,1d8+4,6.0,B
296,34,17,6,5,1d10+4,1d6+4,43,16,7,5,1d12+4,1d6+4,4.0,A
297,40,14,5,3,1d12+4,1d6+4,31,17,5,4,1d10+4,1d6+4,8.0,A
298,33,14,6,4,1d10+4,1d8+4,35,15,5,4,1d12+4,1d6+4,7.0,B
299,46,14,5,4,1d8+4,1d6+4,48,18,7,4,1d8+4,1d8+4,7.0,B
300,34,15,6,5,1d12+4,1d8+4,31,16,7,3,1d12+4,1d8+4,3.0,B
301,32,18,8,5,1d8+4,1d8+4,49,14,5,5,1d12+4,1d6+4,5.0,A
302,50,18,6,5,1d8+4,1d8+4,33,17,8,4,1d12+4,1d6+4,3.0,B
303,31,17,8,3,1d8+4,1d8+4,50,17,7,4,1d8+4,1d6+4,8.0,B
304,37,16,5,3,1d12+4,1d8+4,46,15,6,3,1d10+4,1d6+4,4.0,A
305,34,14,6,3,1d10+4,1d6+4,44,18,6,5,1d10+4,1d8+4,10.0,A
306,46,18,5,4,1d10+4,1d6+4,38,17,7,4,1d8+4,1d6+4,6.0,A
307,50,14,7,4,1d12+4,1d8+4,30,17,7,4,1d8+4,1d6+4,2.0,A
308,46,16,5,3,1d12+4,1d6+4,34,18,7,4,1d12+4,1d8+4,6.0,B
309,38,14,5,3,1d10+4,1d8+4,37,17,6,5,1d8+4,1d6+4,5.0,B
310,34,18,8,3,1d12+4,1d6+4,30,17,8,5,1d8+4,1d6+4,1.0,B
311,33,17,7,4,1d10+4,1d6+4,40,15,6,5,1d10+4,1d8+4,6.0,A
312,48,18,7,4,1d8+4,1d6+4,41,18,6,3,1d12+4,1d8+4,10.0,A
313,47,14,8,4,1d12+4,1d6+4,48,16,7,5,1d12+4,1d6+4,9.0,A
314,50,14,7,5,1d12+4,1d6+4,43,18,6,4,1d8+4,1d6+4,5.0,A
315,43,14,6,4,1d10+4,1d6+4,46,16,8,3,1d10+4,1d8+4,10.0,B
316,36,14,6,5,1d8+4,1d8+4,31,14,6,4,1d8+4,1d6+4,1.0,B
317,44,16,8,4,1d8+4,1d8+4,49,18,6,3,1d8+4,1d6+4,3.0,B
318,33,18,8,5,1d10+4,1d8+4,39,14,5,4,1d10+4,1d6+4,6.0,A
319,47,17,7,5,1d8+4,1d8+4,43,16,6,4,1d8+4,1d8+4,3.0,B
320,30,14,8,4,1d8+4,1d8+4,38,18,6,4,1d8+4,1d8+4,7.0,B
321,36,15,5,3,1d8+4,1d6+4,49,18,5,5,1d10+4,1d6+4,5.0,B
322,48,17,5,4,1d10+4,1d8+4,39,14,7,5,1d10+4,1d8+4,0.0,A
323,42,15,6,5,1d10+4,1d8+4,30,15,7,3,1d12+4,1d6+4,5.0,B
324,34,17,7,3,1d12+4,1d6+4,31,15,7,3,1d12+4,1d8+4,2.0,A
325,32,14,7,3,1d10+4,1d8+4,39,15,7,5,1d8+4,1d6+4,0.0,A
326,32,14,8,5,1d12+4,1d6+4,38,17,8,3,1d12+4,1d6+4,2.0,A
327,44,15,7,5,1d10+4,1d6+4,40,14,5,4,1d12+4,1d6+4,6.0,A
328,41,17,6,3,1d10+4,1d8+4,33,18,6,5,1d8+4,1d8+4,7.0,B
329,44,14,8,3,1d10+4,1d8+4,38,16,8,5,1d8+4,1d6+4,3.0,A
330,40,17,7,4,1d10+4,1d8+4,43,15,7,5,1d8+4,1d6+4,7.0,B
331,42,14,8,3,1d12+4,1d8+4,38,18,6,5,1d12+4,1d6+4,3.0,A
332,46,15,6,4,1d8+4,1d8+4,32,15,5,3,1d12+4,1d8+4,7.0,A
333,31,14,5,5,1d12+4,1d6+4,47,16,8,4,1d10+4,1d8+4,3.0,B
334,43,18,5,3,1d10+4,1d6+4,35,14,7,3,1d8+4,1d8+4,2.0,B
335,36,16,8,4,1d12+4,1d8+4,35,16,5,5,1d10+4,1d6+4,6.0,A
336,47,15,8,4,1d10+4,1d6+4,36,16,8,3,1d12+4,1d6+4,0.0,B
337,44,18,8,5,1d12+4,1d6+4,39,18,7,4,1d12+4,1d6+4,9.0,B
338,36,15,6,4,1d8+4,1d8+4,43,15,7,3,1d8+4,1d8+4,8.0,A
339,38,16,8,5,1d8+4,1d8+4,37,16,6,3,1d12+4,1d6+4,3.0,A
340,38,16,6,4,1d12+4,1d8+4,34,18,5,4,1d8+4,1d6+4,1.0,A
341,48,18,7,4,1d10+4,1d8+4,50,15,7,5,1d8+4,1d8+4,8.0,A
342,34,15,6,5,1d10+4,1d6+4,41,15,6,3,1d8+4,1d6+4,5.0,A
343,45,18,7,5,1d8+4,1d8+4,31,17,5,5,1d8+4,1d8+4,2.0,B
344,50,16,7,5,1d12+4,1d8+4,50,17,8,4,1d8+4,1d8+4,9.0,B
345,38,15,6,3,1d8+4,1d6+4,35,14,5,5,1d8+4,1d6+4,0.0,A
346,47,14,8,3,1d10+4,1d6+4,38,18,5,3,1d8+4,1d8+4,8.0,A
347,30,17,7,3,1d10+4,1d8+4,32,16,5,4,1d10+4,1d8+4,3.0,A
348,46,14,5,4,1d12+4,1d6+4,31,15,6,4,1d8+4,1d8+4,4.0,A
349,39,17,7,4,1d10+4,1d6+4,50,18,6,3,1d8+4,1d8+4,4.0,B
350,45,15,7,4,1d8+4,1d6+4,46,15,6,3,1d10+4,1d8+4,10.0,A
351,31,15,5,4,1d8+4,1d8+4,48,17,8,4,1d10+4,1d6+4,10.0,B
352,46,14,8,3,1d8+4,1d6+4,47,18,5,4,1d8+4,1d6+4,0.0,A
353,41,17,8,3,1d8+4,1d8+4,35,16,6,3,1d10+4,1d6+4,6.0,A
354,45,18,5,4,1d8+4,1d8+4,38,18,8,4,1d12+4,1d8+4,7.0,B
355,30,16,6,4,1d12+4,1d8+4,44,14,8,3,1d12+4,1d6+4,1.0,A
356,49,15,7,4,1d12+4,1d6+4,46,15,7,5,1d10+4,1d6+4,5.0,A
357,47,15,7,5,1d12+4,1d8+4,43,18,8,3,1d10+4,1d6+4,0.0,B
358,37,17,5,4,1d12+4,1d8+4,33,18,5,5,1d10+4,1d6+4,8.0,A
359,38,16,7,5,1d12+4,1d8+4,34,18,7,5,1d8+4,1d6+4,9.0,B
360,32,14,8,3,1d8+4,1d6+4,49,15,5,4,1d12+4,1d6+4,1.0,A
361,44,14,8,4,1d12+4,1d8+4,36,15,8,5,1d10+4,1d8+4,3.0,A
362,48,14,7,4,1d8+4,1d6+4,46,17,8,4,1d10+4,1d8+4,7.0,B
363,39,17,8,4,1d8+4,1d6+4,46,17,7,4,1d10+4,1d6+4,2.0,A
364,33,15,5,3,1d12+4,1d8+4,44,18,6,5,1d12+4,1d8+4,3.0,B
365,34,14,5,4,1d8+4,1d6+4,50,17,8,5,1d8+4,1d8+4,7.0,B
366,38,15,8,3,1d12+4,1d6+4,37,14,7,4,1d10+4,1d6+4,5.0,B
367,40,17,6,4,1d10+4,1d6+4,34,14,5,4,1d8+4,1d8+4,7.0,A
368,49,18,7,4,1d10+4,1d6+4,37,14,6,3,1d10+4,1d8+4,7.0,A
369,36,17,8,5,1d10+4,1d8+4,35,16,7,4,1d12+4,1d6+4,6.0,A
370,37,17,5,3,1d10+4,1d8+4,35,16,8,5,1d10+4,1d6+4,1.0,A
371,42,14,5,3,1d12+4,1d6+4,50,14,5,4,1d12+4,1d8+4,3.0,A
372,48,16,8,5,1d8+4,1d8+4,32,14,8,5,1d8+4,1d6+4,0.0,A
373,43,18,8,5,1d10+4,1d8+4,30,14,8,4,1d10+4,1d6+4,0.0,B
374,47,18,7,5,1d12+4,1d6+4,49,18,6,3,1d10+4,1d6+4,4.0,B
375,32,15,5,3,1d10+4,1d6+4,33,15,6,4,1d10+4,1d8+4,6.0,A
376,36,16,6,5,1d10+4,1d8+4,47,18,8,3,1d10+4,1d6+4,0.0,B
377,37,16,7,5,1d10+4,1d8+4,46,16,6,4,1d8+4,1d8+4,6.0,A
378,39,17,5,4,1d8+4,1d8+4,35,18,5,4,1d8+4,1d8+4,8.0,B
379,44,17,5,3,1d10+4,1d8+4,38,15,8,5,1d12+4,1d6+4,3.0,B
380,47,14,5,4,1d12+4,1d6+4,35,18,7,5,1d12+4,1d8+4,7.0,B
381,37,17,6,4,1d10+4,1d6+4,33,15,7,5,1d8+4,1d8+4,0.0,A
382,34,15,5,3,1d8+4,1d6+4,33,17,8,3,1d8+4,1d6+4,0.0,B
383,48,14,5,3,1d8+4,1d8+4,38,15,7,5,1d10+4,1d6+4,4.0,A
384,37,16,8,3,1d8+4,1d8+4,32,17,6,3,1d10+4,1d6+4,9.0,A
385,33,18,5,3,1d12+4,1d6+4,49,17,5,5,1d10+4,1d8+4,3.0,A
386,39,15,7,5,1d8+4,1d6+4,33,16,5,4,1d12+4,1d8+4,7.0,A
387,46,14,5,4,1d10+4,1d6+4,37,16,6,3,1d12+4,1d8+4,9.0,A
388,39,16,8,3,1d12+4,1d8+4,34,18,6,5,1d8+4,1d6+4,8.0,B
389,46,16,6,3,1d10+4,1d8+4,48,16,5,5,1d12+4,1d8+4,10.0,B
390,43,15,5,4,1d12+4,1d6+4,49,14,5,3,1d8+4,1d8+4,0.0,A
391,39,15,8,3,1d8+4,1d6+4,33,18,6,4,1d10+4,1d8+4,0.0,A
392,45,18,6,3,1d8+4,1d8+4,32,15,5,3,1d8+4,1d6+4,5.0,A
393,50,15,5,5,1d12+4,1d8+4,35,15,6,4,1d10+4,1d6+4,1.0,A
394,48,17,7,3,1d10+4,1d8+4,41,14,6,5,1d8+4,1d8+4,7.0,A
395,38,14,7,5,1d8+4,1d8+4,39,14,8,5,1d12+4,1d8+4,0.0,A
396,50,14,5,4,1d10+4,1d8+4,48,15,6,3,1d8+4,1d6+4,6.0,A
397,41,17,7,4,1d10+4,1d6+4,31,17,6,4,1d10+4,1d8+4,8.0,A
398,35,15,6,3,1d8+4,1d8+4,50,14,5,5,1d12+4,1d6+4,4.0,B
399,48,14,7,5,1d10+4,1d8+4,34,16,7,4,1d12+4,1d6+4,4.0,B
400,50,14,8,3,1d10+4,1d8+4,44,17,8,3,1d10+4,1d8+4,3.0,B
401,37,17,8,5,1d12+4,1d6+4,32,14,8,4,1d8+4,1d6+4,4.0,A
402,49,17,6,3,1d10+4,1d8+4,46,16,6,4,1d8+4,1d6+4,6.0,A
403,49,16,7,5,1d10+4,1d6+4,47,15,7,4,1d8+4,1d6+4,5.0,B
404,42,15,7,3,1d10+4,1d8+4,31,14,5,4,1d10+4,1d6+4,2.0,A
405,41,18,7,5,1d8+4,1d8+4,36,17,5,3,1d12+4,1d6+4,1.0,B
406,34,17,8,3,1d12+4,1d6+4,38,17,5,5,1d10+4,1d8+4,8.0,B
407,30,16,8,5,1d12+4,1d8+4,32,15,8,3,1d8+4,1d8+4,3.0,A
408,41,18,8,3,1d8+4,1d6+4,45,14,5,4,1d12+4,1d8+4,7.0,A
409,36,16,6,3,1d12+4,1d8+4,48,15,7,4,1d12+4,1d6+4,3.0,A
410,32,15,7,5,1d12+4,1d6+4,49,15,7,4,1d10+4,1d6+4,2.0,A
411,45,15,7,4,1d8+4,1d6+4,30,16,5,3,1d12+4,1d8+4,10.0,A
412,31,14,8,5,1d10+4,1d8+4,46,14,5,4,1d8+4,1d6+4,10.0,B
413,42,17,5,4,1d10+4,1d8+4,32,15,5,4,1d12+4,1d6+4,9.0,A
414,35,18,7,5,1d10+4,1d8+4,47,17,8,3,1d10+4,1d6+4,3.0,B
415,33,14,5,4,1d8+4,1d8+4,44,17,5,5,1d8+4,1d8+4,1.0,A
416,37,16,5,5,1d8+4,1d6+4,35,16,8,5,1d10+4,1d8+4,4.0,A
417,44,17,6,3,1d8+4,1d6+4,46,17,8,5,1d12+4,1d8+4,8.0,B
418,50,16,5,5,1d10+4,1d8+4,44,17,5,5,1d12+4,1d6+4,3.0,A
419,46,14,5,3,1d8+4,1d8+4,41,17,6,5,1d8+4,1d8+4,10.0,A
420,45,15,7,3,1d10+4,1d8+4,30,17,6,5,1d10+4,1d8+4,1.0,B
421,46,17,6,5,1d10+4,1d8+4,45,14,7,4,1d8+4,1d8+4,3.0,A
422,43,14,6,3,1d8+4,1d8+4,31,15,7,4,1d12+4,1d8+4,2.0,B
423,49,16,6,3,1d8+4,1d8+4,46,16,8,5,1d8+4,1d8+4,3.0,A
424,42,14,6,4,1d12+4,1d8+4,35,14,8,3,1d10+4,1d6+4,1.0,A
425,33,14,7,4,1d12+4,1d8+4,33,17,7,5,1d10+4,1d8+4,2.0,B
426,30,16,7,3,1d12+4,1d6+4,38,18,7,3,1d10+4,1d6+4,6.0,B
427,32,17,8,4,1d8+4,1d6+4,35,14,5,3,1d12+4,1d8+4,1.0,A
428,30,18,7,4,1d8+4,1d6+4,43,17,7,5,1d10+4,1d6+4,10.0,B
429,34,17,6,4,1d8+4,1d8+4,33,15,8,4,1d10+4,1d6+4,9.0,A
430,41,17,5,5,1d10+4,1d6+4,49,18,5,5,1d10+4,1d8+4,6.0,B
431,36,18,6,4,1d10+4,1d8+4,30,15,5,3,1d12+4,1d8+4,3.0,A
432,40,16,6,3,1d12+4,1d6+4,38,18,8,3,1d10+4,1d6+4,10.0,A
433,50,18,7,4,1d8+4,1d8+4,34,16,6,3,1d8+4,1d6+4,1.0,A
434,43,16,8,3,1d10+4,1d8+4,33,16,8,5,1d10+4,1d8+4,0.0,B
435,45,16,7,5,1d12+4,1d6+4,33,16,6,4,1d8+4,1d8+4,8.0,A
436,47,14,5,5,1d12+4,1d8+4,49,15,5,5,1d12+4,1d8+4,4.0,B
437,48,14,7,5,1d12+4,1d8+4,36,16,5,3,1d10+4,1d8+4,7.0,A
438,42,16,5,5,1d8+4,1d6+4,36,16,5,5,1d10+4,1d8+4,9.0,A
439,45,18,5,3,1d10+4,1d8+4,35,17,5,5,1d8+4,1d8+4,1.0,A
440,37,18,8,5,1d12+4,1d6+4,31,17,8,3,1d10+4,1d8+4,2.0,A
441,41,15,7,5,1d8+4,1d6+4,45,18,5,3,1d12+4,1d8+4,4.0,A
442,31,16,8,5,1d10+4,1d6+4,40,17,7,5,1d8+4,1d8+4,1.0,B
443,34,14,5,4,1d8+4,1d8+4,30,17,6,4,1d12+4,1d8+4,10.0,B
444,37,17,5,4,1d8+4,1d6+4,45,18,8,3,1d10+4,1d8+4,9.0,B
445,31,16,7,5,1d8+4,1d8+4,44,18,5,5,1d8+4,1d8+4,0.0,B
446,37,18,5,5,1d12+4,1d8+4,43,14,8,3,1d8+4,1d6+4,10.0,A
447,44,16,8,3,1d10+4,1d6+4,37,17,6,4,1d8+4,1d6+4,2.0,A
448,43,14,7,4,1d8+4,1d6+4,38,16,7,5,1d8+4,1d6+4,9.0,A
449,44,18,6,4,1d8+4,1d6+4,32,17,6,5,1d8+4,1d8+4,4.0,A
450,40,14,7,3,1d8+4,1d6+4,34,15,5,5,1d10+4,1d6+4,3.0,B
451,50,16,6,5,1d10+4,1d6+4,50,14,8,3,1d12+4,1d6+4,5.0,A
452,45,15,6,5,1d12+4,1d6+4,48,16,5,4,1d8+4,1d8+4,6.0,A
453,35,14,6,5,1d10+4,1d8+4,47,16,7,5,1d12+4,1d6+4,10.0,B
454,42,17,8,4,1d8+4,1d8+4,44,14,8,4,1d10+4,1d8+4,6.0,B
455,45,16,7,3,1d12+4,1d8+4,43,15,8,3,1d12+4,1d6+4,7.0,A
456,31,14,6,3,1d8+4,1d8+4,50,15,6,5,1d10+4,1d6+4,6.0,B
457,36,16,7,3,1d12+4,1d8+4,31,17,6,5,1d12+4,1d6+4,7.0,A
458,31,18,8,4,1d10+4,1d6+4,46,14,6,4,1d12+4,1d6+4,10.0,A
459,47,14,5,5,1d8+4,1d8+4,31,15,7,5,1d12+4,1d8+4,2.0,B
460,47,16,6,4,1d10+4,1d6+4,42,17,7,4,1d10+4,1d8+4,4.0,B
461,35,16,5,4,1d12+4,1d6+4,37,15,7,4,1d12+4,1d8+4,3.0,B
462,31,14,7,3,1d8+4,1d6+4,38,14,5,3,1d8+4,1d8+4,10.0,A
463,34,14,5,5,1d10+4,1d6+4,41,15,8,4,1d10+4,1d6+4,5.0,B
464,48,15,7,4,1d12+4,1d8+4,48,14,6,4,1d8+4,1d8+4,0.0,A
465,38,17,7,5,1d8+4,1d6+4,33,18,5,5,1d8+4,1d6+4,1.0,B
466,45,15,5,3,1d10+4,1d6+4,46,18,5,5,1d8+4,1d8+4,6.0,B
467,44,18,6,5,1d8+4,1d8+4,34,16,5,5,1d10+4,1d6+4,8.0,A
468,40,17,7,5,1d10+4,1d8+4,38,17,8,4,1d10+4,1d6+4,1.0,B
469,34,16,6,4,1d10+4,1d6+4,35,16,7,4,1d8+4,1d6+4,5.0,B
470,43,16,5,4,1d8+4,1d6+4,41,17,7,3,1d10+4,1d8+4,10.0,A
471,45,15,8,4,1d12+4,1d8+4,34,15,7,4,1d10+4,1d6+4,4.0,A
472,42,18,5,5,1d10+4,1d6+4,30,15,6,3,1d12+4,1d8+4,5.0,B
473,42,17,5,5,1d8+4,1d6+4,30,14,6,3,1d10+4,1d8+4,0.0,A
474,33,15,7,5,1d12+4,1d8+4,38,18,5,4,1d10+4,1d8+4,6.0,B
475,31,14,7,3,1d8+4,1d8+4,45,17,6,4,1d8+4,1d6+4,5.0,B
476,30,17,7,4,1d12+4,1d6+4,50,15,7,4,1d10+4,1d6+4,2.0,B
477,36,18,7,3,1d10+4,1d6+4,49,15,7,4,1d8+4,1d8+4,6.0,B
478,32,16,8,4,1d12+4,1d8+4,49,17,7,3,1d12+4,1d8+4,2.0,B
479,33,17,5,3,1d12+4,1d6+4,37,15,7,5,1d12+4,1d6+4,2.0,A
480,46,17,7,5,1d8+4,1d6+4,40,18,8,5,1d10+4,1d6+4,5.0,B
481,34,15,6,5,1d10+4,1d8+4,38,16,5,5,1d10+4,1d6+4,6.0,A
482,43,16,7,4,1d10+4,1d6+4,44,14,5,5,1d12+4,1d8+4,10.0,A
483,49,15,7,4,1d8+4,1d8+4,40,18,8,5,1d12+4,1d6+4,0.0,B
484,47,14,8,5,1d12+4,1d8+4,47,17,8,3,1d12+4,1d6+4,10.0,B
485,45,16,6,4,1d12+4,1d6+4,44,17,6,5,1d10+4,1d6+4,2.0,A
486,42,18,7,5,1d10+4,1d6+4,33,15,6,4,1d10+4,1d8+4,0.0,A
487,43,17,5,3,1d12+4,1d6+4,38,18,6,5,1d12+4,1d8+4,2.0,B
488,42,17,6,5,1d10+4,1d8+4,32,18,6,5,1d12+4,1d8+4,7.0,B
489,41,16,5,4,1d12+4,1d8+4,45,15,7,4,1d10+4,1d6+4,7.0,B
490,46,17,6,5,1d8+4,1d6+4,37,16,7,4,1d10+4,1d8+4,2.0,B
491,39,17,6,3,1d8+4,1d8+4,45,14,8,5,1d8+4,1d6+4,1.0,B
492,50,15,5,4,1d12+4,1d6+4,49,15,5,4,1d8+4,1d6+4,3.0,B
493,48,17,8,4,1d8+4,1d8+4,40,16,6,3,1d8+4,1d8+4,8.0,A
494,41,14,8,5,1d8+4,1d6+4,49,17,5,3,1d12+4,1d6+4,9.0,B
495,30,15,6,3,1d10+4,1d6+4,36,18,8,4,1d12+4,1d6+4,2.0,B
496,30,15,8,4,1d12+4,1d8+4,35,15,5,5,1d8+4,1d6+4,5.0,B
497,48,15,8,4,1d8+4,1d6+4,34,17,8,5,1d12+4,1d8+4,4.0,A
498,41,15,8,3,1d10+4,1d8+4,43,15,6,4,1d12+4,1d6+4,7.0,B
499,33,14,7,5,1d10+4,1d6+4,39,14,7,4,1d12+4,1d6+4,8.0,A
500,40,17,7,3,1d10+4,1d8+4,32,17,5,3,1d8+4,1d6+4,5.0,A
501,41,18,6,5,1d8+4,1d8+4,37,14,5,3,1d12+4,1d8+4,0.0,A
502,46,17,7,5,1d12+4,1d6+4,42,17,6,4,1d8+4,1d8+4,7.0,B
503,48,15,8,4,1d8+4,1d8+4,39,15,5,3,1d10+4,1d8+4,1.0,A
504,34,14,5,4,1d10+4,1d8+4,43,14,7,3,1d8+4,1d8+4,5.0,A
505,33,14,8,4,1d8+4,1d8+4,31,18,8,4,1d12+4,1d8+4,0.0,B
506,33,14,5,5,1d10+4,1d6+4,45,15,8,4,1d8+4,1d6+4,8.0,B
507,36,15,5,5,1d8+4,1d6+4,34,16,6,5,1d10+4,1d6+4,8.0,A
508,43,16,7,4,1d10+4,1d6+4,42,16,6,3,1d8+4,1d6+4,5.0,A
509,48,15,6,3,1d10+4,1d6+4,30,14,8,5,1d10+4,1d6+4,5.0,A
510,49,15,5,4,1d12+4,1d6+4,39,18,8,4,1d10+4,1d6+4,3.0,A
511,38,16,6,3,1d12+4,1d6+4,39,15,6,5,1d8+4,1d8+4,3.0,A
512,44,14,5,3,1d8+4,1d8+4,48,15,8,3,1d10+4,1d6+4,9.0,A
513,30,16,5,3,1d12+4,1d6+4,48,18,7,3,1d8+4,1d6+4,0.0,B
514,43,17,6,5,1d8+4,1d6+4,41,15,8,5,1d8+4,1d8+4,9.0,B
515,34,18,5,4,1d10+4,1d6+4,50,14,6,4,1d8+4,1d8+4,2.0,A
516,32,15,7,3,1d8+4,1d6+4,33,18,7,5,1d10+4,1d6+4,5.0,B
517,42,18,7,4,1d8+4,1d8+4,34,18,6,5,1d10+4,1d8+4,2.0,A
518,44,15,8,4,1d12+4,1d8+4,37,14,6,5,1d8+4,1d8+4,4.0,A
519,32,17,6,3,1d12+4,1d6+4,36,14,5,3,1d8+4,1d8+4,2.0,A
520,48,18,5,4,1d8+4,1d8+4,31,16,6,3,1d12+4,1d8+4,1.0,A
521,32,18,5,5,1d10+4,1d8+4,33,17,5,4,1d12+4,1d6+4,9.0,B
522,32,16,7,3,1d10+4,1d6+4,47,16,5,3,1d8+4,1d6+4,7.0,B
523,31,15,5,5,1d10+4,1d6+4,47,14,7,5,1d12+4,1d8+4,1.0,B
524,33,15,5,4,1d12+4,1d8+4,36,15,6,5,1d10+4,1d6+4,10.0,B
525,35,18,8,5,1d10+4,1d8+4,34,15,6,3,1d10+4,1d6+4,0.0,A
526,49,16,7,3,1d8+4,1d6+4,49,16,6,3,1d8+4,1d8+4,3.0,B
527,44,17,5,4,1d8+4,1d8+4,45,14,6,4,1d10+4,1d8+4,1.0,B
528,46,17,8,4,1d12+4,1d6+4,49,14,8,3,1d8+4,1d6+4,1.0,B
529,37,14,5,4,1d10+4,1d8+4,49,18,7,3,1d12+4,1d8+4,2.0,A
530,45,16,7,4,1d12+4,1d6+4,45,18,5,3,1d10+4,1d6+4,2.0,A
531,33,16,8,3,1d12+4,1d6+4,30,15,5,5,1d12+4,1d8+4,8.0,A
532,46,16,8,5,1d8+4,1d6+4,45,15,8,3,1d8+4,1d6+4,9.0,A
533,37,15,5,3,1d8+4,1d8+4,38,17,7,4,1d10+4,1d8+4,2.0,B
534,50,15,8,3,1d12+4,1d6+4,33,17,5,4,1d10+4,1d8+4,10.0,A
535,49,14,6,3,1d10+4,1d6+4,33,14,8,4,1d8+4,1d8+4,1.0,A
536,33,17,5,5,1d12+4,1d6+4,32,17,8,3,1d10+4,1d8+4,9.0,B
537,43,16,8,4,1d12+4,1d8+4,31,17,6,5,1d8+4,1d8+4,1.0,A
538,50,14,7,4,1d8+4,1d8+4,36,15,7,4,1d8+4,1d8+4,0.0,A
539,41,16,7,4,1d10+4,1d6+4,37,18,8,4,1d12+4,1d6+4,2.0,A
540,42,15,7,3,1d10+4,1d8+4,39,14,8,4,1d12+4,1d6+4,0.0,A
541,38,17,6,3,1d8+4,1d6+4,43,18,8,4,1d10+4,1d6+4,5.0,B
542,35,18,6,4,1d10+4,1d8+4,44,15,7,4,1d10+4,1d6+4,6.0,B
543,31,16,6,3,1d12+4,1d8+4,47,18,8,3,1d8+4,1d6+4,2.0,B
544,47,17,5,4,1d8+4,1d8+4,32,17,6,5,1d8+4,1d8+4,9.0,B
545,45,17,8,3,1d10+4,1d8+4,44,16,6,4,1d10+4,1d8+4,5.0,B
546,40,14,5,4,1d12+4,1d8+4,45,18,6,4,1d12+4,1d8+4,8.0,A
547,44,17,5,3,1d8+4,1d8+4,31,17,8,4,1d12+4,1d8+4,10.0,B
548,31,18,8,3,1d8+4,1d6+4,42,17,5,3,1d8+4,1d8+4,10.0,A
549,44,18,5,4,1d12+4,1d6+4,42,15,5,5,1d10+4,1d6+4,5.0,A
550,36,16,7,4,1d12+4,1d8+4,35,16,5,4,1d8+4,1d8+4,9.0,B
551,41,14,6,3,1d10+4,1d8+4,33,14,7,3,1d8+4,1d6+4,7.0,A
552,45,15,7,3,1d12+4,1d6+4,34,17,6,3,1d12+4,1d8+4,0.0,A
553,45,18,5,5,1d12+4,1d8+4,32,16,5,5,1d8+4,1d6+4,10.0,A
554,34,16,6,4,1d10+4,1d8+4,38,15,8,3,1d12+4,1d8+4,5.0,A
555,45,15,8,4,1d8+4,1d6+4,33,18,5,4,1d12+4,1d8+4,8.0,B
556,50,17,5,5,1d8+4,1d8+4,31,15,8,5,1d10+4,1d6+4,9.0,A
557,38,15,5,4,1d12+4,1d8+4,31,17,5,4,1d12+4,1d8+4,1.0,B
558,45,17,6,4,1d10+4,1d8+4,47,17,6,5,1d8+4,1d6+4,9.0,B
559,33,14,6,4,1d10+4,1d6+4,37,18,8,3,1d12+4,1d8+4,8.0,B
560,45,15,8,3,1d12+4,1d8+4,32,16,8,4,1d8+4,1d8+4,6.0,A
561,46,15,5,3,1d12+4,1d8+4,43,14,5,5,1d12+4,1d8+4,2.0,A
562,49,14,8,5,1d12+4,1d8+4,43,17,7,5,1d8+4,1d6+4,0.0,B
563,42,16,7,3,1d8+4,1d8+4,48,18,5,5,1d12+4,1d6+4,2.0,B
564,39,18,7,5,1d12+4,1d6+4,32,14,8,3,1d12+4,1d8+4,2.0,A
565,31,15,6,3,1d8+4,1d6+4,34,17,6,3,1d8+4,1d6+4,7.0,A
566,33,18,8,3,1d10+4,1d6+4,37,16,7,5,1d10+4,1d6+4,5.0,B
567,30,15,5,3,1d8+4,1d6+4,38,16,7,3,1d8+4,1d6+4,0.0,B
568,37,18,6,4,1d12+4,1d6+4,43,15,7,3,1d12+4,1d6+4,9.0,A
569,42,15,5,3,1d8+4,1d6+4,38,14,7,4,1d10+4,1d6+4,4.0,B
570,49,16,5,3,1d10+4,1d8+4,36,14,5,3,1d12+4,1d6+4,0.0,B
571,43,15,7,4,1d12+4,1d6+4,37,15,7,5,1d10+4,1d6+4,4.0,A
572,50,16,5,5,1d10+4,1d6+4,39,18,5,3,1d8+4,1d6+4,10.0,A
573,30,16,5,3,1d8+4,1d8+4,31,16,6,3,1d8+4,1d6+4,5.0,B
574,45,17,6,3,1d12+4,1d6+4,40,16,6,5,1d8+4,1d6+4,3.0,A
575,44,17,6,3,1d8+4,1d6+4,35,15,8,5,1d8+4,1d6+4,10.0,A
576,39,14,8,3,1d12+4,1d8+4,41,16,8,3,1d10+4,1d8+4,5.0,B
577,50,17,7,3,1d12+4,1d8+4,31,15,6,5,1d12+4,1d6+4,2.0,B
578,46,14,7,3,1d12+4,1d6+4,39,14,6,5,1d12+4,1d8+4,2.0,B
579,42,16,8,3,1d12+4,1d6+4,35,18,7,3,1d8+4,1d6+4,5.0,B
580,49,16,8,4,1d12+4,1d6+4,48,15,7,4,1d12+4,1d6+4,9.0,A
581,50,16,7,5,1d10+4,1d6+4,30,17,6,3,1d8+4,1d8+4,6.0,A
582,44,15,7,5,1d8+4,1d8+4,42,14,7,5,1d10+4,1d6+4,9.0,B
583,41,18,7,3,1d10+4,1d6+4,48,17,8,4,1d12+4,1d8+4,3.0,A
584,43,18,8,5,1d8+4,1d8+4,39,18,7,3,1d8+4,1d6+4,10.0,B
585,42,14,6,4,1d8+4,1d6+4,34,16,5,5,1d12+4,1d8+4,2.0,B
586,41,15,5,3,1d8+4,1d6+4,33,15,7,4,1d8+4,1d8+4,7.0,A
587,46,18,6,5,1d10+4,1d6+4,48,18,5,4,1d12+4,1d6+4,7.0,A
588,50,16,7,4,1d8+4,1d8+4,37,18,8,3,1d10+4,1d6+4,6.0,A
589,47,18,5,5,1d8+4,1d8+4,38,17,8,4,1d8+4,1d6+4,5.0,B
590,45,14,7,3,1d12+4,1d6+4,49,18,6,5,1d8+4,1d6+4,4.0,A
591,30,16,5,4,1d8+4,1d6+4,44,15,5,3,1d12+4,1d6+4,9.0,A
592,38,15,7,3,1d10+4,1d8+4,46,15,8,5,1d12+4,1d6+4,2.0,B
593,33,15,5,5,1d8+4,1d6+4,42,18,8,4,1d12+4,1d8+4,10.0,B
594,33,15,7,4,1d10+4,1d6+4,43,14,6,3,1d10+4,1d6+4,2.0,B
595,38,18,6,5,1d8+4,1d6+4,44,16,8,3,1d8+4,1d8+4,9.0,B
596,40,18,7,5,1d10+4,1d6+4,40,17,5,5,1d8+4,1d8+4,2.0,B
597,33,16,7,4,1d8+4,1d6+4,35,14,7,5,1d12+4,1d6+4,3.0,A
598,47,15,8,5,1d8+4,1d6+4,48,18,8,5,1d10+4,1d8+4,0.0,A
599,49,18,6,4,1d12+4,1d8+4,38,17,7,4,1d12+4,1d8+4,3.0,B
600,47,18,8,3,1d8+4,1d6+4,50,18,7,3,1d8+4,1d6+4,4.0,A
601,49,15,6,3,1d12+4,1d6+4,35,15,8,5,1d10+4,1d6+4,6.0,A
602,41,16,8,5,1d8+4,1d8+4,39,14,8,3,1d8+4,1d6+4,4.0,B
603,35,14,7,5,1d12+4,1d8+4,43,14,6,4,1d12+4,1d6+4,5.0,B
604,41,14,5,5,1d8+4,1d8+4,37,15,7,5,1d8+4,1d6+4,4.0,A
605,33,16,7,4,1d12+4,1d8+4,35,17,7,3,1d10+4,1d6+4,1.0,A
606,48,18,8,5,1d10+4,1d8+4,47,17,8,5,1d8+4,1d6+4,8.0,B
607,36,18,7,3,1d10+4,1d6+4,41,16,5,4,1d10+4,1d8+4,4.0,B
608,33,16,5,3,1d8+4,1d6+4,31,14,6,5,1d8+4,1d6+4,6.0,A
609,43,17,8,5,1d10+4,1d8+4,46,17,5,4,1d12+4,1d6+4,2.0,B
610,37,14,6,4,1d12+4,1d6+4,50,16,6,4,1d8+4,1d6+4,8.0,B
611,39,17,5,4,1d12+4,1d6+4,38,15,6,4,1d8+4,1d6+4,5.0,B
612,47,18,5,3,1d12+4,1d6+4,38,14,6,4,1d8+4,1d6+4,4.0,A
613,32,17,5,3,1d12+4,1d8+4,50,14,8,5,1d10+4,1d8+4,0.0,A
614,38,14,8,3,1d10+4,1d6+4,40,15,8,4,1d8+4,1d8+4,6.0,A
615,37,18,5,3,1d8+4,1d8+4,49,18,7,4,1d8+4,1d6+4,10.0,A
616,34,15,8,5,1d8+4,1d6+4,49,15,7,5,1d8+4,1d8+4,9.0,B
617,40,18,8,4,1d8+4,1d8+4,46,14,7,4,1d10+4,1d6+4,2.0,B
618,46,17,8,5,1d12+4,1d6+4,39,18,5,5,1d10+4,1d6+4,2.0,A
619,47,16,8,3,1d10+4,1d6+4,48,16,5,3,1d8+4,1d6+4,7.0,A
620,39,16,6,3,1d12+4,1d6+4,42,15,8,4,1d10+4,1d8+4,0.0,B
621,33,14,6,4,1d10+4,1d8+4,37,15,6,3,1d10+4,1d8+4,8.0,B
622,37,14,7,4,1d10+4,1d6+4,30,16,6,4,1d10+4,1d6+4,9.0,A
623,36,14,7,3,1d12+4,1d6+4,50,16,5,4,1d12+4,1d8+4,6.0,A
624,35,17,7,3,1d10+4,1d8+4,30,14,7,5,1d10+4,1d8+4,0.0,A
625,31,18,5,5,1d8+4,1d8+4,42,16,7,5,1d8+4,1d8+4,5.0,A
626,49,18,6,3,1d10+4,1d6+4,50,16,7,3,1d8+4,1d6+4,8.0,A
627,50,17,5,3,1d8+4,1d8+4,36,14,5,4,1d12+4,1d6+4,0.0,A
628,34,18,8,5,1d12+4,1d8+4,40,18,7,3,1d8+4,1d8+4,5.0,B
629,50,14,5,3,1d8+4,1d6+4,39,18,5,4,1d10+4,1d8+4,4.0,A
630,35,14,8,4,1d12+4,1d6+4,34,18,5,4,1d12+4,1d6+4,1.0,A
631,45,18,8,5,1d12+4,1d6+4,34,15,6,4,1d10+4,1d8+4,9.0,A
632,35,16,7,5,1d12+4,1d6+4,34,18,6,4,1d8+4,1d8+4,9.0,A
633,39,16,6,5,1d8+4,1d8+4,49,17,6,4,1d8+4,1d6+4,5.0,A
634,42,18,8,3,1d8+4,1d6+4,33,14,8,3,1d8+4,1d6+4,9.0,A
635,31,18,5,4,1d8+4,1d6+4,49,17,5,3,1d8+4,1d6+4,2.0,B
636,48,16,5,4,1d12+4,1d8+4,41,15,5,5,1d8+4,1d6+4,5.0,B
637,35,18,5,5,1d8+4,1d6+4,31,14,5,5,1d12+4,1d8+4,0.0,A
638,34,14,7,3,1d12+4,1d6+4,38,15,6,5,1d8+4,1d8+4,0.0,B
639,42,18,5,5,1d8+4,1d6+4,50,17,8,3,1d8+4,1d6+4,9.0,A
640,36,17,8,4,1d10+4,1d6+4,41,15,7,4,1d10+4,1d8+4,1.0,A
641,31,16,7,4,1d12+4,1d8+4,46,17,6,3,1d12+4,1d6+4,7.0,A
642,38,15,7,4,1d8+4,1d6+4,43,14,6,4,1d10+4,1d6+4,1.0,A
643,48,17,7,4,1d10+4,1d8+4,50,14,5,3,1d12+4,1d8+4,6.0,A
644,50,17,7,4,1d12+4,1d8+4,46,18,7,4,1d8+4,1d8+4,4.0,A
645,48,15,6,3,1d12+4,1d8+4,43,14,8,4,1d12+4,1d6+4,1.0,B
646,45,15,7,5,1d8+4,1d8+4,38,16,6,3,1d8+4,1d8+4,0.0,B
647,36,17,7,5,1d8+4,1d6+4,37,14,5,4,1d12+4,1d8+4,4.0,B
648,35,16,8,5,1d12+4,1d6+4,41,15,5,5,1d10+4,1d6+4,3.0,B
649,38,17,5,5,1d10+4,1d8+4,48,18,6,5,1d10+4,1d8+4,5.0,B
650,37,17,6,3,1d12+4,1d8+4,35,18,8,4,1d10+4,1d8+4,3.0,B
651,34,17,5,5,1d12+4,1d8+4,41,17,5,4,1d10+4,1d6+4,10.0,A
652,35,17,5,5,1d8+4,1d8+4,50,15,7,5,1d10+4,1d8+4,0.0,B
653,38,18,6,3,1d12+4,1d6+4,37,15,7,4,1d10+4,1d6+4,4.0,A
654,40,16,8,3,1d12+4,1d6+4,40,16,5,4,1d10+4,1d6+4,10.0,A
655,37,16,5,5,1d12+4,1d6+4,36,15,5,4,1d8+4,1d6+4,4.0,B
656,49,16,6,5,1d8+4,1d8+4,32,15,6,3,1d8+4,1d6+4,6.0,A
657,49,18,8,5,1d10+4,1d6+4,41,18,8,4,1d12+4,1d6+4,5.0,A
658,33,14,7,4,1d12+4,1d6+4,33,18,5,3,1d10+4,1d8+4,4.0,A
659,42,18,7,5,1d10+4,1d8+4,40,18,7,5,1d8+4,1d8+4,9.0,A
660,47,14,5,4,1d12+4,1d6+4,46,17,7,3,1d8+4,1d6+4,9.0,B
661,36,16,6,5,1d10+4,1d8+4,37,14,5,4,1d12+4,1d6+4,6.0,A
662,48,14,7,4,1d8+4,1d6+4,42,16,8,4,1d10+4,1d8+4,10.0,B
663,44,18,8,5,1d12+4,1d8+4,37,18,6,4,1d12+4,1d6+4,2.0,B
664,41,14,5,3,1d12+4,1d8+4,48,16,5,4,1d8+4,1d6+4,5.0,B
665,39,14,6,3,1d8+4,1d6+4,44,15,6,5,1d10+4,1d8+4,6.0,B
666,42,16,8,3,1d8+4,1d6+4,41,17,5,4,1d12+4,1d8+4,0.0,B
667,49,15,6,3,1d10+4,1d6+4,49,16,8,5,1d12+4,1d8+4,9.0,B
668,36,14,5,5,1d10+4,1d8+4,42,18,7,5,1d12+4,1d8+4,4.0,B
669,49,14,8,5,1d8+4,1d6+4,41,18,7,5,1d12+4,1d8+4,9.0,B
670,45,17,7,5,1d8+4,1d6+4,39,14,7,5,1d8+4,1d8+4,8.0,A
671,49,14,5,4,1d8+4,1d8+4,50,16,6,3,1d10+4,1d8+4,7.0,B
672,35,14,6,3,1d10+4,1d6+4,44,17,6,3,1d10+4,1d8+4,5.0,B
673,46,17,5,5,1d8+4,1d8+4,45,14,7,3,1d8+4,1d8+4,9.0,A
674,30,17,5,3,1d12+4,1d6+4,45,16,8,4,1d8+4,1d6+4,7.0,A
675,33,17,8,5,1d10+4,1d6+4,45,14,6,4,1d8+4,1d8+4,2.0,A
676,50,16,7,4,1d12+4,1d8+4,31,17,5,3,1d12+4,1d6+4,3.0,A
677,48,14,5,5,1d10+4,1d8+4,40,18,6,3,1d8+4,1d8+4,10.0,B
678,43,17,6,4,1d10+4,1d8+4,35,15,7,4,1d10+4,1d6+4,0.0,A
679,35,14,7,4,1d10+4,1d6+4,31,17,6,3,1d10+4,1d8+4,6.0,B
680,33,17,6,3,1d8+4,1d8+4,41,18,7,4,1d8+4,1d8+4,4.0,B
681,34,14,7,4,1d12+4,1d8+4,47,14,8,3,1d12+4,1d8+4,3.0,B
682,39,17,5,5,1d12+4,1d6+4,32,18,7,5,1d12+4,1d8+4,9.0,A
683,49,18,5,3,1d10+4,1d6+4,41,17,8,3,1d12+4,1d6+4,0.0,B
684,41,15,7,5,1d8+4,1d8+4,47,15,7,4,1d10+4,1d6+4,7.0,B
685,48,17,8,4,1d8+4,1d6+4,34,14,6,5,1d12+4,1d8+4,9.0,A
686,34,16,7,3,1d10+4,1d6+4,41,14,6,3,1d10+4,1d6+4,8.0,A
687,35,14,5,3,1d12+4,1d8+4,37,18,6,5,1d12+4,1d8+4,1.0,B
688,49,18,7,3,1d8+4,1d6+4,40,18,8,3,1d8+4,1d8+4,2.0,A
689,40,15,6,5,1d12+4,1d8+4,35,17,8,5,1d8+4,1d6+4,9.0,A
690,34,16,5,3,1d10+4,1d6+4,46,14,7,5,1d12+4,1d8+4,9.0,B
691,30,18,6,5,1d8+4,1d8+4,40,18,5,4,1d12+4,1d6+4,10.0,A
692,48,14,6,5,1d10+4,1d6+4,35,15,5,5,1d12+4,1d8+4,3.0,A
693,44,17,5,4,1d10+4,1d8+4,39,15,5,3,1d8+4,1d8+4,7.0,A
694,34,14,5,4,1d10+4,1d6+4,45,18,7,4,1d12+4,1d8+4,1.0,B
695,48,16,5,3,1d10+4,1d8+4,50,14,7,3,1d10+4,1d6+4,10.0,A
696,46,17,7,5,1d10+4,1d6+4,48,16,8,5,1d8+4,1d8+4,1.0,A
697,47,17,8,4,1d12+4,1d6+4,31,17,8,3,1d12+4,1d6+4,10.0,A
698,40,15,8,4,1d8+4,1d8+4,40,16,6,3,1d12+4,1d8+4,9.0,A
699,41,15,7,5,1d10+4,1d6+4,42,15,5,3,1d12+4,1d6+4,0.0,B
700,32,16,6,3,1d12+4,1d8+4,47,17,8,3,1d12+4,1d8+4,2.0,B
701,33,16,8,4,1d10+4,1d6+4,31,14,7,5,1d12+4,1d6+4,4.0,A
702,48,17,7,3,1d8+4,1d6+4,41,18,5,5,1d12+4,1d6+4,5.0,B
703,43,17,7,5,1d8+4,1d8+4,34,15,5,4,1d12+4,1d8+4,10.0,A
704,45,16,8,3,1d8+4,1d6+4,48,15,8,5,1d10+4,1d8+4,0.0,B
705,33,17,6,3,1d12+4,1d6+4,39,17,5,4,1d12+4,1d8+4,1.0,B
706,31,15,8,4,1d8+4,1d6+4,35,15,7,3,1d10+4,1d6+4,3.0,A
707,32,16,8,4,1d12+4,1d8+4,46,18,7,4,1d8+4,1d6+4,3.0,A
708,35,17,5,3,1d12+4,1d8+4,35,18,7,5,1d12+4,1d8+4,10.0,B
709,32,16,5,3,1d12+4,1d8+4,47,14,8,4,1d8+4,1d6+4,0.0,A
710,43,16,5,5,1d8+4,1d8+4,36,14,6,3,1d10+4,1d8+4,3.0,A
711,42,14,7,5,1d8+4,1d8+4,43,18,5,5,1d8+4,1d8+4,6.0,B
712,48,14,5,5,1d12+4,1d6+4,33,18,6,3,1d10+4,1d8+4,6.0,B
713,38,14,8,5,1d12+4,1d8+4,45,15,6,4,1d12+4,1d6+4,9.0,B
714,48,14,6,4,1d10+4,1d8+4,38,16,5,3,1d12+4,1d8+4,1.0,B
715,31,17,5,5,1d8+4,1d8+4,39,14,6,4,1d8+4,1d6+4,8.0,A
716,38,14,5,4,1d12+4,1d6+4,38,17,5,5,1d10+4,1d8+4,3.0,B
717,31,14,6,3,1d10+4,1d6+4,34,18,6,3,1d12+4,1d8+4,5.0,B
718,50,18,7,5,1d12+4,1d8+4,49,18,5,5,1d8+4,1d6+4,6.0,A
719,32,16,6,5,1d12+4,1d6+4,41,14,8,4,1d12+4,1d6+4,6.0,B
720,35,15,7,5,1d10+4,1d8+4,41,18,6,5,1d12+4,1d6+4,3.0,A
721,49,18,8,4,1d12+4,1d6+4,32,16,6,4,1d12+4,1d6+4,6.0,A
722,31,15,8,4,1d8+4,1d6+4,30,17,5,5,1d10+4,1d8+4,3.0,B
723,32,18,7,3,1d12+4,1d8+4,38,18,8,3,1d8+4,1d6+4,2.0,A
724,34,18,6,3,1d10+4,1d8+4,37,17,6,4,1d8+4,1d8+4,7.0,B
725,35,17,5,5,1d8+4,1d6+4,36,14,8,4,1d8+4,1d8+4,5.0,A
726,36,17,5,4,1d12+4,1d8+4,38,16,5,3,1d10+4,1d6+4,3.0,B
727,47,14,7,3,1d8+4,1d8+4,46,16,7,4,1d12+4,1d6+4,3.0,B
728,37,18,8,4,1d12+4,1d6+4,41,18,7,4,1d12+4,1d8+4,1.0,A
729,30,15,7,3,1d10+4,1d6+4,48,15,5,3,1d12+4,1d6+4,10.0,B
730,30,16,8,4,1d12+4,1d8+4,47,17,6,5,1d12+4,1d8+4,4.0,B
731,41,15,8,5,1d8+4,1d6+4,34,17,7,4,1d8+4,1d8+4,3.0,B
732,38,15,6,4,1d10+4,1d8+4,38,17,5,4,1d10+4,1d8+4,9.0,B
733,49,17,5,5,1d10+4,1d6+4,33,17,7,3,1d12+4,1d6+4,1.0,A
734,49,18,8,3,1d12+4,1d6+4,32,14,6,3,1d8+4,1d8+4,4.0,A
735,33,18,7,3,1d8+4,1d8+4,45,16,5,3,1d12+4,1d8+4,1.0,B
736,38,17,7,5,1d8+4,1d8+4,44,14,8,5,1d10+4,1d6+4,9.0,A
737,45,14,6,4,1d12+4,1d6+4,44,18,8,4,1d12+4,1d6+4,7.0,A
738,41,17,5,5,1d8+4,1d8+4,44,18,7,4,1d10+4,1d8+4,10.0,B
739,41,17,5,3,1d12+4,1d8+4,31,18,8,4,1d10+4,1d6+4,10.0,A
740,48,16,8,3,1d8+4,1d8+4,41,17,5,3,1d12+4,1d6+4,0.0,B
741,43,18,6,5,1d10+4,1d8+4,49,18,7,5,1d10+4,1d8+4,7.0,B
742,36,18,7,4,1d12+4,1d8+4,47,15,7,3,1d8+4,1d6+4,4.0,A
743,43,15,6,3,1d10+4,1d6+4,41,17,8,4,1d8+4,1d8+4,5.0,B
744,43,15,6,5,1d12+4,1d8+4,46,17,5,5,1d12+4,1d6+4,6.0,A
745,43,17,7,3,1d12+4,1d6+4,45,15,8,4,1d12+4,1d6+4,7.0,B
746,50,18,5,5,1d8+4,1d6+4,30,15,5,5,1d12+4,1d8+4,0.0,A
747,35,15,6,4,1d12+4,1d8+4,33,18,8,5,1d10+4,1d6+4,9.0,B
748,37,16,8,3,1d12+4,1d6+4,46,17,6,3,1d8+4,1d8+4,4.0,A
749,43,17,5,4,1d8+4,1d6+4,32,18,6,3,1d12+4,1d6+4,10.0,A
750,46,18,6,3,1d12+4,1d6+4,33,15,6,5,1d12+4,1d8+4,10.0,A
751,34,18,5,5,1d10+4,1d6+4,39,15,8,5,1d12+4,1d6+4,4.0,B
752,50,14,7,5,1d8+4,1d6+4,41,18,5,4,1d8+4,1d6+4,9.0,A
753,48,18,8,3,1d12+4,1d6+4,30,17,8,5,1d8+4,1d6+4,7.0,A
754,31,15,7,4,1d10+4,1d8+4,34,16,8,4,1d10+4,1d8+4,3.0,B
755,36,17,8,5,1d10+4,1d6+4,40,16,5,3,1d10+4,1d8+4,4.0,B
756,35,17,7,3,1d12+4,1d6+4,46,14,7,3,1d12+4,1d8+4,10.0,B
757,36,16,5,5,1d8+4,1d6+4,41,14,6,5,1d12+4,1d8+4,10.0,B
758,46,14,5,4,1d10+4,1d6+4,47,14,8,5,1d12+4,1d8+4,9.0,B
759,41,14,5,4,1d12+4,1d6+4,39,18,8,3,1d10+4,1d6+4,1.0,B
760,48,18,8,5,1d10+4,1d6+4,47,16,6,5,1d12+4,1d8+4,9.0,A
761,38,15,6,4,1d12+4,1d8+4,48,18,6,3,1d8+4,1d6+4,6.0,B
762,35,14,6,4,1d8+4,1d8+4,46,15,8,3,1d10+4,1d8+4,10.0,A
763,47,18,5,4,1d12+4,1d6+4,39,14,8,4,1d8+4,1d6+4,9.0,A
764,34,16,7,4,1d10+4,1d6+4,43,15,5,5,1d10+4,1d6+4,0.0,A
765,39,15,8,3,1d10+4,1d8+4,34,16,7,4,1d8+4,1d8+4,4.0,B
766,44,18,5,5,1d12+4,1d8+4,45,16,6,4,1d8+4,1d8+4,0.0,A
767,33,16,8,3,1d8+4,1d8+4,39,18,8,5,1d12+4,1d6+4,7.0,B
768,41,16,8,3,1d12+4,1d8+4,37,15,5,3,1d10+4,1d8+4,7.0,A
769,42,15,8,4,1d10+4,1d8+4,38,18,6,3,1d8+4,1d6+4,6.0,A
770,37,16,7,5,1d12+4,1d6+4,32,17,5,4,1d8+4,1d6+4,1.0,B
771,46,16,8,3,1d8+4,1d8+4,33,14,5,3,1d10+4,1d8+4,5.0,A
772,34,16,5,4,1d12+4,1d8+4,49,18,8,3,1d10+4,1d6+4,8.0,B
773,50,18,7,4,1d10+4,1d8+4,48,16,5,3,1d10+4,1d6+4,8.0,A
774,34,14,7,4,1d10+4,1d6+4,30,16,5,4,1d10+4,1d6+4,10.0,B
775,35,15,5,5,1d12+4,1d8+4,31,16,5,3,1d8+4,1d6+4,4.0,B
776,44,14,5,4,1d10+4,1d6+4,38,14,5,4,1d12+4,1d6+4,7.0,A
777,39,14,5,3,1d12+4,1d8+4,30,14,7,3,1d10+4,1d8+4,6.0,B
778,45,17,5,4,1d10+4,1d8+4,49,16,5,4,1d8+4,1d8+4,10.0,A
779,47,15,8,5,1d12+4,1d8+4,39,14,6,4,1d8+4,1d6+4,9.0,A
780,47,18,7,4,1d8+4,1d6+4,39,16,5,5,1d10+4,1d6+4,0.0,A
781,42,15,5,4,1d12+4,1d8+4,45,18,5,5,1d10+4,1d6+4,1.0,B
782,33,14,5,5,1d10+4,1d6+4,43,16,7,4,1d10+4,1d6+4,1.0,A
783,31,15,6,5,1d10+4,1d8+4,35,18,8,5,1d10+4,1d8+4,4.0,B
784,47,16,8,5,1d12+4,1d6+4,40,18,7,4,1d10+4,1d8+4,10.0,A
785,35,15,6,4,1d8+4,1d8+4,44,17,7,4,1d10+4,1d6+4,1.0,A
786,31,18,7,5,1d8+4,1d6+4,50,18,7,5,1d12+4,1d6+4,6.0,B
787,44,16,8,3,1d8+4,1d8+4,42,18,6,4,1d12+4,1d8+4,2.0,B
788,42,17,5,3,1d12+4,1d6+4,47,14,5,4,1d8+4,1d8+4,0.0,A
789,40,14,6,4,1d10+4,1d8+4,30,15,7,5,1d10+4,1d6+4,9.0,A
790,32,15,6,4,1d8+4,1d8+4,31,17,5,3,1d12+4,1d6+4,9.0,B
791,42,15,6,4,1d10+4,1d8+4,44,14,8,4,1d8+4,1d6+4,2.0,A
792,45,14,6,5,1d10+4,1d8+4,31,15,6,3,1d12+4,1d6+4,1.0,B
793,48,14,6,4,1d12+4,1d6+4,38,17,6,5,1d10+4,1d8+4,1.0,A
794,37,14,6,3,1d8+4,1d8+4,32,17,8,5,1d12+4,1d8+4,10.0,A
795,38,15,6,4,1d10+4,1d8+4,44,16,5,5,1d10+4,1d6+4,2.0,B
796,32,16,7,4,1d10+4,1d6+4,39,17,6,3,1d10+4,1d8+4,5.0,B
797,40,14,6,3,1d12+4,1d6+4,36,18,8,4,1d10+4,1d6+4,5.0,B
798,45,14,8,5,1d12+4,1d8+4,40,18,5,4,1d10+4,1d8+4,6.0,A
799,37,17,7,5,1d10+4,1d8+4,36,18,6,5,1d8+4,1d8+4,8.0,A
800,37,17,5,4,1d8+4,1d6+4,44,18,6,4,1d10+4,1d8+4,6.0,B
801,36,14,6,4,1d10+4,1d8+4,45,15,5,5,1d8+4,1d6+4,6.0,A
802,37,15,7,4,1d12+4,1d8+4,34,16,5,3,1d8+4,1d8+4,4.0,A
803,47,17,8,5,1d8+4,1d6+4,41,16,6,5,1d8+4,1d6+4,5.0,A
804,33,15,7,4,1d8+4,1d8+4,43,14,5,3,1d12+4,1d8+4,5.0,A
805,35,17,7,3,1d10+4,1d8+4,47,17,7,5,1d8+4,1d8+4,0.0,A
806,38,18,5,4,1d12+4,1d8+4,45,15,8,5,1d12+4,1d6+4,9.0,B
807,34,17,6,5,1d10+4,1d8+4,46,16,6,5,1d12+4,1d8+4,3.0,B
808,35,16,8,3,1d10+4,1d6+4,47,18,7,4,1d8+4,1d6+4,10.0,B
809,40,18,8,5,1d10+4,1d6+4,41,16,8,5,1d10+4,1d6+4,10.0,B
810,41,14,7,4,1d8+4,1d6+4,44,17,7,5,1d12+4,1d8+4,3.0,A
811,45,17,5,3,1d8+4,1d6+4,49,14,6,4,1d8+4,1d6+4,4.0,A
812,38,17,6,3,1d12+4,1d6+4,30,18,6,4,1d10+4,1d8+4,6.0,A
813,35,17,5,5,1d8+4,1d8+4,35,15,6,5,1d12+4,1d6+4,6.0,A
814,41,17,7,4,1d8+4,1d8+4,50,14,5,5,1d8+4,1d8+4,4.0,A
815,37,16,8,5,1d10+4,1d8+4,30,16,6,3,1d12+4,1d8+4,5.0,A
816,33,16,6,5,1d12+4,1d8+4,36,16,5,5,1d8+4,1d8+4,3.0,A
817,44,14,8,5,1d8+4,1d6+4,40,18,6,5,1d12+4,1d6+4,6.0,B
818,37,15,5,4,1d8+4,1d8+4,47,17,7,4,1d8+4,1d6+4,3.0,A
819,37,15,5,5,1d12+4,1d8+4,39,14,7,4,1d10+4,1d6+4,2.0,B
820,43,18,8,4,1d10+4,1d6+4,32,18,8,5,1d8+4,1d8+4,0.0,B
821,40,15,8,3,1d12+4,1d8+4,46,16,5,5,1d8+4,1d8+4,5.0,A
822,41,16,8,4,1d12+4,1d6+4,50,15,7,5,1d10+4,1d6+4,9.0,A
823,42,16,5,4,1d12+4,1d8+4,33,16,8,3,1d8+4,1d8+4,7.0,A
824,37,18,6,5,1d12+4,1d6+4,42,18,5,4,1d10+4,1d8+4,10.0,A
825,32,15,6,4,1d12+4,1d6+4,47,14,5,5,1d10+4,1d6+4,2.0,B
826,35,17,7,3,1d12+4,1d8+4,44,16,7,5,1d10+4,1d8+4,3.0,B
827,43,15,7,3,1d10+4,1d6+4,45,16,8,5,1d8+4,1d6+4,0.0,A
828,36,16,8,3,1d10+4,1d6+4,47,14,7,3,1d12+4,1d6+4,3.0,B
829,33,17,6,4,1d8+4,1d6+4,39,17,5,5,1d10+4,1d6+4,9.0,A
830,47,17,5,4,1d10+4,1d6+4,42,17,7,4,1d10+4,1d8+4,6.0,A
831,50,17,8,3,1d8+4,1d8+4,35,16,7,4,1d8+4,1d6+4,0.0,A
832,42,14,5,5,1d10+4,1d6+4,35,16,6,3,1d8+4,1d6+4,4.0,A
833,46,16,7,4,1d10+4,1d6+4,47,16,5,4,1d10+4,1d6+4,4.0,B
834,34,16,5,4,1d12+4,1d8+4,30,18,6,3,1d12+4,1d6+4,2.0,A
835,49,16,5,3,1d12+4,1d6+4,34,18,8,4,1d8+4,1d8+4,1.0,B
836,36,17,5,5,1d10+4,1d8+4,35,14,7,5,1d12+4,1d8+4,0.0,B
837,40,14,8,3,1d10+4,1d6+4,39,14,7,5,1d12+4,1d6+4,4.0,A
838,31,17,7,3,1d10+4,1d8+4,39,18,7,4,1d10+4,1d6+4,5.0,A
839,47,15,7,3,1d12+4,1d8+4,30,15,8,4,1d10+4,1d6+4,3.0,A
840,36,16,5,4,1d12+4,1d6+4,45,14,6,5,1d12+4,1d8+4,5.0,A
841,38,16,6,3,1d8+4,1d6+4,30,14,6,3,1d10+4,1d8+4,4.0,A
842,32,16,7,5,1d12+4,1d8+4,40,15,7,5,1d8+4,1d8+4,1.0,A
843,38,14,5,3,1d12+4,1d6+4,33,18,5,5,1d8+4,1d6+4,4.0,A
844,35,15,7,3,1d8+4,1d6+4,45,18,7,3,1d10+4,1d6+4,0.0,B
845,31,15,7,3,1d10+4,1d8+4,40,16,6,4,1d12+4,1d8+4,1.0,B
846,50,18,7,4,1d12+4,1d6+4,31,14,8,3,1d10+4,1d6+4,4.0,B
847,44,17,5,5,1d12+4,1d8+4,32,16,5,3,1d8+4,1d8+4,2.0,A
848,30,17,8,4,1d12+4,1d8+4,41,16,8,3,1d12+4,1d8+4,9.0,A
849,50,16,6,3,1d12+4,1d8+4,34,16,8,3,1d10+4,1d6+4,4.0,A
850,38,17,5,4,1d12+4,1d6+4,48,17,5,3,1d8+4,1d8+4,7.0,A
851,41,14,6,4,1d8+4,1d8+4,48,14,6,4,1d10+4,1d8+4,8.0,A
852,32,16,5,3,1d10+4,1d8+4,45,17,5,5,1d12+4,1d8+4,4.0,B
853,32,14,5,3,1d8+4,1d8+4,42,17,8,4,1d8+4,1d8+4,6.0,B
854,31,15,8,3,1d8+4,1d6+4,47,14,7,3,1d12+4,1d6+4,5.0,B
855,50,14,6,5,1d10+4,1d8+4,48,17,7,5,1d12+4,1d6+4,9.0,B
856,45,15,6,5,1d10+4,1d6+4,43,17,8,5,1d10+4,1d8+4,1.0,B
857,40,14,5,4,1d8+4,1d6+4,45,17,8,4,1d10+4,1d8+4,7.0,A
858,45,18,7,5,1d10+4,1d8+4,37,16,5,5,1d12+4,1d8+4,7.0,A
859,32,18,7,3,1d12+4,1d8+4,31,14,6,3,1d8+4,1d8+4,8.0,A
860,48,17,7,5,1d8+4,1d6+4,35,14,8,3,1d10+4,1d6+4,3.0,A
861,49,14,6,3,1d12+4,1d6+4,37,16,5,5,1d12+4,1d8+4,1.0,B
862,36,17,7,4,1d10+4,1d8+4,46,17,5,5,1d10+4,1d6+4,3.0,A
863,36,14,6,5,1d8+4,1d6+4,47,17,6,3,1d8+4,1d6+4,3.0,B
864,30,14,5,5,1d8+4,1d6+4,34,15,5,4,1d8+4,1d6+4,9.0,A
865,39,16,6,4,1d10+4,1d8+4,49,18,6,4,1d10+4,1d6+4,5.0,A
866,33,17,7,3,1d12+4,1d6+4,33,16,5,4,1d8+4,1d6+4,10.0,A
867,31,16,6,5,1d8+4,1d6+4,40,18,8,4,1d12+4,1d6+4,3.0,B
868,42,18,8,4,1d8+4,1d6+4,46,14,6,4,1d12+4,1d6+4,1.0,B
869,39,15,5,5,1d12+4,1d8+4,42,17,8,5,1d10+4,1d8+4,0.0,B
870,50,18,6,5,1d10+4,1d8+4,48,17,8,4,1d8+4,1d8+4,1.0,B
871,31,18,5,4,1d12+4,1d6+4,46,16,6,3,1d10+4,1d6+4,6.0,A
872,39,16,8,4,1d10+4,1d8+4,45,18,7,5,1d12+4,1d6+4,4.0,A
873,38,16,5,4,1d8+4,1d6+4,38,15,7,5,1d12+4,1d8+4,8.0,A
874,49,14,8,3,1d8+4,1d6+4,50,14,8,3,1d10+4,1d6+4,9.0,B
875,43,16,6,5,1d10+4,1d8+4,33,16,6,3,1d10+4,1d8+4,4.0,A
876,38,17,6,5,1d8+4,1d8+4,49,16,5,5,1d12+4,1d8+4,0.0,B
877,33,14,7,3,1d12+4,1d8+4,36,18,6,4,1d12+4,1d8+4,3.0,A
878,50,17,7,4,1d10+4,1d8+4,38,15,7,3,1d8+4,1d6+4,9.0,A
879,30,16,7,5,1d10+4,1d8+4,42,14,6,4,1d10+4,1d6+4,5.0,B
880,31,16,7,3,1d12+4,1d6+4,45,14,7,3,1d8+4,1d8+4,9.0,A
881,46,16,6,5,1d12+4,1d8+4,48,17,5,5,1d10+4,1d8+4,9.0,A
882,37,14,6,5,1d10+4,1d8+4,42,16,7,5,1d8+4,1d6+4,2.0,B
883,38,17,8,4,1d8+4,1d8+4,43,17,5,4,1d10+4,1d8+4,2.0,B
884,43,15,6,3,1d12+4,1d6+4,38,17,7,3,1d12+4,1d8+4,2.0,A
885,44,17,5,4,1d8+4,1d6+4,36,17,7,5,1d10+4,1d6+4,7.0,B
886,47,16,7,4,1d10+4,1d8+4,47,18,6,4,1d8+4,1d6+4,8.0,B
887,39,18,7,3,1d12+4,1d8+4,42,14,6,5,1d10+4,1d8+4,8.0,B
888,38,18,7,5,1d12+4,1d6+4,33,16,6,3,1d8+4,1d6+4,9.0,A
889,38,14,7,3,1d12+4,1d8+4,43,16,6,3,1d10+4,1d6+4,9.0,B
890,36,14,6,3,1d8+4,1d8+4,46,18,7,4,1d8+4,1d8+4,3.0,B
891,34,15,7,5,1d8+4,1d8+4,38,18,7,3,1d12+4,1d8+4,3.0,B
892,35,18,8,5,1d10+4,1d8+4,34,16,8,3,1d8+4,1d6+4,6.0,A
893,37,14,8,4,1d8+4,1d6+4,35,16,5,3,1d10+4,1d6+4,6.0,A
894,47,18,8,4,1d12+4,1d6+4,50,14,5,3,1d8+4,1d6+4,1.0,A
895,50,18,8,3,1d12+4,1d6+4,37,15,8,5,1d8+4,1d6+4,10.0,A
896,44,17,8,4,1d12+4,1d6+4,50,16,7,3,1d12+4,1d6+4,8.0,A
897,46,15,8,4,1d10+4,1d8+4,47,18,8,3,1d8+4,1d6+4,8.0,B
898,36,17,5,3,1d8+4,1d6+4,35,18,8,5,1d8+4,1d8+4,10.0,B
899,34,17,5,3,1d8+4,1d6+4,39,15,5,4,1d12+4,1d8+4,8.0,A
900,30,18,5,5,1d8+4,1d6+4,32,15,5,5,1d10+4,1d8+4,2.0,B
901,39,15,7,3,1d10+4,1d6+4,35,18,8,5,1d8+4,1d6+4,9.0,B
902,32,16,6,4,1d10+4,1d8+4,38,14,5,5,1d10+4,1d6+4,9.0,A
903,37,16,6,4,1d12+4,1d6+4,44,14,5,3,1d10+4,1d6+4,8.0,A
904,38,15,7,3,1d12+4,1d8+4,49,17,8,4,1d8+4,1d6+4,7.0,A
905,45,14,8,3,1d8+4,1d6+4,44,14,6,3,1d10+4,1d8+4,1.0,B
906,40,18,5,3,1d12+4,1d6+4,47,15,5,5,1d10+4,1d6+4,8.0,A
907,34,18,8,5,1d10+4,1d8+4,48,15,8,3,1d12+4,1d6+4,2.0,A
908,32,16,7,5,1d10+4,1d6+4,39,14,8,3,1d12+4,1d6+4,5.0,B
909,37,15,5,4,1d10+4,1d6+4,30,16,6,5,1d8+4,1d6+4,8.0,B
910,45,15,5,4,1d12+4,1d6+4,36,15,7,3,1d12+4,1d6+4,10.0,A
911,37,18,7,5,1d10+4,1d8+4,44,15,5,5,1d10+4,1d8+4,5.0,A
912,38,17,8,4,1d12+4,1d6+4,34,14,7,3,1d8+4,1d8+4,3.0,A
913,43,16,8,5,1d10+4,1d8+4,33,16,5,5,1d8+4,1d6+4,1.0,A
914,40,17,7,3,1d12+4,1d8+4,33,18,7,3,1d8+4,1d8+4,4.0,A
915,50,15,7,4,1d8+4,1d8+4,34,16,7,3,1d8+4,1d6+4,9.0,A
916,45,14,6,4,1d12+4,1d6+4,36,14,7,4,1d8+4,1d8+4,4.0,B
917,30,14,6,5,1d10+4,1d8+4,36,14,6,4,1d10+4,1d6+4,1.0,A
918,40,17,6,4,1d12+4,1d8+4,43,17,8,5,1d12+4,1d6+4,3.0,A
919,45,14,8,4,1d12+4,1d8+4,32,18,8,5,1d8+4,1d6+4,7.0,B
920,30,15,8,3,1d10+4,1d6+4,45,17,6,4,1d12+4,1d6+4,5.0,B
921,37,17,7,5,1d12+4,1d8+4,39,18,5,5,1d12+4,1d8+4,3.0,A
922,39,14,7,3,1d12+4,1d6+4,47,17,7,5,1d12+4,1d6+4,5.0,A
923,44,14,5,3,1d12+4,1d8+4,46,14,6,5,1d12+4,1d8+4,7.0,A
924,34,18,7,5,1d12+4,1d6+4,30,16,7,4,1d12+4,1d8+4,7.0,A
925,50,14,8,3,1d8+4,1d8+4,34,18,7,3,1d10+4,1d8+4,6.0,B
926,43,16,7,5,1d8+4,1d6+4,35,16,6,3,1d10+4,1d6+4,6.0,A
927,34,17,6,3,1d12+4,1d6+4,30,16,6,3,1d10+4,1d8+4,9.0,B
928,35,14,6,4,1d8+4,1d6+4,35,16,5,4,1d8+4,1d6+4,9.0,A
929,40,18,8,4,1d8+4,1d6+4,38,14,5,5,1d12+4,1d8+4,7.0,A
930,39,15,7,4,1d8+4,1d6+4,45,17,5,5,1d10+4,1d8+4,1.0,A
931,33,18,6,4,1d8+4,1d6+4,30,15,5,4,1d10+4,1d8+4,2.0,B
932,49,15,6,4,1d10+4,1d8+4,37,15,5,5,1d12+4,1d6+4,7.0,A
933,32,16,5,5,1d8+4,1d6+4,50,18,8,4,1d10+4,1d8+4,2.0,B
934,30,14,5,4,1d8+4,1d6+4,30,16,8,4,1d8+4,1d6+4,0.0,B
935,39,14,5,3,1d10+4,1d8+4,34,17,7,4,1d12+4,1d8+4,9.0,B
936,35,18,6,3,1d8+4,1d6+4,30,15,7,3,1d10+4,1d8+4,1.0,B
937,30,14,7,4,1d12+4,1d8+4,34,15,8,4,1d12+4,1d8+4,3.0,A
938,32,15,5,4,1d8+4,1d6+4,37,16,8,4,1d12+4,1d8+4,1.0,A
939,38,14,8,4,1d8+4,1d8+4,42,18,5,3,1d12+4,1d8+4,6.0,B
940,40,18,8,3,1d12+4,1d8+4,42,16,7,4,1d10+4,1d6+4,3.0,B
941,38,15,8,5,1d10+4,1d6+4,49,17,7,3,1d8+4,1d8+4,0.0,A
942,48,18,7,4,1d8+4,1d8+4,41,16,7,3,1d8+4,1d8+4,9.0,A
943,49,14,8,5,1d8+4,1d8+4,38,17,5,5,1d8+4,1d8+4,4.0,B
944,41,17,6,5,1d10+4,1d6+4,37,18,7,5,1d12+4,1d8+4,9.0,B
945,50,16,7,4,1d10+4,1d6+4,42,17,8,5,1d10+4,1d8+4,3.0,A
946,42,14,6,3,1d10+4,1d8+4,32,14,6,5,1d10+4,1d6+4,5.0,A
947,44,16,5,5,1d8+4,1d6+4,45,18,5,5,1d10+4,1d8+4,6.0,B
948,42,18,5,5,1d12+4,1d8+4,32,15,8,3,1d12+4,1d6+4,7.0,A
949,43,15,5,3,1d8+4,1d6+4,50,15,7,3,1d10+4,1d6+4,10.0,B
950,45,16,7,3,1d8+4,1d8+4,31,16,5,4,1d12+4,1d6+4,1.0,A
951,38,15,8,4,1d8+4,1d8+4,46,15,7,3,1d8+4,1d8+4,9.0,B
952,47,16,8,4,1d12+4,1d8+4,40,15,7,5,1d12+4,1d6+4,2.0,A
953,46,16,8,3,1d12+4,1d8+4,48,18,7,4,1d12+4,1d8+4,2.0,A
954,47,16,6,5,1d12+4,1d8+4,36,15,5,4,1d10+4,1d8+4,2.0,A
955,37,15,8,4,1d12+4,1d6+4,46,18,8,5,1d12+4,1d6+4,5.0,A
956,50,14,6,4,1d10+4,1d8+4,50,15,5,5,1d12+4,1d6+4,10.0,A
957,40,15,5,4,1d8+4,1d8+4,40,18,7,3,1d10+4,1d8+4,3.0,A
958,49,17,6,3,1d8+4,1d8+4,30,18,5,5,1d12+4,1d8+4,3.0,A
959,35,16,8,3,1d8+4,1d8+4,38,14,7,3,1d10+4,1d8+4,5.0,B
960,45,18,6,5,1d8+4,1d8+4,40,17,6,4,1d8+4,1d6+4,9.0,A
961,36,15,5,5,1d8+4,1d8+4,47,16,5,4,1d12+4,1d8+4,3.0,B
962,34,18,5,5,1d10+4,1d8+4,39,16,7,5,1d10+4,1d6+4,5.0,B
963,39,14,8,4,1d8+4,1d8+4,36,17,7,5,1d12+4,1d8+4,1.0,A
964,33,16,5,5,1d8+4,1d8+4,34,17,8,3,1d8+4,1d8+4,3.0,B
965,41,16,8,5,1d10+4,1d6+4,32,17,8,3,1d8+4,1d8+4,8.0,A
966,44,16,6,3,1d12+4,1d6+4,35,15,5,5,1d8+4,1d6+4,3.0,A
967,39,17,8,5,1d8+4,1d6+4,30,14,7,4,1d10+4,1d8+4,6.0,B
968,30,18,6,5,1d12+4,1d8+4,34,17,7,4,1d10+4,1d6+4,5.0,A
969,47,17,6,4,1d8+4,1d8+4,34,16,8,5,1d12+4,1d8+4,7.0,B
970,36,17,8,5,1d12+4,1d6+4,36,14,7,5,1d8+4,1d8+4,0.0,A
971,48,14,8,4,1d12+4,1d8+4,37,16,8,3,1d12+4,1d6+4,2.0,A
972,37,17,5,4,1d8+4,1d6+4,49,16,8,4,1d8+4,1d6+4,10.0,A
973,33,17,6,3,1d12+4,1d6+4,43,15,8,5,1d10+4,1d8+4,10.0,B
974,34,14,5,3,1d8+4,1d8+4,38,14,7,3,1d10+4,1d8+4,10.0,A
975,34,17,7,5,1d8+4,1d8+4,31,18,8,4,1d10+4,1d8+4,7.0,A
976,31,16,5,3,1d10+4,1d8+4,46,15,5,3,1d12+4,1d6+4,8.0,B
977,37,15,5,5,1d8+4,1d6+4,36,16,8,4,1d10+4,1d6+4,1.0,B
978,33,15,6,5,1d8+4,1d8+4,47,18,8,4,1d10+4,1d6+4,1.0,B
979,42,14,8,5,1d8+4,1d8+4,37,15,5,5,1d8+4,1d6+4,9.0,A
980,41,14,7,4,1d8+4,1d6+4,30,15,6,3,1d12+4,1d6+4,5.0,B
981,44,16,8,3,1d8+4,1d6+4,49,17,7,3,1d8+4,1d6+4,9.0,A
982,33,17,6,4,1d10+4,1d6+4,35,14,7,5,1d8+4,1d6+4,5.0,B
983,40,18,8,3,1d12+4,1d6+4,30,18,6,3,1d12+4,1d6+4,6.0,A
984,36,17,8,5,1d10+4,1d6+4,34,15,6,4,1d10+4,1d8+4,10.0,A
985,42,15,8,4,1d8+4,1d6+4,39,18,7,3,1d12+4,1d8+4,8.0,B
986,37,15,7,5,1d10+4,1d8+4,49,14,5,4,1d12+4,1d6+4,2.0,B
987,36,18,7,3,1d8+4,1d8+4,43,16,5,3,1d8+4,1d6+4,6.0,B
988,37,14,8,5,1d12+4,1d8+4,48,14,8,4,1d12+4,1d6+4,0.0,B
989,44,16,6,3,1d8+4,1d6+4,39,18,6,4,1d10+4,1d8+4,6.0,A
990,38,16,5,4,1d8+4,1d6+4,46,17,7,5,1d12+4,1d8+4,8.0,B
991,32,15,7,5,1d8+4,1d8+4,46,16,7,3,1d12+4,1d6+4,7.0,B
992,38,14,7,4,1d12+4,1d6+4,35,15,6,5,1d10+4,1d8+4,0.0,B
993,43,15,5,5,1d8+4,1d6+4,45,18,8,3,1d8+4,1d6+4,6.0,B
994,46,18,5,3,1d10+4,1d8+4,34,18,6,3,1d10+4,1d8+4,8.0,B
995,37,16,7,5,1d8+4,1d8+4,46,14,5,4,1d12+4,1d8+4,8.0,B
996,44,17,5,3,1d8+4,1d8+4,35,18,8,5,1d8+4,1d6+4,9.0,A
997,33,16,7,4,1d10+4,1d6+4,45,15,8,4,1d8+4,1d8+4,1.0,A
998,48,15,5,3,1d12+4,1d6+4,40,17,5,3,1d12+4,1d8+4,3.0,B
999,32,18,8,4,1d12+4,1d8+4,34,15,7,3,1d10+4,1d8+4,2.0,A
1000,42,15,7,4,1d8+4,1d8+4,49,17,7,3,1d8+4,1d6+4,10.0,B
1001,42,18,7,5,1d8+4,1d8+4,35,15,8,3,1d8+4,1d8+4,4.0,A
1002,37,18,7,4,1d12+4,1d6+4,42,17,7,5,1d12+4,1d8+4,4.0,B
1003,31,16,6,4,1d8+4,1d6+4,47,14,8,3,1d8+4,1d8+4,0.0,B
1004,45,16,7,4,1d10+4,1d6+4,32,15,6,3,1d10+4,1d6+4,7.0,A
1005,32,15,6,4,1d12+4,1d6+4,34,18,8,3,1d8+4,1d6+4,7.0,A
1006,37,18,5,3,1d8+4,1d8+4,44,15,6,3,1d12+4,1d6+4,0.0,B
1007,31,15,5,5,1d12+4,1d6+4,34,15,6,3,1d10+4,1d8+4,5.0,B
1008,37,18,8,5,1d12+4,1d6+4,42,16,5,4,1d12+4,1d8+4,6.0,A
1009,38,14,5,4,1d8+4,1d6+4,31,18,5,3,1d10+4,1d6+4,2.0,A
1010,48,17,7,5,1d10+4,1d6+4,37,16,8,5,1d12+4,1d6+4,3.0,A
1011,43,15,8,3,1d8+4,1d6+4,46,18,6,4,1d8+4,1d8+4,4.0,B
1012,39,15,5,5,1d12+4,1d6+4,40,18,6,5,1d12+4,1d8+4,8.0,A
1013,44,15,7,5,1d10+4,1d6+4,40,17,6,4,1d8+4,1d8+4,9.0,A
1014,35,16,7,3,1d10+4,1d6+4,44,17,8,4,1d12+4,1d6+4,5.0,B
1015,46,16,6,4,1d12+4,1d6+4,30,17,5,3,1d8+4,1d6+4,2.0,A
1016,38,18,8,5,1d8+4,1d6+4,34,14,5,5,1d10+4,1d8+4,10.0,A
1017,40,16,7,4,1d8+4,1d8+4,41,14,6,3,1d10+4,1d6+4,10.0,B
1018,43,16,7,5,1d8+4,1d8+4,40,14,6,5,1d8+4,1d6+4,5.0,A
1019,44,17,8,3,1d8+4,1d6+4,49,14,6,4,1d12+4,1d6+4,10.0,B
1020,30,16,5,3,1d8+4,1d6+4,44,17,6,3,1d10+4,1d6+4,4.0,A
1021,30,17,7,4,1d8+4,1d8+4,36,14,6,5,1d10+4,1d8+4,9.0,B
1022,39,16,7,3,1d8+4,1d8+4,34,14,5,4,1d12+4,1d8+4,1.0,A
1023,30,18,5,4,1d10+4,1d8+4,44,16,6,4,1d10+4,1d8+4,6.0,B
1024,33,14,7,5,1d8+4,1d6+4,37,15,6,5,1d12+4,1d6+4,7.0,A
1025,30,18,6,4,1d10+4,1d6+4,31,14,7,5,1d10+4,1d8+4,9.0,A
1026,35,16,6,4,1d8+4,1d8+4,37,18,7,3,1d8+4,1d6+4,2.0,B
1027,36,16,5,5,1d8+4,1d6+4,35,16,6,4,1d8+4,1d8+4,4.0,B
1028,34,17,8,3,1d12+4,1d6+4,32,14,6,5,1d8+4,1d6+4,0.0,A
1029,44,17,5,5,1d10+4,1d8+4,48,16,8,5,1d8+4,1d6+4,6.0,A
1030,40,17,8,4,1d10+4,1d8+4,48,14,5,3,1d12+4,1d8+4,6.0,B
1031,45,18,6,4,1d12+4,1d8+4,45,15,7,4,1d12+4,1d6+4,3.0,A
1032,30,15,8,5,1d10+4,1d6+4,48,16,6,5,1d10+4,1d8+4,4.0,B
1033,43,16,7,5,1d12+4,1d8+4,43,16,8,4,1d8+4,1d6+4,8.0,A
1034,38,16,7,3,1d8+4,1d8+4,35,17,6,5,1d12+4,1d8+4,10.0,A
1035,38,18,7,4,1d10+4,1d8+4,31,15,6,5,1d12+4,1d6+4,5.0,B
1036,31,17,5,4,1d12+4,1d6+4,49,15,7,5,1d10+4,1d8+4,9.0,B
1037,40,14,7,5,1d12+4,1d6+4,45,14,6,5,1d12+4,1d6+4,7.0,B
1038,47,17,8,5,1d12+4,1d6+4,41,14,5,4,1d8+4,1d6+4,0.0,A
1039,31,16,5,5,1d8+4,1d8+4,46,17,5,3,1d10+4,1d6+4,5.0,A
1040,48,17,8,4,1d12+4,1d8+4,36,14,8,4,1d10+4,1d6+4,7.0,A
1041,33,16,8,3,1d10+4,1d6+4,34,18,6,4,1d10+4,1d6+4,4.0,A
1042,36,16,5,5,1d10+4,1d6+4,31,18,6,3,1d10+4,1d8+4,1.0,A
1043,35,14,6,5,1d10+4,1d8+4,39,15,6,3,1d12+4,1d6+4,9.0,A
1044,45,17,5,4,1d10+4,1d8+4,38,15,6,3,1d10+4,1d6+4,4.0,A
1045,36,15,6,5,1d12+4,1d6+4,42,16,8,5,1d8+4,1d8+4,7.0,B
1046,46,18,6,4,1d10+4,1d8+4,46,17,6,5,1d8+4,1d6+4,3.0,B
1047,49,14,8,3,1d8+4,1d6+4,49,15,6,3,1d12+4,1d8+4,4.0,B
1048,45,15,5,3,1d10+4,1d6+4,30,18,8,5,1d10+4,1d6+4,9.0,B
1049,36,18,7,4,1d12+4,1d6+4,44,16,7,4,1d10+4,1d8+4,5.0,A
1050,42,17,7,5,1d10+4,1d6+4,40,15,8,5,1d12+4,1d8+4,8.0,A
1051,36,17,7,5,1d8+4,1d6+4,49,16,6,5,1d12+4,1d8+4,10.0,A
1052,46,14,5,5,1d12+4,1d8+4,46,14,6,3,1d8+4,1d6+4,8.0,A
1053,37,14,8,4,1d12+4,1d8+4,44,15,5,4,1d10+4,1d8+4,10.0,B
1054,45,16,8,4,1d8+4,1d6+4,47,16,5,5,1d8+4,1d6+4,7.0,A
1055,36,17,5,3,1d10+4,1d6+4,50,14,8,4,1d12+4,1d6+4,4.0,A
1056,32,14,5,3,1d8+4,1d6+4,41,16,8,5,1d10+4,1d6+4,8.0,A
1057,37,15,8,4,1d8+4,1d8+4,33,14,6,4,1d8+4,1d6+4,7.0,A
1058,30,17,8,3,1d10+4,1d8+4,32,16,6,4,1d8+4,1d8+4,1.0,A
1059,35,15,8,5,1d12+4,1d8+4,39,16,5,4,1d12+4,1d6+4,3.0,A
1060,48,15,5,5,1d12+4,1d6+4,45,15,7,5,1d10+4,1d8+4,3.0,A
1061,33,16,5,3,1d10+4,1d6+4,46,17,8,3,1d10+4,1d6+4,6.0,B
1062,38,16,8,4,1d12+4,1d8+4,31,15,5,4,1d10+4,1d8+4,6.0,A
1063,45,17,8,3,1d8+4,1d6+4,37,16,7,4,1d12+4,1d8+4,1.0,A
1064,31,14,6,3,1d12+4,1d8+4,40,17,8,5,1d12+4,1d6+4,7.0,B
1065,42,17,7,5,1d8+4,1d6+4,37,18,8,3,1d12+4,1d8+4,0.0,B
1066,49,16,6,4,1d10+4,1d8+4,39,18,8,3,1d10+4,1d6+4,7.0,A
1067,38,16,6,4,1d12+4,1d8+4,45,15,8,4,1d10+4,1d6+4,1.0,A
1068,50,17,5,5,1d12+4,1d8+4,32,16,5,3,1d10+4,1d6+4,5.0,A
1069,50,17,7,4,1d8+4,1d8+4,33,16,6,3,1d12+4,1d8+4,0.0,A
1070,41,16,5,5,1d10+4,1d6+4,48,16,5,3,1d10+4,1d8+4,10.0,A
1071,38,15,8,5,1d10+4,1d8+4,38,18,6,4,1d8+4,1d6+4,7.0,B
1072,37,16,5,3,1d10+4,1d6+4,48,15,7,3,1d12+4,1d8+4,1.0,B
1073,39,17,5,4,1d12+4,1d6+4,38,16,6,4,1d8+4,1d6+4,5.0,A
1074,44,17,8,3,1d10+4,1d8+4,45,16,7,4,1d10+4,1d8+4,6.0,B
1075,31,18,5,5,1d8+4,1d8+4,43,17,6,4,1d8+4,1d6+4,1.0,B
1076,39,17,8,3,1d10+4,1d6+4,35,18,7,3,1d12+4,1d6+4,10.0,A
1077,39,14,6,4,1d12+4,1d6+4,49,14,7,4,1d10+4,1d8+4,8.0,A
1078,33,14,8,5,1d12+4,1d6+4,36,17,5,3,1d12+4,1d6+4,10.0,B
1079,33,17,6,5,1d10+4,1d6+4,39,16,7,3,1d10+4,1d8+4,1.0,A
1080,44,16,5,3,1d12+4,1d8+4,38,17,7,5,1d10+4,1d6+4,1.0,B
1081,48,15,6,3,1d8+4,1d8+4,35,15,7,5,1d8+4,1d8+4,2.0,B
1082,45,18,7,3,1d8+4,1d8+4,49,14,6,4,1d8+4,1d8+4,10.0,A
1083,49,18,6,3,1d10+4,1d8+4,46,15,6,3,1d8+4,1d6+4,8.0,B
1084,50,17,7,5,1d10+4,1d6+4,46,14,6,5,1d8+4,1d8+4,3.0,A
1085,49,16,7,5,1d8+4,1d8+4,46,14,5,4,1d10+4,1d6+4,4.0,A
1086,35,16,7,3,1d10+4,1d8+4,34,18,8,4,1d8+4,1d8+4,3.0,B
1087,48,16,5,5,1d10+4,1d6+4,32,18,5,4,1d12+4,1d8+4,5.0,A
1088,30,17,7,5,1d10+4,1d6+4,50,14,6,4,1d12+4,1d8+4,10.0,B
1089,46,15,6,5,1d8+4,1d8+4,33,16,8,4,1d12+4,1d8+4,0.0,B
1090,46,17,8,3,1d10+4,1d6+4,47,17,6,4,1d10+4,1d8+4,5.0,B
1091,49,15,7,3,1d8+4,1d8+4,41,15,7,5,1d10+4,1d6+4,2.0,B
1092,34,17,5,5,1d8+4,1d8+4,42,17,7,4,1d10+4,1d8+4,0.0,B
1093,40,14,7,3,1d10+4,1d6+4,31,14,7,3,1d10+4,1d6+4,9.0,B
1094,44,15,5,3,1d12+4,1d8+4,34,16,6,5,1d10+4,1d6+4,5.0,A
1095,31,14,8,5,1d8+4,1d6+4,49,14,8,5,1d8+4,1d8+4,2.0,A
1096,31,17,5,4,1d10+4,1d6+4,36,17,8,5,1d10+4,1d8+4,4.0,B
1097,43,14,5,4,1d10+4,1d6+4,48,17,6,4,1d8+4,1d6+4,6.0,B
1098,42,14,7,5,1d10+4,1d8+4,49,15,5,5,1d10+4,1d8+4,3.0,A
1099,40,18,7,4,1d12+4,1d6+4,34,17,5,4,1d8+4,1d6+4,10.0,A
1100,42,17,8,4,1d10+4,1d8+4,49,17,5,5,1d10+4,1d8+4,1.0,A
1101,50,17,8,5,1d12+4,1d6+4,34,18,8,4,1d12+4,1d6+4,3.0,B
1102,47,18,6,4,1d10+4,1d6+4,48,14,7,4,1d8+4,1d6+4,1.0,A
1103,43,15,8,4,1d12+4,1d8+4,45,18,5,3,1d10+4,1d6+4,2.0,B
1104,46,16,6,4,1d12+4,1d6+4,50,14,5,5,1d12+4,1d8+4,7.0,A
1105,49,16,8,3,1d12+4,1d8+4,42,14,5,5,1d12+4,1d6+4,8.0,A
1106,42,14,8,5,1d10+4,1d8+4,34,15,8,5,1d12+4,1d6+4,3.0,A
1107,35,14,5,5,1d12+4,1d6+4,34,15,5,4,1d12+4,1d8+4,5.0,A
1108,50,15,6,5,1d10+4,1d6+4,30,16,6,3,1d12+4,1d6+4,4.0,A
1109,41,14,8,4,1d10+4,1d8+4,33,17,8,3,1d10+4,1d6+4,8.0,B
1110,46,18,7,4,1d12+4,1d6+4,34,17,6,4,1d10+4,1d6+4,2.0,B
1111,42,17,6,3,1d12+4,1d6+4,34,18,8,5,1d8+4,1d6+4,1.0,A
1112,48,18,5,5,1d10+4,1d6+4,41,15,6,5,1d8+4,1d6+4,2.0,B
1113,49,17,5,4,1d12+4,1d8+4,30,14,8,4,1d10+4,1d6+4,4.0,B
1114,43,17,7,4,1d8+4,1d8+4,37,17,5,5,1d12+4,1d8+4,0.0,B
1115,34,18,8,5,1d8+4,1d8+4,31,15,6,5,1d12+4,1d6+4,2.0,B
1116,46,16,8,5,1d10+4,1d8+4,39,18,6,4,1d10+4,1d8+4,1.0,B
1117,37,17,5,4,1d12+4,1d8+4,40,15,5,5,1d8+4,1d6+4,9.0,A
1118,33,18,7,3,1d10+4,1d6+4,49,14,5,5,1d12+4,1d8+4,2.0,A
1119,45,16,7,4,1d12+4,1d6+4,49,14,5,5,1d8+4,1d8+4,1.0,A
1120,41,14,6,5,1d12+4,1d8+4,47,14,6,5,1d12+4,1d8+4,3.0,A
1121,46,15,7,5,1d12+4,1d6+4,39,14,5,3,1d12+4,1d8+4,2.0,A
1122,40,14,6,3,1d8+4,1d6+4,43,17,6,3,1d10+4,1d6+4,10.0,A
1123,31,17,6,5,1d8+4,1d8+4,44,14,6,4,1d8+4,1d8+4,0.0,B
1124,47,16,7,5,1d10+4,1d8+4,37,17,8,5,1d12+4,1d6+4,6.0,A
1125,35,15,5,5,1d8+4,1d6+4,43,16,8,3,1d12+4,1d6+4,5.0,B
1126,46,18,8,3,1d12+4,1d6+4,33,16,6,3,1d10+4,1d6+4,7.0,A
1127,47,17,7,3,1d12+4,1d6+4,38,16,8,3,1d10+4,1d6+4,6.0,B
1128,40,16,7,5,1d12+4,1d8+4,48,14,8,5,1d12+4,1d8+4,7.0,B
1129,43,16,5,3,1d8+4,1d8+4,45,15,5,4,1d8+4,1d6+4,8.0,A
1130,44,18,8,3,1d12+4,1d6+4,48,15,6,5,1d8+4,1d8+4,4.0,B
1131,48,15,6,5,1d8+4,1d8+4,46,15,7,5,1d10+4,1d8+4,8.0,B
1132,31,16,6,3,1d12+4,1d6+4,37,16,5,4,1d12+4,1d6+4,1.0,B
1133,40,15,6,4,1d10+4,1d6+4,47,14,7,3,1d8+4,1d8+4,0.0,B
1134,33,16,5,5,1d10+4,1d6+4,35,18,6,5,1d12+4,1d6+4,8.0,A
1135,40,14,7,3,1d8+4,1d8+4,38,18,5,4,1d8+4,1d6+4,7.0,A
1136,33,15,5,5,1d10+4,1d6+4,46,15,5,5,1d12+4,1d8+4,2.0,A
1137,41,15,7,3,1d12+4,1d8+4,46,15,8,5,1d10+4,1d6+4,3.0,B
1138,38,18,5,4,1d12+4,1d6+4,35,18,8,3,1d12+4,1d8+4,7.0,A
1139,31,16,7,3,1d8+4,1d8+4,49,14,5,5,1d10+4,1d8+4,5.0,A
1140,31,14,6,5,1d8+4,1d6+4,30,18,6,5,1d10+4,1d6+4,0.0,B
1141,41,14,6,4,1d12+4,1d8+4,31,17,6,3,1d12+4,1d6+4,1.0,A
1142,47,17,7,4,1d8+4,1d6+4,36,16,7,3,1d8+4,1d8+4,6.0,A
1143,49,14,6,4,1d8+4,1d6+4,42,14,6,3,1d8+4,1d6+4,2.0,A
1144,38,17,6,3,1d12+4,1d8+4,37,18,8,3,1d8+4,1d8+4,4.0,A
1145,37,18,7,5,1d12+4,1d6+4,38,17,8,4,1d10+4,1d6+4,9.0,A
1146,38,14,6,3,1d8+4,1d8+4,31,14,8,4,1d10+4,1d6+4,1.0,A
1147,48,18,8,4,1d8+4,1d8+4,41,15,7,3,1d8+4,1d8+4,2.0,B
1148,30,16,6,3,1d12+4,1d6+4,50,17,6,3,1d10+4,1d8+4,3.0,B
1149,30,18,7,3,1d10+4,1d8+4,31,16,7,5,1d12+4,1d6+4,0.0,B
1150,43,14,7,4,1d12+4,1d6+4,37,15,8,3,1d10+4,1d6+4,0.0,B
1151,41,15,7,3,1d12+4,1d8+4,38,15,5,3,1d8+4,1d8+4,3.0,A
1152,30,17,8,3,1d10+4,1d6+4,43,16,7,5,1d10+4,1d6+4,5.0,B
1153,39,18,8,3,1d12+4,1d8+4,40,16,6,4,1d12+4,1d8+4,7.0,A
1154,46,18,7,3,1d10+4,1d6+4,31,17,5,5,1d10+4,1d6+4,4.0,A
1155,40,18,5,5,1d10+4,1d8+4,43,17,6,5,1d12+4,1d6+4,6.0,A
1156,38,18,6,3,1d12+4,1d6+4,40,17,6,3,1d10+4,1d6+4,5.0,B
1157,34,18,6,3,1d8+4,1d6+4,35,18,5,5,1d10+4,1d6+4,7.0,B
1158,42,17,6,4,1d8+4,1d8+4,44,16,6,3,1d12+4,1d6+4,10.0,B
1159,32,18,8,5,1d12+4,1d6+4,31,14,6,3,1d12+4,1d8+4,9.0,A
1160,44,15,7,3,1d12+4,1d6+4,40,18,7,4,1d12+4,1d6+4,0.0,A
1161,45,17,6,3,1d12+4,1d6+4,45,16,8,3,1d8+4,1d8+4,9.0,B
1162,37,14,8,4,1d8+4,1d8+4,38,16,5,3,1d12+4,1d6+4,0.0,A
1163,35,17,7,5,1d10+4,1d8+4,34,18,6,4,1d12+4,1d8+4,10.0,A
1164,30,17,5,3,1d10+4,1d6+4,35,16,5,4,1d10+4,1d8+4,0.0,A
1165,36,16,8,3,1d12+4,1d6+4,33,18,7,5,1d12+4,1d6+4,9.0,B
1166,49,17,5,3,1d8+4,1d8+4,42,18,7,3,1d8+4,1d6+4,4.0,B
1167,30,18,5,3,1d8+4,1d8+4,50,14,5,4,1d10+4,1d6+4,5.0,B
1168,47,16,6,3,1d12+4,1d6+4,44,16,8,4,1d8+4,1d8+4,2.0,A
1169,36,15,7,4,1d8+4,1d6+4,35,15,7,3,1d10+4,1d6+4,0.0,A
1170,46,18,6,4,1d8+4,1d8+4,39,16,8,4,1d12+4,1d8+4,8.0,B
1171,39,14,7,5,1d10+4,1d6+4,40,16,8,5,1d12+4,1d8+4,0.0,B
1172,32,16,8,5,1d12+4,1d8+4,46,18,7,5,1d8+4,1d6+4,8.0,A
1173,44,14,7,4,1d10+4,1d6+4,42,17,8,4,1d12+4,1d8+4,8.0,B
1174,45,16,5,3,1d10+4,1d6+4,43,16,6,4,1d10+4,1d8+4,3.0,A
1175,42,16,8,5,1d10+4,1d6+4,43,15,8,4,1d10+4,1d8+4,6.0,B
1176,49,18,5,5,1d8+4,1d6+4,41,18,6,5,1d10+4,1d8+4,0.0,B
1177,35,14,5,3,1d8+4,1d6+4,47,14,5,3,1d10+4,1d8+4,8.0,A
1178,46,17,5,4,1d10+4,1d6+4,48,15,5,3,1d8+4,1d8+4,7.0,A
1179,43,17,5,3,1d8+4,1d8+4,44,16,7,4,1d10+4,1d8+4,7.0,B
1180,43,17,5,3,1d10+4,1d8+4,49,18,5,5,1d8+4,1d6+4,4.0,B
1181,49,14,5,5,1d8+4,1d6+4,37,15,7,4,1d8+4,1d8+4,3.0,A
1182,47,17,7,3,1d10+4,1d8+4,40,15,5,4,1d12+4,1d8+4,10.0,A
1183,31,15,6,3,1d8+4,1d6+4,32,16,8,5,1d8+4,1d8+4,5.0,A
1184,42,15,6,5,1d12+4,1d8+4,41,16,8,5,1d12+4,1d6+4,1.0,A
1185,36,14,6,3,1d8+4,1d8+4,43,17,8,5,1d8+4,1d8+4,1.0,A
1186,34,16,6,5,1d10+4,1d6+4,43,17,8,4,1d8+4,1d8+4,2.0,A
1187,40,18,8,5,1d8+4,1d6+4,48,14,8,5,1d10+4,1d8+4,5.0,B
1188,31,16,6,3,1d8+4,1d6+4,33,15,6,5,1d8+4,1d6+4,1.0,B
1189,42,16,7,3,1d12+4,1d8+4,44,17,5,3,1d8+4,1d6+4,7.0,A
1190,33,17,5,5,1d12+4,1d8+4,46,15,8,5,1d12+4,1d6+4,1.0,A
1191,45,17,6,4,1d10+4,1d8+4,48,14,7,4,1d8+4,1d8+4,3.0,A
1192,35,16,8,4,1d10+4,1d8+4,47,15,6,3,1d10+4,1d6+4,10.0,B
1193,46,15,6,4,1d12+4,1d8+4,43,14,7,5,1d8+4,1d8+4,2.0,B
1194,38,17,7,3,1d10+4,1d8+4,38,15,6,5,1d8+4,1d6+4,2.0,B
1195,39,18,7,4,1d12+4,1d6+4,30,18,6,3,1d10+4,1d6+4,3.0,A
1196,49,17,5,4,1d10+4,1d6+4,43,17,7,5,1d8+4,1d8+4,3.0,A
1197,44,17,5,5,1d12+4,1d8+4,41,18,5,4,1d8+4,1d6+4,3.0,B
1198,39,17,8,4,1d10+4,1d6+4,34,18,6,3,1d10+4,1d6+4,5.0,A
1199,47,16,8,5,1d8+4,1d8+4,45,15,7,4,1d8+4,1d8+4,7.0,A
1200,43,18,5,5,1d10+4,1d6+4,44,18,5,4,1d12+4,1d8+4,6.0,B
1201,41,18,8,5,1d8+4,1d6+4,30,18,6,4,1d12+4,1d6+4,6.0,B
1202,46,17,7,4,1d12+4,1d6+4,49,17,5,5,1d8+4,1d8+4,9.0,A
1203,46,18,8,4,1d12+4,1d6+4,48,15,6,4,1d12+4,1d8+4,9.0,A
1204,30,14,8,3,1d8+4,1d6+4,40,14,8,5,1d12+4,1d8+4,10.0,B
1205,35,14,7,5,1d10+4,1d8+4,37,15,8,3,1d8+4,1d6+4,6.0,B
1206,44,16,7,5,1d12+4,1d8+4,46,15,6,5,1d12+4,1d8+4,6.0,A
1207,30,17,5,3,1d10+4,1d8+4,47,17,5,3,1d12+4,1d6+4,10.0,B
1208,50,15,8,5,1d12+4,1d8+4,43,18,5,3,1d8+4,1d6+4,10.0,A
1209,47,17,8,5,1d12+4,1d8+4,48,14,8,5,1d10+4,1d6+4,1.0,A
1210,31,14,7,4,1d8+4,1d6+4,35,18,8,3,1d12+4,1d8+4,5.0,A
1211,47,15,6,5,1d10+4,1d6+4,49,15,7,4,1d10+4,1d8+4,0.0,B
1212,36,17,5,3,1d10+4,1d6+4,39,18,5,4,1d8+4,1d8+4,2.0,A
1213,46,18,7,4,1d8+4,1d6+4,44,18,6,5,1d12+4,1d8+4,4.0,B
1214,38,14,8,3,1d8+4,1d8+4,35,14,8,4,1d10+4,1d8+4,0.0,B
1215,37,15,8,3,1d10+4,1d6+4,38,18,5,5,1d10+4,1d6+4,5.0,A
1216,42,15,8,4,1d12+4,1d6+4,44,18,8,5,1d8+4,1d8+4,1.0,A
1217,41,16,7,4,1d10+4,1d6+4,47,18,7,3,1d10+4,1d8+4,2.0,A
1218,35,15,5,4,1d8+4,1d8+4,37,14,7,5,1d10+4,1d6+4,1.0,B
1219,44,18,8,4,1d10+4,1d6+4,42,15,7,5,1d12+4,1d6+4,4.0,B
1220,39,16,5,3,1d10+4,1d6+4,42,14,5,4,1d10+4,1d8+4,2.0,B
1221,47,14,8,4,1d12+4,1d6+4,42,16,7,3,1d10+4,1d8+4,5.0,A
1222,38,16,7,4,1d10+4,1d8+4,46,18,5,5,1d10+4,1d8+4,7.0,B
1223,49,18,8,3,1d12+4,1d6+4,33,17,8,3,1d10+4,1d6+4,7.0,A
1224,49,16,5,5,1d12+4,1d6+4,36,15,8,4,1d10+4,1d6+4,8.0,A
1225,43,15,7,3,1d10+4,1d8+4,50,18,5,4,1d12+4,1d8+4,4.0,B
1226,42,16,5,3,1d10+4,1d6+4,50,16,5,5,1d12+4,1d6+4,8.0,B
1227,50,15,6,4,1d12+4,1d6+4,43,18,7,3,1d8+4,1d6+4,1.0,B
1228,42,15,5,3,1d10+4,1d6+4,38,17,8,3,1d8+4,1d8+4,8.0,A
1229,40,16,5,3,1d10+4,1d6+4,45,17,6,3,1d8+4,1d6+4,7.0,A
1230,32,15,5,3,1d8+4,1d6+4,31,16,5,5,1d12+4,1d8+4,6.0,B
1231,43,14,7,3,1d8+4,1d6+4,39,15,5,5,1d10+4,1d6+4,10.0,A
1232,44,18,7,5,1d10+4,1d8+4,38,17,7,4,1d8+4,1d6+4,6.0,A
1233,35,18,8,5,1d12+4,1d6+4,43,14,7,4,1d8+4,1d8+4,1.0,A
1234,36,14,7,3,1d12+4,1d8+4,31,17,7,3,1d12+4,1d8+4,10.0,B
1235,40,15,6,4,1d12+4,1d6+4,43,18,7,5,1d12+4,1d8+4,5.0,B
1236,49,16,7,3,1d10+4,1d8+4,30,17,6,5,1d12+4,1d6+4,9.0,B
1237,46,18,5,3,1d8+4,1d6+4,30,18,6,3,1d8+4,1d6+4,1.0,B
1238,31,14,7,4,1d8+4,1d8+4,39,15,7,5,1d12+4,1d8+4,5.0,B
1239,35,18,5,4,1d10+4,1d8+4,36,18,7,4,1d8+4,1d6+4,9.0,A
1240,45,14,6,5,1d8+4,1d6+4,35,18,7,3,1d8+4,1d8+4,7.0,A
1241,49,14,7,5,1d10+4,1d6+4,40,17,8,5,1d8+4,1d8+4,4.0,A
1242,35,14,8,4,1d12+4,1d8+4,31,16,7,5,1d12+4,1d8+4,7.0,A
1243,30,14,5,5,1d10+4,1d6+4,36,15,8,5,1d10+4,1d6+4,4.0,A
1244,36,15,6,4,1d8+4,1d8+4,36,14,6,3,1d10+4,1d6+4,4.0,B
1245,46,17,7,5,1d10+4,1d8+4,36,17,7,5,1d10+4,1d6+4,7.0,A
1246,48,15,8,5,1d8+4,1d6+4,34,18,8,3,1d12+4,1d6+4,9.0,B
1247,48,17,6,3,1d12+4,1d8+4,35,15,7,4,1d10+4,1d6+4,3.0,A
1248,38,17,8,5,1d10+4,1d6+4,47,17,7,4,1d10+4,1d8+4,5.0,B
1249,43,15,6,3,1d10+4,1d6+4,32,15,5,5,1d8+4,1d6+4,8.0,A
1250,48,17,6,5,1d8+4,1d8+4,44,17,7,3,1d10+4,1d6+4,9.0,A
1251,38,14,6,4,1d10+4,1d6+4,33,14,8,4,1d12+4,1d8+4,9.0,B
1252,34,18,8,4,1d8+4,1d8+4,42,17,8,3,1d10+4,1d6+4,8.0,A
1253,45,16,6,4,1d10+4,1d6+4,30,15,5,4,1d8+4,1d6+4,6.0,B
1254,47,18,7,3,1d10+4,1d8+4,43,14,6,4,1d10+4,1d6+4,10.0,A
1255,33,14,7,5,1d8+4,1d8+4,30,14,6,4,1d12+4,1d8+4,2.0,A
1256,35,18,7,5,1d10+4,1d6+4,44,15,7,3,1d8+4,1d6+4,9.0,B
1257,38,15,7,3,1d10+4,1d8+4,44,18,7,5,1d12+4,1d6+4,4.0,B
1258,50,14,7,4,1d12+4,1d6+4,43,16,7,3,1d12+4,1d6+4,6.0,B
1259,46,17,6,4,1d10+4,1d8+4,33,14,5,5,1d8+4,1d6+4,9.0,A
1260,49,15,8,4,1d12+4,1d6+4,50,18,6,4,1d10+4,1d8+4,6.0,B
1261,34,17,7,5,1d12+4,1d6+4,47,17,6,4,1d12+4,1d6+4,10.0,A
1262,49,17,5,3,1d12+4,1d6+4,40,16,5,4,1d10+4,1d8+4,1.0,A
1263,35,15,5,5,1d10+4,1d6+4,35,18,8,3,1d10+4,1d6+4,7.0,B
1264,32,16,7,3,1d10+4,1d8+4,30,18,7,4,1d12+4,1d6+4,0.0,A
1265,44,17,7,4,1d8+4,1d8+4,49,18,7,3,1d8+4,1d8+4,1.0,B
1266,35,15,6,3,1d10+4,1d6+4,30,14,5,4,1d10+4,1d8+4,4.0,A
1267,33,15,5,5,1d8+4,1d8+4,37,14,6,5,1d12+4,1d6+4,5.0,B
1268,42,15,7,3,1d8+4,1d6+4,31,15,6,3,1d10+4,1d8+4,4.0,A
1269,32,17,5,4,1d8+4,1d8+4,36,15,5,4,1d12+4,1d6+4,0.0,A
1270,33,16,6,5,1d12+4,1d8+4,48,18,7,5,1d8+4,1d6+4,2.0,A
1271,36,16,6,3,1d10+4,1d6+4,46,16,6,5,1d10+4,1d8+4,4.0,A
1272,49,18,5,3,1d12+4,1d8+4,40,17,7,3,1d10+4,1d8+4,0.0,B
1273,32,15,5,4,1d8+4,1d6+4,33,18,5,5,1d12+4,1d6+4,6.0,A
1274,31,17,8,3,1d8+4,1d6+4,43,15,5,5,1d10+4,1d6+4,8.0,A
1275,43,18,7,5,1d12+4,1d6+4,34,16,5,4,1d10+4,1d8+4,10.0,A
1276,43,14,5,3,1d10+4,1d6+4,47,15,6,5,1d10+4,1d6+4,0.0,A
1277,43,16,7,3,1d10+4,1d6+4,44,17,6,4,1d10+4,1d8+4,5.0,B
1278,31,15,8,3,1d12+4,1d8+4,34,16,8,5,1d10+4,1d8+4,8.0,A
1279,44,15,7,5,1d12+4,1d6+4,40,18,5,3,1d8+4,1d8+4,3.0,A
1280,39,14,6,3,1d12+4,1d8+4,32,18,8,5,1d12+4,1d6+4,6.0,B
1281,48,14,8,4,1d10+4,1d6+4,49,17,5,4,1d12+4,1d6+4,0.0,B
1282,42,14,8,3,1d10+4,1d8+4,30,15,5,3,1d10+4,1d6+4,6.0,A
1283,40,15,5,4,1d10+4,1d6+4,38,17,8,5,1d12+4,1d8+4,0.0,B
1284,50,14,8,4,1d10+4,1d8+4,31,15,5,5,1d12+4,1d8+4,9.0,A
1285,40,15,7,3,1d8+4,1d6+4,37,14,8,3,1d10+4,1d6+4,10.0,A
1286,37,18,8,4,1d12+4,1d6+4,44,17,5,4,1d12+4,1d8+4,1.0,A
1287,47,17,7,5,1d8+4,1d8+4,46,16,6,3,1d10+4,1d8+4,4.0,A
1288,40,15,8,5,1d12+4,1d6+4,39,15,6,4,1d8+4,1d8+4,10.0,A
1289,38,17,6,4,1d8+4,1d8+4,35,15,7,4,1d12+4,1d8+4,1.0,B
1290,35,18,7,3,1d12+4,1d8+4,37,16,7,3,1d10+4,1d8+4,4.0,B
1291,31,18,7,3,1d12+4,1d6+4,37,14,5,4,1d12+4,1d8+4,10.0,A
1292,50,15,5,4,1d12+4,1d8+4,42,15,6,3,1d12+4,1d6+4,9.0,B
1293,38,17,5,5,1d10+4,1d8+4,30,17,7,3,1d10+4,1d6+4,9.0,A
1294,43,15,6,3,1d8+4,1d6+4,33,16,6,4,1d8+4,1d6+4,7.0,A
1295,36,15,5,5,1d10+4,1d8+4,41,14,5,5,1d8+4,1d6+4,0.0,B
1296,38,14,6,4,1d10+4,1d6+4,38,16,5,5,1d10+4,1d6+4,5.0,A
1297,45,14,7,5,1d8+4,1d6+4,47,15,6,4,1d8+4,1d6+4,7.0,A
1298,42,15,6,5,1d12+4,1d6+4,39,15,6,3,1d12+4,1d6+4,1.0,B
1299,42,16,6,3,1d8+4,1d8+4,37,18,5,4,1d12+4,1d6+4,9.0,A
1300,47,18,5,4,1d12+4,1d6+4,50,16,5,4,1d12+4,1d6+4,7.0,B
1301,36,18,7,5,1d12+4,1d8+4,32,16,8,5,1d10+4,1d8+4,9.0,A
1302,35,15,8,3,1d8+4,1d6+4,35,17,8,5,1d10+4,1d8+4,0.0,B
1303,36,14,7,5,1d8+4,1d6+4,48,14,8,4,1d12+4,1d6+4,1.0,B
1304,30,18,7,5,1d8+4,1d6+4,30,15,8,4,1d10+4,1d6+4,7.0,B
1305,34,17,5,5,1d12+4,1d6+4,32,17,7,3,1d8+4,1d8+4,1.0,A
1306,32,16,5,3,1d8+4,1d8+4,39,18,5,4,1d10+4,1d6+4,3.0,B
1307,30,17,7,3,1d10+4,1d8+4,31,17,5,4,1d12+4,1d6+4,3.0,A
1308,45,14,7,4,1d12+4,1d6+4,33,15,8,3,1d10+4,1d8+4,8.0,B
1309,46,16,5,5,1d8+4,1d8+4,31,17,7,5,1d12+4,1d8+4,6.0,A
1310,45,17,5,3,1d12+4,1d6+4,43,16,5,3,1d10+4,1d6+4,6.0,A
1311,32,17,6,4,1d10+4,1d8+4,30,17,7,5,1d8+4,1d8+4,0.0,A
1312,34,14,6,5,1d12+4,1d8+4,44,14,5,3,1d8+4,1d8+4,5.0,B
1313,32,15,8,3,1d12+4,1d8+4,45,15,7,5,1d12+4,1d6+4,8.0,A
1314,41,16,5,5,1d8+4,1d6+4,40,18,6,5,1d12+4,1d8+4,7.0,B
1315,42,17,8,3,1d12+4,1d6+4,43,18,7,3,1d8+4,1d6+4,0.0,A
1316,39,17,7,5,1d8+4,1d6+4,43,14,5,5,1d10+4,1d8+4,7.0,B
1317,37,14,8,4,1d8+4,1d8+4,42,18,7,5,1d10+4,1d8+4,9.0,B
1318,32,16,7,4,1d10+4,1d6+4,49,15,6,5,1d12+4,1d8+4,4.0,B
1319,41,17,6,5,1d10+4,1d6+4,50,18,5,5,1d12+4,1d6+4,9.0,B
1320,35,18,7,3,1d8+4,1d6+4,44,18,8,4,1d8+4,1d8+4,10.0,A
1321,43,14,5,4,1d8+4,1d6+4,47,17,6,4,1d12+4,1d8+4,4.0,A
1322,34,16,8,3,1d10+4,1d8+4,33,15,6,5,1d8+4,1d8+4,5.0,A
1323,37,14,8,4,1d12+4,1d8+4,30,16,8,3,1d12+4,1d8+4,9.0,A
1324,43,15,5,4,1d10+4,1d8+4,32,15,6,4,1d12+4,1d6+4,0.0,B
1325,48,18,7,4,1d10+4,1d6+4,46,17,8,4,1d12+4,1d6+4,4.0,A
1326,42,16,8,3,1d12+4,1d6+4,38,14,5,4,1d8+4,1d8+4,4.0,A
1327,32,17,5,5,1d10+4,1d6+4,30,15,7,5,1d8+4,1d8+4,4.0,A
1328,38,16,8,3,1d10+4,1d8+4,33,16,5,5,1d12+4,1d6+4,1.0,A
1329,42,15,5,5,1d8+4,1d6+4,47,16,7,3,1d10+4,1d6+4,6.0,A
1330,45,15,7,3,1d8+4,1d8+4,48,14,8,3,1d10+4,1d6+4,2.0,B
1331,46,15,8,5,1d10+4,1d8+4,49,15,7,3,1d10+4,1d6+4,2.0,A
1332,40,14,6,4,1d8+4,1d8+4,43,17,6,3,1d10+4,1d6+4,2.0,B
1333,47,18,8,5,1d8+4,1d8+4,32,17,5,3,1d10+4,1d8+4,1.0,A
1334,34,16,7,5,1d12+4,1d8+4,45,18,7,4,1d8+4,1d8+4,7.0,B
1335,41,18,6,4,1d10+4,1d8+4,35,15,8,3,1d10+4,1d8+4,9.0,A
1336,41,16,5,4,1d12+4,1d8+4,34,18,5,5,1d12+4,1d6+4,5.0,B
1337,36,16,5,3,1d12+4,1d6+4,38,18,6,4,1d10+4,1d6+4,9.0,B
1338,35,17,8,3,1d12+4,1d6+4,47,18,8,4,1d8+4,1d6+4,8.0,A
1339,37,15,7,4,1d8+4,1d8+4,36,17,7,5,1d12+4,1d8+4,6.0,A
1340,49,18,5,3,1d8+4,1d6+4,48,18,7,5,1d8+4,1d8+4,3.0,B
1341,39,15,5,3,1d10+4,1d6+4,42,15,6,3,1d8+4,1d8+4,7.0,A
1342,50,16,5,3,1d10+4,1d6+4,50,14,7,5,1d10+4,1d8+4,4.0,A
1343,36,15,8,3,1d10+4,1d8+4,49,14,7,3,1d8+4,1d6+4,4.0,A
1344,43,16,6,3,1d10+4,1d8+4,46,14,6,3,1d10+4,1d6+4,1.0,B
1345,38,18,5,5,1d12+4,1d8+4,40,15,6,5,1d12+4,1d8+4,10.0,B
1346,36,15,6,5,1d10+4,1d8+4,49,15,8,5,1d12+4,1d8+4,4.0,B
1347,36,17,5,5,1d10+4,1d6+4,44,17,8,4,1d12+4,1d6+4,7.0,B
1348,37,16,5,3,1d10+4,1d6+4,34,18,8,3,1d12+4,1d6+4,3.0,A
1349,31,18,8,3,1d8+4,1d8+4,30,18,7,4,1d8+4,1d6+4,4.0,A
1350,38,14,7,4,1d12+4,1d6+4,44,18,5,5,1d8+4,1d8+4,2.0,B
1351,36,14,8,4,1d12+4,1d6+4,44,16,6,4,1d10+4,1d8+4,8.0,B
1352,44,16,8,3,1d8+4,1d6+4,42,18,8,4,1d8+4,1d8+4,7.0,B
1353,41,15,7,4,1d10+4,1d6+4,30,16,5,5,1d8+4,1d8+4,4.0,B
1354,38,15,8,5,1d12+4,1d6+4,33,16,6,3,1d10+4,1d8+4,4.0,A
1355,50,18,6,4,1d10+4,1d6+4,36,14,7,5,1d12+4,1d8+4,7.0,A
1356,34,16,7,3,1d12+4,1d6+4,41,18,5,3,1d12+4,1d8+4,1.0,B
1357,48,16,8,5,1d12+4,1d8+4,49,16,7,3,1d8+4,1d6+4,3.0,A
1358,37,18,6,3,1d12+4,1d8+4,45,16,7,5,1d8+4,1d6+4,9.0,B
1359,47,18,7,3,1d8+4,1d6+4,47,15,7,5,1d8+4,1d6+4,10.0,A
1360,31,14,8,4,1d10+4,1d8+4,46,17,5,5,1d8+4,1d8+4,6.0,B
1361,34,16,6,4,1d10+4,1d8+4,36,14,5,3,1d12+4,1d6+4,7.0,A
1362,50,17,7,5,1d12+4,1d6+4,47,15,7,3,1d8+4,1d8+4,3.0,A
1363,41,15,7,4,1d8+4,1d8+4,32,17,5,4,1d8+4,1d8+4,9.0,B
1364,35,16,7,4,1d10+4,1d6+4,41,17,5,5,1d12+4,1d6+4,1.0,A
1365,47,18,8,5,1d8+4,1d8+4,40,18,6,5,1d10+4,1d8+4,1.0,A
1366,44,17,8,4,1d10+4,1d8+4,30,17,7,4,1d8+4,1d6+4,3.0,A
1367,36,14,8,4,1d10+4,1d6+4,38,17,7,4,1d8+4,1d6+4,5.0,B
1368,34,16,5,4,1d12+4,1d6+4,32,15,6,4,1d10+4,1d6+4,2.0,A
1369,30,14,7,3,1d12+4,1d8+4,44,16,8,4,1d12+4,1d6+4,6.0,B
1370,34,18,7,5,1d12+4,1d8+4,46,18,6,5,1d8+4,1d6+4,7.0,A
1371,31,17,8,5,1d10+4,1d6+4,33,15,5,4,1d12+4,1d6+4,8.0,A
1372,49,18,5,3,1d10+4,1d6+4,33,16,8,3,1d10+4,1d8+4,6.0,B
1373,39,16,7,3,1d8+4,1d8+4,41,16,5,4,1d12+4,1d8+4,0.0,A
1374,30,16,6,3,1d12+4,1d8+4,36,16,8,5,1d10+4,1d6+4,8.0,A
1375,46,18,7,3,1d8+4,1d6+4,46,15,8,4,1d12+4,1d8+4,4.0,A
1376,46,14,6,5,1d12+4,1d6+4,30,15,6,4,1d10+4,1d8+4,5.0,B
1377,48,16,7,4,1d10+4,1d6+4,45,18,6,5,1d12+4,1d6+4,2.0,B
1378,44,17,6,5,1d12+4,1d6+4,32,16,6,5,1d8+4,1d6+4,5.0,A
1379,49,18,7,3,1d8+4,1d8+4,42,16,5,5,1d10+4,1d8+4,7.0,A
1380,39,15,6,5,1d12+4,1d8+4,44,18,7,5,1d10+4,1d8+4,6.0,B
1381,50,16,7,5,1d10+4,1d8+4,31,18,6,3,1d12+4,1d8+4,6.0,A
1382,39,16,5,5,1d12+4,1d8+4,38,15,5,4,1d12+4,1d6+4,8.0,A
1383,31,18,8,4,1d10+4,1d8+4,44,18,7,4,1d12+4,1d8+4,5.0,B
1384,47,16,6,5,1d10+4,1d8+4,41,17,6,5,1d8+4,1d8+4,2.0,A
1385,46,14,6,5,1d8+4,1d6+4,39,16,6,4,1d12+4,1d8+4,8.0,B
1386,49,16,6,3,1d12+4,1d6+4,45,14,6,3,1d10+4,1d6+4,6.0,A
1387,31,15,8,4,1d10+4,1d8+4,42,16,7,5,1d10+4,1d6+4,9.0,B
1388,49,14,8,3,1d8+4,1d6+4,43,17,7,5,1d12+4,1d6+4,6.0,A
1389,36,15,6,5,1d10+4,1d8+4,36,18,7,3,1d12+4,1d6+4,6.0,B
1390,41,17,8,3,1d10+4,1d8+4,39,16,7,3,1d10+4,1d8+4,0.0,A
1391,36,16,5,4,1d12+4,1d8+4,49,18,8,3,1d12+4,1d6+4,1.0,B
1392,33,16,8,5,1d8+4,1d6+4,38,16,6,4,1d12+4,1d8+4,9.0,A
1393,45,14,6,4,1d8+4,1d8+4,36,16,6,5,1d10+4,1d6+4,2.0,A
1394,44,17,8,5,1d8+4,1d6+4,43,18,8,3,1d12+4,1d6+4,2.0,B
1395,32,15,8,5,1d8+4,1d6+4,38,17,8,4,1d12+4,1d8+4,5.0,B
1396,41,18,8,5,1d8+4,1d8+4,35,17,6,3,1d8+4,1d8+4,10.0,B
1397,47,17,5,4,1d10+4,1d6+4,42,14,8,5,1d12+4,1d6+4,0.0,A
1398,44,15,8,5,1d12+4,1d8+4,40,15,7,4,1d12+4,1d8+4,10.0,A
1399,33,18,6,4,1d8+4,1d8+4,50,18,6,3,1d10+4,1d8+4,3.0,B
1400,45,14,6,3,1d12+4,1d6+4,43,18,6,5,1d12+4,1d6+4,7.0,B
1401,38,15,7,3,1d8+4,1d8+4,33,15,6,5,1d12+4,1d6+4,4.0,A
1402,46,14,5,5,1d12+4,1d6+4,42,17,6,4,1d10+4,1d8+4,6.0,B
1403,46,14,7,3,1d8+4,1d6+4,40,15,7,4,1d10+4,1d6+4,1.0,A
1404,40,15,6,4,1d10+4,1d8+4,44,18,6,3,1d8+4,1d8+4,4.0,A
1405,41,14,7,3,1d12+4,1d6+4,45,14,5,4,1d8+4,1d8+4,0.0,A
1406,40,18,8,3,1d12+4,1d6+4,37,14,6,4,1d8+4,1d8+4,3.0,A
1407,42,15,5,4,1d8+4,1d8+4,39,18,6,4,1d12+4,1d6+4,7.0,A
1408,50,14,7,4,1d8+4,1d8+4,36,15,5,5,1d8+4,1d8+4,3.0,B
1409,41,16,6,5,1d12+4,1d8+4,42,17,5,4,1d10+4,1d6+4,0.0,A
1410,49,17,7,5,1d12+4,1d6+4,47,15,7,4,1d10+4,1d8+4,0.0,A
1411,37,18,7,4,1d8+4,1d8+4,35,16,7,3,1d10+4,1d8+4,0.0,A
1412,32,18,7,4,1d10+4,1d8+4,40,16,6,3,1d10+4,1d6+4,6.0,A
1413,39,15,6,3,1d10+4,1d6+4,32,18,5,3,1d10+4,1d6+4,9.0,B
1414,47,15,5,3,1d8+4,1d8+4,35,14,8,5,1d12+4,1d6+4,5.0,A
1415,33,17,8,5,1d8+4,1d6+4,45,18,6,3,1d8+4,1d6+4,0.0,A
1416,34,15,7,3,1d12+4,1d8+4,48,16,7,5,1d10+4,1d8+4,4.0,A
1417,47,17,8,3,1d10+4,1d8+4,40,18,7,5,1d10+4,1d8+4,6.0,A
1418,30,18,8,3,1d8+4,1d8+4,43,18,5,5,1d8+4,1d8+4,1.0,A
1419,31,16,5,4,1d8+4,1d6+4,49,17,7,5,1d12+4,1d6+4,2.0,B
1420,35,15,6,3,1d10+4,1d6+4,42,18,7,4,1d12+4,1d6+4,4.0,B
1421,36,16,6,4,1d12+4,1d8+4,39,15,7,3,1d8+4,1d6+4,1.0,B
1422,38,18,7,4,1d8+4,1d8+4,30,17,5,3,1d8+4,1d6+4,4.0,A
1423,34,14,8,5,1d10+4,1d8+4,44,16,6,4,1d8+4,1d8+4,7.0,A
1424,31,16,7,3,1d8+4,1d6+4,34,16,7,5,1d10+4,1d6+4,0.0,A
1425,32,16,5,5,1d10+4,1d8+4,36,16,5,3,1d10+4,1d8+4,10.0,B
1426,34,17,5,3,1d10+4,1d8+4,49,16,8,4,1d8+4,1d8+4,10.0,A
1427,42,18,8,5,1d12+4,1d8+4,34,15,8,4,1d8+4,1d6+4,0.0,A
1428,33,17,8,5,1d8+4,1d8+4,40,15,6,3,1d12+4,1d6+4,0.0,A
1429,44,16,8,3,1d12+4,1d8+4,45,15,5,5,1d10+4,1d6+4,7.0,A
1430,46,15,7,4,1d12+4,1d6+4,47,16,7,3,1d12+4,1d8+4,5.0,B
1431,41,17,7,4,1d10+4,1d8+4,48,16,6,4,1d8+4,1d6+4,8.0,A
1432,39,15,8,5,1d12+4,1d8+4,46,16,7,5,1d10+4,1d8+4,10.0,B
1433,41,15,5,3,1d10+4,1d6+4,33,15,5,3,1d10+4,1d8+4,2.0,A
1434,32,18,7,4,1d12+4,1d6+4,37,16,5,5,1d8+4,1d6+4,0.0,A
1435,46,18,8,5,1d10+4,1d6+4,32,16,6,3,1d12+4,1d6+4,9.0,A
1436,43,15,7,5,1d12+4,1d6+4,31,14,5,4,1d10+4,1d6+4,9.0,B
1437,38,16,6,4,1d12+4,1d8+4,47,16,5,4,1d10+4,1d6+4,8.0,B
1438,50,18,5,5,1d10+4,1d6+4,31,17,7,4,1d8+4,1d6+4,5.0,A
1439,45,16,7,5,1d10+4,1d8+4,36,18,8,5,1d8+4,1d8+4,0.0,A
1440,46,18,7,5,1d8+4,1d8+4,34,14,6,4,1d10+4,1d8+4,2.0,A
1441,35,18,5,3,1d10+4,1d8+4,46,18,6,4,1d10+4,1d6+4,9.0,B
1442,38,18,6,3,1d12+4,1d8+4,50,18,7,3,1d12+4,1d6+4,7.0,B
1443,32,15,8,4,1d8+4,1d8+4,41,18,6,4,1d8+4,1d6+4,4.0,B
1444,31,18,8,4,1d8+4,1d6+4,37,15,8,5,1d8+4,1d6+4,1.0,A
1445,38,17,8,4,1d12+4,1d6+4,42,14,5,4,1d10+4,1d8+4,4.0,A
1446,40,16,7,5,1d8+4,1d6+4,34,18,7,3,1d8+4,1d8+4,5.0,B
1447,37,16,8,4,1d12+4,1d6+4,43,18,5,5,1d10+4,1d6+4,9.0,A
1448,44,15,7,4,1d8+4,1d6+4,39,17,8,4,1d8+4,1d6+4,10.0,B
1449,40,17,6,5,1d12+4,1d8+4,47,14,5,3,1d10+4,1d6+4,9.0,A
1450,37,17,7,5,1d8+4,1d6+4,48,16,7,3,1d12+4,1d6+4,4.0,B
1451,40,18,8,3,1d12+4,1d8+4,47,14,6,4,1d12+4,1d6+4,8.0,A
1452,44,14,5,4,1d8+4,1d8+4,47,17,8,3,1d10+4,1d8+4,5.0,B
1453,49,16,8,3,1d12+4,1d8+4,49,15,5,4,1d12+4,1d8+4,5.0,A
1454,46,15,8,5,1d8+4,1d6+4,42,17,7,5,1d8+4,1d8+4,6.0,B
1455,47,15,8,5,1d10+4,1d6+4,48,17,6,4,1d10+4,1d8+4,7.0,A
1456,31,16,7,4,1d10+4,1d6+4,41,15,7,4,1d12+4,1d6+4,5.0,A
1457,46,14,7,5,1d10+4,1d6+4,34,18,7,5,1d10+4,1d6+4,3.0,A
1458,39,18,7,5,1d8+4,1d8+4,44,18,8,5,1d10+4,1d6+4,1.0,A
1459,40,17,6,4,1d12+4,1d8+4,42,17,7,4,1d10+4,1d8+4,5.0,A
1460,46,15,6,4,1d12+4,1d8+4,30,16,7,3,1d12+4,1d8+4,1.0,B
1461,42,17,6,3,1d8+4,1d8+4,47,15,5,3,1d12+4,1d8+4,6.0,A
1462,49,14,7,3,1d12+4,1d8+4,40,18,8,4,1d10+4,1d6+4,2.0,A
1463,45,14,7,5,1d10+4,1d6+4,31,16,6,5,1d10+4,1d6+4,3.0,B
1464,31,17,6,3,1d12+4,1d6+4,34,16,5,4,1d10+4,1d8+4,3.0,A
1465,46,17,8,4,1d12+4,1d8+4,48,16,6,4,1d8+4,1d6+4,0.0,A
1466,48,14,6,3,1d10+4,1d6+4,36,18,7,4,1d10+4,1d6+4,10.0,A
1467,42,15,8,3,1d10+4,1d6+4,35,16,8,4,1d12+4,1d6+4,4.0,A
1468,49,15,8,3,1d10+4,1d6+4,46,16,6,4,1d10+4,1d8+4,9.0,A
1469,48,16,5,4,1d10+4,1d6+4,34,15,7,5,1d10+4,1d6+4,4.0,A
1470,36,14,6,4,1d12+4,1d8+4,37,16,8,4,1d12+4,1d6+4,5.0,A
1471,37,18,8,3,1d10+4,1d8+4,41,18,7,3,1d12+4,1d6+4,7.0,B
1472,32,16,8,3,1d10+4,1d8+4,42,16,7,3,1d8+4,1d8+4,10.0,A
1473,38,15,5,3,1d10+4,1d6+4,47,18,5,5,1d8+4,1d6+4,6.0,A
1474,44,17,6,4,1d12+4,1d8+4,45,14,8,3,1d12+4,1d8+4,5.0,A
1475,46,15,6,4,1d10+4,1d6+4,50,18,7,3,1d8+4,1d8+4,8.0,B
1476,50,16,7,3,1d8+4,1d6+4,37,15,8,4,1d10+4,1d6+4,0.0,A
1477,46,17,8,3,1d8+4,1d8+4,43,18,8,4,1d12+4,1d8+4,4.0,B
1478,34,17,5,5,1d12+4,1d6+4,39,14,6,5,1d12+4,1d6+4,1.0,A
1479,49,15,6,4,1d12+4,1d6+4,39,15,5,4,1d10+4,1d8+4,9.0,A
1480,42,17,6,3,1d12+4,1d6+4,42,15,5,4,1d10+4,1d6+4,8.0,A
1481,41,18,7,5,1d10+4,1d8+4,39,17,7,4,1d8+4,1d6+4,2.0,A
1482,40,15,6,5,1d10+4,1d6+4,43,14,7,4,1d12+4,1d6+4,5.0,B
1483,37,16,7,3,1d10+4,1d8+4,41,16,6,3,1d8+4,1d6+4,9.0,B
1484,45,17,7,4,1d12+4,1d8+4,32,14,8,5,1d10+4,1d8+4,5.0,A
1485,35,15,8,3,1d12+4,1d6+4,49,18,6,3,1d8+4,1d6+4,7.0,B
1486,49,18,7,3,1d12+4,1d6+4,31,14,5,5,1d12+4,1d6+4,6.0,A
1487,35,17,8,5,1d8+4,1d8+4,49,14,8,3,1d12+4,1d6+4,9.0,A
1488,50,16,8,3,1d12+4,1d8+4,30,16,8,4,1d10+4,1d8+4,7.0,A
1489,47,15,7,4,1d10+4,1d8+4,45,17,7,3,1d10+4,1d6+4,1.0,A
1490,33,18,8,5,1d8+4,1d6+4,40,17,6,3,1d12+4,1d6+4,3.0,A
1491,49,18,7,4,1d12+4,1d8+4,48,16,6,3,1d10+4,1d8+4,2.0,B
1492,47,14,8,5,1d10+4,1d6+4,46,16,7,3,1d10+4,1d8+4,9.0,B
1493,30,16,8,5,1d12+4,1d8+4,31,18,6,3,1d10+4,1d6+4,7.0,B
1494,47,15,8,4,1d8+4,1d8+4,32,16,7,4,1d10+4,1d8+4,0.0,A
1495,43,17,5,3,1d8+4,1d6+4,40,18,8,5,1d8+4,1d6+4,5.0,A
1496,34,16,7,5,1d12+4,1d8+4,48,17,6,3,1d12+4,1d8+4,1.0,A
1497,30,16,7,4,1d8+4,1d8+4,50,18,5,3,1d12+4,1d8+4,5.0,B
1498,40,16,8,5,1d10+4,1d8+4,42,18,7,3,1d8+4,1d8+4,10.0,B
1499,48,15,6,3,1d8+4,1d6+4,36,16,8,4,1d12+4,1d6+4,4.0,B
1500,33,17,6,3,1d12+4,1d6+4,38,15,6,3,1d12+4,1d6+4,9.0,B
1501,37,15,7,4,1d12+4,1d6+4,31,15,5,3,1d12+4,1d6+4,7.0,A
1502,49,18,5,5,1d10+4,1d8+4,33,14,5,4,1d8+4,1d6+4,5.0,A
1503,45,16,6,3,1d10+4,1d8+4,46,15,5,3,1d12+4,1d8+4,5.0,A
1504,39,17,8,5,1d10+4,1d6+4,42,17,5,4,1d8+4,1d8+4,2.0,A
1505,47,17,5,5,1d12+4,1d6+4,38,14,7,5,1d8+4,1d8+4,10.0,B
1506,43,15,8,4,1d10+4,1d8+4,45,18,6,4,1d10+4,1d6+4,3.0,B
1507,43,18,5,5,1d12+4,1d6+4,42,14,6,3,1d8+4,1d6+4,7.0,A
1508,33,15,6,4,1d10+4,1d8+4,49,17,7,3,1d8+4,1d6+4,5.0,B
1509,42,18,7,5,1d12+4,1d8+4,38,15,6,4,1d10+4,1d6+4,10.0,A
1510,43,17,6,4,1d8+4,1d6+4,37,15,5,3,1d8+4,1d6+4,8.0,A
1511,32,17,5,5,1d10+4,1d8+4,35,18,6,5,1d10+4,1d6+4,10.0,A
1512,37,14,7,4,1d12+4,1d8+4,34,16,7,3,1d10+4,1d8+4,9.0,A
1513,46,16,6,5,1d8+4,1d8+4,44,15,5,4,1d10+4,1d6+4,0.0,B
1514,49,17,7,3,1d8+4,1d8+4,46,16,5,4,1d8+4,1d8+4,10.0,B
1515,43,16,7,5,1d12+4,1d8+4,39,18,8,5,1d10+4,1d8+4,8.0,A
1516,32,16,8,5,1d8+4,1d8+4,42,14,8,3,1d10+4,1d8+4,1.0,B
1517,43,14,5,4,1d8+4,1d6+4,31,17,7,4,1d8+4,1d8+4,4.0,B
1518,39,15,8,3,1d12+4,1d8+4,45,16,6,4,1d8+4,1d8+4,8.0,A
1519,49,15,5,5,1d10+4,1d8+4,48,14,6,4,1d8+4,1d8+4,1.0,A
1520,41,17,7,3,1d10+4,1d6+4,42,15,7,5,1d8+4,1d6+4,4.0,A
1521,41,18,5,4,1d8+4,1d8+4,42,18,6,5,1d8+4,1d6+4,3.0,A
1522,36,15,8,5,1d12+4,1d6+4,32,14,5,4,1d12+4,1d6+4,4.0,A
1523,41,17,6,5,1d8+4,1d6+4,47,17,6,3,1d12+4,1d8+4,4.0,B
1524,41,18,6,5,1d8+4,1d6+4,45,15,5,3,1d8+4,1d8+4,3.0,A
1525,39,14,7,3,1d10+4,1d6+4,37,14,7,3,1d10+4,1d8+4,1.0,A
1526,38,18,7,4,1d12+4,1d6+4,38,16,5,4,1d8+4,1d6+4,0.0,A
1527,45,16,6,4,1d8+4,1d6+4,36,14,7,5,1d8+4,1d8+4,3.0,A
1528,32,18,8,5,1d10+4,1d6+4,46,17,8,4,1d8+4,1d6+4,5.0,B
1529,33,17,8,3,1d8+4,1d6+4,30,18,7,5,1d8+4,1d8+4,2.0,A
1530,45,16,8,5,1d12+4,1d8+4,48,15,5,5,1d12+4,1d8+4,8.0,A
1531,46,14,5,5,1d10+4,1d6+4,47,18,5,4,1d10+4,1d8+4,8.0,B
1532,36,18,6,3,1d8+4,1d6+4,38,18,5,3,1d8+4,1d8+4,4.0,A
1533,47,14,6,4,1d10+4,1d6+4,32,18,6,3,1d10+4,1d8+4,1.0,A
1534,41,17,7,3,1d10+4,1d8+4,43,15,8,4,1d8+4,1d6+4,2.0,B
1535,47,14,8,3,1d12+4,1d8+4,31,16,5,3,1d10+4,1d8+4,7.0,B
1536,50,15,6,3,1d12+4,1d6+4,30,18,8,5,1d12+4,1d8+4,4.0,A
1537,45,14,6,3,1d12+4,1d8+4,38,16,5,5,1d8+4,1d6+4,10.0,A
1538,45,17,8,4,1d8+4,1d6+4,47,17,7,4,1d12+4,1d6+4,7.0,B
1539,46,16,7,5,1d8+4,1d8+4,48,17,6,5,1d8+4,1d6+4,8.0,B
1540,41,14,6,3,1d10+4,1d6+4,41,14,8,4,1d12+4,1d6+4,6.0,A
1541,33,14,5,5,1d10+4,1d8+4,38,16,8,5,1d12+4,1d6+4,1.0,B
1542,50,14,8,5,1d8+4,1d8+4,35,18,5,5,1d10+4,1d6+4,2.0,A
1543,31,15,8,5,1d8+4,1d8+4,39,15,6,5,1d10+4,1d6+4,6.0,B
1544,37,16,6,3,1d12+4,1d8+4,40,16,5,4,1d12+4,1d8+4,0.0,B
1545,31,18,5,4,1d10+4,1d8+4,46,18,6,5,1d8+4,1d8+4,9.0,A
1546,35,17,6,4,1d8+4,1d6+4,46,17,7,4,1d10+4,1d8+4,3.0,B
1547,35,16,5,4,1d8+4,1d8+4,46,15,8,3,1d10+4,1d8+4,2.0,B
1548,44,18,8,5,1d12+4,1d6+4,44,18,5,4,1d10+4,1d6+4,2.0,A
1549,42,16,8,3,1d12+4,1d6+4,40,18,6,4,1d10+4,1d6+4,4.0,B
1550,50,14,8,5,1d10+4,1d6+4,47,14,7,3,1d12+4,1d8+4,5.0,B
1551,43,14,8,3,1d12+4,1d8+4,40,15,8,3,1d12+4,1d6+4,8.0,A
1552,37,15,6,4,1d8+4,1d8+4,45,14,7,3,1d8+4,1d8+4,10.0,B
1553,33,17,5,4,1d10+4,1d6+4,30,14,5,3,1d12+4,1d8+4,3.0,A
1554,35,14,8,4,1d10+4,1d8+4,35,14,8,4,1d12+4,1d8+4,9.0,B
1555,49,18,7,4,1d10+4,1d8+4,33,17,6,4,1d10+4,1d8+4,5.0,A
1556,41,15,5,3,1d8+4,1d6+4,31,17,6,3,1d12+4,1d6+4,7.0,A
1557,43,16,6,3,1d10+4,1d8+4,30,14,5,4,1d12+4,1d8+4,10.0,B
1558,33,15,5,5,1d12+4,1d8+4,43,14,7,4,1d8+4,1d8+4,1.0,A
1559,32,17,8,4,1d12+4,1d6+4,50,16,5,5,1d12+4,1d8+4,2.0,B
1560,40,15,7,3,1d12+4,1d8+4,37,17,7,4,1d10+4,1d6+4,6.0,A
1561,44,16,6,5,1d8+4,1d6+4,32,16,5,3,1d12+4,1d6+4,10.0,A
1562,44,15,6,4,1d8+4,1d6+4,40,18,7,3,1d8+4,1d6+4,9.0,A
1563,30,17,6,3,1d8+4,1d6+4,39,16,8,4,1d10+4,1d8+4,7.0,B
1564,32,14,7,5,1d10+4,1d8+4,50,15,8,4,1d12+4,1d6+4,0.0,B
1565,39,18,6,3,1d8+4,1d8+4,40,18,7,3,1d12+4,1d6+4,7.0,B
1566,34,15,5,5,1d10+4,1d6+4,34,17,5,3,1d12+4,1d6+4,7.0,B
1567,46,16,5,4,1d8+4,1d8+4,34,15,6,4,1d8+4,1d6+4,8.0,A
1568,33,17,8,4,1d12+4,1d8+4,50,17,8,4,1d12+4,1d6+4,7.0,B
1569,36,18,5,5,1d10+4,1d6+4,45,14,6,4,1d8+4,1d6+4,9.0,B
1570,37,16,7,3,1d10+4,1d8+4,41,15,5,5,1d8+4,1d8+4,0.0,B
1571,35,17,6,5,1d8+4,1d8+4,30,15,7,4,1d12+4,1d8+4,1.0,B
1572,44,15,8,4,1d12+4,1d6+4,45,16,5,5,1d12+4,1d6+4,9.0,B
1573,35,15,7,5,1d12+4,1d8+4,45,17,8,5,1d10+4,1d6+4,8.0,A
1574,41,17,7,3,1d10+4,1d8+4,49,17,6,3,1d10+4,1d6+4,7.0,B
1575,36,17,8,4,1d12+4,1d6+4,41,16,5,3,1d8+4,1d6+4,9.0,A
1576,44,16,8,3,1d8+4,1d6+4,30,14,5,4,1d12+4,1d6+4,4.0,A
1577,50,18,5,5,1d10+4,1d8+4,36,18,6,3,1d12+4,1d6+4,7.0,B
1578,32,16,6,3,1d10+4,1d6+4,41,17,6,4,1d8+4,1d8+4,10.0,B
1579,43,14,5,4,1d10+4,1d6+4,36,18,6,5,1d8+4,1d8+4,4.0,A
1580,30,17,6,4,1d10+4,1d6+4,32,15,7,3,1d8+4,1d6+4,0.0,A
1581,30,18,6,5,1d8+4,1d8+4,38,14,5,4,1d8+4,1d6+4,2.0,A
1582,31,16,8,5,1d10+4,1d6+4,32,14,5,3,1d10+4,1d6+4,5.0,A
1583,44,18,6,4,1d12+4,1d8+4,34,18,5,3,1d12+4,1d8+4,5.0,B
1584,43,16,6,5,1d10+4,1d8+4,42,16,6,4,1d12+4,1d8+4,7.0,B
1585,46,15,7,4,1d8+4,1d8+4,49,15,7,5,1d8+4,1d6+4,0.0,A
1586,49,14,6,5,1d8+4,1d6+4,46,17,8,5,1d8+4,1d8+4,2.0,B
1587,46,17,5,5,1d12+4,1d8+4,43,16,6,5,1d10+4,1d6+4,5.0,A
1588,44,14,7,5,1d10+4,1d8+4,45,18,8,5,1d8+4,1d8+4,0.0,A
1589,37,18,7,3,1d12+4,1d8+4,36,18,8,5,1d8+4,1d6+4,8.0,A
1590,33,14,7,5,1d10+4,1d8+4,49,15,8,3,1d10+4,1d8+4,2.0,B
1591,39,18,8,5,1d8+4,1d8+4,30,15,8,3,1d10+4,1d8+4,2.0,B
1592,38,14,8,4,1d12+4,1d6+4,42,16,6,5,1d10+4,1d8+4,6.0,B
1593,46,14,5,4,1d8+4,1d8+4,34,14,6,3,1d8+4,1d8+4,1.0,A
1594,43,18,8,3,1d10+4,1d6+4,33,15,7,5,1d12+4,1d8+4,4.0,A
1595,38,18,5,5,1d8+4,1d6+4,45,16,7,3,1d8+4,1d8+4,10.0,B
1596,38,16,5,3,1d8+4,1d8+4,33,16,5,5,1d10+4,1d8+4,9.0,B
1597,33,17,6,5,1d10+4,1d6+4,44,17,5,3,1d8+4,1d8+4,9.0,A
1598,44,16,8,3,1d10+4,1d6+4,38,17,7,5,1d12+4,1d6+4,3.0,B
1599,49,14,6,5,1d12+4,1d8+4,49,15,8,5,1d8+4,1d6+4,2.0,A
1600,45,15,6,4,1d12+4,1d6+4,50,14,6,3,1d8+4,1d8+4,5.0,A
1601,30,17,6,4,1d12+4,1d8+4,35,17,6,4,1d10+4,1d6+4,3.0,B
1602,34,17,8,3,1d12+4,1d8+4,40,16,8,3,1d12+4,1d6+4,7.0,B
1603,36,17,7,4,1d10+4,1d6+4,50,14,8,5,1d10+4,1d8+4,1.0,B
1604,46,15,5,5,1d8+4,1d6+4,48,18,6,3,1d12+4,1d8+4,0.0,B
1605,30,15,6,4,1d8+4,1d6+4,43,18,6,3,1d8+4,1d6+4,4.0,B
1606,39,14,8,5,1d10+4,1d8+4,35,15,5,5,1d12+4,1d6+4,10.0,B
1607,40,14,6,5,1d8+4,1d8+4,44,18,5,3,1d12+4,1d8+4,7.0,A
1608,36,16,8,3,1d12+4,1d6+4,34,15,7,4,1d8+4,1d6+4,4.0,A
1609,43,14,5,5,1d12+4,1d6+4,32,18,7,3,1d10+4,1d6+4,7.0,B
1610,34,15,6,5,1d10+4,1d8+4,50,15,6,3,1d12+4,1d8+4,5.0,B
1611,46,18,7,4,1d10+4,1d6+4,38,17,6,5,1d8+4,1d8+4,3.0,A
1612,44,17,8,3,1d8+4,1d6+4,47,15,6,3,1d12+4,1d6+4,8.0,B
1613,43,18,5,4,1d12+4,1d8+4,44,14,5,3,1d10+4,1d6+4,4.0,A
1614,34,18,6,3,1d8+4,1d8+4,38,14,5,3,1d12+4,1d6+4,2.0,B
1615,33,14,6,5,1d12+4,1d6+4,34,15,5,3,1d10+4,1d6+4,4.0,A
1616,42,18,8,4,1d10+4,1d8+4,47,14,8,4,1d8+4,1d8+4,10.0,A
1617,38,17,8,3,1d10+4,1d6+4,33,16,6,5,1d10+4,1d8+4,8.0,A
1618,47,16,6,5,1d10+4,1d6+4,36,16,7,4,1d8+4,1d6+4,7.0,A
1619,38,18,5,3,1d12+4,1d6+4,36,18,8,4,1d12+4,1d6+4,6.0,B
1620,50,16,6,5,1d8+4,1d8+4,44,17,8,3,1d12+4,1d8+4,6.0,A
1621,48,18,8,4,1d10+4,1d6+4,46,18,5,3,1d8+4,1d6+4,6.0,A
1622,49,15,5,3,1d8+4,1d8+4,34,15,6,4,1d8+4,1d6+4,0.0,B
1623,31,16,7,3,1d8+4,1d8+4,41,17,7,3,1d12+4,1d8+4,6.0,A
1624,46,17,6,3,1d12+4,1d6+4,41,15,7,4,1d8+4,1d8+4,6.0,A
1625,44,18,6,5,1d10+4,1d8+4,44,16,6,3,1d8+4,1d6+4,6.0,A
1626,47,16,8,5,1d8+4,1d8+4,44,17,5,3,1d12+4,1d6+4,10.0,B
1627,44,14,8,3,1d8+4,1d8+4,39,15,5,3,1d10+4,1d8+4,0.0,B
1628,49,18,5,4,1d10+4,1d8+4,31,15,6,5,1d8+4,1d6+4,6.0,A
1629,41,17,7,3,1d10+4,1d6+4,42,14,8,4,1d12+4,1d6+4,8.0,A
1630,45,15,6,3,1d12+4,1d6+4,33,14,8,3,1d8+4,1d8+4,0.0,B
1631,39,14,7,3,1d10+4,1d8+4,48,18,6,4,1d8+4,1d8+4,4.0,B
1632,35,17,6,4,1d10+4,1d8+4,50,14,5,3,1d8+4,1d6+4,0.0,B
1633,48,14,6,5,1d12+4,1d8+4,46,16,8,5,1d8+4,1d6+4,3.0,B
1634,40,16,7,5,1d8+4,1d8+4,39,15,8,3,1d10+4,1d8+4,1.0,B
1635,36,18,8,3,1d10+4,1d6+4,35,18,6,3,1d8+4,1d8+4,0.0,A
1636,44,14,6,5,1d8+4,1d8+4,47,17,8,3,1d10+4,1d8+4,7.0,B
1637,31,15,8,3,1d10+4,1d8+4,49,18,6,3,1d12+4,1d8+4,4.0,B
1638,43,14,6,3,1d12+4,1d8+4,43,14,5,3,1d10+4,1d8+4,1.0,B
1639,31,17,5,3,1d10+4,1d6+4,33,15,7,5,1d8+4,1d8+4,8.0,A
1640,35,14,5,3,1d8+4,1d6+4,40,14,6,4,1d12+4,1d8+4,8.0,B
1641,45,17,5,5,1d12+4,1d8+4,49,17,8,5,1d10+4,1d6+4,7.0,A
1642,36,15,7,5,1d8+4,1d6+4,44,17,6,5,1d10+4,1d8+4,3.0,A
1643,31,15,6,5,1d8+4,1d6+4,43,17,7,3,1d10+4,1d6+4,5.0,B
1644,36,18,5,5,1d12+4,1d8+4,43,16,7,3,1d10+4,1d6+4,10.0,B
1645,32,16,5,5,1d10+4,1d6+4,44,14,6,5,1d10+4,1d8+4,7.0,B
1646,38,16,8,4,1d12+4,1d6+4,48,18,5,5,1d8+4,1d6+4,6.0,B
1647,45,18,6,4,1d12+4,1d6+4,32,16,8,4,1d10+4,1d8+4,2.0,A
1648,38,14,6,5,1d10+4,1d8+4,48,18,6,5,1d8+4,1d6+4,9.0,A
1649,36,16,8,4,1d8+4,1d8+4,30,14,5,5,1d8+4,1d8+4,1.0,A
1650,33,17,8,5,1d12+4,1d8+4,42,14,7,5,1d12+4,1d6+4,9.0,A
1651,39,14,7,5,1d12+4,1d8+4,31,16,8,4,1d10+4,1d8+4,7.0,B
1652,33,15,7,3,1d12+4,1d8+4,47,16,8,3,1d10+4,1d8+4,7.0,B
1653,39,18,5,5,1d10+4,1d8+4,46,14,7,4,1d10+4,1d6+4,10.0,A
1654,30,16,5,4,1d8+4,1d8+4,49,16,7,5,1d12+4,1d6+4,2.0,B
1655,39,17,5,4,1d10+4,1d8+4,43,15,6,3,1d12+4,1d8+4,3.0,A
1656,45,14,6,3,1d8+4,1d8+4,46,15,5,3,1d10+4,1d6+4,6.0,A
1657,34,17,7,3,1d12+4,1d8+4,49,18,6,3,1d12+4,1d8+4,0.0,B
1658,39,17,6,4,1d10+4,1d8+4,36,16,8,5,1d8+4,1d8+4,7.0,A
1659,39,18,5,5,1d8+4,1d8+4,47,18,6,5,1d10+4,1d6+4,7.0,B
1660,50,17,8,3,1d10+4,1d6+4,43,18,5,4,1d8+4,1d6+4,5.0,A
1661,40,16,8,5,1d10+4,1d8+4,32,18,8,5,1d12+4,1d8+4,9.0,B
1662,41,14,6,4,1d12+4,1d6+4,42,18,7,3,1d8+4,1d8+4,4.0,A
1663,31,18,7,5,1d12+4,1d6+4,34,14,7,3,1d8+4,1d8+4,4.0,B
1664,33,15,8,4,1d10+4,1d6+4,50,15,7,5,1d12+4,1d6+4,10.0,A
1665,46,14,7,3,1d12+4,1d6+4,44,14,8,5,1d8+4,1d8+4,7.0,B
1666,37,15,5,3,1d10+4,1d6+4,46,16,8,3,1d8+4,1d8+4,7.0,B
1667,46,17,5,3,1d8+4,1d6+4,36,17,8,3,1d8+4,1d6+4,5.0,B
1668,43,18,6,3,1d12+4,1d8+4,35,18,8,3,1d8+4,1d8+4,7.0,B
1669,48,15,5,5,1d12+4,1d8+4,39,18,7,4,1d12+4,1d8+4,8.0,B
1670,48,17,8,3,1d8+4,1d8+4,48,14,6,5,1d10+4,1d6+4,1.0,A
1671,37,16,6,5,1d8+4,1d6+4,31,14,8,4,1d12+4,1d6+4,1.0,A
1672,43,17,6,4,1d12+4,1d6+4,32,14,5,3,1d12+4,1d6+4,5.0,A
1673,50,18,6,4,1d10+4,1d8+4,38,16,6,5,1d10+4,1d6+4,5.0,A
1674,44,15,8,4,1d8+4,1d8+4,50,14,5,4,1d10+4,1d8+4,0.0,B
1675,32,17,6,4,1d10+4,1d6+4,43,17,7,4,1d8+4,1d8+4,2.0,B
1676,30,14,6,3,1d10+4,1d8+4,50,16,5,3,1d10+4,1d8+4,5.0,B
1677,37,15,5,3,1d12+4,1d8+4,31,16,8,3,1d12+4,1d8+4,0.0,B
1678,48,15,7,5,1d12+4,1d8+4,44,17,8,5,1d8+4,1d8+4,3.0,A
1679,35,17,8,5,1d10+4,1d6+4,39,15,5,3,1d8+4,1d6+4,2.0,A
1680,38,18,6,3,1d10+4,1d6+4,50,17,5,5,1d12+4,1d6+4,10.0,A
1681,30,16,7,5,1d10+4,1d6+4,36,16,7,4,1d10+4,1d8+4,4.0,B
1682,32,17,8,5,1d10+4,1d8+4,41,14,6,3,1d12+4,1d8+4,8.0,A
1683,30,18,5,5,1d10+4,1d6+4,33,17,8,4,1d10+4,1d8+4,7.0,B
1684,49,14,5,3,1d8+4,1d8+4,50,14,7,5,1d8+4,1d6+4,5.0,B
1685,42,15,7,3,1d12+4,1d6+4,50,17,5,4,1d10+4,1d6+4,1.0,B
1686,43,15,5,3,1d10+4,1d6+4,40,16,5,5,1d10+4,1d6+4,9.0,B
1687,46,18,6,5,1d12+4,1d8+4,50,14,6,3,1d8+4,1d6+4,2.0,A
1688,49,17,6,4,1d12+4,1d6+4,44,14,6,4,1d10+4,1d6+4,1.0,A
1689,38,18,6,4,1d12+4,1d8+4,49,18,6,5,1d10+4,1d8+4,10.0,A
1690,33,18,8,5,1d8+4,1d6+4,40,16,7,3,1d10+4,1d8+4,1.0,B
1691,44,15,8,3,1d8+4,1d8+4,48,18,6,5,1d10+4,1d6+4,1.0,A
1692,42,14,8,5,1d8+4,1d6+4,47,14,6,5,1d8+4,1d8+4,2.0,A
1693,39,16,8,3,1d10+4,1d6+4,39,15,7,3,1d8+4,1d6+4,6.0,A
1694,49,18,5,5,1d12+4,1d6+4,47,15,7,5,1d12+4,1d8+4,9.0,A
1695,45,15,8,3,1d12+4,1d8+4,42,18,6,3,1d12+4,1d8+4,1.0,B
1696,42,18,8,4,1d12+4,1d8+4,43,15,8,4,1d8+4,1d6+4,5.0,A
1697,30,18,6,3,1d8+4,1d6+4,38,17,6,4,1d10+4,1d8+4,4.0,B
1698,38,15,5,4,1d10+4,1d8+4,37,14,8,4,1d12+4,1d8+4,6.0,B
1699,35,16,7,5,1d12+4,1d8+4,32,16,6,4,1d10+4,1d6+4,7.0,A
1700,44,17,8,3,1d8+4,1d8+4,40,15,8,3,1d12+4,1d6+4,1.0,B
1701,50,16,5,4,1d8+4,1d6+4,35,15,8,3,1d12+4,1d6+4,8.0,B
1702,45,14,7,5,1d12+4,1d8+4,41,16,5,3,1d8+4,1d8+4,1.0,A
1703,44,15,8,4,1d10+4,1d8+4,41,18,5,4,1d8+4,1d6+4,1.0,A
1704,41,14,7,5,1d10+4,1d6+4,31,18,6,5,1d12+4,1d6+4,1.0,B
1705,48,17,8,5,1d8+4,1d6+4,39,17,7,3,1d8+4,1d8+4,0.0,A
1706,48,14,5,3,1d10+4,1d6+4,41,17,6,5,1d12+4,1d6+4,8.0,B
1707,33,17,6,5,1d8+4,1d8+4,47,18,8,5,1d10+4,1d8+4,6.0,B
1708,49,16,5,5,1d10+4,1d8+4,47,16,6,5,1d10+4,1d8+4,8.0,B
1709,30,15,8,5,1d8+4,1d6+4,35,15,8,5,1d12+4,1d8+4,2.0,A
1710,34,14,6,4,1d10+4,1d6+4,30,16,8,4,1d12+4,1d8+4,6.0,B
1711,36,15,8,3,1d10+4,1d6+4,46,17,7,5,1d12+4,1d6+4,7.0,A
1712,48,14,5,5,1d12+4,1d8+4,37,18,8,3,1d10+4,1d6+4,4.0,B
1713,39,15,7,5,1d8+4,1d8+4,34,16,6,3,1d10+4,1d8+4,9.0,B
1714,44,14,6,5,1d10+4,1d6+4,40,15,6,5,1d8+4,1d6+4,4.0,A
1715,31,15,7,4,1d8+4,1d6+4,50,15,8,4,1d12+4,1d6+4,4.0,B
1716,33,15,8,5,1d10+4,1d8+4,39,17,5,4,1d10+4,1d8+4,10.0,B
1717,34,16,7,5,1d8+4,1d8+4,43,18,7,3,1d8+4,1d6+4,0.0,B
1718,33,17,5,5,1d10+4,1d8+4,49,15,6,4,1d10+4,1d8+4,10.0,B
1719,30,14,8,3,1d8+4,1d6+4,35,14,8,5,1d12+4,1d6+4,8.0,A
1720,43,15,5,4,1d12+4,1d8+4,43,18,5,3,1d8+4,1d6+4,3.0,A
1721,45,18,8,4,1d12+4,1d8+4,33,18,5,4,1d10+4,1d8+4,7.0,A
1722,38,14,8,4,1d12+4,1d8+4,50,18,5,4,1d10+4,1d6+4,3.0,A
1723,35,17,8,5,1d8+4,1d8+4,43,18,7,3,1d12+4,1d6+4,8.0,B
1724,37,17,5,3,1d10+4,1d8+4,37,16,7,3,1d10+4,1d6+4,7.0,B
1725,36,14,5,4,1d12+4,1d6+4,36,17,5,4,1d10+4,1d8+4,1.0,A
1726,48,14,7,5,1d10+4,1d6+4,47,17,7,3,1d8+4,1d8+4,2.0,A
1727,32,16,6,3,1d10+4,1d6+4,43,14,8,4,1d10+4,1d8+4,9.0,B
1728,37,15,5,5,1d8+4,1d6+4,39,15,8,3,1d12+4,1d6+4,10.0,A
1729,35,17,7,3,1d10+4,1d8+4,35,16,7,4,1d10+4,1d8+4,2.0,B
1730,33,15,7,5,1d10+4,1d8+4,36,18,6,4,1d12+4,1d8+4,10.0,B
1731,39,18,5,4,1d10+4,1d6+4,30,17,8,3,1d8+4,1d8+4,0.0,A
1732,41,14,7,4,1d8+4,1d6+4,37,15,8,5,1d10+4,1d8+4,0.0,B
1733,37,16,7,5,1d12+4,1d8+4,47,17,7,3,1d12+4,1d6+4,8.0,B
1734,41,16,7,4,1d8+4,1d6+4,36,17,5,5,1d8+4,1d6+4,4.0,B
1735,45,14,6,3,1d12+4,1d6+4,33,16,6,4,1d10+4,1d8+4,2.0,A
1736,50,15,8,5,1d8+4,1d6+4,44,18,6,5,1d10+4,1d8+4,3.0,A
1737,40,15,8,5,1d8+4,1d6+4,33,15,7,3,1d8+4,1d6+4,2.0,B
1738,41,14,6,4,1d12+4,1d6+4,45,15,8,3,1d8+4,1d8+4,3.0,A
1739,30,14,6,4,1d12+4,1d6+4,33,15,8,5,1d10+4,1d6+4,4.0,A
1740,32,16,5,5,1d12+4,1d8+4,37,14,6,3,1d8+4,1d6+4,0.0,B
1741,34,17,7,4,1d8+4,1d6+4,42,14,5,3,1d8+4,1d6+4,8.0,A
1742,41,17,8,4,1d12+4,1d8+4,46,18,8,3,1d8+4,1d8+4,8.0,A
1743,37,14,5,3,1d10+4,1d6+4,47,15,6,3,1d12+4,1d8+4,9.0,B
1744,37,16,7,3,1d10+4,1d8+4,44,14,8,3,1d8+4,1d6+4,2.0,A
1745,31,15,6,5,1d10+4,1d6+4,44,18,7,5,1d8+4,1d8+4,2.0,B
1746,43,15,5,5,1d10+4,1d8+4,33,18,7,3,1d12+4,1d6+4,1.0,A
1747,46,17,7,4,1d10+4,1d6+4,35,16,5,3,1d10+4,1d8+4,1.0,A
1748,47,16,7,4,1d10+4,1d6+4,31,15,6,5,1d10+4,1d6+4,7.0,A
1749,33,15,6,3,1d10+4,1d6+4,46,16,5,4,1d12+4,1d8+4,4.0,A
1750,50,17,6,5,1d12+4,1d6+4,35,15,7,4,1d8+4,1d8+4,5.0,A
1751,49,15,8,3,1d8+4,1d6+4,47,17,7,5,1d10+4,1d8+4,1.0,A
1752,38,17,8,4,1d8+4,1d8+4,46,17,6,4,1d10+4,1d8+4,8.0,A
1753,35,17,8,5,1d8+4,1d8+4,41,16,6,3,1d12+4,1d8+4,4.0,B
1754,35,18,6,3,1d12+4,1d8+4,35,18,8,3,1d10+4,1d6+4,8.0,B
1755,39,18,6,4,1d8+4,1d6+4,46,14,8,5,1d8+4,1d6+4,3.0,B
1756,41,16,7,5,1d10+4,1d6+4,41,15,5,5,1d10+4,1d8+4,5.0,A
1757,40,14,8,4,1d8+4,1d6+4,47,16,8,5,1d8+4,1d8+4,1.0,B
1758,42,18,7,4,1d10+4,1d6+4,48,16,8,3,1d10+4,1d8+4,4.0,A
1759,30,14,8,4,1d12+4,1d8+4,38,17,7,3,1d10+4,1d8+4,0.0,B
1760,42,18,5,4,1d8+4,1d6+4,48,14,7,4,1d12+4,1d6+4,0.0,B
1761,31,16,7,4,1d10+4,1d6+4,36,15,5,4,1d10+4,1d8+4,7.0,B
1762,40,17,8,5,1d8+4,1d6+4,37,17,6,4,1d8+4,1d8+4,2.0,A
1763,36,14,6,4,1d8+4,1d8+4,46,15,5,4,1d12+4,1d6+4,0.0,B
1764,30,14,8,5,1d8+4,1d6+4,47,18,7,3,1d10+4,1d8+4,6.0,B
1765,48,16,6,4,1d10+4,1d8+4,48,18,7,3,1d12+4,1d6+4,1.0,B
1766,31,14,8,5,1d12+4,1d8+4,41,16,6,4,1d8+4,1d6+4,1.0,A
1767,38,14,7,4,1d10+4,1d8+4,50,14,8,3,1d12+4,1d8+4,2.0,B
1768,42,18,8,4,1d12+4,1d8+4,43,15,8,4,1d10+4,1d8+4,9.0,B
1769,31,14,7,5,1d12+4,1d8+4,39,17,8,5,1d8+4,1d8+4,10.0,B
1770,33,14,8,4,1d8+4,1d6+4,39,17,6,3,1d12+4,1d6+4,10.0,B
1771,33,16,5,4,1d10+4,1d8+4,41,18,6,5,1d8+4,1d6+4,3.0,B
1772,35,18,8,4,1d8+4,1d6+4,37,14,8,3,1d8+4,1d8+4,4.0,A
1773,41,17,5,3,1d12+4,1d8+4,48,18,6,3,1d10+4,1d8+4,10.0,B
1774,45,14,6,5,1d8+4,1d8+4,42,18,7,3,1d10+4,1d6+4,1.0,B
1775,49,16,6,3,1d12+4,1d6+4,50,16,7,3,1d8+4,1d6+4,1.0,A
1776,39,15,7,4,1d12+4,1d6+4,47,15,7,3,1d8+4,1d6+4,4.0,A
1777,36,17,7,5,1d10+4,1d6+4,49,18,7,4,1d8+4,1d8+4,3.0,B
1778,30,17,5,3,1d8+4,1d8+4,44,18,7,4,1d10+4,1d6+4,4.0,B
1779,32,14,7,5,1d8+4,1d6+4,46,17,5,3,1d12+4,1d8+4,7.0,B
1780,30,16,6,5,1d8+4,1d6+4,30,15,7,4,1d10+4,1d6+4,7.0,B
1781,36,17,5,5,1d10+4,1d6+4,48,15,6,5,1d10+4,1d6+4,0.0,A
1782,50,16,6,4,1d12+4,1d6+4,30,18,8,3,1d12+4,1d6+4,5.0,B
1783,48,18,7,3,1d10+4,1d8+4,47,18,8,5,1d12+4,1d8+4,10.0,A
1784,40,14,7,4,1d10+4,1d6+4,31,17,5,4,1d8+4,1d8+4,9.0,A
1785,50,16,7,5,1d12+4,1d8+4,36,17,6,4,1d8+4,1d8+4,9.0,A
1786,45,15,8,5,1d12+4,1d8+4,50,14,6,3,1d10+4,1d6+4,10.0,B
1787,50,16,5,4,1d8+4,1d8+4,48,15,7,5,1d8+4,1d6+4,6.0,A
1788,32,15,8,4,1d8+4,1d6+4,38,18,5,5,1d10+4,1d6+4,1.0,A
1789,32,18,7,3,1d12+4,1d6+4,45,18,5,4,1d12+4,1d6+4,6.0,A
1790,34,18,8,5,1d10+4,1d8+4,41,16,5,3,1d8+4,1d8+4,8.0,A
1791,36,18,5,5,1d8+4,1d8+4,47,18,5,5,1d12+4,1d8+4,2.0,B
1792,34,16,7,3,1d10+4,1d6+4,40,14,6,4,1d10+4,1d6+4,8.0,B
1793,35,14,8,3,1d12+4,1d6+4,34,16,8,4,1d12+4,1d8+4,10.0,B
1794,43,18,7,4,1d8+4,1d6+4,31,17,7,4,1d8+4,1d6+4,5.0,A
1795,45,17,5,4,1d8+4,1d8+4,38,15,8,5,1d8+4,1d6+4,3.0,A
1796,38,18,6,5,1d8+4,1d8+4,43,18,8,4,1d8+4,1d6+4,10.0,B
1797,43,14,6,3,1d8+4,1d8+4,47,16,5,4,1d12+4,1d8+4,2.0,A
1798,45,14,5,3,1d12+4,1d8+4,37,18,5,5,1d10+4,1d6+4,6.0,A
1799,45,15,8,4,1d12+4,1d6+4,31,14,7,3,1d10+4,1d8+4,8.0,A
1800,34,15,6,4,1d8+4,1d8+4,38,18,6,5,1d8+4,1d8+4,2.0,A
1801,46,18,8,5,1d8+4,1d6+4,32,17,7,5,1d8+4,1d8+4,3.0,B
1802,41,16,7,5,1d8+4,1d6+4,46,15,6,5,1d8+4,1d8+4,8.0,A
1803,50,17,8,4,1d12+4,1d8+4,34,14,7,5,1d12+4,1d6+4,5.0,A
1804,40,14,5,4,1d12+4,1d8+4,38,16,8,5,1d10+4,1d6+4,6.0,B
1805,48,17,5,4,1d12+4,1d6+4,44,14,6,4,1d10+4,1d6+4,6.0,A
1806,50,17,6,4,1d12+4,1d6+4,32,14,5,3,1d8+4,1d8+4,1.0,A
1807,30,18,6,5,1d8+4,1d8+4,47,18,5,5,1d12+4,1d8+4,8.0,B
1808,30,16,5,5,1d10+4,1d6+4,43,17,6,5,1d10+4,1d8+4,0.0,B
1809,48,15,5,5,1d10+4,1d6+4,41,17,8,3,1d8+4,1d6+4,2.0,B
1810,50,18,7,3,1d10+4,1d6+4,36,17,7,4,1d8+4,1d6+4,2.0,A
1811,32,16,5,3,1d8+4,1d8+4,31,14,5,4,1d10+4,1d8+4,8.0,A
1812,34,16,6,4,1d10+4,1d8+4,41,15,6,5,1d10+4,1d8+4,10.0,A
1813,50,14,8,4,1d8+4,1d8+4,42,14,5,5,1d10+4,1d8+4,10.0,A
1814,40,16,7,3,1d8+4,1d6+4,47,15,6,5,1d10+4,1d8+4,9.0,B
1815,48,17,7,4,1d8+4,1d6+4,47,15,7,5,1d8+4,1d6+4,4.0,A
1816,31,15,8,4,1d12+4,1d6+4,43,14,8,3,1d10+4,1d8+4,6.0,A
1817,44,14,5,5,1d12+4,1d8+4,33,15,5,3,1d10+4,1d6+4,2.0,A
1818,38,15,6,5,1d10+4,1d6+4,38,17,6,3,1d10+4,1d6+4,2.0,A
1819,35,15,8,5,1d10+4,1d8+4,44,16,6,4,1d12+4,1d8+4,3.0,B
1820,40,15,5,5,1d8+4,1d6+4,30,16,7,4,1d8+4,1d6+4,9.0,B
1821,36,17,7,5,1d8+4,1d6+4,48,14,7,4,1d10+4,1d6+4,4.0,B
1822,46,14,7,5,1d10+4,1d6+4,47,17,8,4,1d8+4,1d8+4,6.0,A
1823,41,17,7,5,1d12+4,1d6+4,34,18,8,4,1d10+4,1d6+4,3.0,B
1824,40,17,6,5,1d10+4,1d6+4,46,14,5,4,1d8+4,1d8+4,1.0,A
1825,45,16,8,3,1d10+4,1d8+4,46,14,5,4,1d10+4,1d8+4,9.0,A
1826,44,17,7,4,1d8+4,1d6+4,34,16,8,4,1d10+4,1d8+4,1.0,A
1827,33,15,6,3,1d8+4,1d8+4,30,15,6,5,1d8+4,1d6+4,10.0,A
1828,43,18,6,4,1d12+4,1d6+4,31,17,8,3,1d12+4,1d8+4,10.0,B
1829,32,18,6,3,1d12+4,1d6+4,42,14,8,5,1d10+4,1d6+4,0.0,A
1830,43,18,7,5,1d12+4,1d6+4,38,15,8,4,1d8+4,1d6+4,8.0,A
1831,44,18,6,4,1d10+4,1d6+4,34,18,6,5,1d8+4,1d6+4,5.0,B
1832,45,18,6,4,1d12+4,1d6+4,49,16,8,5,1d8+4,1d6+4,2.0,A
1833,46,16,6,5,1d12+4,1d8+4,46,18,7,5,1d8+4,1d8+4,6.0,B
1834,48,16,7,4,1d8+4,1d6+4,34,15,6,3,1d12+4,1d8+4,1.0,A
1835,44,14,7,3,1d10+4,1d8+4,32,15,8,5,1d10+4,1d8+4,3.0,A
1836,41,14,6,5,1d10+4,1d6+4,32,18,8,4,1d8+4,1d6+4,10.0,B
1837,45,18,5,5,1d8+4,1d6+4,38,16,8,5,1d10+4,1d6+4,10.0,A
1838,42,18,6,4,1d12+4,1d8+4,37,18,6,4,1d12+4,1d6+4,2.0,A
1839,34,14,6,3,1d10+4,1d6+4,44,16,7,5,1d12+4,1d8+4,3.0,B
1840,33,17,8,3,1d10+4,1d6+4,38,17,8,3,1d10+4,1d8+4,9.0,A
1841,43,16,6,5,1d8+4,1d6+4,49,17,7,4,1d10+4,1d6+4,7.0,B
1842,45,15,8,5,1d12+4,1d6+4,34,15,5,3,1d8+4,1d6+4,4.0,A
1843,50,14,8,3,1d10+4,1d8+4,47,16,6,3,1d8+4,1d8+4,2.0,A
1844,44,14,8,5,1d8+4,1d8+4,50,16,8,4,1d10+4,1d6+4,0.0,B
1845,47,18,7,5,1d12+4,1d8+4,35,15,6,3,1d12+4,1d8+4,3.0,A
1846,49,17,7,3,1d8+4,1d6+4,31,18,6,3,1d12+4,1d6+4,4.0,A
1847,36,18,6,5,1d12+4,1d8+4,42,14,6,3,1d8+4,1d8+4,4.0,B
1848,48,16,7,5,1d12+4,1d8+4,30,18,8,4,1d12+4,1d8+4,5.0,A
1849,37,16,6,3,1d10+4,1d6+4,38,14,7,5,1d12+4,1d6+4,8.0,B
1850,37,18,7,3,1d12+4,1d8+4,38,16,5,4,1d8+4,1d8+4,9.0,A
1851,41,17,5,5,1d12+4,1d6+4,35,16,5,5,1d8+4,1d6+4,10.0,A
1852,48,15,8,5,1d8+4,1d6+4,40,16,7,5,1d10+4,1d8+4,8.0,A
1853,39,14,6,3,1d12+4,1d6+4,36,17,8,3,1d10+4,1d8+4,10.0,B
1854,34,17,6,5,1d10+4,1d8+4,40,15,7,4,1d10+4,1d8+4,1.0,A
1855,49,18,8,4,1d8+4,1d8+4,38,15,5,5,1d12+4,1d6+4,4.0,A
1856,49,18,8,5,1d10+4,1d8+4,43,16,6,4,1d8+4,1d8+4,7.0,B
1857,34,16,6,3,1d12+4,1d6+4,46,16,7,3,1d12+4,1d8+4,5.0,A
1858,45,15,8,3,1d10+4,1d6+4,49,16,8,3,1d12+4,1d8+4,10.0,A
1859,34,15,5,3,1d10+4,1d6+4,45,14,6,5,1d12+4,1d8+4,7.0,B
1860,48,17,5,3,1d12+4,1d8+4,38,17,7,3,1d8+4,1d6+4,2.0,A
1861,41,17,7,3,1d8+4,1d6+4,36,17,8,3,1d10+4,1d8+4,0.0,A
1862,38,16,8,5,1d8+4,1d8+4,45,14,8,3,1d12+4,1d8+4,0.0,B
1863,34,18,6,4,1d10+4,1d6+4,39,18,5,5,1d8+4,1d6+4,9.0,B
1864,46,18,6,5,1d8+4,1d8+4,48,14,8,5,1d12+4,1d6+4,2.0,A
1865,37,16,6,3,1d12+4,1d8+4,39,15,5,4,1d8+4,1d8+4,1.0,A
1866,34,18,5,3,1d12+4,1d8+4,42,14,7,3,1d12+4,1d6+4,0.0,A
1867,34,17,6,3,1d8+4,1d6+4,36,14,5,3,1d8+4,1d8+4,1.0,A
1868,35,15,8,5,1d10+4,1d6+4,48,14,6,4,1d12+4,1d8+4,8.0,A
1869,47,16,7,5,1d8+4,1d8+4,37,14,7,3,1d8+4,1d8+4,0.0,A
1870,35,14,6,3,1d12+4,1d8+4,49,17,6,4,1d12+4,1d6+4,1.0,B
1871,34,17,6,4,1d10+4,1d6+4,32,15,8,5,1d8+4,1d8+4,2.0,A
1872,42,17,7,4,1d8+4,1d8+4,44,18,8,4,1d12+4,1d6+4,0.0,B
1873,46,15,7,3,1d12+4,1d8+4,31,16,6,3,1d8+4,1d8+4,4.0,A
1874,40,14,8,3,1d8+4,1d8+4,30,14,5,3,1d8+4,1d8+4,3.0,A
1875,42,17,6,3,1d10+4,1d6+4,49,16,8,4,1d12+4,1d6+4,8.0,B
1876,30,15,6,5,1d10+4,1d6+4,34,17,5,4,1d10+4,1d6+4,5.0,A
1877,38,17,8,4,1d12+4,1d6+4,41,17,5,3,1d8+4,1d8+4,7.0,A
1878,30,16,5,3,1d12+4,1d6+4,33,17,7,4,1d12+4,1d8+4,6.0,B
1879,49,17,5,3,1d8+4,1d6+4,47,15,8,4,1d12+4,1d6+4,5.0,B
1880,39,18,8,4,1d8+4,1d8+4,46,18,6,5,1d12+4,1d8+4,0.0,B
1881,33,16,5,5,1d10+4,1d6+4,30,16,7,3,1d8+4,1d8+4,4.0,B
1882,32,16,8,5,1d10+4,1d6+4,37,17,5,4,1d8+4,1d8+4,5.0,B
1883,50,18,7,5,1d10+4,1d8+4,43,16,8,5,1d10+4,1d8+4,3.0,A
1884,31,18,5,3,1d10+4,1d6+4,40,18,8,3,1d12+4,1d6+4,1.0,B
1885,45,15,5,3,1d12+4,1d6+4,50,17,8,4,1d10+4,1d8+4,3.0,A
1886,45,17,7,5,1d8+4,1d8+4,44,16,6,4,1d10+4,1d6+4,10.0,A
1887,41,17,7,3,1d8+4,1d8+4,30,18,7,4,1d12+4,1d6+4,9.0,B
1888,32,16,8,3,1d12+4,1d8+4,44,18,5,5,1d10+4,1d6+4,0.0,B
1889,34,14,8,3,1d12+4,1d6+4,35,16,6,4,1d10+4,1d6+4,10.0,B
1890,36,18,6,3,1d10+4,1d8+4,35,14,6,5,1d12+4,1d8+4,5.0,A
1891,46,17,7,5,1d8+4,1d8+4,41,17,5,4,1d8+4,1d8+4,0.0,A
1892,36,17,7,3,1d12+4,1d6+4,46,16,5,3,1d10+4,1d6+4,7.0,B
1893,35,17,7,4,1d10+4,1d8+4,46,18,6,5,1d12+4,1d6+4,8.0,B
1894,32,17,7,4,1d10+4,1d6+4,43,16,6,3,1d8+4,1d6+4,5.0,B
1895,46,15,8,5,1d8+4,1d6+4,44,14,5,3,1d8+4,1d8+4,3.0,A
1896,33,18,8,3,1d12+4,1d8+4,38,17,7,3,1d12+4,1d6+4,10.0,A
1897,37,17,7,5,1d10+4,1d6+4,48,15,6,4,1d10+4,1d6+4,10.0,A
1898,30,17,8,4,1d10+4,1d8+4,31,14,8,4,1d8+4,1d6+4,10.0,A
1899,47,15,7,4,1d10+4,1d8+4,31,15,5,3,1d8+4,1d8+4,10.0,A
1900,34,14,7,5,1d12+4,1d6+4,50,16,5,5,1d8+4,1d6+4,7.0,A
1901,42,15,8,5,1d12+4,1d6+4,49,15,5,5,1d10+4,1d8+4,9.0,A
1902,49,16,8,3,1d10+4,1d8+4,31,15,8,5,1d10+4,1d8+4,1.0,B
1903,36,17,7,5,1d10+4,1d6+4,31,17,8,4,1d8+4,1d8+4,5.0,B
1904,39,14,6,3,1d8+4,1d6+4,40,14,6,4,1d8+4,1d8+4,1.0,B
1905,48,16,8,4,1d8+4,1d8+4,48,16,6,4,1d10+4,1d6+4,7.0,B
1906,41,17,7,4,1d12+4,1d6+4,46,18,5,3,1d8+4,1d6+4,7.0,B
1907,39,14,5,4,1d12+4,1d6+4,38,17,6,3,1d12+4,1d6+4,10.0,B
1908,43,14,7,5,1d10+4,1d6+4,37,16,5,3,1d12+4,1d8+4,6.0,A
1909,40,16,6,5,1d12+4,1d6+4,34,18,8,3,1d8+4,1d6+4,6.0,B
1910,36,17,8,3,1d12+4,1d8+4,30,18,6,3,1d12+4,1d6+4,1.0,A
1911,44,16,5,5,1d10+4,1d8+4,40,16,6,3,1d8+4,1d6+4,9.0,A
1912,43,14,6,4,1d12+4,1d6+4,30,16,7,5,1d10+4,1d8+4,10.0,B
1913,30,14,5,3,1d8+4,1d6+4,38,17,7,4,1d8+4,1d6+4,6.0,B
1914,42,16,5,5,1d10+4,1d6+4,46,15,5,4,1d8+4,1d6+4,10.0,B
1915,39,18,6,3,1d12+4,1d6+4,46,15,8,4,1d12+4,1d6+4,1.0,B
1916,38,16,6,4,1d12+4,1d6+4,30,16,5,3,1d10+4,1d8+4,6.0,A
1917,34,18,8,4,1d10+4,1d8+4,33,14,8,4,1d12+4,1d6+4,4.0,A
1918,39,15,5,4,1d12+4,1d6+4,37,16,6,3,1d10+4,1d8+4,1.0,A
1919,41,18,7,5,1d10+4,1d8+4,30,15,5,4,1d10+4,1d8+4,4.0,A
1920,44,16,8,3,1d12+4,1d8+4,33,18,8,5,1d8+4,1d6+4,0.0,A
1921,34,18,8,5,1d12+4,1d6+4,44,18,7,3,1d12+4,1d8+4,7.0,B
1922,47,16,6,4,1d12+4,1d6+4,30,18,7,5,1d10+4,1d6+4,1.0,B
1923,34,16,8,4,1d10+4,1d8+4,50,18,5,4,1d12+4,1d8+4,3.0,B
1924,44,17,6,5,1d12+4,1d6+4,48,16,8,4,1d12+4,1d6+4,3.0,B
1925,41,15,8,4,1d8+4,1d6+4,32,18,8,3,1d10+4,1d8+4,10.0,B
1926,38,17,5,5,1d8+4,1d8+4,34,14,5,3,1d8+4,1d6+4,6.0,A
1927,37,17,7,4,1d8+4,1d6+4,30,18,8,4,1d8+4,1d8+4,2.0,B
1928,40,16,5,5,1d8+4,1d8+4,31,16,5,3,1d8+4,1d6+4,9.0,A
1929,36,14,7,4,1d12+4,1d6+4,36,18,6,3,1d8+4,1d8+4,3.0,B
1930,41,15,5,5,1d8+4,1d6+4,37,15,5,5,1d10+4,1d6+4,5.0,B
1931,30,18,6,5,1d12+4,1d6+4,44,17,6,5,1d8+4,1d8+4,1.0,A
1932,32,18,8,4,1d8+4,1d8+4,38,16,6,4,1d8+4,1d8+4,8.0,A
1933,35,17,7,3,1d8+4,1d6+4,32,14,7,4,1d10+4,1d8+4,4.0,A
1934,38,18,6,4,1d8+4,1d6+4,33,17,7,4,1d8+4,1d6+4,1.0,A
1935,38,17,5,4,1d10+4,1d6+4,33,14,7,3,1d12+4,1d8+4,1.0,A
1936,44,14,7,4,1d10+4,1d6+4,41,14,5,5,1d8+4,1d6+4,2.0,A
1937,38,18,7,3,1d10+4,1d8+4,45,17,6,4,1d12+4,1d6+4,1.0,B
1938,50,15,8,3,1d10+4,1d6+4,50,17,5,3,1d12+4,1d6+4,0.0,A
1939,32,14,7,4,1d8+4,1d8+4,40,17,7,3,1d10+4,1d6+4,0.0,B
1940,40,17,8,3,1d12+4,1d8+4,35,16,7,3,1d8+4,1d6+4,10.0,A
1941,30,17,7,5,1d12+4,1d8+4,41,16,5,5,1d12+4,1d8+4,4.0,A
1942,47,17,6,5,1d8+4,1d8+4,40,15,8,5,1d10+4,1d8+4,1.0,A
1943,42,16,7,3,1d8+4,1d8+4,49,15,8,4,1d12+4,1d8+4,8.0,A
1944,31,16,7,4,1d12+4,1d6+4,39,14,6,4,1d10+4,1d8+4,6.0,A
1945,34,15,5,4,1d10+4,1d8+4,31,14,6,5,1d10+4,1d8+4,5.0,A
1946,42,14,8,3,1d12+4,1d6+4,50,17,7,5,1d8+4,1d8+4,6.0,A
1947,43,17,5,5,1d8+4,1d8+4,42,18,6,5,1d10+4,1d8+4,6.0,B
1948,46,17,7,4,1d10+4,1d6+4,46,18,6,5,1d10+4,1d8+4,8.0,B
1949,42,15,6,4,1d10+4,1d6+4,41,18,7,4,1d12+4,1d8+4,1.0,B
1950,33,15,8,3,1d8+4,1d8+4,34,14,7,4,1d10+4,1d6+4,0.0,B
1951,36,17,6,5,1d8+4,1d8+4,49,15,6,3,1d12+4,1d8+4,2.0,B
1952,45,16,8,5,1d10+4,1d8+4,49,14,8,5,1d10+4,1d6+4,9.0,B
1953,30,14,5,3,1d10+4,1d6+4,43,17,8,3,1d8+4,1d6+4,4.0,B
1954,46,16,8,3,1d10+4,1d6+4,39,17,7,4,1d8+4,1d8+4,8.0,B
1955,46,14,5,4,1d12+4,1d8+4,35,17,6,4,1d10+4,1d8+4,6.0,A
1956,37,15,5,3,1d12+4,1d6+4,40,16,5,5,1d10+4,1d6+4,0.0,B
1957,36,15,6,3,1d10+4,1d6+4,31,15,7,5,1d10+4,1d8+4,1.0,A
1958,42,17,8,3,1d12+4,1d6+4,33,17,6,4,1d12+4,1d8+4,1.0,A
1959,48,16,7,3,1d8+4,1d6+4,38,18,5,3,1d8+4,1d8+4,5.0,B
1960,41,14,8,5,1d12+4,1d6+4,39,14,7,5,1d12+4,1d6+4,1.0,A
1961,43,15,5,5,1d8+4,1d6+4,42,18,6,4,1d8+4,1d8+4,9.0,A
1962,48,16,5,5,1d12+4,1d6+4,49,15,7,5,1d10+4,1d8+4,3.0,B
1963,43,18,6,5,1d12+4,1d8+4,33,14,6,5,1d8+4,1d6+4,9.0,A
1964,43,18,7,4,1d10+4,1d8+4,40,15,5,4,1d12+4,1d8+4,9.0,A
1965,37,16,7,4,1d8+4,1d6+4,40,15,5,5,1d8+4,1d8+4,10.0,B
1966,41,15,5,4,1d10+4,1d6+4,49,17,8,3,1d10+4,1d6+4,6.0,B
1967,40,17,8,4,1d8+4,1d6+4,46,16,8,5,1d12+4,1d6+4,8.0,A
1968,37,15,5,5,1d8+4,1d6+4,45,16,6,3,1d10+4,1d6+4,9.0,A
1969,30,15,6,5,1d12+4,1d6+4,46,14,6,3,1d12+4,1d8+4,4.0,B
1970,39,14,8,3,1d12+4,1d8+4,34,15,8,4,1d12+4,1d8+4,8.0,A
1971,32,14,7,5,1d12+4,1d6+4,50,14,8,3,1d8+4,1d8+4,4.0,A
1972,38,15,6,5,1d10+4,1d8+4,45,14,7,4,1d12+4,1d6+4,8.0,B
1973,49,18,5,3,1d8+4,1d8+4,36,16,7,3,1d10+4,1d6+4,5.0,A
1974,33,18,7,3,1d10+4,1d8+4,48,16,5,5,1d12+4,1d8+4,9.0,A
1975,38,15,8,4,1d8+4,1d8+4,43,15,8,3,1d12+4,1d6+4,1.0,B
1976,50,15,8,3,1d12+4,1d6+4,44,17,5,4,1d12+4,1d8+4,5.0,B
1977,38,15,7,3,1d12+4,1d6+4,39,18,7,5,1d12+4,1d8+4,8.0,B
1978,42,14,5,3,1d10+4,1d6+4,49,14,5,4,1d10+4,1d6+4,3.0,A
1979,31,14,8,5,1d12+4,1d8+4,45,16,5,4,1d8+4,1d6+4,10.0,B
1980,49,15,8,4,1d8+4,1d6+4,34,16,6,5,1d10+4,1d6+4,9.0,B
1981,39,16,8,3,1d10+4,1d6+4,39,17,6,5,1d10+4,1d8+4,7.0,B
1982,47,16,5,5,1d12+4,1d8+4,36,15,7,3,1d12+4,1d6+4,1.0,A
1983,43,18,5,5,1d12+4,1d8+4,37,17,6,5,1d8+4,1d8+4,8.0,B
1984,44,14,6,3,1d8+4,1d8+4,41,15,7,3,1d10+4,1d8+4,5.0,A
1985,43,17,5,4,1d8+4,1d8+4,36,18,8,3,1d8+4,1d8+4,5.0,A
1986,48,18,5,4,1d12+4,1d6+4,38,14,7,4,1d8+4,1d6+4,3.0,A
1987,31,18,8,5,1d12+4,1d8+4,39,16,7,5,1d8+4,1d8+4,2.0,B
1988,40,18,8,4,1d10+4,1d6+4,33,15,7,3,1d10+4,1d6+4,1.0,A
1989,45,14,6,5,1d12+4,1d6+4,45,14,5,3,1d12+4,1d8+4,6.0,B
1990,46,16,8,5,1d8+4,1d6+4,38,18,8,5,1d10+4,1d8+4,0.0,B
1991,36,16,7,4,1d10+4,1d6+4,36,15,8,5,1d12+4,1d6+4,1.0,A
1992,37,16,5,3,1d10+4,1d6+4,39,15,5,4,1d10+4,1d6+4,7.0,B
1993,49,14,7,3,1d12+4,1d8+4,36,17,5,4,1d10+4,1d6+4,8.0,B
1994,34,16,7,4,1d8+4,1d6+4,33,17,6,5,1d10+4,1d6+4,3.0,A
1995,50,18,6,5,1d10+4,1d6+4,46,14,5,4,1d10+4,1d8+4,10.0,A
1996,49,16,8,5,1d12+4,1d8+4,35,16,6,3,1d10+4,1d8+4,8.0,A
1997,45,18,8,3,1d8+4,1d8+4,47,15,8,4,1d12+4,1d6+4,9.0,A
1998,48,18,8,4,1d12+4,1d8+4,35,18,7,4,1d10+4,1d8+4,4.0,A
1999,39,16,6,5,1d12+4,1d8+4,47,14,8,5,1d8+4,1d8+4,10.0,A
2000,30,15,5,4,1d8+4,1d8+4,50,16,5,5,1d8+4,1d8+4,0.0,A
2001,48,15,8,4,1d12+4,1d6+4,38,18,8,5,1d10+4,1d8+4,8.0,B
2002,49,15,5,5,1d8+4,1d8+4,35,15,7,4,1d10+4,1d8+4,8.0,B
2003,46,17,7,4,1d12+4,1d6+4,37,17,5,3,1d8+4,1d6+4,2.0,A
2004,32,16,8,4,1d12+4,1d6+4,50,15,5,3,1d10+4,1d6+4,10.0,B
2005,33,14,6,5,1d12+4,1d8+4,36,15,6,5,1d10+4,1d6+4,1.0,A
2006,44,16,5,3,1d10+4,1d8+4,34,18,6,4,1d10+4,1d8+4,9.0,A
2007,30,16,8,4,1d12+4,1d8+4,50,18,8,5,1d12+4,1d6+4,6.0,B
2008,49,15,5,4,1d10+4,1d8+4,38,15,5,5,1d12+4,1d8+4,0.0,A
2009,35,15,7,4,1d12+4,1d6+4,35,14,8,3,1d10+4,1d8+4,3.0,A
2010,30,14,7,3,1d10+4,1d6+4,32,15,8,4,1d8+4,1d8+4,4.0,A
2011,33,18,6,4,1d8+4,1d8+4,30,14,8,4,1d12+4,1d6+4,8.0,A
2012,46,18,6,5,1d10+4,1d6+4,48,18,6,5,1d10+4,1d8+4,0.0,B
2013,49,14,6,5,1d8+4,1d8+4,36,18,8,3,1d12+4,1d6+4,9.0,B
2014,39,18,7,4,1d12+4,1d6+4,30,15,6,4,1d10+4,1d6+4,3.0,A
2015,41,18,6,3,1d10+4,1d8+4,50,16,6,4,1d10+4,1d6+4,5.0,A
2016,30,17,6,4,1d8+4,1d8+4,39,17,5,4,1d10+4,1d6+4,7.0,B
2017,31,16,5,4,1d12+4,1d8+4,42,15,5,3,1d12+4,1d8+4,5.0,A
2018,35,14,6,4,1d8+4,1d8+4,41,17,8,4,1d8+4,1d6+4,0.0,B
2019,33,14,8,3,1d8+4,1d6+4,49,16,8,5,1d10+4,1d8+4,4.0,B
2020,30,17,6,3,1d12+4,1d8+4,39,16,7,5,1d8+4,1d6+4,9.0,A
2021,46,18,8,4,1d12+4,1d8+4,39,18,5,5,1d12+4,1d6+4,7.0,A
2022,42,18,5,3,1d12+4,1d8+4,36,18,7,4,1d10+4,1d8+4,10.0,B
2023,33,14,8,5,1d12+4,1d8+4,45,15,8,3,1d8+4,1d8+4,5.0,A
2024,42,16,6,5,1d10+4,1d6+4,43,15,8,3,1d12+4,1d8+4,9.0,B
2025,41,14,7,5,1d10+4,1d6+4,47,15,8,5,1d8+4,1d6+4,10.0,B
2026,35,16,6,3,1d10+4,1d6+4,42,18,7,4,1d8+4,1d8+4,3.0,B
2027,37,15,8,5,1d10+4,1d6+4,45,16,5,5,1d8+4,1d8+4,0.0,A
2028,34,17,7,3,1d10+4,1d8+4,44,17,7,4,1d12+4,1d6+4,0.0,B
2029,38,15,8,5,1d10+4,1d6+4,50,18,5,3,1d8+4,1d6+4,1.0,B
2030,41,15,6,3,1d8+4,1d6+4,32,18,5,5,1d10+4,1d8+4,0.0,A
2031,36,17,5,3,1d8+4,1d8+4,38,14,8,4,1d12+4,1d6+4,1.0,B
2032,30,14,5,5,1d12+4,1d8+4,48,14,7,4,1d12+4,1d6+4,0.0,B
2033,48,14,7,4,1d10+4,1d8+4,50,15,8,4,1d10+4,1d8+4,1.0,B
2034,46,17,7,3,1d8+4,1d8+4,34,14,5,4,1d10+4,1d6+4,2.0,A
2035,43,16,6,4,1d10+4,1d6+4,44,14,8,5,1d8+4,1d6+4,8.0,B
2036,31,17,7,3,1d12+4,1d8+4,39,16,8,5,1d8+4,1d6+4,3.0,B
2037,46,17,7,5,1d8+4,1d8+4,38,18,5,4,1d12+4,1d8+4,6.0,B
2038,36,17,7,4,1d10+4,1d8+4,43,16,6,3,1d12+4,1d6+4,6.0,B
2039,32,15,8,4,1d8+4,1d6+4,44,16,5,4,1d8+4,1d6+4,6.0,B
2040,40,18,6,4,1d8+4,1d8+4,34,16,8,3,1d10+4,1d8+4,0.0,A
2041,34,14,5,5,1d12+4,1d6+4,50,17,7,4,1d12+4,1d8+4,9.0,B
2042,41,15,8,5,1d10+4,1d6+4,42,17,6,5,1d10+4,1d6+4,7.0,B
2043,49,18,5,5,1d12+4,1d6+4,40,15,8,3,1d10+4,1d6+4,4.0,A
2044,34,16,5,3,1d12+4,1d6+4,45,17,5,3,1d10+4,1d6+4,5.0,B
2045,36,17,8,3,1d12+4,1d8+4,49,14,5,3,1d10+4,1d8+4,3.0,B
2046,50,16,5,3,1d10+4,1d8+4,37,17,8,5,1d12+4,1d6+4,4.0,B
2047,50,17,7,3,1d10+4,1d8+4,49,14,5,3,1d10+4,1d8+4,4.0,B
2048,41,18,6,4,1d8+4,1d8+4,38,15,7,3,1d8+4,1d8+4,6.0,A
2049,48,16,7,3,1d10+4,1d8+4,44,14,6,3,1d8+4,1d6+4,2.0,A
2050,50,14,5,5,1d10+4,1d8+4,37,18,5,3,1d12+4,1d6+4,2.0,B
2051,39,15,8,4,1d12+4,1d6+4,42,18,6,3,1d8+4,1d6+4,1.0,A
2052,40,18,5,5,1d10+4,1d8+4,48,16,6,5,1d8+4,1d6+4,0.0,A
2053,40,14,5,5,1d10+4,1d6+4,37,17,6,3,1d12+4,1d6+4,6.0,A
2054,33,14,8,5,1d8+4,1d8+4,36,18,6,3,1d10+4,1d8+4,2.0,A
2055,40,17,7,3,1d12+4,1d8+4,42,18,6,5,1d8+4,1d8+4,8.0,A
2056,32,15,6,3,1d12+4,1d6+4,49,18,5,4,1d8+4,1d8+4,6.0,B
2057,44,18,5,3,1d8+4,1d8+4,36,17,7,5,1d10+4,1d6+4,2.0,A
2058,40,17,5,3,1d8+4,1d8+4,47,15,8,4,1d8+4,1d8+4,7.0,B
2059,39,15,6,3,1d8+4,1d8+4,39,16,6,4,1d8+4,1d6+4,10.0,B
2060,49,18,6,5,1d12+4,1d6+4,39,16,6,3,1d12+4,1d8+4,9.0,B
2061,38,17,6,3,1d12+4,1d8+4,44,14,7,4,1d12+4,1d8+4,9.0,A
2062,41,15,5,5,1d10+4,1d6+4,43,18,6,3,1d12+4,1d6+4,2.0,B
2063,50,14,7,5,1d10+4,1d8+4,43,18,6,5,1d8+4,1d8+4,10.0,A
2064,35,14,8,4,1d8+4,1d6+4,34,16,8,5,1d8+4,1d6+4,7.0,A
2065,33,15,7,4,1d10+4,1d6+4,34,15,5,5,1d10+4,1d6+4,8.0,A
2066,42,17,6,3,1d8+4,1d8+4,40,15,6,3,1d12+4,1d6+4,6.0,A
2067,45,15,6,4,1d12+4,1d8+4,46,18,5,4,1d8+4,1d6+4,4.0,B
2068,38,15,5,4,1d10+4,1d6+4,47,17,6,3,1d8+4,1d6+4,6.0,B
2069,41,14,5,5,1d12+4,1d8+4,48,17,5,5,1d8+4,1d6+4,3.0,B
2070,40,17,8,3,1d8+4,1d6+4,31,17,7,5,1d8+4,1d6+4,0.0,A
2071,49,17,8,4,1d10+4,1d6+4,49,15,5,5,1d8+4,1d6+4,3.0,A
2072,35,15,7,3,1d8+4,1d6+4,39,16,6,5,1d8+4,1d6+4,9.0,B
2073,41,15,5,4,1d12+4,1d8+4,32,18,8,4,1d10+4,1d6+4,3.0,B
2074,31,18,6,4,1d10+4,1d6+4,48,17,5,5,1d8+4,1d6+4,8.0,B
2075,31,17,7,4,1d12+4,1d6+4,42,14,5,3,1d12+4,1d8+4,10.0,A
2076,35,18,7,5,1d8+4,1d6+4,36,15,7,5,1d10+4,1d8+4,0.0,B
2077,48,18,7,5,1d12+4,1d6+4,49,18,5,3,1d12+4,1d8+4,10.0,A
2078,50,17,8,4,1d8+4,1d8+4,38,14,8,5,1d10+4,1d6+4,4.0,A
2079,48,18,8,4,1d10+4,1d6+4,38,15,5,5,1d12+4,1d6+4,1.0,B
2080,45,14,6,3,1d10+4,1d6+4,49,16,6,3,1d10+4,1d8+4,0.0,A
2081,44,16,7,3,1d8+4,1d6+4,30,14,6,5,1d12+4,1d6+4,3.0,B
2082,46,18,5,3,1d12+4,1d8+4,32,14,5,4,1d8+4,1d6+4,2.0,A
2083,45,18,7,3,1d8+4,1d8+4,37,16,6,4,1d12+4,1d6+4,10.0,B
2084,39,14,6,4,1d8+4,1d6+4,32,14,6,5,1d10+4,1d6+4,7.0,A
2085,34,14,8,3,1d8+4,1d6+4,44,18,7,5,1d10+4,1d8+4,2.0,B
2086,42,17,7,3,1d10+4,1d6+4,43,15,5,4,1d10+4,1d6+4,4.0,A
2087,31,18,6,3,1d12+4,1d8+4,32,14,5,3,1d8+4,1d6+4,5.0,A
2088,30,18,5,3,1d8+4,1d6+4,50,15,7,5,1d8+4,1d6+4,0.0,B
2089,47,17,6,4,1d8+4,1d6+4,36,15,6,3,1d12+4,1d6+4,0.0,A
2090,43,15,5,5,1d8+4,1d6+4,41,18,8,5,1d12+4,1d6+4,7.0,B
2091,42,16,6,5,1d8+4,1d8+4,45,18,6,4,1d10+4,1d6+4,7.0,A
2092,40,16,5,4,1d12+4,1d6+4,35,17,6,4,1d8+4,1d8+4,1.0,A
2093,35,14,7,3,1d10+4,1d8+4,36,18,6,3,1d10+4,1d6+4,3.0,B
2094,33,15,8,4,1d12+4,1d6+4,32,18,6,4,1d10+4,1d6+4,1.0,A
2095,38,18,7,3,1d8+4,1d6+4,49,15,5,5,1d12+4,1d6+4,2.0,A
2096,30,16,7,4,1d8+4,1d6+4,31,14,5,4,1d8+4,1d6+4,8.0,B
2097,35,16,7,4,1d8+4,1d8+4,40,17,6,3,1d8+4,1d6+4,4.0,A
2098,36,14,5,5,1d12+4,1d6+4,30,16,5,3,1d8+4,1d8+4,2.0,B
2099,33,18,6,3,1d8+4,1d8+4,35,18,6,4,1d10+4,1d6+4,9.0,A
2100,42,15,5,4,1d10+4,1d8+4,40,17,6,4,1d12+4,1d6+4,5.0,B
2101,32,18,6,5,1d10+4,1d8+4,49,16,5,5,1d12+4,1d8+4,0.0,B
2102,32,17,8,5,1d12+4,1d6+4,38,14,6,5,1d12+4,1d8+4,4.0,B
2103,39,18,7,5,1d8+4,1d8+4,49,15,7,5,1d10+4,1d8+4,10.0,A
2104,37,16,7,5,1d8+4,1d8+4,42,15,8,4,1d12+4,1d8+4,9.0,B
2105,48,16,8,5,1d12+4,1d8+4,36,16,7,4,1d12+4,1d6+4,6.0,B
2106,45,16,7,4,1d8+4,1d8+4,42,15,7,4,1d10+4,1d6+4,3.0,B
2107,33,18,7,4,1d10+4,1d8+4,47,15,7,5,1d12+4,1d6+4,4.0,B
2108,31,18,8,4,1d10+4,1d6+4,46,15,6,3,1d12+4,1d8+4,4.0,B
2109,43,14,5,3,1d10+4,1d6+4,45,17,5,4,1d10+4,1d8+4,7.0,B
2110,32,17,8,4,1d8+4,1d8+4,37,18,8,4,1d8+4,1d6+4,1.0,A
2111,48,16,5,4,1d8+4,1d6+4,43,15,7,4,1d12+4,1d6+4,10.0,A
2112,46,15,8,5,1d8+4,1d8+4,50,14,8,3,1d8+4,1d8+4,5.0,B
2113,50,17,8,3,1d8+4,1d8+4,45,16,7,3,1d10+4,1d6+4,4.0,A
2114,45,14,6,4,1d12+4,1d8+4,48,16,8,3,1d8+4,1d8+4,7.0,B
2115,33,18,7,3,1d12+4,1d6+4,46,18,5,4,1d10+4,1d8+4,8.0,B
2116,31,15,7,4,1d12+4,1d8+4,36,15,5,5,1d12+4,1d6+4,4.0,A
2117,40,15,6,5,1d8+4,1d6+4,43,14,6,5,1d8+4,1d6+4,4.0,B
2118,49,17,6,3,1d8+4,1d8+4,42,14,5,3,1d10+4,1d8+4,1.0,A
2119,30,16,8,4,1d10+4,1d6+4,48,15,6,4,1d10+4,1d6+4,1.0,B
2120,47,14,6,5,1d12+4,1d8+4,31,18,7,5,1d8+4,1d8+4,2.0,A
2121,32,17,6,4,1d12+4,1d8+4,30,18,5,5,1d8+4,1d6+4,8.0,B
2122,45,14,5,5,1d10+4,1d8+4,43,14,7,3,1d10+4,1d8+4,10.0,B
2123,42,14,7,4,1d10+4,1d6+4,33,18,6,3,1d8+4,1d6+4,7.0,B
2124,40,17,5,3,1d8+4,1d6+4,45,15,6,3,1d8+4,1d8+4,4.0,B
2125,32,15,6,4,1d10+4,1d6+4,31,17,7,5,1d10+4,1d8+4,6.0,A
2126,39,17,7,4,1d12+4,1d8+4,40,15,5,4,1d8+4,1d6+4,7.0,A
2127,48,16,5,5,1d10+4,1d6+4,46,18,5,4,1d10+4,1d6+4,6.0,B
2128,46,17,7,4,1d10+4,1d6+4,31,16,8,5,1d12+4,1d8+4,3.0,B
2129,50,15,8,5,1d12+4,1d8+4,41,17,5,3,1d12+4,1d8+4,2.0,A
2130,43,15,6,5,1d12+4,1d8+4,32,15,7,5,1d10+4,1d6+4,5.0,A
2131,50,14,7,3,1d8+4,1d6+4,31,16,5,5,1d8+4,1d6+4,7.0,A
2132,50,15,8,4,1d10+4,1d8+4,33,16,7,4,1d8+4,1d8+4,8.0,A
2133,35,16,6,4,1d12+4,1d6+4,33,18,6,4,1d12+4,1d6+4,9.0,A
2134,49,18,8,4,1d12+4,1d6+4,47,18,5,3,1d10+4,1d6+4,7.0,A
2135,42,17,7,4,1d8+4,1d8+4,34,16,5,4,1d10+4,1d6+4,8.0,A
2136,44,18,8,4,1d8+4,1d8+4,37,18,6,3,1d10+4,1d6+4,6.0,A
2137,36,18,6,4,1d10+4,1d6+4,45,15,7,4,1d10+4,1d8+4,5.0,B
2138,35,17,7,5,1d8+4,1d6+4,35,15,6,4,1d10+4,1d8+4,10.0,B
2139,33,18,5,3,1d10+4,1d6+4,33,14,5,5,1d12+4,1d8+4,7.0,A
2140,48,16,7,5,1d8+4,1d6+4,36,14,7,3,1d8+4,1d6+4,3.0,A
2141,37,16,8,3,1d12+4,1d8+4,48,18,7,5,1d10+4,1d8+4,1.0,A
2142,39,16,6,5,1d8+4,1d8+4,32,18,8,3,1d8+4,1d6+4,4.0,A
2143,49,18,6,5,1d12+4,1d8+4,30,17,7,4,1d8+4,1d6+4,2.0,A
2144,32,18,8,5,1d8+4,1d6+4,39,17,6,5,1d10+4,1d8+4,10.0,A
2145,35,15,7,5,1d10+4,1d6+4,37,17,8,5,1d8+4,1d8+4,3.0,B
2146,47,14,6,3,1d12+4,1d8+4,33,14,7,5,1d8+4,1d8+4,7.0,A
2147,50,16,5,5,1d12+4,1d6+4,34,16,8,3,1d10+4,1d6+4,3.0,A
2148,39,16,6,4,1d8+4,1d8+4,44,17,8,3,1d12+4,1d8+4,7.0,A
2149,43,16,8,3,1d12+4,1d8+4,46,15,6,4,1d8+4,1d6+4,6.0,A
2150,41,16,5,4,1d8+4,1d8+4,42,15,8,4,1d10+4,1d6+4,2.0,B
2151,41,15,8,3,1d10+4,1d8+4,39,18,5,3,1d8+4,1d8+4,7.0,A
2152,40,14,8,4,1d8+4,1d6+4,34,17,5,3,1d8+4,1d6+4,10.0,A
2153,35,15,8,5,1d8+4,1d6+4,39,17,8,4,1d12+4,1d8+4,1.0,B
2154,34,17,8,5,1d10+4,1d6+4,32,16,5,3,1d12+4,1d6+4,1.0,A
2155,45,17,5,5,1d8+4,1d6+4,33,15,5,5,1d10+4,1d6+4,9.0,A
2156,36,17,5,3,1d12+4,1d8+4,48,16,6,4,1d12+4,1d6+4,6.0,B
2157,46,17,5,3,1d12+4,1d6+4,32,16,7,3,1d8+4,1d8+4,8.0,A
2158,43,14,7,3,1d12+4,1d8+4,47,14,7,4,1d8+4,1d8+4,3.0,A
2159,50,15,8,3,1d8+4,1d6+4,30,16,7,3,1d12+4,1d6+4,2.0,A
2160,49,15,8,5,1d10+4,1d6+4,36,16,8,5,1d8+4,1d6+4,2.0,A
2161,44,14,5,3,1d8+4,1d8+4,41,14,5,5,1d12+4,1d6+4,10.0,A
2162,40,15,5,3,1d8+4,1d6+4,50,14,8,5,1d10+4,1d8+4,8.0,A
2163,36,18,6,3,1d10+4,1d6+4,46,14,6,5,1d10+4,1d6+4,0.0,A
2164,37,14,6,3,1d10+4,1d6+4,30,15,6,5,1d10+4,1d6+4,8.0,B
2165,33,15,8,5,1d12+4,1d6+4,49,15,8,4,1d10+4,1d6+4,4.0,B
2166,34,16,8,3,1d12+4,1d8+4,41,14,7,3,1d8+4,1d6+4,8.0,B
2167,36,16,5,4,1d10+4,1d6+4,36,15,6,3,1d10+4,1d8+4,4.0,B
2168,43,17,6,3,1d8+4,1d8+4,39,15,5,3,1d12+4,1d6+4,1.0,A
2169,50,15,7,5,1d8+4,1d6+4,43,16,7,3,1d8+4,1d6+4,8.0,B
2170,36,17,8,5,1d12+4,1d8+4,47,18,7,3,1d10+4,1d8+4,2.0,A
2171,35,16,5,4,1d10+4,1d8+4,48,17,7,5,1d12+4,1d8+4,0.0,B
2172,35,17,6,3,1d10+4,1d8+4,45,17,6,4,1d10+4,1d6+4,2.0,B
2173,38,15,7,4,1d8+4,1d8+4,46,17,5,5,1d10+4,1d8+4,4.0,B
2174,43,17,7,4,1d8+4,1d6+4,40,18,6,5,1d10+4,1d6+4,4.0,A
2175,44,14,5,3,1d8+4,1d6+4,41,16,6,5,1d8+4,1d6+4,7.0,A
2176,33,17,5,3,1d10+4,1d8+4,31,14,5,3,1d8+4,1d8+4,6.0,B
2177,50,15,6,3,1d10+4,1d6+4,37,14,5,3,1d10+4,1d8+4,7.0,A
2178,38,17,6,3,1d8+4,1d6+4,32,17,6,5,1d12+4,1d6+4,6.0,B
2179,47,14,7,3,1d10+4,1d8+4,34,14,5,3,1d10+4,1d6+4,10.0,A
2180,49,17,6,3,1d12+4,1d6+4,36,14,7,3,1d10+4,1d6+4,9.0,A
2181,34,18,5,4,1d12+4,1d8+4,31,18,8,5,1d10+4,1d8+4,9.0,A
2182,36,16,7,5,1d12+4,1d8+4,36,15,8,4,1d10+4,1d8+4,1.0,A
2183,49,16,6,4,1d12+4,1d6+4,47,14,8,3,1d12+4,1d6+4,1.0,A
2184,47,16,5,4,1d8+4,1d8+4,47,16,6,3,1d12+4,1d8+4,5.0,A
2185,35,18,5,3,1d12+4,1d8+4,38,16,8,4,1d12+4,1d8+4,1.0,B
2186,37,15,6,3,1d8+4,1d6+4,31,17,6,4,1d10+4,1d8+4,7.0,B
2187,45,18,7,5,1d10+4,1d8+4,38,16,6,5,1d10+4,1d6+4,6.0,B
2188,48,15,8,5,1d8+4,1d8+4,44,17,8,4,1d12+4,1d8+4,4.0,B
2189,47,17,5,5,1d8+4,1d8+4,50,16,7,3,1d8+4,1d8+4,9.0,B
2190,49,14,7,4,1d12+4,1d8+4,32,18,7,4,1d8+4,1d8+4,2.0,A
2191,35,16,5,4,1d10+4,1d6+4,46,16,8,3,1d8+4,1d8+4,2.0,B
2192,32,14,5,4,1d10+4,1d8+4,45,16,8,4,1d10+4,1d6+4,8.0,B
2193,36,16,5,4,1d10+4,1d8+4,42,16,7,3,1d8+4,1d8+4,5.0,B
2194,47,15,7,4,1d8+4,1d6+4,34,17,6,3,1d12+4,1d6+4,8.0,B
2195,42,14,6,4,1d10+4,1d6+4,39,14,6,3,1d8+4,1d6+4,7.0,B
2196,39,18,6,4,1d10+4,1d8+4,42,14,6,5,1d10+4,1d6+4,4.0,A
2197,42,16,8,3,1d8+4,1d8+4,36,18,5,5,1d8+4,1d6+4,8.0,A
2198,30,17,6,4,1d12+4,1d8+4,46,18,5,5,1d8+4,1d8+4,1.0,B
2199,30,14,8,4,1d8+4,1d8+4,50,14,8,5,1d10+4,1d6+4,6.0,B
2200,47,16,6,5,1d10+4,1d6+4,38,16,6,5,1d8+4,1d6+4,1.0,A
2201,40,18,5,5,1d10+4,1d8+4,43,16,5,3,1d10+4,1d8+4,3.0,A
2202,44,16,6,3,1d8+4,1d8+4,44,16,5,3,1d10+4,1d8+4,5.0,B
2203,38,14,8,3,1d10+4,1d8+4,50,17,5,3,1d10+4,1d6+4,4.0,A
2204,31,17,7,5,1d8+4,1d8+4,31,15,7,4,1d10+4,1d6+4,9.0,B
2205,37,16,7,5,1d10+4,1d6+4,36,18,7,3,1d8+4,1d8+4,4.0,A
2206,41,18,7,4,1d12+4,1d6+4,37,15,6,4,1d10+4,1d6+4,3.0,A
2207,42,14,6,4,1d8+4,1d6+4,31,14,6,3,1d12+4,1d8+4,10.0,A
2208,36,14,5,3,1d12+4,1d8+4,50,17,5,3,1d12+4,1d8+4,10.0,A
2209,30,16,5,3,1d10+4,1d8+4,43,14,7,4,1d12+4,1d6+4,3.0,A
2210,42,14,8,5,1d8+4,1d8+4,34,15,7,5,1d12+4,1d8+4,8.0,B
2211,33,15,7,4,1d12+4,1d6+4,41,16,7,5,1d8+4,1d6+4,9.0,B
2212,42,17,5,5,1d10+4,1d6+4,30,16,7,5,1d8+4,1d6+4,4.0,A
2213,32,15,6,3,1d8+4,1d6+4,50,15,7,4,1d10+4,1d8+4,2.0,B
2214,46,15,6,4,1d12+4,1d8+4,31,18,7,3,1d12+4,1d8+4,7.0,A
2215,36,15,8,4,1d10+4,1d6+4,50,18,8,4,1d12+4,1d8+4,9.0,B
2216,45,16,8,5,1d10+4,1d8+4,40,17,6,3,1d8+4,1d8+4,8.0,A
2217,30,18,6,3,1d10+4,1d8+4,30,17,6,4,1d8+4,1d8+4,3.0,A
2218,48,16,6,5,1d10+4,1d8+4,42,17,7,3,1d8+4,1d6+4,5.0,A
2219,48,16,6,3,1d12+4,1d8+4,46,18,6,5,1d12+4,1d6+4,6.0,A
2220,39,15,5,5,1d8+4,1d6+4,43,16,7,3,1d12+4,1d8+4,1.0,B
2221,35,17,7,4,1d10+4,1d6+4,46,17,5,5,1d12+4,1d8+4,2.0,A
2222,46,14,6,4,1d8+4,1d8+4,40,17,7,3,1d12+4,1d6+4,7.0,B
2223,34,14,7,5,1d10+4,1d8+4,49,17,8,5,1d8+4,1d8+4,8.0,B
2224,43,15,5,3,1d10+4,1d6+4,47,18,8,5,1d12+4,1d8+4,2.0,B
2225,43,17,8,3,1d12+4,1d6+4,46,16,5,5,1d12+4,1d6+4,5.0,B
2226,46,14,7,3,1d10+4,1d6+4,32,16,8,5,1d10+4,1d8+4,0.0,A
2227,38,17,6,4,1d8+4,1d6+4,36,15,5,5,1d8+4,1d6+4,2.0,B
2228,50,14,5,3,1d12+4,1d8+4,36,15,6,3,1d8+4,1d6+4,9.0,A
2229,32,18,6,3,1d8+4,1d8+4,50,14,6,4,1d10+4,1d8+4,9.0,B
2230,32,15,8,5,1d8+4,1d8+4,48,14,5,5,1d10+4,1d8+4,10.0,B
2231,34,14,7,3,1d8+4,1d8+4,31,16,6,3,1d12+4,1d8+4,7.0,B
2232,43,15,8,4,1d12+4,1d8+4,33,14,5,3,1d8+4,1d8+4,1.0,A
2233,50,16,8,5,1d8+4,1d6+4,33,18,8,4,1d8+4,1d8+4,5.0,A
2234,36,18,6,4,1d10+4,1d8+4,46,15,8,4,1d12+4,1d6+4,10.0,A
2235,35,16,6,4,1d12+4,1d6+4,36,17,5,3,1d12+4,1d8+4,4.0,B
2236,32,16,7,5,1d8+4,1d8+4,35,15,5,5,1d8+4,1d8+4,2.0,A
2237,50,17,6,4,1d12+4,1d6+4,44,15,7,3,1d8+4,1d8+4,9.0,A
2238,39,14,6,4,1d12+4,1d8+4,47,15,6,3,1d8+4,1d6+4,5.0,A
2239,45,17,5,3,1d12+4,1d8+4,32,15,7,3,1d10+4,1d6+4,8.0,A
2240,45,14,7,3,1d12+4,1d6+4,49,15,7,4,1d12+4,1d6+4,0.0,B
2241,30,16,6,4,1d8+4,1d8+4,43,16,7,5,1d8+4,1d8+4,4.0,B
2242,32,17,5,5,1d12+4,1d8+4,38,17,8,5,1d12+4,1d8+4,0.0,B
2243,31,17,8,4,1d12+4,1d8+4,44,14,7,4,1d12+4,1d6+4,7.0,A
2244,50,15,7,3,1d10+4,1d6+4,44,15,6,5,1d12+4,1d8+4,6.0,A
2245,36,15,8,4,1d10+4,1d8+4,44,15,7,4,1d12+4,1d8+4,6.0,B
2246,33,16,7,3,1d10+4,1d6+4,50,16,6,3,1d10+4,1d8+4,10.0,B
2247,32,14,7,5,1d12+4,1d8+4,50,14,6,4,1d10+4,1d8+4,5.0,A
2248,40,14,8,4,1d10+4,1d8+4,43,15,8,3,1d10+4,1d8+4,9.0,A
2249,38,14,6,4,1d12+4,1d8+4,37,17,7,5,1d10+4,1d6+4,7.0,A
2250,32,17,7,3,1d12+4,1d8+4,38,18,5,3,1d10+4,1d6+4,6.0,A
2251,40,16,5,4,1d8+4,1d6+4,37,18,7,3,1d10+4,1d8+4,9.0,A
2252,31,14,6,4,1d10+4,1d6+4,35,17,6,3,1d12+4,1d6+4,8.0,B
2253,32,18,5,5,1d12+4,1d8+4,36,16,8,5,1d12+4,1d6+4,5.0,A
2254,50,14,8,5,1d10+4,1d8+4,33,18,8,4,1d12+4,1d8+4,6.0,A
2255,38,16,7,4,1d12+4,1d6+4,41,16,6,5,1d12+4,1d8+4,5.0,A
2256,49,15,8,3,1d12+4,1d6+4,40,16,6,4,1d12+4,1d8+4,7.0,A
2257,40,14,7,4,1d10+4,1d6+4,37,18,6,4,1d12+4,1d6+4,8.0,A
2258,44,18,6,4,1d12+4,1d6+4,48,16,6,4,1d12+4,1d6+4,6.0,A
2259,32,16,7,4,1d12+4,1d8+4,35,15,6,3,1d8+4,1d8+4,1.0,A
2260,45,15,6,5,1d8+4,1d8+4,32,15,5,5,1d10+4,1d6+4,9.0,A
2261,42,18,6,5,1d10+4,1d6+4,47,17,6,5,1d10+4,1d6+4,5.0,B
2262,34,15,7,4,1d12+4,1d6+4,41,17,6,4,1d12+4,1d8+4,3.0,A
2263,33,17,6,4,1d10+4,1d6+4,34,14,6,3,1d8+4,1d6+4,9.0,A
2264,31,18,8,3,1d12+4,1d8+4,38,14,5,5,1d10+4,1d6+4,7.0,A
2265,31,14,6,4,1d8+4,1d6+4,37,14,6,3,1d10+4,1d6+4,5.0,B
2266,33,15,7,4,1d12+4,1d8+4,50,14,5,4,1d12+4,1d8+4,0.0,B
2267,33,15,6,3,1d8+4,1d6+4,39,15,5,4,1d12+4,1d8+4,10.0,B
2268,41,17,5,4,1d8+4,1d6+4,38,16,7,3,1d10+4,1d8+4,10.0,B
2269,42,14,5,4,1d12+4,1d8+4,31,16,6,4,1d8+4,1d8+4,8.0,A
2270,49,14,5,3,1d8+4,1d6+4,38,18,6,4,1d12+4,1d6+4,2.0,A
2271,43,14,6,3,1d10+4,1d8+4,40,14,7,4,1d10+4,1d6+4,3.0,B
2272,32,16,6,4,1d12+4,1d8+4,49,18,7,3,1d10+4,1d8+4,6.0,B
2273,44,16,7,3,1d10+4,1d8+4,41,15,5,3,1d12+4,1d8+4,7.0,B
2274,42,16,7,3,1d10+4,1d8+4,38,18,5,4,1d10+4,1d8+4,0.0,A
2275,37,18,7,4,1d12+4,1d8+4,30,18,5,4,1d10+4,1d8+4,7.0,A
2276,47,16,5,4,1d12+4,1d6+4,46,17,8,5,1d10+4,1d8+4,2.0,A
2277,34,16,5,5,1d12+4,1d6+4,45,14,7,3,1d8+4,1d8+4,3.0,A
2278,36,14,8,5,1d8+4,1d6+4,30,17,7,3,1d8+4,1d6+4,0.0,A
2279,40,17,7,4,1d8+4,1d6+4,35,14,5,4,1d8+4,1d6+4,6.0,A
2280,42,17,7,5,1d12+4,1d8+4,50,18,6,3,1d8+4,1d8+4,10.0,B
2281,44,16,5,3,1d10+4,1d6+4,46,15,8,5,1d10+4,1d6+4,10.0,B
2282,37,15,6,3,1d12+4,1d8+4,41,14,6,5,1d10+4,1d6+4,0.0,B
2283,48,14,5,4,1d12+4,1d6+4,31,14,8,5,1d12+4,1d8+4,6.0,B
2284,33,15,6,4,1d10+4,1d8+4,47,16,6,3,1d10+4,1d6+4,5.0,B
2285,37,14,5,5,1d12+4,1d6+4,35,18,6,4,1d10+4,1d6+4,7.0,B
2286,32,14,8,4,1d10+4,1d6+4,36,16,8,4,1d8+4,1d6+4,4.0,A
2287,43,17,5,5,1d12+4,1d6+4,38,17,7,3,1d8+4,1d8+4,6.0,A
2288,48,17,8,5,1d12+4,1d6+4,42,15,6,3,1d8+4,1d6+4,1.0,A
2289,44,18,6,4,1d10+4,1d8+4,33,15,5,4,1d12+4,1d6+4,7.0,B
2290,42,15,6,4,1d12+4,1d6+4,50,18,8,5,1d12+4,1d6+4,3.0,A
2291,47,17,5,5,1d12+4,1d6+4,40,16,8,5,1d8+4,1d6+4,9.0,B
2292,47,15,6,4,1d8+4,1d8+4,38,14,8,4,1d10+4,1d6+4,10.0,A
2293,39,16,7,5,1d8+4,1d8+4,49,18,7,5,1d8+4,1d6+4,2.0,A
2294,45,16,7,3,1d10+4,1d8+4,48,15,8,3,1d10+4,1d8+4,4.0,A
2295,46,14,5,4,1d10+4,1d6+4,46,17,6,4,1d12+4,1d6+4,0.0,B
2296,47,18,8,4,1d8+4,1d6+4,45,16,5,5,1d8+4,1d8+4,1.0,A
2297,36,14,5,3,1d12+4,1d8+4,49,14,7,5,1d12+4,1d6+4,1.0,B
2298,39,17,8,3,1d12+4,1d6+4,43,17,7,4,1d12+4,1d8+4,9.0,A
2299,33,16,7,5,1d12+4,1d8+4,30,18,6,3,1d12+4,1d6+4,8.0,A
2300,46,15,6,4,1d12+4,1d6+4,39,15,6,4,1d8+4,1d6+4,8.0,A
2301,46,17,6,4,1d10+4,1d6+4,31,17,8,4,1d8+4,1d8+4,1.0,A
2302,42,15,8,5,1d12+4,1d8+4,39,17,8,3,1d8+4,1d6+4,3.0,A
2303,33,17,8,4,1d10+4,1d6+4,37,15,7,5,1d10+4,1d6+4,4.0,A
2304,44,15,5,5,1d12+4,1d6+4,48,17,6,3,1d12+4,1d6+4,8.0,B
2305,36,16,5,4,1d8+4,1d8+4,35,16,5,5,1d10+4,1d6+4,6.0,A
2306,35,16,7,3,1d8+4,1d6+4,48,14,7,4,1d8+4,1d6+4,0.0,B
2307,47,14,7,5,1d10+4,1d8+4,49,14,8,4,1d8+4,1d6+4,8.0,A
2308,47,18,7,5,1d10+4,1d8+4,34,15,6,4,1d12+4,1d8+4,4.0,A
2309,48,17,7,4,1d12+4,1d8+4,31,16,5,5,1d10+4,1d6+4,4.0,A
2310,30,14,7,5,1d8+4,1d8+4,31,16,8,3,1d8+4,1d8+4,10.0,A
2311,50,16,6,5,1d12+4,1d8+4,42,16,8,3,1d8+4,1d8+4,2.0,B
2312,44,15,8,3,1d10+4,1d6+4,50,16,7,5,1d10+4,1d6+4,8.0,A
2313,49,18,5,3,1d10+4,1d6+4,48,18,7,5,1d8+4,1d6+4,8.0,B
2314,37,17,7,3,1d10+4,1d6+4,32,15,5,5,1d10+4,1d6+4,5.0,A
2315,30,17,8,4,1d8+4,1d6+4,49,14,5,5,1d10+4,1d6+4,10.0,A
2316,43,18,7,3,1d12+4,1d8+4,40,16,7,3,1d8+4,1d8+4,0.0,A
2317,32,18,6,5,1d8+4,1d6+4,49,14,6,5,1d10+4,1d6+4,4.0,B
2318,49,14,5,5,1d8+4,1d8+4,41,16,5,5,1d10+4,1d6+4,0.0,A
2319,38,15,7,4,1d10+4,1d6+4,36,17,5,3,1d12+4,1d8+4,5.0,B
2320,40,17,7,4,1d10+4,1d8+4,42,16,7,3,1d8+4,1d6+4,2.0,A
2321,38,17,6,5,1d8+4,1d6+4,40,17,6,5,1d8+4,1d8+4,10.0,A
2322,46,17,5,5,1d12+4,1d6+4,38,17,8,4,1d8+4,1d8+4,3.0,A
2323,47,14,6,5,1d10+4,1d8+4,50,16,7,5,1d12+4,1d6+4,7.0,A
2324,35,16,7,5,1d8+4,1d6+4,34,17,6,4,1d10+4,1d6+4,7.0,A
2325,35,17,5,5,1d10+4,1d6+4,43,14,7,3,1d12+4,1d6+4,8.0,A
2326,43,17,7,3,1d12+4,1d6+4,45,15,6,4,1d8+4,1d8+4,5.0,B
2327,48,17,7,5,1d8+4,1d6+4,48,15,8,4,1d12+4,1d6+4,2.0,A
2328,42,14,6,5,1d12+4,1d8+4,43,16,6,4,1d8+4,1d8+4,4.0,B
2329,45,15,7,4,1d10+4,1d6+4,36,15,5,3,1d8+4,1d6+4,1.0,A
2330,46,17,8,3,1d10+4,1d8+4,35,16,6,3,1d12+4,1d6+4,8.0,A
2331,47,17,7,3,1d10+4,1d8+4,37,18,8,5,1d12+4,1d6+4,1.0,A
2332,42,14,7,5,1d8+4,1d6+4,45,17,6,3,1d12+4,1d8+4,9.0,A
2333,41,15,6,3,1d12+4,1d6+4,48,15,6,4,1d10+4,1d6+4,1.0,A
2334,31,14,7,5,1d8+4,1d8+4,32,16,6,3,1d8+4,1d6+4,8.0,B
2335,36,14,5,5,1d12+4,1d6+4,43,14,7,3,1d10+4,1d8+4,4.0,B
2336,49,15,6,3,1d12+4,1d6+4,41,15,5,4,1d12+4,1d8+4,10.0,A
2337,48,16,7,5,1d8+4,1d8+4,42,16,6,3,1d12+4,1d8+4,6.0,A
2338,49,15,7,5,1d12+4,1d6+4,46,16,7,3,1d8+4,1d8+4,4.0,B
2339,38,17,5,3,1d10+4,1d8+4,33,16,5,3,1d10+4,1d6+4,6.0,B
2340,42,17,6,4,1d10+4,1d6+4,38,18,7,5,1d10+4,1d6+4,8.0,A
2341,48,15,5,5,1d12+4,1d8+4,31,18,7,4,1d12+4,1d8+4,7.0,B
2342,42,16,7,4,1d8+4,1d8+4,33,17,7,4,1d12+4,1d8+4,10.0,A
2343,45,17,6,4,1d12+4,1d6+4,48,14,7,3,1d8+4,1d8+4,7.0,A
2344,44,17,5,3,1d10+4,1d6+4,31,18,7,3,1d8+4,1d8+4,5.0,B
2345,35,15,6,5,1d12+4,1d8+4,36,15,5,5,1d8+4,1d8+4,8.0,A
2346,45,17,6,3,1d10+4,1d8+4,30,18,5,3,1d8+4,1d8+4,7.0,A
2347,38,14,6,3,1d8+4,1d8+4,43,18,8,4,1d8+4,1d8+4,4.0,A
2348,36,18,8,5,1d12+4,1d6+4,48,15,8,4,1d12+4,1d8+4,1.0,A
2349,50,16,5,3,1d8+4,1d8+4,33,17,5,5,1d10+4,1d8+4,8.0,A
2350,36,14,7,5,1d10+4,1d6+4,48,14,6,3,1d8+4,1d6+4,4.0,A
2351,44,17,5,5,1d8+4,1d6+4,42,17,8,3,1d10+4,1d6+4,3.0,A
2352,34,16,8,5,1d10+4,1d8+4,37,18,7,3,1d10+4,1d8+4,10.0,B
2353,44,17,8,5,1d12+4,1d6+4,34,18,8,4,1d10+4,1d8+4,8.0,B
2354,43,15,8,3,1d12+4,1d8+4,34,16,5,4,1d12+4,1d6+4,5.0,A
2355,30,18,6,3,1d12+4,1d8+4,30,14,6,5,1d10+4,1d8+4,2.0,A
2356,42,17,7,5,1d10+4,1d6+4,42,18,7,3,1d12+4,1d6+4,4.0,A
2357,38,17,8,4,1d8+4,1d8+4,30,17,5,5,1d10+4,1d8+4,2.0,A
2358,47,15,8,3,1d8+4,1d8+4,35,17,6,4,1d8+4,1d6+4,2.0,A
2359,41,17,8,3,1d8+4,1d6+4,33,18,5,3,1d12+4,1d6+4,4.0,A
2360,30,14,8,4,1d10+4,1d6+4,49,15,5,4,1d10+4,1d8+4,8.0,B
2361,30,18,7,5,1d10+4,1d6+4,48,17,7,4,1d12+4,1d8+4,7.0,A
2362,46,18,7,3,1d12+4,1d6+4,39,17,7,4,1d8+4,1d6+4,4.0,A
2363,30,14,7,5,1d8+4,1d6+4,39,16,5,3,1d12+4,1d8+4,9.0,B
2364,48,17,6,5,1d12+4,1d8+4,41,14,5,3,1d10+4,1d8+4,2.0,A
2365,49,18,7,5,1d10+4,1d8+4,38,14,5,4,1d12+4,1d8+4,9.0,A
2366,30,16,8,3,1d10+4,1d8+4,50,18,6,4,1d10+4,1d8+4,2.0,B
2367,46,15,6,3,1d8+4,1d6+4,50,15,7,4,1d10+4,1d8+4,7.0,A
2368,45,14,5,4,1d12+4,1d8+4,49,14,7,5,1d10+4,1d8+4,4.0,A
2369,47,18,8,4,1d10+4,1d6+4,35,16,8,4,1d12+4,1d6+4,4.0,B
2370,32,14,7,3,1d10+4,1d6+4,35,18,7,4,1d12+4,1d6+4,7.0,B
2371,40,18,7,3,1d8+4,1d6+4,36,17,8,5,1d8+4,1d8+4,10.0,A
2372,43,17,5,3,1d10+4,1d6+4,42,18,5,5,1d8+4,1d8+4,9.0,A
2373,34,15,5,4,1d8+4,1d6+4,50,16,7,3,1d8+4,1d8+4,9.0,B
2374,32,17,7,5,1d12+4,1d8+4,33,14,7,5,1d12+4,1d8+4,2.0,B
2375,38,14,7,3,1d8+4,1d6+4,41,18,8,3,1d8+4,1d6+4,1.0,A
2376,30,15,5,3,1d10+4,1d6+4,41,18,5,3,1d8+4,1d6+4,2.0,A
2377,42,15,6,4,1d10+4,1d6+4,48,18,8,3,1d12+4,1d6+4,10.0,B
2378,43,15,5,4,1d8+4,1d8+4,47,18,8,5,1d10+4,1d6+4,2.0,B
2379,50,18,5,3,1d12+4,1d6+4,38,15,8,3,1d10+4,1d6+4,1.0,A
2380,49,15,8,5,1d8+4,1d6+4,44,14,8,5,1d12+4,1d8+4,0.0,A
2381,36,17,8,3,1d10+4,1d6+4,35,16,5,4,1d12+4,1d6+4,4.0,A
2382,50,15,7,3,1d10+4,1d8+4,34,15,5,4,1d12+4,1d6+4,5.0,B
2383,44,14,5,3,1d10+4,1d8+4,36,16,8,5,1d12+4,1d6+4,2.0,B
2384,42,15,8,4,1d12+4,1d6+4,33,16,7,3,1d10+4,1d8+4,0.0,A
2385,35,16,5,4,1d10+4,1d8+4,45,16,7,5,1d8+4,1d8+4,6.0,B
2386,37,17,5,5,1d8+4,1d6+4,46,15,8,3,1d10+4,1d8+4,9.0,B
2387,36,15,5,4,1d10+4,1d6+4,32,17,5,3,1d8+4,1d6+4,10.0,A
2388,43,17,7,4,1d10+4,1d8+4,38,17,7,3,1d8+4,1d8+4,10.0,A
2389,39,16,7,3,1d12+4,1d8+4,45,16,7,5,1d12+4,1d6+4,9.0,B
2390,45,15,8,4,1d8+4,1d6+4,40,18,5,3,1d10+4,1d8+4,6.0,B
2391,43,16,5,4,1d10+4,1d8+4,32,14,5,3,1d10+4,1d8+4,10.0,A
2392,32,17,5,3,1d10+4,1d6+4,38,16,6,4,1d12+4,1d6+4,3.0,B
2393,34,17,8,5,1d12+4,1d8+4,48,17,7,3,1d8+4,1d6+4,6.0,B
2394,30,15,5,3,1d8+4,1d8+4,45,16,8,3,1d8+4,1d6+4,5.0,A
2395,41,18,5,5,1d12+4,1d8+4,33,15,7,3,1d8+4,1d6+4,10.0,B
2396,47,16,7,4,1d10+4,1d6+4,43,18,6,4,1d10+4,1d8+4,0.0,B
2397,44,17,8,3,1d8+4,1d8+4,46,14,8,3,1d8+4,1d6+4,10.0,A
2398,31,17,7,4,1d8+4,1d6+4,30,17,8,5,1d12+4,1d6+4,3.0,A
2399,45,18,8,5,1d10+4,1d6+4,44,15,6,3,1d12+4,1d8+4,0.0,B
2400,31,14,7,4,1d8+4,1d6+4,33,17,5,5,1d8+4,1d8+4,8.0,A
2401,32,16,5,4,1d10+4,1d6+4,49,15,7,5,1d12+4,1d8+4,10.0,A
2402,32,15,5,4,1d8+4,1d6+4,47,15,7,3,1d8+4,1d8+4,7.0,B
2403,47,15,7,4,1d10+4,1d6+4,45,17,5,3,1d10+4,1d8+4,0.0,A
2404,32,17,8,3,1d10+4,1d8+4,33,18,5,3,1d10+4,1d8+4,5.0,A
2405,35,16,7,3,1d8+4,1d8+4,43,15,5,3,1d8+4,1d8+4,3.0,B
2406,35,17,5,3,1d8+4,1d6+4,42,17,8,4,1d12+4,1d6+4,0.0,B
2407,34,15,6,5,1d12+4,1d6+4,30,14,7,4,1d10+4,1d8+4,5.0,A
2408,43,14,7,3,1d10+4,1d8+4,31,16,6,5,1d10+4,1d8+4,0.0,A
2409,37,18,6,4,1d8+4,1d8+4,43,16,8,5,1d12+4,1d8+4,4.0,B
2410,40,18,6,3,1d8+4,1d6+4,31,18,6,4,1d8+4,1d8+4,6.0,A
2411,44,17,7,5,1d8+4,1d8+4,35,15,6,5,1d12+4,1d6+4,6.0,A
2412,36,15,5,5,1d12+4,1d6+4,41,15,8,5,1d10+4,1d6+4,4.0,B
2413,30,16,7,3,1d10+4,1d6+4,37,15,5,3,1d10+4,1d8+4,2.0,A
2414,45,15,7,4,1d12+4,1d6+4,32,16,6,5,1d12+4,1d6+4,10.0,A
2415,33,15,7,4,1d8+4,1d8+4,41,18,8,3,1d12+4,1d8+4,7.0,B
2416,46,16,6,5,1d12+4,1d8+4,31,17,8,3,1d8+4,1d8+4,8.0,A
2417,31,18,8,5,1d10+4,1d8+4,34,18,5,4,1d12+4,1d6+4,4.0,A
2418,50,15,5,3,1d12+4,1d6+4,34,18,7,4,1d10+4,1d8+4,3.0,B
2419,49,14,5,4,1d8+4,1d8+4,35,14,8,5,1d12+4,1d8+4,0.0,A
2420,42,18,8,3,1d8+4,1d8+4,43,17,6,4,1d10+4,1d8+4,10.0,A
2421,47,14,6,4,1d8+4,1d6+4,50,16,5,4,1d8+4,1d8+4,9.0,B
2422,42,18,6,4,1d10+4,1d6+4,32,16,8,5,1d10+4,1d8+4,2.0,A
2423,33,16,5,3,1d10+4,1d6+4,31,17,5,4,1d10+4,1d8+4,9.0,A
2424,37,18,8,3,1d8+4,1d6+4,36,17,5,3,1d12+4,1d6+4,10.0,A
2425,35,17,6,4,1d10+4,1d8+4,37,16,6,4,1d8+4,1d8+4,4.0,A
2426,46,14,5,5,1d12+4,1d6+4,36,17,7,5,1d8+4,1d8+4,0.0,A
2427,33,15,7,5,1d12+4,1d8+4,39,14,7,3,1d12+4,1d6+4,1.0,B
2428,35,15,6,3,1d8+4,1d8+4,43,18,8,3,1d8+4,1d8+4,2.0,B
2429,32,16,6,5,1d12+4,1d8+4,45,17,5,4,1d10+4,1d6+4,3.0,B
2430,49,15,7,4,1d12+4,1d8+4,46,16,5,5,1d12+4,1d8+4,0.0,B
2431,41,17,6,4,1d8+4,1d6+4,44,18,5,4,1d8+4,1d8+4,6.0,B
2432,47,14,8,5,1d8+4,1d6+4,49,16,6,4,1d10+4,1d8+4,2.0,A
2433,40,15,8,3,1d12+4,1d8+4,40,15,6,5,1d8+4,1d6+4,4.0,A
2434,50,18,5,5,1d12+4,1d8+4,42,18,8,3,1d10+4,1d8+4,0.0,A
2435,49,16,8,5,1d10+4,1d6+4,35,15,5,5,1d8+4,1d6+4,10.0,B
2436,32,18,6,5,1d10+4,1d6+4,32,16,7,3,1d10+4,1d8+4,1.0,A
2437,31,16,6,5,1d8+4,1d6+4,32,15,8,3,1d8+4,1d6+4,10.0,B
2438,50,15,5,4,1d10+4,1d6+4,46,16,6,4,1d10+4,1d8+4,1.0,A
2439,33,16,8,3,1d10+4,1d8+4,40,17,6,4,1d12+4,1d6+4,6.0,A
2440,37,18,5,3,1d8+4,1d6+4,39,15,5,4,1d10+4,1d8+4,0.0,A
2441,39,16,8,4,1d12+4,1d8+4,49,16,6,4,1d12+4,1d6+4,7.0,B
2442,45,14,6,4,1d8+4,1d8+4,36,15,8,5,1d12+4,1d8+4,1.0,A
2443,48,17,5,4,1d12+4,1d6+4,40,18,5,5,1d12+4,1d6+4,1.0,A
2444,34,16,6,5,1d10+4,1d8+4,38,17,8,3,1d10+4,1d6+4,9.0,B
2445,47,14,8,4,1d10+4,1d6+4,42,14,6,4,1d10+4,1d6+4,10.0,A
2446,49,15,8,4,1d12+4,1d8+4,35,18,5,4,1d12+4,1d8+4,4.0,A
2447,33,16,7,3,1d8+4,1d8+4,44,15,6,5,1d10+4,1d6+4,3.0,A
2448,30,15,5,4,1d8+4,1d8+4,39,17,8,5,1d10+4,1d8+4,4.0,A
2449,32,16,6,5,1d10+4,1d6+4,44,16,6,3,1d12+4,1d6+4,2.0,B
2450,36,17,8,4,1d10+4,1d6+4,41,17,6,4,1d12+4,1d8+4,0.0,B
2451,43,15,6,4,1d8+4,1d8+4,44,16,8,4,1d8+4,1d8+4,4.0,B
2452,34,17,8,5,1d10+4,1d8+4,46,17,6,4,1d8+4,1d8+4,1.0,B
2453,44,14,8,4,1d10+4,1d8+4,46,14,5,4,1d10+4,1d8+4,8.0,B
2454,45,17,7,4,1d10+4,1d8+4,40,15,8,3,1d12+4,1d8+4,7.0,A
2455,36,18,8,4,1d10+4,1d6+4,31,17,5,4,1d12+4,1d8+4,2.0,A
2456,42,18,8,5,1d8+4,1d8+4,37,14,6,5,1d8+4,1d8+4,8.0,A
2457,33,14,8,4,1d8+4,1d6+4,45,14,8,5,1d10+4,1d8+4,5.0,A
2458,39,18,8,4,1d12+4,1d6+4,47,14,8,3,1d12+4,1d8+4,10.0,A
2459,40,18,8,4,1d12+4,1d6+4,31,17,5,5,1d12+4,1d6+4,10.0,A
2460,35,16,5,4,1d10+4,1d8+4,40,16,7,5,1d8+4,1d8+4,7.0,A
2461,46,15,5,5,1d12+4,1d6+4,49,15,7,4,1d12+4,1d6+4,9.0,B
2462,40,16,8,4,1d10+4,1d6+4,32,14,5,4,1d12+4,1d6+4,8.0,A
2463,34,14,8,5,1d8+4,1d6+4,32,16,7,3,1d10+4,1d6+4,2.0,A
2464,37,16,7,5,1d8+4,1d8+4,39,15,5,5,1d8+4,1d6+4,10.0,A
2465,46,15,8,4,1d10+4,1d6+4,49,15,7,4,1d8+4,1d8+4,9.0,B
2466,39,15,5,5,1d12+4,1d6+4,45,16,5,3,1d12+4,1d8+4,10.0,B
2467,50,14,8,5,1d8+4,1d6+4,50,15,7,3,1d8+4,1d6+4,6.0,A
2468,42,15,8,5,1d8+4,1d8+4,49,18,6,4,1d10+4,1d6+4,2.0,A
2469,48,17,6,5,1d8+4,1d6+4,36,17,8,5,1d10+4,1d8+4,7.0,A
2470,50,18,7,4,1d8+4,1d8+4,33,18,7,4,1d8+4,1d8+4,8.0,A
2471,47,16,5,5,1d10+4,1d6+4,35,17,7,5,1d10+4,1d8+4,3.0,B
2472,43,15,7,5,1d8+4,1d6+4,32,14,8,3,1d8+4,1d8+4,10.0,A
2473,50,14,8,5,1d10+4,1d6+4,35,15,8,4,1d10+4,1d6+4,3.0,A
2474,42,18,8,4,1d12+4,1d6+4,33,18,5,5,1d8+4,1d6+4,4.0,B
2475,30,16,6,3,1d12+4,1d8+4,45,17,6,3,1d10+4,1d8+4,4.0,B
2476,35,15,8,5,1d10+4,1d8+4,43,17,8,5,1d12+4,1d6+4,7.0,B
2477,43,18,5,4,1d10+4,1d6+4,31,18,5,4,1d12+4,1d8+4,5.0,A
2478,40,14,7,4,1d12+4,1d8+4,36,16,6,5,1d12+4,1d6+4,4.0,B
2479,47,16,8,4,1d10+4,1d6+4,34,15,6,5,1d8+4,1d8+4,9.0,A
2480,42,14,8,4,1d8+4,1d6+4,38,15,8,3,1d8+4,1d8+4,10.0,B
2481,33,17,8,5,1d10+4,1d8+4,32,15,5,5,1d8+4,1d6+4,8.0,A
2482,33,14,6,4,1d10+4,1d6+4,50,14,7,4,1d8+4,1d8+4,3.0,B
2483,37,15,5,5,1d8+4,1d6+4,50,18,6,5,1d10+4,1d6+4,3.0,B
2484,36,16,6,3,1d8+4,1d8+4,30,14,6,5,1d8+4,1d8+4,2.0,B
2485,39,16,7,5,1d12+4,1d8+4,35,14,8,4,1d8+4,1d8+4,5.0,A
2486,37,17,7,3,1d8+4,1d8+4,38,16,7,4,1d10+4,1d6+4,3.0,A
2487,37,15,5,3,1d10+4,1d6+4,46,14,5,5,1d12+4,1d8+4,4.0,B
2488,48,15,7,3,1d8+4,1d8+4,30,18,8,3,1d10+4,1d8+4,0.0,A
2489,32,15,5,3,1d8+4,1d8+4,30,16,6,3,1d12+4,1d8+4,2.0,B
2490,43,14,8,3,1d12+4,1d8+4,33,14,6,3,1d8+4,1d8+4,5.0,B
2491,45,18,5,3,1d12+4,1d6+4,43,15,8,3,1d12+4,1d8+4,3.0,A
2492,49,16,6,4,1d10+4,1d8+4,35,17,7,4,1d12+4,1d8+4,5.0,B
2493,36,18,7,5,1d12+4,1d6+4,46,17,8,3,1d12+4,1d8+4,9.0,B
2494,36,18,5,4,1d10+4,1d8+4,30,15,7,4,1d12+4,1d6+4,2.0,A
2495,49,17,6,4,1d8+4,1d8+4,50,16,7,3,1d10+4,1d6+4,5.0,B
2496,38,18,5,3,1d12+4,1d8+4,40,17,6,5,1d8+4,1d6+4,4.0,A
2497,48,17,7,4,1d8+4,1d8+4,49,14,5,4,1d12+4,1d6+4,7.0,B
2498,42,14,8,4,1d10+4,1d6+4,34,18,5,4,1d10+4,1d6+4,0.0,A
2499,32,15,6,5,1d8+4,1d8+4,45,17,7,4,1d8+4,1d6+4,8.0,B
2500,50,16,7,5,1d10+4,1d6+4,36,15,7,3,1d10+4,1d6+4,4.0,A
2501,31,18,7,3,1d12+4,1d6+4,38,18,5,4,1d8+4,1d6+4,9.0,B
2502,46,18,6,3,1d12+4,1d6+4,45,15,6,4,1d10+4,1d8+4,2.0,A
2503,42,15,8,3,1d8+4,1d6+4,49,17,8,5,1d8+4,1d8+4,0.0,B
2504,34,15,6,4,1d8+4,1d8+4,44,18,7,4,1d10+4,1d6+4,5.0,B
2505,44,15,8,4,1d10+4,1d8+4,47,14,8,5,1d10+4,1d6+4,0.0,A
2506,35,16,8,4,1d8+4,1d8+4,34,16,7,3,1d8+4,1d8+4,6.0,A
2507,38,14,6,3,1d12+4,1d8+4,45,14,5,3,1d8+4,1d6+4,4.0,A
2508,31,15,7,4,1d12+4,1d6+4,41,17,5,3,1d12+4,1d8+4,2.0,B
2509,36,18,7,5,1d12+4,1d8+4,47,18,5,4,1d8+4,1d6+4,2.0,B
2510,31,16,5,5,1d10+4,1d8+4,44,15,5,4,1d8+4,1d8+4,4.0,A
2511,42,16,8,5,1d8+4,1d8+4,36,15,7,4,1d8+4,1d8+4,1.0,A
2512,38,14,8,5,1d12+4,1d8+4,36,18,8,3,1d12+4,1d8+4,3.0,B
2513,40,14,6,4,1d8+4,1d8+4,34,18,8,5,1d12+4,1d6+4,8.0,A
2514,31,16,5,4,1d8+4,1d6+4,41,15,5,5,1d10+4,1d8+4,5.0,A
2515,44,15,5,3,1d10+4,1d8+4,49,16,6,5,1d10+4,1d8+4,4.0,A
2516,35,16,6,5,1d10+4,1d6+4,36,17,8,5,1d12+4,1d6+4,5.0,A
2517,40,16,7,5,1d10+4,1d8+4,44,14,8,4,1d10+4,1d6+4,4.0,A
2518,44,16,8,4,1d8+4,1d6+4,32,14,7,4,1d10+4,1d8+4,1.0,B
2519,48,15,7,4,1d10+4,1d6+4,33,16,5,5,1d8+4,1d8+4,1.0,A
2520,40,18,7,3,1d12+4,1d6+4,30,18,5,4,1d12+4,1d6+4,4.0,B
2521,45,18,7,3,1d10+4,1d8+4,37,17,6,5,1d10+4,1d8+4,0.0,B
2522,47,16,7,5,1d8+4,1d8+4,47,17,7,5,1d8+4,1d8+4,2.0,B
2523,37,16,5,3,1d12+4,1d8+4,32,17,6,5,1d8+4,1d6+4,9.0,A
2524,39,14,7,3,1d8+4,1d6+4,48,14,6,5,1d12+4,1d8+4,2.0,B
2525,38,16,7,3,1d8+4,1d6+4,50,16,7,3,1d10+4,1d8+4,6.0,A
2526,35,14,8,5,1d12+4,1d8+4,40,15,7,5,1d12+4,1d6+4,5.0,A
2527,49,14,5,3,1d10+4,1d8+4,47,18,5,4,1d8+4,1d6+4,0.0,B
2528,46,18,8,5,1d12+4,1d8+4,47,16,7,4,1d10+4,1d6+4,8.0,B
2529,40,17,6,4,1d8+4,1d6+4,43,15,7,3,1d8+4,1d6+4,1.0,A
2530,31,15,7,5,1d10+4,1d6+4,33,16,8,5,1d8+4,1d6+4,9.0,B
2531,50,15,7,3,1d10+4,1d6+4,39,17,8,5,1d8+4,1d6+4,2.0,B
2532,45,15,8,5,1d10+4,1d8+4,30,16,6,5,1d10+4,1d6+4,8.0,A
2533,39,15,5,4,1d10+4,1d8+4,33,18,7,4,1d8+4,1d8+4,7.0,B
2534,46,14,5,5,1d12+4,1d8+4,44,18,7,5,1d8+4,1d8+4,3.0,A
2535,45,16,6,3,1d12+4,1d8+4,43,18,5,4,1d12+4,1d6+4,6.0,B
2536,48,14,8,4,1d12+4,1d6+4,38,16,8,4,1d8+4,1d8+4,7.0,A
2537,48,16,5,4,1d12+4,1d8+4,35,17,7,3,1d8+4,1d6+4,9.0,B
2538,39,15,6,5,1d12+4,1d6+4,49,18,6,4,1d10+4,1d6+4,10.0,A
2539,34,18,5,4,1d10+4,1d6+4,44,16,8,3,1d8+4,1d8+4,2.0,B
2540,44,17,7,5,1d12+4,1d6+4,41,18,8,4,1d10+4,1d6+4,5.0,A
2541,50,18,7,3,1d12+4,1d8+4,42,14,5,5,1d10+4,1d8+4,9.0,A
2542,32,15,7,3,1d8+4,1d6+4,49,18,5,4,1d12+4,1d8+4,3.0,A
2543,43,16,6,5,1d8+4,1d6+4,49,17,6,3,1d10+4,1d6+4,1.0,A
2544,35,14,6,4,1d10+4,1d8+4,45,14,7,3,1d12+4,1d8+4,9.0,B
2545,41,18,7,3,1d8+4,1d6+4,50,18,5,3,1d10+4,1d6+4,10.0,B
2546,46,18,7,5,1d10+4,1d8+4,48,15,7,4,1d8+4,1d8+4,4.0,A
2547,48,17,6,5,1d10+4,1d6+4,41,18,6,5,1d8+4,1d6+4,6.0,A
2548,39,14,8,4,1d12+4,1d8+4,42,14,5,5,1d8+4,1d6+4,10.0,B
2549,34,15,8,4,1d8+4,1d6+4,38,15,6,4,1d8+4,1d6+4,5.0,A
2550,42,18,7,4,1d12+4,1d6+4,45,14,5,3,1d12+4,1d6+4,1.0,A
2551,36,15,7,5,1d10+4,1d8+4,33,14,6,4,1d12+4,1d6+4,4.0,A
2552,45,18,8,4,1d10+4,1d6+4,41,15,8,5,1d10+4,1d6+4,2.0,A
2553,39,15,7,4,1d10+4,1d6+4,48,15,7,5,1d12+4,1d8+4,2.0,B
2554,41,14,6,4,1d10+4,1d8+4,47,17,5,5,1d10+4,1d8+4,6.0,A
2555,42,18,7,4,1d12+4,1d8+4,40,14,7,3,1d10+4,1d8+4,8.0,A
2556,47,17,7,4,1d10+4,1d6+4,35,14,7,5,1d10+4,1d6+4,0.0,A
2557,42,15,5,4,1d8+4,1d8+4,38,15,6,4,1d10+4,1d6+4,7.0,A
2558,35,17,5,3,1d12+4,1d6+4,33,16,5,3,1d10+4,1d6+4,2.0,A
2559,33,16,8,4,1d8+4,1d6+4,48,18,5,5,1d12+4,1d8+4,0.0,B
2560,31,15,7,5,1d8+4,1d8+4,39,15,7,5,1d8+4,1d6+4,0.0,B
2561,39,14,5,4,1d10+4,1d6+4,44,16,8,4,1d12+4,1d6+4,8.0,B
2562,39,17,5,5,1d10+4,1d6+4,46,16,8,4,1d10+4,1d8+4,3.0,B
2563,49,16,7,3,1d8+4,1d8+4,41,14,8,5,1d10+4,1d6+4,8.0,A
2564,42,18,5,3,1d10+4,1d6+4,37,18,5,3,1d12+4,1d8+4,3.0,B
2565,34,14,7,5,1d12+4,1d8+4,47,18,6,5,1d8+4,1d8+4,4.0,A
2566,32,17,7,3,1d10+4,1d6+4,42,18,6,4,1d8+4,1d8+4,3.0,A
2567,48,16,6,4,1d10+4,1d6+4,32,16,8,4,1d10+4,1d8+4,1.0,A
2568,32,15,7,4,1d10+4,1d8+4,43,16,5,5,1d10+4,1d8+4,2.0,B
2569,34,17,6,4,1d10+4,1d8+4,43,16,8,5,1d10+4,1d8+4,2.0,B
2570,47,17,8,3,1d8+4,1d6+4,44,16,8,3,1d10+4,1d6+4,5.0,B
2571,38,17,8,5,1d8+4,1d8+4,30,14,6,3,1d10+4,1d6+4,8.0,A
2572,40,14,6,5,1d8+4,1d8+4,40,15,6,5,1d10+4,1d6+4,7.0,B
2573,30,18,8,4,1d8+4,1d6+4,47,16,6,5,1d10+4,1d6+4,0.0,B
2574,47,15,7,4,1d8+4,1d8+4,31,14,8,4,1d10+4,1d8+4,10.0,A
2575,44,18,8,3,1d12+4,1d8+4,38,16,5,3,1d12+4,1d8+4,1.0,A
2576,48,14,7,4,1d12+4,1d6+4,38,14,6,5,1d8+4,1d8+4,9.0,A
2577,38,15,8,5,1d12+4,1d8+4,41,15,8,4,1d10+4,1d8+4,10.0,B
2578,43,14,5,5,1d10+4,1d8+4,49,14,6,3,1d8+4,1d8+4,9.0,A
2579,34,17,5,4,1d8+4,1d6+4,30,17,8,5,1d8+4,1d6+4,4.0,A
2580,39,15,7,4,1d10+4,1d8+4,35,16,8,3,1d12+4,1d8+4,8.0,B
2581,41,14,6,4,1d12+4,1d6+4,44,18,6,3,1d10+4,1d6+4,7.0,A
2582,31,14,6,5,1d8+4,1d6+4,43,14,6,3,1d10+4,1d6+4,0.0,A
2583,41,16,8,5,1d12+4,1d8+4,45,17,5,5,1d12+4,1d8+4,4.0,A
2584,50,17,5,3,1d12+4,1d6+4,40,18,8,5,1d12+4,1d8+4,7.0,A
2585,42,18,7,3,1d8+4,1d6+4,32,18,8,3,1d10+4,1d6+4,2.0,B
2586,41,18,5,3,1d12+4,1d6+4,39,16,5,3,1d8+4,1d6+4,9.0,A
2587,40,18,6,5,1d10+4,1d8+4,31,17,8,5,1d10+4,1d8+4,10.0,A
2588,42,15,5,3,1d8+4,1d8+4,34,15,6,3,1d12+4,1d6+4,4.0,B
2589,38,14,5,4,1d8+4,1d6+4,37,16,6,5,1d10+4,1d8+4,9.0,A
2590,32,15,6,5,1d12+4,1d8+4,31,14,6,5,1d8+4,1d6+4,1.0,B
2591,32,18,6,3,1d10+4,1d8+4,44,14,6,4,1d10+4,1d8+4,9.0,A
2592,32,14,7,3,1d8+4,1d6+4,37,14,8,3,1d8+4,1d8+4,1.0,A
2593,46,15,7,3,1d8+4,1d8+4,32,15,5,4,1d10+4,1d6+4,6.0,A
2594,42,17,8,3,1d10+4,1d8+4,45,15,5,4,1d10+4,1d8+4,5.0,A
2595,33,16,7,5,1d12+4,1d6+4,47,15,8,4,1d12+4,1d8+4,9.0,A
2596,38,16,5,5,1d8+4,1d8+4,35,16,8,5,1d12+4,1d6+4,1.0,B
2597,30,15,5,3,1d8+4,1d6+4,42,16,7,4,1d8+4,1d6+4,5.0,B
2598,47,15,7,3,1d8+4,1d8+4,33,16,5,3,1d10+4,1d8+4,9.0,A
2599,36,15,6,5,1d12+4,1d8+4,43,17,6,3,1d10+4,1d8+4,4.0,A
2600,45,16,7,4,1d10+4,1d8+4,48,15,6,5,1d10+4,1d8+4,10.0,A
2601,50,16,8,5,1d8+4,1d8+4,35,15,5,5,1d10+4,1d8+4,6.0,A
2602,30,18,7,4,1d12+4,1d8+4,37,16,6,3,1d10+4,1d6+4,9.0,A
2603,34,18,6,5,1d10+4,1d8+4,46,16,7,3,1d10+4,1d6+4,0.0,B
2604,50,15,7,3,1d12+4,1d6+4,34,16,7,5,1d12+4,1d6+4,4.0,A
2605,50,16,5,4,1d12+4,1d8+4,40,16,8,4,1d12+4,1d8+4,1.0,A
2606,34,15,8,4,1d12+4,1d6+4,47,18,6,4,1d8+4,1d6+4,0.0,A
2607,44,14,7,5,1d8+4,1d6+4,31,18,5,3,1d8+4,1d8+4,10.0,B
2608,34,14,8,5,1d12+4,1d6+4,44,18,5,4,1d10+4,1d6+4,0.0,B
2609,40,15,5,5,1d10+4,1d8+4,41,14,7,4,1d8+4,1d6+4,1.0,B
2610,41,14,7,4,1d8+4,1d6+4,49,15,7,5,1d10+4,1d8+4,8.0,A
2611,30,14,5,4,1d12+4,1d6+4,50,17,8,3,1d8+4,1d6+4,7.0,B
2612,37,14,7,5,1d8+4,1d6+4,41,15,6,4,1d10+4,1d6+4,10.0,B
2613,30,15,6,4,1d8+4,1d8+4,48,15,7,3,1d12+4,1d6+4,3.0,B
2614,38,18,6,3,1d8+4,1d8+4,48,15,6,3,1d8+4,1d6+4,2.0,B
2615,50,18,5,4,1d8+4,1d8+4,31,14,6,3,1d8+4,1d8+4,6.0,A
2616,33,18,5,5,1d10+4,1d6+4,43,17,6,5,1d8+4,1d8+4,10.0,B
2617,44,16,8,4,1d12+4,1d6+4,38,16,7,3,1d12+4,1d6+4,8.0,B
2618,50,14,6,5,1d8+4,1d6+4,33,17,7,5,1d10+4,1d6+4,4.0,A
2619,43,15,8,5,1d8+4,1d8+4,44,18,6,5,1d10+4,1d8+4,6.0,A
2620,47,15,7,4,1d10+4,1d6+4,48,15,8,4,1d10+4,1d6+4,7.0,A
2621,43,16,5,3,1d8+4,1d8+4,36,18,5,4,1d10+4,1d6+4,10.0,B
2622,42,18,6,3,1d8+4,1d8+4,31,15,5,5,1d12+4,1d6+4,4.0,A
2623,42,16,8,4,1d8+4,1d8+4,38,17,8,3,1d12+4,1d6+4,8.0,A
2624,32,18,7,5,1d12+4,1d8+4,41,17,5,4,1d12+4,1d8+4,9.0,B
2625,50,18,8,5,1d10+4,1d6+4,45,16,7,3,1d10+4,1d8+4,3.0,A
2626,39,18,8,4,1d10+4,1d8+4,39,18,6,3,1d12+4,1d6+4,10.0,A
2627,33,18,5,4,1d12+4,1d6+4,36,15,8,5,1d8+4,1d8+4,5.0,B
2628,30,14,5,3,1d8+4,1d8+4,47,14,6,3,1d8+4,1d8+4,7.0,B
2629,45,15,5,4,1d8+4,1d6+4,33,15,6,3,1d12+4,1d8+4,6.0,A
2630,39,17,8,5,1d12+4,1d8+4,45,15,6,3,1d10+4,1d8+4,10.0,A
2631,32,15,6,4,1d8+4,1d8+4,45,17,8,5,1d10+4,1d6+4,9.0,B
2632,33,14,7,4,1d8+4,1d8+4,42,15,7,4,1d12+4,1d6+4,1.0,B
2633,50,14,5,4,1d12+4,1d6+4,46,18,6,3,1d8+4,1d8+4,6.0,A
2634,49,15,6,4,1d8+4,1d6+4,49,16,6,5,1d12+4,1d6+4,2.0,B
2635,40,16,6,5,1d8+4,1d8+4,35,14,7,5,1d8+4,1d8+4,6.0,A
2636,32,17,5,4,1d10+4,1d6+4,41,18,5,5,1d8+4,1d8+4,2.0,B
2637,39,14,8,4,1d10+4,1d8+4,37,14,5,3,1d12+4,1d6+4,1.0,A
2638,34,17,6,4,1d8+4,1d6+4,43,18,7,4,1d12+4,1d6+4,1.0,B
2639,30,15,6,5,1d12+4,1d6+4,36,16,7,4,1d12+4,1d6+4,6.0,A
2640,34,14,6,5,1d8+4,1d8+4,40,17,7,3,1d12+4,1d6+4,3.0,B
2641,39,14,8,3,1d8+4,1d6+4,43,16,6,4,1d12+4,1d8+4,9.0,B
2642,31,17,8,3,1d10+4,1d8+4,38,18,8,5,1d12+4,1d6+4,8.0,A
2643,39,18,7,4,1d12+4,1d6+4,46,16,6,4,1d10+4,1d8+4,5.0,B
2644,48,18,5,5,1d10+4,1d6+4,50,15,6,5,1d10+4,1d8+4,4.0,A
2645,42,18,5,4,1d12+4,1d8+4,35,14,5,4,1d10+4,1d6+4,8.0,A
2646,38,17,6,4,1d12+4,1d6+4,49,17,5,4,1d10+4,1d6+4,0.0,B
2647,34,16,8,4,1d12+4,1d8+4,48,14,5,4,1d10+4,1d6+4,2.0,A
2648,32,14,8,4,1d10+4,1d8+4,45,16,8,4,1d10+4,1d6+4,6.0,B
2649,36,18,8,5,1d10+4,1d8+4,41,15,5,5,1d8+4,1d6+4,0.0,B
2650,36,18,5,4,1d10+4,1d8+4,47,18,6,5,1d12+4,1d6+4,9.0,B
2651,41,15,6,5,1d10+4,1d6+4,48,17,5,4,1d8+4,1d6+4,2.0,B
2652,48,18,6,5,1d10+4,1d6+4,37,15,6,3,1d10+4,1d8+4,1.0,A
2653,35,15,5,4,1d8+4,1d8+4,31,18,6,5,1d10+4,1d6+4,4.0,B
2654,48,16,6,5,1d10+4,1d6+4,45,16,7,4,1d10+4,1d6+4,7.0,A
2655,30,18,8,4,1d12+4,1d6+4,49,17,7,4,1d10+4,1d8+4,2.0,A
2656,34,18,8,3,1d12+4,1d8+4,43,18,7,3,1d10+4,1d8+4,10.0,A
2657,48,15,6,3,1d12+4,1d8+4,46,17,6,4,1d12+4,1d8+4,4.0,A
2658,41,17,8,5,1d10+4,1d6+4,41,15,5,5,1d10+4,1d8+4,8.0,A
2659,36,16,5,3,1d10+4,1d6+4,30,17,6,5,1d10+4,1d6+4,1.0,A
2660,49,18,7,4,1d12+4,1d8+4,33,16,6,3,1d8+4,1d6+4,1.0,A
2661,36,15,5,5,1d10+4,1d8+4,32,14,6,4,1d8+4,1d6+4,1.0,A
2662,33,16,7,5,1d10+4,1d6+4,42,16,8,4,1d12+4,1d6+4,5.0,B
2663,34,16,8,4,1d12+4,1d6+4,38,16,8,3,1d8+4,1d6+4,10.0,A
2664,47,18,8,4,1d10+4,1d6+4,47,17,8,5,1d10+4,1d8+4,6.0,B
2665,35,14,8,4,1d12+4,1d8+4,35,17,6,5,1d10+4,1d8+4,2.0,B
2666,44,16,8,4,1d10+4,1d6+4,31,18,7,3,1d8+4,1d6+4,2.0,A
2667,47,17,8,5,1d12+4,1d6+4,42,16,8,3,1d10+4,1d8+4,4.0,A
2668,32,18,5,3,1d8+4,1d6+4,35,18,6,5,1d8+4,1d6+4,10.0,A
2669,49,18,5,5,1d10+4,1d6+4,41,14,5,5,1d8+4,1d6+4,0.0,B
2670,46,17,6,3,1d12+4,1d6+4,33,16,5,3,1d12+4,1d8+4,6.0,B
2671,37,17,6,5,1d12+4,1d8+4,43,16,5,5,1d8+4,1d8+4,1.0,B
2672,48,16,6,3,1d12+4,1d8+4,35,15,5,5,1d12+4,1d8+4,0.0,A
2673,32,15,6,3,1d8+4,1d6+4,42,14,5,5,1d12+4,1d8+4,4.0,B
2674,48,17,7,3,1d8+4,1d6+4,34,16,7,5,1d8+4,1d6+4,4.0,B
2675,50,15,6,5,1d8+4,1d8+4,44,16,5,5,1d12+4,1d8+4,2.0,A
2676,30,18,5,3,1d10+4,1d8+4,44,15,7,5,1d8+4,1d6+4,6.0,A
2677,39,14,5,4,1d10+4,1d6+4,33,16,7,5,1d12+4,1d6+4,9.0,B
2678,48,14,6,5,1d8+4,1d8+4,47,16,8,4,1d12+4,1d6+4,10.0,B
2679,32,16,8,5,1d10+4,1d6+4,50,14,5,4,1d8+4,1d8+4,4.0,B
2680,43,18,7,3,1d8+4,1d6+4,32,17,7,5,1d8+4,1d8+4,0.0,A
2681,37,18,6,3,1d8+4,1d8+4,30,16,8,3,1d10+4,1d6+4,0.0,B
2682,50,16,5,4,1d10+4,1d8+4,43,14,7,4,1d10+4,1d6+4,8.0,B
2683,35,17,7,3,1d12+4,1d8+4,38,18,7,5,1d12+4,1d6+4,0.0,A
2684,32,18,6,3,1d10+4,1d8+4,50,14,5,5,1d12+4,1d8+4,3.0,B
2685,50,18,6,3,1d8+4,1d8+4,42,14,7,5,1d10+4,1d6+4,5.0,B
2686,32,18,8,5,1d10+4,1d6+4,47,16,5,4,1d12+4,1d8+4,8.0,A
2687,40,14,5,3,1d8+4,1d8+4,36,17,7,5,1d10+4,1d6+4,3.0,A
2688,41,15,5,5,1d12+4,1d6+4,30,14,5,5,1d12+4,1d6+4,0.0,A
2689,44,14,5,3,1d10+4,1d8+4,45,17,5,5,1d10+4,1d8+4,2.0,B
2690,36,18,6,5,1d12+4,1d8+4,39,17,8,4,1d10+4,1d8+4,5.0,A
2691,33,15,7,3,1d12+4,1d8+4,49,14,6,3,1d10+4,1d8+4,10.0,B
2692,42,14,6,3,1d10+4,1d6+4,37,18,6,5,1d8+4,1d8+4,3.0,B
2693,39,18,5,3,1d10+4,1d6+4,48,16,7,4,1d8+4,1d6+4,3.0,A
2694,33,15,6,3,1d10+4,1d6+4,44,16,6,4,1d8+4,1d8+4,6.0,B
2695,44,15,6,3,1d10+4,1d8+4,34,15,8,5,1d8+4,1d6+4,4.0,B
2696,41,16,5,5,1d12+4,1d8+4,42,16,5,5,1d10+4,1d8+4,7.0,B
2697,50,15,6,3,1d10+4,1d6+4,33,17,7,3,1d12+4,1d6+4,9.0,A
2698,50,18,7,3,1d8+4,1d8+4,46,18,7,3,1d10+4,1d8+4,10.0,B
2699,36,15,8,5,1d8+4,1d6+4,47,18,5,4,1d12+4,1d8+4,10.0,B
2700,33,17,7,5,1d12+4,1d8+4,50,14,6,3,1d8+4,1d6+4,4.0,B
2701,34,16,5,5,1d8+4,1d6+4,33,16,8,3,1d10+4,1d6+4,1.0,A
2702,42,16,6,3,1d12+4,1d6+4,46,18,6,5,1d10+4,1d6+4,7.0,A
2703,35,18,7,3,1d10+4,1d8+4,46,16,8,5,1d10+4,1d8+4,8.0,A
2704,39,14,8,3,1d12+4,1d6+4,37,18,7,4,1d10+4,1d6+4,4.0,B
2705,38,18,7,3,1d10+4,1d6+4,36,14,6,3,1d8+4,1d6+4,10.0,A
2706,35,18,6,4,1d8+4,1d8+4,48,17,6,3,1d8+4,1d8+4,3.0,A
2707,45,16,6,3,1d8+4,1d8+4,37,15,8,3,1d8+4,1d6+4,4.0,A
2708,35,18,8,5,1d10+4,1d8+4,41,14,8,5,1d8+4,1d6+4,7.0,A
2709,43,18,6,3,1d8+4,1d6+4,49,16,8,3,1d8+4,1d8+4,0.0,A
2710,46,18,7,3,1d10+4,1d8+4,30,18,7,5,1d12+4,1d6+4,7.0,A
2711,35,17,7,3,1d10+4,1d8+4,37,15,5,4,1d12+4,1d6+4,5.0,A
2712,41,16,6,4,1d12+4,1d6+4,35,18,5,3,1d10+4,1d6+4,7.0,A
2713,47,16,8,5,1d12+4,1d8+4,48,16,5,3,1d12+4,1d6+4,10.0,A
2714,35,15,8,5,1d12+4,1d6+4,36,17,8,3,1d8+4,1d8+4,3.0,A
2715,32,15,6,3,1d10+4,1d8+4,38,15,5,3,1d10+4,1d8+4,2.0,A
2716,31,18,5,3,1d12+4,1d8+4,30,16,8,4,1d12+4,1d8+4,7.0,A
2717,39,16,6,5,1d8+4,1d6+4,49,15,5,3,1d12+4,1d6+4,4.0,B
2718,48,14,5,3,1d12+4,1d8+4,46,15,8,4,1d10+4,1d6+4,0.0,A
2719,35,18,8,5,1d10+4,1d6+4,30,18,7,3,1d12+4,1d6+4,1.0,B
2720,49,16,5,3,1d10+4,1d6+4,44,17,5,4,1d8+4,1d6+4,3.0,A
2721,48,18,7,3,1d8+4,1d8+4,38,14,7,4,1d8+4,1d6+4,3.0,A
2722,43,16,6,3,1d8+4,1d8+4,33,18,8,3,1d10+4,1d8+4,4.0,B
2723,36,16,5,4,1d10+4,1d6+4,33,14,6,3,1d10+4,1d6+4,9.0,B
2724,33,14,6,5,1d10+4,1d8+4,50,14,6,5,1d12+4,1d6+4,4.0,B
2725,36,16,7,3,1d12+4,1d8+4,41,16,8,3,1d8+4,1d8+4,6.0,A
2726,30,17,7,4,1d10+4,1d6+4,33,17,7,4,1d12+4,1d6+4,1.0,A
2727,49,17,8,4,1d8+4,1d8+4,46,16,5,5,1d10+4,1d8+4,0.0,B
2728,43,14,8,4,1d12+4,1d8+4,38,17,6,5,1d12+4,1d6+4,0.0,A
2729,40,16,6,3,1d10+4,1d8+4,39,16,5,5,1d10+4,1d6+4,8.0,A
2730,46,14,7,3,1d8+4,1d6+4,41,15,6,3,1d10+4,1d8+4,2.0,A
2731,37,17,6,4,1d12+4,1d8+4,49,14,6,3,1d8+4,1d6+4,10.0,A
2732,32,18,5,5,1d10+4,1d8+4,37,17,8,3,1d8+4,1d8+4,8.0,A
2733,41,14,6,5,1d8+4,1d8+4,40,18,7,4,1d8+4,1d8+4,3.0,A
2734,41,14,8,4,1d10+4,1d8+4,44,14,5,4,1d8+4,1d8+4,5.0,A
2735,31,15,8,4,1d12+4,1d8+4,36,15,8,5,1d10+4,1d6+4,5.0,B
2736,30,18,5,5,1d12+4,1d6+4,30,14,8,5,1d10+4,1d6+4,7.0,A
2737,41,18,5,3,1d10+4,1d8+4,35,16,5,3,1d8+4,1d6+4,9.0,A
2738,35,14,8,5,1d8+4,1d6+4,35,16,7,3,1d8+4,1d8+4,7.0,B
2739,32,14,8,5,1d8+4,1d8+4,44,17,8,4,1d10+4,1d6+4,8.0,A
2740,34,16,6,4,1d12+4,1d6+4,43,14,6,4,1d10+4,1d8+4,5.0,B
2741,43,14,6,5,1d12+4,1d8+4,41,15,8,3,1d12+4,1d8+4,4.0,B
2742,43,16,6,5,1d10+4,1d8+4,33,18,5,5,1d8+4,1d6+4,6.0,A
2743,34,17,5,4,1d10+4,1d6+4,31,14,7,3,1d12+4,1d8+4,4.0,B
2744,42,15,7,3,1d10+4,1d8+4,50,15,6,4,1d10+4,1d6+4,7.0,A
2745,30,17,5,5,1d8+4,1d8+4,45,18,5,3,1d8+4,1d6+4,4.0,B
2746,30,16,8,3,1d10+4,1d6+4,48,18,8,4,1d8+4,1d6+4,9.0,A
2747,42,17,8,5,1d8+4,1d8+4,45,17,5,3,1d10+4,1d6+4,1.0,A
2748,35,15,8,3,1d10+4,1d8+4,39,14,5,4,1d8+4,1d8+4,10.0,A
2749,39,14,8,5,1d12+4,1d8+4,39,16,8,5,1d10+4,1d6+4,4.0,A
2750,30,16,6,5,1d12+4,1d6+4,50,17,6,4,1d12+4,1d6+4,7.0,A
2751,40,15,5,4,1d8+4,1d6+4,39,16,6,3,1d12+4,1d6+4,9.0,B
2752,32,17,7,3,1d12+4,1d8+4,47,17,7,4,1d8+4,1d8+4,1.0,B
2753,48,18,7,3,1d10+4,1d8+4,32,16,8,4,1d10+4,1d6+4,9.0,A
2754,50,18,8,3,1d12+4,1d8+4,31,15,5,5,1d10+4,1d6+4,0.0,B
2755,34,16,6,4,1d8+4,1d8+4,36,14,7,5,1d10+4,1d6+4,3.0,A
2756,47,18,5,4,1d10+4,1d6+4,41,15,6,5,1d12+4,1d6+4,7.0,B
2757,36,16,6,5,1d8+4,1d8+4,45,18,7,5,1d12+4,1d8+4,1.0,B
2758,50,17,5,3,1d8+4,1d6+4,44,18,5,5,1d12+4,1d6+4,8.0,A
2759,34,17,8,5,1d8+4,1d6+4,43,16,8,3,1d12+4,1d6+4,2.0,B
2760,40,14,7,3,1d12+4,1d6+4,31,16,8,4,1d8+4,1d8+4,7.0,A
2761,43,16,7,4,1d12+4,1d8+4,35,18,7,5,1d8+4,1d8+4,5.0,B
2762,30,18,5,3,1d10+4,1d6+4,39,15,7,5,1d10+4,1d6+4,3.0,A
2763,38,16,6,3,1d10+4,1d6+4,30,14,8,5,1d8+4,1d6+4,7.0,B
2764,41,18,5,5,1d12+4,1d8+4,34,14,6,3,1d8+4,1d6+4,0.0,A
2765,32,18,7,4,1d8+4,1d6+4,43,16,5,4,1d8+4,1d8+4,1.0,A
2766,33,15,8,4,1d12+4,1d8+4,41,16,5,5,1d12+4,1d6+4,3.0,B
2767,38,16,6,4,1d10+4,1d6+4,44,17,8,3,1d10+4,1d8+4,8.0,B
2768,35,15,7,4,1d12+4,1d6+4,48,14,5,5,1d8+4,1d8+4,10.0,A
2769,39,16,8,4,1d12+4,1d8+4,50,18,6,4,1d12+4,1d8+4,9.0,A
2770,32,14,8,5,1d10+4,1d6+4,41,14,6,5,1d10+4,1d8+4,4.0,B
2771,47,18,7,3,1d10+4,1d8+4,33,16,6,5,1d10+4,1d6+4,4.0,A
2772,30,17,6,4,1d10+4,1d6+4,46,14,7,5,1d12+4,1d6+4,7.0,B
2773,45,17,5,5,1d10+4,1d6+4,42,18,6,3,1d8+4,1d6+4,6.0,B
2774,45,17,8,4,1d8+4,1d8+4,30,16,8,5,1d10+4,1d6+4,1.0,B
2775,42,18,6,3,1d8+4,1d6+4,32,14,7,5,1d10+4,1d8+4,2.0,B
2776,32,17,8,3,1d10+4,1d8+4,32,15,8,4,1d12+4,1d6+4,5.0,A
2777,42,14,6,5,1d12+4,1d6+4,34,18,7,5,1d12+4,1d8+4,4.0,A
2778,34,15,8,3,1d12+4,1d8+4,50,15,5,4,1d10+4,1d8+4,4.0,B
2779,42,15,8,3,1d8+4,1d8+4,37,18,5,4,1d12+4,1d6+4,9.0,A
2780,49,15,6,5,1d10+4,1d6+4,50,14,6,4,1d12+4,1d6+4,8.0,A
2781,40,16,7,5,1d8+4,1d8+4,35,17,7,5,1d8+4,1d6+4,0.0,B
2782,34,15,5,4,1d12+4,1d6+4,50,16,5,5,1d8+4,1d6+4,5.0,A
2783,49,17,7,3,1d10+4,1d8+4,50,18,5,3,1d10+4,1d8+4,1.0,A
2784,31,17,5,5,1d12+4,1d6+4,42,18,7,4,1d12+4,1d6+4,8.0,B
2785,43,16,6,5,1d12+4,1d8+4,42,16,6,4,1d12+4,1d6+4,6.0,B
2786,49,14,8,3,1d8+4,1d8+4,41,14,6,5,1d8+4,1d8+4,0.0,A
2787,46,17,8,5,1d12+4,1d6+4,43,17,8,5,1d12+4,1d8+4,2.0,B
2788,38,15,5,5,1d10+4,1d8+4,40,15,6,5,1d10+4,1d6+4,5.0,A
2789,39,18,6,4,1d8+4,1d8+4,44,17,8,5,1d8+4,1d8+4,3.0,A
2790,45,16,6,3,1d12+4,1d8+4,30,18,5,4,1d10+4,1d8+4,3.0,A
2791,32,14,8,3,1d10+4,1d8+4,34,14,6,4,1d10+4,1d8+4,5.0,A
2792,44,16,7,4,1d12+4,1d6+4,39,17,5,3,1d12+4,1d6+4,6.0,A
2793,43,14,6,4,1d8+4,1d6+4,33,16,7,4,1d8+4,1d8+4,10.0,A
2794,45,15,7,3,1d12+4,1d6+4,49,16,5,3,1d8+4,1d8+4,10.0,A
2795,48,14,5,5,1d8+4,1d6+4,43,17,6,5,1d10+4,1d6+4,2.0,A
2796,37,16,6,5,1d10+4,1d6+4,31,14,8,5,1d10+4,1d8+4,2.0,B
2797,41,15,6,3,1d10+4,1d6+4,45,17,8,3,1d12+4,1d6+4,0.0,A
2798,34,18,7,4,1d8+4,1d6+4,39,15,8,4,1d10+4,1d8+4,4.0,B
2799,38,17,8,5,1d12+4,1d8+4,45,15,5,5,1d12+4,1d8+4,7.0,B
2800,32,17,7,3,1d12+4,1d8+4,41,14,6,5,1d12+4,1d6+4,4.0,B
2801,47,18,8,4,1d10+4,1d6+4,34,17,6,3,1d8+4,1d8+4,6.0,A
2802,42,14,5,4,1d12+4,1d6+4,31,17,5,4,1d10+4,1d8+4,8.0,A
2803,46,18,8,3,1d8+4,1d8+4,36,18,5,4,1d8+4,1d6+4,6.0,A
2804,50,14,5,3,1d12+4,1d8+4,43,14,5,3,1d8+4,1d8+4,0.0,A
2805,39,18,6,4,1d8+4,1d6+4,36,16,7,4,1d12+4,1d6+4,8.0,A
2806,41,17,8,4,1d8+4,1d8+4,50,16,5,3,1d12+4,1d6+4,10.0,B
2807,32,15,8,5,1d10+4,1d8+4,47,15,6,3,1d10+4,1d6+4,10.0,A
2808,35,15,8,3,1d10+4,1d8+4,47,17,6,3,1d10+4,1d8+4,9.0,B
2809,46,15,8,5,1d12+4,1d8+4,45,14,6,4,1d8+4,1d6+4,3.0,A
2810,48,17,5,4,1d12+4,1d6+4,44,15,8,5,1d10+4,1d6+4,6.0,A
2811,34,18,6,3,1d10+4,1d6+4,31,17,6,5,1d8+4,1d8+4,4.0,A
2812,36,15,7,5,1d12+4,1d8+4,31,15,7,5,1d8+4,1d6+4,10.0,B
2813,43,16,8,3,1d12+4,1d6+4,35,15,6,5,1d8+4,1d6+4,4.0,A
2814,48,14,7,5,1d8+4,1d6+4,46,15,5,5,1d12+4,1d6+4,4.0,A
2815,31,17,7,4,1d12+4,1d6+4,39,18,5,5,1d12+4,1d6+4,0.0,B
2816,42,17,5,4,1d12+4,1d8+4,32,16,8,3,1d12+4,1d6+4,5.0,A
2817,48,18,6,4,1d12+4,1d6+4,41,18,8,5,1d12+4,1d6+4,7.0,B
2818,47,17,6,5,1d12+4,1d6+4,38,17,8,5,1d8+4,1d8+4,1.0,B
2819,44,15,7,5,1d12+4,1d6+4,41,18,8,3,1d10+4,1d6+4,7.0,B
2820,49,18,8,4,1d12+4,1d8+4,36,18,5,3,1d12+4,1d8+4,5.0,A
2821,48,14,8,5,1d10+4,1d8+4,47,17,6,5,1d8+4,1d8+4,7.0,A
2822,32,16,6,3,1d10+4,1d8+4,50,16,6,4,1d12+4,1d8+4,3.0,B
2823,48,15,7,4,1d8+4,1d6+4,35,14,6,4,1d8+4,1d6+4,0.0,A
2824,42,17,6,5,1d12+4,1d8+4,44,14,8,3,1d10+4,1d6+4,1.0,A
2825,48,18,7,3,1d10+4,1d6+4,35,17,5,3,1d8+4,1d6+4,10.0,A
2826,38,18,5,3,1d12+4,1d8+4,34,15,5,5,1d10+4,1d8+4,8.0,A
2827,37,14,6,5,1d8+4,1d8+4,36,16,8,3,1d8+4,1d8+4,9.0,B
2828,50,15,6,5,1d10+4,1d8+4,40,18,7,3,1d12+4,1d8+4,10.0,B
2829,34,16,6,4,1d12+4,1d6+4,46,14,8,4,1d8+4,1d6+4,10.0,A
2830,41,15,5,5,1d8+4,1d8+4,36,14,6,3,1d8+4,1d8+4,1.0,A
2831,43,18,8,4,1d12+4,1d8+4,50,14,6,4,1d10+4,1d6+4,7.0,B
2832,49,18,7,3,1d12+4,1d6+4,31,17,5,4,1d10+4,1d6+4,4.0,A
2833,48,16,5,4,1d12+4,1d8+4,39,17,5,3,1d10+4,1d6+4,1.0,B
2834,41,14,5,4,1d12+4,1d8+4,30,17,5,4,1d8+4,1d8+4,4.0,A
2835,40,17,6,4,1d10+4,1d6+4,41,18,5,4,1d12+4,1d6+4,5.0,A
2836,38,17,5,5,1d12+4,1d8+4,32,16,6,3,1d12+4,1d8+4,1.0,A
2837,34,16,8,4,1d10+4,1d6+4,36,18,7,3,1d10+4,1d6+4,1.0,B
2838,41,18,8,4,1d10+4,1d8+4,37,14,5,4,1d12+4,1d8+4,8.0,A
2839,36,16,7,3,1d8+4,1d6+4,30,16,5,5,1d12+4,1d6+4,5.0,A
2840,35,15,6,5,1d10+4,1d6+4,44,17,7,5,1d10+4,1d8+4,5.0,B
2841,32,17,5,5,1d8+4,1d6+4,41,18,5,5,1d12+4,1d6+4,1.0,B
2842,47,14,8,5,1d10+4,1d8+4,49,14,6,4,1d8+4,1d8+4,2.0,A
2843,47,16,5,4,1d12+4,1d6+4,41,14,5,4,1d10+4,1d8+4,10.0,B
2844,44,15,8,5,1d12+4,1d8+4,35,17,8,4,1d10+4,1d8+4,2.0,A
2845,34,18,8,5,1d10+4,1d8+4,39,16,6,3,1d10+4,1d8+4,2.0,A
2846,42,16,5,5,1d12+4,1d6+4,31,14,8,5,1d8+4,1d6+4,7.0,A
2847,49,17,5,4,1d10+4,1d6+4,38,15,6,5,1d10+4,1d8+4,5.0,A
2848,35,18,6,4,1d12+4,1d8+4,39,14,5,4,1d10+4,1d8+4,0.0,A
2849,35,16,7,4,1d10+4,1d8+4,30,18,6,5,1d12+4,1d6+4,5.0,B
2850,48,15,8,3,1d12+4,1d6+4,36,15,7,3,1d10+4,1d6+4,4.0,A
2851,44,17,5,4,1d8+4,1d8+4,40,16,8,3,1d12+4,1d8+4,10.0,B
2852,33,18,7,3,1d10+4,1d8+4,47,17,6,4,1d12+4,1d6+4,2.0,A
2853,49,16,6,5,1d10+4,1d8+4,37,16,5,4,1d8+4,1d6+4,5.0,A
2854,30,14,5,3,1d12+4,1d6+4,38,16,6,4,1d8+4,1d8+4,3.0,A
2855,35,16,5,3,1d12+4,1d6+4,45,14,8,3,1d12+4,1d8+4,8.0,A
2856,33,16,8,5,1d10+4,1d6+4,37,15,5,3,1d8+4,1d8+4,0.0,B
2857,49,16,8,5,1d12+4,1d8+4,34,18,7,4,1d8+4,1d8+4,9.0,B
2858,32,14,6,4,1d10+4,1d6+4,37,15,8,5,1d8+4,1d6+4,1.0,B
2859,38,15,5,5,1d8+4,1d6+4,34,15,5,3,1d12+4,1d6+4,10.0,A
2860,50,18,8,3,1d12+4,1d8+4,34,17,7,3,1d10+4,1d8+4,4.0,A
2861,47,15,7,4,1d8+4,1d6+4,36,14,6,5,1d8+4,1d6+4,10.0,A
2862,34,16,6,5,1d12+4,1d8+4,46,15,5,3,1d8+4,1d8+4,6.0,A
2863,46,15,6,3,1d10+4,1d8+4,30,17,5,3,1d12+4,1d6+4,9.0,A
2864,49,16,6,5,1d8+4,1d8+4,32,18,5,5,1d8+4,1d6+4,1.0,A
2865,47,18,7,3,1d8+4,1d6+4,47,16,8,5,1d8+4,1d6+4,1.0,A
2866,44,17,8,3,1d10+4,1d6+4,32,17,7,4,1d8+4,1d6+4,1.0,A
2867,48,17,5,4,1d8+4,1d6+4,39,16,8,4,1d12+4,1d8+4,6.0,A
2868,47,17,6,5,1d12+4,1d6+4,36,16,7,5,1d10+4,1d6+4,6.0,B
2869,36,17,8,3,1d10+4,1d8+4,39,17,5,5,1d12+4,1d6+4,5.0,B
2870,49,17,8,4,1d12+4,1d8+4,47,16,5,4,1d8+4,1d6+4,4.0,A
2871,46,14,5,3,1d8+4,1d6+4,35,17,5,3,1d12+4,1d6+4,2.0,A
2872,47,14,5,3,1d12+4,1d8+4,43,18,8,3,1d12+4,1d6+4,3.0,B
2873,45,18,7,3,1d10+4,1d6+4,39,15,5,3,1d12+4,1d8+4,2.0,A
2874,36,16,7,5,1d8+4,1d8+4,44,17,7,3,1d12+4,1d8+4,4.0,B
2875,30,14,8,5,1d8+4,1d8+4,35,15,5,5,1d10+4,1d8+4,0.0,A
2876,33,17,7,4,1d12+4,1d6+4,31,17,7,5,1d12+4,1d8+4,8.0,B
2877,40,15,6,5,1d10+4,1d8+4,33,14,5,5,1d8+4,1d6+4,10.0,A
2878,43,18,8,4,1d10+4,1d6+4,42,18,7,4,1d8+4,1d8+4,2.0,A
2879,34,17,5,3,1d10+4,1d8+4,34,16,5,3,1d8+4,1d6+4,0.0,A
2880,44,16,8,3,1d8+4,1d8+4,30,16,5,5,1d12+4,1d6+4,5.0,A
2881,37,17,7,3,1d8+4,1d8+4,43,14,7,5,1d12+4,1d6+4,6.0,B
2882,46,15,8,5,1d12+4,1d8+4,35,16,5,3,1d12+4,1d8+4,5.0,A
2883,31,15,8,3,1d8+4,1d6+4,31,14,8,4,1d8+4,1d6+4,1.0,B
2884,37,17,5,5,1d10+4,1d6+4,38,18,7,5,1d8+4,1d8+4,2.0,A
2885,44,18,6,4,1d12+4,1d6+4,39,16,7,5,1d8+4,1d6+4,2.0,A
2886,47,18,7,4,1d10+4,1d6+4,42,16,8,4,1d10+4,1d8+4,2.0,A
2887,50,14,8,4,1d8+4,1d8+4,45,15,6,3,1d12+4,1d6+4,6.0,B
2888,42,18,8,3,1d10+4,1d6+4,44,14,5,5,1d10+4,1d6+4,7.0,A
2889,40,15,7,5,1d8+4,1d8+4,31,17,6,3,1d12+4,1d8+4,5.0,A
2890,50,16,8,4,1d12+4,1d6+4,45,18,6,5,1d12+4,1d6+4,7.0,A
2891,47,15,6,5,1d8+4,1d6+4,32,16,7,4,1d12+4,1d6+4,3.0,B
2892,42,17,5,5,1d8+4,1d6+4,41,14,8,3,1d8+4,1d6+4,5.0,B
2893,50,16,7,4,1d8+4,1d6+4,31,15,7,3,1d12+4,1d6+4,2.0,A
2894,42,16,8,4,1d12+4,1d6+4,33,18,6,4,1d10+4,1d6+4,2.0,A
2895,30,17,8,3,1d12+4,1d6+4,50,16,7,3,1d10+4,1d6+4,8.0,A
2896,39,14,8,5,1d12+4,1d8+4,38,15,7,4,1d8+4,1d8+4,0.0,A
2897,45,15,8,4,1d10+4,1d8+4,31,14,6,5,1d12+4,1d6+4,6.0,A
2898,44,16,7,4,1d12+4,1d8+4,47,14,6,4,1d10+4,1d6+4,10.0,B
2899,42,18,8,3,1d8+4,1d6+4,34,18,6,5,1d12+4,1d8+4,7.0,A
2900,44,18,7,3,1d10+4,1d8+4,37,14,7,3,1d10+4,1d6+4,10.0,A
2901,38,14,7,4,1d12+4,1d8+4,34,14,8,4,1d10+4,1d8+4,10.0,B
2902,40,17,5,5,1d10+4,1d6+4,46,17,5,5,1d10+4,1d8+4,1.0,A
2903,35,15,7,4,1d8+4,1d8+4,34,18,8,3,1d8+4,1d8+4,4.0,B
2904,31,15,8,4,1d12+4,1d6+4,32,14,7,5,1d8+4,1d8+4,8.0,A
2905,39,16,7,3,1d12+4,1d8+4,48,16,5,4,1d10+4,1d8+4,10.0,A
2906,49,16,5,3,1d12+4,1d6+4,45,15,7,3,1d12+4,1d6+4,10.0,A
2907,30,17,7,4,1d12+4,1d8+4,43,15,5,5,1d10+4,1d6+4,8.0,A
2908,40,16,5,4,1d12+4,1d6+4,50,15,5,5,1d12+4,1d6+4,0.0,B
2909,36,16,7,4,1d8+4,1d8+4,35,14,5,3,1d10+4,1d8+4,1.0,B
2910,46,16,7,5,1d12+4,1d6+4,41,16,5,4,1d12+4,1d6+4,10.0,A
2911,46,18,5,4,1d8+4,1d6+4,35,15,8,5,1d8+4,1d6+4,7.0,A
2912,47,14,7,3,1d10+4,1d6+4,31,16,6,3,1d10+4,1d6+4,8.0,A
2913,38,15,7,4,1d12+4,1d8+4,45,14,5,5,1d10+4,1d8+4,6.0,B
2914,40,18,6,3,1d10+4,1d6+4,50,18,8,3,1d12+4,1d8+4,2.0,B
2915,33,14,8,5,1d8+4,1d6+4,50,16,6,4,1d12+4,1d6+4,4.0,B
2916,41,18,8,3,1d8+4,1d6+4,45,18,7,5,1d12+4,1d6+4,10.0,B
2917,41,14,7,4,1d12+4,1d6+4,34,14,5,4,1d12+4,1d6+4,1.0,A
2918,36,16,7,3,1d8+4,1d6+4,46,15,7,5,1d12+4,1d8+4,9.0,B
2919,46,14,8,3,1d10+4,1d6+4,30,16,7,5,1d8+4,1d8+4,7.0,A
2920,40,17,8,3,1d8+4,1d8+4,45,14,8,5,1d8+4,1d8+4,3.0,A
2921,38,18,6,5,1d12+4,1d6+4,44,17,8,5,1d8+4,1d6+4,3.0,A
2922,34,16,8,3,1d8+4,1d8+4,42,17,7,3,1d8+4,1d8+4,7.0,B
2923,43,15,5,5,1d12+4,1d8+4,36,14,5,4,1d12+4,1d8+4,6.0,A
2924,32,16,6,4,1d12+4,1d8+4,37,15,8,3,1d10+4,1d8+4,4.0,B
2925,31,14,8,3,1d10+4,1d6+4,37,14,5,5,1d8+4,1d8+4,1.0,A
2926,31,16,5,4,1d8+4,1d8+4,34,16,8,3,1d8+4,1d8+4,6.0,B
2927,41,16,7,4,1d10+4,1d6+4,45,17,6,4,1d12+4,1d6+4,9.0,A
2928,46,14,8,4,1d12+4,1d8+4,31,18,8,4,1d12+4,1d6+4,7.0,A
2929,43,14,6,4,1d12+4,1d6+4,43,17,8,5,1d10+4,1d8+4,2.0,B
2930,40,16,5,5,1d12+4,1d6+4,45,15,6,4,1d8+4,1d6+4,1.0,A
2931,38,16,7,5,1d10+4,1d6+4,34,18,6,4,1d8+4,1d8+4,10.0,B
2932,37,14,5,5,1d10+4,1d8+4,45,14,7,3,1d12+4,1d8+4,6.0,A
2933,37,16,6,3,1d10+4,1d6+4,42,14,6,4,1d10+4,1d8+4,3.0,A
2934,37,14,5,3,1d8+4,1d6+4,46,17,6,4,1d12+4,1d6+4,2.0,A
2935,38,14,8,4,1d10+4,1d6+4,30,16,5,4,1d8+4,1d8+4,4.0,B
2936,50,14,7,3,1d10+4,1d8+4,32,17,8,4,1d8+4,1d8+4,10.0,A
2937,35,14,8,3,1d12+4,1d6+4,50,18,6,3,1d8+4,1d6+4,10.0,A
2938,44,16,5,4,1d10+4,1d6+4,36,18,8,5,1d8+4,1d8+4,0.0,B
2939,32,14,7,4,1d10+4,1d8+4,43,15,6,3,1d8+4,1d8+4,2.0,B
2940,50,18,7,4,1d8+4,1d8+4,50,16,8,3,1d8+4,1d8+4,6.0,A
2941,32,14,6,5,1d8+4,1d6+4,40,17,8,5,1d8+4,1d8+4,0.0,B
2942,46,16,6,5,1d8+4,1d6+4,33,16,8,3,1d8+4,1d6+4,5.0,B
2943,34,18,5,4,1d12+4,1d6+4,46,16,8,3,1d10+4,1d8+4,2.0,B
2944,47,14,5,5,1d12+4,1d8+4,44,14,5,4,1d12+4,1d6+4,2.0,B
2945,44,15,7,3,1d8+4,1d6+4,48,17,5,3,1d12+4,1d8+4,0.0,A
2946,32,14,8,4,1d10+4,1d6+4,38,15,5,5,1d12+4,1d6+4,3.0,B
2947,49,15,6,3,1d10+4,1d6+4,30,17,8,5,1d8+4,1d8+4,8.0,A
2948,43,14,6,5,1d12+4,1d8+4,50,15,8,5,1d8+4,1d6+4,6.0,B
2949,44,14,8,3,1d8+4,1d8+4,41,15,6,3,1d12+4,1d6+4,5.0,B
2950,39,15,7,5,1d10+4,1d8+4,44,16,6,4,1d12+4,1d8+4,7.0,B
2951,39,18,6,3,1d8+4,1d6+4,30,15,6,3,1d8+4,1d8+4,4.0,A
2952,36,15,6,3,1d8+4,1d8+4,40,18,6,5,1d12+4,1d6+4,3.0,B
2953,49,14,8,5,1d10+4,1d6+4,48,18,5,5,1d10+4,1d8+4,8.0,B
2954,50,17,8,4,1d12+4,1d8+4,42,14,6,3,1d8+4,1d6+4,4.0,A
2955,43,15,8,4,1d10+4,1d6+4,43,16,7,4,1d8+4,1d8+4,1.0,A
2956,39,15,6,3,1d10+4,1d6+4,50,17,7,5,1d12+4,1d6+4,10.0,B
2957,36,15,6,5,1d12+4,1d6+4,38,15,6,3,1d10+4,1d8+4,6.0,A
2958,44,17,5,4,1d12+4,1d8+4,44,16,6,3,1d12+4,1d6+4,10.0,A
2959,42,16,8,3,1d8+4,1d8+4,43,18,6,4,1d10+4,1d8+4,3.0,B
2960,30,15,5,5,1d12+4,1d8+4,30,15,6,3,1d8+4,1d8+4,7.0,A
2961,45,17,6,3,1d12+4,1d8+4,49,17,5,3,1d12+4,1d6+4,5.0,B
2962,30,15,6,3,1d12+4,1d8+4,45,16,7,3,1d10+4,1d6+4,6.0,A
2963,32,17,8,5,1d12+4,1d6+4,44,15,8,4,1d8+4,1d8+4,0.0,A
2964,49,16,8,3,1d8+4,1d6+4,39,17,8,5,1d8+4,1d6+4,1.0,A
2965,33,17,8,5,1d8+4,1d6+4,36,14,5,4,1d10+4,1d6+4,3.0,A
2966,31,15,6,5,1d12+4,1d6+4,49,17,7,5,1d12+4,1d8+4,3.0,B
2967,46,14,5,5,1d10+4,1d8+4,43,17,7,4,1d8+4,1d6+4,10.0,A
2968,43,17,7,3,1d12+4,1d8+4,41,14,8,5,1d10+4,1d6+4,1.0,B
2969,31,14,5,4,1d8+4,1d6+4,35,14,6,4,1d12+4,1d6+4,5.0,A
2970,46,18,6,3,1d10+4,1d6+4,43,15,8,5,1d12+4,1d8+4,2.0,B
2971,30,16,5,3,1d8+4,1d8+4,35,17,6,4,1d10+4,1d6+4,7.0,A
2972,50,17,7,4,1d8+4,1d6+4,43,15,6,3,1d12+4,1d8+4,10.0,A
2973,31,14,7,5,1d8+4,1d6+4,50,14,7,3,1d12+4,1d6+4,6.0,B
2974,47,17,8,3,1d8+4,1d8+4,41,16,7,5,1d12+4,1d6+4,4.0,A
2975,39,14,6,5,1d8+4,1d6+4,34,18,8,5,1d8+4,1d6+4,6.0,A
2976,32,17,6,3,1d10+4,1d6+4,38,15,5,5,1d8+4,1d6+4,9.0,B
2977,31,18,5,5,1d10+4,1d6+4,32,15,7,5,1d12+4,1d8+4,9.0,A
2978,46,16,5,5,1d10+4,1d6+4,45,17,7,3,1d12+4,1d6+4,1.0,A
2979,41,18,6,4,1d10+4,1d6+4,42,18,7,3,1d8+4,1d6+4,1.0,A
2980,33,18,5,5,1d12+4,1d6+4,46,16,7,4,1d12+4,1d6+4,6.0,A
2981,41,17,7,5,1d8+4,1d6+4,35,16,8,3,1d12+4,1d8+4,1.0,B
2982,35,17,7,4,1d10+4,1d8+4,49,16,7,3,1d12+4,1d6+4,0.0,B
2983,46,15,5,3,1d12+4,1d8+4,39,18,6,5,1d12+4,1d6+4,3.0,B
2984,50,18,6,3,1d12+4,1d6+4,47,16,8,3,1d8+4,1d8+4,5.0,A
2985,37,17,6,3,1d12+4,1d6+4,36,15,5,5,1d12+4,1d6+4,0.0,A
2986,49,17,5,3,1d10+4,1d8+4,45,15,5,4,1d12+4,1d8+4,4.0,B
2987,40,14,7,4,1d12+4,1d8+4,50,15,5,5,1d12+4,1d8+4,6.0,B
2988,37,14,5,4,1d10+4,1d8+4,43,15,8,3,1d12+4,1d6+4,1.0,A
2989,47,15,7,5,1d12+4,1d6+4,48,16,5,5,1d10+4,1d8+4,0.0,B
2990,43,15,8,3,1d8+4,1d8+4,31,16,7,5,1d10+4,1d6+4,1.0,A
2991,38,14,8,5,1d12+4,1d6+4,30,17,8,4,1d8+4,1d8+4,5.0,A
2992,32,14,7,4,1d12+4,1d6+4,44,16,8,5,1d10+4,1d8+4,10.0,A
2993,35,15,6,3,1d10+4,1d6+4,31,15,6,3,1d10+4,1d8+4,4.0,A
2994,35,14,6,3,1d10+4,1d6+4,42,18,7,5,1d10+4,1d8+4,9.0,A
2995,42,17,6,4,1d10+4,1d8+4,42,17,8,3,1d12+4,1d8+4,10.0,B
2996,33,16,8,4,1d10+4,1d8+4,39,18,6,3,1d12+4,1d6+4,6.0,A
2997,50,17,5,5,1d10+4,1d6+4,50,16,8,4,1d8+4,1d6+4,3.0,A
2998,34,17,6,3,1d10+4,1d6+4,43,16,7,3,1d8+4,1d8+4,8.0,A
2999,40,14,8,3,1d10+4,1d6+4,37,17,7,4,1d12+4,1d6+4,10.0,A
3000,34,15,7,3,1d10+4,1d6+4,31,16,6,3,1d10+4,1d6+4,7.0,A
3001,43,16,8,3,1d12+4,1d8+4,38,14,5,5,1d12+4,1d8+4,7.0,A
3002,31,17,5,4,1d10+4,1d6+4,43,15,8,4,1d12+4,1d8+4,6.0,B
3003,30,15,8,5,1d12+4,1d6+4,44,14,5,4,1d12+4,1d8+4,3.0,A
3004,37,14,5,4,1d8+4,1d8+4,36,18,8,3,1d10+4,1d6+4,6.0,B
3005,35,16,6,5,1d12+4,1d6+4,41,15,5,3,1d12+4,1d6+4,9.0,B
3006,43,17,8,5,1d8+4,1d6+4,37,15,5,4,1d12+4,1d8+4,10.0,A
3007,34,18,7,5,1d8+4,1d6+4,36,16,8,4,1d12+4,1d8+4,6.0,B
3008,39,17,6,4,1d8+4,1d6+4,31,17,8,3,1d8+4,1d8+4,3.0,A
3009,49,17,5,4,1d12+4,1d8+4,39,14,7,3,1d8+4,1d8+4,5.0,A
3010,40,18,8,5,1d12+4,1d6+4,35,16,8,3,1d12+4,1d8+4,9.0,B
3011,35,18,7,4,1d8+4,1d8+4,42,17,5,3,1d8+4,1d6+4,1.0,A
3012,30,18,7,3,1d12+4,1d8+4,38,17,5,5,1d8+4,1d8+4,7.0,A
3013,35,18,6,3,1d8+4,1d6+4,31,14,7,3,1d10+4,1d8+4,7.0,A
3014,34,18,5,3,1d8+4,1d6+4,35,16,7,5,1d10+4,1d6+4,6.0,B
3015,50,16,5,5,1d12+4,1d6+4,49,16,5,3,1d12+4,1d8+4,0.0,A
3016,35,14,6,3,1d12+4,1d6+4,32,16,7,3,1d10+4,1d6+4,6.0,B
3017,42,16,8,5,1d10+4,1d8+4,49,17,7,5,1d10+4,1d8+4,7.0,A
3018,33,16,5,5,1d12+4,1d6+4,45,16,7,3,1d10+4,1d6+4,10.0,A
3019,33,15,5,3,1d12+4,1d8+4,39,18,8,3,1d8+4,1d6+4,3.0,A
3020,48,18,7,4,1d10+4,1d6+4,43,15,8,3,1d10+4,1d6+4,0.0,A
3021,49,14,5,3,1d8+4,1d6+4,48,15,5,5,1d12+4,1d8+4,0.0,B
3022,33,17,8,3,1d12+4,1d6+4,41,18,6,4,1d8+4,1d6+4,6.0,B
3023,43,15,5,4,1d12+4,1d6+4,49,18,5,4,1d12+4,1d6+4,10.0,B
3024,48,14,5,5,1d10+4,1d8+4,43,18,7,3,1d8+4,1d8+4,0.0,A
3025,45,17,8,5,1d12+4,1d6+4,30,17,8,4,1d12+4,1d6+4,9.0,A
3026,44,15,5,5,1d10+4,1d6+4,46,14,7,4,1d10+4,1d6+4,3.0,A
3027,49,18,6,5,1d10+4,1d8+4,41,15,6,4,1d8+4,1d8+4,5.0,A
3028,37,18,7,3,1d12+4,1d6+4,38,18,5,3,1d10+4,1d8+4,8.0,A
3029,34,18,7,3,1d12+4,1d6+4,41,16,7,4,1d10+4,1d6+4,1.0,A
3030,32,16,5,5,1d8+4,1d6+4,45,15,8,3,1d8+4,1d8+4,2.0,B
3031,37,14,6,3,1d12+4,1d8+4,34,15,7,3,1d8+4,1d6+4,3.0,A
3032,31,15,6,5,1d12+4,1d8+4,44,14,7,5,1d8+4,1d6+4,0.0,A
3033,39,18,5,5,1d10+4,1d6+4,44,14,7,5,1d10+4,1d8+4,10.0,B
3034,36,15,5,4,1d10+4,1d8+4,48,16,8,3,1d8+4,1d8+4,10.0,B
3035,39,16,6,3,1d12+4,1d8+4,35,18,6,4,1d12+4,1d6+4,6.0,B
3036,30,14,6,5,1d10+4,1d6+4,41,16,5,3,1d12+4,1d8+4,6.0,A
3037,35,16,8,5,1d12+4,1d6+4,33,14,5,3,1d10+4,1d8+4,4.0,B
3038,46,17,5,5,1d8+4,1d6+4,46,18,6,5,1d8+4,1d8+4,3.0,B
3039,34,18,5,5,1d10+4,1d6+4,47,14,6,4,1d12+4,1d6+4,9.0,A
3040,46,17,5,5,1d8+4,1d6+4,45,16,7,5,1d8+4,1d8+4,9.0,A
3041,46,16,8,3,1d10+4,1d8+4,34,15,7,5,1d10+4,1d6+4,7.0,A
3042,30,18,5,4,1d12+4,1d8+4,31,17,7,3,1d12+4,1d8+4,6.0,A
3043,34,14,6,5,1d8+4,1d8+4,50,17,7,5,1d8+4,1d6+4,10.0,B
3044,42,17,5,4,1d12+4,1d8+4,34,14,7,4,1d10+4,1d8+4,7.0,A
3045,47,17,7,5,1d10+4,1d8+4,39,15,5,3,1d10+4,1d8+4,9.0,A
3046,35,18,5,4,1d8+4,1d6+4,50,18,6,5,1d12+4,1d6+4,8.0,B
3047,35,17,7,5,1d8+4,1d8+4,31,18,5,5,1d12+4,1d6+4,6.0,A
3048,39,17,5,5,1d12+4,1d8+4,33,14,5,3,1d10+4,1d6+4,0.0,A
3049,39,17,8,5,1d10+4,1d6+4,33,15,6,3,1d8+4,1d8+4,2.0,A
3050,45,17,7,3,1d8+4,1d8+4,44,16,7,5,1d12+4,1d8+4,3.0,B
3051,34,16,6,5,1d12+4,1d8+4,38,14,5,5,1d12+4,1d8+4,3.0,B
3052,43,15,7,3,1d8+4,1d8+4,38,16,6,5,1d10+4,1d8+4,2.0,A
3053,49,14,8,4,1d8+4,1d6+4,39,16,5,4,1d10+4,1d6+4,2.0,A
3054,46,15,7,5,1d12+4,1d6+4,32,16,6,3,1d8+4,1d6+4,3.0,B
3055,31,14,5,4,1d10+4,1d8+4,41,14,5,4,1d10+4,1d8+4,10.0,A
3056,38,17,8,5,1d12+4,1d8+4,34,14,5,3,1d8+4,1d8+4,4.0,A
3057,47,18,7,4,1d12+4,1d8+4,34,15,7,3,1d12+4,1d6+4,2.0,A
3058,30,16,5,5,1d12+4,1d8+4,41,15,5,3,1d8+4,1d6+4,9.0,B
3059,32,14,5,5,1d10+4,1d6+4,41,17,6,4,1d8+4,1d8+4,10.0,B
3060,32,14,8,4,1d8+4,1d8+4,39,18,6,5,1d12+4,1d6+4,7.0,B
3061,32,14,6,5,1d12+4,1d8+4,50,18,7,5,1d10+4,1d8+4,9.0,B
3062,38,17,8,4,1d12+4,1d8+4,35,16,7,3,1d8+4,1d6+4,3.0,A
3063,34,16,6,5,1d10+4,1d6+4,30,15,5,5,1d10+4,1d8+4,7.0,B
3064,41,16,6,5,1d10+4,1d8+4,44,18,5,5,1d8+4,1d8+4,10.0,B
3065,47,18,5,3,1d8+4,1d8+4,36,18,8,5,1d8+4,1d6+4,2.0,A
3066,37,17,6,4,1d12+4,1d6+4,36,18,8,3,1d12+4,1d6+4,5.0,B
3067,31,17,7,3,1d10+4,1d6+4,42,15,5,5,1d8+4,1d8+4,3.0,A
3068,36,18,5,5,1d10+4,1d8+4,32,16,8,4,1d8+4,1d6+4,9.0,B
3069,36,15,8,4,1d12+4,1d8+4,50,15,7,4,1d8+4,1d8+4,6.0,A
3070,42,15,7,4,1d10+4,1d8+4,50,16,5,3,1d8+4,1d8+4,3.0,B
3071,46,14,5,4,1d8+4,1d8+4,43,15,5,5,1d12+4,1d8+4,6.0,A
3072,44,15,6,4,1d8+4,1d8+4,38,17,6,5,1d8+4,1d6+4,6.0,A
3073,32,18,8,4,1d10+4,1d6+4,44,17,8,3,1d8+4,1d6+4,10.0,B
3074,38,17,5,3,1d12+4,1d8+4,42,16,7,3,1d12+4,1d6+4,9.0,B
3075,42,17,5,4,1d12+4,1d8+4,35,17,6,5,1d12+4,1d6+4,2.0,A
3076,48,15,6,3,1d12+4,1d6+4,37,18,6,5,1d10+4,1d8+4,9.0,B
3077,30,16,7,5,1d12+4,1d8+4,39,14,8,5,1d10+4,1d8+4,9.0,A
3078,41,18,7,3,1d12+4,1d6+4,38,17,5,5,1d10+4,1d8+4,1.0,A
3079,34,15,6,3,1d12+4,1d8+4,41,14,8,3,1d8+4,1d6+4,3.0,A
3080,45,18,7,5,1d12+4,1d6+4,32,17,7,3,1d8+4,1d6+4,1.0,A
3081,39,18,6,4,1d10+4,1d8+4,43,17,8,5,1d10+4,1d6+4,9.0,B
3082,43,15,6,5,1d12+4,1d8+4,42,17,8,5,1d12+4,1d8+4,2.0,A
3083,39,16,7,3,1d12+4,1d6+4,42,14,6,4,1d12+4,1d6+4,6.0,A
3084,45,15,7,4,1d10+4,1d6+4,36,14,8,4,1d8+4,1d8+4,2.0,A
3085,37,16,7,3,1d8+4,1d8+4,32,15,6,4,1d8+4,1d6+4,7.0,B
3086,45,15,6,4,1d12+4,1d8+4,39,17,6,4,1d10+4,1d8+4,10.0,A
3087,33,18,5,5,1d12+4,1d6+4,41,18,8,3,1d12+4,1d6+4,0.0,B
3088,43,18,5,5,1d8+4,1d8+4,48,18,6,5,1d8+4,1d6+4,10.0,A
3089,48,18,7,4,1d8+4,1d6+4,38,16,6,5,1d12+4,1d8+4,10.0,B
3090,39,17,6,3,1d8+4,1d8+4,30,14,6,3,1d10+4,1d6+4,10.0,A
3091,33,15,5,5,1d12+4,1d6+4,41,15,8,3,1d10+4,1d8+4,6.0,B
3092,44,17,6,3,1d12+4,1d6+4,49,16,5,4,1d8+4,1d6+4,4.0,B
3093,31,15,8,5,1d12+4,1d6+4,44,17,5,5,1d12+4,1d8+4,9.0,A
3094,39,17,5,5,1d10+4,1d8+4,47,17,7,5,1d8+4,1d6+4,5.0,A
3095,43,15,7,3,1d8+4,1d8+4,30,18,7,5,1d12+4,1d8+4,4.0,A
3096,42,17,8,3,1d10+4,1d8+4,44,15,8,3,1d12+4,1d8+4,10.0,B
3097,37,14,6,3,1d10+4,1d8+4,48,17,5,3,1d8+4,1d6+4,1.0,A
3098,30,15,7,3,1d12+4,1d8+4,31,14,5,4,1d10+4,1d6+4,7.0,A
3099,48,16,7,5,1d8+4,1d8+4,40,18,7,5,1d10+4,1d8+4,5.0,B
3100,35,15,5,3,1d10+4,1d6+4,32,14,5,4,1d10+4,1d6+4,2.0,B
3101,47,18,6,3,1d8+4,1d8+4,50,15,8,4,1d10+4,1d8+4,5.0,A
3102,43,18,6,3,1d12+4,1d8+4,34,18,8,5,1d12+4,1d8+4,4.0,B
3103,50,14,7,5,1d8+4,1d8+4,45,18,5,3,1d8+4,1d8+4,1.0,B
3104,43,14,8,4,1d8+4,1d6+4,31,14,8,5,1d12+4,1d6+4,3.0,B
3105,39,18,8,5,1d10+4,1d8+4,31,16,8,3,1d10+4,1d6+4,4.0,A
3106,31,15,6,4,1d10+4,1d6+4,40,16,5,3,1d8+4,1d8+4,6.0,A
3107,48,16,5,3,1d10+4,1d8+4,48,18,8,4,1d8+4,1d8+4,4.0,B
3108,48,16,7,5,1d10+4,1d8+4,44,15,7,3,1d8+4,1d8+4,4.0,A
3109,35,18,5,4,1d8+4,1d8+4,35,17,8,5,1d10+4,1d6+4,0.0,B
3110,42,17,8,3,1d8+4,1d8+4,32,15,7,3,1d10+4,1d6+4,8.0,A
3111,37,16,7,5,1d10+4,1d6+4,40,15,5,3,1d12+4,1d6+4,4.0,B
3112,34,16,6,5,1d8+4,1d6+4,46,17,8,3,1d12+4,1d6+4,2.0,A
3113,44,16,6,5,1d10+4,1d8+4,36,14,6,4,1d10+4,1d8+4,8.0,A
3114,33,15,6,4,1d8+4,1d6+4,39,17,7,3,1d8+4,1d8+4,5.0,B
3115,37,16,7,4,1d10+4,1d8+4,34,18,7,5,1d8+4,1d8+4,2.0,B
3116,49,16,8,5,1d10+4,1d8+4,42,17,8,5,1d8+4,1d6+4,8.0,B
3117,33,15,7,5,1d8+4,1d8+4,44,15,7,5,1d12+4,1d6+4,2.0,B
3118,33,18,8,5,1d10+4,1d6+4,43,17,5,4,1d8+4,1d6+4,9.0,B
3119,30,16,6,5,1d12+4,1d6+4,33,16,8,3,1d8+4,1d8+4,2.0,B
3120,34,18,8,4,1d12+4,1d8+4,40,17,5,5,1d8+4,1d6+4,4.0,B
3121,49,18,5,5,1d12+4,1d8+4,32,14,6,3,1d8+4,1d6+4,2.0,A
3122,43,18,5,4,1d10+4,1d6+4,42,15,8,3,1d10+4,1d8+4,8.0,A
3123,34,14,8,3,1d8+4,1d6+4,45,16,6,3,1d8+4,1d8+4,5.0,A
3124,31,16,6,4,1d12+4,1d6+4,32,15,7,5,1d8+4,1d6+4,7.0,A
3125,33,14,6,4,1d10+4,1d6+4,43,15,8,3,1d10+4,1d8+4,7.0,B
3126,50,16,8,5,1d10+4,1d6+4,46,15,8,3,1d12+4,1d6+4,8.0,A
3127,44,18,7,3,1d8+4,1d6+4,47,18,5,3,1d10+4,1d6+4,9.0,B
3128,38,14,7,4,1d12+4,1d6+4,42,18,8,4,1d12+4,1d6+4,2.0,A
3129,36,18,7,4,1d8+4,1d6+4,35,18,8,3,1d12+4,1d8+4,10.0,B
3130,37,16,8,3,1d12+4,1d8+4,42,14,7,3,1d10+4,1d8+4,7.0,B
3131,34,18,6,4,1d10+4,1d6+4,48,14,5,4,1d10+4,1d6+4,10.0,A
3132,42,15,6,5,1d8+4,1d6+4,50,18,5,3,1d8+4,1d8+4,3.0,A
3133,48,14,5,3,1d8+4,1d8+4,43,15,8,4,1d10+4,1d8+4,2.0,B
3134,45,16,5,3,1d12+4,1d8+4,49,15,5,4,1d10+4,1d8+4,3.0,B
3135,46,14,6,5,1d12+4,1d6+4,50,18,8,3,1d8+4,1d6+4,10.0,A
3136,49,14,5,5,1d8+4,1d8+4,33,17,8,5,1d12+4,1d8+4,3.0,A
3137,37,16,5,4,1d12+4,1d8+4,38,14,5,3,1d10+4,1d6+4,9.0,A
3138,32,17,8,3,1d12+4,1d6+4,34,16,6,4,1d10+4,1d8+4,10.0,A
3139,47,17,6,5,1d10+4,1d6+4,33,18,7,4,1d10+4,1d6+4,8.0,B
3140,33,17,7,3,1d12+4,1d8+4,39,14,8,5,1d12+4,1d8+4,1.0,A
3141,45,17,6,5,1d10+4,1d6+4,31,15,8,5,1d12+4,1d6+4,0.0,A
3142,38,18,5,5,1d10+4,1d8+4,36,17,6,4,1d8+4,1d8+4,0.0,A
3143,42,15,5,3,1d10+4,1d6+4,34,15,6,5,1d10+4,1d6+4,10.0,A
3144,37,15,8,5,1d12+4,1d6+4,34,15,7,3,1d10+4,1d8+4,9.0,A
3145,46,14,7,3,1d10+4,1d8+4,44,17,7,4,1d8+4,1d8+4,9.0,B
3146,41,14,8,5,1d12+4,1d8+4,42,18,5,3,1d12+4,1d6+4,4.0,A
3147,48,17,7,4,1d8+4,1d6+4,50,15,6,4,1d10+4,1d6+4,0.0,A
3148,47,18,7,5,1d12+4,1d8+4,50,18,7,4,1d12+4,1d8+4,5.0,B
3149,39,14,5,5,1d8+4,1d8+4,37,15,6,4,1d10+4,1d8+4,8.0,B
3150,42,15,6,3,1d8+4,1d6+4,42,15,5,4,1d8+4,1d6+4,0.0,A
3151,38,15,7,4,1d10+4,1d8+4,45,17,7,5,1d10+4,1d6+4,6.0,B
3152,49,15,6,3,1d8+4,1d8+4,32,14,5,3,1d10+4,1d8+4,8.0,A
3153,48,15,8,3,1d12+4,1d8+4,30,15,6,5,1d12+4,1d8+4,0.0,A
3154,30,14,7,4,1d10+4,1d6+4,31,18,8,4,1d8+4,1d6+4,4.0,B
3155,49,17,7,5,1d10+4,1d6+4,33,16,6,5,1d8+4,1d8+4,5.0,A
3156,30,18,7,5,1d12+4,1d6+4,33,14,8,4,1d12+4,1d6+4,9.0,A
3157,39,15,7,5,1d10+4,1d6+4,30,15,8,4,1d10+4,1d8+4,6.0,A
3158,40,17,7,4,1d8+4,1d6+4,49,15,7,3,1d8+4,1d6+4,3.0,A
3159,42,15,8,4,1d10+4,1d8+4,34,14,6,4,1d8+4,1d8+4,8.0,A
3160,48,18,7,3,1d10+4,1d6+4,40,16,6,3,1d8+4,1d8+4,6.0,A
3161,46,15,6,5,1d12+4,1d6+4,46,18,6,5,1d12+4,1d6+4,9.0,A
3162,32,16,6,4,1d8+4,1d6+4,43,17,5,4,1d12+4,1d6+4,10.0,B
3163,39,17,8,3,1d8+4,1d8+4,36,17,5,4,1d8+4,1d8+4,3.0,A
3164,44,15,8,3,1d10+4,1d8+4,33,16,6,4,1d10+4,1d6+4,8.0,B
3165,41,14,5,4,1d8+4,1d6+4,43,14,5,5,1d12+4,1d8+4,9.0,B
3166,34,15,5,3,1d12+4,1d8+4,47,15,7,3,1d8+4,1d8+4,5.0,A
3167,30,17,8,4,1d10+4,1d6+4,38,17,7,4,1d10+4,1d8+4,0.0,B
3168,38,14,8,3,1d10+4,1d6+4,31,18,5,4,1d12+4,1d8+4,3.0,A
3169,42,16,7,3,1d10+4,1d6+4,32,15,5,5,1d8+4,1d8+4,0.0,A
3170,47,15,7,4,1d10+4,1d6+4,39,18,8,3,1d10+4,1d8+4,1.0,B
3171,38,16,5,4,1d12+4,1d6+4,44,15,5,5,1d10+4,1d6+4,9.0,B
3172,46,15,8,4,1d8+4,1d6+4,33,17,7,5,1d8+4,1d6+4,2.0,A
3173,50,18,8,5,1d12+4,1d6+4,38,18,7,4,1d10+4,1d8+4,9.0,A
3174,45,18,7,3,1d8+4,1d8+4,49,17,8,3,1d8+4,1d6+4,6.0,A
3175,45,15,5,4,1d12+4,1d6+4,41,18,5,4,1d8+4,1d8+4,9.0,B
3176,42,15,8,3,1d8+4,1d8+4,44,15,8,5,1d12+4,1d8+4,7.0,B
3177,40,15,8,3,1d12+4,1d8+4,49,16,7,5,1d12+4,1d8+4,3.0,A
3178,46,18,8,4,1d10+4,1d6+4,32,18,6,3,1d12+4,1d6+4,3.0,A
3179,44,15,8,4,1d12+4,1d6+4,34,14,7,4,1d10+4,1d6+4,9.0,A
3180,40,16,6,4,1d8+4,1d8+4,49,14,8,3,1d8+4,1d8+4,7.0,B
3181,40,16,8,3,1d8+4,1d8+4,36,16,7,5,1d8+4,1d6+4,9.0,B
3182,50,17,6,5,1d12+4,1d6+4,40,14,6,3,1d10+4,1d8+4,2.0,A
3183,46,15,8,3,1d8+4,1d8+4,37,16,7,4,1d10+4,1d8+4,3.0,A
3184,40,17,8,4,1d10+4,1d8+4,40,15,7,4,1d10+4,1d8+4,1.0,B
3185,40,15,8,4,1d10+4,1d6+4,48,17,8,4,1d12+4,1d6+4,2.0,B
3186,46,18,6,3,1d8+4,1d6+4,48,17,7,4,1d10+4,1d8+4,2.0,A
3187,46,17,5,5,1d12+4,1d6+4,42,15,7,3,1d12+4,1d6+4,4.0,B
3188,32,18,5,4,1d8+4,1d8+4,44,14,5,3,1d10+4,1d6+4,8.0,A
3189,31,17,5,5,1d12+4,1d8+4,48,16,5,4,1d10+4,1d8+4,1.0,A
3190,47,15,7,3,1d12+4,1d6+4,36,16,5,5,1d10+4,1d8+4,8.0,A
3191,32,16,8,4,1d10+4,1d6+4,33,14,7,5,1d12+4,1d6+4,0.0,A
3192,31,15,8,4,1d10+4,1d8+4,47,14,7,4,1d12+4,1d6+4,10.0,B
3193,33,17,8,3,1d10+4,1d8+4,36,16,6,3,1d8+4,1d6+4,7.0,A
3194,49,16,8,3,1d12+4,1d6+4,50,17,6,3,1d8+4,1d8+4,5.0,B
3195,43,15,8,3,1d8+4,1d8+4,37,14,6,4,1d10+4,1d6+4,10.0,B
3196,35,16,6,4,1d10+4,1d8+4,40,18,7,3,1d10+4,1d6+4,3.0,B
3197,39,16,7,4,1d12+4,1d6+4,33,17,8,5,1d8+4,1d6+4,1.0,A
3198,47,15,5,4,1d8+4,1d6+4,44,15,6,5,1d10+4,1d8+4,9.0,A
3199,43,16,7,5,1d8+4,1d8+4,40,14,6,3,1d8+4,1d6+4,0.0,A
3200,37,18,8,4,1d12+4,1d8+4,37,15,5,4,1d12+4,1d6+4,4.0,A
3201,32,18,6,4,1d12+4,1d8+4,39,17,8,4,1d10+4,1d8+4,0.0,B
3202,43,15,6,4,1d12+4,1d8+4,36,15,8,3,1d10+4,1d6+4,4.0,A
3203,36,18,6,4,1d8+4,1d6+4,33,15,6,4,1d10+4,1d8+4,8.0,A
3204,50,16,8,4,1d12+4,1d6+4,40,17,7,3,1d10+4,1d8+4,2.0,A
3205,35,16,7,3,1d10+4,1d8+4,30,15,5,3,1d12+4,1d8+4,1.0,A
3206,30,15,6,3,1d10+4,1d6+4,47,18,8,3,1d8+4,1d8+4,6.0,B
3207,33,16,7,3,1d8+4,1d6+4,40,14,7,4,1d8+4,1d8+4,9.0,B
3208,34,18,5,3,1d12+4,1d8+4,35,18,8,5,1d12+4,1d8+4,0.0,B
3209,35,17,6,5,1d10+4,1d6+4,38,17,8,5,1d10+4,1d6+4,3.0,B
3210,43,15,8,4,1d12+4,1d6+4,40,15,5,3,1d10+4,1d8+4,3.0,A
3211,45,14,8,5,1d12+4,1d8+4,39,15,7,5,1d10+4,1d6+4,2.0,A
3212,46,17,6,4,1d10+4,1d8+4,30,18,5,3,1d10+4,1d6+4,10.0,A
3213,31,18,6,3,1d10+4,1d6+4,42,15,8,4,1d8+4,1d6+4,2.0,B
3214,30,14,7,5,1d12+4,1d8+4,47,17,8,3,1d12+4,1d8+4,4.0,B
3215,32,18,6,4,1d10+4,1d6+4,40,18,6,4,1d10+4,1d6+4,10.0,B
3216,50,15,6,4,1d10+4,1d6+4,39,16,7,4,1d10+4,1d8+4,1.0,A
3217,36,18,7,4,1d12+4,1d6+4,34,17,8,3,1d8+4,1d6+4,5.0,B
3218,44,16,8,5,1d12+4,1d8+4,40,17,5,5,1d10+4,1d6+4,8.0,A
3219,43,16,6,3,1d8+4,1d6+4,46,16,7,5,1d8+4,1d8+4,1.0,B
3220,44,14,5,4,1d12+4,1d8+4,31,14,6,3,1d12+4,1d6+4,7.0,A
3221,34,18,5,3,1d12+4,1d8+4,43,14,7,3,1d10+4,1d6+4,4.0,B
3222,50,15,6,3,1d10+4,1d8+4,36,14,8,5,1d12+4,1d6+4,9.0,A
3223,40,17,8,5,1d10+4,1d6+4,40,15,8,3,1d8+4,1d8+4,4.0,B
3224,48,14,7,4,1d10+4,1d6+4,49,17,5,3,1d12+4,1d8+4,1.0,A
3225,50,17,8,4,1d12+4,1d8+4,41,16,8,5,1d12+4,1d6+4,0.0,A
3226,31,15,8,5,1d10+4,1d6+4,42,16,8,4,1d8+4,1d8+4,10.0,A
3227,36,15,8,5,1d8+4,1d8+4,37,15,7,4,1d12+4,1d8+4,2.0,A
3228,47,17,8,4,1d10+4,1d6+4,47,14,6,5,1d8+4,1d8+4,1.0,A
3229,48,18,7,3,1d12+4,1d8+4,48,18,7,5,1d8+4,1d6+4,3.0,B
3230,32,18,5,3,1d8+4,1d6+4,42,16,6,4,1d10+4,1d6+4,6.0,B
3231,35,14,6,3,1d8+4,1d8+4,49,14,5,3,1d8+4,1d6+4,1.0,B
3232,46,16,5,5,1d8+4,1d8+4,47,15,5,4,1d12+4,1d6+4,6.0,A
3233,40,14,7,5,1d12+4,1d8+4,34,18,8,4,1d8+4,1d8+4,6.0,B
3234,38,15,5,5,1d10+4,1d8+4,49,17,6,4,1d12+4,1d6+4,9.0,B
3235,43,17,5,3,1d10+4,1d8+4,37,16,7,3,1d12+4,1d8+4,7.0,A
3236,49,17,7,5,1d8+4,1d8+4,35,15,7,4,1d8+4,1d6+4,4.0,A
3237,34,18,7,5,1d8+4,1d8+4,38,17,7,5,1d12+4,1d6+4,4.0,A
3238,34,16,7,4,1d10+4,1d8+4,34,15,6,3,1d12+4,1d6+4,0.0,B
3239,40,18,5,5,1d10+4,1d6+4,47,18,5,3,1d12+4,1d6+4,2.0,B
3240,39,17,5,5,1d12+4,1d8+4,34,14,6,4,1d12+4,1d6+4,4.0,B
3241,42,14,8,3,1d10+4,1d8+4,40,16,8,3,1d8+4,1d6+4,7.0,B
3242,30,17,6,5,1d8+4,1d8+4,48,14,5,4,1d12+4,1d6+4,6.0,A
3243,49,17,8,3,1d12+4,1d6+4,30,14,6,5,1d12+4,1d6+4,10.0,A
3244,41,15,6,4,1d8+4,1d8+4,43,15,7,5,1d12+4,1d8+4,6.0,B
3245,47,14,8,3,1d12+4,1d8+4,38,16,7,3,1d10+4,1d6+4,2.0,A
3246,36,17,5,3,1d8+4,1d6+4,38,17,5,3,1d8+4,1d8+4,3.0,A
3247,48,14,6,3,1d12+4,1d6+4,49,16,6,3,1d10+4,1d6+4,5.0,A
3248,49,18,6,4,1d10+4,1d6+4,50,16,7,4,1d8+4,1d6+4,0.0,A
3249,46,14,8,5,1d10+4,1d8+4,45,14,5,5,1d10+4,1d8+4,5.0,A
3250,46,16,5,4,1d10+4,1d6+4,35,17,5,4,1d12+4,1d8+4,0.0,A
3251,37,17,7,3,1d8+4,1d6+4,37,16,6,5,1d10+4,1d6+4,10.0,A
3252,33,15,7,4,1d12+4,1d6+4,45,14,7,5,1d8+4,1d6+4,9.0,A
3253,36,16,6,5,1d8+4,1d6+4,37,16,8,4,1d10+4,1d8+4,6.0,A
3254,41,14,5,5,1d10+4,1d6+4,43,16,8,5,1d8+4,1d8+4,7.0,A
3255,37,15,6,4,1d12+4,1d8+4,31,18,7,4,1d12+4,1d8+4,5.0,A
3256,44,15,8,5,1d10+4,1d8+4,31,17,6,5,1d10+4,1d6+4,6.0,A
3257,45,15,6,4,1d10+4,1d8+4,37,16,5,3,1d12+4,1d6+4,3.0,B
3258,44,14,6,5,1d12+4,1d8+4,40,17,6,4,1d8+4,1d6+4,1.0,A
3259,50,15,8,5,1d10+4,1d8+4,32,15,7,3,1d12+4,1d6+4,0.0,A
3260,47,15,5,3,1d10+4,1d6+4,48,14,7,3,1d8+4,1d6+4,5.0,A
3261,42,18,8,5,1d12+4,1d8+4,41,15,5,5,1d10+4,1d6+4,1.0,A
3262,46,14,5,5,1d12+4,1d8+4,44,14,8,5,1d8+4,1d6+4,3.0,A
3263,47,15,6,4,1d8+4,1d8+4,41,18,8,4,1d8+4,1d6+4,6.0,B
3264,38,15,8,3,1d10+4,1d8+4,41,18,7,4,1d10+4,1d6+4,8.0,A
3265,36,14,6,4,1d8+4,1d8+4,50,18,6,3,1d8+4,1d8+4,3.0,A
3266,38,16,7,3,1d8+4,1d6+4,39,16,8,4,1d8+4,1d8+4,5.0,A
3267,35,16,6,3,1d8+4,1d6+4,47,16,7,3,1d10+4,1d8+4,4.0,B
3268,35,17,6,5,1d12+4,1d8+4,45,18,5,3,1d8+4,1d8+4,5.0,A
3269,46,14,6,5,1d10+4,1d8+4,48,14,6,5,1d12+4,1d6+4,2.0,A
3270,38,15,5,5,1d10+4,1d6+4,32,14,7,4,1d8+4,1d8+4,1.0,A
3271,44,15,6,3,1d12+4,1d6+4,33,18,8,5,1d8+4,1d8+4,2.0,A
3272,37,14,7,3,1d10+4,1d8+4,36,16,6,3,1d10+4,1d8+4,0.0,A
3273,30,14,7,4,1d12+4,1d8+4,30,14,8,5,1d8+4,1d6+4,7.0,B
3274,47,15,8,4,1d10+4,1d6+4,36,14,8,5,1d12+4,1d8+4,5.0,B
3275,42,14,8,3,1d8+4,1d8+4,41,14,7,3,1d12+4,1d6+4,8.0,A
3276,48,18,7,4,1d8+4,1d8+4,41,17,8,5,1d10+4,1d8+4,6.0,B
3277,39,17,8,4,1d10+4,1d6+4,36,14,6,4,1d8+4,1d8+4,0.0,A
3278,35,14,5,4,1d8+4,1d6+4,44,16,6,4,1d12+4,1d6+4,7.0,B
3279,45,15,5,3,1d8+4,1d6+4,49,18,8,5,1d12+4,1d6+4,5.0,B
3280,40,16,7,4,1d12+4,1d6+4,32,14,8,4,1d8+4,1d6+4,8.0,A
3281,49,16,8,3,1d10+4,1d6+4,33,16,8,4,1d8+4,1d6+4,2.0,A
3282,44,16,6,4,1d12+4,1d8+4,41,15,5,5,1d8+4,1d8+4,9.0,A
3283,44,16,7,3,1d12+4,1d6+4,44,17,7,3,1d12+4,1d8+4,1.0,A
3284,44,17,8,3,1d8+4,1d6+4,42,14,5,4,1d8+4,1d8+4,7.0,A
3285,36,15,6,4,1d10+4,1d8+4,49,15,8,3,1d8+4,1d6+4,2.0,B
3286,33,18,5,5,1d8+4,1d6+4,35,16,6,4,1d8+4,1d6+4,1.0,A
3287,38,14,7,3,1d8+4,1d8+4,42,17,5,5,1d10+4,1d8+4,3.0,B
3288,46,14,5,3,1d12+4,1d8+4,47,17,6,4,1d12+4,1d6+4,6.0,B
3289,38,17,6,5,1d8+4,1d8+4,46,15,7,3,1d8+4,1d8+4,5.0,A
3290,35,18,6,4,1d10+4,1d8+4,39,14,5,4,1d10+4,1d6+4,7.0,A
3291,47,16,8,5,1d8+4,1d8+4,39,16,7,3,1d10+4,1d8+4,2.0,A
3292,37,16,8,3,1d8+4,1d6+4,48,18,6,5,1d12+4,1d6+4,2.0,A
3293,46,16,7,4,1d10+4,1d6+4,30,17,7,5,1d10+4,1d8+4,1.0,A
3294,38,18,7,3,1d8+4,1d6+4,30,18,6,4,1d10+4,1d6+4,4.0,A
3295,33,17,6,3,1d10+4,1d8+4,45,15,6,3,1d8+4,1d6+4,4.0,A
3296,32,14,6,4,1d12+4,1d6+4,31,16,8,5,1d12+4,1d8+4,6.0,A
3297,43,15,7,4,1d12+4,1d8+4,34,17,5,3,1d12+4,1d8+4,4.0,B
3298,41,16,7,3,1d8+4,1d6+4,46,16,8,5,1d10+4,1d6+4,5.0,A
3299,50,18,5,5,1d10+4,1d8+4,31,15,6,4,1d8+4,1d6+4,1.0,A
3300,48,16,5,3,1d8+4,1d8+4,40,14,5,3,1d8+4,1d6+4,8.0,B
3301,34,18,6,4,1d10+4,1d6+4,46,17,7,4,1d8+4,1d8+4,10.0,B
3302,45,14,6,3,1d10+4,1d8+4,32,16,8,4,1d12+4,1d6+4,5.0,A
3303,49,15,7,5,1d10+4,1d8+4,49,17,6,3,1d12+4,1d8+4,3.0,A
3304,30,16,8,3,1d12+4,1d8+4,35,16,6,5,1d12+4,1d6+4,5.0,B
3305,38,18,8,4,1d10+4,1d8+4,50,14,7,5,1d12+4,1d6+4,2.0,A
3306,33,18,6,5,1d8+4,1d8+4,33,15,7,5,1d8+4,1d6+4,10.0,B
3307,35,14,5,3,1d8+4,1d6+4,41,17,7,5,1d12+4,1d8+4,2.0,B
3308,38,17,8,4,1d8+4,1d8+4,46,18,6,5,1d8+4,1d6+4,10.0,B
3309,35,14,5,5,1d8+4,1d8+4,47,17,6,5,1d8+4,1d6+4,0.0,B
3310,38,14,8,4,1d10+4,1d6+4,37,18,8,4,1d8+4,1d6+4,10.0,B
3311,42,14,7,4,1d8+4,1d8+4,35,17,6,4,1d12+4,1d8+4,10.0,B
3312,45,14,6,4,1d12+4,1d6+4,34,18,8,4,1d12+4,1d6+4,7.0,A
3313,42,15,5,4,1d10+4,1d6+4,44,15,5,5,1d12+4,1d6+4,8.0,B
3314,33,15,8,5,1d12+4,1d8+4,43,16,5,5,1d12+4,1d8+4,6.0,A
3315,39,16,7,3,1d8+4,1d8+4,37,17,5,3,1d8+4,1d8+4,10.0,A
3316,49,16,6,4,1d8+4,1d6+4,36,17,8,4,1d10+4,1d8+4,7.0,A
3317,33,16,8,4,1d10+4,1d6+4,40,16,8,3,1d8+4,1d8+4,4.0,A
3318,30,15,8,5,1d8+4,1d6+4,39,15,5,3,1d10+4,1d8+4,6.0,A
3319,33,14,8,3,1d10+4,1d8+4,30,15,8,4,1d8+4,1d8+4,9.0,A
3320,34,14,5,4,1d12+4,1d8+4,45,15,5,5,1d8+4,1d8+4,7.0,A
3321,45,17,8,5,1d10+4,1d6+4,50,16,5,3,1d8+4,1d8+4,10.0,A
3322,38,14,8,3,1d10+4,1d8+4,40,17,6,4,1d8+4,1d8+4,4.0,B
3323,30,18,6,4,1d12+4,1d6+4,46,14,8,4,1d10+4,1d6+4,5.0,A
3324,40,16,5,4,1d10+4,1d8+4,43,15,6,4,1d8+4,1d8+4,3.0,A
3325,37,16,6,3,1d8+4,1d6+4,44,16,6,5,1d12+4,1d6+4,7.0,B
3326,43,14,5,3,1d12+4,1d6+4,46,17,5,4,1d10+4,1d8+4,6.0,B
3327,45,18,8,4,1d12+4,1d8+4,44,14,7,4,1d10+4,1d8+4,7.0,A
3328,49,15,6,3,1d8+4,1d6+4,39,18,7,4,1d8+4,1d6+4,7.0,A
3329,46,15,6,3,1d8+4,1d8+4,39,15,5,5,1d8+4,1d8+4,8.0,A
3330,39,16,8,3,1d8+4,1d6+4,42,15,5,5,1d10+4,1d8+4,4.0,A
3331,34,15,6,3,1d8+4,1d8+4,31,18,5,5,1d8+4,1d6+4,2.0,A
3332,45,17,7,5,1d12+4,1d6+4,37,18,5,3,1d10+4,1d8+4,0.0,A
3333,40,17,8,3,1d12+4,1d6+4,37,17,6,5,1d10+4,1d8+4,4.0,A
3334,36,18,5,4,1d12+4,1d6+4,42,17,6,4,1d8+4,1d8+4,6.0,A
3335,47,14,7,5,1d10+4,1d8+4,47,18,6,4,1d10+4,1d8+4,2.0,B
3336,32,14,5,4,1d8+4,1d6+4,32,16,8,3,1d12+4,1d6+4,8.0,B
3337,30,17,7,4,1d12+4,1d8+4,30,14,5,3,1d8+4,1d6+4,2.0,A
3338,45,16,8,4,1d12+4,1d6+4,34,16,7,3,1d10+4,1d6+4,5.0,B
3339,31,15,8,3,1d12+4,1d8+4,45,18,8,3,1d10+4,1d6+4,8.0,B
3340,40,16,5,5,1d12+4,1d6+4,42,16,6,4,1d8+4,1d8+4,7.0,A
3341,37,14,5,5,1d8+4,1d6+4,40,15,5,5,1d12+4,1d8+4,0.0,B
3342,46,16,8,5,1d12+4,1d6+4,35,15,5,5,1d12+4,1d8+4,2.0,A
3343,44,16,8,5,1d8+4,1d6+4,30,14,7,3,1d8+4,1d6+4,5.0,A
3344,42,18,6,5,1d8+4,1d6+4,37,18,6,4,1d10+4,1d8+4,8.0,B
3345,47,16,8,5,1d12+4,1d6+4,30,17,5,4,1d12+4,1d8+4,2.0,A
3346,49,17,8,4,1d8+4,1d8+4,46,14,5,3,1d8+4,1d8+4,8.0,A
3347,49,15,5,3,1d10+4,1d8+4,41,14,8,3,1d8+4,1d6+4,3.0,A
3348,43,14,6,3,1d8+4,1d8+4,44,18,8,5,1d8+4,1d8+4,3.0,B
3349,46,17,8,3,1d8+4,1d8+4,30,14,6,5,1d8+4,1d8+4,8.0,A
3350,39,15,8,4,1d12+4,1d8+4,36,14,8,3,1d12+4,1d6+4,7.0,A
3351,31,18,5,5,1d12+4,1d6+4,44,17,6,4,1d8+4,1d8+4,1.0,B
3352,42,15,8,3,1d8+4,1d8+4,34,16,8,4,1d8+4,1d8+4,0.0,B
3353,41,15,5,3,1d8+4,1d6+4,35,14,6,5,1d10+4,1d6+4,9.0,A
3354,44,15,8,4,1d10+4,1d8+4,39,15,7,3,1d12+4,1d8+4,6.0,B
3355,32,16,5,4,1d12+4,1d8+4,31,18,8,5,1d8+4,1d8+4,7.0,B
3356,48,18,6,4,1d8+4,1d8+4,36,16,7,3,1d12+4,1d6+4,0.0,A
3357,31,18,5,3,1d12+4,1d8+4,33,17,6,3,1d10+4,1d6+4,2.0,A
3358,40,18,7,4,1d12+4,1d6+4,30,18,7,5,1d10+4,1d8+4,9.0,A
3359,49,14,7,4,1d12+4,1d6+4,49,14,7,3,1d8+4,1d6+4,1.0,B
3360,42,15,5,5,1d12+4,1d8+4,48,14,5,5,1d10+4,1d6+4,5.0,A
3361,47,18,8,3,1d12+4,1d8+4,42,17,7,5,1d12+4,1d8+4,8.0,A
3362,30,18,7,4,1d8+4,1d6+4,37,14,7,5,1d12+4,1d8+4,3.0,A
3363,33,17,6,3,1d10+4,1d6+4,50,18,5,5,1d8+4,1d6+4,5.0,B
3364,35,16,8,4,1d8+4,1d8+4,47,14,6,5,1d12+4,1d6+4,7.0,A
3365,41,18,5,5,1d12+4,1d6+4,38,14,7,5,1d10+4,1d8+4,6.0,A
3366,41,17,8,3,1d8+4,1d6+4,34,17,5,5,1d10+4,1d8+4,7.0,A
3367,31,15,5,3,1d10+4,1d6+4,46,14,8,4,1d12+4,1d6+4,10.0,B
3368,36,14,7,5,1d8+4,1d8+4,30,16,8,3,1d10+4,1d8+4,5.0,B
3369,48,16,7,3,1d10+4,1d8+4,50,17,8,3,1d8+4,1d6+4,10.0,B
3370,44,18,5,4,1d12+4,1d6+4,47,16,7,4,1d10+4,1d6+4,1.0,A
3371,42,16,6,3,1d8+4,1d6+4,39,16,7,3,1d12+4,1d6+4,5.0,B
3372,43,15,7,5,1d10+4,1d8+4,31,16,7,5,1d12+4,1d8+4,4.0,A
3373,47,16,5,5,1d8+4,1d8+4,42,16,8,3,1d12+4,1d6+4,4.0,A
3374,35,18,7,4,1d12+4,1d6+4,50,16,8,3,1d12+4,1d6+4,7.0,B
3375,34,16,5,4,1d12+4,1d6+4,30,16,7,4,1d12+4,1d6+4,4.0,A
3376,47,14,6,4,1d10+4,1d6+4,47,17,6,3,1d12+4,1d8+4,7.0,A
3377,40,14,7,4,1d10+4,1d8+4,41,16,6,4,1d12+4,1d8+4,7.0,B
3378,43,16,8,3,1d12+4,1d8+4,46,16,5,4,1d10+4,1d6+4,10.0,A
3379,47,14,6,3,1d12+4,1d6+4,48,18,6,3,1d8+4,1d6+4,8.0,B
3380,50,14,5,4,1d10+4,1d8+4,46,14,5,4,1d8+4,1d8+4,7.0,B
3381,45,14,6,3,1d12+4,1d6+4,37,15,6,4,1d8+4,1d6+4,6.0,A
3382,34,16,8,5,1d10+4,1d6+4,43,17,6,4,1d12+4,1d6+4,4.0,B
3383,31,17,8,3,1d10+4,1d6+4,43,16,8,5,1d10+4,1d6+4,0.0,A
3384,31,18,6,5,1d12+4,1d8+4,46,14,8,4,1d12+4,1d8+4,9.0,A
3385,37,14,8,3,1d10+4,1d6+4,38,15,7,5,1d8+4,1d8+4,10.0,A
3386,43,16,5,3,1d12+4,1d8+4,45,18,7,5,1d8+4,1d6+4,7.0,B
3387,34,18,6,5,1d12+4,1d8+4,34,14,7,5,1d10+4,1d6+4,5.0,A
3388,44,16,6,3,1d12+4,1d6+4,37,14,8,4,1d10+4,1d6+4,9.0,B
3389,39,16,8,4,1d12+4,1d8+4,35,17,8,4,1d12+4,1d8+4,9.0,A
3390,31,15,7,4,1d8+4,1d6+4,41,14,6,5,1d12+4,1d6+4,10.0,B
3391,40,16,5,5,1d8+4,1d8+4,41,17,8,3,1d10+4,1d6+4,6.0,B
3392,45,15,6,5,1d8+4,1d8+4,47,14,7,4,1d10+4,1d8+4,4.0,A
3393,35,16,8,5,1d12+4,1d6+4,39,18,5,3,1d8+4,1d8+4,6.0,A
3394,47,16,5,3,1d10+4,1d6+4,47,18,8,4,1d12+4,1d8+4,10.0,B
3395,31,18,6,3,1d8+4,1d6+4,45,15,6,5,1d8+4,1d6+4,1.0,B
3396,38,14,5,5,1d10+4,1d8+4,43,16,8,5,1d10+4,1d6+4,1.0,A
3397,47,18,6,4,1d8+4,1d6+4,36,15,6,5,1d10+4,1d8+4,5.0,A
3398,47,14,6,4,1d12+4,1d6+4,46,14,5,4,1d8+4,1d6+4,2.0,A
3399,34,17,8,4,1d10+4,1d6+4,46,15,7,5,1d12+4,1d6+4,2.0,B
3400,30,14,8,4,1d12+4,1d6+4,50,14,6,3,1d8+4,1d6+4,5.0,B
3401,42,15,8,5,1d8+4,1d6+4,34,17,7,3,1d10+4,1d6+4,9.0,A
3402,43,14,7,5,1d8+4,1d8+4,47,17,6,4,1d8+4,1d8+4,8.0,A
3403,36,18,6,3,1d10+4,1d8+4,38,18,6,4,1d8+4,1d6+4,4.0,B
3404,42,17,8,4,1d8+4,1d6+4,40,18,8,5,1d10+4,1d8+4,2.0,A
3405,43,17,8,3,1d12+4,1d6+4,39,15,7,3,1d8+4,1d8+4,10.0,A
3406,30,18,6,5,1d12+4,1d8+4,48,15,5,3,1d10+4,1d6+4,4.0,A
3407,31,14,5,3,1d8+4,1d8+4,30,14,5,5,1d8+4,1d8+4,1.0,B
3408,39,16,6,3,1d8+4,1d6+4,49,16,7,4,1d8+4,1d6+4,3.0,B
3409,46,18,6,3,1d12+4,1d8+4,31,15,5,5,1d8+4,1d8+4,7.0,A
3410,50,16,7,4,1d8+4,1d8+4,50,15,6,5,1d8+4,1d6+4,3.0,A
3411,44,15,8,3,1d12+4,1d6+4,47,17,5,4,1d10+4,1d6+4,9.0,A
3412,34,17,7,3,1d12+4,1d6+4,34,14,6,5,1d12+4,1d8+4,3.0,B
3413,39,15,5,3,1d12+4,1d8+4,47,14,5,3,1d12+4,1d6+4,0.0,B
3414,40,15,5,5,1d12+4,1d8+4,45,16,6,4,1d10+4,1d8+4,9.0,A
3415,45,17,5,3,1d10+4,1d8+4,42,14,7,5,1d8+4,1d6+4,3.0,A
3416,41,18,6,3,1d12+4,1d8+4,42,14,7,3,1d8+4,1d6+4,6.0,A
3417,40,16,5,4,1d10+4,1d8+4,30,18,8,3,1d10+4,1d6+4,6.0,A
3418,37,14,5,4,1d10+4,1d6+4,46,14,8,4,1d10+4,1d6+4,6.0,B
3419,43,16,8,4,1d10+4,1d6+4,45,15,5,3,1d10+4,1d6+4,2.0,B
3420,35,16,7,5,1d12+4,1d8+4,39,17,6,5,1d12+4,1d6+4,10.0,B
3421,50,15,5,4,1d12+4,1d6+4,47,14,8,4,1d8+4,1d6+4,3.0,B
3422,47,14,7,5,1d10+4,1d6+4,42,14,7,5,1d12+4,1d6+4,6.0,A
3423,50,15,5,3,1d8+4,1d8+4,34,14,7,4,1d12+4,1d8+4,10.0,B
3424,32,18,6,4,1d8+4,1d6+4,30,14,6,3,1d12+4,1d6+4,4.0,B
3425,48,16,6,5,1d10+4,1d8+4,39,15,8,5,1d10+4,1d6+4,6.0,A
3426,48,17,6,4,1d10+4,1d8+4,37,14,7,4,1d10+4,1d6+4,3.0,A
3427,36,17,5,5,1d12+4,1d8+4,37,14,6,5,1d8+4,1d6+4,2.0,A
3428,49,17,5,5,1d10+4,1d6+4,30,15,8,5,1d12+4,1d8+4,4.0,A
3429,50,15,8,5,1d8+4,1d6+4,37,14,8,3,1d12+4,1d6+4,6.0,A
3430,39,15,7,4,1d12+4,1d8+4,43,16,5,5,1d12+4,1d6+4,5.0,B
3431,39,15,5,5,1d10+4,1d6+4,47,18,8,5,1d12+4,1d8+4,4.0,A
3432,43,18,7,3,1d10+4,1d6+4,31,17,5,3,1d10+4,1d8+4,8.0,A
3433,43,17,5,3,1d12+4,1d8+4,34,14,7,3,1d12+4,1d8+4,8.0,B
3434,42,14,7,5,1d12+4,1d6+4,43,17,6,3,1d8+4,1d6+4,8.0,A
3435,30,17,8,5,1d10+4,1d6+4,42,18,8,3,1d10+4,1d8+4,3.0,B
3436,46,18,8,5,1d10+4,1d6+4,33,17,7,3,1d12+4,1d8+4,2.0,B
3437,42,16,8,4,1d10+4,1d8+4,40,14,5,3,1d10+4,1d6+4,4.0,A
3438,41,18,5,4,1d12+4,1d6+4,34,14,8,5,1d12+4,1d8+4,3.0,A
3439,31,17,8,3,1d10+4,1d8+4,42,16,8,5,1d10+4,1d8+4,6.0,A
3440,43,16,7,4,1d8+4,1d8+4,42,18,7,3,1d12+4,1d6+4,3.0,B
3441,33,14,6,4,1d10+4,1d8+4,36,14,6,5,1d10+4,1d6+4,1.0,B
3442,34,15,8,3,1d8+4,1d8+4,43,18,7,4,1d8+4,1d6+4,9.0,B
3443,37,17,8,4,1d10+4,1d8+4,33,18,7,4,1d10+4,1d8+4,4.0,B
3444,45,17,7,4,1d8+4,1d6+4,49,14,6,3,1d12+4,1d8+4,0.0,B
3445,35,14,5,4,1d8+4,1d6+4,41,18,7,5,1d8+4,1d8+4,7.0,B
3446,34,15,5,4,1d8+4,1d6+4,31,15,8,3,1d10+4,1d6+4,6.0,B
3447,37,14,7,3,1d8+4,1d6+4,32,15,8,5,1d12+4,1d8+4,0.0,B
3448,48,15,8,3,1d12+4,1d8+4,47,14,7,3,1d12+4,1d8+4,10.0,A
3449,34,18,6,5,1d12+4,1d8+4,32,17,5,4,1d10+4,1d8+4,5.0,A
3450,37,16,7,4,1d12+4,1d8+4,49,14,7,4,1d10+4,1d6+4,9.0,B
3451,45,16,6,5,1d10+4,1d6+4,44,18,8,3,1d12+4,1d8+4,6.0,A
3452,50,14,5,4,1d12+4,1d6+4,44,15,8,4,1d12+4,1d8+4,2.0,A
3453,46,15,8,3,1d10+4,1d8+4,45,17,8,3,1d8+4,1d6+4,8.0,B
3454,39,16,7,4,1d8+4,1d8+4,31,14,7,4,1d8+4,1d8+4,4.0,A
3455,45,16,5,4,1d8+4,1d8+4,37,17,5,4,1d8+4,1d8+4,2.0,A
3456,34,16,7,5,1d8+4,1d6+4,49,14,6,5,1d10+4,1d8+4,2.0,B
3457,42,17,8,3,1d12+4,1d8+4,43,15,5,3,1d8+4,1d6+4,8.0,A
3458,34,16,6,5,1d12+4,1d8+4,42,16,5,5,1d10+4,1d8+4,4.0,A
3459,31,14,6,4,1d10+4,1d6+4,33,15,6,3,1d8+4,1d6+4,2.0,B
3460,38,18,6,3,1d10+4,1d6+4,33,16,7,3,1d8+4,1d8+4,5.0,A
3461,39,15,7,3,1d10+4,1d8+4,40,18,7,3,1d12+4,1d6+4,7.0,B
3462,31,18,5,3,1d8+4,1d6+4,49,17,6,5,1d8+4,1d6+4,2.0,B
3463,38,16,5,4,1d8+4,1d8+4,50,15,7,3,1d12+4,1d6+4,0.0,B
3464,38,17,7,4,1d8+4,1d6+4,30,16,7,5,1d8+4,1d6+4,2.0,B
3465,35,18,7,4,1d10+4,1d8+4,41,16,6,5,1d12+4,1d6+4,1.0,B
3466,30,14,5,3,1d8+4,1d6+4,34,17,7,3,1d8+4,1d6+4,9.0,B
3467,36,18,6,4,1d10+4,1d6+4,47,18,5,4,1d10+4,1d6+4,2.0,A
3468,41,18,5,3,1d12+4,1d6+4,31,18,7,5,1d10+4,1d8+4,3.0,A
3469,31,16,5,3,1d8+4,1d8+4,44,18,5,3,1d12+4,1d6+4,7.0,B
3470,42,17,6,5,1d12+4,1d8+4,44,17,5,4,1d12+4,1d8+4,5.0,A
3471,46,16,6,3,1d10+4,1d6+4,46,17,8,4,1d12+4,1d6+4,10.0,A
3472,41,16,6,5,1d10+4,1d8+4,35,18,7,3,1d8+4,1d8+4,7.0,B
3473,46,14,7,4,1d12+4,1d6+4,46,16,5,5,1d8+4,1d6+4,9.0,A
3474,49,18,6,3,1d8+4,1d6+4,47,18,8,3,1d10+4,1d8+4,3.0,B
3475,30,18,5,3,1d8+4,1d6+4,43,16,8,5,1d8+4,1d8+4,10.0,A
3476,37,15,7,4,1d12+4,1d6+4,46,15,5,4,1d12+4,1d6+4,7.0,B
3477,44,18,6,3,1d12+4,1d6+4,37,17,7,5,1d12+4,1d6+4,5.0,A
3478,43,14,6,5,1d8+4,1d8+4,33,16,5,3,1d12+4,1d8+4,4.0,B
3479,39,17,7,5,1d8+4,1d8+4,45,14,7,4,1d12+4,1d6+4,2.0,A
3480,31,17,5,4,1d12+4,1d6+4,50,16,5,3,1d12+4,1d6+4,7.0,B
3481,47,17,8,5,1d12+4,1d8+4,45,14,7,3,1d12+4,1d8+4,9.0,B
3482,33,16,6,4,1d12+4,1d8+4,40,18,6,4,1d12+4,1d6+4,4.0,B
3483,34,16,5,3,1d8+4,1d6+4,35,18,6,4,1d8+4,1d8+4,7.0,B
3484,44,18,7,5,1d10+4,1d8+4,50,17,7,4,1d8+4,1d6+4,8.0,A
3485,49,17,6,4,1d8+4,1d8+4,46,17,7,3,1d10+4,1d6+4,3.0,A
3486,41,15,5,3,1d10+4,1d6+4,43,18,8,4,1d10+4,1d6+4,5.0,A
3487,49,14,8,4,1d8+4,1d6+4,30,14,5,3,1d12+4,1d8+4,4.0,A
3488,40,15,6,5,1d10+4,1d6+4,41,15,7,4,1d8+4,1d8+4,5.0,A
3489,45,15,5,5,1d10+4,1d6+4,42,14,8,5,1d12+4,1d6+4,5.0,B
3490,50,17,6,5,1d12+4,1d8+4,48,18,8,3,1d8+4,1d6+4,3.0,B
3491,30,17,7,3,1d12+4,1d6+4,50,17,7,4,1d10+4,1d6+4,6.0,A
3492,31,18,5,4,1d8+4,1d6+4,49,14,8,5,1d10+4,1d8+4,8.0,B
3493,36,14,8,4,1d8+4,1d8+4,46,17,6,4,1d12+4,1d8+4,3.0,B
3494,50,17,6,5,1d8+4,1d8+4,41,16,6,4,1d10+4,1d8+4,4.0,A
3495,41,16,5,4,1d12+4,1d6+4,49,18,8,5,1d10+4,1d8+4,2.0,B
3496,50,17,8,4,1d8+4,1d6+4,41,15,5,3,1d12+4,1d6+4,0.0,A
3497,42,18,6,5,1d12+4,1d8+4,30,18,8,4,1d12+4,1d6+4,9.0,B
3498,38,16,7,4,1d10+4,1d8+4,32,18,5,4,1d8+4,1d6+4,4.0,B
3499,46,14,5,4,1d12+4,1d8+4,40,14,7,4,1d10+4,1d6+4,9.0,A
3500,46,16,7,4,1d8+4,1d6+4,31,18,7,4,1d10+4,1d8+4,8.0,A
3501,32,18,8,4,1d10+4,1d6+4,37,18,7,3,1d8+4,1d8+4,6.0,A
3502,30,18,8,3,1d12+4,1d8+4,37,18,7,5,1d10+4,1d8+4,4.0,B
3503,46,15,5,3,1d12+4,1d8+4,30,14,5,3,1d10+4,1d6+4,9.0,A
3504,34,15,5,5,1d12+4,1d6+4,42,18,7,5,1d12+4,1d8+4,4.0,B
3505,30,18,7,3,1d8+4,1d8+4,42,15,8,4,1d12+4,1d6+4,3.0,A
3506,49,17,6,3,1d12+4,1d8+4,45,16,6,5,1d10+4,1d8+4,4.0,A
3507,31,14,8,4,1d8+4,1d8+4,50,15,5,5,1d12+4,1d6+4,7.0,B
3508,32,14,7,5,1d8+4,1d6+4,48,16,5,3,1d10+4,1d6+4,3.0,B
3509,31,18,7,3,1d8+4,1d8+4,40,17,5,3,1d12+4,1d6+4,3.0,A
3510,44,14,5,4,1d10+4,1d6+4,35,17,6,3,1d10+4,1d8+4,9.0,A
3511,46,17,8,3,1d12+4,1d8+4,33,16,7,3,1d12+4,1d6+4,8.0,B
3512,32,17,7,5,1d10+4,1d6+4,30,14,6,5,1d8+4,1d6+4,4.0,A
3513,44,15,5,3,1d8+4,1d8+4,33,14,8,3,1d8+4,1d6+4,4.0,A
3514,50,17,5,4,1d12+4,1d8+4,44,16,6,4,1d12+4,1d6+4,9.0,B
3515,46,17,5,3,1d12+4,1d8+4,42,16,8,3,1d12+4,1d8+4,9.0,A
3516,49,15,6,4,1d10+4,1d8+4,40,15,7,3,1d12+4,1d8+4,7.0,A
3517,39,16,7,3,1d10+4,1d6+4,44,17,6,5,1d12+4,1d6+4,7.0,B
3518,40,16,6,3,1d12+4,1d8+4,30,14,5,3,1d10+4,1d8+4,1.0,B
3519,32,15,7,4,1d12+4,1d8+4,41,17,7,4,1d12+4,1d8+4,0.0,A
3520,43,18,5,3,1d8+4,1d8+4,38,18,6,5,1d12+4,1d8+4,2.0,A
3521,50,15,7,5,1d8+4,1d8+4,50,18,5,3,1d12+4,1d6+4,9.0,B
3522,31,15,6,5,1d12+4,1d8+4,32,18,8,4,1d8+4,1d8+4,4.0,B
3523,34,14,5,4,1d12+4,1d8+4,47,18,5,5,1d8+4,1d8+4,10.0,B
3524,36,15,7,3,1d8+4,1d8+4,31,14,5,4,1d10+4,1d6+4,9.0,A
3525,35,15,8,3,1d12+4,1d8+4,49,18,7,3,1d10+4,1d8+4,7.0,B
3526,34,15,8,5,1d8+4,1d8+4,49,17,8,5,1d10+4,1d8+4,3.0,B
3527,37,18,8,3,1d8+4,1d6+4,31,18,7,3,1d10+4,1d8+4,4.0,A
3528,35,18,8,4,1d10+4,1d6+4,41,16,5,3,1d12+4,1d8+4,8.0,A
3529,38,14,8,4,1d8+4,1d8+4,33,17,8,5,1d8+4,1d8+4,4.0,B
3530,41,17,5,3,1d10+4,1d8+4,48,15,6,3,1d8+4,1d6+4,4.0,A
3531,43,16,7,3,1d8+4,1d8+4,41,15,8,5,1d8+4,1d8+4,9.0,B
3532,50,16,5,4,1d12+4,1d8+4,47,16,7,3,1d12+4,1d6+4,5.0,A
3533,35,16,7,3,1d12+4,1d8+4,36,16,7,5,1d10+4,1d6+4,6.0,A
3534,47,15,6,3,1d12+4,1d8+4,37,15,8,4,1d10+4,1d6+4,2.0,A
3535,50,15,8,5,1d12+4,1d8+4,36,17,8,4,1d8+4,1d6+4,2.0,A
3536,36,16,8,4,1d12+4,1d6+4,49,17,6,4,1d10+4,1d6+4,10.0,B
3537,49,15,6,5,1d8+4,1d8+4,44,16,7,3,1d8+4,1d6+4,10.0,A
3538,32,17,8,5,1d12+4,1d6+4,43,18,5,5,1d12+4,1d6+4,5.0,B
3539,36,17,7,5,1d8+4,1d6+4,36,14,7,4,1d8+4,1d6+4,2.0,A
3540,31,18,5,3,1d8+4,1d8+4,41,14,8,5,1d10+4,1d8+4,1.0,A
3541,44,18,5,4,1d10+4,1d6+4,45,18,5,3,1d8+4,1d6+4,2.0,A
3542,45,15,5,3,1d8+4,1d6+4,42,16,7,4,1d8+4,1d6+4,7.0,B
3543,39,15,5,3,1d12+4,1d6+4,44,15,6,4,1d10+4,1d8+4,9.0,A
3544,30,16,6,3,1d10+4,1d8+4,45,14,6,3,1d10+4,1d8+4,7.0,A
3545,45,17,5,5,1d12+4,1d8+4,36,18,8,4,1d10+4,1d6+4,3.0,B
3546,46,17,6,5,1d8+4,1d6+4,41,14,5,5,1d8+4,1d8+4,6.0,A
3547,39,15,8,5,1d12+4,1d6+4,43,16,6,4,1d12+4,1d6+4,6.0,A
3548,43,16,5,4,1d10+4,1d6+4,44,15,8,5,1d10+4,1d8+4,10.0,B
3549,47,15,8,3,1d10+4,1d8+4,30,14,7,4,1d10+4,1d6+4,8.0,A
3550,48,16,5,4,1d10+4,1d6+4,46,15,8,5,1d12+4,1d6+4,7.0,A
3551,30,16,6,4,1d8+4,1d8+4,42,15,7,5,1d12+4,1d8+4,8.0,A
3552,30,16,5,4,1d8+4,1d8+4,43,17,8,3,1d8+4,1d8+4,3.0,B
3553,33,17,8,4,1d8+4,1d6+4,46,17,6,3,1d8+4,1d6+4,9.0,A
3554,49,14,8,4,1d12+4,1d6+4,32,15,5,5,1d10+4,1d6+4,6.0,A
3555,32,17,7,3,1d12+4,1d6+4,31,15,8,4,1d8+4,1d6+4,5.0,B
3556,45,18,5,5,1d12+4,1d8+4,45,14,8,3,1d8+4,1d6+4,8.0,B
3557,37,14,8,3,1d10+4,1d8+4,40,15,5,4,1d12+4,1d8+4,2.0,A
3558,33,14,8,5,1d8+4,1d6+4,38,15,7,3,1d12+4,1d8+4,0.0,A
3559,49,14,7,5,1d8+4,1d6+4,30,18,6,3,1d8+4,1d6+4,0.0,A
3560,38,16,8,5,1d10+4,1d8+4,32,16,7,5,1d12+4,1d6+4,8.0,A
3561,38,16,7,5,1d8+4,1d8+4,44,15,8,5,1d10+4,1d6+4,8.0,A
3562,50,15,7,3,1d12+4,1d8+4,41,16,8,4,1d10+4,1d6+4,8.0,A
3563,32,18,7,4,1d10+4,1d6+4,43,14,6,5,1d8+4,1d8+4,0.0,B
3564,37,15,7,5,1d12+4,1d6+4,36,17,7,4,1d8+4,1d8+4,2.0,B
3565,46,18,8,4,1d10+4,1d8+4,39,14,6,5,1d8+4,1d6+4,1.0,B
3566,44,15,7,4,1d12+4,1d6+4,37,18,6,4,1d10+4,1d8+4,2.0,B
3567,33,14,7,5,1d10+4,1d6+4,34,15,6,3,1d8+4,1d6+4,1.0,A
3568,48,17,7,3,1d12+4,1d6+4,47,14,6,5,1d8+4,1d6+4,6.0,A
3569,46,14,7,4,1d10+4,1d8+4,40,18,7,5,1d8+4,1d8+4,0.0,B
3570,33,15,6,5,1d8+4,1d8+4,35,14,5,4,1d12+4,1d6+4,9.0,A
3571,45,14,6,4,1d10+4,1d6+4,37,18,7,3,1d8+4,1d6+4,9.0,B
3572,40,15,6,3,1d12+4,1d8+4,33,18,6,4,1d12+4,1d8+4,10.0,A
3573,46,15,8,4,1d8+4,1d6+4,32,17,5,4,1d8+4,1d8+4,1.0,A
3574,41,14,8,5,1d12+4,1d6+4,38,16,6,4,1d10+4,1d8+4,9.0,A
3575,50,16,8,4,1d8+4,1d6+4,30,14,7,5,1d8+4,1d8+4,4.0,A
3576,45,14,5,5,1d8+4,1d6+4,40,18,7,4,1d8+4,1d8+4,8.0,A
3577,32,15,6,3,1d8+4,1d6+4,43,17,7,4,1d10+4,1d6+4,1.0,A
3578,45,17,8,4,1d8+4,1d6+4,34,17,5,3,1d8+4,1d8+4,8.0,A
3579,30,18,6,5,1d10+4,1d8+4,40,15,8,5,1d8+4,1d8+4,3.0,B
3580,41,14,6,3,1d8+4,1d8+4,41,17,8,3,1d10+4,1d8+4,3.0,B
3581,37,17,6,3,1d8+4,1d6+4,50,18,5,3,1d12+4,1d8+4,6.0,B
3582,46,16,8,4,1d12+4,1d6+4,40,15,6,5,1d12+4,1d6+4,5.0,B
3583,34,16,6,3,1d8+4,1d8+4,41,15,7,5,1d10+4,1d6+4,5.0,B
3584,33,16,8,3,1d8+4,1d6+4,35,14,6,5,1d8+4,1d8+4,10.0,B
3585,39,16,6,4,1d12+4,1d8+4,39,17,7,5,1d12+4,1d8+4,10.0,A
3586,39,14,7,5,1d12+4,1d8+4,33,18,7,4,1d12+4,1d6+4,10.0,B
3587,33,15,6,3,1d8+4,1d8+4,45,16,5,3,1d8+4,1d8+4,9.0,B
3588,34,16,8,3,1d10+4,1d6+4,40,18,7,4,1d10+4,1d8+4,0.0,B
3589,39,16,8,4,1d12+4,1d6+4,41,17,7,3,1d12+4,1d6+4,3.0,B
3590,40,18,6,3,1d12+4,1d8+4,45,18,7,5,1d10+4,1d8+4,0.0,A
3591,43,18,7,3,1d12+4,1d8+4,34,14,7,5,1d10+4,1d8+4,7.0,B
3592,34,16,5,5,1d12+4,1d6+4,47,18,5,5,1d12+4,1d6+4,1.0,B
3593,42,16,6,4,1d12+4,1d6+4,50,16,5,4,1d12+4,1d6+4,8.0,A
3594,31,18,8,3,1d8+4,1d6+4,32,18,8,3,1d10+4,1d6+4,7.0,A
3595,48,14,6,3,1d12+4,1d6+4,48,17,6,4,1d10+4,1d6+4,3.0,A
3596,42,18,6,5,1d8+4,1d8+4,38,14,7,4,1d10+4,1d6+4,7.0,A
3597,40,14,5,5,1d10+4,1d8+4,43,16,6,4,1d8+4,1d8+4,3.0,B
3598,46,18,7,5,1d8+4,1d8+4,47,14,5,5,1d12+4,1d8+4,5.0,A
3599,32,18,8,5,1d12+4,1d6+4,31,18,5,4,1d8+4,1d8+4,1.0,A
3600,44,15,8,4,1d10+4,1d6+4,40,17,8,3,1d8+4,1d8+4,6.0,A
3601,42,16,6,5,1d10+4,1d8+4,49,18,7,4,1d8+4,1d6+4,6.0,B
3602,46,17,6,4,1d12+4,1d8+4,40,16,7,4,1d12+4,1d8+4,5.0,A
3603,41,14,8,4,1d12+4,1d6+4,34,15,7,5,1d12+4,1d8+4,2.0,A
3604,48,14,8,5,1d8+4,1d6+4,45,14,6,4,1d12+4,1d8+4,9.0,B
3605,30,17,8,3,1d12+4,1d8+4,34,17,5,4,1d10+4,1d8+4,8.0,A
3606,50,14,7,4,1d12+4,1d8+4,44,18,5,5,1d12+4,1d6+4,3.0,B
3607,38,18,8,5,1d8+4,1d6+4,39,15,7,3,1d8+4,1d8+4,10.0,A
3608,50,17,8,5,1d10+4,1d6+4,43,17,6,5,1d10+4,1d8+4,2.0,A
3609,35,16,5,5,1d8+4,1d8+4,46,14,6,3,1d8+4,1d8+4,5.0,A
3610,33,15,6,4,1d8+4,1d8+4,49,17,6,4,1d8+4,1d6+4,6.0,B
3611,43,16,8,4,1d8+4,1d8+4,33,14,7,3,1d10+4,1d8+4,4.0,A
3612,40,17,7,3,1d10+4,1d6+4,43,17,6,4,1d8+4,1d6+4,2.0,B
3613,31,16,7,5,1d12+4,1d8+4,49,16,8,4,1d8+4,1d8+4,6.0,B
3614,35,14,8,3,1d12+4,1d8+4,36,16,6,3,1d8+4,1d8+4,4.0,B
3615,49,15,8,5,1d10+4,1d6+4,41,14,7,4,1d10+4,1d8+4,5.0,A
3616,47,16,6,3,1d8+4,1d6+4,32,15,8,4,1d8+4,1d8+4,6.0,A
3617,31,16,6,4,1d12+4,1d8+4,48,17,7,4,1d8+4,1d8+4,2.0,B
3618,42,18,8,4,1d10+4,1d8+4,30,17,5,4,1d12+4,1d8+4,9.0,A
3619,32,14,6,5,1d10+4,1d8+4,38,14,6,5,1d12+4,1d6+4,2.0,A
3620,32,15,7,5,1d8+4,1d6+4,46,18,5,3,1d10+4,1d6+4,0.0,B
3621,35,17,7,3,1d8+4,1d6+4,47,14,5,4,1d8+4,1d8+4,4.0,B
3622,35,17,5,4,1d10+4,1d6+4,42,17,6,4,1d10+4,1d8+4,5.0,A
3623,50,16,6,4,1d10+4,1d6+4,47,15,7,5,1d10+4,1d8+4,7.0,A
3624,37,14,7,4,1d10+4,1d6+4,43,18,7,3,1d8+4,1d8+4,5.0,B
3625,43,18,7,4,1d8+4,1d6+4,46,15,6,5,1d12+4,1d8+4,7.0,A
3626,36,18,6,4,1d8+4,1d6+4,42,18,8,5,1d10+4,1d8+4,1.0,B
3627,31,16,8,3,1d10+4,1d6+4,46,17,8,4,1d10+4,1d8+4,2.0,B
3628,30,17,7,4,1d8+4,1d8+4,42,15,7,4,1d8+4,1d8+4,2.0,A
3629,40,15,7,4,1d8+4,1d6+4,49,17,7,4,1d8+4,1d8+4,3.0,B
3630,39,14,7,4,1d12+4,1d6+4,42,14,8,5,1d12+4,1d6+4,8.0,B
3631,42,17,5,5,1d10+4,1d6+4,33,16,5,5,1d12+4,1d8+4,7.0,A
3632,40,18,6,5,1d10+4,1d8+4,34,18,8,4,1d10+4,1d6+4,7.0,B
3633,30,17,7,5,1d8+4,1d6+4,50,15,7,5,1d8+4,1d8+4,6.0,B
3634,39,18,7,3,1d10+4,1d6+4,49,15,6,4,1d12+4,1d8+4,4.0,A
3635,43,15,7,4,1d12+4,1d6+4,34,15,6,3,1d10+4,1d6+4,2.0,A
3636,49,14,8,3,1d12+4,1d6+4,42,16,5,5,1d10+4,1d8+4,6.0,A
3637,43,16,7,3,1d8+4,1d6+4,32,16,7,4,1d10+4,1d8+4,4.0,A
3638,37,17,5,4,1d8+4,1d8+4,33,15,6,3,1d10+4,1d8+4,1.0,B
3639,50,14,7,5,1d10+4,1d6+4,46,18,5,5,1d8+4,1d8+4,3.0,A
3640,38,18,6,4,1d12+4,1d6+4,42,16,7,5,1d12+4,1d6+4,0.0,A
3641,46,14,5,3,1d12+4,1d8+4,43,14,6,5,1d10+4,1d8+4,1.0,A
3642,36,15,7,3,1d10+4,1d8+4,47,14,6,3,1d12+4,1d8+4,10.0,B
3643,30,14,7,5,1d10+4,1d6+4,46,16,8,5,1d8+4,1d8+4,4.0,A
3644,32,15,6,4,1d10+4,1d6+4,48,16,5,5,1d12+4,1d8+4,3.0,A
3645,37,15,7,3,1d8+4,1d6+4,49,14,8,5,1d8+4,1d6+4,7.0,B
3646,42,18,6,4,1d12+4,1d8+4,39,16,8,3,1d8+4,1d8+4,2.0,A
3647,44,16,8,5,1d10+4,1d6+4,33,17,5,3,1d8+4,1d6+4,2.0,A
3648,31,14,7,4,1d8+4,1d6+4,34,14,8,3,1d12+4,1d6+4,10.0,A
3649,37,18,7,4,1d8+4,1d8+4,44,17,5,5,1d10+4,1d8+4,6.0,B
3650,30,16,8,5,1d8+4,1d8+4,40,14,6,5,1d10+4,1d8+4,7.0,A
3651,31,15,7,3,1d10+4,1d6+4,43,16,7,5,1d8+4,1d6+4,6.0,B
3652,34,17,7,3,1d8+4,1d6+4,41,15,6,4,1d8+4,1d8+4,0.0,B
3653,44,14,6,5,1d10+4,1d6+4,42,14,6,3,1d12+4,1d8+4,4.0,A
3654,43,18,6,3,1d10+4,1d6+4,49,18,5,5,1d10+4,1d6+4,6.0,A
3655,46,16,7,3,1d10+4,1d8+4,37,18,6,5,1d12+4,1d8+4,0.0,B
3656,34,16,7,5,1d8+4,1d6+4,50,15,8,5,1d8+4,1d6+4,5.0,B
3657,37,14,6,5,1d8+4,1d8+4,30,15,7,4,1d10+4,1d8+4,4.0,B
3658,32,15,7,5,1d8+4,1d6+4,49,17,7,4,1d12+4,1d8+4,3.0,B
3659,38,14,6,4,1d10+4,1d6+4,46,18,6,3,1d8+4,1d6+4,3.0,B
3660,42,14,5,3,1d8+4,1d6+4,38,17,8,3,1d10+4,1d8+4,8.0,B
3661,41,17,8,5,1d10+4,1d8+4,37,15,6,3,1d12+4,1d8+4,9.0,A
3662,45,18,7,3,1d10+4,1d6+4,36,15,5,3,1d12+4,1d8+4,10.0,A
3663,41,16,8,4,1d8+4,1d6+4,32,16,6,4,1d12+4,1d6+4,0.0,A
3664,43,15,8,3,1d8+4,1d6+4,30,15,7,4,1d10+4,1d6+4,8.0,A
3665,41,14,5,3,1d12+4,1d8+4,30,18,6,4,1d10+4,1d8+4,8.0,A
3666,47,18,6,3,1d8+4,1d8+4,31,15,6,4,1d12+4,1d8+4,9.0,B
3667,41,16,7,4,1d12+4,1d8+4,35,14,6,5,1d12+4,1d6+4,7.0,A
3668,42,15,6,5,1d8+4,1d8+4,44,16,6,4,1d12+4,1d6+4,3.0,B
3669,45,15,7,5,1d10+4,1d6+4,36,16,6,3,1d10+4,1d8+4,4.0,B
3670,35,18,6,3,1d12+4,1d6+4,31,17,7,3,1d10+4,1d6+4,3.0,A
3671,43,14,6,3,1d8+4,1d6+4,33,16,8,5,1d12+4,1d8+4,5.0,B
3672,35,18,8,4,1d12+4,1d8+4,41,16,7,5,1d8+4,1d8+4,7.0,A
3673,47,16,7,4,1d8+4,1d6+4,32,18,6,3,1d12+4,1d6+4,9.0,A
3674,34,15,5,3,1d12+4,1d8+4,31,15,8,5,1d10+4,1d6+4,4.0,A
3675,33,18,7,4,1d8+4,1d8+4,32,18,8,4,1d12+4,1d6+4,2.0,B
3676,43,16,7,3,1d10+4,1d8+4,33,14,8,4,1d10+4,1d8+4,5.0,A
3677,36,14,8,3,1d12+4,1d8+4,35,18,8,3,1d12+4,1d8+4,10.0,B
3678,38,18,5,3,1d10+4,1d6+4,43,18,6,3,1d8+4,1d8+4,10.0,B
3679,34,14,5,4,1d10+4,1d8+4,39,15,8,3,1d8+4,1d8+4,0.0,A
3680,31,14,7,3,1d10+4,1d8+4,37,17,8,5,1d8+4,1d6+4,3.0,B
3681,38,14,6,3,1d10+4,1d6+4,34,17,5,3,1d12+4,1d6+4,2.0,B
3682,40,16,8,4,1d8+4,1d8+4,39,17,7,5,1d8+4,1d6+4,7.0,B
3683,49,17,5,4,1d8+4,1d8+4,35,14,5,3,1d10+4,1d6+4,6.0,A
3684,36,14,6,5,1d12+4,1d8+4,34,15,5,3,1d10+4,1d6+4,9.0,B
3685,47,18,7,5,1d8+4,1d8+4,38,16,7,5,1d8+4,1d6+4,0.0,B
3686,41,15,6,4,1d8+4,1d6+4,48,16,7,3,1d8+4,1d6+4,8.0,B
3687,45,17,7,3,1d8+4,1d6+4,36,17,5,4,1d8+4,1d8+4,4.0,A
3688,31,17,5,3,1d8+4,1d8+4,39,14,6,5,1d8+4,1d6+4,3.0,B
3689,31,17,6,3,1d10+4,1d6+4,37,16,7,3,1d10+4,1d8+4,1.0,B
3690,46,16,7,5,1d8+4,1d8+4,41,16,8,4,1d12+4,1d8+4,9.0,A
3691,48,14,6,3,1d8+4,1d8+4,49,14,6,3,1d8+4,1d6+4,5.0,B
3692,48,16,6,5,1d12+4,1d6+4,42,17,5,4,1d10+4,1d8+4,9.0,A
3693,42,14,6,5,1d12+4,1d6+4,37,17,5,5,1d10+4,1d8+4,1.0,A
3694,41,15,7,3,1d12+4,1d8+4,47,15,8,3,1d10+4,1d6+4,6.0,B
3695,39,17,7,4,1d8+4,1d8+4,45,15,6,4,1d10+4,1d6+4,7.0,A
3696,32,18,5,4,1d12+4,1d8+4,37,14,8,3,1d8+4,1d8+4,2.0,A
3697,37,17,6,3,1d8+4,1d6+4,34,14,5,5,1d12+4,1d8+4,3.0,B
3698,40,16,7,3,1d10+4,1d6+4,35,17,7,4,1d12+4,1d6+4,5.0,A
3699,39,15,6,4,1d10+4,1d6+4,31,14,8,3,1d12+4,1d6+4,1.0,A
3700,49,14,7,3,1d12+4,1d8+4,49,15,6,3,1d8+4,1d8+4,6.0,A
3701,50,17,7,5,1d12+4,1d6+4,34,14,8,4,1d12+4,1d8+4,5.0,B
3702,40,15,8,4,1d8+4,1d8+4,41,18,8,4,1d12+4,1d6+4,3.0,A
3703,35,18,6,3,1d12+4,1d8+4,37,15,8,3,1d8+4,1d6+4,10.0,A
3704,50,18,6,4,1d12+4,1d6+4,49,14,5,4,1d12+4,1d8+4,3.0,B
3705,35,17,6,5,1d8+4,1d8+4,50,16,5,4,1d10+4,1d8+4,5.0,B
3706,48,17,8,4,1d8+4,1d8+4,36,18,8,5,1d8+4,1d6+4,1.0,A
3707,49,17,6,4,1d10+4,1d8+4,42,17,6,5,1d10+4,1d8+4,10.0,B
3708,41,18,8,5,1d10+4,1d6+4,30,14,6,5,1d8+4,1d8+4,10.0,A
3709,43,17,5,5,1d12+4,1d6+4,42,15,8,3,1d8+4,1d8+4,0.0,A
3710,41,17,6,5,1d10+4,1d6+4,35,16,6,3,1d10+4,1d8+4,3.0,A
3711,44,14,6,3,1d8+4,1d6+4,38,18,7,3,1d12+4,1d8+4,4.0,B
3712,31,15,6,4,1d10+4,1d8+4,35,18,5,3,1d10+4,1d6+4,0.0,B
3713,41,15,6,3,1d10+4,1d8+4,37,15,5,4,1d12+4,1d8+4,6.0,B
3714,35,18,7,3,1d8+4,1d8+4,42,14,7,3,1d8+4,1d8+4,0.0,B
3715,49,14,7,5,1d12+4,1d6+4,40,16,5,5,1d10+4,1d8+4,6.0,A
3716,47,16,7,3,1d10+4,1d6+4,41,16,5,4,1d10+4,1d8+4,2.0,A
3717,44,18,5,3,1d8+4,1d8+4,45,17,6,5,1d12+4,1d6+4,1.0,B
3718,48,17,6,3,1d10+4,1d8+4,35,18,8,4,1d8+4,1d8+4,6.0,B
3719,43,18,6,5,1d12+4,1d6+4,39,16,6,4,1d10+4,1d6+4,3.0,B
3720,39,18,8,3,1d10+4,1d8+4,44,16,8,4,1d8+4,1d8+4,3.0,A
3721,30,18,5,5,1d10+4,1d6+4,31,14,6,3,1d10+4,1d8+4,9.0,A
3722,44,16,8,4,1d10+4,1d8+4,34,17,6,5,1d12+4,1d6+4,3.0,B
3723,43,17,7,3,1d8+4,1d6+4,41,15,8,4,1d8+4,1d8+4,5.0,B
3724,36,17,6,4,1d10+4,1d8+4,35,16,5,3,1d10+4,1d8+4,7.0,B
3725,40,18,5,4,1d8+4,1d8+4,36,16,7,5,1d8+4,1d6+4,4.0,A
3726,38,18,6,5,1d8+4,1d8+4,35,18,6,5,1d10+4,1d8+4,7.0,A
3727,42,17,6,5,1d10+4,1d6+4,48,18,8,4,1d10+4,1d8+4,8.0,B
3728,36,18,6,3,1d12+4,1d8+4,30,18,6,5,1d10+4,1d8+4,7.0,B
3729,37,17,8,4,1d12+4,1d8+4,33,16,8,5,1d10+4,1d8+4,6.0,A
3730,33,14,8,4,1d12+4,1d8+4,31,18,8,5,1d12+4,1d8+4,0.0,A
3731,40,16,5,5,1d12+4,1d6+4,48,17,7,5,1d12+4,1d6+4,1.0,A
3732,49,16,8,5,1d12+4,1d6+4,36,15,5,4,1d8+4,1d6+4,4.0,A
3733,42,18,8,4,1d10+4,1d8+4,47,14,6,3,1d12+4,1d6+4,1.0,A
3734,30,15,5,5,1d8+4,1d6+4,38,16,5,3,1d10+4,1d6+4,6.0,B
3735,47,14,6,3,1d12+4,1d8+4,39,15,7,5,1d12+4,1d8+4,1.0,A
3736,38,15,6,5,1d8+4,1d6+4,37,14,7,4,1d8+4,1d8+4,6.0,A
3737,47,15,7,4,1d12+4,1d6+4,47,17,8,5,1d10+4,1d6+4,5.0,B
3738,33,17,8,5,1d8+4,1d6+4,50,17,7,5,1d8+4,1d8+4,3.0,A
3739,30,17,7,3,1d10+4,1d6+4,36,18,5,3,1d10+4,1d6+4,4.0,B
3740,38,17,7,5,1d8+4,1d6+4,42,15,5,4,1d12+4,1d8+4,5.0,A
3741,44,17,7,4,1d10+4,1d8+4,37,17,7,3,1d12+4,1d6+4,9.0,A
3742,49,17,8,3,1d10+4,1d8+4,47,15,8,5,1d10+4,1d8+4,5.0,A
3743,41,18,5,5,1d10+4,1d6+4,48,15,5,5,1d10+4,1d8+4,10.0,A
3744,46,18,6,4,1d12+4,1d8+4,42,15,7,3,1d10+4,1d6+4,0.0,A
3745,30,17,6,3,1d10+4,1d6+4,40,18,5,4,1d12+4,1d8+4,5.0,B
3746,48,18,6,4,1d8+4,1d6+4,45,18,6,3,1d12+4,1d6+4,2.0,B
3747,37,16,6,5,1d12+4,1d8+4,48,16,5,3,1d8+4,1d6+4,9.0,A
3748,32,15,8,4,1d12+4,1d8+4,46,17,7,5,1d8+4,1d6+4,8.0,A
3749,33,14,5,5,1d8+4,1d6+4,43,16,8,5,1d8+4,1d8+4,1.0,B
3750,48,17,7,4,1d12+4,1d8+4,49,17,7,4,1d12+4,1d8+4,3.0,A
3751,42,18,6,3,1d12+4,1d6+4,49,18,6,5,1d12+4,1d6+4,7.0,B
3752,31,17,5,3,1d10+4,1d8+4,33,17,7,4,1d10+4,1d8+4,8.0,A
3753,34,16,8,3,1d12+4,1d6+4,48,16,8,5,1d10+4,1d8+4,5.0,B
3754,34,17,7,5,1d8+4,1d8+4,45,17,8,5,1d12+4,1d8+4,4.0,B
3755,43,18,8,5,1d12+4,1d8+4,47,17,5,4,1d12+4,1d6+4,4.0,A
3756,38,17,7,3,1d8+4,1d8+4,46,18,8,4,1d10+4,1d6+4,5.0,B
3757,38,15,6,3,1d10+4,1d6+4,36,14,8,4,1d10+4,1d8+4,8.0,A
3758,40,14,6,5,1d10+4,1d8+4,43,18,5,4,1d8+4,1d8+4,4.0,A
3759,43,15,8,5,1d10+4,1d6+4,42,16,7,4,1d8+4,1d8+4,0.0,B
3760,50,15,6,3,1d8+4,1d8+4,33,18,5,3,1d10+4,1d8+4,4.0,A
3761,34,14,7,3,1d10+4,1d8+4,37,15,8,4,1d12+4,1d6+4,6.0,A
3762,43,17,5,5,1d10+4,1d6+4,41,18,8,5,1d10+4,1d8+4,8.0,B
3763,37,15,8,5,1d10+4,1d8+4,38,14,6,4,1d8+4,1d6+4,8.0,A
3764,35,16,7,3,1d10+4,1d8+4,46,15,5,5,1d10+4,1d8+4,4.0,B
3765,38,14,5,5,1d10+4,1d8+4,39,14,5,5,1d12+4,1d6+4,7.0,B
3766,35,16,6,3,1d8+4,1d6+4,46,18,7,5,1d12+4,1d6+4,5.0,B
3767,50,17,5,4,1d10+4,1d6+4,37,17,5,3,1d8+4,1d6+4,3.0,A
3768,47,15,6,4,1d8+4,1d8+4,43,16,8,3,1d8+4,1d6+4,3.0,A
3769,31,15,7,3,1d12+4,1d6+4,37,18,8,4,1d12+4,1d8+4,8.0,B
3770,49,16,7,5,1d8+4,1d8+4,46,17,7,5,1d12+4,1d8+4,0.0,B
3771,40,17,5,4,1d12+4,1d8+4,42,18,7,3,1d8+4,1d6+4,1.0,B
3772,45,14,5,3,1d8+4,1d8+4,50,15,7,4,1d8+4,1d6+4,8.0,A
3773,39,18,5,5,1d8+4,1d6+4,33,18,8,4,1d12+4,1d6+4,9.0,B
3774,30,14,7,5,1d12+4,1d6+4,31,18,8,5,1d10+4,1d6+4,9.0,A
3775,48,15,5,5,1d10+4,1d8+4,47,18,5,4,1d12+4,1d6+4,8.0,A
3776,50,17,5,4,1d8+4,1d8+4,45,17,7,4,1d10+4,1d6+4,1.0,B
3777,38,17,6,4,1d12+4,1d6+4,50,18,6,4,1d8+4,1d6+4,4.0,A
3778,48,15,6,5,1d10+4,1d6+4,36,17,7,5,1d8+4,1d8+4,10.0,A
3779,35,18,6,4,1d8+4,1d6+4,39,16,7,3,1d10+4,1d8+4,0.0,A
3780,32,16,7,4,1d12+4,1d8+4,45,16,7,3,1d12+4,1d8+4,9.0,B
3781,32,15,8,4,1d12+4,1d8+4,33,14,7,5,1d10+4,1d6+4,7.0,A
3782,50,15,8,4,1d10+4,1d8+4,32,16,6,5,1d12+4,1d8+4,6.0,A
3783,46,18,7,4,1d10+4,1d8+4,35,16,7,4,1d8+4,1d8+4,9.0,A
3784,40,15,6,3,1d12+4,1d6+4,38,17,7,5,1d12+4,1d8+4,0.0,B
3785,35,15,7,3,1d8+4,1d8+4,38,16,6,4,1d12+4,1d8+4,7.0,A
3786,33,16,8,5,1d8+4,1d6+4,41,17,8,5,1d12+4,1d6+4,9.0,B
3787,40,16,8,3,1d12+4,1d8+4,30,15,6,4,1d8+4,1d8+4,9.0,A
3788,34,15,6,3,1d12+4,1d6+4,43,17,7,4,1d8+4,1d6+4,3.0,B
3789,30,18,5,3,1d10+4,1d8+4,43,17,5,5,1d10+4,1d8+4,4.0,B
3790,32,17,7,5,1d12+4,1d6+4,34,16,5,5,1d8+4,1d8+4,0.0,A
3791,50,17,8,5,1d12+4,1d6+4,45,16,8,5,1d12+4,1d8+4,9.0,B
3792,49,17,5,4,1d12+4,1d6+4,41,18,5,5,1d10+4,1d6+4,1.0,B
3793,35,17,8,5,1d12+4,1d6+4,48,17,7,4,1d8+4,1d6+4,1.0,A
3794,43,17,6,4,1d12+4,1d8+4,31,15,6,4,1d10+4,1d8+4,2.0,A
3795,47,16,5,3,1d10+4,1d6+4,31,16,7,3,1d8+4,1d6+4,7.0,A
3796,46,14,7,3,1d12+4,1d6+4,34,18,6,3,1d8+4,1d8+4,2.0,A
3797,36,16,5,4,1d12+4,1d8+4,40,14,5,3,1d12+4,1d8+4,0.0,A
3798,50,16,8,4,1d10+4,1d8+4,39,18,6,3,1d10+4,1d8+4,2.0,A
3799,44,18,7,4,1d12+4,1d8+4,35,18,7,4,1d8+4,1d6+4,7.0,B
3800,45,16,8,5,1d10+4,1d6+4,35,15,8,5,1d12+4,1d8+4,2.0,A
3801,32,14,7,4,1d8+4,1d8+4,50,15,8,5,1d8+4,1d6+4,7.0,A
3802,32,17,5,4,1d10+4,1d8+4,39,15,5,5,1d10+4,1d8+4,3.0,A
3803,41,16,8,5,1d10+4,1d6+4,35,17,6,4,1d8+4,1d6+4,1.0,A
3804,44,14,5,3,1d12+4,1d6+4,42,18,5,5,1d8+4,1d8+4,2.0,A
3805,37,17,6,3,1d10+4,1d6+4,45,15,6,4,1d10+4,1d8+4,5.0,B
3806,30,17,5,3,1d12+4,1d6+4,36,14,5,3,1d10+4,1d6+4,7.0,A
3807,45,16,6,5,1d8+4,1d8+4,42,17,7,3,1d8+4,1d6+4,9.0,A
3808,30,18,7,3,1d12+4,1d8+4,37,18,5,3,1d12+4,1d6+4,4.0,B
3809,38,18,8,4,1d10+4,1d8+4,41,17,5,5,1d12+4,1d6+4,9.0,B
3810,44,16,6,5,1d10+4,1d8+4,36,15,5,5,1d8+4,1d6+4,3.0,A
3811,39,14,5,4,1d12+4,1d8+4,42,17,7,3,1d12+4,1d8+4,2.0,A
3812,50,17,8,5,1d8+4,1d8+4,41,18,8,3,1d8+4,1d8+4,4.0,A
3813,46,14,7,4,1d12+4,1d8+4,45,14,7,4,1d12+4,1d6+4,1.0,B
3814,33,18,8,4,1d8+4,1d8+4,46,16,8,5,1d10+4,1d8+4,5.0,A
3815,39,16,5,4,1d8+4,1d8+4,49,14,5,5,1d10+4,1d8+4,0.0,B
3816,48,18,7,4,1d12+4,1d8+4,30,17,5,4,1d10+4,1d8+4,6.0,A
3817,47,14,5,4,1d8+4,1d6+4,43,14,7,3,1d10+4,1d6+4,2.0,B
3818,34,17,7,4,1d10+4,1d6+4,39,17,8,4,1d8+4,1d8+4,3.0,B
3819,35,14,5,5,1d12+4,1d6+4,50,14,6,4,1d8+4,1d8+4,5.0,B
3820,32,15,8,3,1d8+4,1d8+4,50,16,8,3,1d12+4,1d8+4,0.0,B
3821,36,14,8,5,1d10+4,1d8+4,44,15,8,5,1d8+4,1d6+4,1.0,B
3822,47,16,5,5,1d10+4,1d6+4,42,16,7,4,1d12+4,1d6+4,8.0,A
3823,36,16,6,5,1d10+4,1d8+4,30,14,8,5,1d10+4,1d6+4,8.0,A
3824,43,17,6,5,1d10+4,1d8+4,38,18,5,4,1d12+4,1d8+4,3.0,A
3825,41,14,8,5,1d8+4,1d6+4,39,15,8,4,1d12+4,1d6+4,1.0,A
3826,46,17,7,4,1d12+4,1d8+4,50,17,8,4,1d8+4,1d6+4,4.0,A
3827,43,15,6,3,1d8+4,1d6+4,34,18,8,4,1d12+4,1d8+4,8.0,B
3828,32,17,8,5,1d10+4,1d6+4,38,14,8,5,1d8+4,1d8+4,10.0,A
3829,49,15,7,4,1d8+4,1d8+4,33,17,7,5,1d8+4,1d8+4,1.0,A
3830,50,14,8,3,1d10+4,1d6+4,42,16,6,3,1d8+4,1d6+4,6.0,B
3831,33,15,8,5,1d12+4,1d6+4,48,15,5,5,1d8+4,1d6+4,2.0,B
3832,32,18,8,5,1d12+4,1d6+4,38,17,7,4,1d8+4,1d8+4,0.0,A
3833,34,18,5,5,1d12+4,1d6+4,41,15,6,3,1d12+4,1d6+4,6.0,A
3834,39,16,6,4,1d12+4,1d6+4,32,16,6,3,1d10+4,1d6+4,7.0,A
3835,48,18,5,4,1d12+4,1d8+4,31,18,6,4,1d10+4,1d8+4,9.0,B
3836,38,14,8,4,1d8+4,1d6+4,44,15,6,4,1d8+4,1d8+4,1.0,B
3837,34,15,6,5,1d10+4,1d8+4,46,17,6,5,1d10+4,1d6+4,4.0,B
3838,36,14,7,5,1d12+4,1d8+4,45,14,6,5,1d12+4,1d8+4,1.0,B
3839,34,16,6,4,1d12+4,1d8+4,39,17,8,5,1d12+4,1d8+4,8.0,B
3840,48,18,6,4,1d12+4,1d8+4,34,16,8,3,1d10+4,1d6+4,3.0,A
3841,39,14,5,3,1d10+4,1d6+4,43,14,7,4,1d12+4,1d8+4,6.0,B
3842,45,14,8,5,1d12+4,1d6+4,50,17,7,4,1d10+4,1d8+4,2.0,A
3843,33,18,6,4,1d8+4,1d8+4,31,17,7,4,1d10+4,1d8+4,4.0,A
3844,47,17,5,4,1d10+4,1d8+4,44,17,5,4,1d12+4,1d8+4,0.0,B
3845,49,18,8,3,1d12+4,1d8+4,35,14,5,4,1d8+4,1d8+4,0.0,A
3846,35,18,6,4,1d10+4,1d6+4,44,17,8,4,1d8+4,1d6+4,3.0,B
3847,43,17,6,5,1d12+4,1d8+4,39,15,5,4,1d12+4,1d6+4,2.0,A
3848,39,18,6,4,1d10+4,1d8+4,36,15,7,5,1d12+4,1d6+4,5.0,B
3849,40,15,6,3,1d12+4,1d8+4,50,18,6,4,1d12+4,1d8+4,7.0,B
3850,36,16,7,3,1d8+4,1d8+4,30,17,5,3,1d10+4,1d8+4,0.0,A
3851,31,15,5,4,1d10+4,1d6+4,45,16,7,5,1d12+4,1d8+4,4.0,A
3852,49,16,5,5,1d8+4,1d8+4,46,17,8,4,1d8+4,1d8+4,9.0,A
3853,48,17,5,3,1d12+4,1d8+4,43,16,6,4,1d10+4,1d6+4,1.0,A
3854,49,14,5,4,1d8+4,1d6+4,41,15,5,3,1d12+4,1d8+4,5.0,B
3855,45,16,6,5,1d8+4,1d6+4,36,18,8,5,1d10+4,1d8+4,4.0,B
3856,41,15,8,3,1d8+4,1d6+4,38,17,6,4,1d8+4,1d8+4,1.0,A
3857,47,16,8,3,1d8+4,1d8+4,48,15,5,3,1d8+4,1d6+4,10.0,A
3858,33,14,8,3,1d8+4,1d8+4,32,17,5,5,1d8+4,1d8+4,0.0,A
3859,39,18,6,4,1d8+4,1d6+4,33,18,5,3,1d8+4,1d6+4,0.0,A
3860,32,14,6,4,1d8+4,1d6+4,36,14,6,4,1d12+4,1d8+4,1.0,A
3861,34,17,7,3,1d8+4,1d6+4,31,18,7,4,1d10+4,1d6+4,9.0,B
3862,41,17,6,5,1d12+4,1d8+4,50,18,8,3,1d12+4,1d8+4,8.0,B
3863,50,17,6,5,1d12+4,1d6+4,42,17,6,5,1d10+4,1d8+4,3.0,A
3864,46,17,7,3,1d8+4,1d8+4,39,16,7,3,1d12+4,1d8+4,3.0,A
3865,48,18,6,5,1d8+4,1d6+4,34,15,6,3,1d8+4,1d8+4,1.0,A
3866,45,17,8,3,1d10+4,1d6+4,40,18,7,4,1d10+4,1d8+4,9.0,A
3867,32,17,6,4,1d8+4,1d6+4,32,17,7,5,1d10+4,1d8+4,8.0,A
3868,31,16,5,4,1d12+4,1d6+4,40,16,6,3,1d12+4,1d6+4,3.0,A
3869,46,15,7,3,1d12+4,1d8+4,37,18,8,5,1d8+4,1d6+4,6.0,A
3870,30,17,6,5,1d8+4,1d8+4,30,17,6,3,1d12+4,1d6+4,6.0,B
3871,38,15,7,3,1d12+4,1d6+4,45,18,8,3,1d10+4,1d6+4,7.0,B
3872,37,17,8,4,1d10+4,1d8+4,44,14,8,5,1d12+4,1d8+4,6.0,B
3873,31,18,5,3,1d12+4,1d6+4,40,14,7,4,1d12+4,1d6+4,5.0,A
3874,41,14,7,5,1d10+4,1d6+4,30,14,5,4,1d12+4,1d8+4,1.0,A
3875,41,16,7,4,1d8+4,1d6+4,46,17,6,4,1d8+4,1d8+4,5.0,B
3876,33,15,7,4,1d10+4,1d8+4,43,15,6,4,1d12+4,1d6+4,1.0,B
3877,38,17,6,3,1d8+4,1d8+4,38,15,5,4,1d12+4,1d8+4,0.0,B
3878,47,17,6,5,1d10+4,1d8+4,45,15,8,5,1d8+4,1d8+4,7.0,A
3879,38,18,6,4,1d12+4,1d6+4,36,18,6,4,1d12+4,1d8+4,8.0,B
3880,39,17,6,5,1d10+4,1d8+4,42,18,8,4,1d8+4,1d6+4,8.0,B
3881,39,15,8,5,1d10+4,1d8+4,48,18,6,5,1d8+4,1d8+4,3.0,B
3882,39,16,8,5,1d10+4,1d6+4,42,18,6,4,1d10+4,1d6+4,6.0,B
3883,49,14,6,3,1d8+4,1d8+4,49,17,7,4,1d12+4,1d6+4,9.0,B
3884,40,15,7,4,1d8+4,1d6+4,31,15,5,4,1d12+4,1d6+4,9.0,A
3885,37,16,6,5,1d8+4,1d8+4,33,16,6,4,1d12+4,1d6+4,10.0,B
3886,44,17,8,3,1d10+4,1d8+4,34,15,7,4,1d12+4,1d6+4,10.0,A
3887,46,15,7,5,1d8+4,1d6+4,32,16,5,4,1d8+4,1d8+4,9.0,A
3888,32,14,7,5,1d12+4,1d8+4,31,17,7,5,1d8+4,1d6+4,9.0,A
3889,42,14,6,5,1d10+4,1d8+4,43,16,5,3,1d10+4,1d6+4,2.0,B
3890,50,16,6,3,1d8+4,1d6+4,50,15,5,4,1d12+4,1d8+4,5.0,B
3891,31,16,7,4,1d8+4,1d8+4,49,15,5,5,1d12+4,1d6+4,3.0,A
3892,32,14,8,5,1d12+4,1d6+4,41,16,8,3,1d10+4,1d8+4,10.0,B
3893,48,15,8,3,1d12+4,1d8+4,31,16,8,4,1d12+4,1d6+4,5.0,A
3894,40,16,7,4,1d8+4,1d6+4,38,17,7,5,1d12+4,1d8+4,9.0,B
3895,33,15,6,3,1d12+4,1d6+4,45,17,5,3,1d10+4,1d6+4,1.0,A
3896,40,17,5,5,1d12+4,1d6+4,30,15,6,5,1d8+4,1d8+4,2.0,A
3897,35,15,8,5,1d12+4,1d8+4,31,15,7,3,1d8+4,1d6+4,6.0,A
3898,44,17,6,4,1d12+4,1d6+4,42,15,6,5,1d8+4,1d8+4,9.0,A
3899,40,16,5,5,1d8+4,1d8+4,41,18,8,5,1d12+4,1d6+4,5.0,B
3900,38,16,6,3,1d12+4,1d6+4,48,14,5,3,1d8+4,1d6+4,7.0,B
3901,39,17,7,4,1d10+4,1d6+4,32,14,7,3,1d10+4,1d8+4,6.0,A
3902,48,18,7,4,1d8+4,1d8+4,35,15,8,3,1d10+4,1d8+4,0.0,A
3903,50,18,5,3,1d10+4,1d6+4,30,14,8,3,1d12+4,1d6+4,9.0,A
3904,49,16,6,3,1d12+4,1d8+4,31,16,5,4,1d12+4,1d6+4,0.0,B
3905,50,18,7,3,1d10+4,1d6+4,49,15,8,4,1d12+4,1d6+4,5.0,B
3906,39,17,8,5,1d12+4,1d6+4,34,17,7,3,1d8+4,1d6+4,1.0,A
3907,39,15,8,5,1d8+4,1d8+4,46,17,5,3,1d8+4,1d8+4,10.0,A
3908,44,18,7,5,1d12+4,1d8+4,40,15,7,5,1d10+4,1d6+4,6.0,B
3909,45,18,8,5,1d8+4,1d6+4,43,17,8,5,1d8+4,1d6+4,6.0,A
3910,45,14,8,5,1d12+4,1d8+4,35,16,5,4,1d8+4,1d8+4,10.0,A
3911,41,15,6,3,1d8+4,1d8+4,34,16,7,3,1d8+4,1d6+4,5.0,B
3912,37,14,7,5,1d10+4,1d6+4,37,18,8,5,1d12+4,1d8+4,7.0,B
3913,38,18,6,3,1d8+4,1d8+4,50,15,7,4,1d10+4,1d8+4,8.0,B
3914,44,15,7,5,1d12+4,1d8+4,45,16,5,5,1d10+4,1d6+4,1.0,A
3915,48,16,6,4,1d12+4,1d8+4,46,16,7,3,1d12+4,1d8+4,2.0,A
3916,35,15,8,3,1d10+4,1d6+4,46,17,6,4,1d8+4,1d8+4,1.0,B
3917,31,17,8,4,1d8+4,1d8+4,30,18,7,4,1d8+4,1d6+4,3.0,B
3918,39,14,5,5,1d8+4,1d8+4,35,18,5,3,1d10+4,1d8+4,3.0,B
3919,44,18,8,3,1d12+4,1d8+4,39,16,8,3,1d10+4,1d6+4,10.0,B
3920,39,16,5,5,1d8+4,1d6+4,34,18,7,4,1d10+4,1d6+4,2.0,A
3921,39,17,8,5,1d12+4,1d8+4,35,18,7,4,1d8+4,1d6+4,10.0,B
3922,35,16,7,4,1d12+4,1d8+4,45,14,6,4,1d12+4,1d8+4,4.0,B
3923,30,14,7,4,1d12+4,1d8+4,34,15,7,4,1d8+4,1d8+4,8.0,A
3924,33,14,8,4,1d8+4,1d6+4,43,17,6,5,1d12+4,1d6+4,0.0,B
3925,40,14,7,3,1d12+4,1d8+4,37,16,8,3,1d8+4,1d6+4,1.0,A
3926,40,15,7,5,1d10+4,1d8+4,49,14,6,3,1d10+4,1d6+4,9.0,B
3927,37,14,5,5,1d8+4,1d8+4,43,18,7,4,1d8+4,1d6+4,1.0,B
3928,30,14,6,5,1d12+4,1d6+4,31,14,8,5,1d8+4,1d8+4,10.0,B
3929,30,15,5,3,1d12+4,1d8+4,43,17,5,5,1d8+4,1d8+4,10.0,B
3930,41,16,6,3,1d8+4,1d6+4,49,14,6,5,1d12+4,1d6+4,4.0,A
3931,41,15,6,4,1d12+4,1d6+4,47,17,6,4,1d8+4,1d8+4,5.0,A
3932,48,17,8,3,1d10+4,1d6+4,48,15,5,3,1d8+4,1d8+4,10.0,B
3933,49,16,6,3,1d8+4,1d8+4,42,14,8,5,1d12+4,1d8+4,4.0,A
3934,45,18,5,4,1d8+4,1d6+4,50,16,5,4,1d10+4,1d6+4,6.0,B
3935,31,16,6,5,1d12+4,1d6+4,50,17,7,5,1d10+4,1d8+4,10.0,B
3936,48,14,6,5,1d10+4,1d8+4,35,16,7,5,1d10+4,1d8+4,10.0,A
3937,44,18,6,3,1d8+4,1d8+4,33,15,8,4,1d8+4,1d8+4,2.0,A
3938,45,16,6,3,1d10+4,1d8+4,49,15,8,3,1d12+4,1d6+4,0.0,B
3939,49,17,8,5,1d12+4,1d8+4,48,15,7,3,1d8+4,1d6+4,3.0,A
3940,44,14,6,3,1d12+4,1d8+4,30,16,8,3,1d12+4,1d8+4,6.0,A
3941,39,15,5,5,1d10+4,1d8+4,33,15,7,4,1d8+4,1d8+4,3.0,A
3942,36,17,8,3,1d12+4,1d6+4,35,16,5,3,1d10+4,1d8+4,2.0,A
3943,50,18,8,5,1d12+4,1d8+4,34,17,6,4,1d8+4,1d8+4,10.0,A
3944,41,16,7,3,1d10+4,1d6+4,41,17,6,5,1d12+4,1d6+4,3.0,B
3945,46,16,5,5,1d10+4,1d6+4,33,18,7,3,1d12+4,1d8+4,6.0,B
3946,43,15,8,4,1d12+4,1d6+4,30,14,6,5,1d12+4,1d8+4,2.0,A
3947,46,14,5,5,1d8+4,1d6+4,47,18,6,3,1d10+4,1d6+4,4.0,A
3948,48,14,6,4,1d10+4,1d8+4,47,14,6,3,1d8+4,1d8+4,3.0,B
3949,50,18,5,5,1d12+4,1d8+4,44,14,8,4,1d8+4,1d6+4,2.0,A
3950,48,18,6,4,1d10+4,1d6+4,47,18,5,5,1d12+4,1d6+4,8.0,A
3951,31,17,6,4,1d8+4,1d6+4,47,16,7,3,1d10+4,1d8+4,5.0,B
3952,31,15,5,4,1d12+4,1d8+4,49,17,7,5,1d8+4,1d6+4,0.0,B
3953,47,14,8,4,1d12+4,1d6+4,45,18,7,3,1d10+4,1d6+4,2.0,A
3954,39,15,8,5,1d12+4,1d8+4,35,14,8,3,1d10+4,1d8+4,10.0,A
3955,36,17,7,4,1d8+4,1d6+4,32,18,8,5,1d10+4,1d6+4,2.0,A
3956,40,15,5,5,1d8+4,1d6+4,35,17,8,5,1d10+4,1d8+4,0.0,A
3957,49,14,7,5,1d12+4,1d6+4,36,15,8,5,1d12+4,1d6+4,1.0,B
3958,42,15,8,3,1d12+4,1d6+4,46,14,8,3,1d12+4,1d6+4,1.0,B
3959,45,17,5,5,1d8+4,1d8+4,39,17,6,3,1d12+4,1d8+4,9.0,B
3960,37,14,5,3,1d10+4,1d6+4,38,14,8,3,1d12+4,1d6+4,4.0,A
3961,50,18,8,4,1d10+4,1d8+4,42,17,6,5,1d12+4,1d6+4,2.0,A
3962,37,14,7,4,1d8+4,1d8+4,46,18,8,4,1d12+4,1d8+4,10.0,B
3963,33,18,5,5,1d8+4,1d6+4,48,16,6,4,1d8+4,1d6+4,7.0,A
3964,37,17,5,3,1d8+4,1d8+4,44,14,7,3,1d8+4,1d8+4,0.0,B
3965,30,15,5,4,1d12+4,1d6+4,39,14,7,3,1d10+4,1d6+4,3.0,B
3966,40,15,5,4,1d8+4,1d6+4,42,18,5,5,1d12+4,1d8+4,4.0,B
3967,48,14,5,3,1d8+4,1d8+4,50,16,6,5,1d10+4,1d6+4,10.0,B
3968,41,15,8,4,1d12+4,1d6+4,40,15,8,4,1d10+4,1d6+4,5.0,A
3969,32,15,7,3,1d8+4,1d8+4,33,18,6,4,1d8+4,1d6+4,7.0,B
3970,45,15,8,3,1d12+4,1d6+4,45,15,7,3,1d10+4,1d8+4,0.0,A
3971,46,18,5,3,1d10+4,1d6+4,33,17,6,3,1d8+4,1d8+4,1.0,A
3972,40,16,6,4,1d10+4,1d6+4,33,15,7,3,1d8+4,1d6+4,8.0,A
3973,32,18,6,3,1d10+4,1d8+4,38,18,7,3,1d8+4,1d6+4,9.0,A
3974,30,16,6,5,1d10+4,1d6+4,41,16,8,3,1d12+4,1d6+4,6.0,B
3975,37,14,5,5,1d8+4,1d8+4,31,15,7,5,1d8+4,1d8+4,3.0,B
3976,34,18,8,4,1d12+4,1d8+4,47,18,7,3,1d8+4,1d6+4,3.0,B
3977,47,18,8,3,1d10+4,1d6+4,50,18,7,3,1d12+4,1d6+4,2.0,B
3978,41,16,8,5,1d10+4,1d6+4,30,17,8,4,1d8+4,1d8+4,2.0,A
3979,38,14,8,4,1d8+4,1d6+4,38,15,7,4,1d10+4,1d8+4,10.0,A
3980,45,18,7,4,1d10+4,1d6+4,34,18,6,4,1d10+4,1d8+4,6.0,A
3981,46,16,6,4,1d12+4,1d8+4,38,17,6,4,1d8+4,1d8+4,8.0,A
3982,37,17,5,5,1d10+4,1d8+4,32,17,8,4,1d8+4,1d8+4,10.0,A
3983,43,14,7,3,1d12+4,1d8+4,31,16,8,4,1d12+4,1d8+4,1.0,B
3984,43,15,8,4,1d12+4,1d8+4,40,17,6,5,1d10+4,1d6+4,0.0,A
3985,43,15,5,4,1d10+4,1d6+4,45,17,8,3,1d8+4,1d8+4,2.0,B
3986,31,14,5,3,1d12+4,1d8+4,48,18,6,4,1d8+4,1d8+4,5.0,B
3987,34,14,7,5,1d12+4,1d8+4,41,15,7,5,1d10+4,1d6+4,6.0,B
3988,45,16,7,5,1d8+4,1d8+4,33,15,6,4,1d12+4,1d8+4,10.0,A
3989,40,14,5,4,1d10+4,1d6+4,41,17,7,4,1d10+4,1d8+4,8.0,B
3990,50,15,7,4,1d8+4,1d8+4,44,14,5,4,1d12+4,1d6+4,0.0,A
3991,47,15,6,5,1d12+4,1d8+4,30,18,8,4,1d10+4,1d8+4,4.0,A
3992,50,16,8,4,1d12+4,1d6+4,40,16,8,3,1d12+4,1d6+4,8.0,A
3993,48,15,6,3,1d10+4,1d8+4,31,14,5,4,1d10+4,1d8+4,0.0,A
3994,33,14,7,5,1d12+4,1d6+4,31,18,8,5,1d12+4,1d6+4,0.0,A
3995,48,17,7,5,1d8+4,1d8+4,43,18,8,5,1d8+4,1d8+4,8.0,A
3996,46,16,6,5,1d8+4,1d8+4,38,18,7,3,1d8+4,1d6+4,10.0,B
3997,30,18,7,5,1d8+4,1d8+4,48,14,6,3,1d10+4,1d8+4,10.0,A
3998,43,14,6,3,1d12+4,1d6+4,39,14,6,5,1d8+4,1d8+4,1.0,B
3999,37,17,5,5,1d8+4,1d8+4,30,14,5,5,1d10+4,1d6+4,4.0,A
4000,46,14,6,3,1d12+4,1d6+4,50,17,7,3,1d8+4,1d8+4,5.0,A
4001,36,15,5,3,1d8+4,1d6+4,38,17,5,5,1d8+4,1d8+4,4.0,B
4002,41,15,5,3,1d8+4,1d8+4,43,17,7,4,1d12+4,1d8+4,4.0,B
4003,50,17,6,3,1d12+4,1d8+4,35,18,8,5,1d10+4,1d8+4,4.0,A
4004,33,15,7,4,1d8+4,1d6+4,40,16,8,5,1d8+4,1d6+4,5.0,B
4005,42,15,5,3,1d8+4,1d6+4,47,18,7,3,1d10+4,1d6+4,0.0,B
4006,38,18,6,4,1d8+4,1d8+4,44,14,6,4,1d10+4,1d6+4,6.0,B
4007,32,17,8,4,1d12+4,1d6+4,36,15,7,5,1d10+4,1d8+4,8.0,A
4008,41,18,8,3,1d12+4,1d6+4,43,14,6,5,1d10+4,1d8+4,5.0,B
4009,33,17,7,5,1d12+4,1d8+4,30,16,6,5,1d12+4,1d8+4,3.0,A
4010,50,16,8,4,1d10+4,1d8+4,34,18,7,5,1d8+4,1d8+4,6.0,A
4011,36,15,5,5,1d10+4,1d8+4,48,14,8,3,1d8+4,1d6+4,1.0,B
4012,44,15,7,3,1d12+4,1d6+4,42,17,8,4,1d10+4,1d8+4,10.0,B
4013,34,17,8,4,1d8+4,1d6+4,37,18,7,3,1d10+4,1d6+4,3.0,A
4014,31,18,7,5,1d10+4,1d8+4,48,14,8,3,1d10+4,1d6+4,0.0,A
4015,38,17,7,5,1d10+4,1d6+4,35,14,5,3,1d10+4,1d8+4,7.0,B
4016,41,15,6,5,1d12+4,1d8+4,42,15,6,4,1d8+4,1d8+4,10.0,A
4017,36,17,8,4,1d12+4,1d8+4,33,16,8,4,1d8+4,1d6+4,0.0,A
4018,50,17,7,5,1d12+4,1d8+4,43,14,5,3,1d8+4,1d6+4,7.0,A
4019,32,18,5,3,1d12+4,1d8+4,31,18,6,5,1d10+4,1d8+4,2.0,B
4020,39,18,7,5,1d8+4,1d6+4,48,14,7,5,1d10+4,1d8+4,7.0,B
4021,48,17,8,5,1d10+4,1d6+4,43,17,7,5,1d10+4,1d8+4,4.0,A
4022,47,18,6,4,1d8+4,1d8+4,39,15,8,5,1d8+4,1d6+4,1.0,B
4023,32,17,6,3,1d12+4,1d8+4,46,16,5,5,1d10+4,1d8+4,6.0,A
4024,34,16,5,4,1d10+4,1d8+4,33,18,6,5,1d10+4,1d6+4,10.0,B
4025,48,14,7,5,1d8+4,1d6+4,42,16,5,4,1d12+4,1d6+4,5.0,B
4026,33,14,8,4,1d12+4,1d8+4,41,14,6,4,1d8+4,1d6+4,7.0,A
4027,45,18,5,3,1d10+4,1d8+4,36,17,6,5,1d8+4,1d6+4,8.0,A
4028,49,14,8,3,1d10+4,1d6+4,43,16,7,5,1d12+4,1d8+4,10.0,A
4029,35,17,7,5,1d12+4,1d6+4,48,17,5,5,1d8+4,1d6+4,6.0,B
4030,48,15,7,3,1d8+4,1d6+4,39,15,8,5,1d8+4,1d6+4,4.0,A
4031,31,15,6,4,1d10+4,1d6+4,50,14,5,5,1d8+4,1d6+4,4.0,A
4032,48,14,6,4,1d10+4,1d6+4,44,17,7,4,1d8+4,1d6+4,0.0,B
4033,45,16,6,4,1d8+4,1d8+4,50,16,8,5,1d10+4,1d8+4,10.0,A
4034,30,17,7,5,1d8+4,1d8+4,38,18,7,4,1d10+4,1d6+4,7.0,B
4035,37,16,6,4,1d8+4,1d8+4,39,16,8,5,1d12+4,1d6+4,9.0,A
4036,50,16,5,3,1d10+4,1d6+4,35,14,5,4,1d8+4,1d8+4,4.0,A
4037,37,14,7,5,1d12+4,1d8+4,48,16,5,5,1d10+4,1d6+4,2.0,A
4038,37,16,7,5,1d8+4,1d6+4,47,17,8,3,1d8+4,1d6+4,4.0,B
4039,49,15,8,3,1d10+4,1d8+4,41,16,8,5,1d8+4,1d6+4,6.0,A
4040,36,18,7,5,1d8+4,1d8+4,38,18,7,4,1d8+4,1d8+4,2.0,A
4041,41,14,6,5,1d12+4,1d6+4,36,14,7,3,1d10+4,1d8+4,0.0,A
4042,36,17,7,5,1d12+4,1d6+4,46,18,6,3,1d12+4,1d6+4,9.0,A
4043,42,18,8,5,1d12+4,1d8+4,36,16,6,5,1d10+4,1d6+4,8.0,A
4044,41,14,8,5,1d10+4,1d8+4,32,16,7,3,1d10+4,1d8+4,1.0,B
4045,47,15,7,4,1d10+4,1d6+4,47,17,5,5,1d10+4,1d6+4,7.0,A
4046,34,17,6,3,1d10+4,1d6+4,37,15,8,5,1d12+4,1d8+4,3.0,B
4047,47,14,5,5,1d8+4,1d8+4,47,17,6,5,1d8+4,1d8+4,2.0,B
4048,31,15,6,4,1d12+4,1d8+4,37,17,7,5,1d8+4,1d6+4,1.0,B
4049,30,14,6,4,1d8+4,1d6+4,32,16,5,5,1d10+4,1d6+4,3.0,A
4050,33,17,6,3,1d12+4,1d6+4,32,16,8,5,1d10+4,1d8+4,7.0,B
4051,30,16,7,3,1d8+4,1d6+4,31,17,6,4,1d12+4,1d8+4,6.0,B
4052,44,17,5,5,1d12+4,1d8+4,44,15,6,5,1d12+4,1d8+4,8.0,A
4053,38,15,6,3,1d10+4,1d8+4,46,16,8,3,1d10+4,1d6+4,0.0,B
4054,33,15,7,4,1d12+4,1d8+4,39,14,8,5,1d12+4,1d8+4,10.0,A
4055,44,15,7,3,1d8+4,1d8+4,49,16,5,3,1d10+4,1d8+4,6.0,B
4056,49,15,8,4,1d12+4,1d6+4,37,14,5,3,1d10+4,1d6+4,6.0,A
4057,43,15,7,3,1d8+4,1d6+4,50,18,5,5,1d10+4,1d6+4,6.0,A
4058,47,14,8,4,1d8+4,1d6+4,42,17,5,3,1d8+4,1d8+4,1.0,B
4059,46,14,8,3,1d8+4,1d8+4,36,15,5,4,1d8+4,1d8+4,3.0,A
4060,49,15,7,5,1d8+4,1d8+4,42,14,7,5,1d10+4,1d8+4,6.0,A
4061,40,16,7,3,1d12+4,1d6+4,34,14,6,3,1d8+4,1d8+4,10.0,A
4062,37,15,6,4,1d8+4,1d8+4,48,18,8,3,1d10+4,1d8+4,9.0,B
4063,35,18,7,4,1d8+4,1d8+4,31,15,8,4,1d10+4,1d6+4,5.0,A
4064,32,14,6,4,1d8+4,1d8+4,39,14,5,3,1d12+4,1d6+4,4.0,A
4065,39,15,6,4,1d8+4,1d8+4,49,14,5,5,1d10+4,1d8+4,4.0,A
4066,50,14,7,3,1d8+4,1d8+4,40,15,7,4,1d8+4,1d8+4,6.0,A
4067,48,18,5,3,1d12+4,1d8+4,45,18,5,4,1d8+4,1d6+4,1.0,A
4068,46,15,8,4,1d12+4,1d6+4,37,14,7,3,1d8+4,1d6+4,0.0,B
4069,50,17,7,3,1d10+4,1d6+4,34,17,5,3,1d12+4,1d8+4,3.0,A
4070,31,15,8,3,1d8+4,1d8+4,36,15,7,4,1d12+4,1d6+4,9.0,B
4071,37,14,7,3,1d8+4,1d6+4,41,17,5,4,1d8+4,1d8+4,9.0,A
4072,46,15,5,4,1d12+4,1d8+4,46,17,8,3,1d8+4,1d8+4,1.0,B
4073,42,14,6,4,1d8+4,1d8+4,34,17,7,4,1d8+4,1d8+4,9.0,B
4074,41,14,8,5,1d10+4,1d8+4,45,16,6,4,1d12+4,1d6+4,4.0,A
4075,44,16,7,5,1d12+4,1d8+4,40,17,6,5,1d12+4,1d6+4,3.0,A
4076,41,14,8,5,1d10+4,1d8+4,34,14,8,5,1d8+4,1d6+4,9.0,A
4077,34,17,8,3,1d10+4,1d6+4,40,17,5,4,1d10+4,1d8+4,6.0,A
4078,47,18,6,3,1d12+4,1d8+4,36,18,7,4,1d8+4,1d6+4,3.0,A
4079,44,18,6,5,1d12+4,1d6+4,50,14,7,5,1d10+4,1d6+4,4.0,A
4080,43,15,6,5,1d8+4,1d6+4,39,14,6,5,1d10+4,1d6+4,2.0,A
4081,48,18,7,5,1d12+4,1d8+4,37,15,7,3,1d8+4,1d6+4,10.0,A
4082,40,16,8,5,1d8+4,1d8+4,40,17,7,4,1d12+4,1d6+4,8.0,A
4083,43,15,6,5,1d8+4,1d6+4,47,14,7,4,1d8+4,1d6+4,7.0,B
4084,47,14,6,4,1d12+4,1d6+4,49,18,6,3,1d8+4,1d8+4,5.0,B
4085,43,16,6,4,1d10+4,1d6+4,50,18,6,3,1d10+4,1d8+4,10.0,B
4086,50,16,5,5,1d10+4,1d8+4,40,14,7,3,1d10+4,1d8+4,4.0,A
4087,37,18,8,3,1d10+4,1d6+4,30,16,7,3,1d10+4,1d6+4,8.0,B
4088,38,16,7,5,1d8+4,1d6+4,43,16,7,4,1d8+4,1d6+4,1.0,A
4089,35,14,6,5,1d10+4,1d6+4,32,17,7,3,1d10+4,1d6+4,8.0,B
4090,32,17,5,4,1d12+4,1d8+4,43,14,5,4,1d12+4,1d8+4,3.0,B
4091,47,16,8,3,1d12+4,1d6+4,47,18,6,3,1d8+4,1d6+4,6.0,A
4092,40,17,8,4,1d8+4,1d6+4,31,17,5,4,1d12+4,1d8+4,3.0,B
4093,46,16,7,3,1d12+4,1d6+4,42,18,5,4,1d8+4,1d6+4,10.0,A
4094,31,16,7,4,1d8+4,1d8+4,32,17,6,5,1d10+4,1d8+4,4.0,A
4095,47,14,8,3,1d8+4,1d8+4,48,18,5,5,1d10+4,1d6+4,7.0,A
4096,49,17,5,4,1d8+4,1d6+4,31,17,5,4,1d10+4,1d6+4,10.0,B
4097,48,18,5,4,1d8+4,1d6+4,32,15,8,4,1d10+4,1d8+4,6.0,A
4098,33,18,7,5,1d10+4,1d8+4,33,15,7,3,1d8+4,1d6+4,3.0,A
4099,35,16,7,4,1d10+4,1d6+4,33,14,8,3,1d10+4,1d6+4,4.0,A
4100,32,18,5,4,1d12+4,1d8+4,50,17,6,4,1d10+4,1d6+4,7.0,B
4101,50,17,6,3,1d10+4,1d8+4,48,14,5,5,1d10+4,1d6+4,1.0,A
4102,42,14,7,3,1d10+4,1d6+4,48,15,5,3,1d8+4,1d8+4,10.0,B
4103,35,15,7,5,1d8+4,1d6+4,47,16,8,5,1d12+4,1d6+4,4.0,A
4104,31,16,6,5,1d10+4,1d6+4,37,16,6,3,1d12+4,1d6+4,1.0,A
4105,36,15,8,4,1d10+4,1d8+4,30,16,7,4,1d8+4,1d6+4,7.0,A
4106,43,17,5,5,1d8+4,1d6+4,37,14,5,5,1d8+4,1d6+4,9.0,B
4107,33,16,8,3,1d10+4,1d8+4,42,17,6,4,1d10+4,1d8+4,6.0,B
4108,45,16,6,5,1d8+4,1d6+4,41,16,6,3,1d8+4,1d6+4,6.0,A
4109,35,15,5,3,1d12+4,1d6+4,32,18,5,4,1d12+4,1d6+4,5.0,B
4110,38,17,7,5,1d8+4,1d6+4,40,15,6,4,1d8+4,1d8+4,0.0,A
4111,50,17,7,4,1d8+4,1d6+4,39,18,6,4,1d12+4,1d6+4,6.0,B
4112,35,15,8,4,1d10+4,1d6+4,39,14,6,5,1d8+4,1d6+4,1.0,B
4113,42,18,5,4,1d12+4,1d6+4,37,16,5,4,1d10+4,1d8+4,8.0,A
4114,30,15,8,5,1d10+4,1d8+4,39,17,8,4,1d12+4,1d6+4,3.0,A
4115,41,14,6,3,1d10+4,1d6+4,37,17,5,5,1d10+4,1d8+4,0.0,B
4116,32,14,5,4,1d8+4,1d6+4,35,14,7,5,1d12+4,1d8+4,2.0,A
4117,34,18,6,5,1d8+4,1d8+4,38,17,5,4,1d10+4,1d8+4,6.0,B
4118,45,15,5,4,1d10+4,1d8+4,37,15,5,5,1d8+4,1d6+4,1.0,B
4119,50,15,6,5,1d12+4,1d8+4,32,17,6,3,1d10+4,1d6+4,9.0,A
4120,44,18,8,4,1d12+4,1d8+4,30,14,5,4,1d10+4,1d6+4,0.0,A
4121,50,18,6,3,1d10+4,1d6+4,38,16,6,3,1d10+4,1d6+4,3.0,A
4122,42,17,5,4,1d8+4,1d6+4,50,16,6,4,1d10+4,1d8+4,0.0,A
4123,35,16,5,3,1d12+4,1d8+4,48,18,5,5,1d8+4,1d6+4,10.0,A
4124,37,17,6,4,1d8+4,1d8+4,42,14,8,3,1d12+4,1d6+4,1.0,B
4125,37,16,7,5,1d12+4,1d8+4,50,14,8,3,1d10+4,1d6+4,7.0,A
4126,49,14,8,5,1d8+4,1d6+4,43,18,7,5,1d12+4,1d6+4,9.0,A
4127,48,17,7,4,1d8+4,1d8+4,41,18,6,4,1d8+4,1d8+4,6.0,B
4128,35,15,5,5,1d8+4,1d6+4,45,15,7,5,1d8+4,1d8+4,2.0,B
4129,39,14,5,4,1d10+4,1d8+4,41,18,5,3,1d12+4,1d8+4,6.0,A
4130,49,14,8,5,1d8+4,1d6+4,50,15,5,3,1d10+4,1d6+4,9.0,B
4131,34,16,8,5,1d10+4,1d8+4,36,16,8,3,1d8+4,1d8+4,0.0,B
4132,30,17,7,3,1d8+4,1d6+4,33,17,6,4,1d8+4,1d8+4,4.0,B
4133,44,17,6,3,1d10+4,1d8+4,30,15,7,5,1d10+4,1d8+4,0.0,A
4134,42,15,7,4,1d8+4,1d8+4,46,16,5,5,1d12+4,1d6+4,4.0,A
4135,34,15,6,3,1d10+4,1d8+4,43,15,8,5,1d10+4,1d8+4,7.0,B
4136,48,15,8,5,1d8+4,1d8+4,46,15,5,5,1d12+4,1d8+4,6.0,A
4137,41,18,7,4,1d8+4,1d6+4,40,17,6,3,1d12+4,1d6+4,1.0,B
4138,32,16,5,3,1d12+4,1d6+4,35,15,7,3,1d12+4,1d8+4,0.0,A
4139,48,14,6,4,1d10+4,1d6+4,34,15,8,3,1d10+4,1d6+4,7.0,A
4140,33,14,5,4,1d12+4,1d8+4,42,14,6,3,1d10+4,1d6+4,9.0,B
4141,39,17,7,4,1d10+4,1d8+4,46,18,8,4,1d10+4,1d8+4,7.0,B
4142,40,16,8,4,1d10+4,1d8+4,42,16,5,3,1d12+4,1d8+4,9.0,A
4143,41,16,6,3,1d8+4,1d6+4,41,15,5,3,1d10+4,1d8+4,8.0,A
4144,35,17,6,4,1d10+4,1d8+4,48,16,7,4,1d12+4,1d8+4,9.0,B
4145,46,15,7,4,1d10+4,1d6+4,30,18,8,4,1d8+4,1d8+4,0.0,A
4146,49,18,5,3,1d8+4,1d6+4,31,16,5,5,1d10+4,1d8+4,10.0,A
4147,34,18,7,5,1d8+4,1d8+4,48,14,7,3,1d8+4,1d6+4,6.0,B
4148,35,17,5,4,1d10+4,1d6+4,32,14,6,5,1d8+4,1d6+4,1.0,A
4149,41,16,6,5,1d8+4,1d8+4,35,14,6,5,1d12+4,1d8+4,6.0,A
4150,35,15,6,3,1d12+4,1d8+4,31,18,7,3,1d8+4,1d8+4,4.0,A
4151,48,17,8,3,1d10+4,1d6+4,32,14,5,5,1d8+4,1d8+4,9.0,A
4152,36,15,5,3,1d12+4,1d8+4,32,18,7,5,1d10+4,1d8+4,5.0,A
4153,48,17,8,4,1d8+4,1d6+4,37,16,6,5,1d8+4,1d6+4,8.0,A
4154,31,17,6,3,1d8+4,1d8+4,33,15,7,3,1d8+4,1d8+4,10.0,B
4155,40,16,8,5,1d8+4,1d6+4,44,14,8,5,1d10+4,1d8+4,2.0,A
4156,31,15,7,4,1d8+4,1d8+4,39,14,7,5,1d10+4,1d8+4,4.0,A
4157,31,16,8,4,1d12+4,1d8+4,38,17,6,4,1d10+4,1d8+4,7.0,A
4158,35,18,5,4,1d8+4,1d6+4,47,17,8,4,1d12+4,1d8+4,6.0,B
4159,43,16,7,3,1d10+4,1d6+4,44,16,8,4,1d12+4,1d8+4,3.0,B
4160,43,18,7,3,1d12+4,1d8+4,31,18,8,3,1d8+4,1d6+4,4.0,A
4161,35,16,5,4,1d12+4,1d8+4,32,18,7,3,1d12+4,1d6+4,5.0,B
4162,39,16,7,5,1d8+4,1d6+4,41,14,8,4,1d8+4,1d6+4,9.0,B
4163,45,15,7,5,1d12+4,1d6+4,47,14,5,5,1d8+4,1d6+4,7.0,B
4164,50,17,5,3,1d8+4,1d8+4,36,18,8,4,1d8+4,1d6+4,0.0,A
4165,50,14,6,4,1d8+4,1d6+4,49,17,6,3,1d12+4,1d6+4,5.0,A
4166,49,15,8,5,1d12+4,1d6+4,31,17,8,5,1d8+4,1d6+4,8.0,A
4167,36,14,6,4,1d12+4,1d8+4,34,18,8,3,1d8+4,1d6+4,9.0,A
4168,46,16,6,4,1d8+4,1d8+4,42,15,8,4,1d10+4,1d8+4,6.0,A
4169,32,18,8,3,1d8+4,1d8+4,49,14,8,5,1d8+4,1d6+4,8.0,B
4170,41,14,8,4,1d12+4,1d8+4,38,14,6,5,1d8+4,1d8+4,3.0,B
4171,32,16,5,3,1d12+4,1d8+4,40,17,8,3,1d10+4,1d8+4,0.0,B
4172,33,18,6,4,1d12+4,1d8+4,47,16,7,3,1d10+4,1d8+4,0.0,A
4173,39,14,6,4,1d10+4,1d6+4,38,14,7,5,1d8+4,1d8+4,3.0,B
4174,37,16,7,3,1d10+4,1d6+4,43,16,7,4,1d10+4,1d8+4,3.0,B
4175,38,16,8,5,1d8+4,1d6+4,41,18,6,5,1d10+4,1d6+4,3.0,A
4176,43,14,8,3,1d12+4,1d8+4,45,15,7,3,1d8+4,1d8+4,6.0,B
4177,33,14,7,5,1d10+4,1d8+4,38,15,8,3,1d10+4,1d8+4,1.0,B
4178,48,15,6,4,1d12+4,1d6+4,48,17,6,4,1d10+4,1d6+4,5.0,B
4179,32,14,7,5,1d8+4,1d6+4,38,15,8,3,1d8+4,1d6+4,6.0,A
4180,41,16,8,4,1d8+4,1d6+4,35,18,6,4,1d12+4,1d8+4,4.0,B
4181,31,17,6,5,1d10+4,1d8+4,34,18,6,4,1d10+4,1d6+4,7.0,B
4182,41,15,6,3,1d10+4,1d6+4,43,14,6,5,1d8+4,1d8+4,1.0,A
4183,50,17,5,5,1d8+4,1d8+4,38,15,5,5,1d12+4,1d8+4,5.0,A
4184,39,18,7,4,1d8+4,1d6+4,43,14,6,5,1d10+4,1d6+4,2.0,B
4185,38,18,5,4,1d8+4,1d6+4,36,15,5,5,1d12+4,1d6+4,9.0,A
4186,32,16,8,4,1d8+4,1d6+4,45,15,5,5,1d12+4,1d8+4,5.0,A
4187,38,14,7,4,1d10+4,1d8+4,41,17,6,3,1d8+4,1d8+4,5.0,B
4188,41,16,6,5,1d8+4,1d6+4,32,17,5,5,1d10+4,1d8+4,3.0,A
4189,38,14,6,5,1d8+4,1d8+4,48,17,7,5,1d8+4,1d8+4,6.0,B
4190,50,17,8,5,1d10+4,1d6+4,43,16,6,3,1d8+4,1d6+4,0.0,A
4191,39,16,7,4,1d12+4,1d6+4,41,17,5,5,1d8+4,1d6+4,4.0,A
4192,38,17,8,5,1d12+4,1d6+4,32,14,5,4,1d12+4,1d8+4,4.0,A
4193,36,15,7,5,1d8+4,1d8+4,39,16,5,5,1d8+4,1d6+4,4.0,B
4194,33,18,5,4,1d10+4,1d6+4,44,16,5,4,1d10+4,1d6+4,1.0,A
4195,38,16,8,3,1d8+4,1d6+4,40,18,6,3,1d12+4,1d6+4,2.0,A
4196,43,16,7,4,1d12+4,1d8+4,45,18,8,4,1d8+4,1d6+4,9.0,B
4197,41,16,6,3,1d8+4,1d6+4,35,17,7,4,1d12+4,1d6+4,3.0,A
4198,43,16,7,3,1d8+4,1d6+4,34,15,6,5,1d10+4,1d6+4,2.0,A
4199,45,14,5,5,1d10+4,1d6+4,49,16,5,5,1d10+4,1d8+4,0.0,A
4200,32,15,7,4,1d10+4,1d6+4,42,14,6,3,1d8+4,1d6+4,5.0,B
4201,44,15,8,5,1d12+4,1d6+4,50,18,8,5,1d12+4,1d8+4,8.0,B
4202,44,15,7,5,1d8+4,1d8+4,44,15,5,3,1d10+4,1d8+4,6.0,B
4203,44,17,8,4,1d10+4,1d6+4,34,15,5,5,1d10+4,1d8+4,2.0,A
4204,37,14,6,3,1d10+4,1d8+4,50,15,8,3,1d12+4,1d6+4,5.0,B
4205,33,18,5,4,1d8+4,1d6+4,46,14,8,4,1d8+4,1d6+4,7.0,B
4206,35,16,7,4,1d8+4,1d8+4,36,15,8,5,1d8+4,1d6+4,7.0,B
4207,44,14,5,5,1d10+4,1d8+4,43,14,8,5,1d8+4,1d8+4,4.0,B
4208,37,15,5,5,1d8+4,1d8+4,46,16,8,4,1d12+4,1d8+4,10.0,B
4209,42,14,7,4,1d12+4,1d6+4,42,14,5,5,1d8+4,1d6+4,4.0,A
4210,39,17,5,3,1d10+4,1d8+4,39,18,5,4,1d10+4,1d8+4,5.0,B
4211,39,15,8,4,1d10+4,1d8+4,40,16,7,5,1d8+4,1d6+4,1.0,A
4212,37,18,7,5,1d8+4,1d6+4,46,15,6,5,1d10+4,1d6+4,8.0,B
4213,43,16,5,5,1d8+4,1d6+4,39,18,6,5,1d10+4,1d8+4,5.0,B
4214,36,17,6,4,1d10+4,1d8+4,42,18,7,3,1d12+4,1d8+4,4.0,B
4215,41,18,8,3,1d10+4,1d6+4,32,14,6,3,1d12+4,1d8+4,1.0,A
4216,31,15,7,5,1d8+4,1d6+4,46,17,6,4,1d8+4,1d8+4,8.0,A
4217,43,18,7,5,1d10+4,1d6+4,30,17,6,4,1d8+4,1d6+4,3.0,A
4218,39,15,8,4,1d12+4,1d6+4,40,16,6,4,1d12+4,1d6+4,8.0,B
4219,49,15,7,5,1d10+4,1d6+4,31,15,5,3,1d12+4,1d8+4,8.0,A
4220,49,18,6,5,1d8+4,1d8+4,44,18,8,5,1d10+4,1d6+4,9.0,A
4221,30,17,5,5,1d10+4,1d8+4,48,16,8,3,1d8+4,1d6+4,0.0,B
4222,42,16,7,5,1d8+4,1d6+4,30,18,5,3,1d10+4,1d8+4,7.0,B
4223,31,18,6,3,1d12+4,1d8+4,49,16,8,3,1d10+4,1d6+4,2.0,B
4224,34,18,8,5,1d10+4,1d8+4,30,18,8,3,1d12+4,1d6+4,0.0,B
4225,33,16,7,3,1d10+4,1d8+4,36,17,6,5,1d10+4,1d8+4,6.0,A
4226,47,16,7,4,1d8+4,1d6+4,36,15,8,5,1d10+4,1d6+4,7.0,A
4227,40,14,7,5,1d12+4,1d8+4,30,14,8,3,1d10+4,1d8+4,8.0,A
4228,46,14,5,4,1d10+4,1d6+4,37,17,8,4,1d8+4,1d6+4,8.0,A
4229,33,16,8,5,1d10+4,1d8+4,37,16,7,3,1d10+4,1d8+4,1.0,A
4230,42,17,6,3,1d10+4,1d8+4,50,16,5,4,1d8+4,1d8+4,7.0,A
4231,30,17,7,4,1d10+4,1d8+4,35,18,6,4,1d12+4,1d8+4,8.0,B
4232,32,17,5,4,1d8+4,1d8+4,30,15,6,3,1d8+4,1d6+4,6.0,A
4233,39,15,8,3,1d8+4,1d6+4,43,15,7,5,1d10+4,1d6+4,3.0,A
4234,40,14,5,4,1d10+4,1d8+4,49,17,7,4,1d10+4,1d6+4,9.0,B
4235,47,14,6,4,1d12+4,1d6+4,40,16,5,5,1d12+4,1d6+4,9.0,B
4236,36,16,5,5,1d8+4,1d6+4,44,17,7,5,1d12+4,1d6+4,9.0,B
4237,40,16,5,3,1d8+4,1d6+4,41,15,7,4,1d10+4,1d8+4,0.0,A
4238,38,14,5,5,1d8+4,1d6+4,48,14,8,4,1d10+4,1d8+4,0.0,B
4239,43,15,8,3,1d12+4,1d8+4,36,17,7,3,1d10+4,1d8+4,2.0,A
4240,41,18,6,5,1d10+4,1d6+4,30,18,6,4,1d8+4,1d8+4,10.0,A
4241,44,17,8,3,1d8+4,1d6+4,32,16,8,3,1d8+4,1d6+4,5.0,A
4242,45,15,7,4,1d12+4,1d6+4,35,17,8,3,1d12+4,1d6+4,2.0,A
4243,37,16,7,5,1d12+4,1d6+4,50,14,7,4,1d8+4,1d6+4,3.0,B
4244,37,15,7,3,1d10+4,1d8+4,37,14,6,4,1d10+4,1d8+4,5.0,A
4245,50,14,8,3,1d8+4,1d8+4,37,17,6,3,1d8+4,1d8+4,9.0,A
4246,32,17,6,5,1d8+4,1d6+4,31,18,5,3,1d10+4,1d8+4,7.0,A
4247,37,17,8,3,1d8+4,1d6+4,42,17,8,3,1d10+4,1d6+4,2.0,B
4248,36,17,7,5,1d10+4,1d8+4,33,16,7,3,1d8+4,1d6+4,7.0,B
4249,48,18,7,3,1d8+4,1d8+4,48,14,6,5,1d8+4,1d8+4,6.0,A
4250,39,18,5,3,1d10+4,1d8+4,47,15,6,5,1d12+4,1d8+4,1.0,B
4251,42,15,5,3,1d12+4,1d8+4,44,15,5,3,1d8+4,1d6+4,0.0,B
4252,35,14,7,3,1d8+4,1d8+4,50,17,6,5,1d8+4,1d8+4,1.0,B
4253,35,17,8,3,1d10+4,1d8+4,39,15,6,4,1d8+4,1d6+4,4.0,A
4254,34,18,8,3,1d8+4,1d8+4,35,18,8,3,1d8+4,1d6+4,5.0,A
4255,33,17,8,4,1d12+4,1d6+4,48,14,5,5,1d10+4,1d8+4,3.0,A
4256,31,15,7,4,1d10+4,1d8+4,37,16,7,3,1d12+4,1d8+4,2.0,A
4257,30,14,7,4,1d8+4,1d8+4,31,14,7,4,1d8+4,1d8+4,5.0,A
4258,49,18,8,5,1d8+4,1d6+4,31,14,8,4,1d10+4,1d6+4,8.0,A
4259,45,16,6,3,1d10+4,1d8+4,42,16,7,5,1d12+4,1d6+4,6.0,A
4260,31,18,8,5,1d10+4,1d8+4,35,15,5,4,1d8+4,1d8+4,6.0,B
4261,46,15,6,5,1d12+4,1d6+4,49,14,7,4,1d8+4,1d6+4,8.0,B
4262,50,18,8,5,1d12+4,1d6+4,31,17,5,3,1d12+4,1d6+4,6.0,A
4263,43,16,7,4,1d8+4,1d6+4,41,16,8,3,1d12+4,1d8+4,4.0,B
4264,37,15,8,5,1d10+4,1d6+4,35,14,8,4,1d12+4,1d6+4,1.0,B
4265,37,17,7,5,1d12+4,1d8+4,40,14,7,5,1d10+4,1d6+4,10.0,A
4266,49,18,8,5,1d12+4,1d8+4,38,15,7,5,1d12+4,1d8+4,9.0,B
4267,43,14,8,5,1d10+4,1d6+4,41,14,7,4,1d10+4,1d6+4,4.0,A
4268,44,15,6,4,1d10+4,1d8+4,46,16,7,5,1d8+4,1d8+4,9.0,A
4269,34,18,5,4,1d8+4,1d6+4,44,16,8,3,1d12+4,1d6+4,5.0,B
4270,40,14,6,3,1d8+4,1d6+4,40,16,6,4,1d10+4,1d8+4,0.0,B
4271,47,18,8,4,1d8+4,1d6+4,32,16,7,3,1d12+4,1d6+4,10.0,A
4272,32,14,6,3,1d12+4,1d8+4,31,14,5,3,1d8+4,1d8+4,9.0,A
4273,46,18,5,5,1d10+4,1d6+4,44,17,8,5,1d8+4,1d6+4,10.0,B
4274,42,16,5,3,1d10+4,1d8+4,49,17,7,5,1d12+4,1d6+4,10.0,A
4275,32,14,7,4,1d10+4,1d6+4,50,15,8,3,1d8+4,1d8+4,5.0,A
4276,43,14,7,5,1d8+4,1d8+4,33,15,6,4,1d8+4,1d6+4,2.0,B
4277,44,14,8,4,1d10+4,1d6+4,30,18,8,5,1d8+4,1d8+4,7.0,A
4278,38,14,8,3,1d12+4,1d6+4,32,18,6,4,1d8+4,1d6+4,1.0,B
4279,30,18,8,5,1d8+4,1d8+4,38,16,7,4,1d10+4,1d8+4,10.0,B
4280,50,18,7,3,1d12+4,1d8+4,39,17,6,3,1d12+4,1d8+4,4.0,A
4281,44,14,7,4,1d12+4,1d8+4,41,16,5,3,1d10+4,1d6+4,6.0,B
4282,32,18,8,5,1d8+4,1d6+4,38,14,6,3,1d12+4,1d8+4,6.0,B
4283,34,14,5,3,1d12+4,1d8+4,47,17,5,5,1d12+4,1d8+4,4.0,A
4284,46,14,5,3,1d12+4,1d6+4,42,14,5,3,1d12+4,1d6+4,6.0,A
4285,49,17,6,3,1d12+4,1d8+4,39,14,5,4,1d10+4,1d8+4,3.0,B
4286,48,17,6,5,1d12+4,1d8+4,41,18,7,5,1d8+4,1d8+4,5.0,B
4287,35,18,6,4,1d8+4,1d8+4,43,18,8,5,1d8+4,1d6+4,7.0,B
4288,47,16,5,5,1d10+4,1d6+4,37,17,8,5,1d12+4,1d8+4,7.0,B
4289,38,14,8,4,1d8+4,1d8+4,46,15,8,4,1d8+4,1d6+4,4.0,A
4290,48,16,8,3,1d8+4,1d8+4,43,18,7,4,1d8+4,1d8+4,10.0,A
4291,39,14,5,5,1d8+4,1d8+4,42,14,7,4,1d10+4,1d8+4,1.0,B
4292,50,15,5,5,1d8+4,1d6+4,32,16,8,3,1d10+4,1d6+4,3.0,B
4293,47,18,7,3,1d12+4,1d6+4,33,17,7,4,1d12+4,1d6+4,3.0,A
4294,32,16,6,4,1d12+4,1d8+4,49,14,5,3,1d10+4,1d6+4,6.0,B
4295,50,14,8,3,1d8+4,1d6+4,44,18,8,5,1d10+4,1d8+4,10.0,B
4296,30,17,8,4,1d8+4,1d8+4,35,17,5,5,1d12+4,1d6+4,7.0,B
4297,44,14,8,4,1d12+4,1d8+4,42,16,5,5,1d8+4,1d6+4,7.0,A
4298,42,15,7,4,1d8+4,1d6+4,32,18,5,5,1d8+4,1d8+4,7.0,A
4299,45,16,8,4,1d8+4,1d6+4,31,16,5,5,1d8+4,1d8+4,10.0,A
4300,37,14,8,5,1d10+4,1d8+4,36,14,7,5,1d8+4,1d8+4,5.0,A
4301,46,18,7,4,1d12+4,1d6+4,43,16,5,3,1d8+4,1d6+4,10.0,A
4302,33,17,7,3,1d12+4,1d8+4,47,14,8,3,1d8+4,1d6+4,0.0,A
4303,50,17,5,5,1d8+4,1d6+4,38,14,8,4,1d8+4,1d8+4,10.0,B
4304,37,15,8,5,1d12+4,1d6+4,40,17,5,5,1d10+4,1d6+4,9.0,A
4305,41,17,7,3,1d12+4,1d8+4,48,18,8,5,1d10+4,1d8+4,10.0,A
4306,36,16,6,4,1d12+4,1d8+4,38,15,8,3,1d10+4,1d8+4,1.0,A
4307,32,14,7,3,1d10+4,1d8+4,32,15,5,4,1d8+4,1d6+4,5.0,B
4308,49,15,5,3,1d12+4,1d8+4,34,15,7,3,1d10+4,1d6+4,6.0,A
4309,48,16,8,3,1d8+4,1d6+4,42,15,5,5,1d12+4,1d8+4,8.0,A
4310,46,16,5,3,1d10+4,1d6+4,43,18,7,5,1d10+4,1d8+4,2.0,A
4311,32,18,5,4,1d12+4,1d8+4,33,15,6,5,1d8+4,1d8+4,1.0,A
4312,30,15,6,5,1d8+4,1d8+4,34,18,7,5,1d8+4,1d8+4,8.0,B
4313,31,14,5,5,1d8+4,1d6+4,44,14,7,3,1d10+4,1d6+4,4.0,B
4314,43,16,6,3,1d12+4,1d8+4,42,16,6,4,1d12+4,1d8+4,1.0,A
4315,45,14,8,3,1d12+4,1d8+4,36,14,8,3,1d8+4,1d8+4,8.0,A
4316,31,15,8,5,1d10+4,1d6+4,31,16,8,4,1d12+4,1d8+4,8.0,A
4317,41,17,6,4,1d12+4,1d8+4,35,17,6,3,1d8+4,1d6+4,3.0,A
4318,42,15,7,5,1d8+4,1d6+4,34,14,6,5,1d10+4,1d6+4,10.0,B
4319,33,14,5,5,1d10+4,1d8+4,47,18,5,4,1d10+4,1d6+4,8.0,A
4320,45,16,7,5,1d8+4,1d6+4,33,16,7,5,1d12+4,1d6+4,3.0,A
4321,39,15,7,4,1d12+4,1d8+4,33,17,5,4,1d10+4,1d6+4,3.0,A
4322,35,15,6,5,1d12+4,1d8+4,34,17,7,5,1d8+4,1d8+4,4.0,B
4323,37,15,6,3,1d12+4,1d8+4,43,14,7,5,1d12+4,1d8+4,0.0,A
4324,38,17,6,3,1d10+4,1d8+4,36,16,8,4,1d10+4,1d8+4,8.0,B
4325,33,16,7,3,1d12+4,1d6+4,38,18,7,4,1d12+4,1d6+4,4.0,B
4326,32,17,5,4,1d10+4,1d8+4,43,18,5,3,1d10+4,1d6+4,7.0,B
4327,30,14,8,5,1d10+4,1d8+4,46,15,8,3,1d12+4,1d6+4,8.0,B
4328,48,15,6,5,1d8+4,1d8+4,33,15,7,4,1d8+4,1d6+4,7.0,A
4329,42,14,8,4,1d10+4,1d8+4,38,14,6,3,1d12+4,1d8+4,0.0,A
4330,46,18,5,4,1d8+4,1d6+4,50,16,8,5,1d12+4,1d8+4,5.0,A
4331,30,17,8,4,1d8+4,1d8+4,33,18,5,3,1d10+4,1d6+4,8.0,A
4332,42,14,6,4,1d12+4,1d8+4,37,16,6,3,1d10+4,1d8+4,3.0,A
4333,36,15,8,3,1d12+4,1d8+4,33,15,8,3,1d12+4,1d6+4,6.0,A
4334,44,17,5,4,1d8+4,1d8+4,30,18,8,3,1d10+4,1d6+4,8.0,B
4335,39,17,5,5,1d10+4,1d8+4,50,16,8,4,1d8+4,1d8+4,10.0,B
4336,47,14,6,4,1d10+4,1d8+4,45,16,8,3,1d10+4,1d8+4,7.0,B
4337,41,15,5,5,1d12+4,1d6+4,42,14,5,5,1d8+4,1d8+4,6.0,B
4338,36,15,5,5,1d12+4,1d6+4,36,17,6,4,1d12+4,1d6+4,2.0,B
4339,38,18,5,4,1d10+4,1d8+4,37,14,6,5,1d12+4,1d8+4,1.0,A
4340,30,18,8,4,1d12+4,1d6+4,32,15,7,5,1d12+4,1d6+4,5.0,B
4341,33,14,8,5,1d8+4,1d6+4,33,18,7,5,1d10+4,1d8+4,6.0,A
4342,30,17,5,5,1d10+4,1d6+4,31,17,7,3,1d10+4,1d8+4,0.0,B
4343,35,16,7,3,1d8+4,1d6+4,50,15,6,5,1d12+4,1d6+4,2.0,B
4344,46,18,6,4,1d10+4,1d8+4,42,15,5,4,1d10+4,1d8+4,6.0,A
4345,43,16,7,4,1d8+4,1d6+4,35,15,6,5,1d10+4,1d6+4,4.0,A
4346,50,16,6,3,1d8+4,1d8+4,43,16,5,4,1d8+4,1d6+4,8.0,A
4347,33,16,5,4,1d10+4,1d6+4,33,17,6,3,1d8+4,1d6+4,9.0,B
4348,43,17,5,5,1d8+4,1d6+4,44,14,8,4,1d8+4,1d8+4,9.0,B
4349,41,17,5,5,1d10+4,1d6+4,39,16,8,4,1d10+4,1d6+4,10.0,A
4350,43,16,5,3,1d10+4,1d6+4,42,18,8,5,1d8+4,1d6+4,0.0,A
4351,49,17,8,3,1d12+4,1d6+4,37,16,8,5,1d12+4,1d8+4,3.0,B
4352,42,16,6,5,1d10+4,1d6+4,41,17,8,5,1d10+4,1d6+4,3.0,B
4353,36,15,8,3,1d8+4,1d8+4,36,14,5,3,1d12+4,1d8+4,3.0,A
4354,45,16,7,4,1d8+4,1d8+4,50,17,6,4,1d12+4,1d8+4,0.0,A
4355,43,18,6,4,1d10+4,1d8+4,39,18,5,4,1d8+4,1d6+4,8.0,A
4356,42,16,7,5,1d8+4,1d8+4,47,16,6,4,1d12+4,1d8+4,7.0,A
4357,37,16,8,5,1d8+4,1d8+4,45,18,7,3,1d8+4,1d8+4,6.0,B
4358,34,17,7,5,1d10+4,1d8+4,34,16,8,5,1d8+4,1d6+4,9.0,A
4359,50,15,6,5,1d12+4,1d6+4,49,14,8,4,1d12+4,1d6+4,5.0,B
4360,47,15,7,4,1d8+4,1d8+4,40,16,5,3,1d12+4,1d6+4,9.0,B
4361,44,17,7,5,1d10+4,1d6+4,47,17,6,4,1d10+4,1d8+4,2.0,B
4362,36,15,5,5,1d10+4,1d8+4,49,14,5,3,1d8+4,1d8+4,3.0,A
4363,36,18,6,4,1d8+4,1d8+4,36,18,8,5,1d10+4,1d8+4,4.0,A
4364,38,16,6,4,1d12+4,1d8+4,39,15,7,5,1d10+4,1d8+4,8.0,A
4365,47,16,8,4,1d12+4,1d6+4,31,18,7,3,1d10+4,1d8+4,5.0,A
4366,41,15,5,3,1d8+4,1d6+4,39,14,6,4,1d10+4,1d6+4,0.0,A
4367,36,17,5,5,1d12+4,1d8+4,38,15,6,3,1d12+4,1d8+4,9.0,A
4368,31,18,7,3,1d10+4,1d8+4,40,14,5,4,1d10+4,1d6+4,8.0,A
4369,31,16,6,3,1d8+4,1d6+4,46,15,8,4,1d8+4,1d6+4,4.0,B
4370,40,14,7,5,1d12+4,1d8+4,35,14,7,4,1d8+4,1d6+4,9.0,A
4371,40,16,5,5,1d8+4,1d8+4,43,15,5,4,1d8+4,1d8+4,10.0,A
4372,43,17,5,4,1d12+4,1d6+4,43,16,8,3,1d10+4,1d8+4,7.0,A
4373,33,18,8,3,1d8+4,1d8+4,35,14,7,3,1d8+4,1d6+4,4.0,A
4374,50,17,6,3,1d10+4,1d8+4,34,15,7,4,1d8+4,1d6+4,7.0,A
4375,40,15,5,3,1d10+4,1d6+4,36,14,7,4,1d8+4,1d6+4,10.0,B
4376,32,15,5,5,1d8+4,1d8+4,36,17,5,4,1d12+4,1d6+4,2.0,B
4377,47,18,8,4,1d8+4,1d6+4,39,17,8,3,1d10+4,1d8+4,4.0,B
4378,30,15,8,3,1d10+4,1d8+4,31,17,7,5,1d8+4,1d8+4,5.0,A
4379,47,18,7,5,1d8+4,1d8+4,45,15,5,3,1d12+4,1d6+4,1.0,A
4380,42,16,7,3,1d12+4,1d6+4,33,16,6,4,1d8+4,1d6+4,4.0,A
4381,39,14,5,3,1d10+4,1d8+4,31,18,5,5,1d8+4,1d6+4,1.0,A
4382,31,16,7,5,1d10+4,1d6+4,50,15,7,3,1d12+4,1d8+4,8.0,A
4383,46,14,8,3,1d12+4,1d6+4,34,14,7,3,1d12+4,1d8+4,4.0,B
4384,32,18,8,3,1d10+4,1d6+4,49,18,7,4,1d8+4,1d6+4,0.0,A
4385,34,15,5,3,1d10+4,1d8+4,36,15,6,5,1d12+4,1d6+4,5.0,B
4386,37,14,5,5,1d10+4,1d8+4,30,16,8,3,1d10+4,1d6+4,8.0,B
4387,32,16,5,5,1d10+4,1d6+4,48,14,7,3,1d10+4,1d6+4,0.0,B
4388,41,18,8,5,1d10+4,1d6+4,37,14,8,5,1d10+4,1d6+4,1.0,A
4389,48,16,8,5,1d12+4,1d8+4,46,18,6,3,1d10+4,1d6+4,8.0,B
4390,37,17,6,5,1d8+4,1d6+4,39,16,6,5,1d8+4,1d6+4,8.0,A
4391,38,18,5,3,1d10+4,1d8+4,35,15,5,4,1d12+4,1d8+4,7.0,B
4392,39,15,7,4,1d12+4,1d6+4,49,18,7,3,1d8+4,1d8+4,0.0,B
4393,42,17,5,5,1d8+4,1d6+4,37,15,6,5,1d8+4,1d6+4,5.0,B
4394,47,16,6,3,1d8+4,1d8+4,46,16,7,5,1d8+4,1d8+4,10.0,A
4395,36,16,5,5,1d12+4,1d8+4,32,16,8,3,1d12+4,1d8+4,8.0,B
4396,33,16,6,3,1d10+4,1d8+4,41,18,8,5,1d10+4,1d6+4,5.0,B
4397,32,16,5,3,1d12+4,1d8+4,32,14,5,3,1d8+4,1d8+4,6.0,A
4398,46,17,8,3,1d8+4,1d8+4,50,18,8,4,1d10+4,1d8+4,7.0,B
4399,41,17,5,5,1d12+4,1d8+4,42,16,8,3,1d10+4,1d8+4,9.0,B
4400,36,17,6,5,1d10+4,1d6+4,33,15,5,3,1d8+4,1d8+4,10.0,B
4401,45,16,6,4,1d12+4,1d6+4,50,14,8,3,1d12+4,1d6+4,3.0,B
4402,46,17,5,3,1d10+4,1d8+4,42,14,6,4,1d10+4,1d8+4,1.0,A
4403,39,17,5,4,1d12+4,1d6+4,45,15,6,5,1d10+4,1d8+4,8.0,B
4404,39,17,7,3,1d10+4,1d8+4,44,18,8,5,1d8+4,1d8+4,0.0,B
4405,44,15,7,3,1d12+4,1d8+4,31,16,6,3,1d8+4,1d8+4,5.0,A
4406,44,14,5,3,1d10+4,1d8+4,37,18,6,3,1d10+4,1d8+4,7.0,B
4407,39,14,6,4,1d10+4,1d6+4,46,17,5,3,1d10+4,1d8+4,1.0,B
4408,33,17,7,4,1d8+4,1d8+4,41,15,6,5,1d8+4,1d6+4,10.0,A
4409,50,15,7,3,1d12+4,1d8+4,50,18,6,5,1d10+4,1d6+4,0.0,B
4410,46,14,5,4,1d12+4,1d6+4,36,17,8,4,1d12+4,1d8+4,7.0,B
4411,33,18,7,5,1d8+4,1d8+4,35,18,7,3,1d10+4,1d6+4,0.0,B
4412,31,18,5,3,1d10+4,1d6+4,39,14,7,3,1d12+4,1d8+4,7.0,B
4413,42,16,6,3,1d8+4,1d8+4,49,14,6,5,1d8+4,1d6+4,2.0,A
4414,37,17,7,4,1d10+4,1d6+4,39,14,6,5,1d8+4,1d6+4,2.0,A
4415,43,17,8,3,1d12+4,1d6+4,39,18,7,5,1d10+4,1d6+4,3.0,A
4416,37,16,8,3,1d12+4,1d8+4,33,15,8,4,1d10+4,1d8+4,5.0,B
4417,50,17,8,4,1d8+4,1d6+4,33,17,8,3,1d10+4,1d8+4,1.0,B
4418,34,14,5,4,1d12+4,1d8+4,39,14,7,4,1d10+4,1d6+4,9.0,B
4419,33,17,7,4,1d10+4,1d6+4,50,18,8,5,1d8+4,1d6+4,7.0,B
4420,40,17,6,3,1d8+4,1d6+4,45,17,8,3,1d10+4,1d6+4,2.0,A
4421,46,14,7,5,1d12+4,1d8+4,49,17,6,3,1d12+4,1d6+4,10.0,B
4422,50,16,8,4,1d12+4,1d6+4,46,17,8,4,1d8+4,1d8+4,6.0,B
4423,42,18,6,4,1d10+4,1d8+4,37,14,8,5,1d10+4,1d8+4,8.0,A
4424,40,14,5,4,1d12+4,1d6+4,45,16,6,5,1d10+4,1d6+4,4.0,B
4425,39,18,8,4,1d8+4,1d6+4,42,16,8,4,1d8+4,1d6+4,4.0,A
4426,30,15,5,3,1d12+4,1d8+4,42,18,5,4,1d8+4,1d6+4,6.0,B
4427,42,18,7,3,1d12+4,1d8+4,31,16,5,3,1d12+4,1d8+4,7.0,A
4428,35,15,8,4,1d10+4,1d8+4,33,15,8,3,1d10+4,1d6+4,2.0,A
4429,40,18,5,4,1d12+4,1d6+4,36,15,6,3,1d10+4,1d8+4,10.0,A
4430,41,17,7,3,1d8+4,1d6+4,47,15,8,5,1d10+4,1d6+4,2.0,B
4431,46,15,7,4,1d12+4,1d8+4,45,14,6,4,1d8+4,1d6+4,7.0,A
4432,33,14,5,3,1d12+4,1d8+4,30,15,8,4,1d12+4,1d8+4,6.0,A
4433,37,14,7,5,1d12+4,1d6+4,37,16,8,4,1d12+4,1d6+4,0.0,B
4434,44,18,5,4,1d8+4,1d8+4,34,15,7,3,1d12+4,1d8+4,1.0,A
4435,44,17,7,4,1d12+4,1d6+4,44,17,7,5,1d12+4,1d8+4,4.0,A
4436,41,15,6,5,1d12+4,1d8+4,40,18,5,4,1d12+4,1d6+4,9.0,A
4437,40,17,6,4,1d12+4,1d8+4,31,16,7,5,1d10+4,1d8+4,0.0,A
4438,38,18,7,3,1d10+4,1d6+4,38,14,6,4,1d10+4,1d8+4,8.0,B
4439,43,16,5,5,1d10+4,1d8+4,49,16,5,5,1d10+4,1d6+4,9.0,B
4440,35,16,5,5,1d8+4,1d8+4,31,14,5,5,1d8+4,1d8+4,0.0,A
4441,38,17,8,5,1d8+4,1d6+4,43,14,8,5,1d8+4,1d8+4,2.0,B
4442,36,17,7,3,1d12+4,1d8+4,46,16,6,5,1d12+4,1d8+4,9.0,B
4443,32,17,7,3,1d10+4,1d6+4,45,17,7,3,1d12+4,1d6+4,1.0,A
4444,47,15,7,5,1d10+4,1d6+4,42,16,5,5,1d8+4,1d6+4,7.0,A
4445,41,15,5,4,1d12+4,1d6+4,31,16,8,4,1d10+4,1d6+4,6.0,B
4446,31,17,8,3,1d10+4,1d8+4,47,14,8,4,1d10+4,1d6+4,8.0,B
4447,44,16,5,5,1d10+4,1d8+4,39,14,7,5,1d10+4,1d8+4,8.0,A
4448,44,16,7,5,1d10+4,1d6+4,36,18,5,5,1d12+4,1d8+4,6.0,B
4449,47,18,6,4,1d12+4,1d6+4,34,18,6,4,1d12+4,1d6+4,5.0,A
4450,38,17,7,3,1d10+4,1d8+4,48,15,7,4,1d8+4,1d8+4,8.0,A
4451,32,16,5,4,1d12+4,1d8+4,40,14,5,4,1d8+4,1d8+4,6.0,A
4452,31,16,6,5,1d12+4,1d6+4,31,18,7,4,1d10+4,1d6+4,0.0,A
4453,30,18,8,4,1d10+4,1d8+4,48,14,5,3,1d10+4,1d8+4,4.0,A
4454,33,18,7,5,1d12+4,1d8+4,36,14,6,3,1d8+4,1d6+4,9.0,A
4455,30,14,5,4,1d10+4,1d8+4,35,16,6,5,1d8+4,1d6+4,10.0,B
4456,36,18,6,3,1d10+4,1d8+4,36,17,8,3,1d8+4,1d8+4,10.0,A
4457,49,17,8,5,1d10+4,1d6+4,43,15,7,4,1d12+4,1d8+4,3.0,B
4458,32,14,7,3,1d12+4,1d8+4,47,17,5,4,1d12+4,1d8+4,5.0,B
4459,30,18,7,5,1d8+4,1d6+4,39,14,6,4,1d12+4,1d6+4,8.0,B
4460,43,18,8,4,1d10+4,1d8+4,42,17,6,3,1d8+4,1d6+4,5.0,A
4461,34,15,6,4,1d12+4,1d6+4,31,18,5,5,1d10+4,1d6+4,3.0,A
4462,37,17,8,4,1d8+4,1d8+4,31,17,6,4,1d12+4,1d6+4,2.0,B
4463,41,16,7,4,1d12+4,1d6+4,33,17,7,5,1d12+4,1d8+4,5.0,A
4464,43,15,5,5,1d12+4,1d8+4,35,15,8,3,1d10+4,1d6+4,9.0,A
4465,50,15,7,4,1d12+4,1d8+4,46,16,6,4,1d12+4,1d6+4,2.0,A
4466,36,18,8,3,1d8+4,1d6+4,45,16,8,3,1d10+4,1d8+4,10.0,B
4467,45,18,5,5,1d8+4,1d6+4,46,17,6,4,1d10+4,1d8+4,0.0,A
4468,40,14,8,4,1d8+4,1d8+4,38,18,5,4,1d12+4,1d8+4,5.0,B
4469,49,18,8,3,1d10+4,1d8+4,39,17,6,3,1d10+4,1d6+4,9.0,A
4470,33,17,7,3,1d8+4,1d6+4,36,17,8,3,1d8+4,1d6+4,5.0,A
4471,49,17,7,3,1d12+4,1d6+4,30,15,7,5,1d8+4,1d6+4,3.0,A
4472,42,16,7,5,1d12+4,1d6+4,43,15,5,4,1d8+4,1d8+4,9.0,A
4473,46,18,6,4,1d8+4,1d6+4,37,18,6,5,1d8+4,1d6+4,10.0,A
4474,38,14,8,5,1d10+4,1d6+4,43,15,5,5,1d10+4,1d8+4,2.0,A
4475,33,18,5,3,1d8+4,1d8+4,50,17,6,3,1d10+4,1d8+4,5.0,A
4476,34,14,5,5,1d10+4,1d8+4,41,16,6,3,1d12+4,1d6+4,1.0,A
4477,43,17,6,5,1d8+4,1d8+4,41,16,7,5,1d12+4,1d6+4,6.0,A
4478,46,15,7,4,1d12+4,1d8+4,42,18,5,3,1d12+4,1d8+4,3.0,B
4479,39,18,7,4,1d10+4,1d8+4,46,18,8,3,1d12+4,1d6+4,8.0,B
4480,40,17,5,3,1d12+4,1d6+4,40,15,5,5,1d8+4,1d6+4,6.0,A
4481,32,15,8,3,1d10+4,1d6+4,36,15,6,5,1d10+4,1d8+4,10.0,A
4482,30,15,7,5,1d12+4,1d6+4,44,16,5,4,1d12+4,1d6+4,6.0,A
4483,49,15,6,4,1d12+4,1d6+4,33,14,6,5,1d10+4,1d6+4,2.0,A
4484,42,16,5,3,1d10+4,1d8+4,44,17,7,5,1d10+4,1d8+4,5.0,A
4485,39,15,5,5,1d8+4,1d8+4,45,17,6,5,1d10+4,1d6+4,7.0,A
4486,46,15,7,5,1d8+4,1d6+4,42,14,5,5,1d10+4,1d6+4,0.0,A
4487,40,14,7,3,1d12+4,1d8+4,30,17,7,3,1d10+4,1d8+4,7.0,A
4488,42,15,5,4,1d8+4,1d6+4,33,15,5,3,1d12+4,1d6+4,5.0,A
4489,50,17,6,5,1d12+4,1d6+4,38,15,6,3,1d8+4,1d8+4,6.0,B
4490,42,16,6,5,1d12+4,1d6+4,42,17,7,4,1d8+4,1d8+4,8.0,A
4491,38,17,7,5,1d12+4,1d8+4,48,15,5,4,1d10+4,1d6+4,5.0,B
4492,38,16,6,4,1d12+4,1d6+4,33,14,6,5,1d8+4,1d8+4,7.0,B
4493,33,18,5,5,1d12+4,1d6+4,30,17,6,4,1d8+4,1d6+4,8.0,A
4494,39,16,8,3,1d12+4,1d6+4,36,16,7,5,1d12+4,1d8+4,8.0,A
4495,43,16,7,3,1d10+4,1d8+4,32,15,7,3,1d10+4,1d6+4,9.0,A
4496,32,14,7,4,1d10+4,1d8+4,49,18,5,3,1d8+4,1d8+4,6.0,B
4497,31,14,7,3,1d8+4,1d6+4,43,17,6,5,1d8+4,1d6+4,8.0,B
4498,44,14,6,4,1d10+4,1d8+4,40,17,5,5,1d8+4,1d8+4,3.0,A
4499,42,15,7,3,1d12+4,1d6+4,39,15,7,4,1d12+4,1d6+4,2.0,A
4500,49,14,6,5,1d10+4,1d8+4,47,16,6,4,1d10+4,1d6+4,4.0,B
4501,44,15,5,5,1d8+4,1d8+4,48,17,7,5,1d12+4,1d6+4,4.0,A
4502,38,17,6,4,1d10+4,1d8+4,49,17,8,3,1d10+4,1d6+4,10.0,A
4503,41,14,5,3,1d10+4,1d8+4,47,18,6,5,1d12+4,1d8+4,9.0,B
4504,48,15,5,3,1d10+4,1d6+4,49,15,6,3,1d8+4,1d6+4,9.0,A
4505,40,18,5,3,1d8+4,1d8+4,46,15,6,3,1d8+4,1d8+4,5.0,A
4506,40,17,8,3,1d8+4,1d8+4,46,17,7,4,1d10+4,1d6+4,7.0,B
4507,43,18,6,4,1d12+4,1d6+4,40,15,7,5,1d8+4,1d8+4,9.0,A
4508,40,17,8,4,1d12+4,1d8+4,41,15,7,4,1d8+4,1d6+4,6.0,A
4509,49,16,8,5,1d8+4,1d8+4,42,17,7,4,1d10+4,1d8+4,4.0,A
4510,45,15,8,4,1d12+4,1d6+4,47,18,8,4,1d8+4,1d6+4,8.0,A
4511,37,18,6,3,1d12+4,1d8+4,40,18,5,4,1d12+4,1d6+4,10.0,A
4512,31,18,5,5,1d10+4,1d8+4,33,14,7,3,1d12+4,1d6+4,4.0,A
4513,34,16,5,4,1d8+4,1d6+4,42,17,8,5,1d8+4,1d6+4,2.0,B
4514,42,18,5,3,1d12+4,1d8+4,39,18,6,5,1d8+4,1d6+4,2.0,A
4515,48,18,7,5,1d12+4,1d6+4,50,15,8,5,1d12+4,1d8+4,4.0,A
4516,45,17,8,4,1d8+4,1d6+4,35,18,7,5,1d8+4,1d8+4,7.0,A
4517,40,14,8,3,1d10+4,1d8+4,42,18,8,5,1d12+4,1d6+4,3.0,B
4518,38,14,5,4,1d10+4,1d6+4,37,14,7,3,1d8+4,1d8+4,3.0,B
4519,41,16,8,4,1d12+4,1d6+4,42,15,7,4,1d12+4,1d6+4,5.0,A
4520,31,18,6,3,1d8+4,1d8+4,46,16,6,3,1d10+4,1d6+4,7.0,B
4521,41,16,7,3,1d8+4,1d8+4,42,14,6,5,1d10+4,1d8+4,0.0,B
4522,40,18,6,5,1d10+4,1d6+4,50,15,6,5,1d12+4,1d6+4,7.0,A
4523,41,14,8,3,1d8+4,1d8+4,33,15,7,3,1d8+4,1d6+4,1.0,A
4524,34,14,6,4,1d8+4,1d6+4,46,18,8,4,1d8+4,1d6+4,6.0,B
4525,38,18,8,3,1d8+4,1d6+4,47,16,5,4,1d12+4,1d8+4,9.0,B
4526,35,15,5,3,1d8+4,1d8+4,30,18,5,3,1d8+4,1d6+4,10.0,A
4527,31,18,5,3,1d10+4,1d6+4,44,14,5,4,1d10+4,1d6+4,6.0,A
4528,38,18,8,5,1d8+4,1d8+4,46,15,6,5,1d12+4,1d6+4,5.0,B
4529,42,14,8,3,1d8+4,1d8+4,44,14,5,5,1d10+4,1d6+4,2.0,A
4530,30,15,8,5,1d12+4,1d6+4,32,18,8,3,1d10+4,1d6+4,5.0,B
4531,46,16,7,4,1d10+4,1d8+4,41,15,8,3,1d10+4,1d6+4,4.0,A
4532,35,18,5,4,1d12+4,1d6+4,41,16,6,4,1d10+4,1d6+4,6.0,A
4533,42,15,6,3,1d12+4,1d6+4,48,18,7,5,1d10+4,1d6+4,9.0,B
4534,36,18,5,5,1d8+4,1d8+4,33,14,6,5,1d12+4,1d8+4,10.0,B
4535,41,15,8,5,1d12+4,1d6+4,30,15,8,4,1d8+4,1d8+4,10.0,A
4536,37,16,8,4,1d8+4,1d8+4,36,15,8,5,1d8+4,1d8+4,2.0,A
4537,42,14,8,5,1d10+4,1d8+4,31,14,6,5,1d12+4,1d8+4,10.0,A
4538,36,16,6,4,1d12+4,1d8+4,36,15,8,3,1d10+4,1d8+4,7.0,B
4539,44,16,7,4,1d8+4,1d6+4,33,16,7,5,1d12+4,1d8+4,4.0,A
4540,45,18,6,5,1d10+4,1d8+4,33,14,6,3,1d12+4,1d8+4,7.0,A
4541,42,17,5,5,1d8+4,1d8+4,37,18,6,5,1d8+4,1d6+4,6.0,A
4542,30,18,8,3,1d12+4,1d8+4,33,15,6,4,1d8+4,1d6+4,6.0,A
4543,30,17,5,3,1d8+4,1d8+4,42,16,7,4,1d12+4,1d8+4,10.0,B
4544,44,15,8,3,1d8+4,1d6+4,49,16,7,3,1d8+4,1d6+4,9.0,A
4545,41,14,6,5,1d8+4,1d6+4,32,16,5,4,1d8+4,1d8+4,1.0,A
4546,39,18,5,5,1d8+4,1d6+4,32,17,6,3,1d8+4,1d8+4,6.0,B
4547,47,14,8,4,1d12+4,1d8+4,33,18,5,4,1d10+4,1d6+4,2.0,A
4548,48,16,7,4,1d8+4,1d8+4,30,15,6,4,1d12+4,1d6+4,7.0,A
4549,30,15,5,4,1d8+4,1d6+4,43,17,7,4,1d12+4,1d8+4,1.0,B
4550,41,14,8,4,1d12+4,1d8+4,46,18,6,3,1d8+4,1d6+4,7.0,A
4551,37,18,8,4,1d10+4,1d8+4,49,14,6,4,1d10+4,1d8+4,6.0,A
4552,32,15,7,4,1d10+4,1d8+4,48,14,8,4,1d8+4,1d8+4,6.0,B
4553,33,14,8,3,1d10+4,1d8+4,34,15,7,5,1d12+4,1d8+4,7.0,B
4554,50,18,8,4,1d12+4,1d6+4,49,18,5,4,1d10+4,1d6+4,2.0,A
4555,50,14,5,4,1d10+4,1d8+4,30,14,8,3,1d12+4,1d6+4,8.0,A
4556,40,17,8,5,1d8+4,1d6+4,50,16,5,4,1d8+4,1d6+4,10.0,A
4557,41,16,5,3,1d8+4,1d6+4,35,18,8,4,1d12+4,1d6+4,6.0,B
4558,46,18,6,4,1d8+4,1d8+4,42,16,7,5,1d10+4,1d8+4,9.0,B
4559,47,17,8,3,1d10+4,1d8+4,46,18,7,3,1d8+4,1d6+4,4.0,A
4560,47,14,5,5,1d10+4,1d6+4,49,17,8,5,1d10+4,1d6+4,10.0,B
4561,34,16,8,5,1d10+4,1d8+4,33,17,6,3,1d12+4,1d8+4,10.0,B
4562,43,17,7,5,1d8+4,1d8+4,32,16,5,3,1d10+4,1d8+4,9.0,A
4563,44,15,5,3,1d10+4,1d6+4,42,14,5,5,1d8+4,1d8+4,2.0,A
4564,36,16,7,4,1d12+4,1d8+4,35,18,5,4,1d12+4,1d6+4,0.0,A
4565,49,16,5,3,1d10+4,1d6+4,45,16,8,5,1d12+4,1d8+4,3.0,B
4566,44,14,8,5,1d10+4,1d6+4,43,18,5,4,1d8+4,1d6+4,7.0,B
4567,44,15,8,5,1d12+4,1d6+4,40,14,8,4,1d8+4,1d8+4,1.0,A
4568,30,14,8,3,1d10+4,1d6+4,37,14,5,4,1d12+4,1d8+4,3.0,B
4569,49,14,7,5,1d8+4,1d8+4,33,16,6,4,1d10+4,1d8+4,0.0,A
4570,34,18,6,3,1d10+4,1d6+4,38,17,6,4,1d12+4,1d6+4,0.0,A
4571,45,14,7,5,1d8+4,1d8+4,48,15,6,4,1d10+4,1d8+4,10.0,B
4572,44,18,6,3,1d8+4,1d6+4,35,18,7,4,1d8+4,1d6+4,0.0,B
4573,48,18,5,5,1d12+4,1d8+4,44,18,7,5,1d8+4,1d6+4,9.0,A
4574,38,15,6,3,1d12+4,1d8+4,43,17,7,5,1d8+4,1d6+4,3.0,B
4575,35,17,6,4,1d8+4,1d6+4,47,16,6,4,1d8+4,1d6+4,4.0,B
4576,30,15,8,5,1d12+4,1d8+4,37,17,7,3,1d8+4,1d8+4,7.0,B
4577,40,16,6,5,1d12+4,1d6+4,32,18,6,5,1d10+4,1d6+4,10.0,B
4578,44,18,7,4,1d12+4,1d6+4,41,14,5,3,1d10+4,1d6+4,10.0,A
4579,31,16,6,5,1d8+4,1d6+4,31,16,5,4,1d10+4,1d8+4,10.0,A
4580,42,16,7,4,1d12+4,1d8+4,47,14,8,3,1d8+4,1d8+4,4.0,A
4581,45,15,6,4,1d12+4,1d8+4,36,18,5,3,1d8+4,1d8+4,1.0,A
4582,34,18,8,5,1d8+4,1d8+4,48,14,5,4,1d8+4,1d8+4,7.0,B
4583,36,17,8,4,1d8+4,1d8+4,37,17,7,4,1d8+4,1d8+4,2.0,B
4584,43,15,7,3,1d8+4,1d8+4,36,18,6,3,1d8+4,1d6+4,8.0,A
4585,30,15,6,4,1d10+4,1d6+4,39,15,6,5,1d10+4,1d6+4,5.0,B
4586,47,18,8,3,1d10+4,1d8+4,50,15,6,4,1d10+4,1d6+4,8.0,A
4587,38,17,6,3,1d12+4,1d8+4,33,15,7,4,1d12+4,1d6+4,2.0,B
4588,41,16,6,3,1d12+4,1d8+4,42,14,5,4,1d10+4,1d8+4,4.0,A
4589,50,18,5,4,1d10+4,1d8+4,32,16,7,5,1d8+4,1d8+4,7.0,A
4590,37,17,6,3,1d8+4,1d6+4,42,16,8,5,1d10+4,1d8+4,2.0,B
4591,43,16,8,3,1d10+4,1d8+4,30,18,8,3,1d10+4,1d8+4,10.0,A
4592,41,14,5,4,1d8+4,1d8+4,43,18,7,5,1d8+4,1d6+4,6.0,B
4593,33,14,5,3,1d8+4,1d8+4,37,17,7,4,1d12+4,1d6+4,2.0,B
4594,41,15,8,3,1d10+4,1d6+4,47,16,8,4,1d12+4,1d6+4,5.0,A
4595,41,14,5,4,1d10+4,1d8+4,36,18,5,5,1d10+4,1d8+4,5.0,A
4596,47,16,5,4,1d8+4,1d8+4,44,14,5,4,1d10+4,1d6+4,6.0,B
4597,31,16,7,3,1d10+4,1d6+4,42,14,8,5,1d10+4,1d8+4,6.0,B
4598,39,14,6,3,1d8+4,1d6+4,43,15,7,3,1d10+4,1d6+4,0.0,A
4599,43,17,5,3,1d8+4,1d8+4,36,14,7,5,1d8+4,1d8+4,0.0,B
4600,34,15,8,4,1d8+4,1d6+4,32,15,5,5,1d8+4,1d8+4,2.0,B
4601,49,14,7,4,1d8+4,1d8+4,30,16,5,4,1d8+4,1d8+4,1.0,A
4602,50,14,8,3,1d10+4,1d6+4,50,16,7,3,1d8+4,1d6+4,7.0,A
4603,42,15,6,5,1d10+4,1d8+4,33,16,8,3,1d12+4,1d6+4,5.0,A
4604,44,16,6,5,1d10+4,1d8+4,40,16,8,4,1d12+4,1d6+4,10.0,B
4605,31,18,7,3,1d12+4,1d8+4,44,17,8,4,1d10+4,1d8+4,1.0,B
4606,31,16,5,5,1d12+4,1d6+4,40,18,7,3,1d8+4,1d8+4,4.0,B
4607,47,17,8,4,1d8+4,1d6+4,39,17,6,5,1d8+4,1d8+4,8.0,B
4608,43,14,5,5,1d12+4,1d6+4,48,15,7,4,1d8+4,1d6+4,4.0,B
4609,31,17,6,4,1d12+4,1d6+4,42,17,6,3,1d10+4,1d8+4,1.0,B
4610,41,17,5,3,1d10+4,1d8+4,30,15,5,4,1d10+4,1d6+4,6.0,A
4611,30,16,6,3,1d10+4,1d8+4,39,17,8,3,1d10+4,1d8+4,9.0,A
4612,40,18,6,5,1d12+4,1d6+4,30,18,7,3,1d12+4,1d8+4,8.0,A
4613,34,16,5,4,1d10+4,1d8+4,41,18,7,5,1d8+4,1d8+4,1.0,A
4614,41,18,8,4,1d10+4,1d6+4,38,16,5,3,1d12+4,1d6+4,0.0,A
4615,48,15,8,3,1d10+4,1d6+4,44,15,6,5,1d8+4,1d6+4,3.0,B
4616,47,14,7,3,1d8+4,1d8+4,42,18,8,3,1d12+4,1d6+4,5.0,A
4617,43,14,6,5,1d10+4,1d6+4,32,16,8,4,1d10+4,1d6+4,1.0,B
4618,42,18,7,5,1d12+4,1d8+4,37,16,7,4,1d12+4,1d6+4,6.0,A
4619,40,17,5,5,1d10+4,1d6+4,49,14,7,5,1d10+4,1d6+4,9.0,B
4620,38,16,5,3,1d10+4,1d8+4,37,14,6,4,1d10+4,1d8+4,7.0,B
4621,47,14,6,3,1d12+4,1d6+4,48,17,8,3,1d12+4,1d8+4,1.0,B
4622,47,14,5,5,1d12+4,1d6+4,35,16,7,3,1d12+4,1d6+4,0.0,B
4623,32,15,6,3,1d8+4,1d6+4,40,16,5,3,1d12+4,1d8+4,4.0,B
4624,30,15,6,5,1d10+4,1d6+4,48,18,8,5,1d12+4,1d8+4,2.0,B
4625,43,16,7,5,1d10+4,1d6+4,45,14,5,5,1d10+4,1d8+4,5.0,A
4626,37,17,5,3,1d12+4,1d6+4,42,18,7,4,1d10+4,1d8+4,2.0,B
4627,42,14,6,5,1d8+4,1d6+4,30,14,5,3,1d12+4,1d6+4,1.0,A
4628,48,18,8,3,1d10+4,1d8+4,48,16,7,5,1d12+4,1d6+4,6.0,A
4629,32,18,8,4,1d12+4,1d8+4,45,14,5,3,1d10+4,1d8+4,3.0,A
4630,48,14,5,4,1d12+4,1d8+4,50,17,6,3,1d8+4,1d8+4,7.0,B
4631,42,15,8,5,1d12+4,1d8+4,48,14,8,5,1d12+4,1d6+4,3.0,B
4632,35,15,5,4,1d10+4,1d8+4,40,14,8,3,1d8+4,1d6+4,9.0,B
4633,35,17,8,4,1d10+4,1d8+4,34,14,7,5,1d10+4,1d6+4,7.0,A
4634,40,18,8,3,1d12+4,1d8+4,39,17,5,4,1d12+4,1d6+4,5.0,B
4635,37,14,8,4,1d12+4,1d8+4,42,15,5,4,1d8+4,1d6+4,9.0,B
4636,33,16,8,4,1d10+4,1d8+4,35,17,6,3,1d12+4,1d8+4,5.0,A
4637,31,15,7,3,1d8+4,1d6+4,46,16,8,4,1d8+4,1d6+4,7.0,B
4638,43,14,6,3,1d10+4,1d8+4,44,16,7,4,1d10+4,1d8+4,3.0,A
4639,47,14,8,5,1d10+4,1d8+4,50,17,5,3,1d10+4,1d6+4,7.0,B
4640,47,16,8,3,1d12+4,1d8+4,50,15,5,4,1d12+4,1d6+4,2.0,A
4641,47,15,8,5,1d12+4,1d6+4,43,16,8,3,1d12+4,1d8+4,4.0,A
4642,46,14,6,5,1d10+4,1d8+4,31,15,7,3,1d8+4,1d6+4,7.0,A
4643,40,18,5,3,1d10+4,1d8+4,43,14,5,4,1d10+4,1d6+4,4.0,A
4644,40,17,7,5,1d12+4,1d6+4,30,18,6,3,1d12+4,1d8+4,8.0,B
4645,50,15,7,3,1d8+4,1d8+4,30,17,8,4,1d8+4,1d6+4,9.0,A
4646,30,15,8,3,1d12+4,1d8+4,42,15,5,5,1d10+4,1d8+4,8.0,A
4647,41,15,6,4,1d8+4,1d8+4,42,18,5,4,1d12+4,1d8+4,9.0,A
4648,35,14,5,4,1d8+4,1d6+4,37,14,8,3,1d10+4,1d6+4,6.0,B
4649,48,18,7,3,1d10+4,1d6+4,49,16,8,4,1d8+4,1d6+4,0.0,A
4650,38,14,7,4,1d10+4,1d8+4,43,16,6,5,1d10+4,1d8+4,9.0,B
4651,50,14,7,3,1d10+4,1d6+4,34,16,7,3,1d8+4,1d8+4,0.0,B
4652,48,16,7,5,1d8+4,1d6+4,49,16,5,4,1d12+4,1d8+4,10.0,B
4653,47,14,6,4,1d8+4,1d6+4,38,14,8,3,1d10+4,1d8+4,3.0,A
4654,36,14,5,4,1d10+4,1d6+4,31,16,5,5,1d10+4,1d6+4,5.0,B
4655,44,16,6,3,1d12+4,1d8+4,46,15,7,5,1d8+4,1d6+4,2.0,B
4656,45,18,6,5,1d8+4,1d8+4,39,17,7,3,1d8+4,1d8+4,7.0,A
4657,30,17,5,5,1d12+4,1d8+4,32,18,7,4,1d12+4,1d8+4,0.0,B
4658,37,14,7,3,1d10+4,1d8+4,50,18,6,3,1d8+4,1d6+4,7.0,B
4659,48,16,8,5,1d8+4,1d6+4,43,15,7,5,1d10+4,1d6+4,3.0,A
4660,31,18,7,3,1d8+4,1d6+4,43,14,8,3,1d12+4,1d6+4,2.0,B
4661,30,17,7,3,1d12+4,1d8+4,48,17,7,3,1d8+4,1d6+4,6.0,B
4662,41,17,7,3,1d10+4,1d8+4,33,17,8,3,1d8+4,1d8+4,2.0,A
4663,32,15,8,4,1d12+4,1d6+4,40,14,8,4,1d10+4,1d6+4,9.0,B
4664,41,16,5,3,1d10+4,1d8+4,33,14,8,3,1d12+4,1d8+4,1.0,B
4665,40,18,6,5,1d10+4,1d6+4,45,15,8,3,1d12+4,1d6+4,3.0,A
4666,47,17,7,4,1d12+4,1d6+4,36,16,6,4,1d12+4,1d6+4,5.0,B
4667,47,18,7,3,1d8+4,1d8+4,44,16,8,3,1d12+4,1d8+4,3.0,A
4668,40,18,6,5,1d12+4,1d8+4,49,14,7,5,1d10+4,1d8+4,2.0,B
4669,34,15,8,3,1d10+4,1d8+4,33,17,8,5,1d12+4,1d8+4,10.0,B
4670,49,17,8,4,1d12+4,1d8+4,42,15,8,4,1d10+4,1d6+4,6.0,A
4671,43,18,6,4,1d12+4,1d8+4,38,18,7,4,1d8+4,1d6+4,5.0,B
4672,45,15,8,5,1d10+4,1d8+4,38,18,5,5,1d12+4,1d6+4,2.0,A
4673,36,14,7,5,1d8+4,1d6+4,48,17,6,3,1d10+4,1d8+4,6.0,A
4674,49,14,5,4,1d12+4,1d6+4,36,14,5,3,1d8+4,1d6+4,5.0,A
4675,30,17,8,4,1d8+4,1d6+4,35,15,5,3,1d12+4,1d6+4,6.0,A
4676,49,16,6,3,1d12+4,1d8+4,45,14,5,3,1d8+4,1d6+4,7.0,A
4677,41,14,5,5,1d12+4,1d8+4,30,16,8,4,1d10+4,1d6+4,4.0,A
4678,32,16,8,4,1d12+4,1d8+4,30,17,5,4,1d12+4,1d6+4,4.0,B
4679,37,14,5,4,1d10+4,1d6+4,30,18,7,5,1d12+4,1d6+4,6.0,A
4680,32,18,8,3,1d10+4,1d8+4,49,15,8,4,1d8+4,1d6+4,2.0,A
4681,31,15,8,5,1d12+4,1d8+4,38,15,6,5,1d12+4,1d8+4,2.0,A
4682,43,16,5,5,1d12+4,1d6+4,38,16,6,5,1d10+4,1d8+4,4.0,A
4683,30,15,7,4,1d8+4,1d8+4,30,17,6,4,1d10+4,1d6+4,6.0,B
4684,49,16,5,3,1d10+4,1d8+4,45,17,8,3,1d8+4,1d8+4,3.0,A
4685,48,17,6,4,1d8+4,1d6+4,49,14,8,5,1d8+4,1d8+4,1.0,A
4686,42,18,8,5,1d8+4,1d6+4,40,18,6,4,1d12+4,1d8+4,4.0,B
4687,40,18,8,5,1d8+4,1d8+4,34,14,7,3,1d10+4,1d8+4,9.0,A
4688,44,18,7,4,1d8+4,1d8+4,45,16,7,5,1d8+4,1d8+4,1.0,B
4689,46,15,5,3,1d8+4,1d6+4,38,17,8,4,1d8+4,1d6+4,7.0,B
4690,32,14,6,3,1d8+4,1d8+4,42,15,8,5,1d12+4,1d6+4,0.0,B
4691,41,16,5,4,1d8+4,1d6+4,31,16,8,5,1d12+4,1d6+4,8.0,B
4692,50,17,8,5,1d12+4,1d6+4,37,14,5,5,1d12+4,1d8+4,2.0,A
4693,44,18,7,4,1d12+4,1d6+4,44,14,7,4,1d8+4,1d8+4,9.0,A
4694,45,15,8,3,1d12+4,1d6+4,35,16,7,3,1d8+4,1d8+4,9.0,A
4695,45,15,7,4,1d8+4,1d6+4,48,16,6,5,1d12+4,1d6+4,1.0,A
4696,46,14,7,5,1d10+4,1d8+4,33,15,5,5,1d12+4,1d8+4,8.0,A
4697,41,15,6,5,1d8+4,1d6+4,42,15,5,4,1d12+4,1d6+4,9.0,A
4698,48,14,8,5,1d10+4,1d6+4,38,16,8,4,1d10+4,1d8+4,5.0,B
4699,47,14,6,3,1d8+4,1d8+4,42,16,7,4,1d8+4,1d8+4,2.0,B
4700,35,16,5,5,1d12+4,1d6+4,42,17,5,3,1d12+4,1d8+4,0.0,A
4701,48,16,5,4,1d12+4,1d8+4,30,14,6,4,1d12+4,1d6+4,1.0,A
4702,32,17,7,5,1d10+4,1d6+4,33,16,8,4,1d8+4,1d6+4,2.0,B
4703,50,14,8,3,1d12+4,1d8+4,41,15,7,4,1d8+4,1d6+4,8.0,A
4704,30,18,5,4,1d12+4,1d8+4,30,15,6,3,1d10+4,1d6+4,7.0,B
4705,39,17,5,5,1d10+4,1d6+4,42,14,8,5,1d12+4,1d6+4,1.0,A
4706,44,17,8,4,1d10+4,1d6+4,45,14,5,3,1d10+4,1d8+4,10.0,B
4707,37,18,5,4,1d8+4,1d6+4,49,15,5,5,1d12+4,1d8+4,0.0,B
4708,34,16,7,4,1d8+4,1d8+4,39,17,8,5,1d8+4,1d8+4,2.0,B
4709,47,16,7,5,1d10+4,1d6+4,34,18,7,5,1d8+4,1d8+4,3.0,A
4710,43,17,8,3,1d8+4,1d8+4,35,18,6,4,1d10+4,1d8+4,2.0,A
4711,49,14,8,4,1d8+4,1d8+4,38,16,7,5,1d8+4,1d6+4,7.0,A
4712,48,17,6,5,1d8+4,1d8+4,47,18,8,4,1d12+4,1d6+4,2.0,B
4713,40,16,6,4,1d12+4,1d8+4,42,15,8,5,1d12+4,1d8+4,2.0,A
4714,36,17,7,4,1d12+4,1d6+4,48,18,8,5,1d8+4,1d8+4,10.0,A
4715,40,18,7,5,1d8+4,1d6+4,47,18,7,5,1d12+4,1d8+4,7.0,A
4716,50,18,6,3,1d10+4,1d8+4,38,14,7,3,1d8+4,1d6+4,0.0,B
4717,50,16,6,4,1d8+4,1d8+4,39,18,5,3,1d8+4,1d6+4,5.0,A
4718,31,16,7,5,1d10+4,1d8+4,35,14,7,4,1d8+4,1d8+4,1.0,B
4719,34,18,5,5,1d10+4,1d8+4,46,17,7,5,1d10+4,1d6+4,8.0,B
4720,42,15,5,3,1d8+4,1d6+4,49,16,8,5,1d12+4,1d6+4,9.0,B
4721,35,16,7,5,1d12+4,1d8+4,33,17,7,5,1d8+4,1d6+4,3.0,B
4722,41,15,8,5,1d8+4,1d8+4,41,16,5,5,1d8+4,1d8+4,2.0,A
4723,43,18,7,3,1d10+4,1d8+4,41,14,5,4,1d8+4,1d8+4,5.0,A
4724,31,18,8,5,1d10+4,1d8+4,48,16,5,4,1d10+4,1d8+4,8.0,A
4725,43,17,6,5,1d10+4,1d8+4,38,17,8,3,1d10+4,1d8+4,2.0,B
4726,45,16,6,5,1d8+4,1d8+4,50,17,7,4,1d10+4,1d6+4,8.0,B
4727,50,15,6,4,1d12+4,1d8+4,45,14,6,5,1d10+4,1d6+4,5.0,A
4728,40,17,7,5,1d8+4,1d6+4,39,18,5,5,1d8+4,1d8+4,1.0,B
4729,35,17,6,5,1d12+4,1d6+4,46,14,7,4,1d12+4,1d6+4,3.0,B
4730,43,17,5,4,1d8+4,1d8+4,37,17,6,5,1d8+4,1d6+4,2.0,B
4731,31,14,6,4,1d12+4,1d6+4,44,18,6,4,1d12+4,1d8+4,4.0,B
4732,47,16,5,3,1d10+4,1d8+4,44,18,8,3,1d12+4,1d6+4,10.0,A
4733,41,15,7,5,1d12+4,1d8+4,30,16,6,3,1d8+4,1d6+4,5.0,A
4734,37,16,8,3,1d8+4,1d8+4,50,15,7,5,1d10+4,1d8+4,1.0,B
4735,48,18,7,3,1d10+4,1d6+4,48,14,8,5,1d10+4,1d6+4,7.0,A
4736,34,18,5,5,1d8+4,1d6+4,44,14,7,3,1d10+4,1d6+4,0.0,A
4737,47,14,8,3,1d8+4,1d8+4,39,18,6,3,1d10+4,1d6+4,4.0,A
4738,48,15,8,3,1d10+4,1d8+4,49,14,6,3,1d12+4,1d8+4,9.0,A
4739,32,14,7,4,1d10+4,1d8+4,32,14,5,3,1d10+4,1d8+4,5.0,B
4740,31,18,5,3,1d12+4,1d8+4,32,15,6,4,1d10+4,1d6+4,10.0,A
4741,41,15,8,5,1d8+4,1d8+4,30,15,5,4,1d10+4,1d8+4,10.0,A
4742,31,14,7,5,1d8+4,1d8+4,49,15,8,3,1d8+4,1d6+4,5.0,B
4743,32,18,6,3,1d10+4,1d6+4,49,14,7,5,1d10+4,1d6+4,0.0,A
4744,36,14,8,5,1d12+4,1d8+4,50,17,7,4,1d10+4,1d6+4,3.0,B
4745,50,16,5,4,1d8+4,1d8+4,38,18,8,5,1d10+4,1d8+4,1.0,B
4746,36,14,5,3,1d8+4,1d6+4,40,15,5,4,1d12+4,1d6+4,2.0,B
4747,37,16,6,5,1d12+4,1d8+4,46,16,8,3,1d8+4,1d8+4,7.0,A
4748,32,14,7,3,1d8+4,1d8+4,36,17,5,4,1d10+4,1d6+4,3.0,B
4749,38,16,5,3,1d12+4,1d8+4,31,18,8,4,1d12+4,1d6+4,9.0,B
4750,45,18,6,4,1d12+4,1d6+4,39,18,7,4,1d10+4,1d6+4,5.0,A
4751,40,14,6,5,1d12+4,1d8+4,38,17,6,5,1d12+4,1d8+4,1.0,B
4752,33,16,5,5,1d12+4,1d8+4,48,15,6,4,1d8+4,1d8+4,7.0,B
4753,38,18,8,4,1d8+4,1d8+4,34,15,5,4,1d12+4,1d8+4,7.0,A
4754,31,16,6,3,1d12+4,1d6+4,47,15,5,5,1d8+4,1d6+4,2.0,B
4755,34,18,8,3,1d8+4,1d8+4,50,17,6,5,1d8+4,1d8+4,2.0,A
4756,30,18,8,4,1d8+4,1d6+4,41,14,7,3,1d10+4,1d6+4,2.0,B
4757,40,15,6,5,1d10+4,1d6+4,30,18,8,4,1d10+4,1d6+4,6.0,B
4758,37,17,5,5,1d10+4,1d6+4,49,17,7,4,1d8+4,1d8+4,0.0,A
4759,44,18,8,3,1d10+4,1d6+4,45,15,8,5,1d10+4,1d6+4,1.0,A
4760,41,17,5,3,1d10+4,1d6+4,33,14,7,3,1d12+4,1d6+4,8.0,A
4761,49,18,8,5,1d8+4,1d6+4,36,15,7,5,1d12+4,1d6+4,3.0,A
4762,30,16,5,4,1d8+4,1d6+4,47,17,7,5,1d8+4,1d8+4,3.0,B
4763,37,17,8,3,1d10+4,1d6+4,32,18,5,3,1d12+4,1d8+4,5.0,A
4764,44,14,6,3,1d12+4,1d8+4,30,15,5,3,1d8+4,1d6+4,8.0,A
4765,34,18,6,4,1d8+4,1d8+4,33,18,6,4,1d12+4,1d8+4,10.0,B
4766,33,15,8,3,1d12+4,1d8+4,33,18,6,5,1d10+4,1d6+4,8.0,A
4767,35,14,5,5,1d12+4,1d6+4,43,15,5,5,1d10+4,1d8+4,4.0,A
4768,45,14,8,4,1d12+4,1d6+4,50,17,5,5,1d8+4,1d8+4,7.0,B
4769,40,18,8,3,1d10+4,1d8+4,37,14,6,4,1d12+4,1d8+4,9.0,B
4770,36,15,7,5,1d12+4,1d8+4,32,15,7,3,1d8+4,1d8+4,5.0,B
4771,41,18,8,3,1d12+4,1d6+4,46,15,5,3,1d8+4,1d8+4,5.0,A
4772,44,14,6,4,1d8+4,1d6+4,38,15,7,3,1d12+4,1d8+4,8.0,B
4773,37,15,7,4,1d12+4,1d8+4,44,14,7,5,1d12+4,1d8+4,0.0,B
4774,35,15,8,3,1d8+4,1d6+4,39,18,7,5,1d12+4,1d8+4,3.0,B
4775,44,14,5,4,1d10+4,1d6+4,40,17,7,4,1d10+4,1d6+4,8.0,A
4776,34,18,7,4,1d12+4,1d6+4,36,15,6,4,1d10+4,1d8+4,5.0,A
4777,44,14,7,4,1d12+4,1d8+4,47,14,5,3,1d8+4,1d6+4,1.0,A
4778,33,17,6,5,1d10+4,1d6+4,49,15,7,4,1d8+4,1d6+4,4.0,A
4779,50,16,7,3,1d12+4,1d8+4,30,18,7,3,1d12+4,1d6+4,7.0,B
4780,49,18,8,3,1d12+4,1d6+4,40,15,5,4,1d8+4,1d8+4,8.0,A
4781,46,15,6,4,1d12+4,1d6+4,48,17,7,4,1d10+4,1d6+4,2.0,B
4782,34,18,5,5,1d10+4,1d6+4,50,17,5,4,1d8+4,1d6+4,10.0,B
4783,34,17,8,5,1d12+4,1d6+4,30,14,7,3,1d8+4,1d6+4,2.0,A
4784,38,15,5,3,1d8+4,1d8+4,30,14,5,4,1d12+4,1d8+4,9.0,B
4785,41,17,6,3,1d8+4,1d6+4,40,16,6,4,1d8+4,1d8+4,1.0,B
4786,44,14,7,3,1d10+4,1d8+4,31,15,8,3,1d12+4,1d8+4,2.0,A
4787,39,14,7,5,1d12+4,1d6+4,49,14,5,4,1d10+4,1d6+4,9.0,B
4788,41,16,5,4,1d12+4,1d8+4,43,14,8,3,1d8+4,1d6+4,4.0,B
4789,45,16,5,3,1d8+4,1d8+4,35,17,6,3,1d12+4,1d6+4,3.0,B
4790,36,18,5,3,1d8+4,1d8+4,39,17,8,4,1d10+4,1d8+4,4.0,B
4791,37,18,8,4,1d12+4,1d8+4,41,15,7,5,1d12+4,1d6+4,4.0,B
4792,47,17,5,4,1d12+4,1d6+4,33,14,6,3,1d8+4,1d6+4,5.0,A
4793,33,17,8,4,1d12+4,1d6+4,49,18,5,4,1d8+4,1d8+4,0.0,A
4794,42,16,5,3,1d12+4,1d8+4,31,15,6,4,1d8+4,1d6+4,0.0,A
4795,34,17,8,3,1d8+4,1d8+4,44,18,8,5,1d8+4,1d6+4,3.0,B
4796,42,17,5,3,1d8+4,1d8+4,36,15,6,3,1d10+4,1d6+4,9.0,A
4797,36,14,5,5,1d8+4,1d8+4,45,17,8,4,1d12+4,1d6+4,8.0,B
4798,42,16,6,5,1d10+4,1d6+4,43,14,5,4,1d10+4,1d6+4,3.0,B
4799,36,15,6,4,1d10+4,1d8+4,39,14,7,4,1d10+4,1d8+4,5.0,A
4800,38,14,7,5,1d10+4,1d8+4,48,14,5,4,1d10+4,1d6+4,8.0,B
4801,47,16,5,5,1d12+4,1d6+4,37,15,5,3,1d12+4,1d6+4,5.0,B
4802,39,17,6,3,1d10+4,1d6+4,45,14,8,3,1d8+4,1d8+4,6.0,A
4803,40,18,7,3,1d8+4,1d6+4,47,16,7,5,1d12+4,1d6+4,0.0,B
4804,48,16,7,4,1d8+4,1d8+4,45,18,7,5,1d8+4,1d6+4,5.0,B
4805,37,15,8,3,1d8+4,1d8+4,34,18,7,3,1d10+4,1d6+4,1.0,A
4806,30,16,8,5,1d10+4,1d6+4,44,18,8,5,1d12+4,1d6+4,3.0,A
4807,49,15,7,4,1d12+4,1d6+4,32,18,6,3,1d12+4,1d8+4,3.0,A
4808,34,17,6,4,1d8+4,1d8+4,33,14,8,3,1d8+4,1d8+4,7.0,A
4809,32,14,7,4,1d10+4,1d6+4,32,15,7,3,1d12+4,1d6+4,2.0,A
4810,43,16,5,4,1d10+4,1d8+4,34,15,8,5,1d10+4,1d6+4,6.0,B
4811,37,14,6,5,1d10+4,1d6+4,33,15,5,3,1d12+4,1d8+4,4.0,B
4812,50,17,7,3,1d8+4,1d6+4,36,15,6,5,1d10+4,1d6+4,6.0,A
4813,36,15,8,5,1d10+4,1d6+4,49,18,8,3,1d10+4,1d6+4,7.0,A
4814,38,18,5,5,1d8+4,1d6+4,44,18,5,4,1d10+4,1d6+4,7.0,A
4815,47,17,5,4,1d10+4,1d8+4,40,14,8,4,1d10+4,1d8+4,0.0,B
4816,31,14,5,5,1d12+4,1d8+4,34,18,6,3,1d8+4,1d6+4,3.0,A
4817,34,16,7,3,1d8+4,1d8+4,45,14,7,4,1d8+4,1d6+4,1.0,A
4818,43,15,6,4,1d10+4,1d6+4,46,15,5,5,1d12+4,1d8+4,5.0,A
4819,43,14,5,3,1d8+4,1d8+4,34,16,6,4,1d10+4,1d6+4,2.0,A
4820,38,16,5,4,1d8+4,1d8+4,44,17,8,4,1d8+4,1d6+4,8.0,A
4821,45,16,5,4,1d10+4,1d6+4,43,18,7,4,1d8+4,1d8+4,8.0,A
4822,31,14,6,5,1d10+4,1d8+4,30,14,8,4,1d8+4,1d8+4,1.0,A
4823,46,17,8,5,1d8+4,1d6+4,38,17,5,5,1d8+4,1d8+4,2.0,A
4824,35,17,6,5,1d8+4,1d8+4,32,14,5,4,1d12+4,1d8+4,6.0,A
4825,41,18,7,4,1d10+4,1d6+4,39,18,7,4,1d10+4,1d6+4,9.0,B
4826,35,16,8,5,1d8+4,1d8+4,33,18,8,3,1d10+4,1d6+4,10.0,B
4827,49,18,8,3,1d12+4,1d8+4,30,16,5,3,1d12+4,1d6+4,4.0,A
4828,39,18,5,3,1d12+4,1d8+4,34,17,6,3,1d8+4,1d8+4,6.0,A
4829,37,15,7,3,1d10+4,1d6+4,50,16,8,5,1d8+4,1d6+4,8.0,A
4830,49,15,8,5,1d12+4,1d6+4,34,15,5,5,1d8+4,1d6+4,5.0,A
4831,37,14,8,3,1d8+4,1d6+4,39,18,5,5,1d10+4,1d6+4,10.0,A
4832,41,15,8,4,1d12+4,1d8+4,46,17,7,3,1d8+4,1d8+4,7.0,A
4833,42,14,7,5,1d12+4,1d6+4,41,17,5,3,1d10+4,1d6+4,9.0,B
4834,33,18,7,5,1d10+4,1d6+4,45,18,8,3,1d12+4,1d6+4,2.0,B
4835,39,17,8,4,1d10+4,1d6+4,31,15,5,3,1d8+4,1d8+4,5.0,A
4836,44,16,7,3,1d8+4,1d8+4,42,15,8,5,1d12+4,1d8+4,2.0,B
4837,49,14,8,5,1d12+4,1d6+4,36,15,7,3,1d12+4,1d8+4,3.0,B
4838,38,18,5,5,1d10+4,1d8+4,44,14,5,3,1d12+4,1d6+4,4.0,A
4839,48,16,7,4,1d10+4,1d8+4,47,18,7,4,1d10+4,1d8+4,7.0,B
4840,39,18,6,4,1d12+4,1d6+4,43,18,7,5,1d10+4,1d6+4,8.0,B
4841,49,16,8,4,1d8+4,1d6+4,45,16,6,3,1d8+4,1d8+4,3.0,A
4842,45,16,5,3,1d12+4,1d6+4,43,14,7,4,1d10+4,1d8+4,6.0,A
4843,48,18,6,5,1d8+4,1d8+4,39,18,6,3,1d8+4,1d6+4,10.0,A
4844,47,16,8,4,1d12+4,1d6+4,49,17,8,5,1d8+4,1d8+4,7.0,B
4845,38,14,7,3,1d8+4,1d6+4,40,16,7,5,1d10+4,1d6+4,1.0,B
4846,44,18,6,3,1d8+4,1d6+4,30,17,7,4,1d10+4,1d6+4,0.0,A
4847,47,14,6,4,1d8+4,1d6+4,34,16,5,5,1d12+4,1d6+4,5.0,A
4848,31,15,6,3,1d10+4,1d6+4,39,18,5,3,1d8+4,1d8+4,6.0,B
4849,32,17,7,3,1d10+4,1d8+4,48,18,8,4,1d12+4,1d6+4,5.0,B
4850,39,14,5,5,1d8+4,1d6+4,40,17,6,3,1d12+4,1d8+4,9.0,B
4851,47,15,8,5,1d12+4,1d8+4,43,14,5,4,1d8+4,1d6+4,9.0,B
4852,39,18,8,4,1d8+4,1d8+4,42,14,5,3,1d8+4,1d8+4,3.0,A
4853,44,14,7,5,1d10+4,1d8+4,45,16,8,3,1d10+4,1d8+4,8.0,A
4854,41,17,8,4,1d10+4,1d8+4,41,15,7,5,1d10+4,1d8+4,3.0,B
4855,43,16,7,3,1d8+4,1d6+4,35,18,5,5,1d12+4,1d8+4,10.0,A
4856,47,17,5,4,1d12+4,1d6+4,39,16,5,4,1d10+4,1d8+4,8.0,B
4857,32,16,6,4,1d8+4,1d6+4,48,17,5,4,1d10+4,1d8+4,8.0,A
4858,43,16,6,4,1d12+4,1d8+4,34,16,5,5,1d12+4,1d6+4,8.0,A
4859,40,15,7,3,1d10+4,1d6+4,33,16,6,3,1d8+4,1d8+4,9.0,A
4860,37,17,5,5,1d10+4,1d6+4,36,17,6,3,1d10+4,1d6+4,3.0,A
4861,32,17,7,5,1d8+4,1d8+4,36,14,6,5,1d10+4,1d6+4,0.0,A
4862,38,16,5,3,1d10+4,1d6+4,44,16,8,4,1d10+4,1d6+4,9.0,B
4863,45,14,6,4,1d10+4,1d6+4,50,15,5,5,1d12+4,1d8+4,1.0,A
4864,39,15,8,5,1d10+4,1d6+4,32,14,6,3,1d12+4,1d8+4,5.0,A
4865,33,18,8,4,1d12+4,1d8+4,35,18,8,3,1d12+4,1d6+4,2.0,B
4866,40,17,5,5,1d10+4,1d8+4,46,15,5,3,1d10+4,1d6+4,3.0,A
4867,37,17,7,4,1d10+4,1d8+4,47,15,8,4,1d12+4,1d6+4,1.0,B
4868,32,16,7,3,1d10+4,1d6+4,49,18,7,4,1d8+4,1d8+4,7.0,B
4869,34,14,5,3,1d10+4,1d6+4,42,15,8,5,1d12+4,1d6+4,1.0,B
4870,46,15,5,4,1d12+4,1d6+4,30,17,7,4,1d8+4,1d6+4,2.0,B
4871,41,16,5,3,1d12+4,1d8+4,30,15,6,4,1d10+4,1d8+4,4.0,B
4872,44,18,8,5,1d8+4,1d6+4,48,15,8,5,1d8+4,1d8+4,6.0,A
4873,47,14,6,4,1d10+4,1d8+4,39,17,7,5,1d10+4,1d8+4,5.0,A
4874,42,15,6,5,1d10+4,1d8+4,31,14,8,5,1d12+4,1d8+4,4.0,A
4875,30,18,5,3,1d12+4,1d6+4,35,14,8,3,1d8+4,1d6+4,2.0,A
4876,42,16,6,4,1d12+4,1d8+4,35,16,5,3,1d12+4,1d8+4,3.0,B
4877,43,15,8,3,1d8+4,1d6+4,35,15,8,5,1d8+4,1d8+4,6.0,A
4878,39,16,8,4,1d12+4,1d8+4,44,14,6,5,1d10+4,1d8+4,4.0,A
4879,32,16,5,4,1d10+4,1d8+4,34,14,5,3,1d12+4,1d6+4,3.0,A
4880,35,18,7,3,1d8+4,1d6+4,32,16,8,4,1d8+4,1d6+4,1.0,A
4881,31,15,8,5,1d10+4,1d6+4,41,14,8,4,1d10+4,1d8+4,10.0,A
4882,41,14,6,5,1d12+4,1d6+4,33,14,5,4,1d12+4,1d6+4,4.0,A
4883,32,15,7,3,1d10+4,1d8+4,48,17,8,5,1d8+4,1d8+4,1.0,B
4884,43,17,6,5,1d12+4,1d8+4,39,15,7,3,1d12+4,1d6+4,8.0,A
4885,47,14,8,5,1d10+4,1d6+4,34,15,6,5,1d10+4,1d6+4,8.0,B
4886,49,14,7,3,1d12+4,1d8+4,45,17,7,5,1d12+4,1d6+4,9.0,A
4887,37,17,8,4,1d8+4,1d8+4,46,14,5,3,1d12+4,1d6+4,8.0,B
4888,50,16,8,5,1d12+4,1d6+4,44,16,6,5,1d8+4,1d8+4,1.0,A
4889,37,17,7,4,1d10+4,1d6+4,36,15,8,3,1d10+4,1d6+4,5.0,A
4890,43,14,5,3,1d12+4,1d6+4,50,16,7,5,1d8+4,1d6+4,8.0,B
4891,48,16,7,3,1d12+4,1d8+4,37,18,7,3,1d10+4,1d8+4,1.0,A
4892,46,16,5,4,1d10+4,1d6+4,38,18,8,3,1d8+4,1d8+4,10.0,B
4893,49,14,5,4,1d12+4,1d8+4,32,16,8,4,1d10+4,1d6+4,4.0,A
4894,46,14,7,3,1d8+4,1d6+4,47,15,7,3,1d12+4,1d6+4,6.0,B
4895,43,18,6,4,1d10+4,1d8+4,30,15,6,3,1d10+4,1d6+4,5.0,A
4896,36,15,7,5,1d10+4,1d6+4,35,17,6,4,1d8+4,1d6+4,0.0,B
4897,30,18,6,4,1d12+4,1d6+4,37,16,7,3,1d8+4,1d8+4,2.0,B
4898,49,15,5,4,1d10+4,1d8+4,36,15,8,5,1d10+4,1d8+4,7.0,A
4899,48,15,5,5,1d10+4,1d6+4,39,17,7,4,1d8+4,1d6+4,5.0,A
4900,40,17,5,3,1d8+4,1d6+4,40,16,7,4,1d12+4,1d6+4,9.0,A
4901,47,15,8,4,1d8+4,1d8+4,37,17,8,4,1d12+4,1d6+4,6.0,A
4902,38,17,5,5,1d10+4,1d6+4,37,16,6,5,1d12+4,1d6+4,1.0,B
4903,39,16,8,3,1d8+4,1d6+4,50,15,8,3,1d8+4,1d8+4,6.0,B
4904,44,15,6,5,1d12+4,1d6+4,32,16,7,5,1d8+4,1d6+4,7.0,A
4905,40,18,8,4,1d10+4,1d8+4,39,14,5,5,1d12+4,1d6+4,2.0,A
4906,47,18,7,3,1d8+4,1d6+4,49,18,8,4,1d12+4,1d8+4,9.0,B
4907,49,16,7,4,1d12+4,1d8+4,38,16,8,4,1d10+4,1d6+4,0.0,A
4908,35,18,6,3,1d12+4,1d8+4,32,16,7,5,1d12+4,1d8+4,6.0,B
4909,30,18,5,4,1d8+4,1d8+4,40,16,8,5,1d8+4,1d6+4,7.0,B
4910,33,17,6,3,1d10+4,1d6+4,43,14,5,4,1d8+4,1d8+4,4.0,A
4911,33,18,7,5,1d10+4,1d6+4,40,15,7,5,1d12+4,1d6+4,3.0,B
4912,38,15,7,3,1d8+4,1d6+4,46,18,8,3,1d12+4,1d6+4,1.0,B
4913,33,14,7,4,1d12+4,1d8+4,41,15,6,3,1d12+4,1d8+4,7.0,B
4914,36,14,7,4,1d8+4,1d8+4,34,15,8,3,1d12+4,1d6+4,5.0,B
4915,34,15,8,5,1d8+4,1d6+4,46,16,7,5,1d12+4,1d8+4,1.0,B
4916,35,15,6,3,1d12+4,1d8+4,33,17,6,3,1d12+4,1d8+4,1.0,B
4917,40,16,8,4,1d8+4,1d6+4,47,15,5,5,1d12+4,1d6+4,1.0,A
4918,45,14,8,3,1d10+4,1d6+4,31,17,7,4,1d8+4,1d8+4,5.0,A
4919,34,16,8,5,1d8+4,1d6+4,45,16,5,4,1d8+4,1d8+4,4.0,B
4920,44,18,8,3,1d12+4,1d8+4,46,17,6,3,1d12+4,1d6+4,4.0,A
4921,40,18,8,3,1d10+4,1d8+4,34,17,7,4,1d10+4,1d8+4,8.0,A
4922,36,16,8,5,1d10+4,1d6+4,34,17,6,4,1d8+4,1d6+4,2.0,B
4923,48,14,6,3,1d12+4,1d6+4,40,14,5,4,1d8+4,1d6+4,10.0,A
4924,34,14,5,5,1d10+4,1d6+4,42,15,7,4,1d8+4,1d6+4,6.0,B
4925,36,14,6,4,1d12+4,1d6+4,43,17,7,3,1d8+4,1d8+4,6.0,B
4926,33,15,6,5,1d10+4,1d8+4,32,16,5,3,1d10+4,1d8+4,4.0,B
4927,38,17,8,5,1d8+4,1d6+4,33,18,6,4,1d12+4,1d8+4,1.0,A
4928,47,17,8,4,1d10+4,1d6+4,32,18,8,4,1d10+4,1d8+4,7.0,B
4929,35,16,6,4,1d10+4,1d8+4,46,15,7,3,1d12+4,1d8+4,6.0,B
4930,44,16,6,4,1d10+4,1d8+4,46,17,5,4,1d10+4,1d8+4,2.0,B
4931,34,16,8,5,1d10+4,1d6+4,30,14,8,3,1d10+4,1d8+4,5.0,B
4932,35,15,7,5,1d12+4,1d8+4,39,17,6,3,1d12+4,1d8+4,10.0,B
4933,47,16,6,5,1d8+4,1d6+4,44,15,7,5,1d8+4,1d6+4,7.0,B
4934,31,15,6,3,1d12+4,1d6+4,42,18,5,3,1d10+4,1d8+4,1.0,B
4935,30,14,6,5,1d8+4,1d8+4,48,17,8,5,1d12+4,1d6+4,8.0,B
4936,47,14,5,3,1d12+4,1d8+4,31,16,5,3,1d8+4,1d8+4,7.0,A
4937,49,14,5,3,1d12+4,1d8+4,31,17,5,5,1d10+4,1d8+4,2.0,B
4938,45,15,6,3,1d8+4,1d8+4,37,15,7,3,1d10+4,1d6+4,6.0,A
4939,40,16,7,4,1d8+4,1d6+4,30,18,5,5,1d10+4,1d8+4,9.0,A
4940,35,15,7,3,1d12+4,1d6+4,38,16,6,4,1d10+4,1d8+4,5.0,B
4941,39,17,7,5,1d10+4,1d6+4,48,18,5,5,1d10+4,1d6+4,1.0,A
4942,49,17,6,3,1d12+4,1d8+4,43,15,7,5,1d10+4,1d8+4,0.0,A
4943,49,17,7,3,1d10+4,1d6+4,40,18,7,4,1d8+4,1d6+4,5.0,A
4944,30,16,6,4,1d8+4,1d6+4,40,14,5,3,1d12+4,1d6+4,1.0,B
4945,48,18,7,5,1d12+4,1d6+4,35,17,8,3,1d12+4,1d6+4,7.0,B
4946,38,14,8,5,1d8+4,1d6+4,33,17,6,4,1d8+4,1d8+4,5.0,A
4947,45,16,8,3,1d8+4,1d6+4,48,15,5,5,1d12+4,1d8+4,6.0,A
4948,40,14,7,5,1d8+4,1d8+4,45,18,5,4,1d8+4,1d6+4,0.0,B
4949,46,15,5,3,1d12+4,1d8+4,46,15,8,3,1d8+4,1d6+4,1.0,A
4950,32,15,8,4,1d12+4,1d8+4,31,14,7,4,1d10+4,1d8+4,10.0,A
4951,35,16,5,4,1d8+4,1d8+4,33,16,5,5,1d12+4,1d8+4,10.0,A
4952,35,15,5,5,1d12+4,1d8+4,35,16,7,3,1d10+4,1d8+4,9.0,B
4953,50,15,8,5,1d10+4,1d6+4,37,18,8,4,1d12+4,1d6+4,0.0,B
4954,50,18,7,5,1d10+4,1d6+4,42,14,5,3,1d12+4,1d6+4,10.0,A
4955,40,16,7,3,1d12+4,1d6+4,50,17,5,4,1d10+4,1d6+4,6.0,A
4956,49,14,8,5,1d8+4,1d8+4,46,18,7,5,1d8+4,1d6+4,8.0,A
4957,30,17,8,3,1d10+4,1d8+4,33,14,5,5,1d8+4,1d8+4,10.0,A
4958,38,16,6,4,1d10+4,1d8+4,32,14,8,5,1d10+4,1d6+4,6.0,A
4959,50,16,6,5,1d10+4,1d8+4,50,17,7,5,1d10+4,1d6+4,8.0,A
4960,38,17,5,5,1d8+4,1d6+4,30,18,5,4,1d12+4,1d8+4,1.0,B
4961,35,18,8,4,1d8+4,1d8+4,48,17,5,5,1d10+4,1d8+4,7.0,B
4962,33,18,7,4,1d10+4,1d6+4,45,14,5,4,1d10+4,1d6+4,3.0,A
4963,40,14,7,4,1d10+4,1d8+4,47,18,8,5,1d8+4,1d6+4,4.0,B
4964,40,18,7,5,1d10+4,1d8+4,46,14,7,5,1d10+4,1d6+4,4.0,B
4965,45,15,7,5,1d10+4,1d8+4,34,15,7,3,1d8+4,1d8+4,3.0,A
4966,38,14,7,4,1d10+4,1d8+4,48,18,5,4,1d10+4,1d8+4,6.0,B
4967,42,15,6,3,1d12+4,1d8+4,47,16,6,5,1d12+4,1d6+4,5.0,B
4968,47,16,8,3,1d8+4,1d6+4,36,15,7,3,1d10+4,1d8+4,8.0,B
4969,32,18,8,3,1d12+4,1d8+4,47,18,8,5,1d10+4,1d8+4,4.0,B
4970,38,15,6,3,1d12+4,1d8+4,31,18,6,3,1d12+4,1d6+4,9.0,A
4971,33,14,5,5,1d8+4,1d8+4,39,15,8,4,1d8+4,1d8+4,7.0,B
4972,49,14,8,5,1d10+4,1d8+4,30,15,8,5,1d12+4,1d8+4,6.0,B
4973,48,15,8,4,1d12+4,1d8+4,50,17,8,5,1d10+4,1d8+4,1.0,B
4974,43,16,7,3,1d8+4,1d6+4,31,16,7,5,1d12+4,1d6+4,5.0,A
4975,46,16,6,5,1d10+4,1d8+4,39,17,5,3,1d12+4,1d8+4,0.0,B
4976,35,14,6,5,1d12+4,1d6+4,39,16,5,4,1d8+4,1d6+4,6.0,A
4977,44,16,7,3,1d10+4,1d6+4,36,17,8,5,1d10+4,1d8+4,6.0,B
4978,46,14,6,4,1d10+4,1d8+4,48,14,8,5,1d8+4,1d6+4,10.0,B
4979,42,14,6,5,1d10+4,1d8+4,38,16,5,5,1d10+4,1d6+4,3.0,A
4980,47,18,7,3,1d8+4,1d8+4,30,15,6,3,1d12+4,1d6+4,7.0,B
4981,43,14,7,3,1d8+4,1d6+4,42,17,5,3,1d8+4,1d8+4,1.0,B
4982,44,17,6,4,1d10+4,1d8+4,46,14,6,5,1d8+4,1d8+4,2.0,A
4983,49,16,8,3,1d8+4,1d6+4,50,17,8,5,1d12+4,1d6+4,9.0,A
4984,40,14,6,5,1d8+4,1d8+4,47,16,8,3,1d8+4,1d8+4,8.0,A
4985,39,17,5,5,1d8+4,1d6+4,50,14,5,4,1d10+4,1d6+4,10.0,A
4986,41,17,5,5,1d8+4,1d6+4,47,16,8,3,1d10+4,1d8+4,9.0,A
4987,41,14,5,4,1d8+4,1d6+4,30,18,5,5,1d8+4,1d6+4,4.0,A
4988,46,14,7,5,1d12+4,1d8+4,30,18,7,4,1d8+4,1d8+4,5.0,A
4989,37,14,7,3,1d8+4,1d6+4,46,14,8,5,1d10+4,1d8+4,5.0,B
4990,33,14,8,3,1d12+4,1d6+4,32,18,8,5,1d10+4,1d6+4,8.0,B
4991,34,16,8,5,1d12+4,1d6+4,32,18,6,5,1d8+4,1d6+4,9.0,B
4992,34,14,8,5,1d8+4,1d8+4,38,16,6,4,1d10+4,1d6+4,3.0,A
4993,39,15,6,5,1d8+4,1d8+4,36,14,6,5,1d12+4,1d8+4,1.0,A
4994,46,18,7,4,1d8+4,1d8+4,42,17,7,5,1d8+4,1d6+4,0.0,A
4995,47,17,5,4,1d10+4,1d8+4,40,15,8,5,1d8+4,1d8+4,9.0,B
4996,47,18,6,5,1d10+4,1d8+4,32,15,5,3,1d12+4,1d6+4,10.0,A
4997,38,17,6,5,1d10+4,1d8+4,42,16,8,3,1d12+4,1d6+4,4.0,A
4998,32,15,6,5,1d10+4,1d6+4,34,16,5,5,1d8+4,1d6+4,9.0,A
4999,47,17,6,5,1d12+4,1d8+4,33,18,5,5,1d10+4,1d6+4,10.0,B
5000,39,14,6,3,1d10+4,1d6+4,43,15,6,5,1d10+4,1d8+4,8.0,A
5001,35,16,6,3,1d10+4,1d6+4,46,14,6,3,1d12+4,1d6+4,1.0,B
5002,41,14,8,5,1d12+4,1d8+4,40,16,6,3,1d10+4,1d6+4,6.0,B
5003,36,18,8,4,1d12+4,1d8+4,42,18,5,4,1d12+4,1d8+4,8.0,A
5004,43,15,5,5,1d10+4,1d8+4,46,16,6,3,1d10+4,1d8+4,0.0,A
5005,44,16,5,3,1d10+4,1d8+4,31,15,7,4,1d10+4,1d6+4,2.0,B
5006,38,16,8,4,1d8+4,1d6+4,33,17,5,5,1d12+4,1d8+4,1.0,A
5007,40,15,6,4,1d12+4,1d6+4,45,18,5,4,1d10+4,1d8+4,4.0,A
5008,34,15,8,3,1d8+4,1d6+4,35,18,5,4,1d12+4,1d8+4,10.0,B
5009,49,15,8,4,1d8+4,1d6+4,43,18,5,3,1d10+4,1d8+4,6.0,A
5010,46,15,6,4,1d10+4,1d6+4,43,14,7,5,1d12+4,1d8+4,10.0,A
5011,36,17,5,5,1d8+4,1d8+4,47,17,5,3,1d12+4,1d8+4,10.0,B
5012,40,17,8,4,1d10+4,1d6+4,30,14,5,5,1d12+4,1d6+4,0.0,A
5013,49,16,7,5,1d8+4,1d8+4,45,16,5,5,1d12+4,1d6+4,3.0,B
5014,38,18,8,3,1d10+4,1d6+4,46,18,6,3,1d12+4,1d8+4,4.0,A
5015,31,18,8,4,1d12+4,1d8+4,32,18,7,5,1d10+4,1d8+4,3.0,A
5016,32,15,7,5,1d10+4,1d8+4,37,15,7,4,1d10+4,1d8+4,1.0,A
5017,41,16,7,5,1d8+4,1d6+4,45,16,6,4,1d8+4,1d8+4,10.0,A
5018,41,14,7,5,1d10+4,1d6+4,37,18,8,5,1d12+4,1d6+4,6.0,B
5019,36,15,5,3,1d8+4,1d8+4,36,16,5,5,1d10+4,1d8+4,7.0,B
5020,34,16,7,4,1d10+4,1d6+4,31,16,5,5,1d8+4,1d6+4,3.0,A
5021,35,14,5,5,1d10+4,1d8+4,36,18,8,4,1d10+4,1d6+4,5.0,B
5022,35,18,7,5,1d10+4,1d6+4,36,17,6,3,1d12+4,1d6+4,5.0,B
5023,44,17,7,4,1d8+4,1d6+4,31,18,7,5,1d10+4,1d8+4,0.0,B
5024,30,17,6,5,1d12+4,1d6+4,38,17,5,5,1d8+4,1d6+4,1.0,B
5025,34,16,8,5,1d8+4,1d8+4,45,16,7,4,1d10+4,1d6+4,6.0,A
5026,31,17,7,4,1d8+4,1d6+4,37,16,6,5,1d8+4,1d6+4,8.0,A
5027,44,14,8,3,1d10+4,1d8+4,49,17,8,5,1d8+4,1d6+4,9.0,B
5028,45,16,5,3,1d12+4,1d8+4,35,14,6,3,1d12+4,1d6+4,8.0,A
5029,38,15,6,3,1d10+4,1d8+4,45,14,7,5,1d8+4,1d6+4,2.0,B
5030,44,18,6,3,1d8+4,1d8+4,46,18,5,3,1d10+4,1d6+4,0.0,A
5031,31,18,5,3,1d10+4,1d8+4,37,14,7,5,1d8+4,1d8+4,6.0,A
5032,43,18,6,3,1d8+4,1d8+4,44,17,7,4,1d10+4,1d8+4,8.0,B
5033,39,17,5,3,1d10+4,1d6+4,33,15,8,5,1d10+4,1d8+4,3.0,A
5034,36,17,8,4,1d10+4,1d8+4,33,18,8,5,1d10+4,1d8+4,0.0,B
5035,40,16,6,4,1d8+4,1d6+4,47,17,5,4,1d12+4,1d6+4,7.0,B
5036,34,17,8,5,1d10+4,1d8+4,34,14,5,3,1d10+4,1d6+4,3.0,A
5037,48,15,7,5,1d12+4,1d6+4,30,17,8,5,1d10+4,1d6+4,8.0,A
5038,49,17,8,5,1d8+4,1d8+4,32,14,8,5,1d12+4,1d8+4,5.0,B
5039,46,18,5,4,1d8+4,1d8+4,48,17,7,3,1d10+4,1d8+4,1.0,B
5040,34,17,5,3,1d10+4,1d6+4,35,15,8,3,1d12+4,1d6+4,8.0,B
5041,37,16,6,4,1d10+4,1d6+4,35,16,7,4,1d10+4,1d6+4,3.0,A
5042,33,18,5,4,1d10+4,1d6+4,31,15,5,4,1d10+4,1d8+4,3.0,A
5043,46,14,7,4,1d12+4,1d8+4,34,17,5,5,1d12+4,1d6+4,0.0,A
5044,32,17,6,5,1d8+4,1d8+4,41,16,7,4,1d10+4,1d8+4,0.0,A
5045,39,14,7,3,1d10+4,1d8+4,38,14,7,3,1d8+4,1d6+4,2.0,B
5046,34,18,6,5,1d12+4,1d8+4,46,16,5,3,1d10+4,1d8+4,1.0,A
5047,43,14,6,5,1d10+4,1d6+4,33,17,5,4,1d8+4,1d8+4,1.0,B
5048,30,17,8,5,1d8+4,1d6+4,49,15,7,5,1d10+4,1d6+4,9.0,B
5049,35,17,7,4,1d8+4,1d8+4,49,18,5,5,1d12+4,1d8+4,3.0,B
5050,44,14,6,3,1d8+4,1d8+4,33,18,5,3,1d8+4,1d8+4,5.0,A
5051,49,15,5,3,1d10+4,1d6+4,33,16,7,3,1d10+4,1d8+4,5.0,A
5052,36,17,7,3,1d8+4,1d8+4,38,14,8,5,1d12+4,1d8+4,7.0,B
5053,31,15,8,3,1d12+4,1d8+4,47,17,6,3,1d8+4,1d6+4,5.0,B
5054,50,16,6,3,1d8+4,1d8+4,50,16,6,4,1d12+4,1d8+4,10.0,A
5055,38,15,7,3,1d12+4,1d6+4,32,15,7,4,1d12+4,1d8+4,10.0,A
5056,44,17,8,5,1d12+4,1d6+4,36,17,8,5,1d8+4,1d8+4,2.0,A
5057,45,16,5,3,1d10+4,1d6+4,36,16,6,3,1d10+4,1d6+4,0.0,B
5058,39,16,6,3,1d8+4,1d8+4,38,15,7,3,1d12+4,1d8+4,5.0,B
5059,45,16,8,3,1d12+4,1d8+4,35,15,7,4,1d12+4,1d6+4,4.0,B
5060,30,15,8,4,1d12+4,1d8+4,48,15,7,5,1d12+4,1d8+4,2.0,A
5061,37,14,5,5,1d8+4,1d6+4,31,14,5,5,1d12+4,1d6+4,0.0,B
5062,48,15,5,4,1d12+4,1d6+4,41,14,5,3,1d12+4,1d6+4,8.0,A
5063,50,17,7,3,1d10+4,1d6+4,43,14,5,4,1d10+4,1d6+4,10.0,A
5064,35,15,5,4,1d12+4,1d6+4,31,15,6,4,1d8+4,1d8+4,10.0,A
5065,33,15,7,5,1d10+4,1d6+4,39,15,5,5,1d10+4,1d6+4,9.0,B
5066,50,18,6,5,1d8+4,1d8+4,50,18,5,5,1d12+4,1d6+4,9.0,B
5067,42,14,5,5,1d8+4,1d6+4,40,15,5,3,1d12+4,1d6+4,6.0,A
5068,34,15,6,3,1d8+4,1d8+4,44,18,6,5,1d10+4,1d8+4,10.0,A
5069,39,17,8,4,1d12+4,1d8+4,33,14,7,5,1d12+4,1d6+4,1.0,A
5070,48,15,5,4,1d8+4,1d8+4,49,18,7,4,1d10+4,1d6+4,5.0,B
5071,39,16,5,5,1d10+4,1d8+4,50,16,7,3,1d8+4,1d6+4,8.0,A
5072,41,14,5,3,1d12+4,1d8+4,36,17,7,5,1d8+4,1d6+4,2.0,B
5073,30,16,6,3,1d12+4,1d6+4,34,15,6,3,1d12+4,1d8+4,4.0,A
5074,34,18,5,5,1d10+4,1d6+4,39,14,8,4,1d10+4,1d6+4,4.0,A
5075,30,17,8,3,1d10+4,1d8+4,35,17,8,3,1d8+4,1d6+4,8.0,A
5076,43,16,7,5,1d12+4,1d8+4,50,18,6,4,1d8+4,1d6+4,8.0,B
5077,40,14,5,5,1d8+4,1d6+4,46,16,7,4,1d12+4,1d6+4,8.0,B
5078,49,14,8,5,1d10+4,1d6+4,40,15,6,4,1d8+4,1d8+4,6.0,A
5079,50,16,7,4,1d8+4,1d6+4,47,17,7,4,1d10+4,1d6+4,10.0,B
5080,37,14,8,3,1d12+4,1d6+4,50,14,6,5,1d12+4,1d6+4,7.0,A
5081,37,18,8,5,1d12+4,1d6+4,44,15,8,3,1d12+4,1d6+4,4.0,B
5082,43,18,6,4,1d12+4,1d6+4,47,18,5,3,1d8+4,1d8+4,4.0,A
5083,42,18,8,4,1d8+4,1d6+4,48,16,5,4,1d8+4,1d8+4,2.0,A
5084,49,18,5,3,1d8+4,1d6+4,48,17,7,5,1d12+4,1d8+4,9.0,B
5085,43,18,5,3,1d10+4,1d6+4,47,14,8,4,1d12+4,1d8+4,2.0,B
5086,48,15,6,4,1d10+4,1d6+4,34,17,8,4,1d10+4,1d8+4,9.0,A
5087,39,18,7,5,1d12+4,1d8+4,30,18,7,5,1d8+4,1d8+4,8.0,A
5088,43,17,5,3,1d12+4,1d8+4,44,14,8,3,1d10+4,1d6+4,5.0,A
5089,32,16,5,4,1d12+4,1d6+4,45,16,7,4,1d8+4,1d8+4,9.0,A
5090,50,14,7,5,1d12+4,1d8+4,36,18,7,5,1d12+4,1d8+4,3.0,A
5091,47,15,6,5,1d12+4,1d6+4,31,16,7,4,1d10+4,1d8+4,2.0,A
5092,32,15,5,3,1d12+4,1d6+4,41,18,8,3,1d12+4,1d6+4,0.0,B
5093,36,18,8,5,1d10+4,1d8+4,40,16,8,4,1d10+4,1d8+4,8.0,B
5094,47,17,8,3,1d10+4,1d6+4,47,17,7,5,1d10+4,1d8+4,1.0,A
5095,31,17,6,4,1d12+4,1d6+4,48,17,8,3,1d8+4,1d8+4,1.0,B
5096,31,14,7,5,1d10+4,1d6+4,40,14,8,5,1d8+4,1d8+4,6.0,B
5097,46,17,7,4,1d10+4,1d8+4,50,15,5,4,1d12+4,1d8+4,8.0,A
5098,43,14,5,3,1d8+4,1d6+4,44,17,8,3,1d12+4,1d6+4,7.0,B
5099,46,14,7,3,1d10+4,1d6+4,33,17,8,5,1d10+4,1d8+4,5.0,B
5100,30,16,8,4,1d10+4,1d6+4,47,17,8,4,1d12+4,1d6+4,4.0,B
5101,34,18,8,3,1d8+4,1d6+4,42,16,7,5,1d12+4,1d6+4,8.0,A
5102,38,15,7,4,1d12+4,1d8+4,46,16,5,4,1d10+4,1d8+4,3.0,A
5103,38,15,6,3,1d12+4,1d6+4,46,14,5,5,1d8+4,1d6+4,0.0,A
5104,36,14,8,4,1d8+4,1d6+4,30,16,8,4,1d8+4,1d8+4,3.0,B
5105,33,16,6,5,1d10+4,1d6+4,42,18,5,4,1d12+4,1d8+4,7.0,A
5106,43,15,7,4,1d10+4,1d8+4,30,17,8,4,1d12+4,1d8+4,7.0,B
5107,30,15,8,4,1d12+4,1d8+4,40,17,8,3,1d8+4,1d6+4,2.0,A
5108,31,17,7,3,1d12+4,1d8+4,49,18,8,4,1d8+4,1d8+4,10.0,B
5109,46,17,6,5,1d10+4,1d6+4,47,18,6,4,1d12+4,1d8+4,5.0,B
5110,41,17,6,3,1d12+4,1d6+4,47,15,6,4,1d10+4,1d8+4,7.0,B
5111,45,17,7,4,1d12+4,1d6+4,34,15,7,4,1d10+4,1d6+4,7.0,A
5112,44,15,5,3,1d12+4,1d6+4,38,14,6,4,1d10+4,1d8+4,2.0,B
5113,34,14,5,4,1d12+4,1d8+4,49,15,8,5,1d8+4,1d8+4,10.0,A
5114,48,17,6,3,1d12+4,1d8+4,42,15,5,4,1d8+4,1d6+4,10.0,A
5115,47,16,8,3,1d10+4,1d6+4,35,14,7,4,1d8+4,1d6+4,5.0,A
5116,33,17,7,4,1d12+4,1d6+4,38,15,5,4,1d12+4,1d6+4,3.0,A
5117,49,15,7,3,1d12+4,1d8+4,33,17,5,3,1d12+4,1d6+4,3.0,A
5118,41,17,6,3,1d12+4,1d8+4,50,17,7,4,1d10+4,1d8+4,0.0,A
5119,45,17,7,5,1d12+4,1d8+4,34,18,5,4,1d12+4,1d6+4,10.0,B
5120,45,18,5,3,1d8+4,1d6+4,39,17,7,5,1d12+4,1d6+4,8.0,A
5121,44,14,8,5,1d10+4,1d8+4,34,15,8,3,1d10+4,1d8+4,3.0,A
5122,34,16,7,4,1d12+4,1d6+4,33,16,7,5,1d10+4,1d6+4,1.0,A
5123,48,18,8,4,1d12+4,1d8+4,30,15,8,4,1d12+4,1d8+4,5.0,B
5124,47,15,8,4,1d12+4,1d6+4,34,15,7,4,1d8+4,1d8+4,9.0,A
5125,47,15,5,5,1d12+4,1d6+4,31,16,7,3,1d8+4,1d8+4,3.0,B
5126,31,14,5,3,1d12+4,1d8+4,43,14,5,3,1d10+4,1d6+4,5.0,A
5127,41,16,6,3,1d12+4,1d6+4,34,15,7,4,1d10+4,1d6+4,4.0,B
5128,48,16,6,5,1d8+4,1d6+4,38,16,6,3,1d8+4,1d8+4,9.0,A
5129,33,14,5,3,1d12+4,1d8+4,50,18,6,5,1d10+4,1d8+4,2.0,A
5130,47,16,5,5,1d10+4,1d6+4,32,16,6,4,1d10+4,1d8+4,2.0,A
5131,43,15,5,5,1d12+4,1d6+4,37,15,7,4,1d12+4,1d6+4,7.0,A
5132,38,17,8,5,1d8+4,1d6+4,38,15,5,3,1d12+4,1d8+4,9.0,B
5133,34,14,6,3,1d10+4,1d6+4,38,14,8,4,1d12+4,1d8+4,10.0,B
5134,35,16,5,3,1d12+4,1d8+4,33,14,5,4,1d10+4,1d6+4,5.0,A
5135,43,18,7,3,1d12+4,1d8+4,45,15,8,5,1d12+4,1d8+4,2.0,B
5136,31,15,6,5,1d8+4,1d6+4,36,14,8,3,1d12+4,1d6+4,4.0,B
5137,32,18,7,4,1d12+4,1d8+4,33,14,6,4,1d8+4,1d6+4,7.0,A
5138,48,14,8,3,1d10+4,1d8+4,40,14,6,3,1d10+4,1d8+4,9.0,A
5139,49,15,5,4,1d12+4,1d6+4,38,18,5,4,1d12+4,1d6+4,1.0,A
5140,41,16,5,5,1d12+4,1d8+4,38,18,6,3,1d10+4,1d6+4,10.0,B
5141,30,15,8,3,1d10+4,1d8+4,47,18,6,4,1d12+4,1d8+4,8.0,A
5142,50,14,6,3,1d8+4,1d6+4,40,15,8,4,1d12+4,1d6+4,10.0,A
5143,41,17,5,4,1d12+4,1d8+4,50,15,7,4,1d8+4,1d8+4,8.0,A
5144,48,14,6,3,1d12+4,1d6+4,41,16,6,5,1d10+4,1d8+4,8.0,A
5145,45,18,7,3,1d8+4,1d8+4,45,17,7,5,1d10+4,1d8+4,4.0,B
5146,45,15,8,3,1d8+4,1d8+4,37,18,8,4,1d10+4,1d8+4,10.0,B
5147,40,15,6,4,1d12+4,1d8+4,44,17,5,5,1d8+4,1d6+4,4.0,B
5148,36,17,8,5,1d8+4,1d8+4,41,15,8,5,1d10+4,1d8+4,4.0,B
5149,38,16,8,3,1d10+4,1d8+4,49,17,6,3,1d12+4,1d6+4,10.0,B
5150,46,15,6,4,1d10+4,1d6+4,48,16,8,5,1d8+4,1d6+4,10.0,A
5151,45,15,8,3,1d12+4,1d6+4,50,15,8,3,1d8+4,1d6+4,4.0,B
5152,38,16,5,3,1d12+4,1d8+4,39,16,7,4,1d12+4,1d6+4,1.0,A
5153,33,15,7,5,1d10+4,1d8+4,31,16,6,3,1d12+4,1d6+4,5.0,A
5154,50,17,7,3,1d8+4,1d6+4,46,18,8,4,1d12+4,1d8+4,8.0,A
5155,38,18,5,3,1d12+4,1d8+4,39,18,8,4,1d12+4,1d6+4,10.0,B
5156,37,17,6,4,1d8+4,1d8+4,47,14,6,4,1d10+4,1d8+4,0.0,B
5157,41,15,7,5,1d8+4,1d6+4,40,16,7,3,1d12+4,1d8+4,5.0,B
5158,46,17,8,4,1d10+4,1d8+4,46,15,7,5,1d12+4,1d8+4,0.0,A
5159,41,17,7,5,1d10+4,1d6+4,46,14,5,4,1d12+4,1d8+4,5.0,B
5160,46,14,5,5,1d12+4,1d8+4,44,16,5,4,1d8+4,1d8+4,8.0,A
5161,49,14,5,3,1d12+4,1d8+4,42,15,5,5,1d10+4,1d6+4,2.0,A
5162,48,16,7,5,1d8+4,1d8+4,35,17,8,4,1d12+4,1d8+4,4.0,A
5163,36,17,6,3,1d8+4,1d6+4,43,14,7,4,1d12+4,1d8+4,2.0,B
5164,50,18,6,5,1d10+4,1d8+4,38,15,6,3,1d12+4,1d8+4,6.0,B
5165,48,16,6,3,1d8+4,1d8+4,43,14,7,5,1d10+4,1d6+4,1.0,B
5166,31,17,7,3,1d8+4,1d8+4,48,15,7,5,1d8+4,1d6+4,7.0,B
5167,34,18,7,5,1d10+4,1d8+4,44,15,7,5,1d8+4,1d6+4,1.0,B
5168,49,17,5,4,1d12+4,1d6+4,40,15,6,4,1d8+4,1d8+4,6.0,A
5169,31,14,6,4,1d8+4,1d8+4,36,17,7,4,1d8+4,1d8+4,8.0,A
5170,48,14,5,4,1d10+4,1d8+4,31,17,5,5,1d12+4,1d8+4,3.0,B
5171,47,16,8,3,1d10+4,1d8+4,47,15,8,5,1d8+4,1d8+4,3.0,B
5172,47,15,8,5,1d8+4,1d6+4,45,15,8,3,1d12+4,1d6+4,3.0,B
5173,34,18,7,3,1d12+4,1d8+4,49,16,5,4,1d12+4,1d8+4,2.0,A
5174,49,15,7,4,1d8+4,1d6+4,45,17,8,3,1d8+4,1d8+4,2.0,B
5175,45,15,6,4,1d10+4,1d6+4,38,17,5,4,1d12+4,1d6+4,5.0,A
5176,45,15,7,3,1d10+4,1d8+4,34,15,6,4,1d8+4,1d6+4,7.0,A
5177,42,14,8,4,1d12+4,1d6+4,39,17,5,3,1d8+4,1d8+4,1.0,B
5178,43,14,6,5,1d8+4,1d8+4,38,15,5,5,1d8+4,1d6+4,9.0,A
5179,30,16,6,4,1d8+4,1d6+4,30,16,6,5,1d10+4,1d6+4,8.0,A
5180,31,16,7,4,1d10+4,1d6+4,39,17,6,4,1d12+4,1d8+4,4.0,B
5181,47,15,7,5,1d10+4,1d6+4,42,17,8,4,1d8+4,1d8+4,0.0,A
5182,40,14,7,3,1d12+4,1d6+4,39,18,5,3,1d12+4,1d6+4,8.0,A
5183,37,16,8,4,1d8+4,1d6+4,45,17,5,4,1d10+4,1d6+4,8.0,B
5184,48,17,6,3,1d10+4,1d6+4,32,16,6,4,1d8+4,1d8+4,7.0,A
5185,48,18,8,4,1d10+4,1d6+4,44,18,5,3,1d10+4,1d6+4,8.0,B
5186,49,14,6,3,1d8+4,1d8+4,39,14,5,3,1d10+4,1d6+4,2.0,A
5187,37,16,7,5,1d8+4,1d8+4,31,18,8,3,1d8+4,1d8+4,9.0,A
5188,36,15,5,5,1d10+4,1d8+4,30,14,8,5,1d10+4,1d8+4,9.0,B
5189,45,14,5,5,1d8+4,1d8+4,36,15,5,5,1d10+4,1d6+4,10.0,B
5190,31,16,7,4,1d8+4,1d6+4,40,14,8,5,1d12+4,1d8+4,2.0,B
5191,40,16,8,3,1d8+4,1d6+4,50,14,7,4,1d12+4,1d8+4,5.0,B
5192,34,17,7,3,1d8+4,1d6+4,39,14,6,4,1d10+4,1d8+4,10.0,B
5193,42,14,8,5,1d8+4,1d8+4,38,18,8,3,1d8+4,1d8+4,4.0,B
5194,42,18,6,3,1d12+4,1d8+4,32,18,7,3,1d8+4,1d6+4,10.0,A
5195,34,14,8,4,1d12+4,1d6+4,36,14,6,5,1d10+4,1d6+4,3.0,A
5196,49,14,7,4,1d8+4,1d8+4,45,16,6,4,1d10+4,1d8+4,5.0,B
5197,33,17,8,4,1d8+4,1d6+4,45,17,6,3,1d10+4,1d6+4,8.0,A
5198,48,16,6,5,1d8+4,1d8+4,47,17,5,4,1d8+4,1d8+4,4.0,B
5199,38,15,6,5,1d8+4,1d8+4,35,15,5,4,1d8+4,1d6+4,6.0,B
5200,40,15,8,3,1d10+4,1d6+4,35,17,6,5,1d12+4,1d8+4,2.0,A
5201,32,14,6,5,1d8+4,1d8+4,35,16,8,3,1d8+4,1d6+4,10.0,A
5202,45,18,8,3,1d12+4,1d6+4,49,17,8,3,1d8+4,1d6+4,0.0,B
5203,46,14,6,3,1d8+4,1d6+4,38,18,6,5,1d12+4,1d8+4,9.0,B
5204,44,17,5,5,1d8+4,1d6+4,34,15,7,3,1d12+4,1d8+4,4.0,B
5205,38,14,5,3,1d10+4,1d6+4,31,14,6,3,1d8+4,1d6+4,9.0,A
5206,45,14,7,5,1d10+4,1d8+4,30,15,5,4,1d8+4,1d8+4,0.0,A
5207,32,16,7,3,1d12+4,1d8+4,47,18,6,3,1d10+4,1d6+4,6.0,A
5208,50,15,6,4,1d12+4,1d6+4,31,14,6,4,1d12+4,1d6+4,2.0,A
5209,36,18,8,4,1d12+4,1d6+4,31,17,8,3,1d12+4,1d6+4,3.0,A
5210,38,16,7,5,1d10+4,1d8+4,37,17,7,4,1d8+4,1d6+4,9.0,A
5211,39,14,5,3,1d10+4,1d6+4,45,14,6,5,1d8+4,1d6+4,9.0,B
5212,50,17,7,4,1d12+4,1d8+4,30,18,6,5,1d8+4,1d8+4,6.0,A
5213,39,18,6,5,1d10+4,1d8+4,47,16,6,4,1d10+4,1d6+4,9.0,A
5214,47,14,8,5,1d12+4,1d6+4,40,14,6,5,1d8+4,1d8+4,0.0,A
5215,32,15,5,4,1d12+4,1d6+4,31,18,7,5,1d12+4,1d6+4,3.0,A
5216,48,17,7,5,1d10+4,1d8+4,35,15,7,5,1d8+4,1d6+4,10.0,B
5217,38,16,7,5,1d12+4,1d6+4,45,17,8,4,1d8+4,1d6+4,6.0,B
5218,41,16,5,3,1d10+4,1d6+4,46,16,7,3,1d12+4,1d8+4,8.0,B
5219,39,15,7,3,1d8+4,1d8+4,38,14,6,5,1d10+4,1d8+4,4.0,A
5220,35,18,7,5,1d10+4,1d6+4,35,14,8,5,1d12+4,1d6+4,4.0,A
5221,42,14,8,3,1d12+4,1d6+4,50,17,8,4,1d10+4,1d6+4,9.0,A
5222,40,17,5,4,1d8+4,1d6+4,36,16,8,3,1d10+4,1d6+4,7.0,B
5223,50,18,7,5,1d12+4,1d8+4,34,17,5,4,1d12+4,1d6+4,1.0,A
5224,45,15,6,3,1d8+4,1d6+4,35,17,7,4,1d10+4,1d8+4,8.0,A
5225,49,15,8,3,1d10+4,1d6+4,35,16,7,4,1d10+4,1d6+4,3.0,B
5226,47,15,5,4,1d8+4,1d6+4,41,16,8,3,1d8+4,1d6+4,10.0,A
5227,49,14,7,4,1d12+4,1d6+4,39,14,5,5,1d12+4,1d8+4,4.0,A
5228,49,17,8,3,1d12+4,1d6+4,41,14,6,4,1d10+4,1d6+4,1.0,A
5229,43,15,7,4,1d12+4,1d6+4,42,14,8,5,1d12+4,1d8+4,7.0,A
5230,50,18,7,5,1d10+4,1d6+4,40,14,6,4,1d12+4,1d8+4,10.0,A
5231,33,15,7,5,1d8+4,1d8+4,46,15,5,3,1d8+4,1d8+4,5.0,B
5232,34,15,5,3,1d10+4,1d8+4,40,18,5,3,1d8+4,1d6+4,0.0,B
5233,47,17,7,5,1d8+4,1d8+4,39,16,5,5,1d10+4,1d6+4,9.0,A
5234,41,16,5,5,1d8+4,1d6+4,43,18,5,5,1d12+4,1d6+4,3.0,B
5235,44,15,5,4,1d8+4,1d6+4,37,18,5,4,1d12+4,1d6+4,5.0,B
5236,45,18,7,5,1d10+4,1d6+4,31,18,6,4,1d8+4,1d8+4,3.0,A
5237,31,16,5,4,1d8+4,1d8+4,47,14,5,4,1d12+4,1d6+4,9.0,B
5238,33,16,7,3,1d12+4,1d6+4,36,14,7,5,1d12+4,1d6+4,4.0,B
5239,45,18,7,3,1d10+4,1d6+4,49,16,7,5,1d12+4,1d6+4,5.0,A
5240,30,17,7,3,1d12+4,1d8+4,30,17,8,3,1d12+4,1d8+4,2.0,A
5241,37,14,6,3,1d10+4,1d8+4,33,17,8,3,1d12+4,1d8+4,10.0,B
5242,47,16,8,3,1d10+4,1d8+4,37,16,6,5,1d8+4,1d8+4,9.0,A
5243,46,18,8,3,1d8+4,1d6+4,34,17,8,3,1d12+4,1d8+4,2.0,B
5244,34,18,6,3,1d12+4,1d8+4,38,15,6,5,1d12+4,1d8+4,2.0,A
5245,48,18,5,4,1d8+4,1d8+4,42,18,8,4,1d10+4,1d6+4,5.0,A
5246,48,18,8,5,1d12+4,1d8+4,38,18,6,4,1d12+4,1d6+4,2.0,A
5247,49,15,7,5,1d8+4,1d8+4,47,14,5,3,1d8+4,1d8+4,8.0,B
5248,43,17,8,4,1d8+4,1d8+4,36,17,6,4,1d12+4,1d6+4,7.0,B
5249,34,16,8,4,1d12+4,1d6+4,50,17,7,5,1d10+4,1d8+4,8.0,B
5250,46,17,6,4,1d12+4,1d8+4,32,18,6,4,1d12+4,1d6+4,9.0,A
5251,45,14,6,5,1d10+4,1d6+4,31,17,7,4,1d10+4,1d6+4,9.0,A
5252,35,14,8,4,1d10+4,1d6+4,44,17,6,3,1d12+4,1d6+4,4.0,B
5253,44,17,5,5,1d8+4,1d6+4,43,15,8,4,1d12+4,1d8+4,9.0,A
5254,37,14,6,4,1d8+4,1d8+4,48,18,6,3,1d8+4,1d8+4,10.0,B
5255,44,18,5,4,1d10+4,1d8+4,37,17,5,4,1d8+4,1d8+4,4.0,A
5256,36,14,6,3,1d8+4,1d8+4,44,14,8,5,1d12+4,1d6+4,3.0,B
5257,31,15,7,3,1d10+4,1d8+4,35,14,8,5,1d10+4,1d8+4,2.0,B
5258,42,17,8,5,1d12+4,1d6+4,49,16,8,3,1d12+4,1d6+4,0.0,B
5259,31,15,5,4,1d10+4,1d8+4,33,17,7,5,1d8+4,1d6+4,10.0,B
5260,31,14,6,4,1d12+4,1d8+4,41,15,7,3,1d12+4,1d6+4,0.0,A
5261,50,17,7,3,1d10+4,1d8+4,35,14,7,5,1d10+4,1d8+4,1.0,A
5262,46,17,8,3,1d8+4,1d8+4,38,18,5,4,1d8+4,1d8+4,9.0,A
5263,37,14,6,5,1d8+4,1d8+4,45,17,5,4,1d10+4,1d6+4,10.0,B
5264,36,15,6,5,1d10+4,1d6+4,35,17,7,5,1d12+4,1d8+4,7.0,B
5265,33,18,5,3,1d12+4,1d8+4,36,14,6,5,1d10+4,1d6+4,1.0,A
5266,32,17,5,5,1d10+4,1d8+4,32,15,8,5,1d12+4,1d6+4,6.0,A
5267,44,16,8,5,1d12+4,1d8+4,34,15,7,3,1d12+4,1d6+4,5.0,A
5268,46,16,7,3,1d8+4,1d8+4,47,18,6,5,1d10+4,1d6+4,4.0,A
5269,33,18,5,5,1d10+4,1d8+4,50,17,7,5,1d12+4,1d6+4,8.0,A
5270,38,17,8,5,1d10+4,1d6+4,41,14,5,5,1d10+4,1d8+4,7.0,A
5271,46,16,7,3,1d8+4,1d6+4,44,15,7,3,1d10+4,1d6+4,0.0,B
5272,43,14,6,5,1d8+4,1d8+4,39,18,5,3,1d8+4,1d8+4,10.0,B
5273,47,14,8,3,1d10+4,1d6+4,41,17,8,3,1d8+4,1d8+4,7.0,B
5274,48,14,8,4,1d10+4,1d8+4,46,18,8,4,1d10+4,1d6+4,1.0,A
5275,46,18,5,4,1d12+4,1d8+4,48,14,7,3,1d10+4,1d6+4,6.0,A
5276,32,18,5,4,1d12+4,1d6+4,30,14,6,5,1d8+4,1d6+4,7.0,A
5277,44,17,8,3,1d8+4,1d6+4,50,18,6,5,1d12+4,1d8+4,5.0,B
5278,39,18,7,4,1d10+4,1d8+4,50,17,6,5,1d8+4,1d8+4,1.0,A
5279,49,17,8,3,1d8+4,1d8+4,44,18,6,5,1d10+4,1d8+4,10.0,A
5280,38,14,8,3,1d12+4,1d6+4,38,15,7,5,1d10+4,1d6+4,10.0,B
5281,39,16,7,4,1d12+4,1d6+4,50,18,8,4,1d12+4,1d6+4,8.0,B
5282,48,18,7,4,1d12+4,1d6+4,32,18,8,3,1d10+4,1d6+4,6.0,A
5283,41,16,5,4,1d8+4,1d8+4,34,16,8,4,1d8+4,1d8+4,0.0,B
5284,35,14,5,4,1d8+4,1d6+4,34,14,6,4,1d12+4,1d8+4,6.0,A
5285,47,15,8,5,1d12+4,1d8+4,47,15,6,4,1d12+4,1d6+4,1.0,B
5286,49,17,6,4,1d12+4,1d6+4,32,18,6,3,1d8+4,1d6+4,4.0,A
5287,36,15,5,4,1d12+4,1d6+4,42,18,8,5,1d10+4,1d6+4,9.0,B
5288,49,16,5,4,1d10+4,1d6+4,33,18,7,3,1d12+4,1d6+4,0.0,A
5289,30,16,6,3,1d8+4,1d8+4,34,14,6,5,1d12+4,1d8+4,2.0,A
5290,41,17,6,4,1d8+4,1d8+4,30,17,5,5,1d12+4,1d8+4,5.0,A
5291,34,17,6,4,1d12+4,1d8+4,36,14,7,5,1d12+4,1d6+4,10.0,B
5292,47,17,5,3,1d12+4,1d6+4,37,17,7,3,1d10+4,1d8+4,3.0,A
5293,33,18,7,3,1d12+4,1d8+4,46,16,6,3,1d8+4,1d6+4,2.0,A
5294,46,16,5,4,1d10+4,1d6+4,31,18,8,5,1d8+4,1d6+4,6.0,B
5295,33,15,8,4,1d8+4,1d6+4,48,16,6,3,1d12+4,1d8+4,8.0,B
5296,48,15,8,3,1d10+4,1d6+4,48,14,6,3,1d12+4,1d6+4,2.0,A
5297,36,15,8,3,1d8+4,1d8+4,42,17,6,4,1d10+4,1d8+4,5.0,A
5298,42,17,8,4,1d12+4,1d8+4,48,15,5,5,1d12+4,1d6+4,6.0,A
5299,48,18,7,3,1d12+4,1d6+4,50,18,5,5,1d10+4,1d8+4,10.0,A
5300,46,17,8,5,1d10+4,1d6+4,46,14,6,3,1d10+4,1d6+4,9.0,A
5301,38,16,8,4,1d12+4,1d6+4,42,17,6,5,1d10+4,1d8+4,1.0,A
5302,42,17,7,4,1d10+4,1d6+4,41,17,7,5,1d10+4,1d6+4,9.0,B
5303,45,15,6,4,1d8+4,1d6+4,49,14,6,5,1d8+4,1d6+4,5.0,A
5304,39,15,8,3,1d10+4,1d8+4,46,14,7,4,1d8+4,1d8+4,7.0,B
5305,41,15,5,5,1d8+4,1d6+4,39,18,8,4,1d8+4,1d8+4,6.0,B
5306,31,14,5,3,1d8+4,1d8+4,50,14,5,5,1d8+4,1d8+4,9.0,B
5307,36,14,6,5,1d10+4,1d6+4,30,14,8,4,1d10+4,1d8+4,6.0,A
5308,47,15,6,5,1d8+4,1d6+4,48,15,8,5,1d12+4,1d8+4,7.0,B
5309,34,18,7,4,1d8+4,1d6+4,44,18,5,5,1d10+4,1d8+4,9.0,A
5310,48,14,6,3,1d12+4,1d6+4,33,18,6,5,1d12+4,1d6+4,2.0,A
5311,46,15,6,4,1d8+4,1d6+4,44,16,6,5,1d10+4,1d8+4,10.0,B
5312,41,17,5,5,1d8+4,1d6+4,35,14,7,5,1d8+4,1d6+4,6.0,B
5313,45,15,7,5,1d10+4,1d8+4,44,15,6,4,1d12+4,1d6+4,9.0,A
5314,50,18,7,4,1d10+4,1d8+4,31,15,8,4,1d8+4,1d8+4,3.0,A
5315,31,17,5,4,1d8+4,1d8+4,48,17,8,4,1d8+4,1d8+4,2.0,B
5316,38,15,6,4,1d10+4,1d6+4,44,17,5,3,1d12+4,1d6+4,4.0,B
5317,39,17,5,4,1d12+4,1d6+4,48,16,6,3,1d10+4,1d6+4,4.0,A
5318,47,18,7,4,1d10+4,1d6+4,37,16,8,3,1d12+4,1d6+4,8.0,A
5319,30,18,6,5,1d10+4,1d8+4,47,15,6,3,1d8+4,1d8+4,1.0,A
5320,37,14,6,3,1d8+4,1d6+4,43,18,5,3,1d8+4,1d6+4,8.0,A
5321,42,16,5,3,1d10+4,1d6+4,32,16,8,5,1d8+4,1d8+4,4.0,B
5322,50,14,5,4,1d8+4,1d8+4,42,14,8,3,1d8+4,1d8+4,4.0,A
5323,45,18,7,3,1d10+4,1d8+4,44,17,5,5,1d12+4,1d8+4,9.0,A
5324,45,14,8,3,1d10+4,1d6+4,39,17,5,5,1d12+4,1d6+4,7.0,B
5325,36,15,8,4,1d8+4,1d6+4,44,16,8,5,1d8+4,1d6+4,7.0,B
5326,38,16,6,4,1d10+4,1d8+4,49,16,6,3,1d8+4,1d6+4,4.0,B
5327,31,14,6,5,1d8+4,1d8+4,42,17,5,4,1d8+4,1d6+4,1.0,B
5328,38,17,8,4,1d8+4,1d6+4,37,15,7,4,1d12+4,1d8+4,5.0,A
5329,43,16,7,5,1d10+4,1d6+4,34,15,7,3,1d10+4,1d6+4,2.0,A
5330,47,14,7,3,1d12+4,1d8+4,43,15,7,4,1d10+4,1d6+4,7.0,A
5331,30,16,8,3,1d10+4,1d6+4,35,16,6,5,1d10+4,1d6+4,1.0,A
5332,37,16,5,5,1d8+4,1d8+4,44,15,6,4,1d8+4,1d8+4,5.0,B
5333,46,17,7,4,1d10+4,1d6+4,34,14,6,5,1d12+4,1d6+4,7.0,A
5334,37,14,6,5,1d10+4,1d6+4,43,16,5,4,1d12+4,1d8+4,2.0,B
5335,34,14,7,5,1d10+4,1d6+4,31,17,7,5,1d8+4,1d8+4,8.0,B
5336,33,17,7,4,1d12+4,1d6+4,43,15,5,5,1d8+4,1d6+4,10.0,B
5337,42,16,8,4,1d8+4,1d8+4,34,16,7,5,1d8+4,1d6+4,5.0,A
5338,31,16,6,5,1d10+4,1d6+4,32,18,7,3,1d12+4,1d8+4,9.0,A
5339,45,15,7,3,1d10+4,1d8+4,32,14,5,3,1d8+4,1d8+4,8.0,A
5340,30,14,6,3,1d10+4,1d8+4,43,15,5,3,1d10+4,1d6+4,6.0,B
5341,42,15,5,3,1d10+4,1d6+4,41,17,6,4,1d10+4,1d6+4,3.0,B
5342,44,14,8,3,1d8+4,1d6+4,41,14,7,5,1d12+4,1d6+4,1.0,B
5343,44,16,7,5,1d10+4,1d6+4,40,15,7,4,1d10+4,1d6+4,8.0,A
5344,44,14,7,5,1d12+4,1d8+4,37,15,7,4,1d12+4,1d6+4,7.0,A
5345,32,18,7,4,1d12+4,1d8+4,45,16,6,5,1d10+4,1d8+4,9.0,A
5346,31,15,6,4,1d10+4,1d6+4,30,17,6,3,1d12+4,1d6+4,4.0,A
5347,34,18,8,3,1d12+4,1d8+4,50,18,5,4,1d10+4,1d8+4,8.0,B
5348,48,18,8,3,1d8+4,1d8+4,31,15,5,3,1d12+4,1d8+4,9.0,A
5349,40,18,6,5,1d8+4,1d6+4,50,15,8,4,1d10+4,1d8+4,3.0,A
5350,39,18,5,3,1d10+4,1d8+4,50,14,8,4,1d12+4,1d6+4,6.0,B
5351,50,14,7,5,1d12+4,1d6+4,41,17,7,5,1d12+4,1d6+4,4.0,A
5352,31,16,7,5,1d8+4,1d8+4,36,15,6,4,1d10+4,1d6+4,9.0,A
5353,45,14,7,3,1d10+4,1d6+4,45,15,6,5,1d8+4,1d8+4,7.0,A
5354,34,17,8,4,1d10+4,1d6+4,45,14,7,5,1d12+4,1d6+4,6.0,A
5355,34,16,5,5,1d10+4,1d6+4,47,18,6,4,1d12+4,1d8+4,7.0,B
5356,30,17,8,5,1d12+4,1d8+4,32,18,5,4,1d8+4,1d6+4,9.0,A
5357,50,18,8,3,1d8+4,1d8+4,36,18,8,4,1d8+4,1d6+4,2.0,A
5358,39,18,7,5,1d8+4,1d6+4,43,14,6,4,1d10+4,1d6+4,10.0,A
5359,50,14,7,4,1d10+4,1d8+4,50,17,7,4,1d8+4,1d8+4,3.0,B
5360,31,14,7,5,1d12+4,1d6+4,30,16,6,4,1d12+4,1d8+4,6.0,A
5361,49,16,6,4,1d8+4,1d8+4,47,15,6,4,1d12+4,1d6+4,2.0,B
5362,39,14,6,4,1d8+4,1d8+4,49,18,5,3,1d12+4,1d6+4,6.0,B
5363,50,16,5,3,1d12+4,1d6+4,43,15,7,4,1d12+4,1d8+4,9.0,B
5364,42,16,6,5,1d12+4,1d6+4,42,15,8,4,1d10+4,1d6+4,3.0,B
5365,48,16,8,3,1d12+4,1d6+4,41,17,5,4,1d12+4,1d8+4,6.0,A
5366,50,17,5,4,1d8+4,1d6+4,36,14,7,5,1d12+4,1d8+4,5.0,B
5367,42,14,6,5,1d8+4,1d6+4,33,15,6,5,1d12+4,1d6+4,2.0,A
5368,45,16,7,4,1d12+4,1d8+4,44,18,7,5,1d12+4,1d6+4,6.0,A
5369,42,16,7,3,1d8+4,1d6+4,40,15,6,4,1d10+4,1d6+4,1.0,B
5370,49,16,6,5,1d12+4,1d6+4,32,15,5,5,1d10+4,1d6+4,5.0,A
5371,33,15,6,4,1d8+4,1d6+4,49,14,7,3,1d8+4,1d8+4,2.0,B
5372,39,15,5,3,1d8+4,1d8+4,43,14,5,3,1d10+4,1d6+4,1.0,B
5373,46,14,5,3,1d10+4,1d6+4,39,18,6,5,1d8+4,1d8+4,3.0,A
5374,43,15,5,3,1d10+4,1d6+4,46,14,8,3,1d8+4,1d6+4,5.0,A
5375,36,17,8,3,1d8+4,1d6+4,35,15,6,5,1d10+4,1d8+4,5.0,A
5376,41,18,8,4,1d12+4,1d6+4,36,15,7,3,1d10+4,1d6+4,6.0,A
5377,47,14,8,5,1d10+4,1d8+4,33,18,5,4,1d12+4,1d8+4,1.0,A
5378,32,16,7,3,1d10+4,1d8+4,47,18,6,4,1d8+4,1d6+4,4.0,A
5379,50,14,8,3,1d12+4,1d8+4,43,15,8,5,1d12+4,1d8+4,4.0,B
5380,40,14,6,4,1d12+4,1d8+4,40,17,5,4,1d8+4,1d8+4,10.0,A
5381,43,18,8,4,1d8+4,1d8+4,35,16,6,4,1d12+4,1d8+4,6.0,B
5382,50,14,5,4,1d10+4,1d6+4,42,15,5,5,1d12+4,1d6+4,10.0,B
5383,49,14,5,5,1d12+4,1d6+4,39,17,8,5,1d10+4,1d8+4,9.0,A
5384,44,14,5,4,1d10+4,1d8+4,38,18,8,5,1d8+4,1d8+4,6.0,B
5385,33,18,8,5,1d8+4,1d8+4,37,14,6,3,1d10+4,1d8+4,4.0,A
5386,34,14,6,4,1d12+4,1d8+4,39,18,5,4,1d10+4,1d6+4,8.0,A
5387,32,18,7,5,1d12+4,1d6+4,38,17,8,5,1d8+4,1d8+4,5.0,A
5388,36,14,8,5,1d12+4,1d6+4,32,18,5,3,1d8+4,1d8+4,4.0,A
5389,45,14,5,5,1d8+4,1d8+4,38,18,7,3,1d12+4,1d8+4,6.0,B
5390,35,15,6,3,1d10+4,1d8+4,40,18,6,3,1d10+4,1d6+4,10.0,B
5391,46,17,6,5,1d8+4,1d8+4,45,15,8,5,1d8+4,1d6+4,7.0,B
5392,39,14,5,4,1d10+4,1d6+4,44,14,6,4,1d8+4,1d8+4,5.0,B
5393,44,18,5,5,1d10+4,1d6+4,42,14,6,5,1d12+4,1d8+4,6.0,B
5394,48,18,7,4,1d12+4,1d8+4,42,18,6,3,1d10+4,1d8+4,4.0,A
5395,35,16,7,4,1d12+4,1d6+4,48,15,6,4,1d12+4,1d6+4,4.0,B
5396,48,18,7,5,1d10+4,1d6+4,40,17,8,5,1d8+4,1d8+4,0.0,A
5397,35,15,8,4,1d10+4,1d8+4,33,18,5,3,1d8+4,1d8+4,3.0,B
5398,50,14,5,5,1d10+4,1d6+4,31,18,6,5,1d12+4,1d8+4,2.0,B
5399,37,17,8,4,1d10+4,1d6+4,40,18,5,3,1d12+4,1d6+4,9.0,B
5400,36,16,8,5,1d8+4,1d6+4,31,18,5,3,1d10+4,1d6+4,0.0,B
5401,40,15,8,4,1d10+4,1d8+4,37,18,6,5,1d8+4,1d8+4,1.0,B
5402,35,17,5,4,1d8+4,1d6+4,50,14,5,3,1d10+4,1d6+4,6.0,B
5403,31,14,5,4,1d10+4,1d8+4,45,16,8,4,1d12+4,1d6+4,2.0,B
5404,35,16,8,3,1d10+4,1d8+4,41,16,6,3,1d10+4,1d6+4,0.0,A
5405,36,15,6,3,1d10+4,1d6+4,46,15,8,4,1d12+4,1d8+4,8.0,A
5406,47,15,8,5,1d10+4,1d8+4,32,14,8,4,1d12+4,1d8+4,3.0,B
5407,31,16,7,5,1d12+4,1d6+4,49,14,6,5,1d8+4,1d6+4,9.0,B
5408,43,18,7,4,1d10+4,1d6+4,38,17,5,4,1d10+4,1d8+4,4.0,A
5409,31,15,7,3,1d8+4,1d6+4,31,17,7,4,1d10+4,1d8+4,1.0,B
5410,44,17,8,3,1d12+4,1d8+4,31,16,8,3,1d10+4,1d6+4,4.0,A
5411,47,16,5,4,1d8+4,1d8+4,32,18,6,4,1d10+4,1d6+4,9.0,A
5412,49,18,5,3,1d12+4,1d8+4,44,17,5,5,1d12+4,1d8+4,0.0,B
5413,42,15,7,5,1d8+4,1d6+4,40,17,6,5,1d12+4,1d6+4,8.0,B
5414,48,15,6,5,1d8+4,1d8+4,40,14,7,5,1d8+4,1d8+4,7.0,A
5415,44,16,5,3,1d10+4,1d6+4,47,14,5,4,1d8+4,1d6+4,4.0,B
5416,38,18,5,4,1d10+4,1d6+4,50,16,8,5,1d10+4,1d8+4,3.0,B
5417,43,18,5,4,1d8+4,1d6+4,35,16,8,4,1d10+4,1d6+4,9.0,A
5418,50,15,8,4,1d12+4,1d8+4,42,16,7,3,1d12+4,1d6+4,0.0,B
5419,50,17,7,4,1d8+4,1d8+4,50,16,7,4,1d8+4,1d8+4,5.0,B
5420,31,17,5,4,1d10+4,1d8+4,35,16,7,4,1d10+4,1d6+4,9.0,B
5421,43,18,6,5,1d12+4,1d8+4,34,14,5,5,1d12+4,1d6+4,4.0,A
5422,49,15,5,5,1d12+4,1d6+4,43,15,7,4,1d8+4,1d6+4,4.0,A
5423,44,18,6,4,1d8+4,1d6+4,41,15,5,5,1d12+4,1d8+4,1.0,A
5424,35,17,7,5,1d12+4,1d8+4,48,15,8,4,1d12+4,1d6+4,4.0,A
5425,34,18,5,3,1d10+4,1d8+4,38,16,5,3,1d12+4,1d8+4,9.0,A
5426,36,17,5,4,1d10+4,1d8+4,39,17,7,4,1d12+4,1d6+4,3.0,B
5427,42,16,6,5,1d10+4,1d8+4,39,15,8,3,1d8+4,1d8+4,1.0,B
5428,42,16,5,4,1d10+4,1d8+4,45,14,6,3,1d10+4,1d6+4,1.0,B
5429,36,14,8,3,1d8+4,1d6+4,45,14,5,3,1d8+4,1d6+4,0.0,A
5430,41,17,6,4,1d10+4,1d6+4,40,15,6,3,1d10+4,1d8+4,2.0,A
5431,31,18,7,4,1d12+4,1d8+4,44,16,7,5,1d12+4,1d8+4,9.0,B
5432,35,16,8,5,1d10+4,1d6+4,46,14,7,5,1d12+4,1d6+4,7.0,B
5433,47,16,5,5,1d8+4,1d6+4,39,15,8,3,1d10+4,1d8+4,3.0,B
5434,40,18,5,5,1d8+4,1d8+4,49,16,5,3,1d10+4,1d8+4,8.0,A
5435,46,17,6,3,1d8+4,1d8+4,40,14,8,5,1d12+4,1d8+4,6.0,A
5436,48,16,5,4,1d10+4,1d8+4,36,17,7,4,1d8+4,1d8+4,8.0,B
5437,38,17,5,5,1d12+4,1d6+4,42,16,5,4,1d8+4,1d8+4,9.0,A
5438,48,17,8,4,1d12+4,1d8+4,44,14,8,5,1d10+4,1d6+4,3.0,A
5439,30,16,5,3,1d8+4,1d8+4,45,14,7,3,1d8+4,1d8+4,4.0,B
5440,39,18,7,4,1d8+4,1d8+4,37,14,6,4,1d8+4,1d8+4,7.0,A
5441,38,18,6,3,1d10+4,1d6+4,48,18,8,5,1d8+4,1d6+4,3.0,B
5442,45,16,5,3,1d12+4,1d8+4,46,15,7,3,1d12+4,1d6+4,4.0,A
5443,32,18,6,5,1d8+4,1d8+4,40,15,7,5,1d8+4,1d8+4,10.0,B
5444,33,18,6,3,1d10+4,1d8+4,48,16,5,4,1d12+4,1d6+4,10.0,A
5445,36,17,8,3,1d8+4,1d8+4,34,14,6,4,1d12+4,1d8+4,4.0,A
5446,39,16,7,3,1d8+4,1d8+4,50,17,6,3,1d12+4,1d8+4,4.0,A
5447,50,14,6,3,1d12+4,1d6+4,32,17,7,4,1d12+4,1d6+4,1.0,B
5448,44,18,6,4,1d10+4,1d6+4,43,15,6,3,1d12+4,1d8+4,0.0,A
5449,49,18,7,3,1d12+4,1d8+4,50,15,7,5,1d8+4,1d8+4,0.0,A
5450,35,17,5,3,1d10+4,1d8+4,37,16,7,4,1d8+4,1d6+4,6.0,A
5451,36,15,8,3,1d8+4,1d8+4,49,17,6,3,1d12+4,1d8+4,6.0,B
5452,50,15,5,4,1d8+4,1d8+4,33,18,6,4,1d12+4,1d8+4,0.0,B
5453,43,17,5,3,1d10+4,1d8+4,43,17,6,4,1d12+4,1d8+4,10.0,A
5454,50,14,7,5,1d10+4,1d8+4,38,17,7,3,1d12+4,1d6+4,8.0,B
5455,45,17,6,3,1d12+4,1d6+4,40,17,8,3,1d10+4,1d8+4,4.0,A
5456,50,18,8,5,1d8+4,1d6+4,45,18,7,4,1d8+4,1d6+4,0.0,A
5457,40,15,7,5,1d10+4,1d8+4,43,16,8,5,1d12+4,1d8+4,9.0,B
5458,47,18,7,3,1d8+4,1d6+4,40,15,7,5,1d8+4,1d6+4,0.0,A
5459,35,14,7,5,1d12+4,1d8+4,42,16,5,4,1d8+4,1d6+4,4.0,B
5460,31,15,6,4,1d12+4,1d8+4,37,15,5,5,1d12+4,1d6+4,0.0,B
5461,32,18,5,4,1d12+4,1d8+4,36,17,7,3,1d10+4,1d6+4,0.0,B
5462,37,17,5,4,1d12+4,1d6+4,44,14,5,5,1d8+4,1d6+4,5.0,A
5463,43,17,7,5,1d10+4,1d6+4,47,15,7,4,1d12+4,1d8+4,6.0,A
5464,50,17,7,4,1d12+4,1d8+4,44,18,7,3,1d12+4,1d8+4,5.0,B
5465,50,18,7,3,1d10+4,1d8+4,33,14,6,5,1d12+4,1d8+4,10.0,A
5466,38,15,6,4,1d12+4,1d6+4,44,18,8,5,1d12+4,1d6+4,4.0,B
5467,40,18,6,3,1d12+4,1d8+4,32,14,6,4,1d8+4,1d8+4,7.0,A
5468,42,17,5,4,1d8+4,1d6+4,40,18,5,5,1d8+4,1d6+4,2.0,A
5469,48,14,8,4,1d10+4,1d8+4,48,15,8,5,1d12+4,1d6+4,1.0,B
5470,43,17,5,4,1d8+4,1d6+4,33,17,5,3,1d10+4,1d8+4,5.0,A
5471,38,18,7,5,1d8+4,1d8+4,34,16,6,3,1d12+4,1d8+4,1.0,A
5472,46,16,8,3,1d12+4,1d8+4,39,18,5,3,1d10+4,1d6+4,1.0,A
5473,43,16,6,5,1d12+4,1d8+4,40,16,8,5,1d10+4,1d8+4,4.0,A
5474,44,14,7,4,1d12+4,1d8+4,42,15,5,3,1d10+4,1d8+4,3.0,B
5475,50,16,8,4,1d10+4,1d6+4,49,18,5,4,1d10+4,1d8+4,9.0,A
5476,37,15,6,4,1d12+4,1d8+4,42,16,6,5,1d8+4,1d6+4,4.0,B
5477,34,17,6,3,1d8+4,1d6+4,40,17,5,4,1d10+4,1d8+4,3.0,A
5478,37,16,5,5,1d10+4,1d8+4,44,14,7,3,1d10+4,1d6+4,5.0,B
5479,35,17,5,3,1d10+4,1d8+4,46,17,6,4,1d12+4,1d8+4,3.0,B
5480,34,14,7,4,1d12+4,1d8+4,40,16,6,5,1d8+4,1d8+4,3.0,A
5481,50,16,5,4,1d12+4,1d8+4,36,15,7,3,1d8+4,1d8+4,10.0,B
5482,44,15,5,3,1d8+4,1d8+4,49,16,5,3,1d12+4,1d6+4,8.0,B
5483,43,17,6,4,1d8+4,1d6+4,37,18,5,3,1d8+4,1d6+4,1.0,A
5484,37,17,8,5,1d8+4,1d8+4,43,16,5,5,1d12+4,1d6+4,5.0,B
5485,35,15,6,5,1d10+4,1d6+4,34,16,5,4,1d12+4,1d8+4,10.0,A
5486,45,18,5,3,1d12+4,1d6+4,49,18,7,5,1d12+4,1d6+4,3.0,A
5487,35,17,6,5,1d8+4,1d6+4,48,16,6,4,1d12+4,1d8+4,0.0,A
5488,42,17,5,3,1d12+4,1d6+4,48,16,6,4,1d10+4,1d8+4,3.0,A
5489,38,14,6,4,1d8+4,1d8+4,48,15,7,3,1d12+4,1d6+4,5.0,B
5490,48,17,6,5,1d8+4,1d6+4,36,16,8,4,1d10+4,1d6+4,8.0,A
5491,48,16,7,3,1d10+4,1d8+4,33,17,8,4,1d12+4,1d6+4,6.0,A
5492,31,17,8,5,1d8+4,1d6+4,39,14,8,3,1d8+4,1d8+4,7.0,A
5493,49,15,6,5,1d10+4,1d6+4,50,15,5,5,1d8+4,1d8+4,6.0,B
5494,30,15,8,5,1d8+4,1d8+4,41,18,6,5,1d8+4,1d8+4,2.0,B
5495,43,16,6,5,1d10+4,1d6+4,48,17,5,4,1d12+4,1d6+4,3.0,A
5496,47,15,8,5,1d8+4,1d6+4,44,18,6,3,1d12+4,1d8+4,1.0,B
5497,50,17,8,3,1d12+4,1d6+4,37,16,8,4,1d8+4,1d8+4,3.0,A
5498,33,16,8,4,1d8+4,1d6+4,38,16,8,3,1d12+4,1d8+4,10.0,B
5499,46,17,7,3,1d8+4,1d8+4,49,15,6,5,1d10+4,1d6+4,4.0,A
5500,37,18,6,5,1d10+4,1d8+4,44,16,7,5,1d8+4,1d6+4,2.0,A
5501,48,17,6,5,1d10+4,1d6+4,46,17,7,3,1d10+4,1d8+4,4.0,A
5502,43,17,6,4,1d10+4,1d8+4,31,17,8,4,1d8+4,1d6+4,10.0,B
5503,35,17,6,5,1d10+4,1d8+4,48,15,5,4,1d12+4,1d6+4,4.0,A
5504,33,17,5,5,1d8+4,1d8+4,34,14,5,3,1d10+4,1d6+4,1.0,B
5505,41,18,5,5,1d8+4,1d6+4,39,15,8,3,1d10+4,1d8+4,5.0,B
5506,46,15,8,5,1d12+4,1d6+4,32,15,6,3,1d10+4,1d8+4,7.0,B
5507,31,18,5,3,1d10+4,1d6+4,36,18,7,4,1d10+4,1d6+4,2.0,B
5508,42,14,5,4,1d8+4,1d8+4,38,15,5,5,1d8+4,1d6+4,4.0,B
5509,33,16,5,3,1d10+4,1d6+4,47,17,7,3,1d8+4,1d8+4,9.0,B
5510,32,14,6,4,1d10+4,1d6+4,47,16,5,5,1d10+4,1d8+4,2.0,B
5511,32,14,8,4,1d10+4,1d6+4,42,18,6,5,1d10+4,1d8+4,1.0,B
5512,32,16,5,3,1d10+4,1d8+4,40,17,5,3,1d8+4,1d8+4,7.0,A
5513,40,14,8,4,1d10+4,1d8+4,35,18,5,4,1d10+4,1d6+4,7.0,A
5514,33,15,6,5,1d12+4,1d8+4,49,18,7,4,1d12+4,1d8+4,4.0,B
5515,43,16,5,5,1d8+4,1d6+4,42,16,7,4,1d10+4,1d8+4,1.0,B
5516,48,16,6,5,1d12+4,1d8+4,41,18,5,3,1d8+4,1d6+4,4.0,A
5517,35,16,7,4,1d10+4,1d8+4,43,17,8,5,1d8+4,1d8+4,2.0,A
5518,40,16,8,4,1d12+4,1d6+4,38,18,7,4,1d8+4,1d6+4,7.0,B
5519,37,17,6,5,1d8+4,1d8+4,37,18,7,4,1d8+4,1d8+4,9.0,B
5520,42,17,8,4,1d8+4,1d6+4,47,16,6,3,1d12+4,1d8+4,3.0,B
5521,31,14,5,5,1d8+4,1d6+4,36,14,5,3,1d8+4,1d8+4,8.0,A
5522,47,14,5,3,1d10+4,1d6+4,30,17,8,3,1d12+4,1d8+4,4.0,B
5523,35,18,6,4,1d10+4,1d8+4,41,17,8,3,1d10+4,1d8+4,7.0,B
5524,38,16,7,3,1d12+4,1d6+4,37,14,7,5,1d10+4,1d6+4,4.0,A
5525,30,17,5,5,1d12+4,1d6+4,43,15,8,5,1d10+4,1d6+4,3.0,B
5526,44,15,5,5,1d12+4,1d6+4,41,18,7,4,1d8+4,1d6+4,1.0,B
5527,40,18,7,4,1d12+4,1d6+4,38,16,5,5,1d8+4,1d8+4,8.0,A
5528,46,17,6,4,1d12+4,1d8+4,35,18,6,4,1d12+4,1d6+4,3.0,A
5529,44,18,6,4,1d12+4,1d6+4,31,16,6,4,1d12+4,1d6+4,1.0,A
5530,30,17,8,5,1d10+4,1d8+4,50,18,5,5,1d12+4,1d8+4,5.0,A
5531,35,17,8,3,1d10+4,1d8+4,30,18,5,4,1d10+4,1d8+4,10.0,A
5532,42,16,7,5,1d8+4,1d8+4,45,14,8,4,1d10+4,1d6+4,4.0,A
5533,46,18,6,5,1d10+4,1d8+4,31,18,8,4,1d12+4,1d6+4,2.0,B
5534,33,17,8,5,1d12+4,1d8+4,33,14,6,3,1d10+4,1d6+4,7.0,B
5535,34,17,6,4,1d12+4,1d8+4,37,18,5,4,1d12+4,1d6+4,0.0,B
5536,36,15,5,3,1d8+4,1d6+4,49,18,7,4,1d12+4,1d8+4,2.0,B
5537,46,17,7,3,1d12+4,1d6+4,40,15,5,5,1d12+4,1d8+4,7.0,A
5538,45,14,5,4,1d12+4,1d6+4,38,18,6,4,1d12+4,1d8+4,2.0,A
5539,41,18,8,5,1d10+4,1d8+4,39,18,7,5,1d10+4,1d6+4,2.0,A
5540,46,15,7,4,1d8+4,1d8+4,31,18,7,4,1d12+4,1d8+4,3.0,A
5541,36,14,5,4,1d10+4,1d8+4,40,18,8,5,1d8+4,1d6+4,4.0,B
5542,31,15,6,5,1d8+4,1d8+4,40,16,7,3,1d12+4,1d6+4,7.0,B
5543,44,15,8,3,1d8+4,1d6+4,43,16,6,5,1d12+4,1d6+4,9.0,A
5544,40,18,6,3,1d12+4,1d6+4,35,14,6,4,1d8+4,1d8+4,9.0,A
5545,35,18,6,3,1d10+4,1d8+4,32,16,6,4,1d10+4,1d8+4,9.0,A
5546,40,15,5,3,1d10+4,1d8+4,49,16,6,5,1d10+4,1d8+4,8.0,B
5547,43,18,8,3,1d12+4,1d6+4,47,14,6,3,1d8+4,1d6+4,8.0,A
5548,46,16,6,4,1d12+4,1d6+4,37,14,8,3,1d10+4,1d6+4,0.0,A
5549,46,15,6,5,1d8+4,1d6+4,43,14,6,4,1d10+4,1d6+4,5.0,B
5550,32,16,8,4,1d8+4,1d8+4,38,15,5,4,1d10+4,1d6+4,0.0,B
5551,43,15,8,3,1d8+4,1d6+4,47,18,5,5,1d12+4,1d8+4,7.0,B
5552,41,17,6,3,1d10+4,1d8+4,43,17,6,5,1d8+4,1d8+4,9.0,B
5553,31,14,5,5,1d8+4,1d6+4,45,15,8,4,1d10+4,1d6+4,6.0,B
5554,41,16,5,3,1d8+4,1d8+4,33,14,6,4,1d12+4,1d6+4,2.0,A
5555,37,14,5,3,1d12+4,1d6+4,30,18,5,4,1d8+4,1d8+4,5.0,A
5556,48,15,8,3,1d12+4,1d6+4,34,15,7,5,1d8+4,1d6+4,7.0,A
5557,42,18,7,4,1d8+4,1d8+4,45,14,6,4,1d8+4,1d6+4,9.0,A
5558,37,15,8,4,1d8+4,1d8+4,31,18,8,5,1d8+4,1d8+4,9.0,B
5559,47,16,6,3,1d8+4,1d8+4,45,14,7,3,1d12+4,1d6+4,2.0,B
5560,41,14,8,3,1d12+4,1d8+4,32,17,8,3,1d12+4,1d8+4,0.0,A
5561,35,18,5,3,1d12+4,1d6+4,35,18,6,4,1d10+4,1d8+4,5.0,B
5562,34,17,7,3,1d12+4,1d6+4,40,18,8,3,1d8+4,1d8+4,5.0,B
5563,47,14,7,3,1d10+4,1d8+4,42,15,6,4,1d8+4,1d8+4,0.0,A
5564,49,17,5,5,1d10+4,1d8+4,40,16,5,4,1d10+4,1d8+4,9.0,A
5565,33,18,8,4,1d12+4,1d8+4,31,15,5,4,1d8+4,1d6+4,7.0,A
5566,33,17,5,3,1d8+4,1d6+4,44,15,5,5,1d10+4,1d8+4,3.0,B
5567,32,15,8,3,1d10+4,1d8+4,42,15,6,3,1d12+4,1d6+4,4.0,B
5568,42,18,8,4,1d10+4,1d6+4,46,16,5,5,1d8+4,1d6+4,4.0,B
5569,50,16,5,3,1d8+4,1d6+4,42,16,6,5,1d8+4,1d6+4,5.0,B
5570,44,18,7,3,1d8+4,1d8+4,31,15,6,5,1d10+4,1d8+4,9.0,B
5571,46,16,5,5,1d12+4,1d6+4,31,16,8,4,1d8+4,1d6+4,3.0,A
5572,33,18,7,4,1d10+4,1d6+4,40,17,6,5,1d8+4,1d8+4,5.0,B
5573,39,17,5,5,1d8+4,1d8+4,31,16,7,5,1d12+4,1d6+4,5.0,B
5574,37,17,5,3,1d12+4,1d6+4,38,15,5,4,1d8+4,1d6+4,7.0,A
5575,35,17,5,5,1d12+4,1d6+4,31,14,5,4,1d12+4,1d6+4,0.0,A
5576,39,15,5,4,1d10+4,1d8+4,33,15,7,4,1d12+4,1d8+4,9.0,A
5577,31,15,6,5,1d10+4,1d6+4,32,14,7,3,1d8+4,1d8+4,8.0,A
5578,43,18,8,5,1d10+4,1d8+4,36,17,5,4,1d12+4,1d6+4,0.0,A
5579,32,18,8,3,1d10+4,1d8+4,37,16,7,4,1d10+4,1d8+4,0.0,A
5580,34,16,5,5,1d12+4,1d6+4,48,15,8,3,1d10+4,1d6+4,6.0,B
5581,47,14,7,4,1d12+4,1d6+4,33,15,7,5,1d12+4,1d8+4,10.0,A
5582,40,14,5,4,1d10+4,1d8+4,39,16,7,5,1d12+4,1d8+4,9.0,B
5583,40,15,5,5,1d8+4,1d8+4,49,16,5,3,1d12+4,1d8+4,7.0,A
5584,46,15,5,3,1d8+4,1d8+4,32,16,7,4,1d8+4,1d8+4,1.0,A
5585,47,15,5,3,1d12+4,1d8+4,41,15,7,5,1d10+4,1d8+4,1.0,B
5586,30,14,8,3,1d10+4,1d6+4,46,15,6,4,1d8+4,1d6+4,9.0,A
5587,42,17,6,4,1d12+4,1d8+4,50,17,6,3,1d10+4,1d8+4,2.0,A
5588,46,17,8,5,1d8+4,1d8+4,39,17,7,4,1d8+4,1d6+4,9.0,A
5589,47,14,6,5,1d12+4,1d6+4,45,16,8,3,1d10+4,1d8+4,6.0,A
5590,41,18,5,4,1d8+4,1d8+4,46,15,6,4,1d8+4,1d6+4,3.0,A
5591,42,15,8,4,1d8+4,1d8+4,30,14,7,3,1d12+4,1d8+4,5.0,A
5592,37,18,5,3,1d10+4,1d8+4,45,15,7,5,1d10+4,1d6+4,4.0,A
5593,37,18,5,4,1d12+4,1d8+4,45,16,8,5,1d12+4,1d6+4,7.0,B
5594,46,14,8,3,1d8+4,1d8+4,41,16,7,5,1d8+4,1d6+4,8.0,A
5595,44,17,7,3,1d10+4,1d8+4,32,14,8,3,1d12+4,1d8+4,3.0,A
5596,45,16,5,3,1d8+4,1d6+4,41,17,7,4,1d12+4,1d6+4,0.0,B
5597,37,16,7,5,1d8+4,1d6+4,35,15,5,3,1d10+4,1d8+4,0.0,A
5598,42,18,8,4,1d10+4,1d8+4,32,15,7,3,1d8+4,1d6+4,5.0,A
5599,48,14,7,4,1d10+4,1d6+4,45,16,5,3,1d8+4,1d8+4,4.0,A
5600,43,17,5,3,1d10+4,1d6+4,45,15,5,3,1d8+4,1d6+4,7.0,A
5601,50,14,6,3,1d8+4,1d8+4,38,18,7,5,1d10+4,1d8+4,10.0,A
5602,38,14,7,3,1d10+4,1d6+4,34,17,5,4,1d10+4,1d8+4,10.0,A
5603,32,14,8,5,1d8+4,1d8+4,32,17,5,4,1d10+4,1d6+4,2.0,A
5604,38,17,7,3,1d10+4,1d8+4,49,18,8,4,1d12+4,1d6+4,5.0,B
5605,43,16,5,3,1d8+4,1d8+4,38,18,5,4,1d12+4,1d8+4,4.0,B
5606,33,18,8,3,1d8+4,1d8+4,40,17,7,3,1d10+4,1d8+4,9.0,A
5607,48,17,6,4,1d8+4,1d6+4,33,18,8,3,1d12+4,1d6+4,6.0,A
5608,31,16,5,3,1d8+4,1d6+4,42,15,5,5,1d10+4,1d6+4,1.0,A
5609,44,17,7,3,1d10+4,1d6+4,45,16,5,4,1d8+4,1d8+4,8.0,A
5610,37,18,5,3,1d10+4,1d8+4,30,18,6,4,1d8+4,1d8+4,4.0,A
5611,49,18,6,3,1d8+4,1d8+4,31,18,6,5,1d8+4,1d6+4,0.0,A
5612,49,15,7,5,1d12+4,1d6+4,36,18,7,4,1d10+4,1d8+4,7.0,A
5613,44,16,8,5,1d10+4,1d6+4,47,14,8,3,1d12+4,1d8+4,7.0,A
5614,35,14,8,3,1d12+4,1d6+4,46,16,5,5,1d12+4,1d6+4,6.0,B
5615,35,14,6,5,1d12+4,1d6+4,40,17,5,3,1d12+4,1d8+4,5.0,A
5616,31,18,6,5,1d8+4,1d6+4,37,16,7,4,1d12+4,1d6+4,8.0,B
5617,39,16,7,3,1d8+4,1d8+4,43,15,8,3,1d10+4,1d8+4,1.0,B
5618,43,14,6,3,1d12+4,1d8+4,43,18,6,5,1d12+4,1d6+4,5.0,A
5619,39,18,8,3,1d8+4,1d6+4,32,16,6,5,1d10+4,1d8+4,7.0,A
5620,35,14,6,5,1d8+4,1d6+4,34,14,7,4,1d10+4,1d8+4,5.0,A
5621,33,14,8,5,1d12+4,1d6+4,48,16,8,5,1d12+4,1d6+4,2.0,B
5622,41,16,7,4,1d8+4,1d6+4,34,16,8,5,1d12+4,1d6+4,10.0,A
5623,40,18,7,5,1d10+4,1d8+4,42,14,5,4,1d10+4,1d6+4,3.0,A
5624,37,18,5,3,1d12+4,1d8+4,39,16,8,5,1d10+4,1d8+4,6.0,A
5625,48,17,6,3,1d8+4,1d6+4,32,18,6,4,1d8+4,1d8+4,7.0,A
5626,34,15,7,3,1d12+4,1d8+4,35,18,8,5,1d8+4,1d8+4,7.0,A
5627,42,17,7,5,1d10+4,1d6+4,47,18,7,3,1d8+4,1d8+4,2.0,B
5628,45,18,5,4,1d12+4,1d6+4,44,15,6,3,1d8+4,1d6+4,7.0,A
5629,38,16,6,5,1d10+4,1d8+4,31,15,8,5,1d10+4,1d8+4,3.0,A
5630,32,18,6,5,1d8+4,1d6+4,43,14,8,4,1d12+4,1d8+4,6.0,A
5631,35,14,5,4,1d12+4,1d6+4,37,17,7,5,1d10+4,1d6+4,10.0,B
5632,39,16,7,4,1d8+4,1d6+4,30,16,6,3,1d8+4,1d8+4,4.0,A
5633,42,16,7,5,1d12+4,1d8+4,34,14,7,4,1d12+4,1d6+4,10.0,B
5634,33,17,7,4,1d12+4,1d6+4,35,16,6,3,1d8+4,1d8+4,9.0,A
5635,35,14,8,5,1d12+4,1d6+4,35,15,6,5,1d10+4,1d8+4,4.0,A
5636,45,17,7,5,1d8+4,1d6+4,30,14,7,3,1d12+4,1d6+4,0.0,A
5637,37,18,5,3,1d10+4,1d6+4,31,14,5,4,1d8+4,1d8+4,4.0,A
5638,30,16,8,5,1d8+4,1d8+4,33,14,5,3,1d10+4,1d8+4,1.0,B
5639,33,16,5,4,1d12+4,1d8+4,42,14,8,4,1d8+4,1d8+4,8.0,A
5640,31,16,6,4,1d10+4,1d8+4,50,16,7,5,1d12+4,1d8+4,2.0,B
5641,40,15,5,3,1d8+4,1d8+4,34,14,8,5,1d8+4,1d8+4,7.0,A
5642,37,17,7,4,1d8+4,1d6+4,36,18,7,5,1d10+4,1d8+4,9.0,A
5643,32,18,5,3,1d12+4,1d6+4,42,14,7,5,1d10+4,1d8+4,3.0,A
5644,33,15,5,4,1d8+4,1d6+4,31,15,8,3,1d10+4,1d6+4,3.0,B
5645,47,18,6,5,1d12+4,1d6+4,38,15,8,3,1d12+4,1d8+4,6.0,B
5646,34,18,5,4,1d12+4,1d8+4,35,17,8,4,1d12+4,1d8+4,1.0,A
5647,45,17,7,3,1d10+4,1d8+4,40,14,8,4,1d10+4,1d6+4,3.0,B
5648,41,15,5,3,1d12+4,1d8+4,44,15,8,3,1d12+4,1d8+4,6.0,B
5649,49,16,7,3,1d12+4,1d6+4,42,15,8,3,1d8+4,1d6+4,0.0,A
5650,47,15,6,3,1d10+4,1d8+4,40,16,7,3,1d10+4,1d8+4,5.0,A
5651,44,14,5,5,1d12+4,1d8+4,40,16,6,3,1d12+4,1d8+4,4.0,B
5652,49,15,8,3,1d12+4,1d8+4,31,14,8,5,1d10+4,1d8+4,6.0,A
5653,39,15,5,3,1d10+4,1d8+4,45,17,6,5,1d8+4,1d8+4,2.0,B
5654,39,16,7,3,1d12+4,1d8+4,35,18,8,3,1d8+4,1d6+4,4.0,A
5655,35,16,7,3,1d8+4,1d8+4,37,15,8,4,1d10+4,1d6+4,9.0,B
5656,34,14,6,5,1d8+4,1d8+4,41,16,5,5,1d12+4,1d6+4,3.0,B
5657,32,15,5,5,1d10+4,1d6+4,48,18,8,5,1d10+4,1d6+4,5.0,B
5658,44,17,5,4,1d8+4,1d6+4,35,16,6,4,1d10+4,1d6+4,3.0,A
5659,36,17,6,3,1d8+4,1d6+4,49,17,8,5,1d12+4,1d8+4,6.0,B
5660,49,16,5,3,1d12+4,1d6+4,46,14,6,4,1d12+4,1d8+4,8.0,A
5661,45,17,7,4,1d10+4,1d6+4,36,15,8,3,1d12+4,1d6+4,3.0,B
5662,38,17,7,3,1d8+4,1d8+4,31,16,6,5,1d10+4,1d8+4,9.0,A
5663,48,14,6,3,1d12+4,1d8+4,37,17,8,4,1d10+4,1d8+4,1.0,A
5664,44,18,5,5,1d8+4,1d8+4,42,14,8,4,1d12+4,1d6+4,5.0,A
5665,33,17,5,4,1d10+4,1d6+4,33,18,6,4,1d10+4,1d6+4,10.0,B
5666,41,15,8,3,1d8+4,1d6+4,48,18,7,5,1d8+4,1d6+4,7.0,B
5667,42,17,8,5,1d12+4,1d8+4,45,15,6,3,1d10+4,1d6+4,9.0,B
5668,34,15,6,3,1d8+4,1d6+4,47,18,8,4,1d8+4,1d6+4,7.0,B
5669,31,15,8,4,1d12+4,1d8+4,49,18,6,5,1d8+4,1d6+4,2.0,B
5670,30,17,5,3,1d8+4,1d6+4,34,16,7,5,1d8+4,1d8+4,2.0,B
5671,33,18,6,4,1d10+4,1d8+4,50,17,5,4,1d12+4,1d8+4,0.0,A
5672,38,16,7,3,1d12+4,1d6+4,40,16,8,3,1d10+4,1d6+4,7.0,A
5673,30,14,8,3,1d8+4,1d6+4,37,18,7,5,1d10+4,1d8+4,2.0,A
5674,48,17,7,3,1d12+4,1d6+4,40,15,7,3,1d12+4,1d8+4,4.0,B
5675,42,17,8,3,1d8+4,1d8+4,48,18,6,5,1d10+4,1d8+4,9.0,A
5676,49,18,6,4,1d10+4,1d8+4,38,16,6,5,1d10+4,1d6+4,8.0,A
5677,45,15,6,3,1d8+4,1d8+4,38,15,8,3,1d12+4,1d8+4,6.0,A
5678,36,14,6,3,1d8+4,1d6+4,47,18,6,3,1d8+4,1d6+4,4.0,A
5679,36,14,5,3,1d12+4,1d8+4,44,17,7,4,1d12+4,1d6+4,1.0,B
5680,46,18,8,4,1d12+4,1d8+4,30,14,5,5,1d12+4,1d6+4,5.0,A
5681,43,15,6,3,1d8+4,1d8+4,44,16,5,4,1d8+4,1d8+4,2.0,B
5682,48,15,5,3,1d12+4,1d6+4,48,15,6,3,1d8+4,1d8+4,6.0,A
5683,50,15,5,3,1d10+4,1d6+4,44,15,6,3,1d10+4,1d6+4,10.0,A
5684,45,15,7,3,1d10+4,1d8+4,32,14,6,3,1d12+4,1d6+4,0.0,A
5685,32,15,5,4,1d12+4,1d6+4,38,16,5,3,1d10+4,1d6+4,6.0,B
5686,46,18,6,4,1d10+4,1d8+4,44,15,8,5,1d10+4,1d8+4,6.0,A
5687,36,15,7,3,1d8+4,1d8+4,37,14,5,5,1d12+4,1d6+4,5.0,B
5688,32,16,5,3,1d10+4,1d6+4,39,15,6,3,1d8+4,1d8+4,3.0,A
5689,44,18,8,4,1d8+4,1d8+4,32,16,6,4,1d8+4,1d8+4,7.0,A
5690,46,15,8,5,1d12+4,1d6+4,32,16,7,4,1d8+4,1d6+4,10.0,A
5691,47,16,7,3,1d12+4,1d8+4,49,18,6,4,1d10+4,1d6+4,8.0,A
5692,48,18,7,5,1d12+4,1d8+4,49,18,6,4,1d8+4,1d8+4,5.0,A
5693,38,17,8,4,1d12+4,1d6+4,34,17,5,3,1d12+4,1d8+4,10.0,B
5694,41,17,8,4,1d10+4,1d6+4,38,18,6,3,1d12+4,1d6+4,10.0,B
5695,39,18,6,5,1d10+4,1d8+4,31,18,6,4,1d10+4,1d8+4,3.0,A
5696,44,16,8,3,1d8+4,1d6+4,48,18,7,4,1d10+4,1d6+4,1.0,A
5697,42,16,5,4,1d10+4,1d6+4,38,15,5,3,1d10+4,1d6+4,6.0,B
5698,32,18,5,4,1d8+4,1d6+4,39,15,7,3,1d10+4,1d6+4,8.0,B
5699,50,15,7,4,1d12+4,1d8+4,35,16,8,4,1d12+4,1d8+4,3.0,A
5700,36,14,7,5,1d12+4,1d8+4,33,16,8,4,1d8+4,1d8+4,10.0,B
5701,33,15,5,4,1d10+4,1d8+4,45,17,5,5,1d10+4,1d6+4,8.0,B
5702,39,18,7,5,1d10+4,1d8+4,37,15,8,4,1d12+4,1d6+4,9.0,A
5703,34,18,5,4,1d12+4,1d6+4,41,18,6,4,1d12+4,1d6+4,1.0,A
5704,40,16,5,4,1d12+4,1d8+4,30,14,8,3,1d8+4,1d8+4,0.0,A
5705,39,15,7,5,1d12+4,1d8+4,39,14,6,3,1d12+4,1d8+4,4.0,A
5706,34,15,6,4,1d12+4,1d6+4,33,16,6,4,1d10+4,1d6+4,0.0,B
5707,31,17,7,4,1d12+4,1d8+4,43,14,7,5,1d10+4,1d8+4,10.0,A
5708,33,18,7,5,1d10+4,1d6+4,37,16,8,5,1d10+4,1d8+4,2.0,A
5709,36,18,6,5,1d10+4,1d8+4,40,18,6,4,1d10+4,1d8+4,4.0,A
5710,30,15,7,4,1d8+4,1d6+4,35,18,7,3,1d12+4,1d8+4,10.0,A
5711,49,15,8,3,1d8+4,1d8+4,41,17,7,3,1d8+4,1d6+4,6.0,B
5712,46,16,5,5,1d12+4,1d6+4,30,16,5,3,1d10+4,1d6+4,4.0,B
5713,39,18,5,4,1d12+4,1d8+4,45,15,5,3,1d8+4,1d6+4,5.0,A
5714,49,15,6,3,1d12+4,1d6+4,42,15,5,5,1d8+4,1d6+4,6.0,A
5715,49,17,7,4,1d8+4,1d6+4,42,18,8,5,1d10+4,1d6+4,7.0,A
5716,48,15,8,5,1d12+4,1d6+4,45,18,7,4,1d12+4,1d8+4,6.0,A
5717,42,14,6,3,1d12+4,1d6+4,48,16,6,5,1d10+4,1d8+4,2.0,B
5718,45,15,8,5,1d12+4,1d8+4,46,16,8,3,1d8+4,1d8+4,9.0,B
5719,35,17,7,5,1d10+4,1d8+4,38,16,8,3,1d8+4,1d8+4,0.0,A
5720,42,17,6,5,1d12+4,1d6+4,40,14,6,3,1d10+4,1d6+4,9.0,A
5721,38,18,6,5,1d10+4,1d8+4,48,14,7,3,1d8+4,1d6+4,6.0,B
5722,34,18,6,3,1d10+4,1d8+4,40,18,5,5,1d10+4,1d6+4,7.0,B
5723,50,15,7,4,1d10+4,1d8+4,48,17,6,5,1d12+4,1d8+4,9.0,B
5724,43,17,7,5,1d10+4,1d6+4,42,18,7,4,1d8+4,1d6+4,5.0,A
5725,39,14,5,3,1d10+4,1d8+4,45,14,6,3,1d8+4,1d6+4,1.0,B
5726,41,14,5,5,1d12+4,1d8+4,43,15,5,4,1d10+4,1d6+4,0.0,A
5727,38,17,8,3,1d12+4,1d6+4,31,16,6,5,1d8+4,1d8+4,0.0,A
5728,39,18,5,3,1d10+4,1d6+4,34,16,5,5,1d12+4,1d8+4,4.0,A
5729,48,15,6,4,1d10+4,1d8+4,33,18,5,4,1d10+4,1d8+4,10.0,A
5730,49,17,5,5,1d8+4,1d6+4,42,16,8,5,1d12+4,1d8+4,9.0,A
5731,48,14,6,5,1d8+4,1d8+4,47,17,6,5,1d12+4,1d6+4,5.0,A
5732,35,15,8,5,1d12+4,1d8+4,42,18,6,3,1d12+4,1d8+4,8.0,B
5733,41,16,5,3,1d12+4,1d6+4,37,14,8,3,1d12+4,1d8+4,1.0,B
5734,40,18,7,4,1d12+4,1d8+4,39,16,7,5,1d12+4,1d6+4,5.0,A
5735,49,16,5,5,1d12+4,1d8+4,49,18,7,5,1d8+4,1d8+4,4.0,B
5736,38,18,7,3,1d12+4,1d6+4,31,18,7,4,1d10+4,1d6+4,3.0,A
5737,41,18,8,5,1d10+4,1d8+4,50,18,5,5,1d10+4,1d8+4,8.0,A
5738,33,18,7,5,1d8+4,1d8+4,40,18,8,4,1d8+4,1d6+4,8.0,B
5739,47,18,6,4,1d10+4,1d8+4,47,18,5,4,1d10+4,1d6+4,7.0,A
5740,39,18,5,5,1d8+4,1d6+4,30,17,6,5,1d12+4,1d8+4,7.0,B
5741,38,16,7,4,1d10+4,1d6+4,31,18,5,3,1d8+4,1d8+4,6.0,A
5742,49,15,5,4,1d10+4,1d8+4,35,15,6,4,1d8+4,1d6+4,9.0,A
5743,38,16,6,4,1d8+4,1d8+4,32,14,6,3,1d8+4,1d6+4,4.0,B
5744,36,16,5,3,1d8+4,1d8+4,31,18,7,4,1d10+4,1d6+4,9.0,B
5745,41,15,6,4,1d12+4,1d8+4,48,14,7,5,1d10+4,1d6+4,9.0,A
5746,33,16,8,4,1d8+4,1d8+4,30,18,7,5,1d10+4,1d6+4,3.0,A
5747,49,17,8,3,1d12+4,1d6+4,49,16,5,5,1d8+4,1d8+4,8.0,A
5748,40,16,8,4,1d8+4,1d8+4,40,16,5,4,1d8+4,1d8+4,9.0,A
5749,33,18,8,5,1d8+4,1d8+4,49,14,6,5,1d8+4,1d6+4,7.0,B
5750,37,17,5,5,1d8+4,1d8+4,31,16,6,3,1d12+4,1d8+4,10.0,A
5751,50,15,5,5,1d12+4,1d8+4,47,16,6,5,1d8+4,1d8+4,2.0,A
5752,47,14,5,5,1d12+4,1d6+4,31,15,5,3,1d8+4,1d8+4,4.0,A
5753,40,18,5,5,1d8+4,1d8+4,39,16,6,4,1d8+4,1d8+4,6.0,A
5754,37,18,5,5,1d10+4,1d6+4,37,18,7,5,1d12+4,1d8+4,1.0,A
5755,48,14,8,3,1d12+4,1d6+4,48,14,6,5,1d10+4,1d6+4,0.0,B
5756,44,17,8,3,1d10+4,1d6+4,42,17,6,4,1d12+4,1d6+4,0.0,A
5757,50,17,5,3,1d8+4,1d6+4,30,16,7,5,1d12+4,1d6+4,6.0,A
5758,45,16,5,4,1d10+4,1d6+4,44,14,6,3,1d12+4,1d8+4,8.0,A
5759,49,18,5,4,1d8+4,1d8+4,48,17,8,3,1d12+4,1d8+4,7.0,B
5760,31,14,7,5,1d12+4,1d8+4,44,15,6,3,1d12+4,1d8+4,0.0,B
5761,32,17,7,4,1d10+4,1d6+4,46,18,6,3,1d12+4,1d6+4,2.0,B
5762,40,16,7,4,1d10+4,1d8+4,34,18,7,3,1d12+4,1d6+4,8.0,A
5763,37,15,7,4,1d12+4,1d8+4,49,14,7,3,1d8+4,1d8+4,6.0,B
5764,46,16,5,3,1d8+4,1d8+4,39,15,6,4,1d10+4,1d6+4,5.0,B
5765,35,18,8,4,1d8+4,1d6+4,38,15,8,3,1d10+4,1d8+4,0.0,B
5766,42,16,5,3,1d10+4,1d6+4,49,15,6,3,1d10+4,1d8+4,0.0,A
5767,41,16,7,3,1d12+4,1d8+4,35,14,6,4,1d10+4,1d6+4,6.0,B
5768,46,15,8,4,1d12+4,1d6+4,42,16,6,3,1d10+4,1d6+4,9.0,A
5769,50,15,5,4,1d8+4,1d8+4,44,14,6,3,1d8+4,1d6+4,4.0,A
5770,30,14,8,3,1d12+4,1d8+4,38,17,5,5,1d12+4,1d6+4,4.0,B
5771,48,15,7,4,1d8+4,1d6+4,49,16,8,3,1d10+4,1d8+4,4.0,B
5772,42,18,8,3,1d10+4,1d6+4,39,17,6,5,1d10+4,1d6+4,0.0,A
5773,50,18,6,3,1d10+4,1d8+4,41,14,6,5,1d12+4,1d8+4,8.0,A
5774,41,14,5,4,1d8+4,1d8+4,31,17,8,5,1d10+4,1d8+4,0.0,B
5775,45,18,5,3,1d10+4,1d8+4,47,15,7,5,1d8+4,1d8+4,2.0,A
5776,42,14,5,4,1d12+4,1d8+4,41,16,6,3,1d12+4,1d8+4,7.0,A
5777,45,14,6,3,1d8+4,1d8+4,47,15,6,3,1d10+4,1d6+4,3.0,B
5778,49,16,8,4,1d12+4,1d8+4,46,17,8,3,1d8+4,1d6+4,2.0,A
5779,34,15,6,3,1d8+4,1d8+4,49,18,5,3,1d8+4,1d6+4,6.0,B
5780,44,17,6,5,1d12+4,1d8+4,40,15,6,3,1d8+4,1d8+4,2.0,B
5781,30,17,6,4,1d10+4,1d8+4,30,18,6,3,1d8+4,1d8+4,4.0,B
5782,36,16,5,5,1d8+4,1d6+4,41,16,8,3,1d10+4,1d6+4,0.0,B
5783,39,15,8,4,1d12+4,1d6+4,41,14,7,3,1d12+4,1d6+4,1.0,B
5784,40,15,8,5,1d10+4,1d8+4,49,17,7,4,1d10+4,1d6+4,0.0,B
5785,50,18,8,3,1d8+4,1d8+4,44,15,5,3,1d12+4,1d8+4,4.0,B
5786,38,17,7,3,1d8+4,1d8+4,35,14,5,5,1d12+4,1d6+4,6.0,A
5787,33,16,7,3,1d8+4,1d6+4,44,14,5,5,1d8+4,1d6+4,4.0,A
5788,39,15,7,5,1d12+4,1d8+4,39,14,8,5,1d10+4,1d6+4,4.0,A
5789,33,14,6,3,1d12+4,1d8+4,41,14,7,4,1d8+4,1d6+4,6.0,A
5790,36,17,7,3,1d8+4,1d8+4,49,14,8,3,1d8+4,1d8+4,5.0,B
5791,48,15,8,3,1d10+4,1d8+4,49,14,6,3,1d10+4,1d8+4,1.0,A
5792,42,17,8,4,1d12+4,1d8+4,49,14,5,3,1d10+4,1d8+4,3.0,A
5793,32,14,6,3,1d10+4,1d6+4,37,17,7,4,1d12+4,1d8+4,2.0,B
5794,30,16,6,4,1d8+4,1d6+4,40,16,5,3,1d8+4,1d6+4,6.0,B
5795,39,16,7,3,1d8+4,1d8+4,48,15,6,5,1d8+4,1d8+4,2.0,A
5796,42,16,7,4,1d12+4,1d8+4,36,18,5,4,1d10+4,1d8+4,4.0,B
5797,37,18,8,3,1d8+4,1d6+4,38,16,6,5,1d10+4,1d8+4,8.0,A
5798,37,17,5,5,1d10+4,1d8+4,34,15,8,3,1d10+4,1d6+4,7.0,B
5799,37,14,8,5,1d12+4,1d6+4,45,15,8,4,1d12+4,1d8+4,9.0,A
5800,45,17,7,5,1d12+4,1d6+4,38,14,6,5,1d10+4,1d8+4,0.0,A
5801,34,16,7,4,1d12+4,1d8+4,44,18,8,4,1d12+4,1d8+4,10.0,B
5802,46,18,7,5,1d8+4,1d6+4,33,14,6,5,1d12+4,1d6+4,5.0,A
5803,39,17,7,3,1d12+4,1d8+4,49,17,5,3,1d8+4,1d6+4,5.0,A
5804,41,16,7,4,1d8+4,1d8+4,50,15,5,3,1d12+4,1d6+4,4.0,B
5805,41,18,5,5,1d10+4,1d6+4,47,14,7,3,1d12+4,1d6+4,5.0,A
5806,47,14,8,4,1d8+4,1d8+4,40,14,7,5,1d12+4,1d6+4,5.0,B
5807,49,18,5,4,1d12+4,1d8+4,44,18,7,5,1d8+4,1d6+4,0.0,A
5808,33,16,8,3,1d8+4,1d8+4,39,18,6,3,1d10+4,1d8+4,7.0,B
5809,38,18,8,4,1d12+4,1d6+4,40,15,7,4,1d10+4,1d6+4,2.0,A
5810,37,18,5,4,1d12+4,1d8+4,49,14,7,4,1d8+4,1d6+4,6.0,A
5811,34,14,7,3,1d12+4,1d6+4,42,15,6,3,1d12+4,1d8+4,1.0,B
5812,39,17,7,4,1d12+4,1d8+4,45,14,5,5,1d12+4,1d6+4,2.0,B
5813,49,16,6,4,1d10+4,1d6+4,32,17,7,3,1d12+4,1d6+4,6.0,B
5814,49,17,6,4,1d8+4,1d6+4,33,16,5,4,1d10+4,1d8+4,6.0,A
5815,47,16,8,5,1d10+4,1d8+4,41,14,5,4,1d10+4,1d6+4,2.0,B
5816,33,15,7,4,1d10+4,1d6+4,33,14,5,3,1d12+4,1d6+4,7.0,B
5817,42,18,8,5,1d8+4,1d8+4,49,17,6,3,1d8+4,1d8+4,5.0,A
5818,36,17,6,4,1d12+4,1d8+4,49,16,6,4,1d12+4,1d6+4,3.0,B
5819,38,17,7,4,1d10+4,1d8+4,31,15,5,4,1d8+4,1d8+4,9.0,A
5820,46,18,5,3,1d12+4,1d8+4,30,18,6,4,1d12+4,1d6+4,5.0,A
5821,33,15,7,3,1d10+4,1d6+4,45,18,5,5,1d12+4,1d6+4,10.0,B
5822,49,14,5,5,1d10+4,1d6+4,33,17,7,5,1d10+4,1d8+4,5.0,A
5823,34,15,7,3,1d12+4,1d8+4,42,17,6,4,1d12+4,1d6+4,5.0,B
5824,39,16,6,3,1d10+4,1d8+4,44,16,6,5,1d8+4,1d6+4,5.0,B
5825,33,16,5,3,1d8+4,1d6+4,42,14,8,4,1d12+4,1d8+4,2.0,A
5826,48,15,8,4,1d10+4,1d8+4,40,16,8,5,1d10+4,1d6+4,1.0,A
5827,46,14,6,4,1d10+4,1d6+4,46,17,6,3,1d12+4,1d6+4,8.0,B
5828,44,15,6,3,1d8+4,1d6+4,32,14,8,4,1d8+4,1d8+4,7.0,A
5829,43,14,5,4,1d10+4,1d8+4,31,14,8,4,1d8+4,1d8+4,10.0,A
5830,47,18,6,5,1d12+4,1d8+4,40,16,5,5,1d8+4,1d6+4,3.0,A
5831,48,15,8,5,1d10+4,1d8+4,34,18,7,4,1d8+4,1d6+4,3.0,A
5832,40,16,8,4,1d8+4,1d6+4,44,14,6,3,1d10+4,1d6+4,9.0,A
5833,40,15,6,3,1d8+4,1d8+4,34,18,5,3,1d12+4,1d8+4,8.0,B
5834,50,14,8,3,1d10+4,1d6+4,39,14,8,5,1d10+4,1d8+4,1.0,B
5835,49,14,6,4,1d8+4,1d6+4,44,14,5,4,1d8+4,1d8+4,10.0,B
5836,46,16,7,3,1d8+4,1d6+4,48,17,8,4,1d12+4,1d6+4,1.0,A
5837,36,15,6,5,1d8+4,1d6+4,36,18,6,3,1d10+4,1d6+4,10.0,A
5838,50,14,8,3,1d12+4,1d6+4,44,16,5,5,1d10+4,1d8+4,7.0,A
5839,39,16,5,4,1d10+4,1d8+4,50,17,8,5,1d12+4,1d6+4,9.0,B
5840,34,17,5,4,1d12+4,1d6+4,48,18,5,4,1d10+4,1d8+4,9.0,B
5841,39,14,8,5,1d12+4,1d6+4,35,16,8,4,1d12+4,1d6+4,6.0,A
5842,37,17,8,4,1d8+4,1d6+4,42,17,5,5,1d12+4,1d6+4,2.0,A
5843,36,18,8,5,1d10+4,1d8+4,47,16,8,3,1d8+4,1d6+4,5.0,B
5844,34,16,7,5,1d8+4,1d6+4,46,18,5,4,1d10+4,1d8+4,6.0,B
5845,32,18,5,5,1d8+4,1d6+4,33,16,5,3,1d8+4,1d8+4,10.0,A
5846,36,16,5,3,1d8+4,1d6+4,47,18,7,3,1d10+4,1d6+4,6.0,A
5847,30,17,7,4,1d12+4,1d8+4,50,18,7,5,1d10+4,1d8+4,3.0,B
5848,42,18,5,4,1d12+4,1d8+4,43,17,6,4,1d12+4,1d8+4,0.0,A
5849,30,18,7,4,1d8+4,1d8+4,45,17,8,5,1d8+4,1d6+4,0.0,B
5850,46,14,7,3,1d8+4,1d8+4,35,18,6,5,1d12+4,1d8+4,5.0,B
5851,50,16,5,4,1d12+4,1d8+4,49,18,8,5,1d12+4,1d6+4,9.0,B
5852,31,18,5,3,1d8+4,1d8+4,48,16,6,4,1d8+4,1d8+4,4.0,B
5853,45,18,6,5,1d12+4,1d6+4,34,16,6,5,1d8+4,1d8+4,6.0,A
5854,33,17,5,3,1d12+4,1d6+4,35,18,7,3,1d10+4,1d6+4,2.0,B
5855,33,18,8,5,1d10+4,1d8+4,33,18,6,4,1d8+4,1d8+4,7.0,A
5856,40,15,5,4,1d12+4,1d6+4,37,15,6,5,1d10+4,1d6+4,8.0,B
5857,42,14,7,5,1d10+4,1d6+4,41,16,7,4,1d12+4,1d8+4,0.0,B
5858,38,14,5,3,1d10+4,1d6+4,40,17,7,3,1d12+4,1d6+4,9.0,A
5859,49,18,6,4,1d8+4,1d6+4,32,14,7,5,1d10+4,1d6+4,9.0,A
5860,32,17,5,4,1d12+4,1d8+4,45,18,7,5,1d12+4,1d8+4,8.0,B
5861,49,17,6,5,1d8+4,1d8+4,47,17,6,5,1d12+4,1d6+4,3.0,B
5862,33,18,7,3,1d10+4,1d6+4,34,14,5,3,1d10+4,1d8+4,1.0,B
5863,31,14,7,4,1d8+4,1d8+4,48,14,6,4,1d10+4,1d8+4,2.0,A
5864,32,14,8,5,1d8+4,1d8+4,33,16,8,5,1d12+4,1d6+4,10.0,B
5865,50,14,6,5,1d12+4,1d8+4,37,14,8,5,1d12+4,1d8+4,6.0,B
5866,48,14,6,3,1d8+4,1d8+4,46,18,8,4,1d12+4,1d6+4,10.0,B
5867,49,14,8,3,1d10+4,1d8+4,40,18,6,4,1d10+4,1d8+4,5.0,A
5868,41,15,7,3,1d8+4,1d6+4,35,18,8,4,1d10+4,1d6+4,8.0,B
5869,32,15,8,4,1d10+4,1d8+4,33,15,7,5,1d8+4,1d8+4,8.0,A
5870,39,15,8,5,1d10+4,1d8+4,43,17,8,3,1d8+4,1d8+4,0.0,B
5871,31,15,5,5,1d10+4,1d8+4,40,15,6,3,1d12+4,1d6+4,3.0,A
5872,30,18,5,3,1d12+4,1d8+4,43,15,8,5,1d10+4,1d8+4,0.0,A
5873,36,17,5,4,1d12+4,1d8+4,46,17,6,3,1d12+4,1d8+4,4.0,B
5874,48,14,8,5,1d10+4,1d8+4,41,18,7,3,1d12+4,1d8+4,9.0,B
5875,31,14,7,3,1d8+4,1d8+4,47,14,6,5,1d12+4,1d8+4,9.0,A
5876,46,14,5,5,1d10+4,1d8+4,34,16,6,3,1d12+4,1d6+4,10.0,A
5877,44,14,7,3,1d8+4,1d8+4,47,14,6,5,1d8+4,1d8+4,2.0,B
5878,42,18,8,4,1d12+4,1d6+4,38,18,6,5,1d12+4,1d6+4,6.0,A
5879,34,14,8,3,1d12+4,1d6+4,48,16,5,5,1d10+4,1d8+4,6.0,B
5880,42,14,8,4,1d10+4,1d8+4,37,15,6,5,1d8+4,1d6+4,7.0,A
5881,50,18,6,3,1d10+4,1d8+4,34,16,8,5,1d10+4,1d8+4,8.0,A
5882,43,18,8,4,1d8+4,1d6+4,37,18,6,5,1d10+4,1d6+4,7.0,A
5883,32,18,8,4,1d12+4,1d8+4,49,14,6,4,1d10+4,1d6+4,7.0,A
5884,45,16,7,4,1d10+4,1d8+4,40,17,6,3,1d8+4,1d6+4,6.0,B
5885,38,14,6,3,1d10+4,1d6+4,36,14,8,5,1d8+4,1d8+4,1.0,B
5886,43,14,7,4,1d8+4,1d6+4,47,16,8,5,1d10+4,1d8+4,9.0,B
5887,30,14,8,3,1d10+4,1d8+4,35,17,6,5,1d8+4,1d8+4,7.0,B
5888,40,16,8,4,1d8+4,1d8+4,38,14,6,3,1d10+4,1d8+4,3.0,A
5889,32,18,5,5,1d10+4,1d6+4,46,17,5,4,1d12+4,1d8+4,3.0,B
5890,41,17,6,5,1d10+4,1d8+4,47,14,5,4,1d12+4,1d8+4,8.0,A
5891,33,17,8,3,1d12+4,1d8+4,38,18,7,3,1d10+4,1d8+4,9.0,A
5892,40,15,5,5,1d10+4,1d8+4,42,14,7,5,1d12+4,1d6+4,6.0,A
5893,48,18,8,3,1d10+4,1d6+4,45,18,5,3,1d12+4,1d6+4,0.0,A
5894,47,17,7,3,1d8+4,1d6+4,38,14,8,4,1d8+4,1d8+4,1.0,B
5895,48,14,8,5,1d10+4,1d8+4,49,15,6,5,1d10+4,1d6+4,3.0,B
5896,30,14,8,3,1d10+4,1d8+4,35,17,8,4,1d12+4,1d8+4,10.0,B
5897,44,17,6,5,1d12+4,1d8+4,50,16,6,4,1d8+4,1d6+4,10.0,A
5898,40,14,5,4,1d8+4,1d8+4,48,17,8,5,1d8+4,1d6+4,3.0,B
5899,45,17,7,3,1d10+4,1d8+4,37,18,5,4,1d10+4,1d8+4,2.0,A
5900,30,16,6,3,1d10+4,1d6+4,34,17,6,4,1d10+4,1d6+4,0.0,B
5901,39,15,8,4,1d8+4,1d8+4,30,14,6,5,1d8+4,1d8+4,10.0,B
5902,33,18,7,3,1d8+4,1d6+4,39,14,5,5,1d8+4,1d8+4,0.0,A
5903,40,18,8,5,1d10+4,1d8+4,32,16,6,3,1d12+4,1d6+4,8.0,A
5904,40,17,8,5,1d8+4,1d6+4,30,14,8,5,1d8+4,1d8+4,4.0,A
5905,45,14,7,3,1d8+4,1d6+4,33,17,8,4,1d8+4,1d6+4,5.0,B
5906,34,15,5,5,1d12+4,1d6+4,39,16,7,3,1d8+4,1d8+4,3.0,B
5907,50,17,8,3,1d10+4,1d8+4,39,17,8,5,1d10+4,1d8+4,3.0,A
5908,46,14,7,3,1d12+4,1d6+4,35,14,5,4,1d12+4,1d6+4,1.0,A
5909,31,14,6,5,1d12+4,1d8+4,43,16,8,5,1d8+4,1d8+4,6.0,B
5910,48,16,8,3,1d8+4,1d6+4,32,16,7,3,1d8+4,1d6+4,1.0,B
5911,48,14,6,5,1d8+4,1d8+4,35,18,8,3,1d12+4,1d6+4,0.0,A
5912,30,18,7,3,1d8+4,1d8+4,50,15,5,5,1d12+4,1d8+4,9.0,B
5913,42,17,5,4,1d8+4,1d8+4,32,14,8,4,1d8+4,1d6+4,10.0,A
5914,41,16,8,4,1d10+4,1d6+4,44,14,7,5,1d12+4,1d6+4,1.0,A
5915,43,17,5,4,1d12+4,1d8+4,43,15,7,4,1d10+4,1d6+4,5.0,B
5916,42,18,6,5,1d8+4,1d8+4,38,18,5,5,1d12+4,1d6+4,0.0,B
5917,32,18,7,5,1d8+4,1d8+4,47,14,8,4,1d8+4,1d8+4,4.0,B
5918,36,15,5,4,1d12+4,1d6+4,46,16,6,4,1d12+4,1d8+4,1.0,B
5919,36,14,7,4,1d10+4,1d8+4,40,16,5,3,1d12+4,1d8+4,1.0,A
5920,31,14,8,4,1d8+4,1d6+4,46,17,8,4,1d10+4,1d8+4,6.0,B
5921,47,17,5,3,1d12+4,1d8+4,36,18,8,3,1d8+4,1d6+4,4.0,A
5922,41,18,8,4,1d10+4,1d6+4,31,17,7,5,1d8+4,1d8+4,10.0,A
5923,46,16,5,3,1d12+4,1d8+4,46,14,8,4,1d12+4,1d8+4,2.0,A
5924,38,18,5,3,1d10+4,1d6+4,41,18,8,3,1d12+4,1d8+4,3.0,A
5925,50,16,8,5,1d10+4,1d6+4,33,18,7,3,1d12+4,1d6+4,9.0,A
5926,42,15,6,4,1d10+4,1d6+4,36,14,6,4,1d10+4,1d8+4,6.0,B
5927,43,16,6,5,1d8+4,1d8+4,45,15,8,5,1d10+4,1d6+4,2.0,A
5928,30,17,8,4,1d10+4,1d6+4,34,17,6,3,1d10+4,1d6+4,4.0,B
5929,37,18,6,4,1d10+4,1d8+4,42,15,5,3,1d10+4,1d8+4,8.0,B
5930,31,17,6,3,1d8+4,1d6+4,37,18,5,3,1d8+4,1d6+4,4.0,B
5931,42,14,8,3,1d10+4,1d6+4,44,15,5,3,1d8+4,1d6+4,2.0,B
5932,42,16,7,3,1d12+4,1d6+4,39,17,8,3,1d8+4,1d8+4,7.0,B
5933,50,16,7,4,1d8+4,1d8+4,32,17,6,4,1d12+4,1d8+4,6.0,A
5934,31,14,8,4,1d12+4,1d8+4,35,16,7,4,1d12+4,1d8+4,10.0,A
5935,49,14,6,5,1d8+4,1d8+4,31,15,7,5,1d10+4,1d6+4,8.0,B
5936,37,17,5,4,1d10+4,1d6+4,33,18,6,5,1d10+4,1d8+4,8.0,B
5937,37,15,7,4,1d10+4,1d8+4,31,15,7,3,1d10+4,1d8+4,6.0,A
5938,43,18,6,5,1d8+4,1d8+4,45,18,8,4,1d8+4,1d6+4,2.0,B
5939,36,15,8,5,1d12+4,1d6+4,45,15,5,3,1d12+4,1d8+4,6.0,B
5940,36,16,8,4,1d10+4,1d8+4,47,14,7,4,1d12+4,1d8+4,3.0,B
5941,48,17,8,5,1d10+4,1d8+4,34,17,5,5,1d10+4,1d8+4,0.0,B
5942,39,17,6,4,1d8+4,1d8+4,38,14,6,4,1d8+4,1d8+4,1.0,A
5943,38,16,6,5,1d8+4,1d8+4,30,14,5,5,1d12+4,1d8+4,1.0,A
5944,33,16,6,5,1d12+4,1d8+4,50,17,6,4,1d12+4,1d8+4,9.0,B
5945,45,16,8,4,1d10+4,1d8+4,33,18,5,4,1d12+4,1d8+4,8.0,B
5946,39,14,7,3,1d12+4,1d6+4,30,15,5,4,1d10+4,1d6+4,8.0,B
5947,50,14,8,3,1d10+4,1d8+4,40,14,6,5,1d12+4,1d8+4,5.0,A
5948,32,17,6,3,1d10+4,1d8+4,47,14,6,4,1d8+4,1d8+4,0.0,B
5949,47,14,7,5,1d12+4,1d8+4,41,17,6,4,1d10+4,1d6+4,9.0,A
5950,31,14,8,5,1d10+4,1d6+4,34,17,8,3,1d12+4,1d8+4,10.0,B
5951,47,14,6,5,1d8+4,1d8+4,47,14,6,3,1d10+4,1d6+4,9.0,A
5952,38,15,6,4,1d12+4,1d6+4,33,14,6,5,1d8+4,1d8+4,0.0,B
5953,45,15,7,4,1d8+4,1d8+4,45,17,6,3,1d8+4,1d6+4,4.0,A
5954,48,17,7,5,1d10+4,1d6+4,39,17,7,4,1d12+4,1d8+4,2.0,B
5955,38,17,6,3,1d12+4,1d8+4,39,15,7,5,1d12+4,1d6+4,4.0,A
5956,33,18,8,3,1d10+4,1d6+4,45,16,8,4,1d10+4,1d8+4,4.0,B
5957,35,16,5,5,1d10+4,1d6+4,40,18,5,5,1d12+4,1d8+4,10.0,B
5958,31,18,8,4,1d10+4,1d6+4,34,18,8,5,1d8+4,1d6+4,1.0,A
5959,31,14,6,5,1d12+4,1d6+4,36,14,6,3,1d10+4,1d6+4,8.0,A
5960,30,17,7,5,1d12+4,1d8+4,33,16,8,5,1d8+4,1d6+4,2.0,A
5961,39,14,8,4,1d8+4,1d6+4,39,17,5,3,1d8+4,1d8+4,2.0,B
5962,41,14,5,3,1d8+4,1d6+4,34,14,8,5,1d12+4,1d6+4,6.0,A
5963,44,14,7,4,1d8+4,1d6+4,40,18,6,4,1d10+4,1d6+4,8.0,B
5964,31,17,8,3,1d12+4,1d8+4,33,17,5,3,1d10+4,1d8+4,2.0,A
5965,40,18,8,3,1d8+4,1d6+4,32,16,5,4,1d8+4,1d6+4,8.0,B
5966,48,15,8,3,1d10+4,1d6+4,34,17,8,3,1d8+4,1d8+4,3.0,A
5967,30,16,7,3,1d12+4,1d6+4,33,15,6,5,1d8+4,1d6+4,3.0,A
5968,41,15,5,4,1d12+4,1d6+4,35,16,8,3,1d10+4,1d6+4,5.0,A
5969,42,18,7,3,1d10+4,1d8+4,31,18,6,4,1d8+4,1d6+4,1.0,A
5970,33,14,6,3,1d12+4,1d8+4,36,14,5,3,1d10+4,1d6+4,8.0,A
5971,34,14,5,3,1d12+4,1d6+4,41,14,7,5,1d8+4,1d8+4,0.0,A
5972,46,17,6,5,1d12+4,1d6+4,39,16,7,5,1d12+4,1d6+4,6.0,A
5973,36,17,8,3,1d8+4,1d8+4,35,16,7,3,1d12+4,1d6+4,5.0,A
5974,31,17,6,4,1d8+4,1d8+4,33,15,8,5,1d10+4,1d8+4,7.0,B
5975,49,18,6,4,1d10+4,1d8+4,45,18,8,3,1d10+4,1d6+4,2.0,A
5976,36,17,7,3,1d8+4,1d8+4,31,14,6,3,1d8+4,1d8+4,6.0,A
5977,31,14,8,4,1d8+4,1d6+4,48,15,6,5,1d12+4,1d8+4,8.0,B
5978,33,17,6,4,1d12+4,1d6+4,30,17,6,3,1d8+4,1d6+4,5.0,B
5979,41,18,6,5,1d12+4,1d8+4,38,15,6,5,1d8+4,1d8+4,2.0,A
5980,30,18,7,5,1d8+4,1d8+4,36,14,6,4,1d10+4,1d6+4,10.0,A
5981,47,14,8,4,1d10+4,1d8+4,45,15,5,4,1d12+4,1d8+4,9.0,B
5982,43,15,7,3,1d8+4,1d8+4,40,18,7,4,1d8+4,1d6+4,3.0,A
5983,49,16,8,3,1d10+4,1d8+4,41,15,7,5,1d12+4,1d6+4,7.0,A
5984,30,14,5,5,1d10+4,1d8+4,30,14,8,3,1d8+4,1d6+4,2.0,A
5985,48,14,5,3,1d12+4,1d6+4,41,17,8,5,1d10+4,1d6+4,10.0,B
5986,33,17,6,5,1d10+4,1d8+4,46,17,5,4,1d10+4,1d6+4,3.0,B
5987,49,14,8,3,1d10+4,1d6+4,48,16,8,4,1d12+4,1d6+4,5.0,B
5988,43,18,8,5,1d8+4,1d8+4,31,14,6,4,1d8+4,1d6+4,5.0,A
5989,47,14,8,3,1d10+4,1d6+4,35,17,7,5,1d10+4,1d8+4,2.0,A
5990,48,15,5,4,1d12+4,1d8+4,40,17,7,4,1d10+4,1d6+4,10.0,A
5991,47,17,8,3,1d10+4,1d8+4,34,15,6,3,1d12+4,1d8+4,4.0,A
5992,33,17,6,5,1d8+4,1d6+4,44,16,5,5,1d12+4,1d6+4,9.0,B
5993,42,16,7,5,1d10+4,1d6+4,35,14,8,5,1d8+4,1d6+4,5.0,B
5994,35,18,7,4,1d10+4,1d6+4,34,17,6,5,1d8+4,1d6+4,8.0,A
5995,35,18,8,5,1d12+4,1d6+4,42,15,8,3,1d10+4,1d8+4,10.0,B
5996,30,14,5,4,1d10+4,1d6+4,48,18,7,4,1d10+4,1d8+4,10.0,A
5997,45,15,7,4,1d10+4,1d8+4,41,17,7,4,1d12+4,1d6+4,7.0,B
5998,49,17,5,4,1d8+4,1d8+4,37,17,5,5,1d12+4,1d6+4,2.0,A
5999,32,17,8,4,1d12+4,1d8+4,47,17,5,5,1d12+4,1d8+4,10.0,B
6000,30,15,6,4,1d12+4,1d6+4,45,18,8,5,1d10+4,1d8+4,9.0,B
6001,48,15,7,5,1d10+4,1d8+4,37,18,6,5,1d10+4,1d8+4,4.0,A
6002,44,17,6,4,1d8+4,1d8+4,43,15,8,3,1d10+4,1d6+4,0.0,A
6003,40,16,6,3,1d10+4,1d8+4,44,18,6,3,1d12+4,1d8+4,4.0,B
6004,43,14,6,3,1d12+4,1d8+4,36,15,8,5,1d8+4,1d8+4,4.0,A
6005,41,15,8,4,1d10+4,1d8+4,33,16,8,4,1d10+4,1d8+4,2.0,A
6006,45,14,5,4,1d10+4,1d8+4,50,15,5,5,1d10+4,1d6+4,9.0,A
6007,30,14,5,4,1d10+4,1d6+4,31,16,6,5,1d8+4,1d8+4,2.0,A
6008,30,17,6,4,1d12+4,1d8+4,45,15,7,4,1d12+4,1d8+4,2.0,A
6009,40,16,5,5,1d12+4,1d6+4,30,14,5,4,1d8+4,1d6+4,1.0,A
6010,31,17,7,5,1d12+4,1d8+4,30,18,7,5,1d10+4,1d8+4,9.0,A
6011,37,14,7,5,1d8+4,1d6+4,40,15,7,3,1d12+4,1d8+4,1.0,B
6012,49,17,7,5,1d10+4,1d8+4,33,14,7,3,1d10+4,1d6+4,10.0,A
6013,39,15,6,3,1d8+4,1d6+4,45,14,5,3,1d12+4,1d6+4,8.0,B
6014,45,18,7,4,1d10+4,1d8+4,37,16,8,3,1d10+4,1d6+4,2.0,A
6015,47,17,8,5,1d10+4,1d6+4,33,17,6,3,1d8+4,1d6+4,6.0,A
6016,50,16,5,4,1d12+4,1d8+4,39,18,8,4,1d10+4,1d8+4,6.0,A
6017,48,14,8,3,1d12+4,1d6+4,47,14,6,3,1d10+4,1d8+4,10.0,B
6018,50,15,8,3,1d12+4,1d8+4,42,14,6,3,1d8+4,1d8+4,4.0,A
6019,40,14,8,3,1d12+4,1d6+4,45,17,5,4,1d8+4,1d6+4,3.0,A
6020,47,17,5,3,1d8+4,1d6+4,48,14,7,5,1d10+4,1d6+4,0.0,B
6021,31,16,7,3,1d12+4,1d8+4,46,14,7,3,1d12+4,1d8+4,9.0,B
6022,41,14,7,5,1d12+4,1d6+4,49,18,6,5,1d8+4,1d8+4,6.0,B
6023,44,14,5,4,1d12+4,1d6+4,33,17,6,4,1d10+4,1d6+4,3.0,B
6024,43,17,5,3,1d12+4,1d6+4,33,17,6,4,1d10+4,1d6+4,3.0,B
6025,37,14,7,5,1d12+4,1d6+4,50,17,6,3,1d8+4,1d8+4,0.0,B
6026,33,14,7,5,1d8+4,1d8+4,49,16,5,3,1d10+4,1d8+4,3.0,A
6027,31,17,7,4,1d12+4,1d8+4,34,18,5,3,1d8+4,1d6+4,1.0,A
6028,40,14,6,5,1d8+4,1d8+4,46,18,6,4,1d12+4,1d8+4,3.0,B
6029,32,17,7,4,1d12+4,1d6+4,47,18,5,3,1d10+4,1d6+4,10.0,A
6030,47,16,8,4,1d10+4,1d8+4,48,14,6,4,1d10+4,1d6+4,1.0,A
6031,33,15,5,3,1d8+4,1d8+4,49,18,6,3,1d12+4,1d6+4,9.0,B
6032,48,16,5,5,1d12+4,1d6+4,48,18,8,5,1d10+4,1d6+4,5.0,A
6033,42,15,6,3,1d12+4,1d6+4,46,18,5,5,1d8+4,1d6+4,7.0,B
6034,42,14,5,3,1d8+4,1d6+4,37,17,8,3,1d10+4,1d8+4,10.0,B
6035,48,16,6,3,1d10+4,1d6+4,42,15,5,3,1d10+4,1d8+4,0.0,A
6036,38,18,8,5,1d8+4,1d8+4,35,14,7,5,1d12+4,1d8+4,10.0,A
6037,38,18,5,4,1d10+4,1d6+4,39,17,6,3,1d10+4,1d6+4,2.0,A
6038,50,16,6,4,1d10+4,1d6+4,33,16,5,4,1d12+4,1d6+4,1.0,A
6039,37,17,7,5,1d12+4,1d8+4,31,14,5,4,1d8+4,1d8+4,7.0,B
6040,32,17,8,3,1d8+4,1d8+4,40,15,7,5,1d8+4,1d8+4,3.0,B
6041,34,17,5,5,1d8+4,1d6+4,33,15,8,4,1d8+4,1d8+4,9.0,A
6042,35,14,8,5,1d12+4,1d6+4,45,16,5,4,1d8+4,1d6+4,5.0,A
6043,38,18,6,3,1d8+4,1d6+4,43,16,8,5,1d10+4,1d8+4,4.0,B
6044,34,16,7,3,1d10+4,1d8+4,34,15,6,4,1d10+4,1d6+4,8.0,B
6045,38,16,7,3,1d10+4,1d8+4,32,15,5,4,1d8+4,1d8+4,0.0,A
6046,50,17,7,4,1d12+4,1d8+4,35,16,8,4,1d10+4,1d6+4,10.0,A
6047,31,14,8,3,1d8+4,1d6+4,35,18,7,3,1d12+4,1d8+4,10.0,B
6048,42,15,8,5,1d8+4,1d8+4,44,17,5,4,1d10+4,1d6+4,3.0,B
6049,42,16,5,3,1d12+4,1d8+4,48,16,5,4,1d8+4,1d6+4,1.0,A
6050,35,14,5,4,1d12+4,1d6+4,39,15,5,4,1d8+4,1d6+4,5.0,A
6051,46,17,6,5,1d8+4,1d6+4,35,14,6,5,1d12+4,1d8+4,8.0,A
6052,32,16,7,5,1d8+4,1d8+4,44,17,6,5,1d10+4,1d8+4,4.0,A
6053,37,17,6,4,1d10+4,1d6+4,35,17,8,4,1d12+4,1d6+4,6.0,B
6054,50,16,6,3,1d8+4,1d8+4,43,18,6,5,1d12+4,1d8+4,0.0,B
6055,35,14,5,4,1d8+4,1d8+4,37,16,8,3,1d10+4,1d8+4,3.0,B
6056,49,18,8,3,1d8+4,1d6+4,46,15,5,4,1d8+4,1d6+4,4.0,A
6057,39,16,6,4,1d8+4,1d8+4,40,15,7,3,1d12+4,1d8+4,5.0,B
6058,49,14,7,5,1d8+4,1d8+4,35,18,6,5,1d8+4,1d8+4,1.0,A
6059,50,15,6,3,1d8+4,1d8+4,43,16,8,4,1d12+4,1d6+4,0.0,A
6060,34,18,5,5,1d12+4,1d6+4,45,16,6,4,1d10+4,1d8+4,2.0,A
6061,37,14,5,5,1d10+4,1d6+4,41,15,6,3,1d12+4,1d8+4,7.0,B
6062,46,14,5,4,1d10+4,1d8+4,47,18,6,4,1d10+4,1d6+4,2.0,A
6063,40,14,5,4,1d8+4,1d6+4,33,17,6,3,1d8+4,1d6+4,10.0,A
6064,38,16,5,4,1d10+4,1d8+4,40,15,6,4,1d8+4,1d8+4,9.0,B
6065,34,15,5,5,1d12+4,1d6+4,44,14,8,3,1d8+4,1d8+4,9.0,B
6066,38,17,6,3,1d8+4,1d6+4,43,14,7,3,1d12+4,1d8+4,9.0,A
6067,50,18,8,3,1d8+4,1d6+4,47,17,6,5,1d12+4,1d6+4,4.0,B
6068,48,18,8,3,1d10+4,1d8+4,46,15,5,4,1d10+4,1d6+4,1.0,A
6069,38,17,5,4,1d8+4,1d8+4,30,15,7,3,1d10+4,1d8+4,4.0,B
6070,42,15,7,5,1d12+4,1d8+4,33,17,8,5,1d10+4,1d6+4,9.0,B
6071,42,17,7,3,1d12+4,1d8+4,43,17,7,3,1d8+4,1d8+4,3.0,A
6072,44,17,8,5,1d10+4,1d6+4,31,15,5,4,1d12+4,1d8+4,0.0,A
6073,34,18,6,4,1d12+4,1d6+4,48,15,6,3,1d8+4,1d8+4,6.0,B
6074,32,17,5,5,1d8+4,1d6+4,49,16,6,4,1d12+4,1d6+4,9.0,B
6075,31,15,7,4,1d10+4,1d6+4,32,18,5,4,1d8+4,1d8+4,7.0,A
6076,42,14,8,3,1d10+4,1d8+4,40,14,5,3,1d12+4,1d8+4,1.0,B
6077,40,14,6,3,1d12+4,1d6+4,41,15,7,4,1d12+4,1d6+4,2.0,B
6078,39,18,6,5,1d10+4,1d6+4,34,17,8,4,1d8+4,1d6+4,6.0,A
6079,37,16,8,3,1d10+4,1d8+4,44,14,8,4,1d8+4,1d8+4,8.0,B
6080,48,16,5,4,1d10+4,1d6+4,31,16,5,4,1d8+4,1d6+4,6.0,A
6081,49,18,8,3,1d12+4,1d6+4,48,14,8,4,1d8+4,1d8+4,10.0,A
6082,47,15,7,3,1d10+4,1d8+4,40,18,5,4,1d12+4,1d8+4,5.0,A
6083,38,16,8,3,1d12+4,1d8+4,35,15,8,3,1d10+4,1d8+4,9.0,A
6084,48,16,5,3,1d12+4,1d6+4,35,17,6,4,1d10+4,1d8+4,10.0,A
6085,43,14,6,5,1d10+4,1d6+4,46,16,6,3,1d12+4,1d8+4,9.0,B
6086,42,18,8,3,1d10+4,1d8+4,50,14,5,5,1d12+4,1d6+4,9.0,A
6087,39,14,5,4,1d8+4,1d8+4,30,15,6,5,1d10+4,1d8+4,4.0,A
6088,47,17,6,3,1d8+4,1d8+4,48,15,5,3,1d10+4,1d6+4,9.0,A
6089,46,16,6,3,1d8+4,1d8+4,32,16,7,3,1d10+4,1d6+4,10.0,A
6090,49,15,7,5,1d8+4,1d6+4,33,16,7,5,1d8+4,1d8+4,5.0,A
6091,48,14,7,3,1d8+4,1d6+4,38,15,7,3,1d8+4,1d6+4,6.0,A
6092,31,17,8,5,1d10+4,1d8+4,38,16,5,3,1d10+4,1d8+4,0.0,B
6093,47,14,7,4,1d8+4,1d6+4,36,14,6,5,1d10+4,1d8+4,10.0,A
6094,34,18,8,4,1d8+4,1d6+4,30,18,8,4,1d8+4,1d6+4,2.0,A
6095,32,14,8,4,1d12+4,1d8+4,47,16,7,3,1d12+4,1d6+4,8.0,A
6096,33,15,7,4,1d12+4,1d8+4,36,14,7,3,1d10+4,1d8+4,7.0,A
6097,42,17,6,4,1d12+4,1d6+4,43,15,5,5,1d8+4,1d6+4,9.0,A
6098,35,15,7,3,1d12+4,1d6+4,47,16,7,5,1d10+4,1d8+4,3.0,B
6099,34,18,7,5,1d8+4,1d8+4,32,16,6,4,1d10+4,1d8+4,10.0,A
6100,32,18,8,5,1d8+4,1d8+4,50,16,6,3,1d12+4,1d8+4,0.0,B
6101,49,15,8,4,1d10+4,1d6+4,45,17,7,3,1d12+4,1d6+4,2.0,B
6102,49,15,7,4,1d10+4,1d8+4,39,16,8,4,1d12+4,1d6+4,8.0,A
6103,31,18,5,3,1d10+4,1d8+4,33,14,7,3,1d12+4,1d8+4,7.0,B
6104,33,16,6,4,1d8+4,1d6+4,31,15,5,5,1d10+4,1d8+4,2.0,A
6105,42,17,6,5,1d8+4,1d6+4,46,15,6,4,1d10+4,1d6+4,1.0,B
6106,38,15,7,3,1d8+4,1d6+4,41,15,7,4,1d10+4,1d8+4,8.0,B
6107,31,18,6,5,1d8+4,1d6+4,34,18,8,3,1d12+4,1d8+4,1.0,B
6108,38,16,6,4,1d12+4,1d8+4,31,18,8,3,1d8+4,1d8+4,6.0,A
6109,31,14,5,5,1d10+4,1d6+4,41,15,7,3,1d12+4,1d8+4,3.0,A
6110,33,14,6,5,1d10+4,1d6+4,42,18,6,5,1d12+4,1d6+4,2.0,B
6111,50,14,7,3,1d10+4,1d8+4,30,15,5,5,1d12+4,1d6+4,7.0,A
6112,41,18,6,5,1d10+4,1d6+4,35,14,7,4,1d12+4,1d6+4,7.0,B
6113,34,14,5,5,1d12+4,1d8+4,35,18,7,3,1d12+4,1d8+4,2.0,B
6114,31,17,7,5,1d8+4,1d6+4,37,18,8,5,1d10+4,1d8+4,9.0,B
6115,32,17,8,3,1d12+4,1d8+4,50,18,8,4,1d8+4,1d6+4,10.0,B
6116,39,16,6,4,1d12+4,1d8+4,31,17,7,5,1d12+4,1d8+4,3.0,B
6117,48,17,7,4,1d8+4,1d8+4,31,18,6,3,1d10+4,1d6+4,1.0,B
6118,38,17,6,4,1d10+4,1d8+4,34,15,6,3,1d12+4,1d8+4,0.0,A
6119,32,16,6,3,1d10+4,1d6+4,38,18,8,3,1d8+4,1d6+4,1.0,B
6120,46,18,7,3,1d10+4,1d8+4,32,17,6,4,1d8+4,1d8+4,3.0,A
6121,39,15,8,4,1d12+4,1d8+4,38,17,8,4,1d8+4,1d8+4,8.0,A
6122,50,18,8,3,1d10+4,1d6+4,44,17,6,5,1d10+4,1d6+4,1.0,A
6123,45,17,7,5,1d12+4,1d6+4,43,15,6,3,1d8+4,1d8+4,3.0,A
6124,50,15,8,4,1d8+4,1d6+4,36,18,6,3,1d8+4,1d6+4,1.0,A
6125,32,17,8,5,1d12+4,1d8+4,31,15,5,3,1d12+4,1d6+4,4.0,A
6126,50,17,8,4,1d8+4,1d8+4,41,18,6,4,1d10+4,1d8+4,6.0,A
6127,30,17,8,4,1d12+4,1d8+4,35,17,6,5,1d10+4,1d6+4,4.0,B
6128,43,16,7,4,1d8+4,1d6+4,47,15,7,4,1d10+4,1d6+4,4.0,A
6129,33,15,8,5,1d10+4,1d6+4,32,18,8,5,1d10+4,1d8+4,6.0,A
6130,31,17,7,5,1d8+4,1d8+4,41,15,7,5,1d8+4,1d8+4,4.0,A
6131,33,16,5,4,1d10+4,1d8+4,39,15,7,5,1d8+4,1d8+4,8.0,A
6132,38,15,6,3,1d12+4,1d6+4,49,14,7,3,1d10+4,1d8+4,2.0,A
6133,47,14,8,5,1d12+4,1d6+4,47,18,8,4,1d8+4,1d8+4,1.0,B
6134,30,15,6,4,1d12+4,1d8+4,40,14,7,5,1d10+4,1d8+4,4.0,B
6135,47,14,7,3,1d10+4,1d8+4,34,16,5,3,1d12+4,1d8+4,5.0,B
6136,41,18,5,5,1d10+4,1d8+4,44,17,7,4,1d8+4,1d8+4,3.0,B
6137,46,17,8,5,1d8+4,1d6+4,42,15,8,3,1d8+4,1d8+4,10.0,A
6138,40,14,6,3,1d10+4,1d6+4,46,16,7,4,1d8+4,1d6+4,1.0,B
6139,42,14,5,4,1d8+4,1d6+4,35,17,6,5,1d8+4,1d8+4,9.0,B
6140,44,17,7,4,1d12+4,1d6+4,31,18,6,3,1d8+4,1d8+4,9.0,A
6141,50,18,5,5,1d12+4,1d8+4,40,14,8,5,1d10+4,1d6+4,0.0,A
6142,36,17,5,5,1d10+4,1d6+4,38,15,6,3,1d12+4,1d8+4,9.0,A
6143,49,14,6,5,1d8+4,1d8+4,42,16,8,5,1d12+4,1d8+4,10.0,B
6144,46,17,7,4,1d8+4,1d8+4,44,15,5,5,1d10+4,1d6+4,2.0,A
6145,34,14,8,5,1d10+4,1d6+4,37,15,7,3,1d10+4,1d6+4,0.0,A
6146,46,15,8,4,1d8+4,1d8+4,35,16,6,3,1d12+4,1d8+4,0.0,B
6147,30,16,8,3,1d8+4,1d6+4,40,14,5,3,1d10+4,1d8+4,8.0,B
6148,34,15,6,5,1d10+4,1d8+4,34,16,7,3,1d12+4,1d6+4,5.0,B
6149,43,16,8,4,1d8+4,1d6+4,47,14,7,5,1d10+4,1d6+4,10.0,B
6150,31,18,5,5,1d12+4,1d8+4,39,18,5,3,1d12+4,1d8+4,9.0,B
6151,37,15,5,3,1d12+4,1d8+4,35,14,5,5,1d8+4,1d8+4,0.0,A
6152,45,18,7,5,1d10+4,1d8+4,30,16,6,5,1d8+4,1d6+4,2.0,A
6153,31,14,5,4,1d10+4,1d6+4,36,14,5,4,1d10+4,1d8+4,1.0,A
6154,34,16,6,4,1d8+4,1d6+4,40,16,7,4,1d12+4,1d8+4,6.0,A
6155,47,18,7,3,1d8+4,1d6+4,49,15,6,3,1d10+4,1d6+4,10.0,A
6156,37,17,8,5,1d12+4,1d6+4,39,14,7,4,1d8+4,1d8+4,10.0,B
6157,32,17,6,4,1d10+4,1d8+4,36,15,6,5,1d8+4,1d6+4,10.0,A
6158,46,15,8,5,1d8+4,1d8+4,33,18,7,5,1d8+4,1d6+4,7.0,A
6159,49,17,8,5,1d12+4,1d6+4,44,14,5,3,1d10+4,1d8+4,0.0,A
6160,42,18,8,5,1d12+4,1d6+4,44,14,5,3,1d8+4,1d8+4,2.0,A
6161,43,15,8,3,1d8+4,1d8+4,36,18,7,3,1d8+4,1d6+4,10.0,A
6162,46,15,7,4,1d8+4,1d6+4,41,16,8,3,1d8+4,1d6+4,6.0,A
6163,41,15,6,4,1d10+4,1d8+4,41,17,7,4,1d10+4,1d8+4,4.0,B
6164,50,15,7,5,1d12+4,1d8+4,33,16,6,3,1d12+4,1d8+4,0.0,B
6165,31,16,6,4,1d10+4,1d6+4,31,17,7,4,1d8+4,1d8+4,8.0,B
6166,44,17,7,5,1d12+4,1d8+4,48,18,8,4,1d8+4,1d6+4,10.0,B
6167,40,15,5,3,1d10+4,1d8+4,31,14,6,5,1d10+4,1d8+4,6.0,B
6168,50,17,8,3,1d10+4,1d8+4,32,17,8,5,1d8+4,1d8+4,6.0,A
6169,49,14,6,4,1d8+4,1d8+4,36,16,6,3,1d12+4,1d8+4,8.0,B
6170,41,14,7,3,1d8+4,1d8+4,37,16,5,3,1d12+4,1d8+4,9.0,A
6171,35,18,8,4,1d10+4,1d8+4,40,17,5,5,1d8+4,1d8+4,4.0,B
6172,48,14,5,3,1d8+4,1d8+4,40,16,5,4,1d10+4,1d6+4,0.0,B
6173,33,16,6,5,1d10+4,1d6+4,33,18,6,5,1d8+4,1d8+4,5.0,A
6174,43,16,6,4,1d8+4,1d6+4,30,16,7,4,1d12+4,1d6+4,7.0,A
6175,33,16,7,4,1d8+4,1d8+4,43,16,6,3,1d10+4,1d8+4,9.0,B
6176,38,14,5,5,1d10+4,1d6+4,38,14,6,3,1d12+4,1d6+4,2.0,A
6177,39,14,8,5,1d12+4,1d6+4,31,16,6,3,1d8+4,1d6+4,2.0,A
6178,32,16,6,3,1d10+4,1d8+4,48,16,6,5,1d8+4,1d6+4,0.0,A
6179,31,14,6,5,1d8+4,1d8+4,50,14,8,4,1d12+4,1d8+4,8.0,A
6180,32,16,8,5,1d10+4,1d6+4,37,15,8,3,1d10+4,1d6+4,1.0,A
6181,38,15,5,3,1d8+4,1d6+4,48,14,8,4,1d10+4,1d6+4,5.0,B
6182,47,14,8,5,1d10+4,1d8+4,38,17,6,4,1d8+4,1d6+4,4.0,B
6183,32,17,7,4,1d12+4,1d8+4,33,14,5,3,1d12+4,1d6+4,5.0,A
6184,39,14,7,5,1d8+4,1d8+4,41,18,7,5,1d12+4,1d8+4,3.0,B
6185,43,17,8,3,1d8+4,1d8+4,30,18,8,5,1d8+4,1d6+4,5.0,A
6186,35,15,6,5,1d12+4,1d6+4,32,17,6,4,1d8+4,1d8+4,2.0,B
6187,38,15,8,5,1d8+4,1d6+4,36,14,8,4,1d12+4,1d8+4,10.0,A
6188,32,18,7,3,1d10+4,1d8+4,48,17,6,3,1d8+4,1d6+4,0.0,B
6189,41,15,6,3,1d8+4,1d8+4,31,14,8,4,1d12+4,1d6+4,5.0,A
6190,39,15,5,4,1d8+4,1d8+4,42,16,5,5,1d8+4,1d6+4,1.0,B
6191,30,16,7,4,1d8+4,1d8+4,43,18,5,5,1d12+4,1d6+4,9.0,B
6192,43,16,5,5,1d12+4,1d6+4,37,15,6,4,1d8+4,1d8+4,2.0,A
6193,39,16,8,3,1d10+4,1d8+4,34,16,5,4,1d8+4,1d6+4,1.0,B
6194,38,15,7,5,1d8+4,1d8+4,43,18,5,5,1d10+4,1d6+4,6.0,B
6195,30,18,6,4,1d12+4,1d8+4,38,17,7,5,1d12+4,1d8+4,2.0,B
6196,38,18,5,4,1d8+4,1d8+4,41,17,6,4,1d10+4,1d6+4,1.0,A
6197,50,18,6,4,1d8+4,1d8+4,37,15,8,3,1d12+4,1d6+4,8.0,A
6198,37,18,5,5,1d12+4,1d8+4,35,17,7,3,1d12+4,1d8+4,9.0,B
6199,36,14,6,3,1d12+4,1d6+4,42,18,6,3,1d12+4,1d8+4,4.0,A
6200,36,15,8,4,1d10+4,1d8+4,36,15,8,3,1d10+4,1d8+4,2.0,B
6201,48,14,7,3,1d12+4,1d8+4,39,18,5,5,1d8+4,1d8+4,5.0,A
6202,38,15,7,3,1d12+4,1d8+4,49,18,6,5,1d10+4,1d6+4,2.0,B
6203,45,16,5,3,1d12+4,1d8+4,47,16,7,4,1d10+4,1d6+4,6.0,A
6204,30,14,6,3,1d10+4,1d8+4,36,16,8,4,1d12+4,1d6+4,3.0,B
6205,31,15,5,3,1d12+4,1d8+4,36,16,5,5,1d8+4,1d8+4,5.0,A
6206,33,15,7,4,1d10+4,1d8+4,34,15,5,5,1d10+4,1d6+4,6.0,A
6207,42,16,5,3,1d8+4,1d6+4,35,15,8,5,1d12+4,1d8+4,10.0,B
6208,38,14,5,5,1d8+4,1d8+4,31,16,5,4,1d10+4,1d8+4,4.0,A
6209,44,14,5,5,1d12+4,1d6+4,48,17,5,3,1d8+4,1d8+4,7.0,B
6210,46,16,7,3,1d8+4,1d8+4,31,17,7,3,1d10+4,1d8+4,6.0,B
6211,40,18,8,3,1d12+4,1d8+4,50,18,8,4,1d10+4,1d8+4,1.0,B
6212,30,17,5,4,1d8+4,1d6+4,36,15,8,5,1d8+4,1d6+4,8.0,B
6213,41,14,6,4,1d8+4,1d8+4,45,16,7,3,1d12+4,1d6+4,7.0,B
6214,46,16,8,3,1d10+4,1d8+4,30,15,6,3,1d10+4,1d8+4,9.0,A
6215,33,16,8,5,1d12+4,1d8+4,31,17,7,5,1d12+4,1d6+4,5.0,A
6216,32,17,6,4,1d12+4,1d8+4,43,18,8,3,1d8+4,1d8+4,5.0,B
6217,32,14,5,5,1d8+4,1d6+4,42,18,6,3,1d10+4,1d8+4,0.0,B
6218,31,17,5,4,1d8+4,1d8+4,36,14,6,3,1d8+4,1d8+4,0.0,B
6219,36,15,6,4,1d12+4,1d8+4,50,17,6,4,1d8+4,1d6+4,2.0,A
6220,48,14,8,3,1d8+4,1d8+4,36,16,8,4,1d8+4,1d8+4,7.0,A
6221,35,18,7,5,1d12+4,1d8+4,32,18,6,5,1d10+4,1d6+4,10.0,B
6222,48,16,6,5,1d10+4,1d8+4,37,18,5,3,1d10+4,1d6+4,6.0,A
6223,46,16,6,3,1d12+4,1d6+4,50,16,6,3,1d12+4,1d8+4,9.0,B
6224,30,18,6,4,1d10+4,1d6+4,34,17,5,5,1d12+4,1d6+4,9.0,A
6225,37,17,6,3,1d10+4,1d8+4,40,16,7,3,1d8+4,1d8+4,9.0,A
6226,38,15,7,4,1d10+4,1d6+4,36,18,6,5,1d8+4,1d6+4,1.0,B
6227,43,18,5,4,1d12+4,1d8+4,33,15,8,4,1d12+4,1d6+4,4.0,B
6228,30,18,7,4,1d8+4,1d6+4,37,18,5,3,1d8+4,1d6+4,6.0,A
6229,31,17,5,3,1d8+4,1d6+4,46,16,5,4,1d8+4,1d6+4,2.0,B
6230,36,15,7,3,1d10+4,1d8+4,45,18,8,3,1d8+4,1d6+4,2.0,B
6231,33,18,6,5,1d12+4,1d8+4,35,17,8,4,1d12+4,1d8+4,1.0,A
6232,42,15,7,4,1d8+4,1d8+4,32,14,7,4,1d8+4,1d8+4,3.0,A
6233,35,16,8,5,1d10+4,1d6+4,32,17,8,3,1d12+4,1d6+4,6.0,B
6234,41,17,6,4,1d8+4,1d6+4,33,14,6,4,1d8+4,1d8+4,2.0,A
6235,48,17,7,3,1d10+4,1d8+4,45,15,6,4,1d8+4,1d8+4,9.0,A
6236,35,14,6,4,1d8+4,1d6+4,42,17,8,5,1d8+4,1d6+4,4.0,B
6237,34,16,7,4,1d8+4,1d6+4,35,18,8,4,1d10+4,1d6+4,2.0,B
6238,31,18,6,3,1d12+4,1d8+4,47,17,7,3,1d10+4,1d6+4,1.0,A
6239,46,17,5,5,1d12+4,1d8+4,38,16,5,4,1d12+4,1d6+4,6.0,B
6240,46,16,6,5,1d12+4,1d8+4,37,18,5,5,1d8+4,1d8+4,9.0,B
6241,47,14,7,5,1d12+4,1d6+4,30,14,6,3,1d12+4,1d6+4,9.0,A
6242,45,16,7,3,1d8+4,1d8+4,39,18,7,3,1d12+4,1d6+4,5.0,A
6243,39,18,6,3,1d10+4,1d6+4,32,14,7,4,1d8+4,1d8+4,9.0,A
6244,37,15,7,5,1d12+4,1d6+4,30,17,7,4,1d12+4,1d6+4,6.0,B
6245,48,17,8,3,1d8+4,1d6+4,43,15,6,5,1d10+4,1d6+4,0.0,A
6246,46,16,8,5,1d12+4,1d8+4,50,18,6,4,1d12+4,1d8+4,0.0,A
6247,37,16,7,3,1d12+4,1d6+4,48,15,8,3,1d8+4,1d6+4,10.0,B
6248,46,18,7,5,1d10+4,1d8+4,47,16,6,5,1d12+4,1d6+4,6.0,A
6249,37,17,5,5,1d10+4,1d8+4,40,18,7,3,1d12+4,1d8+4,7.0,B
6250,42,18,7,4,1d8+4,1d6+4,34,17,8,3,1d8+4,1d8+4,9.0,B
6251,46,17,7,4,1d10+4,1d6+4,33,17,6,5,1d8+4,1d8+4,9.0,A
6252,43,17,8,4,1d8+4,1d8+4,38,18,6,4,1d8+4,1d8+4,3.0,A
6253,50,16,7,4,1d10+4,1d8+4,42,17,8,5,1d12+4,1d8+4,0.0,A
6254,33,16,8,4,1d10+4,1d6+4,32,14,5,4,1d10+4,1d6+4,7.0,A
6255,48,16,5,4,1d8+4,1d6+4,31,17,5,5,1d8+4,1d6+4,7.0,A
6256,45,16,5,3,1d10+4,1d8+4,41,14,8,3,1d10+4,1d6+4,7.0,B
6257,39,16,6,4,1d8+4,1d6+4,36,16,6,4,1d12+4,1d8+4,7.0,A
6258,43,16,8,4,1d12+4,1d8+4,42,14,5,4,1d12+4,1d8+4,0.0,A
6259,41,14,6,5,1d10+4,1d8+4,46,17,8,4,1d8+4,1d6+4,2.0,A
6260,31,16,5,4,1d8+4,1d8+4,36,17,8,5,1d10+4,1d6+4,1.0,B
6261,31,16,7,3,1d12+4,1d8+4,39,17,6,4,1d8+4,1d8+4,3.0,A
6262,33,15,7,4,1d8+4,1d6+4,47,16,8,4,1d10+4,1d8+4,7.0,B
6263,35,15,5,3,1d10+4,1d8+4,40,17,5,5,1d12+4,1d6+4,2.0,B
6264,39,14,8,4,1d12+4,1d6+4,49,14,8,5,1d10+4,1d6+4,10.0,B
6265,48,15,6,5,1d12+4,1d6+4,42,18,6,4,1d10+4,1d8+4,5.0,A
6266,49,16,8,5,1d8+4,1d6+4,37,17,5,3,1d12+4,1d6+4,0.0,A
6267,41,17,5,5,1d8+4,1d8+4,30,16,6,4,1d8+4,1d8+4,2.0,A
6268,48,14,5,4,1d8+4,1d8+4,50,16,5,3,1d10+4,1d6+4,6.0,B
6269,31,16,6,3,1d8+4,1d6+4,36,17,6,5,1d12+4,1d6+4,4.0,A
6270,33,17,5,5,1d8+4,1d8+4,30,18,6,4,1d8+4,1d8+4,10.0,B
6271,49,15,6,5,1d10+4,1d8+4,43,15,7,4,1d12+4,1d8+4,9.0,B
6272,49,15,8,4,1d12+4,1d6+4,47,14,6,5,1d10+4,1d8+4,8.0,B
6273,46,14,8,5,1d10+4,1d8+4,50,15,7,3,1d10+4,1d6+4,7.0,B
6274,36,18,7,5,1d10+4,1d8+4,49,17,5,4,1d12+4,1d8+4,4.0,B
6275,30,15,6,5,1d10+4,1d6+4,46,18,8,5,1d12+4,1d8+4,5.0,B
6276,31,17,7,3,1d8+4,1d6+4,40,17,7,5,1d10+4,1d8+4,2.0,B
6277,38,16,6,3,1d12+4,1d6+4,36,15,8,4,1d10+4,1d6+4,2.0,A
6278,33,17,7,5,1d10+4,1d8+4,39,14,7,4,1d12+4,1d8+4,4.0,B
6279,50,18,6,4,1d10+4,1d8+4,35,15,5,3,1d12+4,1d8+4,1.0,A
6280,37,16,6,5,1d10+4,1d8+4,40,14,5,3,1d10+4,1d8+4,4.0,A
6281,45,18,5,5,1d8+4,1d6+4,38,15,8,4,1d8+4,1d8+4,6.0,A
6282,39,14,6,5,1d10+4,1d6+4,46,17,6,3,1d8+4,1d8+4,0.0,A
6283,44,17,5,5,1d10+4,1d6+4,30,17,5,5,1d8+4,1d8+4,3.0,A
6284,32,18,6,4,1d10+4,1d6+4,41,15,6,5,1d10+4,1d8+4,10.0,B
6285,34,15,7,4,1d10+4,1d8+4,41,15,6,5,1d8+4,1d8+4,0.0,B
6286,46,15,7,3,1d12+4,1d6+4,36,14,6,5,1d8+4,1d6+4,5.0,A
6287,36,15,5,5,1d10+4,1d8+4,41,16,5,5,1d12+4,1d6+4,5.0,B
6288,34,17,6,3,1d12+4,1d8+4,45,17,5,3,1d8+4,1d8+4,7.0,A
6289,36,18,8,3,1d12+4,1d8+4,47,18,8,4,1d8+4,1d8+4,8.0,A
6290,30,15,5,5,1d10+4,1d8+4,44,17,8,3,1d12+4,1d6+4,9.0,B
6291,43,15,5,5,1d10+4,1d8+4,34,15,6,4,1d10+4,1d6+4,0.0,A
6292,31,18,5,3,1d8+4,1d6+4,37,18,5,5,1d12+4,1d6+4,6.0,A
6293,31,17,8,3,1d12+4,1d6+4,37,16,8,4,1d8+4,1d8+4,4.0,B
6294,49,18,5,4,1d10+4,1d8+4,45,18,8,5,1d12+4,1d6+4,9.0,B
6295,32,16,8,3,1d10+4,1d6+4,50,15,6,3,1d8+4,1d8+4,1.0,B
6296,34,17,7,4,1d8+4,1d6+4,30,16,6,3,1d10+4,1d6+4,7.0,B
6297,41,14,8,3,1d12+4,1d8+4,33,16,6,3,1d10+4,1d6+4,3.0,A
6298,41,18,5,5,1d12+4,1d6+4,37,15,8,3,1d10+4,1d6+4,7.0,A
6299,50,15,5,3,1d8+4,1d8+4,38,14,7,4,1d10+4,1d6+4,2.0,B
6300,48,15,5,3,1d8+4,1d6+4,46,17,8,5,1d12+4,1d8+4,2.0,B
6301,46,15,8,5,1d10+4,1d8+4,31,14,6,4,1d8+4,1d8+4,3.0,A
6302,37,16,5,5,1d8+4,1d6+4,49,14,8,3,1d8+4,1d8+4,6.0,B
6303,32,18,7,5,1d10+4,1d8+4,46,17,6,5,1d10+4,1d8+4,3.0,A
6304,33,18,8,5,1d8+4,1d8+4,46,14,8,4,1d8+4,1d8+4,8.0,A
6305,50,14,5,3,1d12+4,1d8+4,32,17,6,4,1d8+4,1d6+4,4.0,A
6306,36,17,7,3,1d8+4,1d8+4,37,18,8,3,1d8+4,1d8+4,10.0,A
6307,41,14,6,3,1d12+4,1d6+4,36,15,6,3,1d10+4,1d8+4,4.0,A
6308,35,14,7,5,1d10+4,1d6+4,40,14,5,4,1d12+4,1d6+4,9.0,A
6309,50,15,5,3,1d8+4,1d8+4,40,14,7,3,1d10+4,1d8+4,5.0,A
6310,32,16,6,5,1d12+4,1d6+4,35,15,7,4,1d8+4,1d8+4,4.0,A
6311,41,15,8,5,1d10+4,1d6+4,35,14,8,5,1d10+4,1d6+4,2.0,A
6312,48,17,5,5,1d10+4,1d6+4,48,16,8,5,1d8+4,1d8+4,8.0,B
6313,33,17,7,4,1d8+4,1d8+4,46,14,6,4,1d8+4,1d6+4,9.0,A
6314,46,15,5,4,1d12+4,1d8+4,39,16,6,5,1d8+4,1d6+4,1.0,B
6315,35,14,7,4,1d10+4,1d6+4,46,18,7,5,1d10+4,1d6+4,7.0,A
6316,38,15,7,5,1d10+4,1d6+4,34,15,5,3,1d12+4,1d8+4,0.0,A
6317,44,18,8,3,1d8+4,1d8+4,42,14,6,4,1d12+4,1d6+4,1.0,B
6318,38,16,6,5,1d8+4,1d8+4,46,15,7,3,1d8+4,1d8+4,1.0,B
6319,46,17,5,4,1d8+4,1d6+4,46,18,5,4,1d8+4,1d8+4,5.0,A
6320,32,17,6,4,1d12+4,1d8+4,45,17,6,3,1d10+4,1d6+4,3.0,B
6321,47,16,5,3,1d8+4,1d8+4,38,16,8,4,1d12+4,1d8+4,3.0,B
6322,48,14,6,3,1d8+4,1d8+4,43,14,6,3,1d8+4,1d6+4,2.0,A
6323,33,16,6,3,1d10+4,1d8+4,45,18,7,4,1d10+4,1d6+4,5.0,A
6324,38,18,8,3,1d12+4,1d8+4,49,15,5,5,1d12+4,1d8+4,9.0,A
6325,42,14,8,3,1d8+4,1d8+4,30,15,6,5,1d8+4,1d8+4,8.0,A
6326,33,15,7,5,1d8+4,1d6+4,32,17,6,3,1d8+4,1d8+4,8.0,B
6327,39,18,8,3,1d12+4,1d8+4,38,14,6,4,1d8+4,1d6+4,4.0,A
6328,45,15,5,3,1d8+4,1d8+4,49,15,8,3,1d12+4,1d6+4,6.0,A
6329,41,17,7,3,1d10+4,1d6+4,41,14,7,5,1d8+4,1d6+4,0.0,A
6330,33,16,8,4,1d10+4,1d6+4,45,14,8,3,1d10+4,1d8+4,9.0,B
6331,50,16,7,3,1d8+4,1d8+4,45,14,6,5,1d12+4,1d8+4,4.0,A
6332,34,14,5,5,1d10+4,1d6+4,42,15,5,3,1d10+4,1d8+4,1.0,B
6333,39,15,5,5,1d12+4,1d8+4,47,17,5,4,1d12+4,1d6+4,2.0,B
6334,33,14,8,4,1d10+4,1d8+4,36,15,7,5,1d8+4,1d8+4,8.0,B
6335,35,16,5,5,1d12+4,1d6+4,43,18,8,4,1d12+4,1d6+4,2.0,A
6336,45,14,8,5,1d10+4,1d6+4,33,17,8,5,1d10+4,1d6+4,5.0,A
6337,41,15,6,3,1d10+4,1d6+4,45,15,7,5,1d10+4,1d8+4,6.0,B
6338,49,18,7,3,1d8+4,1d8+4,47,17,7,4,1d10+4,1d8+4,8.0,B
6339,41,14,6,3,1d10+4,1d6+4,47,18,6,4,1d10+4,1d6+4,10.0,B
6340,37,17,5,5,1d8+4,1d6+4,42,14,8,3,1d8+4,1d6+4,2.0,A
6341,44,18,6,5,1d8+4,1d8+4,37,16,6,3,1d12+4,1d8+4,6.0,B
6342,42,15,5,4,1d8+4,1d6+4,30,16,5,3,1d8+4,1d8+4,9.0,B
6343,47,14,7,5,1d10+4,1d8+4,50,18,7,5,1d12+4,1d8+4,2.0,B
6344,40,17,8,5,1d10+4,1d6+4,39,17,8,4,1d12+4,1d6+4,10.0,A
6345,49,17,8,4,1d12+4,1d8+4,35,18,7,5,1d10+4,1d8+4,3.0,A
6346,40,18,5,5,1d12+4,1d6+4,32,18,8,3,1d8+4,1d6+4,0.0,A
6347,31,18,7,5,1d10+4,1d8+4,32,17,7,4,1d8+4,1d6+4,10.0,A
6348,44,14,8,5,1d12+4,1d8+4,45,16,7,3,1d8+4,1d6+4,7.0,A
6349,34,15,8,3,1d8+4,1d8+4,45,17,7,3,1d12+4,1d6+4,3.0,B
6350,35,15,7,3,1d8+4,1d6+4,43,18,6,4,1d8+4,1d8+4,3.0,A
6351,46,14,7,5,1d8+4,1d8+4,37,14,5,5,1d12+4,1d6+4,3.0,A
6352,32,14,5,5,1d12+4,1d6+4,34,17,6,4,1d8+4,1d6+4,10.0,B
6353,36,18,7,4,1d10+4,1d6+4,45,15,5,3,1d10+4,1d6+4,5.0,A
6354,41,18,5,3,1d10+4,1d8+4,38,15,7,3,1d12+4,1d8+4,4.0,A
6355,42,14,8,3,1d12+4,1d6+4,39,16,7,5,1d10+4,1d8+4,8.0,B
6356,38,17,5,4,1d12+4,1d6+4,34,18,6,4,1d10+4,1d8+4,3.0,B
6357,35,18,6,5,1d8+4,1d6+4,39,16,6,5,1d12+4,1d8+4,8.0,B
6358,47,14,7,5,1d12+4,1d8+4,49,15,7,5,1d12+4,1d6+4,8.0,B
6359,50,17,8,4,1d12+4,1d6+4,50,15,6,5,1d10+4,1d6+4,6.0,A
6360,40,18,5,5,1d8+4,1d6+4,37,17,7,3,1d8+4,1d8+4,2.0,A
6361,43,15,8,4,1d10+4,1d8+4,33,14,6,4,1d10+4,1d6+4,6.0,A
6362,41,18,6,5,1d10+4,1d8+4,34,14,7,4,1d8+4,1d6+4,0.0,A
6363,50,17,7,3,1d12+4,1d6+4,46,18,8,4,1d8+4,1d6+4,5.0,A
6364,39,16,5,5,1d10+4,1d8+4,43,16,5,5,1d10+4,1d6+4,8.0,A
6365,33,15,5,5,1d8+4,1d8+4,30,15,6,5,1d10+4,1d8+4,1.0,A
6366,50,15,8,5,1d8+4,1d8+4,49,16,8,3,1d12+4,1d8+4,1.0,B
6367,46,17,6,5,1d10+4,1d6+4,39,14,6,3,1d10+4,1d8+4,1.0,A
6368,35,14,7,3,1d8+4,1d6+4,46,17,5,3,1d8+4,1d6+4,0.0,B
6369,33,16,5,3,1d12+4,1d6+4,46,17,8,3,1d12+4,1d8+4,8.0,B
6370,40,17,6,4,1d12+4,1d8+4,46,14,7,5,1d12+4,1d6+4,7.0,A
6371,38,15,5,5,1d10+4,1d6+4,37,14,8,3,1d8+4,1d6+4,0.0,B
6372,48,14,6,3,1d12+4,1d8+4,34,17,6,5,1d12+4,1d6+4,6.0,B
6373,34,16,6,5,1d12+4,1d8+4,38,14,6,5,1d12+4,1d8+4,8.0,B
6374,31,17,7,4,1d12+4,1d8+4,33,16,8,4,1d10+4,1d8+4,5.0,A
6375,41,18,7,5,1d10+4,1d6+4,48,18,7,4,1d12+4,1d6+4,4.0,B
6376,43,18,5,3,1d10+4,1d6+4,36,15,7,3,1d10+4,1d8+4,9.0,A
6377,46,17,7,4,1d10+4,1d8+4,34,16,5,4,1d10+4,1d6+4,9.0,A
6378,31,16,8,4,1d12+4,1d6+4,45,17,5,5,1d12+4,1d6+4,8.0,B
6379,41,15,5,5,1d12+4,1d6+4,46,14,7,3,1d8+4,1d6+4,10.0,B
6380,41,18,7,3,1d12+4,1d8+4,50,14,6,3,1d8+4,1d6+4,5.0,B
6381,34,14,8,5,1d12+4,1d8+4,43,18,8,5,1d10+4,1d6+4,7.0,A
6382,36,14,6,5,1d12+4,1d6+4,48,18,5,5,1d12+4,1d6+4,8.0,B
6383,48,18,7,3,1d10+4,1d8+4,33,17,7,3,1d12+4,1d6+4,1.0,A
6384,35,15,7,3,1d12+4,1d8+4,43,16,8,5,1d10+4,1d6+4,10.0,B
6385,37,15,8,3,1d10+4,1d8+4,40,16,7,4,1d10+4,1d8+4,8.0,A
6386,40,15,6,5,1d10+4,1d6+4,33,15,7,5,1d12+4,1d6+4,8.0,A
6387,40,17,7,5,1d8+4,1d6+4,49,17,6,5,1d10+4,1d8+4,10.0,A
6388,33,18,7,3,1d12+4,1d8+4,34,14,7,5,1d12+4,1d8+4,9.0,B
6389,50,17,7,5,1d10+4,1d6+4,32,17,7,5,1d10+4,1d8+4,4.0,A
6390,47,16,6,3,1d8+4,1d6+4,44,14,8,5,1d12+4,1d6+4,4.0,A
6391,48,16,8,4,1d10+4,1d6+4,32,15,8,5,1d12+4,1d6+4,4.0,B
6392,49,16,7,3,1d8+4,1d6+4,46,14,8,4,1d12+4,1d8+4,2.0,B
6393,42,16,8,3,1d10+4,1d8+4,46,17,7,5,1d8+4,1d6+4,6.0,B
6394,37,15,8,5,1d12+4,1d6+4,30,15,7,5,1d8+4,1d8+4,3.0,A
6395,48,18,5,3,1d8+4,1d6+4,34,16,7,4,1d12+4,1d6+4,6.0,A
6396,35,16,8,5,1d10+4,1d6+4,33,16,8,5,1d8+4,1d8+4,2.0,A
6397,31,14,6,4,1d8+4,1d6+4,37,16,6,5,1d12+4,1d6+4,0.0,A
6398,46,16,6,5,1d10+4,1d8+4,50,18,8,4,1d10+4,1d8+4,5.0,A
6399,31,14,8,4,1d10+4,1d6+4,42,16,6,4,1d8+4,1d6+4,9.0,B
6400,31,18,8,4,1d8+4,1d8+4,46,16,7,4,1d10+4,1d8+4,5.0,B
6401,45,17,8,3,1d8+4,1d8+4,39,16,6,5,1d10+4,1d8+4,2.0,B
6402,46,17,8,3,1d8+4,1d6+4,33,16,5,3,1d8+4,1d8+4,4.0,B
6403,46,15,7,4,1d12+4,1d6+4,47,15,8,5,1d10+4,1d6+4,7.0,A
6404,47,17,5,4,1d10+4,1d8+4,43,17,6,5,1d8+4,1d8+4,5.0,B
6405,44,15,5,4,1d10+4,1d6+4,43,17,8,5,1d8+4,1d6+4,8.0,B
6406,42,17,6,3,1d8+4,1d6+4,38,17,5,4,1d12+4,1d6+4,7.0,A
6407,33,14,8,3,1d8+4,1d6+4,30,15,8,4,1d12+4,1d8+4,1.0,B
6408,43,17,8,4,1d8+4,1d8+4,47,17,8,3,1d12+4,1d8+4,8.0,A
6409,31,15,7,3,1d12+4,1d8+4,30,15,6,4,1d8+4,1d8+4,7.0,B
6410,42,14,5,4,1d10+4,1d8+4,40,14,5,4,1d10+4,1d6+4,10.0,B
6411,43,17,7,5,1d10+4,1d6+4,38,18,8,3,1d8+4,1d6+4,0.0,A
6412,45,18,8,3,1d12+4,1d8+4,32,16,6,5,1d12+4,1d8+4,3.0,B
6413,30,14,5,3,1d10+4,1d6+4,42,17,8,4,1d10+4,1d8+4,8.0,B
6414,42,14,5,5,1d10+4,1d6+4,31,18,7,5,1d12+4,1d8+4,2.0,B
6415,32,15,5,5,1d12+4,1d8+4,35,15,8,3,1d12+4,1d6+4,8.0,A
6416,45,14,8,4,1d8+4,1d6+4,50,14,7,5,1d12+4,1d6+4,4.0,B
6417,40,17,6,3,1d8+4,1d8+4,40,16,8,4,1d10+4,1d8+4,8.0,B
6418,40,15,6,5,1d8+4,1d8+4,34,14,8,4,1d10+4,1d6+4,9.0,B
6419,42,18,5,4,1d10+4,1d8+4,35,17,5,5,1d10+4,1d8+4,2.0,A
6420,45,18,8,3,1d12+4,1d8+4,42,16,8,3,1d12+4,1d8+4,1.0,A
6421,49,14,5,3,1d10+4,1d6+4,45,16,5,3,1d12+4,1d6+4,6.0,B
6422,44,17,8,4,1d8+4,1d8+4,46,16,7,3,1d8+4,1d6+4,1.0,A
6423,48,15,6,5,1d12+4,1d6+4,41,14,6,3,1d10+4,1d8+4,6.0,A
6424,44,18,8,4,1d10+4,1d6+4,35,16,5,3,1d10+4,1d8+4,4.0,A
6425,35,14,6,4,1d10+4,1d6+4,43,18,7,4,1d12+4,1d6+4,9.0,B
6426,50,18,6,3,1d10+4,1d6+4,33,18,8,5,1d10+4,1d8+4,2.0,A
6427,37,15,5,4,1d12+4,1d8+4,50,14,5,3,1d12+4,1d6+4,10.0,B
6428,43,18,6,4,1d8+4,1d6+4,34,17,6,5,1d10+4,1d6+4,0.0,A
6429,46,17,5,5,1d12+4,1d8+4,37,17,6,3,1d8+4,1d8+4,9.0,A
6430,45,15,8,3,1d12+4,1d8+4,31,18,8,5,1d12+4,1d6+4,1.0,B
6431,45,14,6,3,1d8+4,1d8+4,47,16,6,3,1d10+4,1d6+4,10.0,B
6432,33,17,6,3,1d10+4,1d8+4,43,17,5,5,1d8+4,1d8+4,10.0,B
6433,41,14,7,5,1d12+4,1d8+4,33,16,8,3,1d10+4,1d8+4,9.0,A
6434,33,18,6,4,1d12+4,1d6+4,36,17,7,5,1d8+4,1d6+4,1.0,B
6435,50,17,7,4,1d12+4,1d8+4,39,15,5,3,1d10+4,1d8+4,2.0,A
6436,46,14,8,4,1d8+4,1d6+4,30,16,5,4,1d12+4,1d6+4,2.0,B
6437,38,18,6,4,1d12+4,1d8+4,38,15,8,5,1d10+4,1d6+4,6.0,A
6438,48,16,7,4,1d8+4,1d8+4,34,15,5,5,1d10+4,1d8+4,10.0,A
6439,38,17,7,3,1d10+4,1d8+4,50,17,8,5,1d12+4,1d8+4,2.0,B
6440,34,14,7,4,1d12+4,1d6+4,41,16,5,4,1d12+4,1d6+4,8.0,A
6441,47,17,5,5,1d10+4,1d6+4,43,18,6,5,1d12+4,1d6+4,9.0,B
6442,34,15,5,4,1d12+4,1d8+4,35,15,8,4,1d12+4,1d8+4,0.0,A
6443,44,16,8,4,1d12+4,1d8+4,30,14,6,4,1d12+4,1d6+4,8.0,A
6444,40,16,8,4,1d12+4,1d8+4,39,15,7,3,1d10+4,1d6+4,5.0,A
6445,48,15,7,3,1d10+4,1d6+4,44,15,5,4,1d10+4,1d6+4,3.0,A
6446,42,15,5,3,1d8+4,1d8+4,46,15,8,4,1d10+4,1d8+4,6.0,B
6447,45,16,7,4,1d10+4,1d8+4,34,17,8,3,1d8+4,1d8+4,3.0,A
6448,36,18,6,4,1d10+4,1d6+4,32,18,8,4,1d10+4,1d8+4,3.0,A
6449,47,15,5,4,1d8+4,1d8+4,31,16,6,4,1d10+4,1d8+4,9.0,A
6450,34,17,5,5,1d10+4,1d6+4,45,17,6,5,1d8+4,1d8+4,1.0,B
6451,35,14,8,5,1d10+4,1d8+4,36,17,8,5,1d10+4,1d6+4,9.0,A
6452,41,14,7,5,1d8+4,1d8+4,43,15,5,4,1d12+4,1d6+4,0.0,B
6453,36,17,6,4,1d12+4,1d6+4,36,17,5,5,1d10+4,1d8+4,5.0,A
6454,41,18,8,4,1d10+4,1d6+4,50,16,6,5,1d8+4,1d8+4,5.0,B
6455,33,16,7,3,1d10+4,1d8+4,48,16,8,4,1d8+4,1d8+4,0.0,B
6456,31,17,8,3,1d10+4,1d6+4,37,18,5,5,1d12+4,1d8+4,2.0,B
6457,35,14,5,5,1d10+4,1d6+4,35,16,5,5,1d10+4,1d8+4,2.0,B
6458,43,14,8,5,1d12+4,1d8+4,39,15,7,3,1d8+4,1d8+4,7.0,B
6459,33,15,5,3,1d10+4,1d8+4,34,17,7,4,1d10+4,1d6+4,9.0,B
6460,34,14,6,4,1d12+4,1d8+4,43,18,6,4,1d12+4,1d6+4,5.0,B
6461,48,18,8,3,1d12+4,1d6+4,38,16,8,4,1d12+4,1d6+4,7.0,B
6462,32,18,7,4,1d8+4,1d8+4,38,18,7,4,1d12+4,1d6+4,2.0,A
6463,37,17,6,4,1d10+4,1d8+4,41,17,6,5,1d8+4,1d6+4,6.0,A
6464,38,14,7,3,1d12+4,1d6+4,30,18,6,3,1d12+4,1d8+4,2.0,A
6465,33,16,8,5,1d10+4,1d8+4,49,15,6,4,1d10+4,1d6+4,4.0,B
6466,32,15,6,4,1d10+4,1d6+4,38,15,5,3,1d10+4,1d6+4,7.0,A
6467,38,17,7,5,1d8+4,1d6+4,45,18,8,4,1d10+4,1d6+4,1.0,B
6468,38,14,5,4,1d10+4,1d6+4,32,18,7,4,1d12+4,1d8+4,2.0,A
6469,45,16,8,5,1d8+4,1d8+4,31,16,7,5,1d8+4,1d8+4,4.0,A
6470,42,16,6,4,1d10+4,1d6+4,38,17,5,3,1d10+4,1d6+4,8.0,A
6471,36,14,6,4,1d12+4,1d6+4,49,16,8,5,1d8+4,1d6+4,6.0,A
6472,33,14,6,3,1d10+4,1d8+4,32,18,5,5,1d8+4,1d6+4,1.0,A
6473,30,15,8,5,1d12+4,1d6+4,43,14,6,5,1d8+4,1d6+4,5.0,B
6474,50,15,7,4,1d10+4,1d8+4,32,16,7,5,1d12+4,1d8+4,2.0,A
6475,30,16,5,5,1d12+4,1d8+4,42,18,7,3,1d8+4,1d6+4,3.0,B
6476,34,15,8,3,1d12+4,1d6+4,43,17,5,4,1d8+4,1d6+4,7.0,A
6477,34,17,6,4,1d12+4,1d6+4,43,15,5,3,1d12+4,1d8+4,10.0,A
6478,39,17,8,4,1d10+4,1d8+4,36,15,7,5,1d8+4,1d8+4,1.0,A
6479,43,18,7,3,1d8+4,1d6+4,41,14,6,3,1d8+4,1d6+4,6.0,A
6480,46,18,6,5,1d10+4,1d6+4,33,14,8,3,1d10+4,1d6+4,8.0,A
6481,36,17,5,5,1d8+4,1d6+4,30,14,8,3,1d8+4,1d8+4,7.0,A
6482,43,17,5,4,1d8+4,1d8+4,30,18,5,5,1d8+4,1d8+4,0.0,A
6483,40,17,7,4,1d12+4,1d8+4,35,18,5,5,1d8+4,1d8+4,7.0,A
6484,41,14,5,5,1d10+4,1d6+4,33,16,7,4,1d12+4,1d8+4,6.0,A
6485,44,16,7,4,1d12+4,1d6+4,49,14,5,3,1d10+4,1d8+4,6.0,A
6486,38,18,7,4,1d8+4,1d6+4,43,17,8,5,1d8+4,1d8+4,7.0,A
6487,40,15,7,5,1d12+4,1d6+4,37,14,6,3,1d8+4,1d8+4,5.0,A
6488,39,17,7,5,1d8+4,1d6+4,47,15,5,5,1d8+4,1d8+4,4.0,A
6489,30,15,7,4,1d12+4,1d6+4,30,18,7,4,1d10+4,1d6+4,5.0,A
6490,31,15,6,5,1d8+4,1d6+4,47,16,8,4,1d12+4,1d6+4,3.0,A
6491,45,14,6,4,1d12+4,1d8+4,30,15,5,3,1d8+4,1d8+4,4.0,A
6492,33,16,5,3,1d8+4,1d8+4,35,14,8,5,1d10+4,1d6+4,10.0,B
6493,41,18,6,4,1d8+4,1d8+4,46,18,6,5,1d10+4,1d8+4,4.0,B
6494,34,18,6,5,1d10+4,1d8+4,48,16,5,5,1d8+4,1d8+4,0.0,B
6495,37,15,5,5,1d8+4,1d8+4,31,15,8,3,1d8+4,1d6+4,5.0,A
6496,47,17,5,5,1d8+4,1d6+4,38,14,7,3,1d12+4,1d6+4,2.0,B
6497,32,18,8,4,1d12+4,1d8+4,30,17,6,3,1d10+4,1d8+4,10.0,A
6498,36,14,5,4,1d8+4,1d6+4,42,17,7,5,1d10+4,1d8+4,8.0,A
6499,36,16,7,3,1d8+4,1d8+4,36,18,5,3,1d10+4,1d6+4,3.0,B
6500,46,14,8,5,1d12+4,1d6+4,38,16,5,5,1d10+4,1d8+4,9.0,B
6501,40,17,7,5,1d8+4,1d8+4,35,17,5,5,1d8+4,1d6+4,9.0,A
6502,48,15,7,5,1d8+4,1d6+4,49,18,8,5,1d8+4,1d6+4,0.0,B
6503,30,17,5,4,1d10+4,1d6+4,37,16,7,3,1d12+4,1d6+4,6.0,B
6504,42,16,6,5,1d8+4,1d8+4,33,14,6,5,1d10+4,1d8+4,3.0,A
6505,50,17,6,5,1d12+4,1d8+4,33,17,5,5,1d8+4,1d8+4,2.0,A
6506,40,17,7,4,1d8+4,1d8+4,40,14,8,4,1d8+4,1d8+4,8.0,A
6507,32,14,6,3,1d8+4,1d8+4,33,16,7,4,1d12+4,1d8+4,2.0,B
6508,50,17,7,4,1d12+4,1d6+4,38,16,7,3,1d10+4,1d6+4,1.0,A
6509,50,15,6,3,1d12+4,1d6+4,39,15,8,5,1d12+4,1d8+4,3.0,A
6510,32,18,6,4,1d12+4,1d8+4,43,15,6,5,1d12+4,1d8+4,0.0,B
6511,50,14,7,4,1d8+4,1d8+4,39,16,7,5,1d10+4,1d8+4,9.0,B
6512,35,17,8,4,1d10+4,1d6+4,46,18,5,4,1d12+4,1d6+4,5.0,B
6513,37,15,7,3,1d8+4,1d8+4,41,15,7,3,1d12+4,1d6+4,0.0,B
6514,35,17,7,5,1d12+4,1d6+4,47,16,8,4,1d8+4,1d6+4,5.0,B
6515,44,17,6,4,1d8+4,1d8+4,41,14,7,5,1d10+4,1d8+4,1.0,A
6516,33,17,5,4,1d8+4,1d6+4,41,16,7,4,1d10+4,1d6+4,3.0,B
6517,30,17,6,3,1d8+4,1d6+4,46,18,7,3,1d10+4,1d8+4,4.0,B
6518,39,15,6,3,1d10+4,1d8+4,45,17,6,3,1d8+4,1d6+4,2.0,A
6519,31,16,5,4,1d8+4,1d8+4,35,17,8,3,1d10+4,1d8+4,6.0,B
6520,49,15,6,4,1d10+4,1d6+4,37,15,6,4,1d8+4,1d6+4,6.0,A
6521,50,16,6,3,1d8+4,1d8+4,43,14,5,5,1d12+4,1d8+4,3.0,B
6522,34,18,5,4,1d12+4,1d8+4,30,18,7,4,1d12+4,1d8+4,3.0,A
6523,50,18,6,4,1d12+4,1d6+4,41,14,8,5,1d8+4,1d6+4,4.0,A
6524,35,16,5,3,1d10+4,1d6+4,37,15,6,4,1d8+4,1d6+4,4.0,A
6525,40,15,8,3,1d10+4,1d8+4,33,16,7,4,1d8+4,1d8+4,9.0,B
6526,44,18,8,5,1d8+4,1d6+4,41,17,8,3,1d10+4,1d8+4,9.0,A
6527,43,16,8,3,1d8+4,1d8+4,43,14,5,5,1d8+4,1d6+4,9.0,A
6528,49,15,8,5,1d12+4,1d6+4,48,16,5,3,1d10+4,1d8+4,5.0,B
6529,48,14,7,5,1d12+4,1d6+4,42,17,8,3,1d8+4,1d8+4,10.0,B
6530,35,15,6,4,1d8+4,1d6+4,42,18,7,3,1d10+4,1d8+4,9.0,B
6531,31,15,6,3,1d10+4,1d8+4,44,14,5,5,1d10+4,1d6+4,5.0,B
6532,41,14,8,5,1d12+4,1d8+4,48,14,6,3,1d10+4,1d8+4,4.0,A
6533,44,18,8,3,1d12+4,1d8+4,47,18,5,3,1d12+4,1d8+4,5.0,B
6534,40,14,8,5,1d10+4,1d6+4,47,18,5,3,1d10+4,1d6+4,5.0,A
6535,50,17,5,5,1d12+4,1d8+4,43,14,5,4,1d12+4,1d6+4,1.0,B
6536,31,18,6,5,1d10+4,1d6+4,45,18,5,5,1d12+4,1d8+4,10.0,A
6537,40,18,7,4,1d12+4,1d8+4,39,16,6,4,1d8+4,1d8+4,5.0,A
6538,34,16,7,4,1d8+4,1d6+4,37,14,5,5,1d12+4,1d8+4,3.0,A
6539,31,16,7,5,1d12+4,1d6+4,34,17,5,4,1d12+4,1d6+4,7.0,B
6540,34,16,7,3,1d10+4,1d6+4,38,16,6,3,1d8+4,1d8+4,4.0,A
6541,35,17,7,3,1d8+4,1d6+4,47,18,7,4,1d10+4,1d8+4,8.0,B
6542,45,16,6,4,1d8+4,1d8+4,37,15,6,4,1d10+4,1d8+4,0.0,A
6543,30,18,5,5,1d8+4,1d6+4,48,16,6,4,1d10+4,1d8+4,6.0,B
6544,30,15,5,3,1d10+4,1d6+4,44,17,7,4,1d12+4,1d8+4,4.0,B
6545,49,15,6,4,1d8+4,1d6+4,39,18,7,4,1d10+4,1d8+4,10.0,A
6546,35,18,8,5,1d10+4,1d6+4,46,15,7,5,1d12+4,1d8+4,8.0,B
6547,40,18,8,4,1d8+4,1d8+4,33,15,8,3,1d12+4,1d8+4,9.0,A
6548,33,18,8,5,1d8+4,1d6+4,40,17,7,4,1d8+4,1d8+4,0.0,A
6549,35,15,6,4,1d12+4,1d8+4,40,14,8,4,1d10+4,1d8+4,8.0,B
6550,35,18,7,5,1d8+4,1d6+4,32,17,8,3,1d12+4,1d8+4,8.0,B
6551,31,14,8,3,1d8+4,1d8+4,44,17,8,4,1d10+4,1d6+4,7.0,B
6552,46,14,6,3,1d10+4,1d8+4,40,14,6,5,1d12+4,1d8+4,4.0,A
6553,46,15,5,4,1d10+4,1d6+4,47,17,8,5,1d12+4,1d6+4,10.0,B
6554,45,17,6,4,1d12+4,1d8+4,50,17,7,5,1d8+4,1d6+4,5.0,B
6555,33,14,6,5,1d12+4,1d8+4,43,14,8,4,1d8+4,1d6+4,6.0,B
6556,39,17,8,4,1d8+4,1d8+4,35,18,6,4,1d8+4,1d8+4,7.0,A
6557,33,14,5,4,1d10+4,1d6+4,49,16,8,4,1d10+4,1d6+4,2.0,A
6558,37,15,7,5,1d8+4,1d6+4,33,16,6,4,1d8+4,1d8+4,1.0,A
6559,30,16,5,3,1d12+4,1d8+4,45,18,5,3,1d8+4,1d8+4,5.0,A
6560,44,17,6,4,1d12+4,1d6+4,39,16,7,3,1d12+4,1d8+4,1.0,A
6561,46,18,5,3,1d8+4,1d8+4,44,16,8,4,1d12+4,1d8+4,4.0,B
6562,33,15,5,4,1d10+4,1d6+4,38,18,7,4,1d8+4,1d6+4,4.0,B
6563,40,18,8,3,1d10+4,1d6+4,36,17,5,3,1d10+4,1d8+4,7.0,A
6564,31,14,5,4,1d10+4,1d8+4,45,15,5,3,1d10+4,1d6+4,1.0,A
6565,34,18,6,5,1d10+4,1d6+4,33,14,7,3,1d12+4,1d8+4,5.0,A
6566,39,18,7,4,1d12+4,1d8+4,34,18,8,3,1d12+4,1d6+4,2.0,A
6567,43,17,5,4,1d10+4,1d6+4,37,17,7,3,1d10+4,1d8+4,3.0,A
6568,48,18,7,5,1d12+4,1d8+4,40,14,6,5,1d8+4,1d6+4,3.0,A
6569,35,15,7,5,1d8+4,1d6+4,47,14,8,3,1d12+4,1d8+4,0.0,B
6570,39,17,7,5,1d12+4,1d8+4,45,18,8,5,1d12+4,1d6+4,5.0,B
6571,41,14,6,5,1d12+4,1d6+4,31,17,5,3,1d12+4,1d6+4,9.0,A
6572,42,18,5,4,1d8+4,1d6+4,50,18,8,4,1d10+4,1d6+4,10.0,B
6573,43,14,5,3,1d10+4,1d6+4,42,15,6,5,1d12+4,1d6+4,8.0,B
6574,33,15,5,4,1d10+4,1d8+4,37,18,5,5,1d8+4,1d8+4,2.0,A
6575,34,15,7,4,1d8+4,1d8+4,38,17,5,5,1d8+4,1d6+4,2.0,A
6576,31,16,5,4,1d8+4,1d6+4,34,18,5,5,1d8+4,1d6+4,9.0,A
6577,40,17,6,4,1d10+4,1d6+4,47,17,7,5,1d8+4,1d8+4,5.0,B
6578,37,17,6,3,1d10+4,1d8+4,37,14,5,3,1d12+4,1d6+4,4.0,A
6579,36,15,7,3,1d12+4,1d6+4,36,16,7,4,1d12+4,1d6+4,7.0,A
6580,43,17,6,5,1d10+4,1d8+4,44,14,5,3,1d10+4,1d8+4,6.0,A
6581,48,16,8,4,1d10+4,1d6+4,49,16,8,4,1d10+4,1d8+4,9.0,A
6582,45,15,7,3,1d10+4,1d8+4,47,15,8,4,1d8+4,1d6+4,7.0,A
6583,37,17,8,3,1d10+4,1d6+4,48,17,7,4,1d8+4,1d8+4,7.0,A
6584,47,18,8,3,1d8+4,1d8+4,47,17,5,5,1d10+4,1d6+4,2.0,B
6585,41,16,5,5,1d10+4,1d6+4,33,18,6,3,1d8+4,1d8+4,5.0,B
6586,38,17,8,3,1d10+4,1d6+4,31,17,5,5,1d8+4,1d6+4,7.0,B
6587,46,16,5,3,1d12+4,1d8+4,42,18,6,5,1d12+4,1d8+4,10.0,B
6588,49,16,7,5,1d10+4,1d6+4,33,14,7,3,1d10+4,1d6+4,10.0,A
6589,44,14,5,5,1d12+4,1d8+4,41,15,5,5,1d12+4,1d6+4,7.0,B
6590,49,14,8,5,1d12+4,1d6+4,42,17,7,5,1d10+4,1d6+4,9.0,A
6591,42,15,5,4,1d12+4,1d8+4,32,16,8,4,1d12+4,1d6+4,10.0,B
6592,32,17,7,5,1d8+4,1d8+4,32,18,5,4,1d10+4,1d6+4,1.0,B
6593,30,17,5,4,1d10+4,1d8+4,31,16,7,4,1d10+4,1d8+4,3.0,A
6594,39,14,7,4,1d10+4,1d6+4,38,18,8,4,1d12+4,1d6+4,9.0,B
6595,40,17,8,5,1d10+4,1d6+4,42,14,8,3,1d12+4,1d6+4,9.0,B
6596,37,14,5,3,1d10+4,1d6+4,30,16,7,5,1d12+4,1d6+4,8.0,A
6597,41,18,6,5,1d12+4,1d6+4,37,15,8,4,1d10+4,1d6+4,10.0,A
6598,36,18,7,5,1d10+4,1d8+4,48,14,8,3,1d12+4,1d6+4,1.0,A
6599,33,15,5,3,1d12+4,1d8+4,47,15,6,3,1d12+4,1d8+4,4.0,A
6600,32,15,6,3,1d8+4,1d8+4,46,17,8,3,1d10+4,1d6+4,7.0,B
6601,35,14,5,5,1d12+4,1d6+4,36,17,8,3,1d12+4,1d6+4,9.0,B
6602,48,17,8,3,1d12+4,1d6+4,50,14,7,5,1d8+4,1d8+4,5.0,A
6603,47,15,8,3,1d8+4,1d8+4,41,18,8,5,1d12+4,1d8+4,7.0,B
6604,49,16,5,4,1d8+4,1d8+4,37,17,7,5,1d8+4,1d6+4,9.0,A
6605,30,18,8,5,1d8+4,1d8+4,41,18,7,5,1d12+4,1d8+4,2.0,B
6606,47,15,7,5,1d10+4,1d6+4,38,14,6,5,1d10+4,1d8+4,8.0,A
6607,30,18,5,4,1d10+4,1d6+4,31,18,7,5,1d10+4,1d6+4,8.0,B
6608,45,18,5,4,1d8+4,1d6+4,41,15,8,4,1d10+4,1d8+4,9.0,B
6609,31,16,7,3,1d12+4,1d6+4,35,17,8,5,1d8+4,1d6+4,9.0,A
6610,48,14,6,4,1d8+4,1d8+4,33,14,5,3,1d12+4,1d6+4,2.0,A
6611,31,15,8,3,1d12+4,1d8+4,44,18,8,5,1d12+4,1d6+4,0.0,B
6612,49,17,8,4,1d8+4,1d8+4,40,18,8,3,1d12+4,1d8+4,8.0,A
6613,38,18,5,5,1d8+4,1d6+4,42,17,5,3,1d12+4,1d6+4,9.0,B
6614,38,17,8,4,1d12+4,1d6+4,47,18,6,5,1d12+4,1d6+4,9.0,A
6615,34,15,7,5,1d12+4,1d6+4,34,15,6,3,1d12+4,1d6+4,8.0,A
6616,38,15,6,4,1d12+4,1d8+4,47,17,7,4,1d10+4,1d8+4,0.0,A
6617,31,18,8,4,1d12+4,1d8+4,43,17,7,3,1d12+4,1d6+4,6.0,B
6618,43,14,8,5,1d12+4,1d8+4,47,17,5,4,1d12+4,1d6+4,4.0,B
6619,42,18,8,5,1d8+4,1d8+4,50,14,8,4,1d10+4,1d8+4,2.0,B
6620,42,14,5,4,1d10+4,1d8+4,37,16,6,5,1d8+4,1d8+4,1.0,A
6621,45,14,7,4,1d8+4,1d6+4,35,18,8,3,1d10+4,1d8+4,0.0,B
6622,48,16,6,5,1d12+4,1d8+4,40,16,5,5,1d12+4,1d6+4,3.0,A
6623,49,14,5,3,1d12+4,1d6+4,47,15,8,3,1d12+4,1d6+4,2.0,B
6624,38,17,6,4,1d10+4,1d6+4,39,14,8,3,1d8+4,1d8+4,7.0,A
6625,33,17,8,5,1d10+4,1d8+4,31,17,5,5,1d12+4,1d6+4,0.0,A
6626,33,15,6,3,1d12+4,1d6+4,35,16,5,5,1d12+4,1d6+4,1.0,A
6627,36,16,5,5,1d8+4,1d6+4,30,16,8,5,1d10+4,1d8+4,2.0,B
6628,48,17,7,4,1d8+4,1d6+4,36,15,5,4,1d8+4,1d8+4,9.0,A
6629,48,14,5,3,1d12+4,1d8+4,39,18,5,5,1d12+4,1d6+4,1.0,B
6630,50,18,5,3,1d8+4,1d6+4,45,16,8,3,1d8+4,1d6+4,0.0,A
6631,34,18,5,4,1d8+4,1d6+4,48,14,8,4,1d8+4,1d6+4,4.0,B
6632,36,16,6,5,1d12+4,1d6+4,46,14,6,5,1d10+4,1d8+4,8.0,A
6633,48,16,6,4,1d8+4,1d8+4,39,18,6,3,1d10+4,1d6+4,0.0,B
6634,39,14,7,5,1d8+4,1d6+4,34,14,5,4,1d12+4,1d8+4,4.0,A
6635,45,15,8,5,1d10+4,1d6+4,43,17,5,5,1d10+4,1d8+4,10.0,A
6636,35,15,5,5,1d12+4,1d8+4,50,14,7,5,1d8+4,1d6+4,10.0,B
6637,48,15,7,4,1d10+4,1d8+4,32,16,8,3,1d10+4,1d6+4,9.0,A
6638,50,14,6,3,1d8+4,1d6+4,30,17,6,5,1d10+4,1d6+4,5.0,B
6639,50,17,8,5,1d12+4,1d8+4,36,18,8,4,1d8+4,1d6+4,8.0,A
6640,42,16,7,4,1d12+4,1d6+4,31,16,8,5,1d8+4,1d8+4,9.0,A
6641,32,14,5,5,1d8+4,1d8+4,32,16,8,3,1d8+4,1d8+4,6.0,A
6642,34,17,8,3,1d8+4,1d8+4,43,14,6,3,1d10+4,1d8+4,3.0,B
6643,42,14,5,3,1d8+4,1d6+4,49,15,7,4,1d8+4,1d8+4,10.0,B
6644,44,18,6,4,1d12+4,1d6+4,45,18,7,4,1d8+4,1d8+4,9.0,A
6645,38,15,7,3,1d10+4,1d6+4,32,14,7,3,1d10+4,1d6+4,1.0,A
6646,49,15,6,3,1d8+4,1d8+4,30,15,7,5,1d8+4,1d6+4,4.0,B
6647,47,16,8,5,1d10+4,1d6+4,46,16,8,4,1d10+4,1d6+4,0.0,A
6648,46,14,5,4,1d10+4,1d6+4,38,15,5,5,1d8+4,1d6+4,5.0,A
6649,50,15,5,5,1d12+4,1d6+4,33,14,6,4,1d10+4,1d8+4,1.0,A
6650,41,15,6,4,1d12+4,1d6+4,43,15,7,4,1d8+4,1d8+4,3.0,B
6651,46,17,6,4,1d12+4,1d6+4,40,16,8,5,1d12+4,1d8+4,1.0,A
6652,41,17,8,3,1d8+4,1d6+4,30,14,8,4,1d10+4,1d8+4,1.0,B
6653,38,14,7,4,1d12+4,1d8+4,30,15,5,5,1d10+4,1d8+4,2.0,B
6654,34,16,7,5,1d12+4,1d6+4,36,15,6,4,1d12+4,1d8+4,0.0,B
6655,46,15,5,3,1d12+4,1d6+4,32,18,5,5,1d8+4,1d6+4,7.0,A
6656,41,18,5,5,1d12+4,1d8+4,31,17,7,4,1d8+4,1d6+4,3.0,A
6657,43,14,7,3,1d12+4,1d6+4,34,16,7,4,1d12+4,1d6+4,9.0,B
6658,34,15,7,5,1d12+4,1d8+4,32,17,7,3,1d8+4,1d6+4,4.0,A
6659,49,17,8,3,1d8+4,1d6+4,42,14,6,4,1d8+4,1d6+4,5.0,A
6660,36,17,5,5,1d12+4,1d8+4,39,16,5,5,1d10+4,1d8+4,10.0,A
6661,46,18,5,3,1d8+4,1d8+4,34,14,6,5,1d10+4,1d6+4,5.0,A
6662,33,17,5,3,1d12+4,1d8+4,47,14,5,3,1d8+4,1d6+4,4.0,A
6663,35,17,6,3,1d12+4,1d6+4,34,15,8,3,1d10+4,1d6+4,7.0,B
6664,36,16,5,3,1d12+4,1d8+4,32,16,7,3,1d8+4,1d6+4,4.0,B
6665,48,16,6,3,1d10+4,1d8+4,37,15,5,5,1d12+4,1d8+4,2.0,A
6666,50,18,6,4,1d8+4,1d6+4,44,17,6,3,1d8+4,1d6+4,7.0,A
6667,40,16,5,5,1d8+4,1d6+4,48,15,7,3,1d10+4,1d6+4,3.0,B
6668,40,16,5,5,1d8+4,1d8+4,36,15,5,4,1d10+4,1d6+4,9.0,B
6669,33,16,6,4,1d8+4,1d8+4,49,16,6,3,1d12+4,1d8+4,7.0,B
6670,44,15,5,5,1d12+4,1d6+4,35,17,6,3,1d8+4,1d8+4,8.0,A
6671,48,18,5,4,1d12+4,1d6+4,33,16,5,5,1d10+4,1d8+4,10.0,A
6672,34,18,8,4,1d8+4,1d6+4,32,15,6,4,1d12+4,1d8+4,9.0,A
6673,50,14,5,3,1d12+4,1d6+4,34,16,7,5,1d12+4,1d6+4,2.0,A
6674,30,18,6,4,1d8+4,1d8+4,44,14,6,5,1d12+4,1d6+4,1.0,A
6675,38,16,5,5,1d10+4,1d8+4,44,18,8,5,1d8+4,1d6+4,4.0,A
6676,41,17,6,5,1d10+4,1d8+4,48,16,8,5,1d8+4,1d8+4,2.0,A
6677,46,15,6,5,1d12+4,1d8+4,48,15,6,3,1d10+4,1d8+4,2.0,A
6678,48,14,8,5,1d10+4,1d8+4,48,18,8,4,1d8+4,1d6+4,0.0,B
6679,30,15,8,3,1d8+4,1d6+4,47,17,5,5,1d8+4,1d6+4,0.0,B
6680,48,15,6,5,1d8+4,1d6+4,44,15,8,5,1d10+4,1d8+4,6.0,B
6681,49,15,5,4,1d8+4,1d6+4,38,17,8,3,1d10+4,1d6+4,4.0,B
6682,49,14,5,4,1d10+4,1d8+4,42,17,5,5,1d8+4,1d8+4,2.0,B
6683,47,17,8,4,1d8+4,1d6+4,45,18,5,4,1d8+4,1d8+4,8.0,B
6684,31,15,5,5,1d8+4,1d6+4,45,18,8,4,1d12+4,1d6+4,2.0,B
6685,31,17,7,3,1d10+4,1d8+4,34,17,7,5,1d10+4,1d8+4,3.0,B
6686,36,16,8,4,1d8+4,1d6+4,43,14,7,4,1d8+4,1d6+4,2.0,B
6687,37,16,7,4,1d8+4,1d6+4,42,16,8,5,1d8+4,1d6+4,9.0,B
6688,33,15,5,4,1d10+4,1d8+4,49,16,6,5,1d8+4,1d8+4,6.0,B
6689,32,15,6,4,1d12+4,1d8+4,49,15,8,5,1d12+4,1d8+4,3.0,B
6690,36,15,5,5,1d8+4,1d8+4,42,18,5,4,1d10+4,1d8+4,9.0,A
6691,34,18,6,5,1d12+4,1d8+4,50,14,7,3,1d8+4,1d8+4,7.0,A
6692,37,18,8,5,1d10+4,1d6+4,32,16,5,4,1d12+4,1d6+4,10.0,B
6693,36,18,7,3,1d10+4,1d8+4,31,15,7,4,1d8+4,1d6+4,4.0,A
6694,36,14,7,3,1d8+4,1d8+4,33,15,5,4,1d8+4,1d8+4,5.0,A
6695,32,18,6,5,1d12+4,1d8+4,49,14,6,3,1d12+4,1d8+4,3.0,A
6696,35,14,8,4,1d12+4,1d8+4,31,16,7,4,1d8+4,1d8+4,10.0,A
6697,48,15,8,5,1d12+4,1d6+4,39,14,8,4,1d10+4,1d6+4,8.0,A
6698,42,17,8,4,1d12+4,1d8+4,42,17,5,3,1d8+4,1d6+4,3.0,A
6699,37,18,8,5,1d12+4,1d8+4,45,15,8,5,1d12+4,1d6+4,0.0,B
6700,42,18,5,3,1d12+4,1d8+4,35,18,8,4,1d12+4,1d6+4,2.0,B
6701,38,16,6,4,1d12+4,1d8+4,32,16,6,4,1d8+4,1d6+4,2.0,A
6702,31,18,5,3,1d12+4,1d8+4,46,15,7,5,1d12+4,1d6+4,8.0,A
6703,30,15,5,5,1d10+4,1d6+4,32,17,8,4,1d12+4,1d8+4,7.0,B
6704,33,14,5,5,1d8+4,1d8+4,32,15,6,3,1d8+4,1d8+4,5.0,A
6705,46,15,5,4,1d8+4,1d8+4,35,17,7,3,1d10+4,1d8+4,5.0,A
6706,40,15,5,4,1d8+4,1d6+4,35,18,5,4,1d10+4,1d6+4,4.0,B
6707,46,18,5,4,1d12+4,1d6+4,43,14,8,5,1d12+4,1d6+4,3.0,A
6708,43,16,8,3,1d12+4,1d8+4,41,14,5,4,1d8+4,1d8+4,7.0,A
6709,45,18,8,5,1d12+4,1d8+4,30,17,5,5,1d12+4,1d6+4,8.0,A
6710,50,16,6,3,1d10+4,1d6+4,43,17,5,4,1d12+4,1d8+4,6.0,B
6711,43,16,8,3,1d8+4,1d8+4,45,18,7,3,1d12+4,1d8+4,8.0,A
6712,48,18,6,5,1d8+4,1d8+4,33,18,8,3,1d12+4,1d6+4,8.0,A
6713,38,17,5,4,1d8+4,1d6+4,30,18,6,4,1d12+4,1d6+4,3.0,B
6714,34,14,6,3,1d8+4,1d6+4,38,17,6,4,1d10+4,1d6+4,0.0,B
6715,48,17,7,5,1d8+4,1d8+4,45,17,6,4,1d12+4,1d6+4,2.0,B
6716,50,15,5,4,1d8+4,1d8+4,32,16,6,3,1d12+4,1d8+4,8.0,A
6717,47,17,5,5,1d10+4,1d6+4,44,15,5,4,1d10+4,1d8+4,5.0,A
6718,38,14,8,5,1d8+4,1d8+4,44,16,5,4,1d8+4,1d8+4,4.0,A
6719,42,17,8,5,1d10+4,1d8+4,41,15,5,4,1d12+4,1d6+4,6.0,A
6720,30,15,6,5,1d8+4,1d8+4,43,16,5,3,1d12+4,1d8+4,5.0,B
6721,38,16,5,5,1d10+4,1d6+4,33,18,5,5,1d12+4,1d6+4,5.0,B
6722,30,14,8,5,1d12+4,1d8+4,32,17,6,4,1d12+4,1d6+4,7.0,B
6723,39,18,6,4,1d10+4,1d8+4,47,17,5,3,1d12+4,1d8+4,10.0,A
6724,47,14,7,5,1d12+4,1d8+4,35,18,8,3,1d10+4,1d8+4,2.0,B
6725,30,16,5,5,1d10+4,1d8+4,43,18,7,4,1d10+4,1d8+4,7.0,B
6726,49,15,7,4,1d12+4,1d6+4,46,16,6,5,1d10+4,1d8+4,9.0,A
6727,32,16,6,5,1d12+4,1d8+4,32,17,7,3,1d12+4,1d6+4,0.0,B
6728,47,16,8,5,1d10+4,1d6+4,32,18,6,4,1d12+4,1d6+4,6.0,A
6729,36,17,6,5,1d10+4,1d6+4,40,14,8,3,1d8+4,1d8+4,4.0,A
6730,31,16,6,4,1d10+4,1d8+4,35,15,8,3,1d12+4,1d6+4,4.0,A
6731,47,15,6,4,1d12+4,1d6+4,39,15,7,5,1d8+4,1d6+4,6.0,B
6732,33,15,5,5,1d12+4,1d6+4,30,14,6,5,1d12+4,1d6+4,4.0,A
6733,36,16,6,5,1d10+4,1d8+4,30,15,8,3,1d12+4,1d6+4,4.0,B
6734,50,16,8,5,1d12+4,1d8+4,32,18,8,4,1d8+4,1d6+4,0.0,A
6735,32,17,5,4,1d10+4,1d6+4,35,18,6,4,1d8+4,1d6+4,3.0,B
6736,46,16,8,3,1d8+4,1d8+4,43,15,8,3,1d10+4,1d8+4,9.0,A
6737,36,16,6,4,1d8+4,1d6+4,33,18,6,4,1d12+4,1d8+4,7.0,B
6738,42,18,7,5,1d12+4,1d6+4,41,15,5,4,1d12+4,1d8+4,0.0,A
6739,43,15,6,3,1d8+4,1d6+4,34,17,7,5,1d10+4,1d6+4,8.0,B
6740,46,18,6,5,1d10+4,1d6+4,49,16,5,3,1d10+4,1d6+4,4.0,A
6741,46,17,6,4,1d12+4,1d8+4,49,18,6,5,1d12+4,1d8+4,3.0,A
6742,31,14,6,5,1d8+4,1d8+4,43,17,7,3,1d10+4,1d6+4,3.0,B
6743,49,17,7,4,1d10+4,1d6+4,30,18,5,3,1d10+4,1d8+4,1.0,A
6744,31,18,7,5,1d8+4,1d6+4,36,14,6,4,1d8+4,1d8+4,9.0,B
6745,48,16,5,3,1d8+4,1d6+4,42,17,8,3,1d8+4,1d6+4,9.0,B
6746,33,18,5,4,1d8+4,1d8+4,48,14,7,4,1d10+4,1d8+4,5.0,A
6747,48,15,8,3,1d12+4,1d8+4,41,16,5,4,1d12+4,1d8+4,5.0,A
6748,42,18,8,3,1d8+4,1d8+4,36,18,7,3,1d10+4,1d6+4,1.0,B
6749,33,14,6,3,1d10+4,1d8+4,43,14,5,5,1d10+4,1d6+4,4.0,B
6750,37,17,7,3,1d12+4,1d6+4,34,18,5,4,1d8+4,1d6+4,7.0,A
6751,36,17,7,4,1d12+4,1d6+4,43,15,7,4,1d12+4,1d8+4,5.0,B
6752,43,15,8,5,1d12+4,1d6+4,40,18,5,5,1d12+4,1d6+4,7.0,A
6753,39,16,7,5,1d8+4,1d8+4,49,16,5,3,1d10+4,1d8+4,4.0,A
6754,40,16,8,4,1d10+4,1d6+4,43,18,5,4,1d8+4,1d6+4,0.0,B
6755,50,18,6,4,1d8+4,1d6+4,34,14,8,3,1d12+4,1d6+4,0.0,A
6756,40,14,7,3,1d10+4,1d6+4,34,16,5,3,1d8+4,1d6+4,5.0,A
6757,48,15,7,3,1d12+4,1d6+4,49,17,5,3,1d8+4,1d6+4,10.0,B
6758,37,15,5,4,1d10+4,1d6+4,37,18,8,4,1d12+4,1d6+4,9.0,B
6759,48,16,7,4,1d10+4,1d8+4,35,16,7,5,1d8+4,1d8+4,9.0,B
6760,34,17,8,3,1d10+4,1d6+4,48,17,7,3,1d12+4,1d8+4,4.0,B
6761,44,15,5,4,1d8+4,1d6+4,41,17,8,5,1d8+4,1d8+4,4.0,A
6762,30,15,6,4,1d12+4,1d8+4,49,16,6,5,1d8+4,1d6+4,1.0,A
6763,42,16,7,3,1d10+4,1d6+4,38,15,7,3,1d12+4,1d6+4,2.0,B
6764,45,17,6,4,1d8+4,1d8+4,37,15,8,4,1d12+4,1d6+4,7.0,A
6765,41,17,6,4,1d10+4,1d8+4,34,18,7,5,1d12+4,1d8+4,6.0,A
6766,49,17,5,4,1d12+4,1d8+4,45,17,5,4,1d8+4,1d6+4,5.0,A
6767,34,14,5,4,1d10+4,1d6+4,41,16,6,5,1d12+4,1d6+4,9.0,B
6768,45,17,8,5,1d8+4,1d6+4,38,15,8,5,1d8+4,1d8+4,0.0,A
6769,46,18,8,5,1d12+4,1d8+4,38,14,8,5,1d12+4,1d8+4,1.0,A
6770,44,16,7,5,1d10+4,1d6+4,41,15,6,3,1d12+4,1d8+4,6.0,B
6771,41,18,7,4,1d10+4,1d8+4,36,17,7,3,1d12+4,1d8+4,0.0,A
6772,48,14,5,5,1d12+4,1d6+4,43,17,8,3,1d8+4,1d8+4,8.0,A
6773,35,17,5,3,1d10+4,1d8+4,45,18,5,5,1d12+4,1d8+4,7.0,B
6774,48,16,6,4,1d8+4,1d8+4,35,18,7,5,1d8+4,1d8+4,4.0,A
6775,44,14,6,5,1d12+4,1d6+4,50,17,7,5,1d10+4,1d6+4,6.0,A
6776,47,16,7,5,1d12+4,1d8+4,33,17,5,3,1d10+4,1d6+4,8.0,A
6777,31,14,8,5,1d8+4,1d8+4,38,14,6,5,1d12+4,1d6+4,2.0,B
6778,47,18,5,4,1d10+4,1d6+4,32,16,8,4,1d10+4,1d8+4,10.0,B
6779,39,17,5,5,1d8+4,1d8+4,39,16,8,5,1d8+4,1d8+4,5.0,A
6780,45,16,5,3,1d10+4,1d8+4,40,17,7,4,1d8+4,1d8+4,0.0,B
6781,30,18,8,3,1d8+4,1d6+4,34,18,7,3,1d8+4,1d8+4,1.0,B
6782,39,18,6,4,1d12+4,1d6+4,44,14,6,4,1d8+4,1d6+4,10.0,A
6783,46,16,5,5,1d12+4,1d6+4,30,18,6,5,1d8+4,1d8+4,4.0,A
6784,45,16,5,4,1d8+4,1d6+4,42,16,8,4,1d10+4,1d6+4,1.0,A
6785,43,14,5,4,1d10+4,1d8+4,31,14,8,3,1d8+4,1d8+4,0.0,B
6786,50,17,5,4,1d12+4,1d6+4,35,15,5,3,1d8+4,1d6+4,4.0,A
6787,35,16,6,5,1d12+4,1d6+4,33,16,7,3,1d8+4,1d8+4,10.0,B
6788,37,17,5,5,1d10+4,1d8+4,42,14,5,3,1d8+4,1d8+4,5.0,A
6789,47,18,6,3,1d10+4,1d6+4,41,16,7,4,1d8+4,1d8+4,9.0,B
6790,35,17,7,3,1d8+4,1d6+4,41,18,6,5,1d12+4,1d8+4,1.0,B
6791,31,16,6,4,1d8+4,1d8+4,40,17,7,3,1d12+4,1d6+4,5.0,B
6792,50,16,5,3,1d8+4,1d6+4,40,18,6,3,1d8+4,1d6+4,10.0,B
6793,40,14,5,5,1d10+4,1d8+4,32,16,8,4,1d12+4,1d8+4,1.0,A
6794,32,17,6,4,1d10+4,1d6+4,39,15,6,4,1d12+4,1d8+4,3.0,B
6795,31,14,8,3,1d12+4,1d8+4,40,14,6,5,1d10+4,1d6+4,2.0,A
6796,31,15,8,4,1d8+4,1d6+4,30,18,7,5,1d8+4,1d8+4,10.0,A
6797,50,17,8,4,1d8+4,1d8+4,45,14,5,3,1d10+4,1d6+4,7.0,A
6798,30,16,7,5,1d12+4,1d8+4,33,14,6,3,1d12+4,1d6+4,2.0,A
6799,45,15,8,5,1d10+4,1d8+4,45,17,7,3,1d8+4,1d6+4,3.0,A
6800,30,16,6,4,1d8+4,1d8+4,35,17,7,4,1d8+4,1d6+4,3.0,B
6801,33,16,8,5,1d12+4,1d6+4,42,16,8,4,1d12+4,1d6+4,2.0,A
6802,46,16,7,5,1d12+4,1d8+4,30,16,5,5,1d12+4,1d6+4,7.0,B
6803,38,16,8,4,1d12+4,1d6+4,31,15,7,3,1d12+4,1d8+4,4.0,A
6804,42,16,8,5,1d10+4,1d8+4,50,14,8,4,1d10+4,1d6+4,1.0,A
6805,43,15,7,5,1d8+4,1d6+4,41,18,6,5,1d10+4,1d6+4,10.0,B
6806,42,16,7,3,1d10+4,1d6+4,40,15,5,5,1d8+4,1d8+4,5.0,A
6807,44,14,6,3,1d8+4,1d6+4,41,17,7,4,1d8+4,1d6+4,4.0,B
6808,38,15,7,3,1d12+4,1d8+4,49,16,8,4,1d8+4,1d6+4,4.0,A
6809,45,15,8,3,1d8+4,1d8+4,45,16,5,4,1d12+4,1d8+4,7.0,B
6810,32,16,7,3,1d8+4,1d8+4,44,17,8,3,1d10+4,1d6+4,8.0,B
6811,48,17,6,5,1d12+4,1d8+4,36,18,6,4,1d10+4,1d6+4,0.0,B
6812,30,16,6,4,1d10+4,1d8+4,41,17,5,3,1d12+4,1d6+4,0.0,B
6813,43,15,8,4,1d8+4,1d6+4,48,17,5,4,1d10+4,1d8+4,10.0,A
6814,50,17,5,3,1d12+4,1d6+4,33,14,6,3,1d8+4,1d6+4,6.0,A
6815,39,18,5,5,1d8+4,1d8+4,49,16,6,3,1d8+4,1d8+4,8.0,A
6816,49,16,8,3,1d12+4,1d6+4,49,17,6,3,1d8+4,1d8+4,5.0,A
6817,41,18,5,4,1d10+4,1d8+4,30,17,8,3,1d12+4,1d8+4,7.0,B
6818,50,16,8,4,1d10+4,1d8+4,46,17,8,5,1d10+4,1d6+4,4.0,A
6819,36,18,6,4,1d12+4,1d8+4,39,17,5,4,1d8+4,1d6+4,7.0,A
6820,34,14,6,4,1d12+4,1d8+4,50,16,8,4,1d10+4,1d6+4,5.0,B
6821,39,16,7,4,1d12+4,1d6+4,30,16,5,3,1d12+4,1d8+4,1.0,B
6822,37,15,7,3,1d10+4,1d8+4,50,17,5,3,1d10+4,1d6+4,4.0,B
6823,34,15,5,5,1d12+4,1d6+4,47,17,8,3,1d12+4,1d8+4,7.0,B
6824,34,14,5,4,1d8+4,1d8+4,42,18,6,3,1d10+4,1d6+4,0.0,B
6825,34,14,5,5,1d12+4,1d8+4,34,18,6,5,1d10+4,1d8+4,7.0,B
6826,35,18,6,5,1d12+4,1d8+4,50,17,5,5,1d12+4,1d6+4,7.0,B
6827,30,18,7,5,1d8+4,1d6+4,33,15,5,4,1d10+4,1d6+4,4.0,A
6828,40,17,6,3,1d10+4,1d8+4,35,16,7,5,1d10+4,1d8+4,6.0,A
6829,42,16,7,4,1d8+4,1d8+4,49,15,5,3,1d10+4,1d6+4,2.0,B
6830,36,16,5,5,1d12+4,1d6+4,44,15,6,4,1d8+4,1d8+4,10.0,A
6831,32,14,6,4,1d8+4,1d8+4,47,17,5,3,1d12+4,1d8+4,5.0,A
6832,34,17,7,5,1d8+4,1d6+4,36,14,6,4,1d10+4,1d8+4,4.0,B
6833,47,16,8,5,1d12+4,1d8+4,31,14,8,4,1d8+4,1d6+4,4.0,A
6834,34,16,8,3,1d10+4,1d6+4,50,17,5,5,1d10+4,1d8+4,10.0,B
6835,33,17,5,3,1d12+4,1d8+4,50,18,7,3,1d8+4,1d8+4,2.0,B
6836,39,16,7,3,1d8+4,1d6+4,49,18,7,4,1d8+4,1d8+4,5.0,A
6837,43,16,7,3,1d8+4,1d8+4,44,15,6,3,1d8+4,1d8+4,4.0,A
6838,38,17,7,5,1d10+4,1d6+4,47,17,8,5,1d10+4,1d6+4,1.0,B
6839,45,15,7,5,1d10+4,1d6+4,46,18,6,3,1d8+4,1d8+4,8.0,B
6840,48,16,7,4,1d12+4,1d6+4,44,16,7,5,1d12+4,1d6+4,1.0,A
6841,38,18,7,5,1d10+4,1d8+4,44,14,5,4,1d10+4,1d8+4,1.0,B
6842,50,17,6,3,1d8+4,1d6+4,41,16,8,5,1d10+4,1d6+4,6.0,B
6843,40,17,8,3,1d10+4,1d8+4,30,14,5,4,1d8+4,1d8+4,7.0,A
6844,50,17,7,3,1d12+4,1d8+4,35,18,6,5,1d12+4,1d8+4,9.0,B
6845,49,16,5,5,1d10+4,1d8+4,33,15,8,5,1d8+4,1d8+4,3.0,A
6846,48,18,6,4,1d8+4,1d6+4,43,17,7,4,1d8+4,1d8+4,9.0,B
6847,49,17,5,5,1d10+4,1d6+4,41,16,5,4,1d12+4,1d8+4,6.0,A
6848,38,15,7,5,1d10+4,1d6+4,48,17,8,3,1d8+4,1d8+4,4.0,B
6849,38,15,6,4,1d10+4,1d6+4,35,14,7,5,1d8+4,1d6+4,10.0,A
6850,35,17,8,4,1d8+4,1d6+4,32,18,6,3,1d10+4,1d8+4,8.0,A
6851,37,16,6,4,1d10+4,1d6+4,46,17,8,4,1d8+4,1d6+4,0.0,A
6852,42,16,8,4,1d10+4,1d8+4,31,15,6,3,1d8+4,1d8+4,9.0,B
6853,39,18,8,4,1d8+4,1d6+4,46,15,5,4,1d12+4,1d8+4,6.0,A
6854,41,16,8,4,1d10+4,1d8+4,34,18,7,3,1d12+4,1d8+4,0.0,B
6855,38,16,8,5,1d8+4,1d8+4,44,18,7,4,1d12+4,1d8+4,10.0,A
6856,30,18,6,4,1d12+4,1d8+4,34,18,7,5,1d8+4,1d8+4,7.0,A
6857,31,16,7,4,1d12+4,1d6+4,44,16,7,5,1d10+4,1d6+4,0.0,B
6858,43,14,5,5,1d10+4,1d6+4,45,18,8,5,1d10+4,1d6+4,4.0,B
6859,30,14,8,5,1d10+4,1d8+4,37,18,7,4,1d8+4,1d8+4,9.0,A
6860,30,17,6,3,1d12+4,1d8+4,43,18,5,3,1d12+4,1d8+4,4.0,B
6861,34,17,5,5,1d8+4,1d6+4,31,14,6,4,1d12+4,1d8+4,3.0,B
6862,49,18,7,5,1d10+4,1d8+4,46,18,7,3,1d10+4,1d6+4,2.0,A
6863,41,18,7,3,1d12+4,1d6+4,32,16,7,5,1d12+4,1d6+4,10.0,A
6864,49,15,8,4,1d12+4,1d6+4,49,16,6,3,1d10+4,1d6+4,6.0,A
6865,41,17,7,5,1d10+4,1d6+4,36,17,6,3,1d12+4,1d6+4,9.0,B
6866,35,17,6,3,1d8+4,1d8+4,47,17,8,3,1d8+4,1d8+4,3.0,B
6867,39,16,5,4,1d12+4,1d8+4,50,16,6,4,1d12+4,1d8+4,9.0,B
6868,39,16,5,5,1d10+4,1d8+4,31,14,5,5,1d12+4,1d6+4,5.0,B
6869,46,18,8,5,1d12+4,1d6+4,47,16,6,5,1d12+4,1d6+4,3.0,A
6870,46,16,5,5,1d12+4,1d6+4,40,14,7,5,1d12+4,1d6+4,5.0,B
6871,37,15,6,3,1d12+4,1d8+4,33,15,7,5,1d12+4,1d6+4,2.0,A
6872,38,17,5,5,1d12+4,1d8+4,34,17,7,4,1d8+4,1d8+4,4.0,B
6873,32,17,7,5,1d8+4,1d8+4,35,15,8,4,1d12+4,1d8+4,6.0,A
6874,48,14,5,3,1d10+4,1d6+4,30,15,5,3,1d12+4,1d8+4,9.0,A
6875,48,18,7,5,1d12+4,1d8+4,41,17,6,3,1d10+4,1d8+4,3.0,A
6876,39,15,6,3,1d8+4,1d8+4,46,14,5,3,1d8+4,1d8+4,10.0,B
6877,48,15,8,5,1d12+4,1d6+4,41,15,7,4,1d10+4,1d8+4,4.0,B
6878,48,17,6,4,1d12+4,1d6+4,32,18,8,3,1d12+4,1d8+4,9.0,A
6879,47,16,7,5,1d12+4,1d6+4,45,18,8,4,1d12+4,1d8+4,9.0,B
6880,30,16,5,4,1d8+4,1d8+4,35,17,8,4,1d8+4,1d8+4,0.0,B
6881,32,14,6,3,1d12+4,1d8+4,32,15,8,3,1d8+4,1d6+4,0.0,A
6882,35,16,5,3,1d12+4,1d8+4,32,14,5,4,1d10+4,1d6+4,8.0,A
6883,36,16,8,5,1d10+4,1d6+4,45,16,6,4,1d10+4,1d6+4,1.0,A
6884,33,18,6,5,1d8+4,1d6+4,31,17,7,5,1d8+4,1d8+4,4.0,B
6885,50,15,5,3,1d12+4,1d8+4,46,14,8,3,1d10+4,1d8+4,5.0,A
6886,44,14,5,5,1d8+4,1d8+4,36,17,8,4,1d10+4,1d8+4,1.0,B
6887,36,17,5,3,1d12+4,1d8+4,43,15,7,5,1d8+4,1d6+4,6.0,A
6888,41,16,6,4,1d8+4,1d6+4,37,18,8,3,1d8+4,1d8+4,7.0,B
6889,47,18,7,4,1d8+4,1d6+4,43,15,8,4,1d12+4,1d6+4,6.0,A
6890,47,16,8,3,1d10+4,1d6+4,36,16,6,4,1d10+4,1d6+4,2.0,B
6891,39,15,7,3,1d8+4,1d6+4,31,14,8,4,1d8+4,1d6+4,1.0,A
6892,42,18,6,5,1d12+4,1d8+4,32,18,7,5,1d8+4,1d8+4,4.0,A
6893,31,16,7,5,1d10+4,1d6+4,46,16,6,4,1d8+4,1d6+4,0.0,A
6894,35,17,8,5,1d8+4,1d8+4,41,17,6,3,1d8+4,1d8+4,4.0,B
6895,49,18,5,5,1d8+4,1d8+4,39,18,5,3,1d8+4,1d8+4,4.0,A
6896,35,15,6,3,1d12+4,1d8+4,43,14,7,3,1d8+4,1d8+4,7.0,A
6897,35,16,8,3,1d10+4,1d6+4,40,18,5,4,1d12+4,1d6+4,9.0,B
6898,48,16,8,4,1d8+4,1d6+4,48,18,8,3,1d12+4,1d6+4,8.0,B
6899,43,17,5,3,1d10+4,1d8+4,43,14,8,5,1d12+4,1d8+4,0.0,A
6900,45,16,6,3,1d12+4,1d8+4,47,14,8,3,1d10+4,1d6+4,4.0,A
6901,36,15,6,5,1d10+4,1d8+4,42,17,8,5,1d8+4,1d6+4,4.0,B
6902,39,15,6,5,1d12+4,1d8+4,47,18,5,3,1d8+4,1d8+4,6.0,B
6903,44,16,8,5,1d10+4,1d8+4,41,17,7,3,1d8+4,1d6+4,4.0,A
6904,49,14,8,4,1d12+4,1d6+4,47,17,6,5,1d12+4,1d8+4,2.0,B
6905,43,17,7,4,1d10+4,1d8+4,39,18,6,3,1d12+4,1d8+4,10.0,B
6906,39,16,8,3,1d10+4,1d8+4,40,18,8,3,1d8+4,1d8+4,0.0,B
6907,37,17,8,5,1d8+4,1d6+4,45,18,6,5,1d10+4,1d8+4,10.0,B
6908,39,16,6,5,1d10+4,1d8+4,46,18,8,3,1d8+4,1d6+4,0.0,B
6909,30,18,5,4,1d10+4,1d8+4,45,14,7,3,1d8+4,1d8+4,5.0,B
6910,39,17,8,3,1d8+4,1d8+4,47,18,5,4,1d8+4,1d6+4,8.0,A
6911,43,18,5,3,1d12+4,1d8+4,30,15,6,4,1d12+4,1d8+4,9.0,B
6912,48,14,7,3,1d10+4,1d6+4,43,15,8,4,1d8+4,1d8+4,6.0,B
6913,47,18,8,5,1d8+4,1d8+4,44,14,6,4,1d8+4,1d8+4,3.0,A
6914,39,14,6,4,1d8+4,1d6+4,33,15,5,3,1d10+4,1d8+4,4.0,B
6915,35,15,5,5,1d8+4,1d6+4,33,16,6,4,1d10+4,1d8+4,6.0,B
6916,36,17,7,3,1d10+4,1d8+4,50,18,5,4,1d8+4,1d6+4,8.0,A
6917,44,16,7,4,1d12+4,1d6+4,31,17,8,3,1d8+4,1d8+4,0.0,A
6918,36,18,6,3,1d12+4,1d8+4,41,15,7,5,1d12+4,1d8+4,7.0,A
6919,41,18,8,5,1d10+4,1d8+4,30,18,6,3,1d8+4,1d6+4,0.0,B
6920,39,18,7,5,1d12+4,1d6+4,41,14,8,5,1d8+4,1d8+4,9.0,A
6921,34,14,7,4,1d8+4,1d6+4,43,18,8,4,1d8+4,1d8+4,4.0,A
6922,32,14,8,4,1d8+4,1d8+4,32,16,7,3,1d10+4,1d8+4,6.0,B
6923,30,15,8,4,1d8+4,1d8+4,41,15,8,5,1d8+4,1d6+4,10.0,B
6924,50,16,7,4,1d12+4,1d8+4,32,18,5,3,1d10+4,1d6+4,4.0,A
6925,38,17,7,5,1d12+4,1d6+4,43,18,5,4,1d8+4,1d8+4,3.0,B
6926,41,17,7,4,1d10+4,1d6+4,33,14,8,3,1d12+4,1d8+4,10.0,A
6927,40,18,5,5,1d8+4,1d6+4,39,17,7,3,1d12+4,1d6+4,2.0,B
6928,40,14,6,4,1d12+4,1d8+4,49,16,7,3,1d12+4,1d6+4,3.0,B
6929,47,14,6,4,1d10+4,1d8+4,41,16,8,3,1d8+4,1d8+4,4.0,A
6930,50,14,7,5,1d12+4,1d8+4,39,18,8,3,1d8+4,1d8+4,9.0,A
6931,46,18,6,5,1d12+4,1d8+4,50,17,6,4,1d10+4,1d8+4,6.0,A
6932,46,16,5,3,1d10+4,1d8+4,39,15,8,4,1d10+4,1d8+4,3.0,A
6933,37,18,5,4,1d10+4,1d8+4,43,16,8,4,1d10+4,1d8+4,5.0,A
6934,46,17,8,5,1d10+4,1d8+4,43,16,5,5,1d10+4,1d6+4,2.0,A
6935,43,14,8,5,1d12+4,1d8+4,31,15,6,5,1d8+4,1d6+4,1.0,B
6936,37,14,6,4,1d10+4,1d6+4,47,18,8,3,1d12+4,1d8+4,6.0,B
6937,43,16,7,3,1d12+4,1d6+4,42,16,6,5,1d12+4,1d6+4,8.0,A
6938,43,16,6,4,1d10+4,1d8+4,49,17,8,4,1d8+4,1d8+4,0.0,A
6939,39,16,7,4,1d12+4,1d8+4,36,14,6,3,1d12+4,1d8+4,8.0,B
6940,30,14,8,3,1d8+4,1d8+4,33,17,8,5,1d10+4,1d8+4,8.0,B
6941,37,17,7,4,1d10+4,1d8+4,36,18,6,5,1d12+4,1d6+4,4.0,A
6942,34,17,8,3,1d12+4,1d8+4,48,18,7,5,1d8+4,1d6+4,0.0,A
6943,31,14,7,5,1d10+4,1d6+4,37,17,6,5,1d8+4,1d8+4,4.0,B
6944,50,14,5,4,1d8+4,1d6+4,44,16,5,3,1d8+4,1d6+4,10.0,B
6945,50,18,8,4,1d10+4,1d6+4,48,16,6,3,1d12+4,1d6+4,4.0,B
6946,48,15,6,3,1d8+4,1d8+4,39,18,5,3,1d12+4,1d6+4,9.0,B
6947,46,16,6,3,1d10+4,1d6+4,45,17,7,5,1d8+4,1d8+4,6.0,B
6948,48,16,8,3,1d10+4,1d8+4,43,14,8,4,1d12+4,1d6+4,0.0,B
6949,35,14,8,4,1d10+4,1d8+4,36,15,5,4,1d12+4,1d8+4,6.0,A
6950,49,17,5,5,1d12+4,1d8+4,46,17,7,3,1d12+4,1d8+4,10.0,B
6951,47,17,8,5,1d10+4,1d6+4,47,17,7,5,1d8+4,1d8+4,9.0,A
6952,34,14,7,3,1d8+4,1d6+4,33,15,8,3,1d8+4,1d8+4,9.0,B
6953,30,18,8,4,1d8+4,1d8+4,43,17,8,5,1d12+4,1d8+4,9.0,B
6954,41,15,5,5,1d8+4,1d8+4,45,18,5,4,1d10+4,1d6+4,6.0,A
6955,37,16,5,4,1d10+4,1d6+4,39,16,7,3,1d8+4,1d6+4,4.0,B
6956,32,17,5,4,1d10+4,1d6+4,34,15,7,5,1d10+4,1d6+4,1.0,A
6957,43,16,6,5,1d12+4,1d8+4,47,17,7,3,1d8+4,1d6+4,6.0,A
6958,48,18,6,3,1d10+4,1d8+4,31,14,6,4,1d12+4,1d6+4,8.0,A
6959,43,18,8,4,1d8+4,1d6+4,40,18,6,3,1d8+4,1d8+4,5.0,A
6960,30,18,7,4,1d12+4,1d6+4,37,16,7,5,1d12+4,1d8+4,3.0,B
6961,50,16,5,3,1d12+4,1d8+4,37,16,6,3,1d12+4,1d8+4,1.0,A
6962,49,15,5,4,1d12+4,1d8+4,47,17,7,4,1d10+4,1d6+4,6.0,B
6963,32,14,5,3,1d12+4,1d6+4,34,17,5,5,1d8+4,1d6+4,10.0,A
6964,42,15,5,3,1d12+4,1d6+4,50,17,8,3,1d8+4,1d6+4,3.0,B
6965,49,17,5,3,1d8+4,1d6+4,45,14,5,3,1d10+4,1d8+4,8.0,A
6966,32,16,7,3,1d10+4,1d8+4,38,15,7,3,1d8+4,1d8+4,4.0,A
6967,47,14,7,4,1d8+4,1d6+4,46,18,7,3,1d8+4,1d8+4,4.0,A
6968,32,17,5,3,1d10+4,1d8+4,50,16,7,3,1d10+4,1d6+4,8.0,A
6969,40,17,5,4,1d12+4,1d8+4,45,17,8,4,1d12+4,1d6+4,8.0,A
6970,41,17,5,5,1d10+4,1d6+4,49,17,8,4,1d12+4,1d8+4,8.0,B
6971,35,15,5,3,1d12+4,1d6+4,44,14,8,4,1d12+4,1d6+4,10.0,A
6972,35,16,6,5,1d8+4,1d6+4,46,17,5,3,1d10+4,1d8+4,1.0,B
6973,41,14,8,5,1d8+4,1d6+4,43,17,6,5,1d12+4,1d6+4,3.0,B
6974,40,17,7,3,1d8+4,1d6+4,41,18,6,4,1d8+4,1d8+4,7.0,B
6975,30,17,7,4,1d12+4,1d6+4,36,14,8,5,1d8+4,1d6+4,9.0,A
6976,43,15,5,5,1d8+4,1d8+4,37,16,6,4,1d8+4,1d8+4,1.0,A
6977,46,15,5,3,1d12+4,1d6+4,44,16,5,3,1d12+4,1d6+4,7.0,A
6978,31,16,5,4,1d12+4,1d6+4,38,18,8,5,1d8+4,1d6+4,9.0,B
6979,40,16,5,5,1d12+4,1d6+4,33,14,8,5,1d8+4,1d6+4,2.0,A
6980,38,16,8,5,1d12+4,1d6+4,40,14,6,5,1d10+4,1d8+4,0.0,B
6981,37,18,5,4,1d8+4,1d6+4,46,17,7,3,1d8+4,1d8+4,9.0,B
6982,49,14,6,4,1d10+4,1d8+4,45,15,5,5,1d10+4,1d6+4,4.0,A
6983,36,18,7,5,1d10+4,1d6+4,50,14,7,4,1d8+4,1d6+4,4.0,A
6984,35,15,8,4,1d10+4,1d6+4,40,16,6,3,1d8+4,1d6+4,1.0,A
6985,45,17,8,3,1d8+4,1d8+4,41,17,8,5,1d10+4,1d8+4,4.0,B
6986,37,17,8,5,1d10+4,1d6+4,33,15,7,5,1d8+4,1d6+4,8.0,B
6987,31,15,6,5,1d12+4,1d8+4,45,15,5,3,1d8+4,1d6+4,7.0,B
6988,35,15,6,4,1d10+4,1d8+4,30,18,7,3,1d8+4,1d8+4,3.0,B
6989,38,18,8,4,1d10+4,1d6+4,39,16,6,3,1d10+4,1d6+4,1.0,B
6990,49,15,6,3,1d8+4,1d6+4,49,14,8,3,1d10+4,1d6+4,9.0,A
6991,49,14,8,3,1d8+4,1d8+4,39,14,6,4,1d12+4,1d8+4,10.0,B
6992,35,17,7,3,1d12+4,1d6+4,45,16,6,3,1d10+4,1d6+4,9.0,B
6993,43,14,5,3,1d10+4,1d6+4,49,15,7,4,1d10+4,1d8+4,5.0,B
6994,40,14,5,3,1d10+4,1d6+4,48,18,7,3,1d12+4,1d8+4,1.0,B
6995,30,18,5,3,1d12+4,1d6+4,34,17,5,3,1d10+4,1d8+4,8.0,A
6996,32,14,8,3,1d10+4,1d8+4,31,15,8,4,1d8+4,1d6+4,2.0,A
6997,32,17,6,4,1d8+4,1d8+4,31,18,5,3,1d12+4,1d6+4,7.0,A
6998,30,15,8,5,1d12+4,1d6+4,33,14,8,4,1d10+4,1d6+4,9.0,A
6999,38,17,5,4,1d10+4,1d6+4,36,15,8,4,1d10+4,1d8+4,3.0,B
7000,50,16,6,5,1d8+4,1d8+4,45,16,6,5,1d8+4,1d8+4,2.0,B
7001,39,18,8,4,1d10+4,1d6+4,33,14,6,4,1d12+4,1d8+4,1.0,A
7002,45,16,6,3,1d10+4,1d6+4,40,14,6,4,1d8+4,1d6+4,8.0,A
7003,34,18,5,5,1d12+4,1d6+4,32,17,6,5,1d12+4,1d8+4,0.0,B
7004,36,17,5,3,1d10+4,1d6+4,44,16,8,5,1d8+4,1d8+4,0.0,B
7005,39,14,7,4,1d10+4,1d6+4,49,16,5,4,1d12+4,1d6+4,10.0,A
7006,49,16,7,3,1d8+4,1d8+4,35,15,8,4,1d8+4,1d6+4,9.0,B
7007,41,16,6,5,1d12+4,1d8+4,34,18,5,5,1d8+4,1d8+4,7.0,A
7008,32,18,5,4,1d8+4,1d8+4,30,14,8,5,1d8+4,1d6+4,10.0,A
7009,41,16,7,5,1d10+4,1d6+4,34,17,6,4,1d10+4,1d8+4,7.0,A
7010,37,16,8,3,1d12+4,1d6+4,30,16,5,3,1d10+4,1d8+4,6.0,A
7011,42,18,5,5,1d10+4,1d8+4,45,18,8,5,1d12+4,1d6+4,7.0,A
7012,43,18,5,4,1d10+4,1d8+4,48,17,8,5,1d8+4,1d8+4,2.0,A
7013,30,17,8,4,1d10+4,1d8+4,35,17,5,5,1d10+4,1d8+4,7.0,A
7014,43,16,6,3,1d12+4,1d6+4,36,15,7,3,1d8+4,1d6+4,3.0,A
7015,37,17,8,3,1d10+4,1d6+4,45,15,7,4,1d12+4,1d8+4,2.0,A
7016,34,15,7,3,1d10+4,1d6+4,45,17,5,5,1d8+4,1d8+4,2.0,B
7017,50,14,5,4,1d10+4,1d8+4,35,16,5,3,1d12+4,1d6+4,1.0,A
7018,36,14,6,4,1d12+4,1d6+4,37,15,5,5,1d8+4,1d6+4,1.0,A
7019,34,18,7,4,1d10+4,1d6+4,39,15,7,4,1d10+4,1d8+4,7.0,A
7020,34,17,5,4,1d12+4,1d6+4,43,18,8,3,1d10+4,1d6+4,10.0,B
7021,33,14,7,3,1d10+4,1d6+4,43,15,7,3,1d12+4,1d6+4,1.0,A
7022,41,14,8,5,1d10+4,1d8+4,43,14,6,3,1d10+4,1d6+4,8.0,B
7023,35,18,6,3,1d10+4,1d8+4,37,14,8,5,1d10+4,1d6+4,5.0,A
7024,45,14,8,3,1d8+4,1d6+4,50,18,6,3,1d10+4,1d6+4,8.0,B
7025,41,17,7,3,1d10+4,1d6+4,49,16,5,3,1d10+4,1d8+4,7.0,A
7026,37,16,6,4,1d12+4,1d6+4,38,16,6,5,1d8+4,1d6+4,2.0,A
7027,50,18,5,3,1d8+4,1d6+4,40,16,5,5,1d8+4,1d8+4,3.0,A
7028,49,16,5,3,1d8+4,1d6+4,37,17,5,5,1d8+4,1d8+4,7.0,A
7029,44,15,5,3,1d12+4,1d8+4,31,18,7,5,1d12+4,1d8+4,9.0,B
7030,32,15,8,5,1d10+4,1d6+4,50,14,8,5,1d10+4,1d6+4,7.0,B
7031,42,16,5,5,1d8+4,1d8+4,33,18,5,3,1d12+4,1d8+4,7.0,B
7032,47,15,8,3,1d8+4,1d6+4,38,16,8,3,1d8+4,1d8+4,1.0,B
7033,38,18,5,4,1d8+4,1d6+4,34,15,6,4,1d12+4,1d6+4,7.0,A
7034,47,16,5,3,1d12+4,1d6+4,44,14,7,5,1d12+4,1d8+4,9.0,A
7035,50,17,5,4,1d8+4,1d6+4,31,14,5,5,1d12+4,1d8+4,3.0,A
7036,36,17,5,3,1d10+4,1d6+4,47,15,5,5,1d12+4,1d8+4,8.0,B
7037,41,15,6,3,1d8+4,1d6+4,37,15,7,5,1d8+4,1d8+4,3.0,B
7038,33,14,8,5,1d8+4,1d6+4,32,16,7,5,1d10+4,1d6+4,8.0,A
7039,40,15,6,5,1d10+4,1d8+4,36,17,7,4,1d10+4,1d6+4,4.0,A
7040,44,14,7,5,1d10+4,1d8+4,41,14,5,3,1d10+4,1d8+4,1.0,B
7041,31,14,7,5,1d12+4,1d8+4,30,16,8,3,1d12+4,1d8+4,5.0,A
7042,41,14,5,4,1d10+4,1d8+4,44,15,6,5,1d8+4,1d6+4,0.0,B
7043,50,14,7,3,1d10+4,1d8+4,38,14,7,3,1d10+4,1d8+4,0.0,A
7044,50,16,6,5,1d10+4,1d8+4,32,16,5,3,1d12+4,1d6+4,10.0,B
7045,43,16,8,4,1d12+4,1d8+4,32,14,7,4,1d12+4,1d8+4,6.0,B
7046,49,16,7,5,1d12+4,1d8+4,31,18,6,4,1d12+4,1d6+4,7.0,A
7047,44,16,7,3,1d12+4,1d6+4,31,14,6,3,1d10+4,1d8+4,5.0,A
7048,40,16,5,4,1d8+4,1d8+4,31,16,5,3,1d12+4,1d6+4,7.0,B
7049,48,18,5,3,1d12+4,1d8+4,47,17,8,3,1d12+4,1d6+4,4.0,A
7050,43,18,7,3,1d8+4,1d8+4,31,14,7,4,1d8+4,1d8+4,3.0,A
7051,32,17,6,3,1d12+4,1d8+4,36,16,5,4,1d12+4,1d8+4,3.0,A
7052,41,15,5,3,1d10+4,1d6+4,50,16,7,4,1d10+4,1d8+4,1.0,A
7053,46,15,6,4,1d12+4,1d6+4,38,17,7,5,1d10+4,1d6+4,10.0,B
7054,45,14,6,3,1d8+4,1d8+4,47,15,7,5,1d8+4,1d6+4,4.0,A
7055,46,15,6,5,1d12+4,1d8+4,31,17,7,5,1d12+4,1d8+4,4.0,A
7056,38,14,8,5,1d12+4,1d8+4,35,15,5,4,1d10+4,1d8+4,10.0,A
7057,44,15,6,5,1d8+4,1d6+4,31,17,8,3,1d10+4,1d6+4,1.0,A
7058,30,18,5,4,1d12+4,1d6+4,40,16,8,4,1d8+4,1d8+4,1.0,B
7059,45,14,5,3,1d12+4,1d8+4,36,17,5,3,1d10+4,1d6+4,10.0,A
7060,39,16,5,5,1d8+4,1d6+4,31,17,7,3,1d12+4,1d8+4,2.0,B
7061,37,15,8,4,1d12+4,1d6+4,38,17,7,5,1d12+4,1d8+4,7.0,A
7062,35,14,5,5,1d8+4,1d6+4,47,18,5,4,1d8+4,1d8+4,7.0,B
7063,46,14,8,4,1d10+4,1d8+4,32,16,6,5,1d8+4,1d8+4,0.0,A
7064,42,17,6,3,1d12+4,1d8+4,38,15,5,5,1d10+4,1d8+4,7.0,A
7065,40,16,6,4,1d10+4,1d8+4,36,15,5,5,1d8+4,1d8+4,2.0,B
7066,47,16,8,3,1d8+4,1d8+4,47,18,7,3,1d8+4,1d6+4,10.0,B
7067,47,15,6,4,1d8+4,1d8+4,39,16,7,3,1d12+4,1d8+4,9.0,A
7068,34,16,6,5,1d10+4,1d6+4,32,14,5,5,1d10+4,1d8+4,3.0,A
7069,30,15,6,5,1d10+4,1d8+4,40,14,7,5,1d12+4,1d8+4,10.0,B
7070,38,18,6,3,1d8+4,1d8+4,49,15,8,5,1d8+4,1d8+4,9.0,A
7071,34,18,5,4,1d10+4,1d8+4,34,14,6,4,1d12+4,1d6+4,2.0,A
7072,48,14,7,3,1d8+4,1d6+4,34,16,6,5,1d8+4,1d8+4,10.0,A
7073,43,17,7,5,1d10+4,1d6+4,34,15,7,4,1d8+4,1d8+4,5.0,A
7074,35,14,8,3,1d8+4,1d6+4,46,17,5,3,1d8+4,1d6+4,0.0,B
7075,38,18,5,3,1d8+4,1d6+4,40,14,5,3,1d10+4,1d6+4,5.0,A
7076,31,15,6,3,1d10+4,1d6+4,48,16,6,4,1d12+4,1d6+4,5.0,B
7077,30,18,6,5,1d8+4,1d6+4,35,15,6,5,1d10+4,1d6+4,9.0,B
7078,50,15,7,3,1d12+4,1d6+4,50,14,8,5,1d10+4,1d8+4,10.0,B
7079,46,18,7,3,1d12+4,1d6+4,39,15,8,3,1d10+4,1d6+4,3.0,A
7080,44,16,6,4,1d8+4,1d8+4,48,15,6,5,1d8+4,1d6+4,7.0,A
7081,49,15,5,4,1d12+4,1d8+4,30,16,8,4,1d8+4,1d8+4,6.0,B
7082,49,18,5,4,1d8+4,1d8+4,43,17,5,5,1d12+4,1d6+4,2.0,B
7083,43,16,8,4,1d12+4,1d8+4,36,18,5,4,1d10+4,1d6+4,0.0,A
7084,45,17,6,5,1d12+4,1d6+4,32,17,7,4,1d10+4,1d8+4,1.0,A
7085,43,16,8,4,1d12+4,1d8+4,38,14,5,5,1d12+4,1d8+4,1.0,A
7086,45,14,6,5,1d12+4,1d8+4,45,15,6,5,1d8+4,1d6+4,8.0,A
7087,50,17,5,5,1d12+4,1d8+4,36,14,6,4,1d10+4,1d6+4,6.0,A
7088,49,15,6,4,1d8+4,1d6+4,42,15,7,5,1d12+4,1d8+4,7.0,B
7089,45,15,8,3,1d10+4,1d8+4,31,17,5,4,1d10+4,1d6+4,8.0,A
7090,43,15,8,4,1d10+4,1d6+4,38,18,7,5,1d8+4,1d6+4,9.0,A
7091,34,18,7,3,1d10+4,1d6+4,41,14,5,4,1d8+4,1d6+4,5.0,B
7092,49,14,8,4,1d8+4,1d8+4,36,14,8,4,1d12+4,1d8+4,7.0,B
7093,43,17,5,4,1d12+4,1d8+4,43,16,6,4,1d10+4,1d6+4,1.0,A
7094,30,16,6,4,1d10+4,1d6+4,46,16,8,5,1d8+4,1d6+4,2.0,B
7095,45,17,5,4,1d8+4,1d8+4,35,16,8,4,1d12+4,1d6+4,4.0,B
7096,47,17,5,3,1d10+4,1d6+4,36,18,5,4,1d8+4,1d6+4,2.0,A
7097,44,14,7,3,1d8+4,1d8+4,45,14,8,4,1d8+4,1d6+4,5.0,B
7098,48,16,5,3,1d12+4,1d8+4,45,14,6,5,1d8+4,1d8+4,10.0,A
7099,41,17,5,5,1d12+4,1d8+4,30,15,8,3,1d10+4,1d8+4,0.0,A
7100,34,18,7,5,1d10+4,1d8+4,31,16,5,4,1d8+4,1d8+4,5.0,A
7101,31,15,5,5,1d8+4,1d6+4,42,15,8,5,1d12+4,1d8+4,5.0,B
7102,48,17,5,4,1d8+4,1d6+4,41,17,7,4,1d8+4,1d6+4,9.0,B
7103,37,15,7,3,1d10+4,1d8+4,35,15,6,3,1d8+4,1d6+4,10.0,B
7104,30,14,5,3,1d10+4,1d8+4,41,18,6,3,1d8+4,1d8+4,8.0,B
7105,43,14,5,5,1d8+4,1d6+4,49,18,5,4,1d10+4,1d8+4,4.0,A
7106,38,14,6,5,1d10+4,1d8+4,34,17,6,3,1d12+4,1d8+4,9.0,B
7107,45,17,6,4,1d10+4,1d8+4,43,14,5,3,1d10+4,1d6+4,9.0,A
7108,48,14,6,4,1d10+4,1d8+4,37,15,5,5,1d8+4,1d6+4,3.0,A
7109,36,15,6,5,1d12+4,1d6+4,46,14,5,4,1d8+4,1d8+4,7.0,B
7110,35,18,5,3,1d10+4,1d6+4,35,18,6,5,1d12+4,1d8+4,10.0,B
7111,45,18,5,3,1d8+4,1d8+4,45,15,6,3,1d12+4,1d6+4,0.0,A
7112,39,15,6,5,1d10+4,1d8+4,49,16,8,4,1d12+4,1d6+4,1.0,B
7113,42,14,8,4,1d10+4,1d6+4,49,16,6,5,1d10+4,1d6+4,4.0,A
7114,37,16,7,3,1d8+4,1d6+4,44,17,8,3,1d12+4,1d8+4,9.0,B
7115,30,15,8,5,1d8+4,1d6+4,35,18,6,3,1d10+4,1d6+4,5.0,B
7116,32,14,7,4,1d10+4,1d8+4,46,18,7,5,1d8+4,1d6+4,9.0,A
7117,48,14,6,3,1d8+4,1d6+4,30,18,7,3,1d12+4,1d8+4,7.0,A
7118,45,18,5,3,1d8+4,1d6+4,50,15,7,5,1d12+4,1d8+4,7.0,B
7119,31,18,8,4,1d8+4,1d6+4,44,15,8,4,1d12+4,1d8+4,1.0,B
7120,42,17,5,4,1d8+4,1d6+4,48,17,8,3,1d10+4,1d6+4,8.0,B
7121,36,17,5,5,1d12+4,1d6+4,30,17,7,3,1d10+4,1d6+4,2.0,A
7122,40,16,7,3,1d8+4,1d8+4,40,14,6,3,1d8+4,1d6+4,6.0,A
7123,41,18,6,5,1d8+4,1d8+4,34,14,7,3,1d10+4,1d8+4,7.0,B
7124,38,15,7,4,1d12+4,1d6+4,38,17,7,5,1d8+4,1d6+4,3.0,B
7125,48,15,5,3,1d8+4,1d8+4,44,15,8,4,1d12+4,1d8+4,7.0,B
7126,41,18,7,3,1d10+4,1d8+4,39,16,7,4,1d10+4,1d6+4,0.0,A
7127,32,18,5,4,1d10+4,1d6+4,48,16,8,4,1d8+4,1d6+4,4.0,B
7128,40,18,5,3,1d10+4,1d8+4,45,16,8,5,1d12+4,1d6+4,0.0,B
7129,39,15,6,3,1d8+4,1d6+4,30,14,8,3,1d8+4,1d6+4,1.0,B
7130,33,17,7,5,1d10+4,1d6+4,45,14,5,5,1d10+4,1d6+4,3.0,A
7131,37,15,5,5,1d10+4,1d8+4,43,14,7,3,1d8+4,1d6+4,10.0,B
7132,32,18,7,5,1d12+4,1d6+4,43,18,5,4,1d8+4,1d8+4,7.0,A
7133,49,15,7,4,1d10+4,1d8+4,43,17,7,5,1d12+4,1d6+4,1.0,B
7134,44,14,8,4,1d10+4,1d6+4,37,18,7,3,1d12+4,1d6+4,1.0,B
7135,35,14,5,4,1d8+4,1d6+4,47,15,5,4,1d12+4,1d6+4,9.0,B
7136,47,17,8,4,1d8+4,1d6+4,36,15,6,4,1d12+4,1d6+4,9.0,A
7137,32,18,7,3,1d12+4,1d8+4,39,17,8,5,1d12+4,1d6+4,2.0,B
7138,41,16,6,4,1d10+4,1d6+4,39,14,8,4,1d8+4,1d8+4,4.0,A
7139,42,14,8,3,1d12+4,1d8+4,42,17,5,3,1d12+4,1d6+4,4.0,A
7140,49,15,8,4,1d10+4,1d6+4,49,16,7,5,1d10+4,1d8+4,1.0,A
7141,37,18,5,4,1d8+4,1d8+4,30,15,5,5,1d10+4,1d6+4,3.0,B
7142,37,18,8,5,1d12+4,1d8+4,35,14,5,4,1d10+4,1d8+4,4.0,A
7143,32,15,5,5,1d8+4,1d6+4,42,14,8,3,1d8+4,1d6+4,1.0,B
7144,46,17,6,3,1d12+4,1d6+4,39,17,7,4,1d12+4,1d8+4,7.0,A
7145,46,16,7,5,1d8+4,1d8+4,34,14,5,4,1d10+4,1d8+4,8.0,A
7146,34,18,6,5,1d10+4,1d6+4,36,15,6,5,1d10+4,1d6+4,10.0,B
7147,40,18,7,5,1d8+4,1d8+4,48,17,8,4,1d12+4,1d6+4,0.0,A
7148,31,14,6,5,1d12+4,1d8+4,37,15,5,5,1d12+4,1d6+4,0.0,A
7149,41,14,8,5,1d10+4,1d6+4,30,15,7,3,1d10+4,1d8+4,8.0,B
7150,48,18,7,4,1d10+4,1d6+4,43,16,8,4,1d12+4,1d6+4,9.0,B
7151,32,17,8,5,1d8+4,1d8+4,35,17,6,3,1d10+4,1d8+4,8.0,A
7152,34,15,5,5,1d10+4,1d8+4,48,16,7,5,1d12+4,1d6+4,5.0,B
7153,46,15,8,5,1d12+4,1d6+4,39,16,6,4,1d8+4,1d6+4,9.0,A
7154,50,15,8,5,1d8+4,1d8+4,44,16,6,5,1d12+4,1d8+4,10.0,A
7155,30,18,8,3,1d8+4,1d6+4,46,16,7,5,1d12+4,1d6+4,6.0,A
7156,36,14,7,4,1d12+4,1d6+4,44,18,6,4,1d8+4,1d6+4,9.0,A
7157,31,16,8,5,1d10+4,1d6+4,40,16,6,4,1d8+4,1d6+4,10.0,A
7158,38,17,7,5,1d8+4,1d8+4,31,14,7,5,1d12+4,1d6+4,9.0,A
7159,43,15,8,5,1d8+4,1d6+4,49,14,6,3,1d8+4,1d6+4,10.0,A
7160,32,18,6,3,1d10+4,1d6+4,41,15,6,4,1d10+4,1d8+4,8.0,A
7161,46,17,6,4,1d12+4,1d8+4,31,18,7,4,1d8+4,1d6+4,1.0,A
7162,35,17,6,4,1d12+4,1d6+4,42,15,5,4,1d10+4,1d8+4,3.0,A
7163,40,15,8,3,1d10+4,1d8+4,33,14,5,3,1d12+4,1d8+4,10.0,A
7164,46,16,6,5,1d12+4,1d8+4,31,14,7,4,1d12+4,1d6+4,3.0,B
7165,50,14,6,5,1d12+4,1d8+4,41,14,8,3,1d12+4,1d8+4,2.0,A
7166,46,15,7,5,1d8+4,1d8+4,45,14,5,3,1d12+4,1d8+4,8.0,A
7167,42,18,6,3,1d10+4,1d6+4,39,15,5,4,1d12+4,1d6+4,7.0,B
7168,40,17,6,5,1d8+4,1d8+4,34,14,6,4,1d8+4,1d8+4,2.0,A
7169,40,17,6,5,1d10+4,1d8+4,40,14,8,4,1d10+4,1d8+4,1.0,A
7170,32,18,5,3,1d8+4,1d6+4,42,14,6,3,1d10+4,1d6+4,0.0,B
7171,32,15,5,5,1d8+4,1d8+4,48,16,8,4,1d10+4,1d6+4,1.0,B
7172,42,17,5,3,1d8+4,1d8+4,32,16,8,4,1d10+4,1d8+4,4.0,A
7173,43,17,7,5,1d12+4,1d6+4,37,18,7,3,1d12+4,1d8+4,7.0,B
7174,45,18,6,3,1d12+4,1d6+4,32,18,7,4,1d10+4,1d8+4,7.0,A
7175,33,16,7,5,1d12+4,1d8+4,31,17,7,5,1d8+4,1d6+4,2.0,A
7176,37,16,5,3,1d10+4,1d6+4,45,17,5,5,1d10+4,1d8+4,1.0,B
7177,32,14,6,4,1d10+4,1d8+4,43,18,5,4,1d12+4,1d6+4,2.0,A
7178,37,15,5,4,1d10+4,1d6+4,41,18,6,3,1d8+4,1d8+4,4.0,A
7179,42,14,8,5,1d8+4,1d8+4,49,16,5,4,1d12+4,1d6+4,2.0,A
7180,42,15,6,5,1d8+4,1d8+4,34,16,8,3,1d10+4,1d6+4,1.0,B
7181,46,14,6,3,1d10+4,1d8+4,38,14,5,4,1d10+4,1d6+4,7.0,A
7182,36,15,7,3,1d10+4,1d6+4,35,14,6,3,1d10+4,1d6+4,9.0,A
7183,33,14,5,4,1d10+4,1d8+4,43,15,5,5,1d10+4,1d8+4,5.0,B
7184,39,17,8,5,1d12+4,1d8+4,36,16,5,5,1d12+4,1d6+4,3.0,A
7185,38,15,7,5,1d12+4,1d8+4,31,14,7,5,1d10+4,1d6+4,10.0,A
7186,42,14,8,4,1d12+4,1d6+4,49,17,8,4,1d12+4,1d6+4,3.0,B
7187,30,15,6,5,1d8+4,1d6+4,44,14,7,3,1d10+4,1d8+4,10.0,B
7188,38,14,8,4,1d8+4,1d8+4,44,18,5,3,1d10+4,1d8+4,0.0,B
7189,45,14,6,4,1d12+4,1d6+4,43,15,6,3,1d10+4,1d6+4,5.0,B
7190,31,15,7,4,1d10+4,1d8+4,40,14,7,3,1d8+4,1d6+4,8.0,B
7191,44,18,8,4,1d10+4,1d8+4,33,15,5,4,1d8+4,1d8+4,7.0,A
7192,38,15,5,5,1d10+4,1d6+4,31,16,8,3,1d10+4,1d6+4,10.0,B
7193,35,18,7,3,1d8+4,1d8+4,36,14,7,4,1d10+4,1d6+4,0.0,A
7194,30,15,6,5,1d12+4,1d6+4,50,17,7,4,1d12+4,1d8+4,3.0,B
7195,50,16,8,3,1d12+4,1d6+4,44,18,6,3,1d8+4,1d6+4,5.0,A
7196,45,14,8,5,1d8+4,1d8+4,37,17,7,5,1d10+4,1d8+4,5.0,A
7197,44,17,6,4,1d12+4,1d8+4,41,16,7,5,1d12+4,1d6+4,4.0,A
7198,45,17,8,3,1d10+4,1d6+4,40,17,7,3,1d10+4,1d6+4,6.0,A
7199,42,18,6,3,1d8+4,1d6+4,49,17,8,3,1d8+4,1d6+4,2.0,B
7200,35,15,8,3,1d12+4,1d8+4,39,18,6,3,1d10+4,1d6+4,9.0,B
7201,43,18,6,4,1d8+4,1d8+4,36,14,8,3,1d10+4,1d6+4,6.0,A
7202,38,16,8,5,1d8+4,1d6+4,48,18,7,3,1d12+4,1d8+4,8.0,B
7203,33,17,8,4,1d10+4,1d6+4,42,16,5,5,1d12+4,1d6+4,1.0,B
7204,47,16,6,4,1d10+4,1d6+4,48,14,8,4,1d12+4,1d6+4,9.0,A
7205,45,15,5,4,1d8+4,1d8+4,44,16,6,4,1d12+4,1d6+4,7.0,B
7206,41,15,6,3,1d12+4,1d6+4,32,17,6,3,1d12+4,1d6+4,9.0,B
7207,36,15,7,5,1d10+4,1d6+4,43,15,5,4,1d12+4,1d8+4,8.0,B
7208,39,15,6,4,1d12+4,1d6+4,43,14,7,5,1d8+4,1d8+4,0.0,B
7209,42,14,5,3,1d12+4,1d6+4,35,17,5,5,1d12+4,1d8+4,4.0,B
7210,50,16,5,5,1d12+4,1d8+4,38,17,8,3,1d8+4,1d6+4,3.0,A
7211,36,17,6,4,1d8+4,1d6+4,50,18,5,4,1d8+4,1d8+4,3.0,B
7212,37,14,5,3,1d8+4,1d8+4,31,16,6,3,1d10+4,1d6+4,3.0,A
7213,40,18,5,5,1d10+4,1d6+4,37,18,5,5,1d12+4,1d6+4,7.0,B
7214,45,18,5,5,1d8+4,1d6+4,33,14,8,5,1d10+4,1d8+4,8.0,B
7215,48,17,7,4,1d10+4,1d8+4,31,14,8,3,1d8+4,1d8+4,10.0,A
7216,43,14,8,4,1d8+4,1d6+4,48,15,8,4,1d10+4,1d8+4,7.0,A
7217,49,16,5,4,1d12+4,1d8+4,30,15,5,5,1d10+4,1d8+4,6.0,A
7218,37,15,8,5,1d12+4,1d8+4,39,14,5,3,1d8+4,1d6+4,10.0,B
7219,39,17,6,4,1d10+4,1d6+4,33,15,7,4,1d8+4,1d6+4,6.0,B
7220,41,14,6,3,1d12+4,1d8+4,44,17,8,5,1d12+4,1d8+4,4.0,B
7221,46,16,6,5,1d10+4,1d8+4,50,15,7,4,1d12+4,1d6+4,0.0,A
7222,34,16,5,5,1d10+4,1d8+4,46,14,6,4,1d12+4,1d8+4,2.0,A
7223,45,18,7,4,1d8+4,1d6+4,47,18,5,5,1d8+4,1d8+4,5.0,A
7224,41,14,6,5,1d12+4,1d6+4,36,16,8,3,1d12+4,1d8+4,7.0,A
7225,30,15,5,4,1d12+4,1d8+4,40,14,7,3,1d10+4,1d6+4,3.0,A
7226,34,16,5,4,1d10+4,1d8+4,45,15,5,3,1d12+4,1d8+4,0.0,A
7227,45,18,7,3,1d12+4,1d8+4,40,18,5,4,1d12+4,1d6+4,10.0,A
7228,38,16,8,5,1d8+4,1d6+4,44,16,8,5,1d12+4,1d8+4,10.0,B
7229,39,17,5,3,1d12+4,1d6+4,48,14,7,3,1d12+4,1d8+4,5.0,A
7230,44,18,7,4,1d10+4,1d6+4,45,16,8,3,1d10+4,1d6+4,3.0,A
7231,48,16,7,4,1d10+4,1d8+4,44,14,7,3,1d10+4,1d8+4,4.0,A
7232,40,15,5,3,1d10+4,1d6+4,32,15,7,4,1d8+4,1d6+4,3.0,B
7233,32,18,5,5,1d12+4,1d6+4,42,18,6,4,1d10+4,1d6+4,10.0,A
7234,32,14,7,4,1d12+4,1d6+4,33,15,5,3,1d12+4,1d8+4,0.0,B
7235,39,18,5,5,1d12+4,1d8+4,49,16,7,4,1d12+4,1d6+4,9.0,A
7236,37,18,7,5,1d10+4,1d8+4,32,14,8,5,1d12+4,1d8+4,0.0,A
7237,45,18,5,3,1d12+4,1d8+4,45,14,7,5,1d10+4,1d6+4,4.0,A
7238,43,17,8,3,1d8+4,1d6+4,41,14,8,3,1d10+4,1d8+4,3.0,B
7239,39,18,5,4,1d12+4,1d6+4,50,17,5,4,1d8+4,1d6+4,2.0,A
7240,44,18,8,4,1d10+4,1d6+4,41,14,7,3,1d10+4,1d8+4,4.0,A
7241,44,16,7,5,1d12+4,1d8+4,33,16,8,3,1d8+4,1d8+4,1.0,A
7242,44,15,7,5,1d12+4,1d8+4,32,15,6,3,1d10+4,1d8+4,7.0,A
7243,48,15,5,5,1d10+4,1d6+4,37,14,8,5,1d12+4,1d6+4,10.0,A
7244,49,16,5,4,1d10+4,1d6+4,39,18,8,4,1d10+4,1d6+4,9.0,A
7245,33,18,8,5,1d12+4,1d6+4,48,15,5,3,1d10+4,1d8+4,1.0,A
7246,41,16,6,4,1d8+4,1d6+4,33,17,8,3,1d10+4,1d6+4,8.0,B
7247,39,14,6,4,1d12+4,1d8+4,36,16,8,3,1d10+4,1d8+4,1.0,A
7248,46,15,8,4,1d8+4,1d6+4,49,14,6,4,1d8+4,1d6+4,10.0,A
7249,50,14,6,3,1d12+4,1d8+4,33,17,6,5,1d12+4,1d6+4,9.0,B
7250,40,15,8,4,1d12+4,1d8+4,35,14,5,3,1d10+4,1d8+4,1.0,A
7251,36,15,8,4,1d8+4,1d6+4,46,15,7,4,1d12+4,1d8+4,0.0,B
7252,37,14,7,5,1d12+4,1d6+4,47,16,5,4,1d12+4,1d8+4,5.0,B
7253,46,18,5,3,1d8+4,1d8+4,41,16,5,3,1d8+4,1d6+4,0.0,A
7254,49,14,5,5,1d10+4,1d8+4,37,15,7,3,1d8+4,1d8+4,4.0,A
7255,33,17,5,5,1d10+4,1d6+4,42,15,7,4,1d12+4,1d8+4,6.0,B
7256,49,18,5,4,1d12+4,1d8+4,34,18,5,3,1d10+4,1d6+4,10.0,A
7257,34,14,8,3,1d8+4,1d8+4,36,18,6,4,1d12+4,1d6+4,7.0,B
7258,33,16,7,5,1d12+4,1d8+4,43,15,8,3,1d12+4,1d6+4,7.0,B
7259,50,18,5,5,1d10+4,1d8+4,49,18,5,5,1d12+4,1d8+4,7.0,A
7260,48,18,8,4,1d8+4,1d8+4,31,15,7,5,1d12+4,1d6+4,9.0,A
7261,48,14,5,5,1d12+4,1d6+4,43,17,5,4,1d10+4,1d6+4,3.0,B
7262,47,18,7,3,1d10+4,1d6+4,40,14,7,5,1d8+4,1d6+4,7.0,A
7263,44,15,5,3,1d8+4,1d6+4,44,17,7,3,1d8+4,1d8+4,8.0,B
7264,33,17,8,4,1d12+4,1d6+4,35,14,6,5,1d8+4,1d6+4,1.0,B
7265,30,16,5,3,1d8+4,1d6+4,45,17,8,4,1d10+4,1d6+4,3.0,A
7266,50,17,7,4,1d8+4,1d8+4,45,14,5,4,1d10+4,1d6+4,9.0,A
7267,33,15,7,4,1d10+4,1d6+4,30,15,5,5,1d12+4,1d6+4,10.0,B
7268,34,15,5,3,1d10+4,1d6+4,36,16,5,4,1d12+4,1d8+4,10.0,A
7269,49,18,5,3,1d10+4,1d6+4,41,17,8,3,1d12+4,1d6+4,0.0,B
7270,49,14,8,3,1d8+4,1d8+4,43,15,7,5,1d8+4,1d8+4,1.0,B
7271,37,15,5,3,1d8+4,1d8+4,34,15,8,5,1d12+4,1d8+4,10.0,B
7272,43,16,5,4,1d10+4,1d6+4,35,17,5,3,1d8+4,1d8+4,7.0,A
7273,35,14,6,3,1d12+4,1d8+4,49,18,6,4,1d8+4,1d8+4,1.0,A
7274,41,15,7,5,1d12+4,1d8+4,31,17,6,3,1d8+4,1d8+4,0.0,A
7275,36,16,6,3,1d12+4,1d6+4,41,17,6,3,1d12+4,1d8+4,3.0,A
7276,47,15,6,4,1d12+4,1d6+4,39,16,8,3,1d12+4,1d8+4,6.0,B
7277,31,18,6,5,1d12+4,1d8+4,33,14,8,4,1d10+4,1d6+4,6.0,B
7278,41,18,5,5,1d10+4,1d8+4,43,17,5,3,1d8+4,1d8+4,2.0,B
7279,44,16,6,3,1d12+4,1d8+4,46,18,5,4,1d12+4,1d8+4,4.0,A
7280,50,17,6,4,1d8+4,1d6+4,44,16,5,3,1d8+4,1d6+4,1.0,A
7281,41,14,8,3,1d12+4,1d8+4,31,18,5,5,1d10+4,1d6+4,4.0,A
7282,40,16,7,4,1d10+4,1d6+4,45,15,5,4,1d10+4,1d6+4,1.0,A
7283,50,15,5,5,1d10+4,1d6+4,47,18,5,3,1d12+4,1d8+4,0.0,B
7284,44,14,8,3,1d12+4,1d8+4,41,15,6,5,1d8+4,1d6+4,7.0,A
7285,44,15,8,4,1d8+4,1d8+4,42,14,8,5,1d10+4,1d6+4,5.0,B
7286,39,16,5,5,1d10+4,1d8+4,43,14,5,5,1d10+4,1d6+4,9.0,A
7287,44,14,7,5,1d12+4,1d8+4,30,15,7,3,1d10+4,1d6+4,2.0,A
7288,31,18,8,4,1d10+4,1d8+4,37,17,7,5,1d8+4,1d6+4,8.0,B
7289,46,15,6,5,1d8+4,1d6+4,35,17,6,3,1d10+4,1d8+4,8.0,B
7290,47,16,5,3,1d10+4,1d8+4,32,17,8,3,1d10+4,1d6+4,0.0,B
7291,47,18,6,4,1d10+4,1d6+4,35,16,6,5,1d10+4,1d6+4,4.0,A
7292,38,17,7,5,1d8+4,1d8+4,34,15,8,5,1d10+4,1d8+4,8.0,B
7293,36,17,8,4,1d12+4,1d8+4,43,15,6,5,1d8+4,1d8+4,5.0,A
7294,47,17,6,3,1d12+4,1d8+4,38,15,6,4,1d12+4,1d6+4,0.0,A
7295,36,18,8,3,1d10+4,1d8+4,40,14,8,4,1d8+4,1d8+4,10.0,A
7296,31,16,6,3,1d10+4,1d6+4,32,14,6,3,1d10+4,1d6+4,7.0,B
7297,43,16,7,3,1d8+4,1d8+4,48,14,5,4,1d8+4,1d8+4,0.0,A
7298,47,18,7,3,1d10+4,1d6+4,40,16,5,5,1d12+4,1d6+4,6.0,A
7299,42,14,5,4,1d8+4,1d8+4,36,17,5,3,1d12+4,1d8+4,10.0,B
7300,50,16,5,4,1d8+4,1d8+4,50,14,6,5,1d8+4,1d6+4,7.0,A
7301,30,18,5,4,1d10+4,1d6+4,50,16,7,4,1d8+4,1d6+4,1.0,B
7302,50,17,8,5,1d10+4,1d8+4,30,14,5,4,1d12+4,1d6+4,0.0,A
7303,41,17,6,5,1d12+4,1d6+4,31,17,6,4,1d10+4,1d6+4,1.0,B
7304,42,17,6,3,1d12+4,1d6+4,43,15,6,5,1d12+4,1d8+4,3.0,A
7305,48,15,7,3,1d12+4,1d6+4,33,18,6,3,1d12+4,1d8+4,10.0,B
7306,40,17,8,5,1d8+4,1d6+4,30,18,5,4,1d12+4,1d6+4,9.0,A
7307,46,18,5,4,1d12+4,1d6+4,36,15,6,5,1d10+4,1d8+4,0.0,A
7308,35,15,6,3,1d8+4,1d6+4,46,16,5,4,1d8+4,1d8+4,3.0,A
7309,34,15,5,4,1d12+4,1d8+4,32,17,7,5,1d12+4,1d8+4,4.0,A
7310,34,18,6,3,1d8+4,1d8+4,41,17,7,5,1d10+4,1d6+4,9.0,A
7311,46,14,7,5,1d12+4,1d8+4,30,17,5,4,1d12+4,1d6+4,0.0,A
7312,31,14,6,3,1d8+4,1d6+4,46,16,6,3,1d10+4,1d8+4,1.0,B
7313,36,14,8,3,1d8+4,1d6+4,46,18,5,5,1d10+4,1d8+4,1.0,A
7314,48,16,6,4,1d12+4,1d8+4,49,17,8,4,1d12+4,1d6+4,0.0,B
7315,35,18,6,4,1d8+4,1d8+4,45,18,7,3,1d12+4,1d8+4,1.0,B
7316,33,16,5,5,1d10+4,1d8+4,30,15,5,5,1d12+4,1d8+4,6.0,B
7317,47,15,8,5,1d10+4,1d8+4,34,18,5,3,1d12+4,1d8+4,8.0,A
7318,44,18,8,5,1d8+4,1d6+4,45,14,5,3,1d12+4,1d6+4,1.0,A
7319,41,16,8,3,1d10+4,1d6+4,49,17,6,4,1d8+4,1d8+4,6.0,A
7320,37,18,8,5,1d10+4,1d6+4,43,17,5,4,1d10+4,1d8+4,7.0,B
7321,35,18,8,5,1d10+4,1d8+4,33,18,5,4,1d12+4,1d8+4,3.0,B
7322,41,16,8,3,1d10+4,1d6+4,42,14,8,4,1d12+4,1d6+4,6.0,B
7323,44,14,8,4,1d10+4,1d6+4,36,18,5,3,1d10+4,1d8+4,1.0,A
7324,44,16,7,4,1d8+4,1d6+4,50,15,6,4,1d8+4,1d6+4,8.0,B
7325,30,18,5,5,1d10+4,1d8+4,31,14,5,5,1d8+4,1d8+4,8.0,B
7326,40,14,7,4,1d12+4,1d8+4,32,14,7,5,1d12+4,1d8+4,1.0,A
7327,45,18,5,3,1d12+4,1d6+4,34,16,7,3,1d10+4,1d8+4,4.0,A
7328,35,15,6,5,1d8+4,1d6+4,48,15,8,4,1d12+4,1d8+4,1.0,B
7329,30,16,8,3,1d8+4,1d6+4,47,18,7,4,1d10+4,1d8+4,3.0,B
7330,37,17,8,3,1d12+4,1d8+4,45,15,6,5,1d12+4,1d8+4,8.0,B
7331,32,15,5,4,1d12+4,1d8+4,41,18,5,4,1d8+4,1d6+4,4.0,B
7332,31,17,8,3,1d8+4,1d6+4,45,18,6,4,1d12+4,1d6+4,1.0,B
7333,32,16,5,4,1d10+4,1d6+4,45,17,5,4,1d8+4,1d8+4,2.0,B
7334,47,18,5,4,1d10+4,1d6+4,44,15,8,3,1d12+4,1d6+4,10.0,B
7335,48,15,7,5,1d10+4,1d8+4,50,18,8,4,1d8+4,1d8+4,3.0,A
7336,44,16,6,3,1d10+4,1d8+4,48,14,6,5,1d10+4,1d6+4,7.0,A
7337,42,15,5,3,1d12+4,1d8+4,37,16,7,3,1d10+4,1d8+4,6.0,A
7338,33,14,8,4,1d12+4,1d6+4,49,17,8,5,1d8+4,1d6+4,1.0,B
7339,39,14,7,4,1d10+4,1d8+4,38,18,8,3,1d8+4,1d6+4,1.0,B
7340,32,15,5,4,1d8+4,1d8+4,37,18,5,5,1d8+4,1d6+4,7.0,A
7341,31,18,7,5,1d12+4,1d8+4,38,17,8,4,1d12+4,1d6+4,9.0,B
7342,44,17,5,5,1d12+4,1d8+4,50,14,5,3,1d12+4,1d8+4,4.0,A
7343,40,16,8,4,1d10+4,1d6+4,36,18,8,4,1d8+4,1d8+4,7.0,A
7344,48,16,8,3,1d10+4,1d8+4,41,15,7,4,1d12+4,1d8+4,2.0,A
7345,50,14,8,4,1d8+4,1d6+4,42,18,8,5,1d8+4,1d6+4,8.0,A
7346,50,15,5,3,1d10+4,1d8+4,36,17,6,5,1d10+4,1d8+4,0.0,A
7347,34,17,8,5,1d8+4,1d6+4,41,15,5,4,1d8+4,1d8+4,1.0,B
7348,46,16,8,4,1d10+4,1d8+4,36,18,7,5,1d12+4,1d6+4,4.0,B
7349,50,15,5,5,1d8+4,1d6+4,32,17,8,4,1d12+4,1d6+4,8.0,B
7350,33,18,5,4,1d12+4,1d6+4,33,18,5,5,1d10+4,1d6+4,8.0,B
7351,32,15,7,3,1d10+4,1d6+4,45,18,8,4,1d10+4,1d6+4,3.0,B
7352,48,17,8,3,1d12+4,1d6+4,31,18,7,5,1d8+4,1d8+4,1.0,A
7353,44,18,6,3,1d12+4,1d8+4,40,14,8,4,1d10+4,1d6+4,8.0,A
7354,35,17,5,4,1d12+4,1d8+4,35,15,5,4,1d12+4,1d8+4,9.0,A
7355,49,14,7,5,1d10+4,1d8+4,37,16,7,4,1d8+4,1d8+4,2.0,A
7356,49,15,7,4,1d8+4,1d8+4,32,16,6,3,1d12+4,1d8+4,7.0,A
7357,48,16,5,5,1d8+4,1d6+4,34,17,8,3,1d12+4,1d8+4,2.0,B
7358,47,18,5,3,1d12+4,1d6+4,48,16,6,4,1d12+4,1d8+4,5.0,B
7359,43,16,8,5,1d12+4,1d8+4,37,18,7,4,1d10+4,1d6+4,5.0,A
7360,36,17,5,5,1d8+4,1d8+4,50,18,7,3,1d10+4,1d8+4,1.0,A
7361,37,18,7,4,1d10+4,1d6+4,45,15,6,5,1d10+4,1d6+4,10.0,A
7362,46,17,6,4,1d10+4,1d6+4,46,14,7,3,1d12+4,1d8+4,9.0,A
7363,31,15,5,3,1d8+4,1d6+4,31,18,6,4,1d8+4,1d6+4,4.0,A
7364,48,18,6,4,1d12+4,1d8+4,42,16,5,4,1d12+4,1d6+4,4.0,A
7365,38,14,7,5,1d8+4,1d8+4,33,14,8,5,1d12+4,1d8+4,4.0,A
7366,44,17,6,5,1d12+4,1d6+4,44,17,7,3,1d10+4,1d6+4,5.0,B
7367,50,16,5,4,1d10+4,1d8+4,30,18,7,3,1d12+4,1d8+4,4.0,A
7368,37,16,8,4,1d12+4,1d8+4,35,16,6,3,1d8+4,1d6+4,8.0,A
7369,42,16,6,3,1d10+4,1d6+4,32,15,7,4,1d10+4,1d6+4,10.0,A
7370,34,17,8,4,1d12+4,1d6+4,48,17,8,4,1d10+4,1d6+4,4.0,B
7371,36,17,7,4,1d8+4,1d8+4,30,14,5,5,1d10+4,1d6+4,7.0,B
7372,30,17,6,3,1d10+4,1d6+4,32,15,6,5,1d8+4,1d6+4,9.0,A
7373,36,15,5,5,1d12+4,1d6+4,36,16,7,4,1d12+4,1d6+4,6.0,A
7374,45,14,7,4,1d10+4,1d6+4,38,18,7,3,1d8+4,1d6+4,6.0,B
7375,38,16,7,4,1d8+4,1d6+4,41,17,6,3,1d8+4,1d8+4,3.0,B
7376,41,16,8,3,1d10+4,1d6+4,38,14,8,4,1d8+4,1d8+4,2.0,B
7377,44,16,5,4,1d8+4,1d8+4,40,17,8,4,1d10+4,1d8+4,2.0,A
7378,45,16,5,4,1d8+4,1d6+4,34,17,5,5,1d8+4,1d8+4,2.0,A
7379,40,17,7,5,1d12+4,1d8+4,31,17,8,4,1d12+4,1d6+4,1.0,A
7380,41,15,6,3,1d10+4,1d6+4,48,17,7,5,1d8+4,1d6+4,2.0,B
7381,40,18,6,4,1d8+4,1d8+4,33,15,7,4,1d12+4,1d6+4,2.0,A
7382,37,15,6,3,1d10+4,1d8+4,32,18,5,5,1d10+4,1d6+4,8.0,A
7383,41,18,5,4,1d12+4,1d8+4,45,17,7,4,1d8+4,1d6+4,1.0,A
7384,41,15,5,4,1d12+4,1d8+4,31,18,6,5,1d12+4,1d8+4,10.0,B
7385,43,17,7,3,1d8+4,1d8+4,39,15,8,5,1d8+4,1d8+4,4.0,A
7386,41,18,6,3,1d8+4,1d6+4,50,16,6,3,1d10+4,1d6+4,8.0,B
7387,47,17,6,4,1d12+4,1d8+4,31,14,5,4,1d12+4,1d8+4,5.0,A
7388,47,14,6,5,1d12+4,1d6+4,38,16,6,4,1d8+4,1d6+4,8.0,A
7389,40,15,7,3,1d8+4,1d8+4,39,15,8,3,1d12+4,1d8+4,7.0,B
7390,36,16,8,5,1d12+4,1d8+4,37,15,8,3,1d10+4,1d6+4,2.0,B
7391,35,14,5,3,1d12+4,1d8+4,45,17,7,5,1d12+4,1d6+4,1.0,B
7392,37,14,6,3,1d8+4,1d6+4,44,18,7,4,1d8+4,1d8+4,0.0,B
7393,32,18,5,3,1d10+4,1d6+4,44,18,7,3,1d10+4,1d8+4,5.0,B
7394,32,16,5,4,1d8+4,1d8+4,36,17,5,4,1d10+4,1d8+4,2.0,B
7395,41,16,8,5,1d10+4,1d6+4,31,18,6,4,1d8+4,1d8+4,5.0,B
7396,44,14,6,4,1d12+4,1d8+4,34,16,6,4,1d10+4,1d8+4,9.0,A
7397,36,16,5,4,1d8+4,1d6+4,34,18,7,4,1d10+4,1d6+4,2.0,A
7398,35,14,7,4,1d8+4,1d6+4,36,14,8,3,1d10+4,1d6+4,8.0,A
7399,31,17,7,5,1d10+4,1d6+4,31,17,8,4,1d10+4,1d8+4,8.0,A
7400,46,14,7,5,1d12+4,1d8+4,31,17,6,5,1d10+4,1d6+4,8.0,A
7401,34,16,7,3,1d12+4,1d8+4,33,18,8,4,1d8+4,1d8+4,9.0,B
7402,43,14,5,3,1d8+4,1d6+4,31,14,5,3,1d10+4,1d8+4,7.0,A
7403,36,14,7,4,1d8+4,1d6+4,42,15,6,4,1d10+4,1d6+4,10.0,A
7404,32,16,7,3,1d10+4,1d6+4,47,17,6,4,1d10+4,1d6+4,7.0,A
7405,42,17,6,4,1d8+4,1d8+4,48,16,8,3,1d12+4,1d8+4,3.0,A
7406,35,15,7,3,1d12+4,1d8+4,31,15,7,4,1d8+4,1d6+4,6.0,A
7407,35,15,8,5,1d10+4,1d8+4,34,14,6,3,1d12+4,1d6+4,3.0,B
7408,34,17,5,5,1d8+4,1d8+4,39,18,7,5,1d10+4,1d6+4,6.0,B
7409,32,15,6,5,1d10+4,1d8+4,35,15,5,4,1d10+4,1d8+4,2.0,A
7410,46,18,5,5,1d10+4,1d8+4,35,16,7,5,1d12+4,1d6+4,0.0,A
7411,36,17,5,5,1d10+4,1d8+4,49,14,6,3,1d8+4,1d6+4,3.0,B
7412,35,15,5,3,1d12+4,1d6+4,46,14,8,5,1d8+4,1d6+4,4.0,A
7413,44,14,5,3,1d8+4,1d8+4,46,17,6,3,1d12+4,1d8+4,4.0,B
7414,41,15,6,5,1d8+4,1d8+4,43,15,5,3,1d12+4,1d8+4,6.0,A
7415,42,14,7,5,1d8+4,1d6+4,34,17,7,3,1d8+4,1d6+4,8.0,A
7416,38,17,5,3,1d8+4,1d6+4,49,15,5,5,1d12+4,1d6+4,3.0,A
7417,32,18,7,4,1d12+4,1d8+4,40,14,5,5,1d8+4,1d6+4,8.0,B
7418,36,14,6,3,1d10+4,1d8+4,50,17,7,3,1d8+4,1d6+4,2.0,A
7419,33,14,6,4,1d12+4,1d6+4,41,16,7,4,1d8+4,1d8+4,1.0,A
7420,32,15,6,4,1d12+4,1d6+4,43,18,7,4,1d10+4,1d6+4,7.0,B
7421,49,15,5,5,1d10+4,1d6+4,47,14,8,4,1d12+4,1d6+4,4.0,A
7422,38,16,5,4,1d10+4,1d6+4,40,14,8,4,1d10+4,1d6+4,7.0,B
7423,30,15,7,4,1d12+4,1d8+4,49,18,8,5,1d10+4,1d6+4,2.0,A
7424,41,17,5,3,1d10+4,1d6+4,49,17,6,5,1d12+4,1d6+4,9.0,B
7425,33,17,6,5,1d12+4,1d6+4,49,16,6,4,1d8+4,1d6+4,5.0,A
7426,45,16,7,5,1d8+4,1d8+4,35,18,7,5,1d10+4,1d8+4,1.0,B
7427,44,14,6,4,1d8+4,1d8+4,31,14,7,4,1d12+4,1d6+4,2.0,B
7428,35,16,8,4,1d8+4,1d6+4,44,17,5,3,1d10+4,1d8+4,10.0,A
7429,47,17,8,5,1d10+4,1d8+4,48,14,8,3,1d10+4,1d8+4,7.0,B
7430,39,17,6,5,1d10+4,1d8+4,38,16,7,5,1d8+4,1d6+4,8.0,A
7431,45,15,5,3,1d10+4,1d8+4,33,16,5,3,1d12+4,1d6+4,5.0,A
7432,46,14,7,5,1d12+4,1d6+4,49,17,8,5,1d10+4,1d6+4,0.0,B
7433,44,15,6,5,1d10+4,1d8+4,30,18,7,5,1d12+4,1d8+4,3.0,B
7434,38,15,7,3,1d12+4,1d8+4,42,17,8,4,1d12+4,1d6+4,9.0,B
7435,50,15,6,4,1d12+4,1d8+4,45,16,6,5,1d10+4,1d8+4,8.0,A
7436,41,18,6,5,1d8+4,1d8+4,49,16,6,4,1d8+4,1d6+4,8.0,B
7437,43,16,7,5,1d8+4,1d6+4,44,14,6,4,1d12+4,1d6+4,2.0,B
7438,41,16,5,5,1d10+4,1d6+4,50,17,7,5,1d8+4,1d6+4,2.0,B
7439,30,14,8,5,1d8+4,1d6+4,46,17,7,5,1d8+4,1d6+4,4.0,B
7440,50,15,7,5,1d8+4,1d6+4,50,15,7,5,1d12+4,1d6+4,6.0,B
7441,31,16,6,4,1d8+4,1d8+4,46,18,6,5,1d10+4,1d8+4,2.0,B
7442,49,15,5,4,1d8+4,1d8+4,43,17,5,3,1d8+4,1d6+4,6.0,A
7443,37,17,6,4,1d12+4,1d6+4,47,16,7,3,1d12+4,1d8+4,6.0,B
7444,38,18,5,3,1d12+4,1d6+4,48,17,5,5,1d10+4,1d8+4,4.0,A
7445,34,14,5,4,1d8+4,1d6+4,33,14,6,5,1d12+4,1d6+4,6.0,B
7446,35,18,6,4,1d10+4,1d6+4,34,15,7,5,1d8+4,1d8+4,2.0,B
7447,32,16,8,3,1d12+4,1d8+4,30,14,7,4,1d12+4,1d6+4,0.0,A
7448,44,15,7,4,1d10+4,1d6+4,50,14,8,3,1d10+4,1d8+4,10.0,B
7449,40,15,5,4,1d12+4,1d8+4,39,15,7,5,1d8+4,1d8+4,7.0,A
7450,49,14,6,5,1d8+4,1d8+4,37,18,6,3,1d12+4,1d6+4,7.0,B
7451,48,16,5,5,1d8+4,1d6+4,50,15,8,5,1d12+4,1d6+4,9.0,B
7452,36,15,7,4,1d12+4,1d6+4,37,16,8,3,1d8+4,1d6+4,8.0,B
7453,43,14,5,3,1d12+4,1d6+4,39,15,6,4,1d12+4,1d8+4,0.0,A
7454,39,15,7,5,1d12+4,1d8+4,34,16,8,4,1d12+4,1d8+4,4.0,A
7455,37,16,8,3,1d10+4,1d8+4,50,15,8,3,1d8+4,1d6+4,6.0,A
7456,42,18,8,3,1d10+4,1d8+4,50,15,8,5,1d10+4,1d8+4,10.0,A
7457,40,16,7,4,1d12+4,1d8+4,45,16,7,4,1d8+4,1d6+4,10.0,B
7458,33,15,6,4,1d10+4,1d8+4,44,17,5,5,1d12+4,1d8+4,8.0,A
7459,47,15,8,4,1d10+4,1d8+4,32,16,5,5,1d12+4,1d6+4,5.0,A
7460,36,16,7,4,1d10+4,1d8+4,48,17,6,4,1d8+4,1d8+4,0.0,A
7461,31,18,7,4,1d10+4,1d8+4,33,18,8,4,1d12+4,1d8+4,8.0,B
7462,50,16,8,3,1d12+4,1d6+4,49,16,8,5,1d10+4,1d6+4,7.0,A
7463,49,17,7,4,1d10+4,1d6+4,33,17,6,5,1d8+4,1d6+4,8.0,A
7464,43,18,5,4,1d8+4,1d6+4,39,16,7,4,1d8+4,1d6+4,9.0,B
7465,46,18,7,3,1d10+4,1d8+4,34,17,5,5,1d12+4,1d6+4,10.0,A
7466,49,16,7,3,1d12+4,1d8+4,35,18,7,3,1d10+4,1d6+4,5.0,B
7467,41,18,8,3,1d12+4,1d8+4,37,16,6,3,1d10+4,1d6+4,9.0,A
7468,37,17,6,4,1d8+4,1d6+4,44,17,5,4,1d12+4,1d6+4,3.0,A
7469,35,17,6,5,1d10+4,1d6+4,30,17,7,5,1d8+4,1d8+4,5.0,B
7470,39,15,5,4,1d8+4,1d6+4,45,18,5,5,1d12+4,1d6+4,9.0,B
7471,48,18,8,3,1d10+4,1d6+4,50,14,5,4,1d10+4,1d6+4,2.0,A
7472,38,15,6,3,1d8+4,1d6+4,34,18,8,5,1d8+4,1d8+4,1.0,B
7473,37,16,8,5,1d8+4,1d6+4,40,18,8,3,1d8+4,1d6+4,9.0,B
7474,43,16,8,5,1d8+4,1d6+4,39,15,8,3,1d8+4,1d8+4,10.0,A
7475,37,17,5,3,1d12+4,1d6+4,33,18,5,4,1d12+4,1d6+4,0.0,B
7476,42,14,8,5,1d10+4,1d8+4,50,15,5,3,1d12+4,1d6+4,7.0,B
7477,34,16,7,3,1d12+4,1d8+4,30,18,8,5,1d10+4,1d6+4,9.0,A
7478,37,18,7,4,1d10+4,1d8+4,31,18,6,5,1d8+4,1d6+4,8.0,B
7479,35,15,6,3,1d12+4,1d6+4,39,14,8,5,1d12+4,1d8+4,4.0,B
7480,36,17,8,3,1d10+4,1d8+4,40,14,8,5,1d8+4,1d6+4,8.0,A
7481,49,16,7,4,1d8+4,1d8+4,46,14,8,3,1d12+4,1d8+4,2.0,B
7482,34,16,8,4,1d12+4,1d8+4,50,14,6,4,1d12+4,1d8+4,10.0,B
7483,42,15,5,3,1d10+4,1d6+4,31,16,7,5,1d12+4,1d6+4,4.0,B
7484,46,15,6,5,1d10+4,1d8+4,39,17,5,3,1d8+4,1d8+4,6.0,A
7485,31,18,6,5,1d12+4,1d8+4,32,17,5,3,1d8+4,1d8+4,4.0,B
7486,37,14,8,3,1d10+4,1d6+4,38,15,7,5,1d12+4,1d6+4,4.0,A
7487,36,16,8,4,1d10+4,1d6+4,36,15,5,4,1d10+4,1d6+4,3.0,B
7488,45,18,6,4,1d10+4,1d8+4,45,18,8,3,1d8+4,1d8+4,7.0,B
7489,36,16,6,5,1d8+4,1d8+4,49,14,6,5,1d12+4,1d6+4,8.0,B
7490,38,18,8,4,1d8+4,1d6+4,33,16,5,4,1d8+4,1d8+4,6.0,A
7491,32,14,7,5,1d12+4,1d8+4,45,17,5,5,1d10+4,1d8+4,8.0,B
7492,35,14,7,4,1d8+4,1d6+4,33,15,7,5,1d12+4,1d8+4,6.0,B
7493,46,15,6,5,1d10+4,1d8+4,37,14,7,3,1d10+4,1d8+4,6.0,A
7494,43,17,5,5,1d10+4,1d8+4,38,15,7,5,1d10+4,1d8+4,8.0,A
7495,43,16,7,4,1d12+4,1d8+4,38,16,7,4,1d8+4,1d8+4,7.0,A
7496,48,17,6,5,1d10+4,1d8+4,35,14,7,4,1d8+4,1d8+4,8.0,A
7497,42,14,7,5,1d10+4,1d6+4,32,18,6,3,1d12+4,1d6+4,7.0,A
7498,47,14,7,4,1d10+4,1d8+4,31,14,7,5,1d8+4,1d6+4,8.0,B
7499,32,18,7,3,1d10+4,1d8+4,35,18,8,3,1d8+4,1d8+4,2.0,A
7500,39,17,7,3,1d8+4,1d8+4,34,15,8,4,1d10+4,1d8+4,8.0,A
7501,33,14,8,4,1d12+4,1d6+4,35,14,5,5,1d12+4,1d6+4,0.0,A
7502,48,14,8,5,1d8+4,1d6+4,44,15,6,4,1d12+4,1d6+4,6.0,A
7503,31,16,7,4,1d8+4,1d6+4,45,15,7,4,1d12+4,1d8+4,1.0,B
7504,42,15,6,4,1d12+4,1d6+4,38,15,6,4,1d12+4,1d6+4,1.0,A
7505,38,18,5,4,1d12+4,1d6+4,46,15,5,3,1d8+4,1d8+4,5.0,A
7506,49,16,6,5,1d10+4,1d8+4,37,17,6,4,1d8+4,1d8+4,7.0,A
7507,46,17,7,5,1d12+4,1d8+4,33,17,8,5,1d10+4,1d6+4,7.0,A
7508,38,18,6,4,1d12+4,1d8+4,46,14,8,5,1d12+4,1d6+4,2.0,A
7509,46,18,8,4,1d12+4,1d6+4,36,18,6,5,1d12+4,1d8+4,3.0,A
7510,42,15,7,5,1d12+4,1d8+4,46,15,8,4,1d12+4,1d8+4,5.0,B
7511,30,15,8,4,1d8+4,1d6+4,35,17,8,3,1d8+4,1d6+4,6.0,A
7512,33,15,5,3,1d8+4,1d6+4,43,18,5,4,1d8+4,1d8+4,10.0,B
7513,31,17,5,3,1d12+4,1d8+4,30,15,6,4,1d10+4,1d6+4,4.0,B
7514,32,15,8,4,1d8+4,1d8+4,50,17,6,4,1d10+4,1d6+4,9.0,B
7515,31,16,8,4,1d12+4,1d6+4,32,17,8,4,1d8+4,1d6+4,9.0,B
7516,30,16,6,4,1d10+4,1d8+4,47,16,6,5,1d10+4,1d8+4,3.0,A
7517,49,14,5,5,1d10+4,1d8+4,49,18,6,3,1d10+4,1d6+4,4.0,B
7518,37,15,6,3,1d12+4,1d8+4,33,14,6,3,1d10+4,1d6+4,1.0,A
7519,35,17,8,5,1d8+4,1d8+4,44,14,7,3,1d8+4,1d6+4,7.0,A
7520,43,18,8,5,1d12+4,1d8+4,49,17,6,3,1d12+4,1d8+4,9.0,B
7521,39,14,5,5,1d10+4,1d6+4,49,16,5,3,1d8+4,1d6+4,8.0,A
7522,30,14,7,3,1d12+4,1d8+4,44,15,7,3,1d8+4,1d6+4,6.0,A
7523,50,14,7,3,1d8+4,1d6+4,44,15,5,5,1d8+4,1d6+4,10.0,B
7524,35,15,5,5,1d12+4,1d6+4,42,18,5,4,1d10+4,1d6+4,8.0,B
7525,47,16,7,3,1d10+4,1d8+4,39,17,7,5,1d8+4,1d6+4,9.0,A
7526,48,17,5,3,1d12+4,1d8+4,38,16,5,5,1d8+4,1d8+4,2.0,A
7527,44,18,7,4,1d12+4,1d6+4,36,14,8,3,1d12+4,1d6+4,10.0,B
7528,31,18,7,5,1d8+4,1d8+4,38,18,6,4,1d10+4,1d8+4,0.0,B
7529,32,17,7,5,1d10+4,1d6+4,50,16,6,3,1d12+4,1d8+4,8.0,A
7530,45,18,8,4,1d10+4,1d6+4,33,14,6,3,1d12+4,1d6+4,9.0,A
7531,42,18,7,3,1d12+4,1d8+4,47,17,6,4,1d8+4,1d8+4,2.0,B
7532,35,15,7,3,1d8+4,1d6+4,47,16,7,4,1d12+4,1d8+4,10.0,B
7533,48,17,7,4,1d12+4,1d8+4,30,14,7,4,1d10+4,1d6+4,0.0,A
7534,39,18,8,4,1d12+4,1d6+4,42,17,5,4,1d12+4,1d6+4,4.0,A
7535,30,18,8,3,1d8+4,1d8+4,42,17,7,5,1d8+4,1d8+4,6.0,A
7536,36,18,8,5,1d12+4,1d6+4,40,18,8,5,1d8+4,1d6+4,10.0,B
7537,34,15,6,4,1d10+4,1d6+4,35,16,6,5,1d10+4,1d6+4,8.0,B
7538,39,16,5,5,1d8+4,1d8+4,33,17,5,4,1d8+4,1d6+4,1.0,A
7539,41,18,6,4,1d8+4,1d8+4,40,15,7,4,1d8+4,1d8+4,10.0,A
7540,32,17,6,3,1d8+4,1d8+4,40,16,7,3,1d12+4,1d6+4,9.0,A
7541,43,14,8,3,1d10+4,1d8+4,34,14,6,5,1d12+4,1d6+4,0.0,A
7542,31,14,5,3,1d8+4,1d8+4,48,16,7,3,1d8+4,1d6+4,4.0,B
7543,43,14,7,3,1d12+4,1d8+4,37,16,8,4,1d8+4,1d8+4,6.0,B
7544,30,18,6,3,1d12+4,1d6+4,44,18,8,4,1d12+4,1d6+4,7.0,A
7545,34,16,5,4,1d12+4,1d8+4,32,15,7,3,1d12+4,1d8+4,0.0,A
7546,45,16,8,3,1d10+4,1d8+4,41,15,7,3,1d12+4,1d8+4,1.0,A
7547,46,15,6,5,1d8+4,1d8+4,33,18,6,5,1d12+4,1d8+4,5.0,A
7548,37,17,6,3,1d8+4,1d6+4,46,14,8,4,1d12+4,1d8+4,10.0,A
7549,43,15,8,4,1d12+4,1d8+4,43,15,7,3,1d12+4,1d8+4,9.0,A
7550,35,14,7,4,1d10+4,1d6+4,36,14,6,3,1d12+4,1d6+4,5.0,B
7551,41,16,6,5,1d8+4,1d8+4,36,15,5,3,1d8+4,1d8+4,9.0,B
7552,42,17,5,4,1d12+4,1d8+4,37,18,8,4,1d10+4,1d8+4,1.0,B
7553,39,16,7,5,1d10+4,1d8+4,34,14,6,3,1d8+4,1d8+4,7.0,B
7554,37,14,5,3,1d10+4,1d8+4,32,16,5,4,1d10+4,1d6+4,2.0,B
7555,48,15,7,5,1d8+4,1d6+4,34,18,8,3,1d8+4,1d6+4,10.0,B
7556,43,15,7,3,1d8+4,1d8+4,46,17,7,5,1d10+4,1d6+4,1.0,B
7557,40,16,6,3,1d12+4,1d6+4,42,16,8,4,1d8+4,1d6+4,6.0,A
7558,31,16,5,5,1d12+4,1d8+4,31,14,7,4,1d10+4,1d6+4,4.0,B
7559,39,18,5,5,1d12+4,1d6+4,33,15,6,5,1d10+4,1d8+4,8.0,A
7560,36,16,5,5,1d8+4,1d8+4,31,17,5,5,1d12+4,1d6+4,6.0,B
7561,40,14,6,5,1d8+4,1d6+4,42,17,8,5,1d10+4,1d6+4,2.0,B
7562,40,18,5,4,1d10+4,1d6+4,49,15,6,4,1d10+4,1d6+4,5.0,A
7563,46,14,6,4,1d12+4,1d6+4,33,17,7,4,1d10+4,1d8+4,7.0,A
7564,30,14,8,4,1d12+4,1d8+4,34,14,7,5,1d10+4,1d6+4,7.0,B
7565,40,15,7,5,1d12+4,1d8+4,43,14,6,4,1d12+4,1d6+4,8.0,B
7566,43,17,5,3,1d10+4,1d6+4,33,17,8,3,1d10+4,1d8+4,8.0,A
7567,44,18,7,5,1d8+4,1d8+4,37,15,7,3,1d10+4,1d8+4,5.0,A
7568,41,17,6,3,1d10+4,1d6+4,35,16,7,4,1d10+4,1d8+4,2.0,B
7569,50,18,8,4,1d8+4,1d6+4,45,14,6,4,1d10+4,1d8+4,3.0,A
7570,40,17,7,4,1d12+4,1d8+4,46,18,7,5,1d8+4,1d6+4,3.0,A
7571,39,17,8,3,1d10+4,1d6+4,35,15,5,5,1d12+4,1d8+4,1.0,A
7572,30,15,5,4,1d8+4,1d8+4,40,18,5,4,1d12+4,1d8+4,3.0,B
7573,38,17,7,4,1d12+4,1d6+4,45,16,8,4,1d8+4,1d6+4,9.0,A
7574,44,15,7,5,1d10+4,1d8+4,40,15,6,5,1d12+4,1d6+4,1.0,B
7575,38,18,8,3,1d12+4,1d8+4,46,16,8,4,1d12+4,1d6+4,6.0,A
7576,40,14,8,5,1d10+4,1d8+4,32,14,8,3,1d8+4,1d6+4,1.0,A
7577,46,14,7,4,1d8+4,1d8+4,34,17,5,4,1d12+4,1d8+4,1.0,B
7578,50,18,5,5,1d8+4,1d6+4,38,18,8,5,1d10+4,1d6+4,4.0,A
7579,47,14,5,3,1d12+4,1d6+4,46,15,5,3,1d10+4,1d8+4,0.0,A
7580,41,18,5,3,1d10+4,1d6+4,30,15,7,3,1d10+4,1d8+4,2.0,A
7581,48,18,5,4,1d8+4,1d8+4,37,18,5,5,1d12+4,1d8+4,5.0,A
7582,42,18,5,4,1d10+4,1d6+4,33,16,8,5,1d8+4,1d8+4,9.0,A
7583,40,17,7,4,1d10+4,1d6+4,41,17,5,5,1d10+4,1d6+4,2.0,B
7584,34,17,5,4,1d10+4,1d8+4,46,17,5,4,1d10+4,1d8+4,6.0,B
7585,50,17,5,5,1d8+4,1d8+4,43,16,8,5,1d8+4,1d8+4,6.0,B
7586,49,17,7,3,1d10+4,1d8+4,47,16,7,3,1d8+4,1d8+4,0.0,A
7587,44,16,5,3,1d12+4,1d6+4,47,16,7,3,1d8+4,1d8+4,7.0,A
7588,34,17,5,5,1d8+4,1d6+4,50,15,7,3,1d8+4,1d6+4,5.0,B
7589,33,14,7,3,1d10+4,1d6+4,32,15,6,5,1d12+4,1d8+4,5.0,A
7590,39,16,6,4,1d10+4,1d8+4,48,15,6,3,1d12+4,1d8+4,2.0,A
7591,44,18,5,3,1d8+4,1d6+4,41,15,7,3,1d8+4,1d6+4,8.0,A
7592,42,18,5,5,1d8+4,1d8+4,31,14,8,5,1d10+4,1d8+4,6.0,B
7593,35,16,8,3,1d10+4,1d6+4,44,16,7,5,1d8+4,1d8+4,5.0,A
7594,50,15,6,4,1d12+4,1d8+4,48,14,5,3,1d12+4,1d6+4,1.0,A
7595,41,17,8,3,1d12+4,1d8+4,38,14,5,5,1d12+4,1d6+4,3.0,A
7596,46,14,5,3,1d12+4,1d8+4,32,16,6,4,1d10+4,1d8+4,4.0,A
7597,41,15,7,3,1d12+4,1d8+4,46,18,8,3,1d8+4,1d8+4,7.0,A
7598,38,15,8,3,1d12+4,1d8+4,43,15,6,3,1d12+4,1d6+4,2.0,A
7599,42,17,8,4,1d8+4,1d8+4,31,18,8,3,1d12+4,1d6+4,5.0,B
7600,49,17,7,5,1d12+4,1d8+4,50,17,8,5,1d10+4,1d8+4,10.0,A
7601,41,14,7,5,1d8+4,1d8+4,34,18,8,3,1d12+4,1d6+4,2.0,B
7602,44,18,5,4,1d12+4,1d6+4,37,18,5,3,1d12+4,1d6+4,9.0,A
7603,50,14,7,5,1d8+4,1d6+4,37,16,5,4,1d12+4,1d6+4,10.0,B
7604,46,16,7,4,1d8+4,1d6+4,50,15,8,5,1d8+4,1d8+4,4.0,A
7605,40,15,6,4,1d12+4,1d6+4,49,18,8,4,1d12+4,1d8+4,6.0,A
7606,44,16,8,4,1d12+4,1d8+4,45,16,5,5,1d10+4,1d8+4,0.0,A
7607,35,17,7,4,1d12+4,1d8+4,36,17,5,5,1d8+4,1d8+4,2.0,B
7608,41,14,5,3,1d8+4,1d6+4,50,17,7,5,1d10+4,1d8+4,10.0,B
7609,32,16,5,4,1d8+4,1d6+4,50,16,6,3,1d10+4,1d6+4,4.0,A
7610,40,14,5,5,1d8+4,1d6+4,50,17,6,5,1d12+4,1d6+4,6.0,B
7611,30,14,7,4,1d8+4,1d8+4,47,15,8,5,1d10+4,1d8+4,4.0,B
7612,34,16,8,4,1d8+4,1d8+4,35,17,6,5,1d12+4,1d6+4,1.0,B
7613,44,14,6,4,1d12+4,1d8+4,48,14,8,3,1d12+4,1d8+4,8.0,B
7614,42,16,8,3,1d10+4,1d8+4,48,17,5,4,1d10+4,1d8+4,5.0,A
7615,36,14,6,5,1d8+4,1d6+4,46,17,8,3,1d10+4,1d6+4,6.0,B
7616,46,17,8,5,1d10+4,1d8+4,44,15,5,3,1d12+4,1d8+4,1.0,A
7617,34,18,8,5,1d8+4,1d6+4,44,16,8,5,1d10+4,1d6+4,4.0,B
7618,36,17,8,5,1d10+4,1d6+4,39,18,8,3,1d12+4,1d8+4,7.0,A
7619,49,14,6,5,1d10+4,1d6+4,46,15,6,4,1d12+4,1d8+4,10.0,A
7620,38,18,8,5,1d8+4,1d8+4,37,14,6,3,1d8+4,1d8+4,9.0,A
7621,47,18,5,3,1d8+4,1d8+4,36,15,8,5,1d12+4,1d6+4,10.0,A
7622,48,14,6,3,1d10+4,1d8+4,47,17,7,5,1d12+4,1d8+4,6.0,B
7623,30,16,5,4,1d10+4,1d6+4,42,15,7,5,1d8+4,1d6+4,6.0,A
7624,42,14,5,4,1d8+4,1d8+4,37,15,8,3,1d10+4,1d8+4,2.0,B
7625,33,17,7,4,1d10+4,1d8+4,46,15,6,4,1d8+4,1d6+4,3.0,B
7626,32,14,7,3,1d8+4,1d8+4,37,17,5,5,1d12+4,1d6+4,9.0,B
7627,31,14,7,3,1d12+4,1d6+4,30,17,7,5,1d8+4,1d6+4,6.0,A
7628,44,14,6,5,1d10+4,1d8+4,34,15,6,4,1d12+4,1d6+4,6.0,A
7629,45,15,5,5,1d8+4,1d6+4,39,14,8,4,1d10+4,1d6+4,5.0,B
7630,37,17,7,5,1d8+4,1d8+4,47,16,8,3,1d10+4,1d8+4,9.0,B
7631,31,17,6,3,1d10+4,1d6+4,42,14,7,5,1d10+4,1d8+4,0.0,A
7632,47,17,8,3,1d12+4,1d6+4,36,15,6,5,1d12+4,1d8+4,10.0,A
7633,44,17,8,4,1d8+4,1d6+4,44,15,7,4,1d12+4,1d8+4,0.0,A
7634,41,18,8,4,1d12+4,1d8+4,46,14,7,3,1d12+4,1d8+4,4.0,A
7635,45,15,8,3,1d10+4,1d6+4,42,18,8,4,1d10+4,1d6+4,3.0,B
7636,35,18,8,4,1d8+4,1d6+4,47,16,8,5,1d10+4,1d8+4,1.0,B
7637,33,18,7,4,1d8+4,1d8+4,43,16,6,5,1d8+4,1d6+4,5.0,B
7638,30,17,6,3,1d8+4,1d6+4,33,18,7,5,1d8+4,1d8+4,3.0,A
7639,34,16,6,5,1d8+4,1d8+4,43,17,7,3,1d8+4,1d8+4,7.0,B
7640,46,15,6,4,1d8+4,1d6+4,49,16,5,5,1d12+4,1d6+4,1.0,B
7641,40,16,5,4,1d12+4,1d6+4,48,15,8,4,1d12+4,1d6+4,2.0,B
7642,42,16,6,5,1d10+4,1d8+4,32,15,5,5,1d8+4,1d8+4,5.0,A
7643,45,17,8,5,1d12+4,1d8+4,40,17,5,4,1d10+4,1d6+4,5.0,A
7644,48,14,6,3,1d12+4,1d8+4,30,14,8,3,1d8+4,1d8+4,2.0,A
7645,36,17,5,3,1d10+4,1d8+4,46,16,7,3,1d8+4,1d8+4,0.0,A
7646,37,15,8,3,1d10+4,1d8+4,32,16,5,5,1d10+4,1d8+4,0.0,A
7647,35,17,8,4,1d8+4,1d8+4,50,16,8,5,1d8+4,1d6+4,9.0,B
7648,46,18,6,4,1d12+4,1d8+4,30,14,6,3,1d8+4,1d8+4,8.0,A
7649,47,16,8,4,1d12+4,1d8+4,47,17,7,4,1d10+4,1d8+4,4.0,B
7650,49,14,5,3,1d10+4,1d6+4,36,16,5,5,1d8+4,1d6+4,7.0,A
7651,43,14,8,4,1d8+4,1d6+4,38,18,8,5,1d10+4,1d6+4,5.0,A
7652,47,14,7,3,1d12+4,1d8+4,46,14,6,3,1d8+4,1d6+4,7.0,A
7653,46,14,7,3,1d10+4,1d8+4,33,18,7,3,1d8+4,1d6+4,5.0,A
7654,43,18,6,5,1d8+4,1d8+4,39,16,7,4,1d8+4,1d8+4,3.0,A
7655,38,15,8,3,1d12+4,1d8+4,47,18,7,4,1d12+4,1d8+4,7.0,B
7656,46,18,6,4,1d12+4,1d8+4,41,17,6,5,1d12+4,1d6+4,2.0,A
7657,44,16,5,3,1d12+4,1d6+4,31,15,5,5,1d12+4,1d6+4,8.0,A
7658,35,17,6,3,1d10+4,1d6+4,33,14,5,4,1d10+4,1d6+4,2.0,A
7659,31,18,8,4,1d10+4,1d8+4,36,18,5,5,1d8+4,1d6+4,9.0,A
7660,38,17,8,3,1d10+4,1d6+4,37,14,5,5,1d8+4,1d6+4,5.0,A
7661,31,18,5,4,1d10+4,1d8+4,30,17,5,3,1d12+4,1d6+4,5.0,A
7662,34,17,7,3,1d12+4,1d8+4,43,15,5,5,1d12+4,1d6+4,9.0,B
7663,50,18,7,5,1d8+4,1d8+4,32,14,7,5,1d12+4,1d6+4,9.0,A
7664,42,15,7,3,1d8+4,1d8+4,33,17,6,4,1d8+4,1d8+4,4.0,A
7665,40,15,5,4,1d8+4,1d8+4,42,16,5,3,1d8+4,1d6+4,10.0,A
7666,43,14,8,5,1d8+4,1d8+4,40,15,8,3,1d8+4,1d6+4,2.0,A
7667,43,15,5,4,1d8+4,1d6+4,37,14,7,3,1d8+4,1d6+4,0.0,A
7668,50,15,7,5,1d10+4,1d8+4,45,14,7,5,1d12+4,1d8+4,10.0,A
7669,39,15,7,5,1d12+4,1d6+4,50,14,6,3,1d12+4,1d8+4,9.0,B
7670,35,18,5,5,1d10+4,1d8+4,46,14,5,3,1d12+4,1d8+4,3.0,B
7671,42,14,5,3,1d12+4,1d8+4,31,16,8,5,1d8+4,1d6+4,3.0,A
7672,31,17,8,3,1d10+4,1d8+4,47,15,7,5,1d8+4,1d6+4,1.0,B
7673,45,17,7,5,1d8+4,1d6+4,46,16,5,4,1d12+4,1d8+4,5.0,A
7674,45,15,6,4,1d12+4,1d8+4,39,14,8,4,1d12+4,1d6+4,6.0,A
7675,31,15,8,3,1d10+4,1d6+4,42,14,8,5,1d10+4,1d6+4,10.0,B
7676,35,18,6,3,1d8+4,1d6+4,32,15,6,4,1d12+4,1d8+4,3.0,B
7677,50,16,5,4,1d10+4,1d8+4,38,15,8,5,1d12+4,1d8+4,10.0,B
7678,31,14,6,4,1d12+4,1d8+4,41,15,7,3,1d12+4,1d6+4,1.0,B
7679,32,18,6,3,1d8+4,1d6+4,40,16,5,5,1d12+4,1d8+4,0.0,A
7680,50,16,8,4,1d12+4,1d8+4,42,15,8,3,1d12+4,1d6+4,9.0,A
7681,39,17,6,3,1d8+4,1d6+4,42,15,5,3,1d10+4,1d6+4,4.0,A
7682,34,18,7,3,1d10+4,1d8+4,40,16,8,3,1d10+4,1d8+4,1.0,A
7683,47,18,7,5,1d10+4,1d8+4,42,18,6,4,1d12+4,1d8+4,8.0,A
7684,36,18,6,3,1d8+4,1d6+4,47,18,5,4,1d10+4,1d6+4,7.0,A
7685,33,16,5,4,1d10+4,1d6+4,42,18,6,4,1d10+4,1d8+4,3.0,A
7686,33,14,7,4,1d8+4,1d8+4,48,18,8,3,1d8+4,1d8+4,7.0,B
7687,30,14,8,4,1d12+4,1d8+4,37,18,8,3,1d10+4,1d6+4,0.0,A
7688,32,15,6,3,1d10+4,1d8+4,30,17,5,5,1d10+4,1d8+4,5.0,B
7689,47,18,5,3,1d8+4,1d6+4,50,18,5,5,1d10+4,1d6+4,6.0,B
7690,39,15,6,4,1d8+4,1d8+4,31,16,6,4,1d12+4,1d8+4,5.0,B
7691,39,18,8,4,1d10+4,1d8+4,40,14,8,4,1d10+4,1d6+4,0.0,A
7692,34,14,7,3,1d12+4,1d6+4,39,17,5,4,1d10+4,1d8+4,3.0,B
7693,43,15,6,4,1d10+4,1d8+4,31,17,7,4,1d8+4,1d8+4,6.0,A
7694,35,18,7,3,1d12+4,1d6+4,43,16,5,3,1d12+4,1d6+4,1.0,A
7695,45,15,6,3,1d12+4,1d8+4,36,16,5,3,1d10+4,1d8+4,1.0,B
7696,32,16,8,4,1d10+4,1d6+4,33,17,7,3,1d12+4,1d6+4,1.0,B
7697,38,17,5,4,1d12+4,1d8+4,41,14,8,5,1d12+4,1d6+4,5.0,B
7698,35,15,8,4,1d10+4,1d6+4,46,17,5,4,1d8+4,1d8+4,9.0,A
7699,48,14,5,3,1d12+4,1d8+4,48,16,5,5,1d10+4,1d8+4,5.0,B
7700,33,15,7,4,1d12+4,1d6+4,32,15,5,4,1d10+4,1d6+4,0.0,A
7701,45,14,5,4,1d8+4,1d8+4,33,14,6,5,1d10+4,1d6+4,1.0,B
7702,38,18,7,4,1d8+4,1d6+4,50,18,5,3,1d8+4,1d6+4,2.0,B
7703,48,15,6,4,1d12+4,1d8+4,46,17,5,4,1d10+4,1d6+4,0.0,B
7704,48,14,8,3,1d10+4,1d8+4,33,15,5,4,1d8+4,1d8+4,7.0,A
7705,41,17,6,5,1d12+4,1d8+4,33,18,6,3,1d10+4,1d8+4,3.0,A
7706,36,17,6,4,1d12+4,1d6+4,30,14,6,5,1d12+4,1d6+4,9.0,A
7707,41,15,6,3,1d8+4,1d6+4,47,16,6,4,1d10+4,1d6+4,7.0,A
7708,31,15,5,5,1d8+4,1d8+4,30,18,5,5,1d10+4,1d8+4,1.0,B
7709,35,17,6,4,1d10+4,1d6+4,44,17,6,4,1d10+4,1d6+4,0.0,B
7710,32,17,5,4,1d8+4,1d6+4,46,15,8,5,1d12+4,1d6+4,2.0,B
7711,44,15,7,3,1d10+4,1d6+4,43,18,7,5,1d10+4,1d6+4,9.0,A
7712,33,14,6,3,1d12+4,1d8+4,43,16,6,5,1d8+4,1d8+4,9.0,A
7713,40,14,6,4,1d12+4,1d6+4,45,15,7,5,1d10+4,1d8+4,0.0,A
7714,36,17,5,5,1d8+4,1d8+4,38,17,5,5,1d8+4,1d8+4,9.0,A
7715,32,17,6,3,1d12+4,1d6+4,34,17,5,3,1d12+4,1d8+4,3.0,B
7716,50,18,6,4,1d8+4,1d6+4,44,18,6,5,1d8+4,1d8+4,2.0,B
7717,46,16,8,3,1d8+4,1d8+4,38,15,6,5,1d10+4,1d6+4,0.0,A
7718,45,14,6,3,1d10+4,1d6+4,32,18,7,3,1d8+4,1d8+4,7.0,A
7719,47,18,5,5,1d12+4,1d8+4,41,15,6,3,1d12+4,1d6+4,9.0,A
7720,45,17,6,3,1d8+4,1d8+4,43,17,7,3,1d12+4,1d6+4,7.0,B
7721,32,16,8,5,1d8+4,1d8+4,41,15,5,5,1d8+4,1d6+4,6.0,B
7722,44,18,7,5,1d12+4,1d8+4,41,16,7,3,1d10+4,1d8+4,5.0,B
7723,46,18,5,3,1d8+4,1d8+4,30,14,7,3,1d12+4,1d8+4,1.0,B
7724,48,18,8,3,1d10+4,1d8+4,44,14,5,3,1d8+4,1d8+4,5.0,B
7725,48,15,8,5,1d12+4,1d6+4,45,17,5,3,1d12+4,1d6+4,3.0,A
7726,47,17,7,5,1d10+4,1d8+4,44,15,6,4,1d12+4,1d6+4,9.0,B
7727,38,17,7,4,1d8+4,1d8+4,45,16,6,5,1d10+4,1d8+4,2.0,A
7728,32,15,7,3,1d12+4,1d6+4,32,14,7,5,1d10+4,1d6+4,3.0,A
7729,30,14,8,5,1d12+4,1d6+4,43,14,8,5,1d12+4,1d8+4,10.0,A
7730,47,18,8,3,1d10+4,1d8+4,38,18,7,4,1d10+4,1d6+4,3.0,A
7731,38,17,6,5,1d12+4,1d8+4,30,18,5,4,1d12+4,1d8+4,6.0,B
7732,40,14,8,3,1d8+4,1d8+4,36,15,6,3,1d12+4,1d8+4,3.0,A
7733,37,16,6,3,1d12+4,1d8+4,33,17,6,4,1d12+4,1d6+4,6.0,A
7734,48,16,7,3,1d10+4,1d8+4,33,18,5,3,1d8+4,1d6+4,7.0,A
7735,45,16,7,3,1d12+4,1d6+4,38,16,6,3,1d10+4,1d8+4,0.0,A
7736,32,15,8,3,1d10+4,1d8+4,46,16,8,5,1d12+4,1d8+4,9.0,B
7737,48,16,5,4,1d10+4,1d6+4,39,16,8,3,1d10+4,1d6+4,8.0,A
7738,47,16,6,5,1d8+4,1d8+4,42,18,8,5,1d10+4,1d8+4,9.0,B
7739,47,17,7,3,1d8+4,1d8+4,47,14,7,5,1d8+4,1d6+4,1.0,A
7740,35,17,5,3,1d8+4,1d6+4,40,14,8,4,1d10+4,1d8+4,2.0,B
7741,30,16,8,5,1d8+4,1d8+4,34,16,7,5,1d10+4,1d8+4,6.0,A
7742,45,15,8,5,1d8+4,1d6+4,39,17,8,5,1d8+4,1d6+4,6.0,A
7743,32,14,8,4,1d12+4,1d8+4,48,15,7,3,1d10+4,1d6+4,3.0,B
7744,43,18,7,3,1d12+4,1d8+4,34,17,6,5,1d12+4,1d6+4,6.0,B
7745,49,16,7,4,1d8+4,1d6+4,34,14,8,3,1d12+4,1d8+4,3.0,A
7746,30,17,5,4,1d10+4,1d8+4,39,18,6,3,1d8+4,1d8+4,7.0,A
7747,47,14,8,5,1d12+4,1d6+4,45,17,6,3,1d12+4,1d8+4,6.0,A
7748,32,15,7,3,1d10+4,1d6+4,50,15,7,3,1d10+4,1d6+4,10.0,B
7749,44,16,6,4,1d8+4,1d6+4,30,16,5,5,1d12+4,1d8+4,10.0,A
7750,30,16,7,4,1d8+4,1d8+4,42,14,8,4,1d12+4,1d6+4,6.0,A
7751,34,18,8,5,1d8+4,1d8+4,49,15,6,5,1d12+4,1d8+4,1.0,A
7752,32,17,8,4,1d10+4,1d8+4,41,17,8,4,1d12+4,1d8+4,7.0,B
7753,35,14,8,5,1d8+4,1d6+4,35,16,6,3,1d12+4,1d6+4,0.0,B
7754,38,14,5,4,1d8+4,1d6+4,38,15,7,5,1d10+4,1d6+4,8.0,B
7755,48,14,5,3,1d12+4,1d8+4,44,18,7,3,1d12+4,1d8+4,5.0,B
7756,39,18,5,3,1d12+4,1d8+4,34,15,8,4,1d10+4,1d6+4,6.0,A
7757,44,17,6,5,1d12+4,1d6+4,38,15,8,5,1d10+4,1d8+4,9.0,B
7758,43,14,7,3,1d12+4,1d8+4,44,15,7,5,1d10+4,1d8+4,8.0,B
7759,36,18,5,4,1d10+4,1d8+4,42,14,6,3,1d12+4,1d8+4,7.0,B
7760,32,17,8,4,1d10+4,1d8+4,32,18,6,5,1d8+4,1d6+4,3.0,B
7761,47,14,7,3,1d12+4,1d8+4,42,15,7,3,1d10+4,1d8+4,4.0,B
7762,49,17,8,4,1d8+4,1d6+4,43,14,7,3,1d10+4,1d8+4,3.0,A
7763,39,17,7,3,1d10+4,1d6+4,37,15,7,5,1d10+4,1d6+4,3.0,B
7764,41,16,6,5,1d8+4,1d6+4,49,18,8,5,1d10+4,1d6+4,10.0,B
7765,44,17,8,4,1d10+4,1d8+4,48,15,6,5,1d12+4,1d8+4,0.0,B
7766,49,14,7,4,1d8+4,1d6+4,41,15,8,5,1d12+4,1d6+4,2.0,B
7767,50,14,8,5,1d12+4,1d6+4,33,14,5,3,1d10+4,1d8+4,5.0,A
7768,31,16,6,3,1d10+4,1d6+4,31,18,5,3,1d10+4,1d6+4,7.0,B
7769,39,18,6,4,1d10+4,1d8+4,33,14,6,4,1d8+4,1d6+4,10.0,A
7770,50,14,8,3,1d12+4,1d6+4,44,16,5,3,1d10+4,1d6+4,10.0,A
7771,42,15,5,3,1d8+4,1d6+4,36,14,6,3,1d8+4,1d6+4,7.0,B
7772,42,14,5,5,1d8+4,1d6+4,49,16,5,3,1d10+4,1d6+4,7.0,B
7773,47,15,5,4,1d8+4,1d8+4,44,18,8,3,1d10+4,1d8+4,3.0,B
7774,43,18,8,5,1d8+4,1d8+4,32,18,7,5,1d8+4,1d6+4,3.0,B
7775,30,18,7,4,1d12+4,1d8+4,34,14,6,3,1d8+4,1d6+4,3.0,A
7776,37,14,5,4,1d10+4,1d8+4,49,15,5,5,1d10+4,1d6+4,0.0,A
7777,47,15,5,3,1d12+4,1d6+4,46,15,5,4,1d10+4,1d6+4,8.0,B
7778,49,17,7,3,1d10+4,1d8+4,37,14,6,5,1d10+4,1d6+4,6.0,B
7779,49,16,7,5,1d8+4,1d8+4,30,16,6,3,1d8+4,1d6+4,0.0,A
7780,47,14,6,5,1d8+4,1d6+4,32,15,8,4,1d8+4,1d8+4,6.0,A
7781,40,14,5,3,1d12+4,1d6+4,43,15,5,3,1d10+4,1d6+4,1.0,B
7782,44,15,8,5,1d10+4,1d8+4,36,15,6,5,1d8+4,1d8+4,6.0,A
7783,34,17,6,4,1d12+4,1d6+4,30,18,7,5,1d8+4,1d6+4,7.0,A
7784,47,17,7,5,1d10+4,1d8+4,33,16,5,3,1d8+4,1d8+4,1.0,A
7785,36,18,5,5,1d10+4,1d8+4,33,14,7,4,1d10+4,1d8+4,1.0,A
7786,43,15,5,3,1d12+4,1d6+4,43,16,5,5,1d8+4,1d8+4,10.0,B
7787,46,14,5,5,1d10+4,1d6+4,33,15,7,5,1d8+4,1d8+4,10.0,A
7788,44,17,8,3,1d10+4,1d8+4,40,18,8,3,1d12+4,1d6+4,7.0,B
7789,36,14,8,4,1d8+4,1d8+4,47,16,7,4,1d8+4,1d8+4,9.0,B
7790,50,14,7,4,1d8+4,1d8+4,30,18,8,5,1d12+4,1d8+4,5.0,A
7791,33,15,8,4,1d8+4,1d6+4,47,16,6,4,1d8+4,1d8+4,2.0,B
7792,45,18,6,5,1d10+4,1d8+4,48,14,6,3,1d10+4,1d8+4,8.0,A
7793,47,18,5,5,1d10+4,1d8+4,50,14,8,5,1d10+4,1d6+4,9.0,B
7794,46,15,6,4,1d8+4,1d6+4,46,17,7,3,1d10+4,1d6+4,2.0,A
7795,40,14,5,3,1d8+4,1d8+4,32,17,6,4,1d10+4,1d6+4,5.0,B
7796,40,14,7,4,1d10+4,1d8+4,31,17,5,5,1d10+4,1d6+4,5.0,B
7797,32,14,6,4,1d12+4,1d6+4,39,14,5,5,1d10+4,1d8+4,8.0,A
7798,47,17,7,3,1d12+4,1d6+4,50,14,8,4,1d8+4,1d6+4,5.0,A
7799,38,16,6,4,1d12+4,1d8+4,49,17,6,5,1d8+4,1d6+4,6.0,A
7800,32,18,6,4,1d8+4,1d8+4,31,17,5,5,1d12+4,1d6+4,7.0,B
7801,44,14,5,4,1d12+4,1d6+4,42,16,6,5,1d10+4,1d8+4,0.0,A
7802,44,16,8,4,1d8+4,1d8+4,34,15,5,4,1d8+4,1d8+4,4.0,B
7803,39,16,7,3,1d8+4,1d8+4,33,16,8,3,1d12+4,1d6+4,4.0,B
7804,42,17,6,4,1d10+4,1d8+4,42,18,7,3,1d12+4,1d6+4,8.0,A
7805,37,14,8,3,1d8+4,1d8+4,34,15,8,4,1d8+4,1d8+4,1.0,A
7806,36,18,7,5,1d8+4,1d6+4,42,16,8,4,1d8+4,1d6+4,8.0,B
7807,48,16,7,3,1d12+4,1d8+4,36,16,6,5,1d10+4,1d8+4,9.0,A
7808,49,14,6,5,1d12+4,1d6+4,33,15,6,4,1d8+4,1d8+4,6.0,A
7809,37,14,5,3,1d12+4,1d6+4,33,17,8,4,1d10+4,1d8+4,6.0,B
7810,31,18,7,4,1d8+4,1d6+4,36,14,5,4,1d10+4,1d6+4,8.0,B
7811,47,16,5,3,1d10+4,1d8+4,44,15,5,3,1d8+4,1d6+4,4.0,A
7812,34,18,7,4,1d12+4,1d8+4,36,14,5,4,1d12+4,1d6+4,6.0,B
7813,42,18,8,3,1d12+4,1d8+4,38,14,6,5,1d8+4,1d6+4,9.0,A
7814,49,14,5,4,1d8+4,1d6+4,34,16,6,3,1d10+4,1d6+4,1.0,B
7815,32,15,7,5,1d8+4,1d8+4,32,15,7,4,1d10+4,1d8+4,1.0,B
7816,41,17,7,4,1d8+4,1d6+4,48,18,5,3,1d12+4,1d6+4,8.0,B
7817,30,16,7,5,1d12+4,1d8+4,39,15,8,4,1d10+4,1d6+4,9.0,B
7818,50,14,6,4,1d10+4,1d6+4,50,17,6,4,1d12+4,1d6+4,5.0,A
7819,47,16,8,5,1d12+4,1d6+4,44,16,5,3,1d10+4,1d8+4,7.0,A
7820,40,15,6,3,1d10+4,1d8+4,38,18,7,5,1d10+4,1d6+4,9.0,A
7821,33,16,7,5,1d8+4,1d6+4,34,18,5,5,1d8+4,1d6+4,8.0,B
7822,31,18,8,4,1d8+4,1d6+4,30,14,5,3,1d8+4,1d6+4,5.0,A
7823,40,18,7,5,1d12+4,1d8+4,46,17,6,3,1d10+4,1d8+4,7.0,A
7824,30,15,7,4,1d12+4,1d6+4,37,14,7,3,1d12+4,1d8+4,8.0,A
7825,49,18,5,3,1d12+4,1d6+4,50,17,6,4,1d8+4,1d6+4,1.0,B
7826,41,18,7,4,1d10+4,1d6+4,38,17,5,3,1d12+4,1d6+4,1.0,A
7827,46,16,8,4,1d10+4,1d6+4,38,15,6,3,1d12+4,1d6+4,4.0,A
7828,41,15,7,5,1d12+4,1d8+4,42,18,5,5,1d12+4,1d8+4,0.0,B
7829,30,15,8,3,1d10+4,1d8+4,43,16,5,4,1d8+4,1d8+4,0.0,B
7830,47,14,7,5,1d8+4,1d8+4,42,18,8,5,1d8+4,1d6+4,8.0,B
7831,46,17,6,4,1d12+4,1d8+4,46,14,6,3,1d10+4,1d6+4,10.0,A
7832,34,16,5,5,1d10+4,1d6+4,32,14,7,3,1d12+4,1d8+4,6.0,A
7833,41,18,5,4,1d12+4,1d6+4,44,17,5,3,1d12+4,1d6+4,2.0,A
7834,34,16,8,5,1d10+4,1d8+4,44,16,6,3,1d12+4,1d6+4,3.0,A
7835,47,17,8,5,1d12+4,1d6+4,39,16,5,5,1d12+4,1d6+4,1.0,A
7836,37,14,6,5,1d10+4,1d6+4,38,18,8,5,1d10+4,1d6+4,1.0,B
7837,32,17,8,4,1d10+4,1d8+4,49,17,5,5,1d12+4,1d6+4,9.0,A
7838,35,15,8,4,1d10+4,1d8+4,50,14,5,3,1d12+4,1d6+4,8.0,A
7839,35,17,5,5,1d10+4,1d6+4,42,17,5,3,1d12+4,1d8+4,4.0,B
7840,43,14,5,4,1d10+4,1d8+4,34,17,5,5,1d12+4,1d6+4,10.0,A
7841,43,16,6,4,1d12+4,1d6+4,45,18,5,4,1d10+4,1d8+4,5.0,B
7842,48,17,8,5,1d10+4,1d6+4,30,14,8,5,1d10+4,1d6+4,8.0,A
7843,39,18,5,3,1d10+4,1d6+4,33,18,6,5,1d12+4,1d6+4,4.0,A
7844,41,17,7,4,1d8+4,1d6+4,34,16,6,3,1d12+4,1d6+4,7.0,A
7845,43,17,8,5,1d10+4,1d8+4,42,17,8,3,1d10+4,1d6+4,8.0,B
7846,33,15,5,4,1d12+4,1d8+4,30,18,7,4,1d12+4,1d6+4,3.0,A
7847,43,16,7,5,1d8+4,1d6+4,36,15,8,3,1d8+4,1d6+4,5.0,B
7848,42,17,5,3,1d8+4,1d6+4,40,18,5,5,1d8+4,1d6+4,7.0,A
7849,43,14,5,3,1d12+4,1d6+4,38,14,7,4,1d12+4,1d8+4,6.0,A
7850,34,14,6,3,1d8+4,1d6+4,43,18,7,5,1d10+4,1d8+4,3.0,B
7851,41,16,8,3,1d10+4,1d6+4,31,18,6,4,1d10+4,1d8+4,10.0,A
7852,42,15,7,4,1d12+4,1d8+4,32,14,7,5,1d8+4,1d8+4,3.0,A
7853,37,18,5,5,1d8+4,1d6+4,35,15,6,5,1d10+4,1d6+4,8.0,A
7854,42,14,5,4,1d12+4,1d8+4,36,14,6,5,1d8+4,1d8+4,1.0,A
7855,37,15,8,3,1d10+4,1d8+4,46,16,8,4,1d12+4,1d6+4,6.0,B
7856,41,18,6,3,1d8+4,1d6+4,42,17,8,5,1d8+4,1d8+4,0.0,B
7857,34,18,6,4,1d12+4,1d6+4,35,17,8,5,1d10+4,1d6+4,5.0,B
7858,47,16,6,3,1d10+4,1d8+4,36,17,6,5,1d10+4,1d8+4,7.0,A
7859,40,15,5,5,1d10+4,1d8+4,33,17,6,4,1d10+4,1d6+4,8.0,A
7860,34,15,8,5,1d12+4,1d8+4,43,18,5,5,1d12+4,1d8+4,9.0,A
7861,46,18,7,3,1d10+4,1d8+4,48,15,8,3,1d8+4,1d6+4,10.0,B
7862,48,16,8,3,1d8+4,1d6+4,50,18,5,3,1d10+4,1d6+4,2.0,B
7863,45,16,6,3,1d10+4,1d6+4,46,16,6,4,1d12+4,1d6+4,2.0,B
7864,37,15,6,3,1d10+4,1d6+4,47,14,8,3,1d12+4,1d8+4,5.0,B
7865,43,15,8,4,1d10+4,1d6+4,49,16,7,5,1d8+4,1d6+4,6.0,A
7866,37,15,7,3,1d8+4,1d6+4,44,17,6,5,1d10+4,1d6+4,1.0,A
7867,36,17,8,5,1d10+4,1d8+4,48,18,8,4,1d8+4,1d6+4,0.0,B
7868,47,15,8,5,1d10+4,1d6+4,35,16,6,5,1d8+4,1d8+4,8.0,A
7869,40,14,6,3,1d8+4,1d6+4,43,15,8,3,1d8+4,1d6+4,5.0,A
7870,42,14,5,4,1d8+4,1d8+4,33,18,7,4,1d12+4,1d8+4,9.0,B
7871,31,17,6,5,1d12+4,1d6+4,47,17,6,3,1d10+4,1d8+4,1.0,B
7872,39,17,6,5,1d8+4,1d6+4,35,17,7,3,1d12+4,1d8+4,5.0,A
7873,32,17,5,5,1d12+4,1d6+4,40,18,8,3,1d12+4,1d6+4,0.0,A
7874,47,15,7,4,1d12+4,1d8+4,33,18,5,3,1d10+4,1d8+4,4.0,A
7875,30,16,8,4,1d8+4,1d8+4,32,14,8,4,1d8+4,1d8+4,10.0,B
7876,34,17,5,3,1d12+4,1d8+4,44,15,8,5,1d12+4,1d8+4,1.0,A
7877,30,15,8,5,1d12+4,1d8+4,50,16,6,5,1d8+4,1d6+4,1.0,B
7878,31,16,6,3,1d10+4,1d8+4,33,15,8,4,1d10+4,1d8+4,1.0,B
7879,35,16,5,5,1d8+4,1d8+4,31,14,7,5,1d12+4,1d6+4,9.0,A
7880,30,18,8,5,1d10+4,1d6+4,35,14,5,4,1d10+4,1d6+4,2.0,A
7881,44,18,5,5,1d12+4,1d6+4,45,14,8,3,1d8+4,1d8+4,6.0,B
7882,43,17,8,5,1d8+4,1d8+4,35,14,8,3,1d8+4,1d6+4,2.0,A
7883,37,18,5,5,1d10+4,1d8+4,39,17,5,4,1d12+4,1d6+4,4.0,A
7884,40,16,6,4,1d10+4,1d8+4,35,17,8,4,1d8+4,1d8+4,5.0,A
7885,38,14,6,5,1d12+4,1d8+4,43,16,7,3,1d10+4,1d8+4,8.0,A
7886,36,18,6,4,1d10+4,1d8+4,41,14,5,3,1d8+4,1d8+4,7.0,A
7887,32,15,6,5,1d8+4,1d6+4,42,17,8,4,1d12+4,1d6+4,7.0,B
7888,49,18,5,5,1d8+4,1d8+4,33,18,6,5,1d12+4,1d8+4,10.0,A
7889,42,17,8,5,1d12+4,1d6+4,40,16,7,4,1d10+4,1d6+4,10.0,B
7890,44,15,7,3,1d12+4,1d6+4,42,15,6,3,1d12+4,1d8+4,5.0,A
7891,48,14,5,5,1d12+4,1d8+4,32,15,8,3,1d8+4,1d8+4,9.0,A
7892,50,16,5,3,1d10+4,1d6+4,34,18,6,3,1d12+4,1d6+4,2.0,B
7893,44,18,7,3,1d12+4,1d6+4,31,18,6,5,1d12+4,1d8+4,1.0,A
7894,31,17,7,5,1d8+4,1d6+4,38,18,6,4,1d12+4,1d8+4,4.0,B
7895,46,17,6,4,1d10+4,1d6+4,30,17,6,3,1d12+4,1d8+4,0.0,A
7896,47,18,5,5,1d12+4,1d6+4,40,15,5,4,1d12+4,1d6+4,9.0,A
7897,35,14,8,4,1d8+4,1d6+4,33,14,8,5,1d12+4,1d8+4,10.0,B
7898,38,16,7,3,1d10+4,1d6+4,30,16,8,3,1d10+4,1d8+4,3.0,B
7899,48,18,7,3,1d10+4,1d6+4,49,15,8,4,1d12+4,1d8+4,3.0,A
7900,30,17,5,5,1d12+4,1d6+4,45,17,8,3,1d10+4,1d6+4,3.0,B
7901,35,14,5,4,1d8+4,1d6+4,39,16,7,5,1d8+4,1d8+4,2.0,B
7902,39,15,6,4,1d10+4,1d6+4,40,17,7,5,1d10+4,1d6+4,7.0,B
7903,38,16,7,3,1d12+4,1d8+4,31,16,6,4,1d8+4,1d6+4,1.0,A
7904,40,14,7,4,1d12+4,1d6+4,31,18,8,5,1d12+4,1d6+4,8.0,A
7905,34,15,7,4,1d12+4,1d6+4,31,18,6,5,1d12+4,1d6+4,1.0,B
7906,42,15,5,5,1d8+4,1d6+4,45,16,7,5,1d8+4,1d6+4,4.0,B
7907,35,14,6,5,1d12+4,1d6+4,48,14,8,3,1d8+4,1d6+4,4.0,B
7908,41,18,8,3,1d12+4,1d8+4,36,14,5,3,1d8+4,1d8+4,3.0,A
7909,42,14,5,4,1d12+4,1d8+4,31,17,6,4,1d10+4,1d6+4,9.0,A
7910,48,17,5,5,1d8+4,1d8+4,38,16,7,3,1d10+4,1d6+4,3.0,B
7911,40,14,8,5,1d12+4,1d6+4,47,14,7,5,1d12+4,1d6+4,6.0,A
7912,31,14,5,4,1d8+4,1d6+4,38,17,7,5,1d8+4,1d8+4,8.0,B
7913,41,17,5,3,1d8+4,1d6+4,50,18,5,5,1d8+4,1d8+4,8.0,B
7914,35,14,8,3,1d10+4,1d8+4,35,18,6,4,1d12+4,1d6+4,4.0,B
7915,44,14,7,4,1d10+4,1d8+4,38,15,5,4,1d12+4,1d6+4,7.0,B
7916,37,17,5,4,1d8+4,1d6+4,39,17,6,3,1d8+4,1d8+4,4.0,A
7917,32,18,8,5,1d10+4,1d8+4,39,15,6,4,1d12+4,1d6+4,6.0,A
7918,44,17,6,4,1d8+4,1d8+4,46,16,7,4,1d8+4,1d8+4,3.0,A
7919,37,18,5,3,1d8+4,1d8+4,44,16,7,3,1d12+4,1d8+4,1.0,A
7920,48,16,7,5,1d12+4,1d6+4,42,16,8,3,1d8+4,1d8+4,0.0,A
7921,43,17,7,3,1d10+4,1d6+4,37,14,7,3,1d12+4,1d6+4,0.0,A
7922,37,17,5,5,1d8+4,1d6+4,34,18,7,4,1d10+4,1d8+4,4.0,B
7923,44,17,5,4,1d8+4,1d6+4,35,16,7,5,1d8+4,1d8+4,1.0,B
7924,35,16,5,5,1d10+4,1d6+4,41,16,5,3,1d12+4,1d8+4,0.0,B
7925,36,18,5,5,1d12+4,1d8+4,41,17,6,4,1d10+4,1d8+4,10.0,A
7926,36,15,7,4,1d10+4,1d6+4,48,15,5,5,1d8+4,1d6+4,2.0,B
7927,43,18,5,3,1d12+4,1d6+4,45,14,6,5,1d12+4,1d8+4,7.0,A
7928,34,16,8,4,1d10+4,1d6+4,38,15,6,4,1d10+4,1d6+4,10.0,A
7929,31,18,8,5,1d12+4,1d8+4,46,18,6,3,1d10+4,1d6+4,3.0,B
7930,34,18,6,5,1d10+4,1d6+4,33,18,8,4,1d10+4,1d8+4,0.0,B
7931,47,15,8,3,1d12+4,1d6+4,47,15,5,3,1d10+4,1d8+4,10.0,A
7932,50,14,5,5,1d10+4,1d6+4,44,15,8,3,1d10+4,1d6+4,10.0,B
7933,36,16,5,3,1d10+4,1d6+4,37,14,8,4,1d10+4,1d6+4,2.0,B
7934,34,16,6,3,1d8+4,1d8+4,31,14,6,3,1d8+4,1d6+4,7.0,A
7935,41,14,8,3,1d12+4,1d6+4,43,18,6,4,1d12+4,1d6+4,2.0,A
7936,49,14,8,4,1d12+4,1d6+4,38,16,7,3,1d10+4,1d8+4,6.0,A
7937,31,16,8,4,1d10+4,1d6+4,39,14,8,3,1d12+4,1d8+4,2.0,A
7938,42,16,5,4,1d10+4,1d8+4,45,15,8,3,1d8+4,1d6+4,1.0,B
7939,45,17,6,4,1d10+4,1d6+4,36,18,6,3,1d12+4,1d8+4,8.0,B
7940,44,15,7,5,1d8+4,1d6+4,40,16,5,5,1d12+4,1d6+4,6.0,A
7941,37,17,5,4,1d12+4,1d6+4,48,15,6,5,1d10+4,1d6+4,10.0,A
7942,43,14,6,3,1d8+4,1d6+4,39,15,7,5,1d12+4,1d8+4,6.0,A
7943,39,14,7,4,1d10+4,1d6+4,30,15,6,4,1d10+4,1d8+4,6.0,A
7944,45,17,8,4,1d10+4,1d6+4,47,15,6,4,1d8+4,1d6+4,9.0,B
7945,37,18,7,3,1d12+4,1d6+4,42,18,7,3,1d10+4,1d6+4,9.0,B
7946,33,16,5,4,1d12+4,1d8+4,48,18,7,3,1d10+4,1d8+4,7.0,B
7947,38,18,8,5,1d8+4,1d8+4,30,16,6,3,1d10+4,1d8+4,7.0,A
7948,31,18,7,3,1d12+4,1d6+4,46,15,5,4,1d10+4,1d6+4,7.0,B
7949,48,16,8,4,1d10+4,1d8+4,43,16,7,4,1d12+4,1d8+4,9.0,A
7950,35,16,7,3,1d8+4,1d6+4,42,16,5,4,1d8+4,1d8+4,0.0,B
7951,31,18,6,4,1d8+4,1d6+4,46,18,6,5,1d10+4,1d6+4,0.0,B
7952,40,14,8,5,1d8+4,1d8+4,49,15,6,4,1d8+4,1d8+4,6.0,B
7953,31,18,7,5,1d8+4,1d6+4,40,16,5,3,1d8+4,1d8+4,8.0,B
7954,48,14,8,5,1d8+4,1d8+4,35,15,5,5,1d12+4,1d8+4,5.0,A
7955,47,16,7,3,1d10+4,1d6+4,50,15,8,4,1d10+4,1d6+4,1.0,A
7956,30,14,6,3,1d8+4,1d8+4,43,16,7,5,1d12+4,1d8+4,8.0,A
7957,37,14,5,5,1d12+4,1d6+4,31,14,7,3,1d12+4,1d6+4,9.0,A
7958,50,14,6,5,1d12+4,1d6+4,46,16,7,5,1d12+4,1d6+4,10.0,A
7959,42,18,8,5,1d12+4,1d8+4,50,14,5,4,1d12+4,1d8+4,0.0,A
7960,41,15,7,3,1d12+4,1d8+4,38,18,7,3,1d8+4,1d8+4,9.0,A
7961,31,18,8,4,1d10+4,1d8+4,34,18,5,4,1d10+4,1d6+4,3.0,A
7962,46,15,5,5,1d8+4,1d8+4,39,18,6,4,1d10+4,1d6+4,8.0,B
7963,35,16,6,5,1d12+4,1d6+4,32,16,5,4,1d10+4,1d6+4,9.0,A
7964,35,15,8,4,1d12+4,1d8+4,35,18,6,4,1d8+4,1d8+4,4.0,B
7965,49,16,5,3,1d10+4,1d8+4,34,17,6,4,1d12+4,1d6+4,5.0,A
7966,41,18,8,4,1d10+4,1d8+4,38,14,5,5,1d12+4,1d8+4,8.0,A
7967,45,16,5,3,1d8+4,1d6+4,36,15,7,3,1d10+4,1d8+4,5.0,B
7968,50,15,7,4,1d8+4,1d6+4,49,18,7,5,1d8+4,1d6+4,5.0,B
7969,40,15,8,3,1d12+4,1d8+4,33,17,5,4,1d10+4,1d6+4,4.0,A
7970,30,18,7,3,1d12+4,1d8+4,31,16,7,3,1d12+4,1d6+4,2.0,A
7971,49,14,8,3,1d8+4,1d8+4,36,14,5,5,1d10+4,1d8+4,9.0,A
7972,50,16,6,3,1d12+4,1d6+4,35,16,5,3,1d10+4,1d6+4,4.0,A
7973,40,17,8,5,1d12+4,1d8+4,42,15,7,3,1d8+4,1d8+4,6.0,B
7974,39,17,8,5,1d8+4,1d8+4,48,18,8,3,1d8+4,1d6+4,9.0,B
7975,33,16,6,3,1d8+4,1d6+4,31,16,8,4,1d8+4,1d8+4,9.0,B
7976,41,14,7,3,1d12+4,1d8+4,46,17,6,3,1d12+4,1d8+4,3.0,A
7977,40,18,6,4,1d12+4,1d8+4,39,14,5,4,1d12+4,1d6+4,9.0,A
7978,35,18,7,3,1d10+4,1d6+4,46,15,8,4,1d8+4,1d8+4,10.0,A
7979,45,15,8,5,1d8+4,1d6+4,32,16,8,5,1d10+4,1d6+4,4.0,A
7980,41,18,8,5,1d12+4,1d8+4,46,17,6,5,1d12+4,1d6+4,4.0,A
7981,46,18,5,4,1d12+4,1d6+4,30,14,7,4,1d8+4,1d8+4,2.0,A
7982,30,16,5,5,1d10+4,1d6+4,37,17,6,5,1d12+4,1d8+4,7.0,B
7983,43,16,5,4,1d8+4,1d8+4,36,15,7,5,1d10+4,1d8+4,5.0,A
7984,36,18,8,4,1d8+4,1d6+4,37,16,8,5,1d12+4,1d6+4,10.0,A
7985,50,17,6,5,1d10+4,1d6+4,49,14,8,5,1d8+4,1d6+4,2.0,B
7986,48,14,5,5,1d10+4,1d8+4,50,16,7,3,1d8+4,1d8+4,8.0,A
7987,41,17,7,5,1d10+4,1d8+4,42,14,7,3,1d10+4,1d8+4,0.0,A
7988,49,14,7,3,1d10+4,1d6+4,39,16,8,4,1d12+4,1d8+4,9.0,B
7989,48,18,8,4,1d10+4,1d6+4,45,14,6,5,1d10+4,1d6+4,0.0,A
7990,33,15,6,4,1d12+4,1d6+4,43,15,6,3,1d12+4,1d6+4,0.0,B
7991,36,16,8,4,1d10+4,1d8+4,50,18,6,3,1d10+4,1d8+4,7.0,B
7992,38,16,6,5,1d12+4,1d8+4,39,16,6,3,1d12+4,1d8+4,8.0,B
7993,30,15,7,5,1d12+4,1d6+4,40,15,6,5,1d10+4,1d8+4,0.0,A
7994,50,14,8,5,1d10+4,1d8+4,47,17,8,3,1d12+4,1d6+4,0.0,A
7995,45,16,5,3,1d8+4,1d6+4,42,15,6,4,1d12+4,1d6+4,0.0,A
7996,46,14,8,3,1d10+4,1d8+4,49,14,7,3,1d10+4,1d8+4,8.0,A
7997,42,18,7,4,1d10+4,1d6+4,36,16,8,3,1d10+4,1d6+4,6.0,B
7998,30,18,7,4,1d12+4,1d6+4,30,16,7,4,1d8+4,1d6+4,8.0,A
7999,43,14,5,5,1d10+4,1d6+4,31,18,7,3,1d8+4,1d6+4,5.0,B
8000,40,17,8,5,1d10+4,1d6+4,35,15,6,5,1d12+4,1d8+4,8.0,A
8001,40,17,7,4,1d8+4,1d8+4,48,17,7,4,1d12+4,1d8+4,5.0,B
8002,31,17,8,4,1d12+4,1d8+4,46,15,7,5,1d10+4,1d6+4,9.0,B
8003,41,16,5,3,1d12+4,1d6+4,30,17,6,4,1d12+4,1d8+4,7.0,A
8004,42,14,7,5,1d8+4,1d8+4,43,15,6,3,1d10+4,1d8+4,0.0,A
8005,36,17,7,3,1d8+4,1d8+4,36,14,5,4,1d8+4,1d6+4,9.0,A
8006,35,15,6,3,1d12+4,1d8+4,41,15,8,4,1d8+4,1d6+4,10.0,A
8007,42,14,6,4,1d10+4,1d6+4,33,18,6,5,1d12+4,1d8+4,7.0,B
8008,48,18,7,3,1d12+4,1d8+4,46,15,8,5,1d8+4,1d8+4,6.0,A
8009,48,17,8,4,1d8+4,1d6+4,45,16,5,4,1d8+4,1d6+4,9.0,B
8010,48,15,6,5,1d12+4,1d6+4,32,16,8,5,1d12+4,1d8+4,1.0,A
8011,37,14,6,4,1d12+4,1d6+4,35,18,8,4,1d10+4,1d8+4,1.0,A
8012,34,18,8,4,1d12+4,1d8+4,31,14,5,5,1d8+4,1d6+4,4.0,A
8013,39,16,5,5,1d12+4,1d8+4,35,14,5,4,1d8+4,1d6+4,3.0,B
8014,41,15,8,5,1d8+4,1d8+4,33,15,8,4,1d10+4,1d6+4,6.0,B
8015,49,15,5,3,1d8+4,1d8+4,43,15,5,5,1d12+4,1d8+4,2.0,B
8016,40,15,8,5,1d8+4,1d6+4,47,17,5,4,1d12+4,1d6+4,10.0,A
8017,31,15,6,3,1d12+4,1d6+4,35,15,5,3,1d10+4,1d6+4,5.0,A
8018,39,15,8,4,1d8+4,1d8+4,31,16,5,4,1d12+4,1d6+4,5.0,A
8019,38,16,8,3,1d8+4,1d8+4,50,15,6,3,1d8+4,1d6+4,1.0,A
8020,36,18,6,5,1d8+4,1d8+4,40,18,5,5,1d8+4,1d8+4,1.0,A
8021,33,16,7,4,1d10+4,1d8+4,30,18,8,5,1d10+4,1d6+4,8.0,B
8022,45,16,8,5,1d12+4,1d6+4,32,17,6,3,1d10+4,1d6+4,6.0,B
8023,36,18,7,4,1d12+4,1d8+4,41,15,7,5,1d10+4,1d8+4,7.0,B
8024,36,16,5,3,1d8+4,1d8+4,32,17,7,3,1d12+4,1d8+4,8.0,B
8025,48,17,7,5,1d10+4,1d8+4,36,17,7,3,1d10+4,1d8+4,8.0,A
8026,43,15,5,5,1d8+4,1d6+4,30,14,5,4,1d8+4,1d6+4,4.0,A
8027,47,18,6,3,1d8+4,1d8+4,50,16,8,4,1d8+4,1d8+4,0.0,A
8028,46,17,5,3,1d12+4,1d8+4,45,15,6,4,1d10+4,1d6+4,9.0,B
8029,37,16,7,5,1d12+4,1d6+4,39,18,6,3,1d10+4,1d6+4,1.0,B
8030,32,15,7,5,1d10+4,1d8+4,33,18,8,3,1d10+4,1d6+4,7.0,A
8031,30,16,8,5,1d8+4,1d6+4,31,14,5,5,1d8+4,1d6+4,0.0,B
8032,35,14,5,4,1d12+4,1d6+4,47,18,5,4,1d8+4,1d6+4,1.0,B
8033,48,15,8,3,1d8+4,1d6+4,34,18,7,4,1d8+4,1d6+4,0.0,A
8034,35,14,6,5,1d12+4,1d8+4,44,18,7,4,1d8+4,1d8+4,9.0,B
8035,42,18,8,3,1d12+4,1d6+4,35,14,6,5,1d12+4,1d8+4,8.0,A
8036,33,14,8,5,1d10+4,1d6+4,36,17,7,3,1d10+4,1d6+4,0.0,A
8037,40,18,5,3,1d8+4,1d6+4,46,15,5,3,1d8+4,1d8+4,5.0,B
8038,47,17,6,5,1d12+4,1d6+4,31,18,8,4,1d10+4,1d6+4,9.0,A
8039,49,16,8,3,1d10+4,1d6+4,40,14,5,4,1d10+4,1d6+4,5.0,A
8040,50,18,5,3,1d8+4,1d6+4,48,14,7,3,1d10+4,1d6+4,7.0,B
8041,33,15,7,3,1d12+4,1d8+4,44,18,8,5,1d8+4,1d8+4,5.0,B
8042,37,15,7,3,1d12+4,1d8+4,44,17,7,5,1d8+4,1d6+4,9.0,B
8043,44,17,8,3,1d8+4,1d6+4,50,17,5,5,1d10+4,1d8+4,6.0,A
8044,31,14,8,4,1d8+4,1d6+4,47,18,5,3,1d8+4,1d8+4,7.0,B
8045,47,15,8,5,1d8+4,1d6+4,41,15,8,4,1d12+4,1d8+4,3.0,B
8046,34,15,8,5,1d8+4,1d6+4,42,15,7,3,1d8+4,1d6+4,0.0,A
8047,30,15,5,4,1d8+4,1d8+4,38,14,7,3,1d10+4,1d8+4,6.0,B
8048,34,18,5,5,1d8+4,1d6+4,44,15,7,3,1d10+4,1d6+4,1.0,A
8049,34,15,5,5,1d12+4,1d6+4,39,16,8,5,1d8+4,1d8+4,10.0,B
8050,40,17,6,4,1d10+4,1d6+4,43,17,7,5,1d10+4,1d8+4,1.0,A
8051,49,16,7,5,1d10+4,1d8+4,50,15,8,3,1d8+4,1d8+4,5.0,A
8052,34,17,8,5,1d12+4,1d8+4,46,18,8,4,1d8+4,1d8+4,7.0,B
8053,42,17,7,4,1d10+4,1d8+4,30,17,6,3,1d10+4,1d6+4,4.0,A
8054,32,18,6,5,1d10+4,1d8+4,46,16,5,3,1d10+4,1d8+4,9.0,B
8055,45,15,7,3,1d12+4,1d8+4,39,16,7,5,1d10+4,1d8+4,7.0,B
8056,45,14,6,4,1d12+4,1d6+4,45,15,5,4,1d8+4,1d8+4,7.0,A
8057,39,15,6,5,1d10+4,1d8+4,46,18,6,3,1d10+4,1d8+4,5.0,B
8058,30,17,6,4,1d12+4,1d8+4,35,16,5,3,1d12+4,1d8+4,0.0,A
8059,41,17,8,5,1d8+4,1d8+4,37,17,7,4,1d8+4,1d8+4,9.0,B
8060,36,14,7,5,1d8+4,1d8+4,36,17,5,3,1d10+4,1d8+4,5.0,A
8061,49,18,6,3,1d10+4,1d6+4,44,16,7,5,1d10+4,1d6+4,2.0,A
8062,48,18,8,3,1d12+4,1d6+4,46,15,6,3,1d10+4,1d8+4,1.0,A
8063,45,18,7,4,1d12+4,1d8+4,46,18,5,5,1d12+4,1d6+4,3.0,B
8064,32,15,8,5,1d8+4,1d8+4,44,14,6,3,1d12+4,1d6+4,4.0,A
8065,32,17,5,5,1d8+4,1d6+4,38,16,6,4,1d8+4,1d6+4,3.0,A
8066,47,17,7,4,1d8+4,1d8+4,40,17,6,5,1d8+4,1d6+4,6.0,A
8067,46,15,6,3,1d8+4,1d8+4,33,17,5,5,1d10+4,1d8+4,1.0,B
8068,36,16,8,5,1d8+4,1d8+4,50,16,7,3,1d12+4,1d8+4,0.0,B
8069,37,15,5,5,1d10+4,1d8+4,32,14,8,3,1d10+4,1d6+4,7.0,A
8070,46,15,6,3,1d10+4,1d6+4,38,15,8,4,1d8+4,1d6+4,2.0,B
8071,41,14,8,3,1d8+4,1d8+4,45,16,7,3,1d8+4,1d6+4,6.0,A
8072,49,16,5,5,1d8+4,1d6+4,36,18,6,4,1d12+4,1d6+4,8.0,B
8073,37,16,8,5,1d8+4,1d6+4,42,16,5,5,1d8+4,1d8+4,4.0,B
8074,39,15,5,5,1d12+4,1d6+4,43,16,7,5,1d8+4,1d8+4,0.0,B
8075,33,15,7,3,1d8+4,1d6+4,50,14,6,4,1d10+4,1d8+4,0.0,B
8076,47,18,5,3,1d12+4,1d6+4,39,16,5,3,1d8+4,1d6+4,7.0,A
8077,50,16,7,4,1d10+4,1d8+4,34,14,5,5,1d12+4,1d8+4,4.0,A
8078,32,14,6,3,1d12+4,1d8+4,39,15,5,5,1d8+4,1d8+4,0.0,A
8079,40,17,8,5,1d8+4,1d8+4,45,18,8,5,1d10+4,1d6+4,0.0,B
8080,43,14,8,4,1d12+4,1d8+4,42,17,5,5,1d10+4,1d8+4,2.0,B
8081,30,18,7,3,1d12+4,1d8+4,32,15,8,5,1d8+4,1d6+4,3.0,A
8082,30,16,6,4,1d8+4,1d6+4,36,17,6,4,1d12+4,1d8+4,6.0,B
8083,40,18,6,5,1d12+4,1d8+4,39,14,6,5,1d12+4,1d6+4,7.0,A
8084,42,18,5,3,1d8+4,1d6+4,48,15,8,3,1d12+4,1d8+4,5.0,B
8085,44,15,7,5,1d8+4,1d6+4,49,18,7,4,1d12+4,1d6+4,10.0,B
8086,33,14,6,3,1d10+4,1d8+4,48,17,5,5,1d10+4,1d6+4,9.0,A
8087,37,17,7,4,1d12+4,1d6+4,37,18,7,5,1d12+4,1d6+4,5.0,B
8088,40,18,7,4,1d10+4,1d6+4,30,17,7,3,1d12+4,1d6+4,8.0,B
8089,42,18,6,4,1d12+4,1d6+4,40,16,5,5,1d10+4,1d6+4,2.0,A
8090,42,18,8,3,1d10+4,1d8+4,50,18,5,5,1d8+4,1d8+4,6.0,A
8091,43,18,5,3,1d10+4,1d8+4,33,18,7,3,1d10+4,1d8+4,3.0,A
8092,37,16,6,3,1d10+4,1d8+4,34,14,8,5,1d10+4,1d6+4,10.0,A
8093,32,18,5,4,1d10+4,1d8+4,47,17,7,4,1d8+4,1d8+4,5.0,B
8094,34,14,6,4,1d12+4,1d8+4,49,18,6,3,1d8+4,1d6+4,8.0,B
8095,50,16,5,5,1d12+4,1d8+4,34,15,6,5,1d10+4,1d6+4,0.0,A
8096,46,16,8,5,1d12+4,1d8+4,41,16,6,3,1d12+4,1d6+4,0.0,B
8097,40,18,8,5,1d8+4,1d8+4,36,17,6,5,1d12+4,1d6+4,10.0,A
8098,41,16,8,3,1d10+4,1d8+4,46,16,6,4,1d8+4,1d6+4,9.0,B
8099,35,16,8,3,1d10+4,1d6+4,47,16,7,5,1d8+4,1d6+4,1.0,B
8100,36,18,6,5,1d8+4,1d8+4,37,16,5,4,1d12+4,1d8+4,4.0,B
8101,30,18,7,3,1d10+4,1d8+4,38,15,5,3,1d10+4,1d8+4,7.0,A
8102,49,18,7,4,1d12+4,1d6+4,43,17,5,5,1d8+4,1d6+4,2.0,A
8103,44,17,6,3,1d12+4,1d6+4,31,14,6,4,1d10+4,1d6+4,5.0,A
8104,43,16,7,4,1d12+4,1d6+4,39,15,5,3,1d10+4,1d8+4,10.0,A
8105,32,15,8,5,1d10+4,1d6+4,35,16,6,4,1d12+4,1d6+4,4.0,A
8106,38,16,5,5,1d12+4,1d8+4,42,15,7,5,1d10+4,1d6+4,6.0,B
8107,32,15,8,3,1d8+4,1d6+4,49,18,6,4,1d8+4,1d6+4,2.0,B
8108,44,14,7,3,1d8+4,1d6+4,34,15,6,4,1d10+4,1d8+4,5.0,A
8109,31,14,7,4,1d12+4,1d8+4,43,15,5,4,1d12+4,1d6+4,8.0,A
8110,44,14,5,3,1d10+4,1d8+4,43,18,6,5,1d8+4,1d8+4,1.0,B
8111,31,17,5,3,1d12+4,1d6+4,36,18,5,4,1d8+4,1d8+4,9.0,A
8112,32,14,7,3,1d12+4,1d8+4,41,18,5,4,1d8+4,1d6+4,4.0,A
8113,30,16,7,3,1d8+4,1d6+4,36,16,8,4,1d8+4,1d6+4,7.0,A
8114,35,16,8,4,1d10+4,1d8+4,44,16,5,5,1d12+4,1d8+4,0.0,B
8115,31,17,6,5,1d10+4,1d6+4,45,15,7,4,1d10+4,1d8+4,5.0,B
8116,35,14,7,3,1d10+4,1d8+4,30,18,8,3,1d8+4,1d8+4,1.0,A
8117,30,15,5,5,1d10+4,1d8+4,37,17,5,4,1d8+4,1d8+4,0.0,B
8118,46,14,8,4,1d12+4,1d8+4,43,18,6,3,1d10+4,1d6+4,0.0,A
8119,50,18,6,3,1d8+4,1d8+4,42,15,8,4,1d12+4,1d6+4,0.0,A
8120,42,14,5,5,1d8+4,1d6+4,33,16,8,4,1d10+4,1d8+4,3.0,B
8121,42,18,7,3,1d10+4,1d8+4,33,16,8,5,1d10+4,1d6+4,7.0,A
8122,34,15,8,4,1d12+4,1d8+4,44,15,8,5,1d12+4,1d8+4,6.0,A
8123,47,14,7,5,1d8+4,1d6+4,32,14,8,3,1d8+4,1d8+4,1.0,A
8124,34,16,7,3,1d10+4,1d6+4,35,15,8,5,1d8+4,1d8+4,0.0,A
8125,32,18,6,5,1d12+4,1d8+4,42,16,5,5,1d8+4,1d6+4,0.0,B
8126,45,14,6,5,1d10+4,1d8+4,48,16,6,5,1d10+4,1d6+4,2.0,A
8127,50,14,6,5,1d12+4,1d8+4,39,15,7,3,1d12+4,1d8+4,9.0,A
8128,36,15,5,4,1d8+4,1d8+4,43,17,8,4,1d12+4,1d8+4,6.0,A
8129,49,15,5,4,1d12+4,1d6+4,35,17,6,4,1d10+4,1d8+4,1.0,A
8130,35,14,7,5,1d8+4,1d8+4,49,14,6,5,1d10+4,1d8+4,7.0,B
8131,30,16,5,5,1d8+4,1d6+4,30,17,7,3,1d8+4,1d6+4,9.0,B
8132,35,15,7,5,1d8+4,1d8+4,37,17,8,5,1d8+4,1d8+4,1.0,A
8133,30,16,6,3,1d8+4,1d8+4,45,18,6,5,1d10+4,1d6+4,3.0,B
8134,36,17,5,5,1d8+4,1d6+4,36,15,7,3,1d12+4,1d8+4,7.0,B
8135,43,15,5,4,1d12+4,1d8+4,31,14,8,5,1d10+4,1d8+4,4.0,B
8136,42,15,5,5,1d12+4,1d6+4,43,14,5,3,1d12+4,1d8+4,7.0,B
8137,33,16,8,5,1d10+4,1d6+4,37,17,8,5,1d10+4,1d8+4,10.0,B
8138,34,15,6,5,1d8+4,1d8+4,49,15,7,4,1d10+4,1d6+4,7.0,B
8139,37,14,7,3,1d10+4,1d6+4,41,16,8,3,1d10+4,1d8+4,5.0,A
8140,32,17,5,5,1d12+4,1d8+4,44,15,7,4,1d12+4,1d8+4,7.0,A
8141,38,15,5,4,1d8+4,1d8+4,35,16,7,4,1d10+4,1d8+4,7.0,B
8142,30,15,5,3,1d12+4,1d8+4,46,16,8,3,1d10+4,1d6+4,2.0,A
8143,40,14,8,5,1d8+4,1d6+4,40,15,7,3,1d10+4,1d8+4,2.0,A
8144,45,18,8,4,1d10+4,1d6+4,47,14,6,4,1d10+4,1d8+4,8.0,A
8145,48,16,5,3,1d10+4,1d6+4,42,17,8,5,1d10+4,1d8+4,5.0,A
8146,48,17,5,3,1d10+4,1d8+4,46,16,6,3,1d12+4,1d6+4,8.0,A
8147,30,14,7,4,1d12+4,1d6+4,41,14,7,3,1d12+4,1d6+4,3.0,B
8148,38,16,5,5,1d10+4,1d8+4,35,14,5,5,1d8+4,1d6+4,5.0,B
8149,49,14,5,4,1d12+4,1d6+4,35,18,7,5,1d10+4,1d8+4,1.0,A
8150,47,15,7,5,1d12+4,1d8+4,50,18,7,4,1d8+4,1d8+4,8.0,A
8151,39,14,8,4,1d8+4,1d8+4,44,17,7,5,1d8+4,1d6+4,9.0,A
8152,50,16,7,5,1d10+4,1d6+4,32,14,8,5,1d8+4,1d6+4,6.0,B
8153,40,16,8,3,1d10+4,1d8+4,30,17,7,4,1d12+4,1d8+4,0.0,A
8154,36,15,6,3,1d12+4,1d8+4,30,15,8,5,1d10+4,1d6+4,7.0,B
8155,49,16,6,5,1d12+4,1d8+4,49,15,6,5,1d8+4,1d8+4,8.0,A
8156,47,17,6,4,1d12+4,1d6+4,42,17,5,4,1d10+4,1d8+4,0.0,A
8157,41,17,8,4,1d12+4,1d6+4,40,17,8,5,1d10+4,1d6+4,3.0,B
8158,44,16,5,5,1d10+4,1d6+4,44,17,7,3,1d8+4,1d6+4,1.0,A
8159,49,18,8,3,1d8+4,1d6+4,49,15,7,4,1d12+4,1d6+4,1.0,A
8160,36,18,5,5,1d10+4,1d6+4,44,15,5,4,1d10+4,1d6+4,1.0,B
8161,39,14,7,5,1d10+4,1d8+4,49,15,6,5,1d12+4,1d8+4,3.0,A
8162,36,14,8,5,1d10+4,1d8+4,46,14,8,4,1d8+4,1d8+4,4.0,B
8163,34,14,6,5,1d12+4,1d8+4,45,17,8,4,1d12+4,1d8+4,7.0,B
8164,44,17,5,4,1d10+4,1d6+4,33,18,8,5,1d12+4,1d8+4,6.0,B
8165,36,17,5,4,1d12+4,1d8+4,37,18,7,5,1d8+4,1d6+4,1.0,B
8166,36,16,8,5,1d10+4,1d6+4,48,14,5,4,1d12+4,1d8+4,7.0,B
8167,47,14,7,3,1d12+4,1d6+4,35,18,6,3,1d8+4,1d6+4,5.0,A
8168,37,14,8,4,1d8+4,1d8+4,49,16,6,3,1d10+4,1d6+4,0.0,A
8169,42,16,7,4,1d12+4,1d6+4,50,16,7,5,1d8+4,1d8+4,5.0,A
8170,50,18,8,5,1d8+4,1d8+4,33,14,5,4,1d12+4,1d6+4,8.0,A
8171,33,16,8,3,1d10+4,1d6+4,34,18,5,5,1d12+4,1d6+4,5.0,A
8172,49,18,6,4,1d12+4,1d6+4,39,14,7,4,1d10+4,1d6+4,0.0,B
8173,40,17,5,4,1d10+4,1d6+4,45,14,5,3,1d12+4,1d8+4,0.0,A
8174,32,16,6,3,1d12+4,1d8+4,50,17,8,3,1d10+4,1d8+4,2.0,B
8175,44,15,6,4,1d8+4,1d6+4,41,15,8,3,1d12+4,1d8+4,10.0,B
8176,48,18,8,4,1d8+4,1d8+4,44,17,7,5,1d12+4,1d6+4,9.0,A
8177,31,15,6,5,1d12+4,1d8+4,42,16,6,5,1d8+4,1d8+4,5.0,B
8178,43,17,8,3,1d8+4,1d8+4,32,14,7,5,1d8+4,1d6+4,8.0,A
8179,39,17,6,3,1d10+4,1d8+4,46,15,7,5,1d10+4,1d6+4,5.0,B
8180,41,14,7,4,1d12+4,1d6+4,42,16,7,4,1d10+4,1d6+4,2.0,B
8181,47,16,6,5,1d10+4,1d8+4,37,18,6,5,1d12+4,1d8+4,10.0,B
8182,41,17,8,5,1d8+4,1d8+4,49,18,5,4,1d8+4,1d6+4,10.0,A
8183,40,17,7,3,1d12+4,1d6+4,48,18,7,5,1d10+4,1d8+4,6.0,A
8184,43,18,7,5,1d12+4,1d8+4,37,15,7,4,1d8+4,1d8+4,8.0,A
8185,47,17,6,4,1d12+4,1d6+4,44,17,6,4,1d8+4,1d6+4,6.0,A
8186,50,18,5,5,1d12+4,1d6+4,32,16,8,5,1d8+4,1d6+4,0.0,B
8187,48,17,8,4,1d10+4,1d6+4,49,18,7,3,1d8+4,1d8+4,2.0,A
8188,30,18,7,3,1d8+4,1d8+4,38,15,5,4,1d12+4,1d8+4,6.0,B
8189,50,17,5,5,1d12+4,1d8+4,41,15,7,5,1d8+4,1d6+4,3.0,A
8190,47,18,7,4,1d8+4,1d8+4,36,16,7,4,1d10+4,1d6+4,7.0,A
8191,31,14,7,4,1d10+4,1d8+4,38,17,8,4,1d10+4,1d6+4,6.0,B
8192,41,17,8,3,1d12+4,1d6+4,47,16,8,3,1d10+4,1d6+4,7.0,A
8193,36,15,8,5,1d10+4,1d8+4,44,15,8,3,1d10+4,1d8+4,8.0,A
8194,33,16,7,3,1d8+4,1d6+4,39,15,5,3,1d8+4,1d6+4,7.0,A
8195,47,17,6,5,1d12+4,1d6+4,36,17,5,5,1d8+4,1d8+4,0.0,A
8196,36,16,7,3,1d12+4,1d8+4,42,15,5,5,1d8+4,1d6+4,9.0,A
8197,31,16,5,5,1d10+4,1d8+4,45,14,8,4,1d10+4,1d8+4,1.0,A
8198,49,17,6,3,1d10+4,1d6+4,41,18,8,3,1d8+4,1d8+4,3.0,A
8199,43,15,8,3,1d8+4,1d6+4,33,16,8,3,1d10+4,1d8+4,9.0,B
8200,45,17,7,4,1d12+4,1d8+4,31,16,8,5,1d8+4,1d6+4,5.0,A
8201,50,16,5,3,1d8+4,1d6+4,33,18,8,5,1d10+4,1d8+4,8.0,B
8202,36,16,5,3,1d8+4,1d6+4,46,16,5,4,1d8+4,1d6+4,3.0,A
8203,37,15,6,4,1d10+4,1d8+4,34,14,5,5,1d12+4,1d6+4,3.0,B
8204,41,14,6,4,1d12+4,1d6+4,49,18,8,3,1d12+4,1d8+4,5.0,B
8205,50,14,6,5,1d8+4,1d6+4,35,14,8,5,1d8+4,1d8+4,3.0,A
8206,41,17,5,4,1d12+4,1d8+4,38,18,5,4,1d12+4,1d8+4,0.0,A
8207,36,18,8,3,1d12+4,1d6+4,35,14,8,3,1d10+4,1d6+4,8.0,A
8208,36,15,8,4,1d12+4,1d6+4,31,14,6,3,1d8+4,1d8+4,4.0,A
8209,45,15,7,5,1d12+4,1d8+4,30,16,7,5,1d8+4,1d6+4,7.0,A
8210,45,17,6,3,1d10+4,1d8+4,44,14,5,5,1d8+4,1d8+4,1.0,B
8211,41,15,6,3,1d8+4,1d6+4,45,16,8,5,1d12+4,1d8+4,9.0,B
8212,44,16,5,4,1d8+4,1d6+4,42,18,5,4,1d12+4,1d8+4,0.0,A
8213,40,15,6,3,1d12+4,1d8+4,44,17,8,3,1d8+4,1d8+4,2.0,A
8214,42,18,6,3,1d10+4,1d8+4,38,16,6,4,1d10+4,1d6+4,9.0,A
8215,39,17,7,5,1d12+4,1d8+4,31,15,7,4,1d12+4,1d8+4,6.0,A
8216,48,16,7,5,1d8+4,1d6+4,42,14,8,4,1d8+4,1d6+4,2.0,A
8217,31,16,6,5,1d8+4,1d6+4,34,16,8,5,1d12+4,1d8+4,10.0,B
8218,32,15,7,5,1d12+4,1d8+4,45,18,7,4,1d10+4,1d6+4,2.0,A
8219,43,17,5,4,1d12+4,1d6+4,34,14,8,5,1d12+4,1d8+4,0.0,A
8220,46,18,8,4,1d10+4,1d8+4,40,17,5,4,1d12+4,1d6+4,7.0,A
8221,34,17,7,5,1d10+4,1d8+4,42,15,6,3,1d8+4,1d8+4,10.0,A
8222,38,15,7,3,1d10+4,1d8+4,33,17,8,3,1d10+4,1d6+4,4.0,B
8223,41,18,6,5,1d8+4,1d8+4,50,15,5,3,1d8+4,1d6+4,4.0,A
8224,35,15,6,4,1d8+4,1d6+4,43,14,6,3,1d10+4,1d6+4,2.0,B
8225,41,17,6,4,1d8+4,1d6+4,40,14,6,5,1d8+4,1d6+4,7.0,A
8226,41,17,5,5,1d10+4,1d6+4,40,15,6,3,1d12+4,1d6+4,6.0,A
8227,36,17,7,5,1d10+4,1d8+4,50,15,6,3,1d12+4,1d8+4,0.0,B
8228,35,14,5,5,1d8+4,1d8+4,36,15,8,4,1d8+4,1d8+4,6.0,B
8229,32,14,8,3,1d8+4,1d6+4,36,15,5,5,1d8+4,1d6+4,8.0,A
8230,32,17,7,5,1d12+4,1d8+4,49,15,8,5,1d12+4,1d6+4,9.0,B
8231,32,14,5,4,1d12+4,1d6+4,46,15,6,3,1d10+4,1d6+4,0.0,A
8232,49,14,6,3,1d8+4,1d8+4,35,17,7,5,1d12+4,1d6+4,0.0,A
8233,48,14,8,3,1d12+4,1d6+4,47,18,7,5,1d8+4,1d6+4,9.0,B
8234,41,17,7,5,1d12+4,1d8+4,40,14,7,3,1d12+4,1d8+4,9.0,B
8235,49,17,6,3,1d12+4,1d6+4,36,17,5,3,1d10+4,1d8+4,7.0,B
8236,37,14,5,4,1d12+4,1d8+4,42,17,5,4,1d10+4,1d8+4,2.0,A
8237,45,17,6,3,1d12+4,1d8+4,49,16,6,5,1d10+4,1d6+4,4.0,A
8238,45,18,8,3,1d10+4,1d6+4,43,17,8,4,1d8+4,1d6+4,2.0,B
8239,45,18,5,5,1d12+4,1d8+4,42,17,6,4,1d8+4,1d8+4,9.0,A
8240,34,14,5,3,1d12+4,1d6+4,49,18,8,4,1d10+4,1d6+4,1.0,B
8241,38,14,5,3,1d12+4,1d6+4,35,15,8,3,1d10+4,1d8+4,5.0,B
8242,40,17,7,5,1d12+4,1d6+4,35,14,7,5,1d10+4,1d6+4,7.0,A
8243,30,18,5,3,1d12+4,1d6+4,30,18,7,4,1d8+4,1d8+4,2.0,A
8244,47,16,6,5,1d12+4,1d8+4,48,17,5,4,1d10+4,1d6+4,0.0,A
8245,47,14,8,5,1d12+4,1d8+4,49,14,6,5,1d10+4,1d8+4,3.0,A
8246,37,16,5,4,1d10+4,1d8+4,33,18,5,5,1d10+4,1d8+4,9.0,B
8247,39,16,6,4,1d12+4,1d8+4,47,15,5,4,1d12+4,1d6+4,10.0,B
8248,43,18,7,4,1d12+4,1d8+4,40,16,8,4,1d8+4,1d6+4,10.0,A
8249,48,17,7,3,1d10+4,1d6+4,30,17,8,5,1d10+4,1d6+4,5.0,B
8250,47,18,5,4,1d8+4,1d6+4,37,18,7,3,1d12+4,1d8+4,4.0,A
8251,34,18,8,3,1d12+4,1d6+4,48,15,5,4,1d8+4,1d6+4,0.0,B
8252,34,14,8,5,1d8+4,1d6+4,38,15,5,4,1d10+4,1d6+4,0.0,B
8253,41,14,8,4,1d12+4,1d8+4,45,15,7,5,1d12+4,1d8+4,9.0,A
8254,34,16,7,3,1d10+4,1d8+4,37,15,8,5,1d12+4,1d6+4,5.0,B
8255,45,15,7,5,1d12+4,1d8+4,47,17,8,5,1d8+4,1d6+4,2.0,B
8256,36,16,5,3,1d12+4,1d6+4,45,17,6,3,1d12+4,1d8+4,3.0,B
8257,39,18,5,3,1d10+4,1d8+4,37,18,8,5,1d10+4,1d6+4,3.0,B
8258,48,17,6,4,1d10+4,1d8+4,48,14,6,3,1d8+4,1d8+4,9.0,B
8259,42,15,7,5,1d8+4,1d6+4,43,16,5,5,1d8+4,1d8+4,0.0,A
8260,42,18,6,5,1d12+4,1d6+4,47,14,8,5,1d10+4,1d8+4,8.0,B
8261,31,16,5,4,1d10+4,1d6+4,45,14,6,3,1d8+4,1d8+4,2.0,B
8262,42,15,8,3,1d12+4,1d6+4,40,15,8,5,1d12+4,1d8+4,1.0,B
8263,43,16,5,3,1d10+4,1d6+4,32,18,6,5,1d8+4,1d6+4,7.0,A
8264,36,17,7,5,1d8+4,1d8+4,43,15,8,4,1d10+4,1d8+4,1.0,A
8265,36,16,6,3,1d12+4,1d6+4,39,17,7,5,1d8+4,1d6+4,5.0,B
8266,46,15,5,4,1d12+4,1d8+4,45,14,5,3,1d12+4,1d6+4,2.0,A
8267,34,14,5,5,1d8+4,1d6+4,34,15,7,4,1d10+4,1d8+4,1.0,A
8268,40,16,7,3,1d8+4,1d6+4,40,18,7,5,1d10+4,1d6+4,4.0,B
8269,42,16,5,4,1d12+4,1d8+4,40,14,6,5,1d10+4,1d6+4,8.0,A
8270,35,14,6,4,1d10+4,1d6+4,38,18,5,4,1d8+4,1d6+4,2.0,A
8271,48,16,6,3,1d8+4,1d6+4,32,14,8,3,1d10+4,1d6+4,2.0,A
8272,31,16,5,3,1d8+4,1d6+4,46,14,7,3,1d10+4,1d6+4,7.0,A
8273,36,17,5,5,1d8+4,1d8+4,49,14,8,3,1d8+4,1d8+4,5.0,B
8274,31,15,8,5,1d8+4,1d6+4,43,18,6,4,1d10+4,1d6+4,6.0,B
8275,48,14,7,3,1d8+4,1d8+4,32,14,6,5,1d8+4,1d6+4,0.0,A
8276,35,16,6,5,1d12+4,1d6+4,50,17,7,4,1d8+4,1d8+4,3.0,B
8277,42,15,6,3,1d8+4,1d6+4,38,14,5,4,1d10+4,1d6+4,8.0,A
8278,43,15,6,4,1d12+4,1d8+4,39,17,6,5,1d8+4,1d6+4,5.0,A
8279,48,17,5,3,1d8+4,1d6+4,50,15,6,5,1d12+4,1d8+4,7.0,B
8280,35,14,7,5,1d12+4,1d6+4,45,15,5,5,1d12+4,1d6+4,2.0,B
8281,31,15,7,3,1d10+4,1d6+4,49,14,7,5,1d8+4,1d8+4,3.0,B
8282,36,16,5,5,1d10+4,1d6+4,36,16,7,4,1d10+4,1d8+4,7.0,B
8283,34,18,8,5,1d12+4,1d8+4,47,17,8,4,1d12+4,1d6+4,9.0,B
8284,47,15,7,3,1d10+4,1d8+4,40,18,6,5,1d10+4,1d8+4,3.0,A
8285,47,18,7,4,1d12+4,1d8+4,44,14,7,5,1d10+4,1d8+4,3.0,A
8286,36,15,7,3,1d12+4,1d6+4,34,14,8,4,1d8+4,1d6+4,2.0,B
8287,30,16,7,4,1d8+4,1d6+4,32,15,6,4,1d8+4,1d8+4,5.0,B
8288,39,14,8,4,1d8+4,1d6+4,46,17,6,3,1d10+4,1d8+4,3.0,B
8289,50,18,5,4,1d12+4,1d8+4,48,17,7,3,1d12+4,1d6+4,3.0,B
8290,30,18,5,3,1d10+4,1d8+4,43,18,7,3,1d8+4,1d8+4,6.0,B
8291,48,14,8,4,1d12+4,1d8+4,49,17,8,4,1d12+4,1d6+4,10.0,A
8292,49,17,8,5,1d8+4,1d8+4,36,16,6,3,1d8+4,1d6+4,5.0,A
8293,32,16,8,4,1d12+4,1d6+4,41,14,7,3,1d10+4,1d8+4,2.0,A
8294,47,18,7,5,1d8+4,1d8+4,48,17,5,4,1d10+4,1d8+4,2.0,B
8295,36,16,6,4,1d8+4,1d6+4,35,16,6,3,1d12+4,1d8+4,7.0,A
8296,40,16,8,3,1d10+4,1d8+4,46,16,7,3,1d12+4,1d8+4,1.0,B
8297,37,18,8,5,1d12+4,1d8+4,33,17,5,3,1d8+4,1d6+4,1.0,B
8298,33,15,7,4,1d10+4,1d8+4,37,16,8,5,1d10+4,1d8+4,4.0,B
8299,48,15,7,4,1d10+4,1d8+4,50,18,7,4,1d8+4,1d6+4,9.0,B
8300,40,15,8,5,1d12+4,1d6+4,34,16,8,4,1d8+4,1d6+4,10.0,A
8301,41,14,6,5,1d8+4,1d8+4,45,14,6,3,1d12+4,1d6+4,0.0,B
8302,50,18,5,4,1d8+4,1d8+4,36,15,5,5,1d12+4,1d8+4,9.0,A
8303,36,17,6,4,1d12+4,1d6+4,35,18,5,5,1d12+4,1d8+4,3.0,A
8304,40,17,5,3,1d8+4,1d6+4,31,17,6,3,1d8+4,1d6+4,3.0,B
8305,45,18,8,4,1d12+4,1d6+4,30,17,8,3,1d8+4,1d8+4,6.0,A
8306,34,16,6,4,1d10+4,1d8+4,40,14,6,4,1d12+4,1d8+4,9.0,B
8307,30,15,6,5,1d12+4,1d8+4,43,18,5,3,1d10+4,1d8+4,6.0,B
8308,34,17,5,5,1d12+4,1d8+4,38,14,6,5,1d8+4,1d6+4,4.0,A
8309,32,18,8,4,1d12+4,1d8+4,38,15,8,3,1d8+4,1d6+4,1.0,B
8310,33,14,7,5,1d12+4,1d6+4,37,15,6,3,1d10+4,1d6+4,1.0,B
8311,47,17,6,5,1d10+4,1d6+4,39,18,6,3,1d12+4,1d6+4,0.0,A
8312,35,16,6,3,1d8+4,1d6+4,35,18,6,3,1d10+4,1d6+4,0.0,B
8313,33,18,7,3,1d12+4,1d6+4,50,15,5,5,1d12+4,1d8+4,7.0,B
8314,36,17,6,4,1d12+4,1d8+4,47,18,7,3,1d8+4,1d6+4,1.0,B
8315,47,16,5,3,1d10+4,1d6+4,37,16,8,5,1d10+4,1d8+4,4.0,B
8316,31,17,8,3,1d10+4,1d8+4,48,18,5,5,1d8+4,1d6+4,2.0,B
8317,30,14,5,3,1d12+4,1d8+4,31,18,7,4,1d10+4,1d6+4,7.0,A
8318,46,18,5,5,1d12+4,1d8+4,48,14,8,4,1d8+4,1d8+4,8.0,B
8319,30,14,5,5,1d8+4,1d8+4,48,14,5,3,1d10+4,1d6+4,8.0,A
8320,36,17,8,5,1d10+4,1d8+4,42,16,6,3,1d10+4,1d8+4,8.0,B
8321,48,15,7,4,1d12+4,1d6+4,48,16,6,3,1d10+4,1d6+4,3.0,B
8322,31,14,8,5,1d10+4,1d8+4,31,17,6,5,1d12+4,1d6+4,6.0,B
8323,34,18,5,5,1d10+4,1d6+4,32,17,6,5,1d8+4,1d6+4,2.0,A
8324,31,18,8,3,1d10+4,1d6+4,45,18,8,5,1d8+4,1d8+4,6.0,B
8325,44,16,7,3,1d12+4,1d6+4,32,14,5,3,1d12+4,1d8+4,6.0,A
8326,36,15,7,5,1d8+4,1d8+4,34,16,8,4,1d10+4,1d8+4,5.0,A
8327,30,15,8,4,1d8+4,1d6+4,44,18,7,5,1d10+4,1d8+4,5.0,B
8328,49,15,5,5,1d12+4,1d6+4,43,18,5,5,1d8+4,1d8+4,10.0,A
8329,42,18,6,5,1d8+4,1d8+4,47,18,8,5,1d12+4,1d6+4,6.0,A
8330,43,18,7,3,1d8+4,1d6+4,30,15,8,4,1d10+4,1d8+4,5.0,A
8331,39,15,7,3,1d8+4,1d6+4,31,14,6,4,1d12+4,1d8+4,9.0,A
8332,43,14,5,3,1d8+4,1d6+4,30,16,6,3,1d10+4,1d8+4,4.0,A
8333,33,15,5,3,1d10+4,1d6+4,33,16,5,5,1d8+4,1d6+4,9.0,A
8334,49,17,8,5,1d12+4,1d6+4,42,16,8,5,1d12+4,1d8+4,4.0,A
8335,35,18,8,5,1d10+4,1d6+4,41,14,5,5,1d12+4,1d6+4,4.0,B
8336,42,15,7,3,1d10+4,1d6+4,40,18,8,5,1d12+4,1d8+4,5.0,B
8337,43,17,5,5,1d10+4,1d6+4,46,15,5,3,1d10+4,1d6+4,5.0,A
8338,38,16,8,3,1d8+4,1d6+4,34,15,7,4,1d10+4,1d6+4,4.0,A
8339,48,14,6,3,1d8+4,1d8+4,39,16,7,4,1d8+4,1d6+4,0.0,A
8340,50,14,8,4,1d12+4,1d6+4,30,14,5,4,1d8+4,1d6+4,9.0,A
8341,48,15,6,4,1d12+4,1d8+4,46,16,7,4,1d8+4,1d6+4,9.0,A
8342,40,18,6,5,1d10+4,1d8+4,45,14,8,4,1d10+4,1d8+4,4.0,B
8343,48,16,5,5,1d10+4,1d6+4,36,16,7,5,1d12+4,1d8+4,0.0,B
8344,37,17,7,3,1d10+4,1d6+4,36,18,6,3,1d8+4,1d8+4,1.0,A
8345,33,17,6,5,1d12+4,1d6+4,50,15,7,5,1d12+4,1d6+4,7.0,B
8346,46,18,8,4,1d10+4,1d8+4,46,18,8,3,1d10+4,1d6+4,2.0,B
8347,31,17,8,4,1d10+4,1d8+4,36,14,8,3,1d12+4,1d8+4,7.0,B
8348,44,16,8,3,1d8+4,1d8+4,33,18,8,4,1d8+4,1d6+4,7.0,A
8349,33,16,7,5,1d10+4,1d8+4,39,18,5,3,1d8+4,1d6+4,0.0,A
8350,46,14,5,3,1d10+4,1d6+4,39,16,7,5,1d10+4,1d6+4,1.0,A
8351,34,16,7,4,1d8+4,1d8+4,30,17,5,4,1d10+4,1d8+4,2.0,A
8352,50,18,5,5,1d12+4,1d8+4,33,16,7,5,1d8+4,1d8+4,0.0,A
8353,48,18,6,3,1d10+4,1d6+4,34,16,6,4,1d10+4,1d8+4,4.0,A
8354,32,17,5,3,1d12+4,1d8+4,48,17,7,3,1d8+4,1d6+4,3.0,B
8355,42,14,5,4,1d8+4,1d6+4,38,15,5,5,1d12+4,1d6+4,5.0,A
8356,47,14,5,3,1d8+4,1d8+4,34,14,8,5,1d12+4,1d6+4,4.0,B
8357,47,16,5,5,1d8+4,1d8+4,32,14,5,4,1d8+4,1d8+4,3.0,A
8358,43,18,6,3,1d10+4,1d6+4,37,15,7,5,1d10+4,1d6+4,4.0,A
8359,38,14,7,4,1d8+4,1d6+4,31,17,7,5,1d10+4,1d6+4,5.0,A
8360,40,18,7,4,1d10+4,1d8+4,48,15,5,4,1d8+4,1d6+4,7.0,A
8361,44,17,8,5,1d8+4,1d8+4,48,18,8,5,1d10+4,1d8+4,9.0,B
8362,38,18,5,5,1d8+4,1d6+4,36,15,8,5,1d12+4,1d8+4,5.0,B
8363,30,15,6,4,1d10+4,1d6+4,36,18,5,4,1d10+4,1d6+4,3.0,B
8364,46,16,8,4,1d12+4,1d6+4,48,14,5,3,1d12+4,1d8+4,8.0,A
8365,43,18,5,5,1d12+4,1d8+4,44,17,7,4,1d12+4,1d6+4,8.0,B
8366,40,17,6,3,1d8+4,1d8+4,39,18,6,5,1d10+4,1d6+4,4.0,A
8367,47,18,5,4,1d12+4,1d8+4,49,15,7,4,1d10+4,1d8+4,9.0,A
8368,41,14,5,4,1d12+4,1d8+4,32,18,6,3,1d8+4,1d8+4,0.0,B
8369,38,14,8,4,1d8+4,1d8+4,47,14,5,5,1d12+4,1d6+4,0.0,A
8370,30,18,6,4,1d12+4,1d8+4,41,17,7,3,1d10+4,1d6+4,7.0,B
8371,41,14,6,4,1d10+4,1d6+4,44,16,6,5,1d8+4,1d6+4,1.0,A
8372,35,18,5,5,1d8+4,1d6+4,49,17,7,4,1d12+4,1d6+4,9.0,B
8373,47,18,7,3,1d10+4,1d6+4,31,16,7,4,1d10+4,1d6+4,10.0,A
8374,43,18,8,4,1d12+4,1d6+4,50,15,5,3,1d10+4,1d8+4,4.0,A
8375,39,15,5,5,1d12+4,1d6+4,46,15,8,3,1d8+4,1d8+4,5.0,A
8376,49,14,6,4,1d8+4,1d6+4,34,17,8,3,1d12+4,1d6+4,5.0,A
8377,36,18,5,3,1d12+4,1d8+4,33,16,8,4,1d8+4,1d6+4,2.0,A
8378,48,15,5,4,1d10+4,1d8+4,39,14,5,5,1d10+4,1d6+4,9.0,A
8379,39,15,8,4,1d12+4,1d8+4,47,15,6,4,1d10+4,1d6+4,2.0,A
8380,31,14,8,3,1d10+4,1d6+4,37,16,8,3,1d10+4,1d8+4,5.0,A
8381,30,14,6,4,1d12+4,1d8+4,30,14,5,5,1d8+4,1d8+4,6.0,B
8382,30,14,7,4,1d10+4,1d8+4,31,16,7,5,1d8+4,1d8+4,7.0,A
8383,50,18,8,4,1d10+4,1d6+4,40,17,7,5,1d8+4,1d8+4,0.0,B
8384,47,14,6,4,1d10+4,1d6+4,42,14,6,5,1d8+4,1d8+4,3.0,A
8385,45,18,6,4,1d10+4,1d8+4,37,16,8,4,1d10+4,1d6+4,1.0,A
8386,31,16,6,5,1d8+4,1d6+4,45,17,6,5,1d10+4,1d6+4,9.0,A
8387,42,17,7,4,1d10+4,1d6+4,48,15,8,4,1d10+4,1d6+4,10.0,B
8388,48,15,7,4,1d10+4,1d6+4,31,14,6,5,1d8+4,1d8+4,3.0,A
8389,44,14,5,3,1d10+4,1d6+4,49,18,8,5,1d12+4,1d8+4,6.0,B
8390,40,18,8,3,1d12+4,1d6+4,45,17,8,3,1d8+4,1d6+4,0.0,A
8391,49,15,7,5,1d8+4,1d8+4,37,14,6,3,1d12+4,1d8+4,0.0,A
8392,46,15,5,3,1d8+4,1d8+4,33,17,5,4,1d10+4,1d6+4,7.0,B
8393,32,17,5,5,1d12+4,1d6+4,34,14,8,3,1d8+4,1d6+4,5.0,A
8394,33,17,5,5,1d8+4,1d8+4,32,15,6,4,1d8+4,1d6+4,7.0,B
8395,35,18,8,3,1d12+4,1d6+4,35,18,7,4,1d12+4,1d6+4,7.0,A
8396,48,16,7,5,1d12+4,1d8+4,32,17,5,4,1d12+4,1d6+4,1.0,A
8397,50,18,8,5,1d8+4,1d8+4,30,17,6,3,1d10+4,1d8+4,7.0,A
8398,39,15,7,4,1d12+4,1d8+4,30,16,5,5,1d10+4,1d8+4,3.0,A
8399,47,16,6,4,1d12+4,1d8+4,49,16,5,5,1d8+4,1d8+4,0.0,B
8400,40,15,8,4,1d10+4,1d6+4,40,17,5,3,1d12+4,1d8+4,8.0,A
8401,33,14,8,4,1d10+4,1d6+4,50,16,8,3,1d10+4,1d6+4,6.0,B
8402,35,18,8,4,1d12+4,1d8+4,35,17,5,5,1d12+4,1d8+4,0.0,A
8403,46,17,5,3,1d10+4,1d6+4,47,14,8,5,1d10+4,1d6+4,10.0,B
8404,45,18,8,4,1d10+4,1d6+4,32,16,5,5,1d8+4,1d6+4,5.0,A
8405,32,16,5,4,1d12+4,1d6+4,38,15,6,4,1d8+4,1d8+4,1.0,A
8406,35,17,7,5,1d8+4,1d6+4,43,18,8,5,1d8+4,1d6+4,5.0,B
8407,42,18,8,3,1d12+4,1d8+4,34,15,6,3,1d12+4,1d6+4,7.0,A
8408,33,18,6,3,1d12+4,1d6+4,39,16,7,4,1d8+4,1d6+4,6.0,B
8409,36,14,8,4,1d8+4,1d6+4,50,16,5,3,1d12+4,1d8+4,7.0,A
8410,41,16,6,5,1d10+4,1d6+4,43,17,6,3,1d10+4,1d8+4,9.0,B
8411,45,14,5,5,1d12+4,1d6+4,32,18,5,4,1d8+4,1d8+4,9.0,A
8412,49,18,6,5,1d12+4,1d6+4,48,17,8,4,1d8+4,1d6+4,7.0,A
8413,31,16,8,3,1d12+4,1d8+4,49,16,7,3,1d8+4,1d8+4,0.0,B
8414,39,15,5,4,1d10+4,1d8+4,33,17,8,4,1d12+4,1d8+4,1.0,B
8415,34,17,6,4,1d10+4,1d8+4,42,18,5,4,1d8+4,1d8+4,1.0,B
8416,30,17,7,5,1d10+4,1d8+4,43,14,7,5,1d10+4,1d8+4,6.0,A
8417,46,16,8,5,1d8+4,1d6+4,38,15,5,3,1d8+4,1d6+4,7.0,A
8418,34,15,7,4,1d8+4,1d8+4,36,17,7,4,1d8+4,1d8+4,5.0,B
8419,40,18,5,4,1d8+4,1d8+4,42,15,5,4,1d12+4,1d6+4,5.0,B
8420,35,17,7,5,1d10+4,1d6+4,37,17,8,5,1d10+4,1d6+4,8.0,B
8421,41,18,5,5,1d8+4,1d8+4,32,17,5,4,1d12+4,1d6+4,4.0,A
8422,35,18,7,3,1d12+4,1d8+4,49,15,6,3,1d10+4,1d6+4,6.0,A
8423,42,14,5,3,1d8+4,1d8+4,49,18,6,5,1d10+4,1d8+4,6.0,B
8424,33,14,8,3,1d10+4,1d8+4,31,18,5,3,1d12+4,1d6+4,8.0,B
8425,38,18,8,4,1d12+4,1d6+4,32,16,8,5,1d10+4,1d6+4,8.0,A
8426,34,15,8,3,1d10+4,1d6+4,34,18,6,3,1d8+4,1d6+4,5.0,A
8427,47,14,6,4,1d10+4,1d6+4,39,14,5,3,1d12+4,1d8+4,6.0,A
8428,38,18,6,4,1d8+4,1d6+4,32,16,8,4,1d12+4,1d6+4,5.0,A
8429,44,17,6,4,1d10+4,1d6+4,44,16,5,3,1d12+4,1d8+4,10.0,B
8430,41,15,8,4,1d10+4,1d6+4,49,15,5,4,1d10+4,1d6+4,6.0,A
8431,44,15,5,4,1d10+4,1d6+4,32,18,8,3,1d10+4,1d6+4,0.0,B
8432,34,18,7,4,1d8+4,1d8+4,37,14,8,3,1d12+4,1d8+4,9.0,B
8433,31,16,8,3,1d10+4,1d6+4,31,16,5,5,1d12+4,1d6+4,8.0,B
8434,46,14,8,5,1d10+4,1d6+4,45,15,6,5,1d8+4,1d8+4,5.0,A
8435,45,14,7,3,1d12+4,1d6+4,37,15,7,3,1d12+4,1d6+4,3.0,A
8436,34,17,5,5,1d12+4,1d8+4,42,14,6,5,1d10+4,1d8+4,3.0,B
8437,37,17,6,5,1d10+4,1d6+4,44,17,8,5,1d10+4,1d6+4,5.0,B
8438,33,15,5,4,1d12+4,1d8+4,49,16,6,4,1d12+4,1d6+4,7.0,B
8439,41,17,5,4,1d8+4,1d8+4,33,18,7,5,1d12+4,1d8+4,2.0,A
8440,41,17,5,5,1d8+4,1d8+4,45,18,6,5,1d10+4,1d8+4,9.0,A
8441,44,14,7,4,1d10+4,1d8+4,33,18,5,3,1d12+4,1d6+4,5.0,A
8442,44,17,8,3,1d12+4,1d6+4,42,18,5,3,1d12+4,1d6+4,3.0,A
8443,48,18,7,5,1d10+4,1d8+4,37,14,7,4,1d8+4,1d8+4,8.0,A
8444,50,15,5,5,1d8+4,1d6+4,35,16,5,4,1d12+4,1d8+4,7.0,B
8445,49,18,5,5,1d8+4,1d8+4,42,18,8,4,1d12+4,1d8+4,7.0,B
8446,40,17,5,5,1d10+4,1d8+4,39,16,7,4,1d10+4,1d6+4,2.0,B
8447,41,14,8,4,1d12+4,1d6+4,49,18,7,5,1d12+4,1d8+4,5.0,B
8448,50,15,7,5,1d12+4,1d8+4,32,17,7,4,1d8+4,1d6+4,6.0,A
8449,43,16,7,3,1d10+4,1d8+4,48,14,5,4,1d8+4,1d6+4,4.0,A
8450,46,14,5,4,1d8+4,1d6+4,36,17,5,5,1d8+4,1d6+4,2.0,B
8451,35,15,5,3,1d8+4,1d8+4,49,18,5,3,1d12+4,1d6+4,2.0,B
8452,46,14,6,4,1d12+4,1d6+4,31,18,8,4,1d12+4,1d6+4,0.0,B
8453,32,18,8,3,1d12+4,1d6+4,34,18,7,5,1d12+4,1d8+4,4.0,A
8454,50,17,6,4,1d10+4,1d8+4,50,18,7,5,1d10+4,1d6+4,1.0,A
8455,50,18,7,5,1d8+4,1d6+4,31,17,8,3,1d8+4,1d8+4,10.0,A
8456,44,17,6,5,1d12+4,1d6+4,41,18,6,3,1d12+4,1d6+4,2.0,A
8457,47,17,5,4,1d8+4,1d8+4,30,17,6,3,1d12+4,1d8+4,10.0,A
8458,50,14,6,5,1d10+4,1d6+4,43,15,6,4,1d8+4,1d8+4,6.0,A
8459,36,17,7,5,1d12+4,1d6+4,48,15,5,4,1d12+4,1d6+4,1.0,A
8460,43,15,6,3,1d8+4,1d8+4,47,16,7,5,1d8+4,1d8+4,3.0,A
8461,50,16,5,3,1d8+4,1d8+4,33,16,5,5,1d10+4,1d8+4,9.0,A
8462,46,15,6,5,1d12+4,1d6+4,37,16,5,5,1d8+4,1d8+4,8.0,A
8463,47,15,8,3,1d8+4,1d6+4,48,17,7,5,1d12+4,1d6+4,0.0,B
8464,31,14,8,5,1d8+4,1d8+4,30,15,7,4,1d8+4,1d6+4,4.0,A
8465,42,15,7,4,1d12+4,1d8+4,49,18,5,5,1d10+4,1d8+4,2.0,A
8466,31,17,7,5,1d12+4,1d8+4,45,17,7,5,1d8+4,1d6+4,6.0,B
8467,48,14,8,3,1d8+4,1d8+4,40,17,5,5,1d12+4,1d6+4,3.0,A
8468,47,17,6,3,1d8+4,1d6+4,46,16,6,5,1d10+4,1d6+4,3.0,A
8469,44,18,6,5,1d12+4,1d8+4,47,15,6,4,1d10+4,1d6+4,6.0,B
8470,45,17,7,3,1d8+4,1d6+4,43,17,6,4,1d10+4,1d8+4,0.0,A
8471,41,16,7,5,1d8+4,1d8+4,43,14,7,5,1d10+4,1d8+4,2.0,B
8472,46,18,6,4,1d12+4,1d8+4,31,14,8,4,1d8+4,1d8+4,10.0,A
8473,44,15,5,4,1d8+4,1d8+4,36,15,8,4,1d8+4,1d6+4,5.0,B
8474,33,17,6,5,1d12+4,1d6+4,34,14,7,5,1d8+4,1d8+4,10.0,A
8475,48,14,7,4,1d10+4,1d6+4,39,18,7,4,1d10+4,1d6+4,2.0,A
8476,50,15,7,3,1d12+4,1d6+4,32,14,6,3,1d12+4,1d6+4,1.0,A
8477,34,18,5,4,1d12+4,1d8+4,49,18,6,3,1d10+4,1d8+4,8.0,B
8478,38,18,5,5,1d10+4,1d8+4,38,14,7,3,1d10+4,1d6+4,2.0,A
8479,42,17,8,3,1d10+4,1d8+4,41,15,5,3,1d12+4,1d6+4,7.0,A
8480,42,18,7,4,1d8+4,1d8+4,47,16,5,4,1d8+4,1d8+4,4.0,A
8481,31,17,8,5,1d8+4,1d8+4,38,16,6,5,1d12+4,1d8+4,2.0,B
8482,49,16,5,4,1d12+4,1d6+4,38,14,6,4,1d10+4,1d6+4,5.0,A
8483,45,15,5,3,1d10+4,1d6+4,33,14,5,3,1d10+4,1d6+4,5.0,A
8484,33,18,8,4,1d12+4,1d6+4,36,14,8,5,1d10+4,1d8+4,6.0,B
8485,35,18,8,4,1d10+4,1d8+4,39,18,6,5,1d10+4,1d6+4,3.0,B
8486,44,18,8,3,1d8+4,1d6+4,50,15,5,3,1d12+4,1d8+4,10.0,B
8487,38,14,5,3,1d8+4,1d8+4,32,15,6,3,1d8+4,1d8+4,8.0,B
8488,39,14,7,3,1d12+4,1d6+4,41,17,5,4,1d10+4,1d6+4,9.0,B
8489,34,14,7,4,1d8+4,1d6+4,44,18,7,3,1d10+4,1d8+4,0.0,B
8490,38,17,8,3,1d8+4,1d8+4,31,15,8,3,1d8+4,1d8+4,6.0,A
8491,32,18,5,4,1d12+4,1d6+4,33,16,8,3,1d12+4,1d8+4,8.0,A
8492,47,15,5,3,1d12+4,1d8+4,41,17,7,5,1d8+4,1d8+4,0.0,B
8493,38,16,5,4,1d10+4,1d6+4,33,15,8,4,1d8+4,1d8+4,5.0,B
8494,38,18,6,4,1d12+4,1d6+4,33,17,7,4,1d10+4,1d6+4,7.0,B
8495,31,18,7,3,1d8+4,1d6+4,46,15,8,4,1d12+4,1d6+4,1.0,A
8496,50,17,8,3,1d12+4,1d8+4,35,17,8,5,1d10+4,1d6+4,9.0,A
8497,49,17,5,3,1d10+4,1d6+4,37,14,8,5,1d10+4,1d6+4,8.0,A
8498,49,17,8,3,1d12+4,1d6+4,34,17,5,4,1d12+4,1d6+4,1.0,A
8499,43,15,5,4,1d12+4,1d6+4,45,15,7,5,1d12+4,1d8+4,1.0,B
8500,39,18,5,4,1d10+4,1d8+4,33,17,5,4,1d10+4,1d6+4,7.0,A
8501,36,15,5,3,1d8+4,1d6+4,30,16,5,4,1d12+4,1d6+4,6.0,A
8502,48,15,6,3,1d12+4,1d6+4,33,16,8,3,1d12+4,1d8+4,7.0,A
8503,34,15,6,3,1d8+4,1d6+4,43,15,7,3,1d12+4,1d8+4,9.0,B
8504,38,16,6,5,1d8+4,1d8+4,38,15,6,3,1d10+4,1d6+4,5.0,A
8505,37,18,7,3,1d10+4,1d6+4,40,17,8,4,1d10+4,1d8+4,4.0,A
8506,30,17,5,3,1d8+4,1d6+4,37,18,5,5,1d10+4,1d8+4,5.0,B
8507,49,15,6,4,1d8+4,1d8+4,34,16,7,5,1d12+4,1d6+4,3.0,B
8508,44,18,6,5,1d10+4,1d8+4,49,14,8,3,1d8+4,1d6+4,10.0,A
8509,41,14,7,5,1d10+4,1d8+4,40,17,5,4,1d12+4,1d8+4,9.0,B
8510,47,17,8,3,1d8+4,1d8+4,36,15,7,4,1d8+4,1d6+4,1.0,A
8511,30,15,7,3,1d8+4,1d8+4,36,16,8,5,1d10+4,1d8+4,8.0,B
8512,45,15,7,3,1d12+4,1d6+4,44,15,6,3,1d12+4,1d8+4,0.0,A
8513,40,18,7,3,1d8+4,1d8+4,41,18,6,4,1d10+4,1d8+4,9.0,A
8514,31,14,6,3,1d10+4,1d8+4,44,15,7,3,1d12+4,1d6+4,1.0,B
8515,49,18,8,3,1d12+4,1d8+4,36,17,6,4,1d10+4,1d6+4,8.0,A
8516,48,16,6,3,1d8+4,1d8+4,36,15,7,3,1d10+4,1d8+4,3.0,B
8517,46,17,7,4,1d8+4,1d6+4,47,16,5,5,1d12+4,1d8+4,1.0,A
8518,39,17,5,4,1d8+4,1d8+4,32,17,5,3,1d12+4,1d8+4,9.0,B
8519,42,18,8,3,1d10+4,1d8+4,31,16,6,4,1d12+4,1d6+4,1.0,A
8520,33,17,7,4,1d12+4,1d6+4,42,14,6,5,1d12+4,1d6+4,0.0,B
8521,31,17,5,5,1d10+4,1d6+4,49,15,5,5,1d10+4,1d6+4,2.0,A
8522,43,18,6,4,1d8+4,1d8+4,38,14,8,5,1d12+4,1d8+4,2.0,A
8523,40,15,5,3,1d8+4,1d6+4,34,16,8,4,1d12+4,1d6+4,5.0,A
8524,34,16,8,5,1d10+4,1d8+4,36,15,5,3,1d10+4,1d8+4,9.0,A
8525,38,15,8,3,1d8+4,1d6+4,33,16,7,5,1d8+4,1d8+4,9.0,A
8526,47,18,8,3,1d12+4,1d8+4,39,14,8,4,1d12+4,1d6+4,3.0,A
8527,41,15,5,5,1d8+4,1d6+4,40,16,7,3,1d12+4,1d8+4,5.0,B
8528,33,15,5,3,1d8+4,1d8+4,37,16,5,4,1d10+4,1d8+4,0.0,B
8529,30,18,8,5,1d10+4,1d6+4,35,16,6,4,1d8+4,1d6+4,2.0,A
8530,46,16,5,4,1d12+4,1d8+4,45,18,6,3,1d10+4,1d6+4,4.0,B
8531,49,15,8,3,1d12+4,1d8+4,49,18,7,5,1d8+4,1d6+4,0.0,A
8532,38,15,7,4,1d12+4,1d6+4,44,17,7,5,1d8+4,1d6+4,2.0,B
8533,33,16,5,5,1d12+4,1d8+4,34,17,8,4,1d12+4,1d8+4,1.0,B
8534,32,14,5,5,1d12+4,1d8+4,31,17,6,4,1d10+4,1d8+4,5.0,A
8535,48,14,7,4,1d12+4,1d8+4,33,18,7,3,1d10+4,1d6+4,9.0,A
8536,30,16,6,3,1d8+4,1d8+4,45,18,6,5,1d12+4,1d8+4,6.0,B
8537,43,16,6,4,1d12+4,1d6+4,30,15,5,4,1d12+4,1d8+4,6.0,B
8538,46,14,6,5,1d10+4,1d6+4,39,16,8,5,1d8+4,1d8+4,2.0,B
8539,35,17,6,5,1d8+4,1d8+4,50,18,8,5,1d12+4,1d8+4,3.0,A
8540,33,17,8,3,1d12+4,1d8+4,38,18,6,3,1d10+4,1d6+4,6.0,A
8541,46,15,5,4,1d8+4,1d8+4,45,18,7,5,1d8+4,1d6+4,9.0,B
8542,31,14,7,3,1d12+4,1d6+4,37,17,5,3,1d8+4,1d8+4,0.0,A
8543,44,18,5,4,1d12+4,1d6+4,42,15,5,5,1d8+4,1d8+4,10.0,A
8544,36,18,6,5,1d12+4,1d8+4,44,14,8,4,1d12+4,1d6+4,5.0,A
8545,44,15,8,5,1d12+4,1d8+4,44,17,8,4,1d12+4,1d6+4,3.0,B
8546,49,16,8,5,1d10+4,1d8+4,40,17,8,4,1d10+4,1d6+4,9.0,B
8547,37,16,5,3,1d8+4,1d6+4,39,17,6,3,1d12+4,1d8+4,10.0,A
8548,30,16,8,5,1d12+4,1d8+4,33,15,8,3,1d8+4,1d6+4,2.0,A
8549,47,16,6,5,1d12+4,1d8+4,43,16,5,5,1d8+4,1d8+4,3.0,A
8550,45,18,7,5,1d12+4,1d8+4,32,16,8,4,1d12+4,1d6+4,5.0,B
8551,49,16,8,4,1d10+4,1d8+4,45,14,7,5,1d10+4,1d6+4,3.0,A
8552,31,17,6,3,1d8+4,1d6+4,39,16,5,3,1d8+4,1d6+4,0.0,B
8553,38,15,8,4,1d10+4,1d6+4,33,16,6,3,1d10+4,1d8+4,9.0,B
8554,41,17,8,4,1d12+4,1d6+4,30,15,8,5,1d10+4,1d6+4,10.0,A
8555,40,17,8,3,1d10+4,1d8+4,38,15,6,3,1d12+4,1d6+4,10.0,A
8556,48,18,5,4,1d8+4,1d8+4,34,16,7,4,1d12+4,1d8+4,8.0,A
8557,40,16,5,3,1d12+4,1d8+4,49,15,7,3,1d8+4,1d8+4,9.0,B
8558,35,14,7,5,1d10+4,1d8+4,44,15,5,3,1d12+4,1d8+4,8.0,B
8559,48,14,7,4,1d12+4,1d6+4,38,16,5,3,1d12+4,1d8+4,4.0,A
8560,48,17,6,5,1d8+4,1d8+4,41,17,5,3,1d12+4,1d8+4,5.0,A
8561,35,17,6,3,1d10+4,1d8+4,48,17,6,4,1d8+4,1d6+4,9.0,B
8562,42,14,5,3,1d12+4,1d8+4,48,16,8,5,1d8+4,1d6+4,0.0,B
8563,37,14,8,5,1d10+4,1d6+4,33,17,7,4,1d12+4,1d6+4,5.0,A
8564,40,14,7,3,1d10+4,1d8+4,32,17,7,4,1d12+4,1d6+4,2.0,A
8565,44,17,5,3,1d12+4,1d8+4,45,17,5,3,1d8+4,1d6+4,0.0,A
8566,50,18,5,3,1d8+4,1d6+4,36,18,5,4,1d8+4,1d6+4,4.0,A
8567,43,14,5,4,1d12+4,1d8+4,44,17,6,3,1d10+4,1d6+4,0.0,A
8568,34,15,7,4,1d8+4,1d6+4,41,15,6,4,1d12+4,1d6+4,3.0,A
8569,32,14,8,5,1d12+4,1d6+4,34,18,8,3,1d8+4,1d8+4,4.0,A
8570,46,18,8,5,1d8+4,1d6+4,39,15,5,4,1d10+4,1d6+4,2.0,A
8571,48,14,5,5,1d12+4,1d6+4,41,16,8,4,1d8+4,1d8+4,4.0,A
8572,31,17,5,5,1d12+4,1d8+4,39,17,7,4,1d8+4,1d8+4,9.0,B
8573,45,14,5,5,1d8+4,1d8+4,46,17,7,4,1d10+4,1d6+4,9.0,A
8574,39,18,5,3,1d10+4,1d6+4,31,16,6,4,1d10+4,1d8+4,5.0,A
8575,47,17,8,4,1d12+4,1d6+4,45,18,6,3,1d12+4,1d6+4,9.0,A
8576,48,18,5,4,1d8+4,1d8+4,47,15,5,3,1d10+4,1d6+4,2.0,A
8577,46,14,6,3,1d10+4,1d6+4,30,18,6,5,1d8+4,1d8+4,5.0,A
8578,37,18,8,5,1d8+4,1d8+4,50,14,5,3,1d8+4,1d8+4,3.0,A
8579,47,16,8,4,1d8+4,1d8+4,43,17,7,3,1d10+4,1d8+4,3.0,B
8580,33,17,6,5,1d8+4,1d8+4,38,18,5,4,1d10+4,1d8+4,7.0,A
8581,43,16,5,3,1d8+4,1d8+4,49,18,6,5,1d12+4,1d6+4,4.0,A
8582,30,18,7,3,1d10+4,1d6+4,36,17,7,3,1d10+4,1d8+4,1.0,A
8583,35,15,6,3,1d10+4,1d8+4,48,17,8,4,1d12+4,1d8+4,1.0,B
8584,41,14,6,5,1d12+4,1d6+4,36,18,6,3,1d8+4,1d8+4,4.0,B
8585,47,18,6,5,1d10+4,1d6+4,44,18,8,5,1d12+4,1d6+4,7.0,A
8586,32,16,8,5,1d10+4,1d8+4,37,15,8,3,1d8+4,1d6+4,5.0,B
8587,31,17,6,4,1d10+4,1d6+4,48,17,5,3,1d10+4,1d8+4,0.0,A
8588,45,17,7,4,1d10+4,1d6+4,35,15,8,3,1d12+4,1d8+4,5.0,B
8589,45,16,7,4,1d10+4,1d6+4,47,18,5,5,1d12+4,1d6+4,9.0,A
8590,50,15,6,4,1d8+4,1d6+4,43,18,8,5,1d10+4,1d6+4,8.0,A
8591,39,17,7,3,1d10+4,1d6+4,32,16,8,3,1d10+4,1d6+4,7.0,A
8592,33,16,7,4,1d8+4,1d6+4,46,18,6,4,1d10+4,1d6+4,8.0,B
8593,50,16,7,4,1d12+4,1d8+4,50,18,8,4,1d8+4,1d8+4,3.0,B
8594,34,18,6,5,1d8+4,1d6+4,40,15,8,4,1d10+4,1d8+4,7.0,B
8595,41,16,6,4,1d8+4,1d6+4,44,17,5,4,1d8+4,1d6+4,5.0,A
8596,34,18,5,4,1d12+4,1d8+4,42,18,5,3,1d8+4,1d6+4,6.0,B
8597,33,16,8,5,1d10+4,1d8+4,37,18,8,3,1d12+4,1d6+4,6.0,B
8598,44,14,5,4,1d10+4,1d8+4,31,14,5,5,1d8+4,1d6+4,4.0,A
8599,47,15,6,3,1d12+4,1d8+4,43,18,7,5,1d8+4,1d8+4,7.0,A
8600,34,18,5,5,1d12+4,1d8+4,38,16,8,3,1d12+4,1d6+4,1.0,B
8601,34,14,5,5,1d12+4,1d6+4,35,18,5,3,1d10+4,1d8+4,10.0,A
8602,42,16,7,5,1d8+4,1d6+4,31,15,5,3,1d8+4,1d6+4,0.0,A
8603,41,15,7,5,1d10+4,1d6+4,38,18,8,3,1d8+4,1d8+4,4.0,A
8604,30,16,5,4,1d8+4,1d6+4,44,15,8,4,1d12+4,1d6+4,9.0,B
8605,40,18,7,3,1d12+4,1d8+4,38,18,5,5,1d8+4,1d8+4,3.0,A
8606,37,14,7,5,1d10+4,1d8+4,36,15,5,5,1d12+4,1d8+4,4.0,B
8607,42,18,5,5,1d8+4,1d8+4,49,15,5,4,1d12+4,1d6+4,4.0,A
8608,32,14,8,4,1d10+4,1d6+4,32,18,7,3,1d10+4,1d8+4,8.0,B
8609,48,17,5,4,1d10+4,1d6+4,34,18,7,5,1d12+4,1d6+4,10.0,B
8610,50,15,5,3,1d12+4,1d6+4,35,17,5,5,1d12+4,1d8+4,7.0,A
8611,36,16,5,3,1d10+4,1d8+4,30,17,8,5,1d8+4,1d8+4,8.0,A
8612,46,18,7,4,1d10+4,1d6+4,31,18,7,4,1d10+4,1d8+4,9.0,A
8613,47,14,7,4,1d10+4,1d8+4,32,16,6,5,1d12+4,1d8+4,2.0,B
8614,40,18,5,5,1d10+4,1d8+4,40,17,6,5,1d10+4,1d8+4,0.0,B
8615,37,16,5,3,1d10+4,1d6+4,46,14,5,3,1d10+4,1d8+4,5.0,A
8616,47,18,5,3,1d12+4,1d8+4,43,15,8,4,1d12+4,1d6+4,0.0,B
8617,42,18,6,5,1d10+4,1d8+4,37,14,5,5,1d12+4,1d8+4,2.0,A
8618,39,14,6,5,1d8+4,1d8+4,40,18,5,4,1d8+4,1d6+4,0.0,A
8619,33,18,7,3,1d10+4,1d8+4,42,17,6,3,1d10+4,1d6+4,10.0,A
8620,34,16,6,3,1d10+4,1d6+4,42,18,6,5,1d8+4,1d6+4,8.0,A
8621,34,16,8,5,1d8+4,1d8+4,30,18,5,4,1d12+4,1d8+4,6.0,B
8622,39,18,6,4,1d10+4,1d6+4,49,15,6,5,1d10+4,1d8+4,2.0,A
8623,33,16,5,4,1d12+4,1d8+4,38,14,5,3,1d8+4,1d8+4,9.0,A
8624,32,18,6,4,1d10+4,1d8+4,47,16,5,4,1d12+4,1d8+4,8.0,B
8625,46,15,6,3,1d8+4,1d8+4,48,16,7,5,1d8+4,1d6+4,5.0,B
8626,46,16,8,4,1d8+4,1d6+4,39,18,5,5,1d12+4,1d6+4,8.0,A
8627,46,17,8,3,1d12+4,1d8+4,33,14,6,4,1d8+4,1d8+4,9.0,A
8628,44,16,8,4,1d10+4,1d8+4,42,18,8,3,1d12+4,1d8+4,8.0,B
8629,34,16,6,3,1d10+4,1d8+4,50,16,5,3,1d8+4,1d6+4,4.0,B
8630,34,17,6,5,1d10+4,1d8+4,30,14,8,4,1d8+4,1d6+4,9.0,A
8631,39,14,5,3,1d10+4,1d6+4,46,16,6,5,1d12+4,1d8+4,10.0,A
8632,45,17,5,4,1d10+4,1d8+4,35,16,6,3,1d8+4,1d6+4,8.0,A
8633,31,17,5,5,1d12+4,1d8+4,37,17,8,4,1d8+4,1d6+4,4.0,B
8634,40,18,5,3,1d8+4,1d6+4,47,17,5,3,1d12+4,1d6+4,10.0,A
8635,47,15,8,5,1d8+4,1d6+4,42,16,7,5,1d10+4,1d6+4,1.0,B
8636,31,15,8,5,1d10+4,1d8+4,39,15,5,4,1d10+4,1d8+4,1.0,A
8637,30,17,7,3,1d10+4,1d8+4,36,15,5,5,1d10+4,1d8+4,4.0,B
8638,45,18,6,5,1d12+4,1d6+4,38,14,8,5,1d10+4,1d8+4,1.0,A
8639,36,18,8,3,1d8+4,1d6+4,31,18,6,4,1d12+4,1d6+4,4.0,A
8640,43,17,6,3,1d8+4,1d6+4,46,18,8,5,1d10+4,1d8+4,1.0,B
8641,49,16,5,5,1d10+4,1d8+4,43,17,8,3,1d12+4,1d6+4,10.0,A
8642,32,14,5,3,1d12+4,1d8+4,44,18,6,5,1d8+4,1d8+4,1.0,B
8643,45,14,6,5,1d12+4,1d8+4,31,18,8,5,1d10+4,1d8+4,5.0,B
8644,47,17,6,4,1d8+4,1d8+4,38,15,5,5,1d10+4,1d8+4,3.0,B
8645,37,14,7,4,1d12+4,1d6+4,35,16,8,5,1d8+4,1d8+4,4.0,B
8646,39,18,7,5,1d10+4,1d8+4,33,17,6,4,1d12+4,1d8+4,10.0,B
8647,44,16,7,4,1d8+4,1d6+4,37,14,5,5,1d10+4,1d8+4,4.0,A
8648,44,15,8,5,1d12+4,1d8+4,30,14,5,3,1d12+4,1d8+4,1.0,A
8649,50,14,7,5,1d10+4,1d6+4,30,17,6,5,1d8+4,1d8+4,9.0,B
8650,32,17,7,5,1d8+4,1d6+4,39,18,7,4,1d10+4,1d6+4,5.0,B
8651,31,16,6,4,1d8+4,1d8+4,49,14,7,3,1d10+4,1d8+4,8.0,B
8652,31,14,7,3,1d12+4,1d8+4,50,14,6,3,1d10+4,1d8+4,0.0,B
8653,45,14,8,3,1d8+4,1d8+4,34,18,5,4,1d8+4,1d8+4,2.0,A
8654,38,14,6,5,1d12+4,1d6+4,34,18,6,5,1d12+4,1d8+4,4.0,B
8655,36,16,8,5,1d12+4,1d6+4,32,18,8,4,1d12+4,1d6+4,0.0,B
8656,39,15,8,5,1d12+4,1d8+4,40,17,6,5,1d12+4,1d6+4,5.0,B
8657,50,16,6,4,1d10+4,1d6+4,34,14,5,4,1d8+4,1d8+4,2.0,A
8658,32,16,8,5,1d8+4,1d6+4,37,17,5,5,1d10+4,1d8+4,6.0,B
8659,30,18,5,3,1d8+4,1d6+4,50,15,5,5,1d8+4,1d8+4,2.0,B
8660,43,17,7,3,1d12+4,1d8+4,49,17,8,3,1d12+4,1d8+4,3.0,B
8661,34,18,8,5,1d8+4,1d6+4,44,15,7,4,1d8+4,1d6+4,3.0,B
8662,39,14,6,4,1d8+4,1d6+4,41,14,8,3,1d8+4,1d6+4,3.0,A
8663,46,16,6,5,1d10+4,1d8+4,37,16,8,5,1d12+4,1d6+4,5.0,A
8664,33,17,8,3,1d8+4,1d8+4,45,14,8,4,1d8+4,1d8+4,1.0,B
8665,36,15,6,3,1d10+4,1d6+4,31,17,6,4,1d10+4,1d6+4,5.0,B
8666,39,16,8,5,1d8+4,1d8+4,31,15,5,3,1d8+4,1d6+4,7.0,A
8667,46,14,7,5,1d8+4,1d6+4,32,17,7,4,1d8+4,1d8+4,4.0,A
8668,49,15,7,4,1d8+4,1d6+4,43,15,7,5,1d8+4,1d6+4,3.0,B
8669,44,17,5,4,1d12+4,1d8+4,37,16,6,3,1d12+4,1d8+4,4.0,A
8670,40,16,7,3,1d10+4,1d8+4,39,16,5,4,1d10+4,1d6+4,10.0,A
8671,48,18,5,4,1d8+4,1d6+4,39,16,6,5,1d10+4,1d6+4,7.0,A
8672,33,16,6,3,1d12+4,1d6+4,35,18,7,5,1d12+4,1d8+4,0.0,B
8673,33,14,8,5,1d8+4,1d6+4,43,17,6,4,1d12+4,1d6+4,6.0,B
8674,37,15,6,3,1d8+4,1d8+4,47,15,6,4,1d10+4,1d8+4,4.0,A
8675,33,17,6,3,1d8+4,1d6+4,46,18,6,3,1d10+4,1d6+4,8.0,A
8676,34,16,8,3,1d8+4,1d8+4,37,14,5,4,1d8+4,1d6+4,8.0,A
8677,30,17,5,5,1d12+4,1d8+4,50,16,7,5,1d12+4,1d8+4,5.0,A
8678,44,17,6,5,1d12+4,1d6+4,34,17,8,3,1d10+4,1d8+4,10.0,A
8679,38,14,6,3,1d12+4,1d6+4,46,14,7,4,1d12+4,1d8+4,0.0,B
8680,41,16,6,4,1d8+4,1d8+4,31,17,5,4,1d12+4,1d8+4,6.0,A
8681,44,18,6,4,1d12+4,1d6+4,44,15,7,5,1d12+4,1d6+4,0.0,B
8682,39,14,7,5,1d12+4,1d8+4,49,16,6,3,1d12+4,1d8+4,1.0,B
8683,41,15,7,3,1d8+4,1d6+4,42,16,6,4,1d8+4,1d6+4,6.0,B
8684,44,15,7,4,1d8+4,1d8+4,43,15,5,3,1d10+4,1d8+4,4.0,B
8685,46,15,6,5,1d10+4,1d6+4,31,17,7,5,1d10+4,1d8+4,4.0,A
8686,35,18,6,5,1d8+4,1d8+4,31,16,7,4,1d12+4,1d8+4,3.0,A
8687,49,18,8,4,1d12+4,1d8+4,30,16,8,5,1d12+4,1d8+4,6.0,A
8688,35,16,6,3,1d8+4,1d6+4,41,15,8,3,1d8+4,1d6+4,10.0,A
8689,35,18,5,4,1d10+4,1d8+4,44,17,6,4,1d12+4,1d6+4,0.0,B
8690,37,16,8,4,1d12+4,1d8+4,37,15,7,4,1d12+4,1d6+4,9.0,A
8691,42,16,7,4,1d10+4,1d6+4,44,14,6,3,1d8+4,1d6+4,1.0,A
8692,41,15,7,4,1d10+4,1d8+4,33,15,8,5,1d8+4,1d6+4,5.0,B
8693,32,15,6,4,1d12+4,1d6+4,48,16,7,4,1d12+4,1d8+4,7.0,B
8694,40,17,8,4,1d8+4,1d8+4,38,17,6,3,1d10+4,1d8+4,6.0,B
8695,37,18,5,5,1d10+4,1d8+4,49,14,8,3,1d10+4,1d8+4,8.0,A
8696,30,14,6,4,1d12+4,1d8+4,33,17,6,3,1d8+4,1d6+4,7.0,B
8697,46,15,5,4,1d12+4,1d8+4,47,14,8,3,1d8+4,1d8+4,8.0,B
8698,31,18,8,5,1d12+4,1d8+4,36,15,6,5,1d12+4,1d8+4,9.0,A
8699,40,15,7,5,1d12+4,1d8+4,44,18,7,3,1d8+4,1d6+4,10.0,B
8700,40,14,8,5,1d8+4,1d6+4,50,17,6,5,1d12+4,1d8+4,5.0,B
8701,39,16,6,5,1d8+4,1d8+4,43,14,5,4,1d10+4,1d8+4,7.0,A
8702,35,14,8,3,1d12+4,1d6+4,44,16,7,5,1d12+4,1d8+4,1.0,B
8703,47,14,5,4,1d12+4,1d6+4,31,14,8,5,1d10+4,1d8+4,6.0,A
8704,47,15,8,3,1d10+4,1d6+4,32,14,6,3,1d10+4,1d8+4,10.0,A
8705,37,16,7,5,1d8+4,1d8+4,35,15,8,5,1d10+4,1d8+4,6.0,B
8706,43,15,7,3,1d8+4,1d6+4,34,17,8,3,1d12+4,1d8+4,2.0,B
8707,42,18,6,4,1d12+4,1d8+4,40,17,7,4,1d8+4,1d8+4,7.0,B
8708,50,17,5,5,1d8+4,1d8+4,34,16,6,3,1d8+4,1d6+4,7.0,B
8709,35,17,5,5,1d8+4,1d8+4,45,17,5,5,1d12+4,1d8+4,6.0,A
8710,43,16,7,4,1d12+4,1d8+4,48,17,6,3,1d12+4,1d8+4,4.0,B
8711,33,18,5,3,1d8+4,1d8+4,46,16,5,4,1d8+4,1d8+4,8.0,B
8712,44,16,6,3,1d10+4,1d6+4,38,15,7,3,1d10+4,1d6+4,10.0,B
8713,47,17,7,3,1d8+4,1d8+4,42,17,8,5,1d8+4,1d8+4,3.0,B
8714,34,15,6,4,1d10+4,1d6+4,50,17,6,3,1d12+4,1d6+4,0.0,B
8715,39,16,7,4,1d8+4,1d8+4,45,18,6,4,1d10+4,1d6+4,2.0,B
8716,42,14,8,5,1d10+4,1d8+4,33,16,5,5,1d8+4,1d8+4,4.0,A
8717,36,14,8,3,1d12+4,1d8+4,31,15,5,4,1d8+4,1d6+4,2.0,B
8718,37,18,8,3,1d12+4,1d6+4,41,15,7,5,1d8+4,1d8+4,6.0,A
8719,35,15,6,4,1d8+4,1d8+4,50,18,6,3,1d8+4,1d6+4,3.0,B
8720,45,15,5,3,1d12+4,1d8+4,41,15,8,5,1d8+4,1d6+4,6.0,B
8721,35,17,8,5,1d12+4,1d6+4,44,17,7,5,1d10+4,1d6+4,2.0,A
8722,48,18,5,3,1d10+4,1d8+4,48,17,8,3,1d12+4,1d8+4,0.0,A
8723,36,16,5,4,1d10+4,1d8+4,36,16,8,5,1d12+4,1d8+4,2.0,B
8724,43,18,5,5,1d8+4,1d8+4,49,16,6,3,1d8+4,1d8+4,10.0,B
8725,42,18,6,3,1d12+4,1d6+4,50,17,8,4,1d12+4,1d6+4,3.0,A
8726,30,15,7,3,1d10+4,1d6+4,42,15,5,3,1d8+4,1d8+4,3.0,A
8727,42,17,5,3,1d8+4,1d8+4,39,15,7,5,1d12+4,1d6+4,0.0,A
8728,37,18,7,3,1d12+4,1d6+4,43,15,6,3,1d10+4,1d6+4,8.0,A
8729,48,16,5,3,1d10+4,1d8+4,48,16,5,3,1d10+4,1d8+4,10.0,A
8730,32,18,7,5,1d10+4,1d8+4,49,14,8,5,1d10+4,1d6+4,1.0,B
8731,35,18,5,5,1d10+4,1d8+4,32,16,5,4,1d12+4,1d8+4,7.0,A
8732,32,15,7,4,1d10+4,1d6+4,43,14,7,3,1d12+4,1d6+4,9.0,B
8733,32,18,5,5,1d12+4,1d6+4,33,14,6,3,1d8+4,1d6+4,0.0,A
8734,49,17,7,3,1d8+4,1d6+4,43,18,8,5,1d12+4,1d6+4,5.0,B
8735,32,18,8,4,1d8+4,1d8+4,32,18,8,4,1d8+4,1d6+4,7.0,B
8736,36,16,6,4,1d8+4,1d8+4,31,15,8,4,1d12+4,1d8+4,7.0,B
8737,31,18,6,5,1d12+4,1d8+4,32,17,5,5,1d12+4,1d8+4,8.0,B
8738,42,14,6,5,1d12+4,1d6+4,41,18,7,3,1d8+4,1d6+4,1.0,B
8739,37,17,8,3,1d8+4,1d8+4,33,14,6,5,1d8+4,1d8+4,8.0,B
8740,44,17,5,3,1d10+4,1d6+4,48,14,6,4,1d12+4,1d8+4,3.0,B
8741,45,15,7,3,1d8+4,1d6+4,39,18,5,5,1d8+4,1d6+4,4.0,A
8742,40,17,7,5,1d12+4,1d6+4,35,16,8,4,1d10+4,1d6+4,1.0,A
8743,32,16,7,3,1d8+4,1d6+4,40,17,8,3,1d10+4,1d6+4,7.0,A
8744,39,16,6,3,1d8+4,1d6+4,50,16,8,4,1d8+4,1d6+4,5.0,B
8745,30,17,6,4,1d10+4,1d8+4,49,16,6,3,1d10+4,1d8+4,7.0,B
8746,44,14,8,4,1d8+4,1d6+4,39,18,5,4,1d12+4,1d6+4,2.0,A
8747,38,14,8,4,1d8+4,1d8+4,32,14,5,5,1d8+4,1d8+4,5.0,A
8748,35,14,5,5,1d10+4,1d6+4,42,14,6,5,1d12+4,1d8+4,2.0,B
8749,38,17,6,5,1d8+4,1d6+4,36,14,6,4,1d12+4,1d8+4,5.0,A
8750,44,18,8,3,1d8+4,1d6+4,48,16,8,4,1d8+4,1d6+4,6.0,A
8751,50,18,8,4,1d10+4,1d6+4,49,14,6,5,1d8+4,1d8+4,8.0,B
8752,49,17,7,5,1d10+4,1d8+4,33,18,7,3,1d8+4,1d8+4,4.0,A
8753,37,17,6,3,1d8+4,1d8+4,43,18,7,3,1d10+4,1d6+4,6.0,A
8754,44,14,8,5,1d10+4,1d6+4,37,18,8,5,1d12+4,1d8+4,3.0,B
8755,44,17,8,3,1d10+4,1d8+4,39,15,6,4,1d8+4,1d8+4,8.0,A
8756,44,17,7,5,1d10+4,1d6+4,31,18,8,3,1d8+4,1d8+4,7.0,A
8757,32,17,5,4,1d12+4,1d6+4,35,14,6,3,1d8+4,1d6+4,0.0,A
8758,41,18,7,4,1d10+4,1d8+4,46,14,7,5,1d10+4,1d8+4,3.0,A
8759,36,14,8,5,1d12+4,1d8+4,44,18,6,5,1d10+4,1d8+4,0.0,A
8760,45,18,6,4,1d12+4,1d6+4,35,14,5,5,1d12+4,1d8+4,5.0,A
8761,30,16,5,3,1d12+4,1d6+4,41,15,8,3,1d10+4,1d8+4,6.0,B
8762,30,14,8,4,1d12+4,1d8+4,40,14,6,3,1d8+4,1d6+4,4.0,B
8763,34,14,5,3,1d10+4,1d6+4,43,16,6,4,1d10+4,1d6+4,7.0,B
8764,41,17,5,3,1d12+4,1d8+4,41,14,8,5,1d10+4,1d6+4,5.0,A
8765,49,17,8,3,1d12+4,1d6+4,30,14,8,4,1d12+4,1d6+4,7.0,B
8766,43,18,7,4,1d8+4,1d8+4,37,16,8,3,1d8+4,1d8+4,5.0,B
8767,41,17,7,4,1d8+4,1d6+4,50,16,8,4,1d12+4,1d8+4,7.0,B
8768,44,18,5,3,1d10+4,1d6+4,39,14,6,5,1d8+4,1d8+4,5.0,A
8769,41,17,8,5,1d8+4,1d8+4,50,17,8,4,1d10+4,1d8+4,5.0,B
8770,33,17,7,4,1d10+4,1d8+4,38,17,6,5,1d8+4,1d6+4,10.0,A
8771,41,15,8,5,1d10+4,1d8+4,34,15,6,4,1d12+4,1d6+4,8.0,A
8772,42,18,6,3,1d8+4,1d6+4,32,16,8,3,1d8+4,1d8+4,3.0,A
8773,41,18,5,3,1d10+4,1d6+4,40,16,6,3,1d8+4,1d8+4,4.0,A
8774,41,14,6,3,1d8+4,1d8+4,43,17,5,5,1d8+4,1d8+4,10.0,B
8775,44,14,5,5,1d8+4,1d8+4,38,16,8,3,1d12+4,1d6+4,5.0,A
8776,46,15,7,4,1d10+4,1d6+4,48,14,5,3,1d8+4,1d8+4,3.0,A
8777,50,18,5,4,1d10+4,1d6+4,38,18,5,3,1d8+4,1d6+4,7.0,A
8778,44,17,5,5,1d12+4,1d6+4,49,17,6,5,1d10+4,1d6+4,5.0,A
8779,39,14,5,4,1d10+4,1d6+4,38,18,8,5,1d10+4,1d8+4,6.0,B
8780,42,15,7,5,1d10+4,1d6+4,47,15,6,4,1d12+4,1d8+4,0.0,B
8781,44,16,6,5,1d12+4,1d8+4,36,15,5,3,1d10+4,1d6+4,1.0,A
8782,47,16,8,5,1d8+4,1d8+4,39,16,8,3,1d12+4,1d8+4,1.0,A
8783,44,17,7,4,1d12+4,1d8+4,31,14,6,5,1d8+4,1d8+4,6.0,A
8784,47,16,5,5,1d8+4,1d6+4,44,16,8,5,1d8+4,1d8+4,0.0,B
8785,50,15,5,3,1d8+4,1d8+4,45,14,8,5,1d8+4,1d8+4,10.0,A
8786,47,14,6,5,1d12+4,1d6+4,41,14,5,5,1d10+4,1d6+4,6.0,A
8787,38,15,6,5,1d10+4,1d8+4,36,14,5,3,1d8+4,1d6+4,2.0,A
8788,30,18,8,4,1d12+4,1d8+4,50,18,5,3,1d8+4,1d8+4,6.0,B
8789,35,17,8,5,1d10+4,1d8+4,40,18,6,5,1d12+4,1d8+4,7.0,A
8790,38,17,7,3,1d8+4,1d6+4,40,18,6,3,1d8+4,1d6+4,5.0,B
8791,32,18,8,4,1d8+4,1d8+4,32,14,8,3,1d12+4,1d8+4,6.0,A
8792,40,14,6,5,1d12+4,1d8+4,33,15,8,3,1d12+4,1d6+4,5.0,A
8793,36,15,6,4,1d12+4,1d6+4,43,15,7,5,1d8+4,1d8+4,9.0,A
8794,41,14,6,4,1d12+4,1d6+4,30,16,7,3,1d12+4,1d6+4,6.0,B
8795,38,17,5,3,1d8+4,1d6+4,36,17,8,3,1d10+4,1d8+4,4.0,A
8796,37,15,6,4,1d12+4,1d8+4,41,16,5,4,1d10+4,1d6+4,0.0,A
8797,50,15,8,4,1d8+4,1d6+4,41,16,6,5,1d8+4,1d8+4,7.0,A
8798,30,17,5,4,1d12+4,1d8+4,40,15,8,5,1d8+4,1d8+4,7.0,B
8799,45,16,8,5,1d12+4,1d6+4,42,15,5,4,1d12+4,1d8+4,0.0,A
8800,43,16,6,4,1d10+4,1d6+4,31,14,5,3,1d8+4,1d6+4,0.0,A
8801,38,14,6,4,1d8+4,1d8+4,39,14,7,4,1d8+4,1d6+4,10.0,A
8802,38,17,8,4,1d10+4,1d6+4,30,17,6,3,1d10+4,1d6+4,5.0,A
8803,36,16,6,4,1d8+4,1d8+4,31,16,7,5,1d8+4,1d8+4,4.0,B
8804,49,14,5,4,1d10+4,1d8+4,33,17,5,3,1d12+4,1d6+4,9.0,B
8805,48,17,5,3,1d12+4,1d8+4,34,18,6,4,1d12+4,1d6+4,6.0,A
8806,42,18,8,3,1d8+4,1d6+4,33,16,7,3,1d10+4,1d6+4,6.0,B
8807,39,14,8,3,1d12+4,1d8+4,43,18,6,5,1d12+4,1d8+4,9.0,A
8808,42,16,8,5,1d10+4,1d6+4,42,18,6,4,1d10+4,1d6+4,7.0,B
8809,32,17,6,5,1d8+4,1d8+4,33,18,8,3,1d8+4,1d6+4,0.0,A
8810,33,17,5,4,1d12+4,1d8+4,46,17,7,4,1d8+4,1d6+4,2.0,B
8811,37,15,6,5,1d12+4,1d8+4,36,14,5,4,1d12+4,1d8+4,10.0,A
8812,33,14,8,4,1d12+4,1d8+4,34,18,7,3,1d8+4,1d8+4,1.0,B
8813,37,16,5,4,1d8+4,1d6+4,44,18,5,3,1d12+4,1d8+4,5.0,A
8814,39,14,5,5,1d10+4,1d8+4,35,16,7,3,1d8+4,1d6+4,5.0,A
8815,45,18,8,5,1d8+4,1d6+4,37,15,7,3,1d12+4,1d6+4,0.0,A
8816,35,14,6,5,1d12+4,1d8+4,40,14,8,4,1d8+4,1d8+4,2.0,B
8817,40,17,6,3,1d12+4,1d8+4,41,17,7,5,1d8+4,1d8+4,6.0,A
8818,31,17,5,5,1d10+4,1d6+4,45,15,8,4,1d8+4,1d8+4,0.0,A
8819,30,16,8,3,1d8+4,1d6+4,31,16,8,4,1d8+4,1d8+4,2.0,B
8820,48,14,8,4,1d10+4,1d8+4,41,16,8,4,1d8+4,1d6+4,8.0,A
8821,33,14,5,3,1d10+4,1d8+4,30,15,7,3,1d10+4,1d8+4,0.0,A
8822,40,14,5,3,1d10+4,1d8+4,34,17,6,5,1d12+4,1d8+4,0.0,B
8823,35,16,5,4,1d10+4,1d6+4,43,14,7,4,1d10+4,1d8+4,1.0,A
8824,38,16,7,4,1d10+4,1d6+4,34,17,6,5,1d8+4,1d8+4,6.0,B
8825,31,16,6,3,1d10+4,1d8+4,42,14,5,3,1d8+4,1d8+4,6.0,B
8826,36,15,7,4,1d10+4,1d8+4,43,16,6,3,1d8+4,1d8+4,0.0,A
8827,46,17,5,4,1d12+4,1d6+4,45,18,5,3,1d12+4,1d6+4,9.0,B
8828,47,16,6,3,1d12+4,1d6+4,38,17,7,5,1d12+4,1d8+4,5.0,B
8829,42,16,5,5,1d8+4,1d8+4,30,15,8,3,1d10+4,1d8+4,9.0,A
8830,41,15,8,4,1d12+4,1d6+4,41,18,7,4,1d8+4,1d6+4,10.0,A
8831,42,16,5,5,1d8+4,1d6+4,46,15,5,4,1d10+4,1d8+4,5.0,A
8832,45,14,6,3,1d8+4,1d8+4,45,14,7,5,1d12+4,1d8+4,0.0,B
8833,45,18,5,4,1d12+4,1d8+4,42,17,7,5,1d10+4,1d8+4,10.0,A
8834,40,14,6,4,1d10+4,1d6+4,46,16,7,3,1d12+4,1d6+4,2.0,B
8835,48,17,8,3,1d8+4,1d6+4,36,16,5,3,1d8+4,1d8+4,8.0,A
8836,46,16,7,4,1d10+4,1d6+4,35,17,5,5,1d8+4,1d6+4,5.0,A
8837,39,14,8,5,1d12+4,1d8+4,48,17,5,3,1d12+4,1d8+4,5.0,B
8838,33,18,5,3,1d10+4,1d6+4,42,15,7,5,1d8+4,1d8+4,9.0,A
8839,33,15,8,5,1d10+4,1d6+4,50,15,8,5,1d10+4,1d8+4,10.0,B
8840,50,17,7,3,1d10+4,1d8+4,30,15,5,3,1d8+4,1d6+4,5.0,A
8841,36,14,5,5,1d10+4,1d6+4,30,15,8,4,1d8+4,1d6+4,1.0,A
8842,49,18,7,4,1d12+4,1d8+4,46,16,7,4,1d12+4,1d6+4,1.0,A
8843,42,14,6,3,1d10+4,1d8+4,48,14,6,4,1d10+4,1d8+4,2.0,B
8844,44,16,5,5,1d10+4,1d8+4,31,18,6,4,1d8+4,1d6+4,2.0,A
8845,40,15,7,5,1d8+4,1d6+4,35,17,5,5,1d10+4,1d8+4,0.0,A
8846,36,14,8,3,1d10+4,1d8+4,44,16,7,4,1d12+4,1d6+4,6.0,B
8847,39,16,5,3,1d8+4,1d6+4,47,15,6,5,1d8+4,1d6+4,3.0,B
8848,43,18,7,3,1d10+4,1d6+4,31,14,7,4,1d12+4,1d8+4,9.0,A
8849,37,15,6,4,1d10+4,1d8+4,36,14,7,3,1d10+4,1d8+4,3.0,A
8850,48,15,7,3,1d8+4,1d8+4,35,16,7,3,1d10+4,1d6+4,5.0,A
8851,40,17,6,4,1d10+4,1d8+4,32,18,6,4,1d8+4,1d6+4,4.0,B
8852,50,17,7,3,1d10+4,1d8+4,33,18,7,3,1d12+4,1d8+4,1.0,A
8853,46,18,5,3,1d10+4,1d8+4,44,14,6,5,1d10+4,1d6+4,6.0,B
8854,30,14,7,3,1d10+4,1d8+4,35,17,5,5,1d10+4,1d6+4,5.0,A
8855,44,15,7,5,1d12+4,1d8+4,46,14,7,5,1d10+4,1d8+4,8.0,B
8856,48,16,7,5,1d12+4,1d6+4,39,14,5,5,1d12+4,1d8+4,4.0,A
8857,39,17,7,3,1d8+4,1d8+4,33,17,8,3,1d12+4,1d8+4,1.0,B
8858,46,18,8,4,1d12+4,1d6+4,40,16,6,3,1d12+4,1d8+4,10.0,A
8859,43,17,7,4,1d8+4,1d6+4,37,17,6,3,1d12+4,1d8+4,10.0,B
8860,50,15,6,3,1d12+4,1d6+4,49,15,6,3,1d8+4,1d8+4,4.0,B
8861,42,17,8,3,1d12+4,1d8+4,39,14,6,3,1d8+4,1d8+4,6.0,B
8862,31,14,5,5,1d12+4,1d6+4,31,18,8,5,1d8+4,1d8+4,6.0,A
8863,32,18,8,3,1d8+4,1d6+4,39,16,6,3,1d8+4,1d8+4,8.0,B
8864,48,15,8,4,1d8+4,1d6+4,47,15,8,3,1d10+4,1d8+4,6.0,B
8865,33,15,6,5,1d10+4,1d8+4,37,18,5,4,1d8+4,1d8+4,3.0,A
8866,32,16,5,3,1d8+4,1d8+4,44,16,5,5,1d8+4,1d8+4,6.0,B
8867,39,18,6,5,1d8+4,1d6+4,45,14,6,3,1d12+4,1d6+4,9.0,B
8868,50,15,6,4,1d8+4,1d8+4,38,17,5,3,1d8+4,1d8+4,0.0,A
8869,47,16,8,4,1d10+4,1d8+4,40,15,7,5,1d8+4,1d8+4,8.0,A
8870,33,16,6,3,1d8+4,1d8+4,38,18,6,5,1d8+4,1d8+4,4.0,B
8871,42,16,8,3,1d8+4,1d6+4,34,16,6,3,1d8+4,1d6+4,8.0,A
8872,42,18,7,4,1d8+4,1d8+4,38,17,5,3,1d10+4,1d6+4,3.0,A
8873,35,15,7,4,1d10+4,1d6+4,48,14,7,5,1d12+4,1d8+4,5.0,A
8874,47,16,8,5,1d8+4,1d6+4,43,15,7,4,1d10+4,1d6+4,9.0,B
8875,36,16,8,5,1d10+4,1d8+4,36,15,5,3,1d12+4,1d8+4,0.0,A
8876,34,14,8,4,1d12+4,1d6+4,37,14,5,5,1d12+4,1d6+4,9.0,A
8877,42,18,7,4,1d12+4,1d6+4,44,16,6,3,1d10+4,1d8+4,0.0,A
8878,36,14,5,4,1d10+4,1d8+4,46,18,8,4,1d10+4,1d6+4,3.0,B
8879,34,16,8,4,1d10+4,1d8+4,35,16,6,3,1d10+4,1d6+4,2.0,A
8880,39,16,5,4,1d12+4,1d6+4,30,15,8,3,1d10+4,1d6+4,10.0,B
8881,44,15,5,4,1d12+4,1d6+4,43,17,5,5,1d10+4,1d6+4,1.0,A
8882,39,14,7,5,1d12+4,1d6+4,33,16,5,4,1d8+4,1d8+4,8.0,A
8883,30,14,8,3,1d12+4,1d8+4,40,14,8,4,1d8+4,1d8+4,10.0,A
8884,45,15,7,5,1d12+4,1d6+4,36,16,6,3,1d10+4,1d6+4,0.0,A
8885,44,14,6,3,1d8+4,1d6+4,47,18,6,3,1d12+4,1d6+4,4.0,B
8886,49,17,6,3,1d8+4,1d6+4,46,18,7,5,1d10+4,1d8+4,9.0,B
8887,30,15,8,5,1d8+4,1d6+4,41,14,5,5,1d10+4,1d6+4,9.0,B
8888,44,18,7,4,1d10+4,1d6+4,31,15,6,3,1d8+4,1d6+4,7.0,A
8889,42,14,6,3,1d8+4,1d6+4,44,15,7,5,1d10+4,1d6+4,5.0,A
8890,50,14,6,3,1d8+4,1d8+4,38,17,6,5,1d12+4,1d8+4,10.0,B
8891,39,14,7,4,1d10+4,1d6+4,45,16,7,3,1d8+4,1d6+4,8.0,B
8892,42,18,8,4,1d10+4,1d8+4,36,17,6,5,1d8+4,1d8+4,4.0,A
8893,30,17,7,3,1d12+4,1d8+4,31,17,5,5,1d10+4,1d8+4,0.0,A
8894,43,17,6,5,1d8+4,1d6+4,32,16,7,3,1d10+4,1d6+4,9.0,B
8895,34,16,8,5,1d12+4,1d6+4,33,17,5,5,1d12+4,1d6+4,7.0,A
8896,32,16,6,3,1d10+4,1d8+4,45,17,7,5,1d12+4,1d6+4,2.0,B
8897,34,18,5,3,1d12+4,1d8+4,47,15,5,5,1d8+4,1d8+4,2.0,A
8898,43,18,6,5,1d8+4,1d8+4,31,17,6,4,1d12+4,1d6+4,3.0,B
8899,37,15,5,3,1d10+4,1d8+4,32,17,5,5,1d12+4,1d8+4,3.0,A
8900,39,15,7,4,1d10+4,1d6+4,37,14,8,4,1d10+4,1d8+4,5.0,B
8901,37,16,5,3,1d12+4,1d6+4,35,15,7,4,1d10+4,1d8+4,0.0,A
8902,45,18,6,5,1d8+4,1d8+4,40,18,6,5,1d10+4,1d6+4,5.0,B
8903,48,16,6,5,1d12+4,1d6+4,45,18,7,4,1d10+4,1d6+4,3.0,A
8904,40,16,7,5,1d10+4,1d8+4,38,17,6,5,1d10+4,1d6+4,8.0,A
8905,45,15,7,3,1d8+4,1d6+4,34,17,8,4,1d12+4,1d6+4,0.0,A
8906,39,16,7,4,1d8+4,1d8+4,41,18,8,3,1d8+4,1d8+4,5.0,B
8907,45,15,7,5,1d10+4,1d6+4,40,17,8,4,1d8+4,1d6+4,0.0,A
8908,36,16,7,4,1d10+4,1d6+4,45,18,6,4,1d12+4,1d8+4,6.0,B
8909,36,15,5,3,1d8+4,1d8+4,47,14,7,4,1d10+4,1d6+4,2.0,B
8910,38,18,8,4,1d12+4,1d8+4,33,15,8,4,1d8+4,1d8+4,0.0,A
8911,35,15,8,5,1d8+4,1d8+4,45,15,8,3,1d8+4,1d8+4,5.0,B
8912,37,14,8,4,1d8+4,1d6+4,39,16,6,5,1d8+4,1d6+4,1.0,B
8913,46,17,5,5,1d12+4,1d8+4,49,18,8,3,1d12+4,1d6+4,9.0,B
8914,48,15,5,4,1d10+4,1d8+4,44,18,6,5,1d12+4,1d8+4,2.0,B
8915,41,14,6,4,1d8+4,1d6+4,40,17,8,3,1d8+4,1d6+4,10.0,B
8916,47,15,8,5,1d10+4,1d6+4,37,14,8,4,1d8+4,1d6+4,2.0,B
8917,33,16,7,4,1d8+4,1d8+4,49,15,5,5,1d12+4,1d8+4,9.0,A
8918,48,15,7,3,1d12+4,1d6+4,39,18,8,4,1d12+4,1d8+4,0.0,B
8919,50,14,6,4,1d8+4,1d8+4,41,18,6,5,1d8+4,1d8+4,10.0,B
8920,40,17,8,5,1d8+4,1d6+4,48,15,7,4,1d8+4,1d8+4,9.0,A
8921,38,18,6,5,1d8+4,1d8+4,40,18,5,3,1d12+4,1d8+4,1.0,B
8922,34,18,6,5,1d12+4,1d6+4,34,17,7,4,1d12+4,1d6+4,6.0,A
8923,43,15,8,3,1d12+4,1d8+4,40,15,8,5,1d10+4,1d6+4,10.0,A
8924,47,15,6,5,1d12+4,1d6+4,34,14,6,5,1d10+4,1d8+4,3.0,A
8925,49,14,8,3,1d12+4,1d6+4,49,18,6,4,1d8+4,1d8+4,3.0,A
8926,36,15,7,4,1d10+4,1d8+4,45,18,6,5,1d8+4,1d6+4,5.0,A
8927,48,15,5,4,1d12+4,1d6+4,31,15,5,3,1d8+4,1d8+4,1.0,A
8928,42,15,6,5,1d12+4,1d6+4,50,17,5,5,1d10+4,1d6+4,8.0,B
8929,37,15,7,3,1d8+4,1d8+4,30,14,6,5,1d8+4,1d8+4,9.0,A
8930,49,17,5,5,1d12+4,1d6+4,45,14,7,4,1d12+4,1d8+4,10.0,B
8931,48,18,6,3,1d12+4,1d8+4,50,14,8,3,1d10+4,1d8+4,7.0,A
8932,35,16,8,5,1d12+4,1d6+4,34,15,8,4,1d10+4,1d6+4,5.0,A
8933,31,18,5,5,1d12+4,1d8+4,39,16,6,4,1d8+4,1d8+4,8.0,A
8934,44,14,5,4,1d8+4,1d8+4,49,17,7,4,1d8+4,1d6+4,0.0,B
8935,45,18,6,5,1d8+4,1d6+4,38,16,7,5,1d10+4,1d6+4,6.0,A
8936,47,17,7,5,1d8+4,1d8+4,37,18,5,5,1d8+4,1d6+4,6.0,A
8937,39,18,7,5,1d10+4,1d8+4,43,16,7,4,1d8+4,1d8+4,1.0,B
8938,42,18,5,3,1d12+4,1d6+4,37,15,6,3,1d8+4,1d8+4,3.0,A
8939,40,18,8,4,1d10+4,1d6+4,30,15,6,5,1d12+4,1d8+4,8.0,B
8940,45,14,7,3,1d12+4,1d8+4,47,14,8,3,1d12+4,1d8+4,2.0,A
8941,39,17,5,5,1d10+4,1d6+4,40,16,8,3,1d12+4,1d6+4,6.0,B
8942,41,15,6,3,1d8+4,1d6+4,35,18,7,5,1d10+4,1d8+4,10.0,B
8943,38,16,5,5,1d10+4,1d8+4,40,15,7,3,1d12+4,1d8+4,9.0,B
8944,35,16,5,3,1d8+4,1d6+4,31,17,7,4,1d12+4,1d8+4,9.0,B
8945,31,15,7,4,1d12+4,1d6+4,41,18,5,3,1d12+4,1d8+4,5.0,A
8946,33,18,6,4,1d12+4,1d8+4,49,18,8,3,1d10+4,1d8+4,1.0,A
8947,44,14,6,5,1d12+4,1d8+4,48,15,6,5,1d8+4,1d6+4,3.0,A
8948,45,15,6,5,1d8+4,1d6+4,44,15,6,4,1d12+4,1d6+4,7.0,B
8949,36,17,5,5,1d12+4,1d8+4,47,15,6,5,1d12+4,1d8+4,3.0,A
8950,31,16,8,3,1d12+4,1d6+4,32,18,7,4,1d8+4,1d6+4,8.0,A
8951,41,17,8,5,1d12+4,1d6+4,50,16,7,5,1d8+4,1d8+4,2.0,A
8952,48,15,6,3,1d12+4,1d6+4,41,16,8,4,1d8+4,1d6+4,2.0,A
8953,50,14,7,4,1d12+4,1d8+4,33,15,5,5,1d8+4,1d8+4,8.0,A
8954,31,15,6,4,1d8+4,1d8+4,38,16,5,5,1d12+4,1d8+4,3.0,B
8955,46,15,6,3,1d12+4,1d8+4,32,16,8,4,1d12+4,1d8+4,8.0,A
8956,38,14,5,3,1d10+4,1d8+4,43,18,6,3,1d8+4,1d6+4,8.0,A
8957,30,16,5,3,1d10+4,1d8+4,42,15,7,3,1d8+4,1d6+4,9.0,A
8958,36,14,7,4,1d8+4,1d8+4,46,17,6,4,1d8+4,1d8+4,1.0,B
8959,34,14,7,3,1d10+4,1d8+4,30,14,7,5,1d8+4,1d8+4,0.0,A
8960,50,14,5,4,1d8+4,1d6+4,41,17,7,4,1d12+4,1d6+4,7.0,B
8961,50,15,5,3,1d10+4,1d8+4,30,14,7,3,1d10+4,1d8+4,9.0,A
8962,30,17,8,5,1d8+4,1d8+4,39,18,8,3,1d12+4,1d8+4,8.0,A
8963,47,17,8,3,1d8+4,1d6+4,33,15,5,5,1d12+4,1d6+4,6.0,A
8964,32,17,8,3,1d12+4,1d6+4,40,18,8,5,1d8+4,1d8+4,5.0,A
8965,46,18,8,3,1d10+4,1d8+4,32,18,8,3,1d12+4,1d8+4,5.0,A
8966,41,17,7,4,1d10+4,1d8+4,40,14,7,4,1d8+4,1d6+4,10.0,B
8967,44,18,5,3,1d12+4,1d8+4,34,14,6,4,1d12+4,1d6+4,8.0,A
8968,32,16,6,5,1d8+4,1d6+4,48,16,6,5,1d8+4,1d8+4,4.0,B
8969,36,18,8,5,1d12+4,1d8+4,49,16,5,4,1d12+4,1d6+4,5.0,B
8970,34,16,8,3,1d8+4,1d8+4,41,15,8,4,1d12+4,1d8+4,2.0,B
8971,50,14,8,3,1d8+4,1d8+4,45,15,8,4,1d8+4,1d8+4,0.0,B
8972,46,14,6,3,1d10+4,1d8+4,32,16,8,5,1d12+4,1d6+4,7.0,A
8973,45,17,6,5,1d10+4,1d6+4,34,17,7,3,1d10+4,1d6+4,3.0,A
8974,33,17,6,4,1d8+4,1d6+4,42,14,8,3,1d12+4,1d8+4,4.0,B
8975,40,16,5,3,1d10+4,1d6+4,34,17,7,3,1d8+4,1d6+4,10.0,A
8976,41,16,7,5,1d10+4,1d8+4,49,18,7,4,1d12+4,1d6+4,0.0,B
8977,37,18,7,4,1d12+4,1d8+4,42,18,7,3,1d10+4,1d8+4,8.0,B
8978,31,14,7,4,1d10+4,1d6+4,36,14,5,5,1d10+4,1d6+4,10.0,B
8979,48,18,7,3,1d12+4,1d8+4,44,17,6,5,1d12+4,1d6+4,2.0,A
8980,44,18,5,4,1d10+4,1d8+4,47,14,8,5,1d10+4,1d8+4,3.0,B
8981,32,15,7,4,1d12+4,1d8+4,44,15,8,3,1d8+4,1d6+4,10.0,B
8982,42,15,6,5,1d8+4,1d8+4,48,18,8,4,1d12+4,1d6+4,5.0,B
8983,48,14,6,4,1d12+4,1d8+4,46,15,8,5,1d8+4,1d8+4,1.0,B
8984,50,14,6,4,1d8+4,1d8+4,38,17,6,3,1d8+4,1d8+4,4.0,A
8985,35,17,8,4,1d8+4,1d6+4,31,18,5,3,1d8+4,1d8+4,9.0,A
8986,32,16,8,5,1d12+4,1d6+4,40,17,6,3,1d8+4,1d8+4,3.0,A
8987,37,17,5,5,1d12+4,1d6+4,39,15,7,4,1d8+4,1d6+4,9.0,A
8988,47,17,5,3,1d8+4,1d8+4,40,16,6,4,1d10+4,1d8+4,6.0,A
8989,34,15,7,5,1d8+4,1d6+4,35,15,5,3,1d10+4,1d8+4,6.0,A
8990,39,14,8,5,1d10+4,1d8+4,43,18,8,4,1d12+4,1d8+4,2.0,B
8991,47,15,7,5,1d10+4,1d8+4,31,14,6,3,1d10+4,1d6+4,1.0,A
8992,43,18,6,5,1d10+4,1d6+4,39,17,5,4,1d8+4,1d8+4,8.0,A
8993,32,17,5,5,1d12+4,1d6+4,41,17,6,3,1d12+4,1d8+4,9.0,A
8994,38,17,8,3,1d12+4,1d8+4,49,14,5,5,1d10+4,1d8+4,10.0,A
8995,47,14,6,4,1d8+4,1d6+4,32,14,6,3,1d10+4,1d6+4,1.0,A
8996,35,14,8,3,1d12+4,1d6+4,42,16,8,4,1d8+4,1d6+4,2.0,B
8997,36,14,8,4,1d10+4,1d8+4,35,17,7,5,1d12+4,1d6+4,6.0,B
8998,39,14,5,4,1d10+4,1d6+4,30,14,7,4,1d10+4,1d8+4,1.0,A
8999,45,18,5,3,1d12+4,1d6+4,48,15,8,3,1d8+4,1d6+4,9.0,A
9000,44,18,8,3,1d12+4,1d8+4,31,16,6,5,1d8+4,1d6+4,5.0,A
9001,36,18,6,3,1d12+4,1d8+4,34,17,8,4,1d8+4,1d8+4,3.0,A
9002,40,15,7,5,1d8+4,1d8+4,30,16,7,5,1d10+4,1d8+4,6.0,A
9003,49,14,6,4,1d12+4,1d8+4,40,18,5,5,1d10+4,1d8+4,4.0,B
9004,41,18,7,5,1d10+4,1d8+4,32,15,7,4,1d8+4,1d8+4,8.0,A
9005,34,16,5,3,1d12+4,1d6+4,30,17,6,5,1d12+4,1d8+4,9.0,B
9006,37,16,7,3,1d10+4,1d6+4,38,14,8,5,1d12+4,1d6+4,7.0,B
9007,47,15,8,4,1d12+4,1d8+4,46,16,7,3,1d8+4,1d8+4,10.0,A
9008,46,15,7,5,1d12+4,1d6+4,42,18,5,3,1d12+4,1d8+4,7.0,B
9009,39,15,7,4,1d12+4,1d6+4,50,15,7,3,1d10+4,1d6+4,7.0,B
9010,46,17,7,4,1d12+4,1d6+4,42,14,5,5,1d8+4,1d6+4,6.0,A
9011,42,17,7,5,1d12+4,1d8+4,35,18,7,5,1d12+4,1d6+4,7.0,B
9012,35,16,5,5,1d10+4,1d6+4,45,14,5,4,1d10+4,1d6+4,2.0,B
9013,37,17,8,4,1d12+4,1d8+4,42,15,7,4,1d12+4,1d8+4,3.0,A
9014,38,16,5,4,1d8+4,1d8+4,43,18,6,3,1d8+4,1d8+4,6.0,B
9015,41,17,6,4,1d8+4,1d8+4,33,15,8,5,1d10+4,1d8+4,10.0,A
9016,48,18,6,3,1d8+4,1d6+4,48,17,7,3,1d10+4,1d8+4,0.0,B
9017,43,14,5,5,1d10+4,1d8+4,40,14,5,3,1d12+4,1d8+4,9.0,A
9018,43,14,7,3,1d10+4,1d8+4,31,16,8,5,1d8+4,1d6+4,8.0,A
9019,45,18,6,3,1d10+4,1d6+4,46,14,7,3,1d8+4,1d8+4,10.0,B
9020,43,18,5,5,1d10+4,1d6+4,30,16,7,4,1d8+4,1d6+4,6.0,B
9021,40,15,7,5,1d10+4,1d8+4,33,14,8,3,1d12+4,1d6+4,3.0,A
9022,35,15,8,3,1d10+4,1d6+4,50,17,6,3,1d12+4,1d8+4,3.0,B
9023,35,18,6,4,1d8+4,1d8+4,39,17,5,3,1d12+4,1d8+4,7.0,B
9024,49,16,7,5,1d10+4,1d8+4,33,18,6,5,1d12+4,1d6+4,5.0,B
9025,35,16,6,5,1d8+4,1d6+4,36,14,8,3,1d12+4,1d8+4,6.0,B
9026,47,17,7,3,1d10+4,1d6+4,44,15,7,5,1d10+4,1d6+4,7.0,A
9027,30,18,7,5,1d8+4,1d8+4,39,18,7,3,1d8+4,1d6+4,2.0,B
9028,39,18,6,3,1d12+4,1d8+4,47,18,6,5,1d12+4,1d6+4,8.0,A
9029,43,18,8,5,1d10+4,1d8+4,31,16,6,4,1d12+4,1d8+4,6.0,A
9030,31,17,8,5,1d12+4,1d6+4,49,18,7,4,1d10+4,1d6+4,0.0,B
9031,38,17,5,5,1d10+4,1d6+4,32,17,7,5,1d10+4,1d8+4,9.0,A
9032,42,16,7,5,1d8+4,1d6+4,44,14,7,4,1d12+4,1d6+4,10.0,A
9033,50,18,8,3,1d12+4,1d6+4,33,15,7,5,1d12+4,1d6+4,0.0,A
9034,32,15,6,4,1d12+4,1d6+4,34,16,8,4,1d10+4,1d8+4,7.0,A
9035,37,18,7,4,1d10+4,1d8+4,43,14,5,5,1d12+4,1d6+4,8.0,B
9036,34,17,5,5,1d10+4,1d6+4,48,14,6,3,1d12+4,1d8+4,1.0,B
9037,35,14,7,3,1d10+4,1d6+4,43,17,7,4,1d8+4,1d8+4,8.0,A
9038,43,18,6,4,1d12+4,1d6+4,38,18,5,4,1d8+4,1d8+4,2.0,A
9039,49,14,7,3,1d8+4,1d8+4,42,15,6,4,1d12+4,1d8+4,3.0,A
9040,34,18,7,4,1d8+4,1d8+4,31,14,5,4,1d12+4,1d6+4,4.0,A
9041,41,17,8,5,1d8+4,1d6+4,34,18,8,3,1d10+4,1d6+4,7.0,B
9042,42,18,6,5,1d12+4,1d8+4,36,18,6,4,1d10+4,1d8+4,1.0,A
9043,37,16,8,5,1d8+4,1d6+4,44,18,7,4,1d8+4,1d6+4,9.0,B
9044,32,17,8,3,1d10+4,1d6+4,40,16,5,4,1d12+4,1d8+4,4.0,A
9045,42,18,6,5,1d12+4,1d8+4,50,18,8,3,1d10+4,1d6+4,9.0,A
9046,49,15,7,5,1d12+4,1d6+4,41,14,5,4,1d12+4,1d6+4,2.0,A
9047,46,18,6,5,1d8+4,1d8+4,33,15,7,4,1d10+4,1d6+4,4.0,B
9048,39,17,5,4,1d12+4,1d6+4,30,18,6,4,1d8+4,1d8+4,6.0,A
9049,49,18,6,5,1d8+4,1d8+4,44,14,7,5,1d10+4,1d6+4,10.0,A
9050,46,18,7,4,1d12+4,1d8+4,39,16,5,4,1d10+4,1d6+4,8.0,A
9051,30,18,6,4,1d10+4,1d6+4,41,14,5,3,1d8+4,1d8+4,10.0,A
9052,30,16,7,5,1d10+4,1d6+4,34,17,5,3,1d12+4,1d8+4,0.0,B
9053,43,17,6,3,1d8+4,1d6+4,50,18,6,4,1d12+4,1d8+4,1.0,B
9054,50,18,8,4,1d10+4,1d8+4,33,15,6,3,1d10+4,1d6+4,8.0,A
9055,36,17,5,5,1d10+4,1d6+4,41,16,7,5,1d12+4,1d6+4,4.0,A
9056,34,16,8,4,1d10+4,1d6+4,36,16,7,5,1d10+4,1d8+4,8.0,A
9057,43,17,7,3,1d8+4,1d6+4,32,14,8,5,1d12+4,1d8+4,3.0,B
9058,36,18,5,4,1d8+4,1d6+4,30,16,5,5,1d8+4,1d6+4,0.0,A
9059,50,15,8,3,1d8+4,1d8+4,30,16,8,3,1d12+4,1d6+4,9.0,A
9060,33,16,6,4,1d8+4,1d8+4,42,18,7,4,1d8+4,1d6+4,8.0,A
9061,33,16,7,4,1d8+4,1d8+4,30,16,8,5,1d8+4,1d6+4,5.0,A
9062,35,15,5,3,1d10+4,1d8+4,30,18,5,3,1d8+4,1d8+4,4.0,B
9063,36,14,8,4,1d8+4,1d8+4,50,16,5,3,1d8+4,1d6+4,3.0,B
9064,36,14,5,5,1d8+4,1d8+4,35,18,7,5,1d12+4,1d6+4,1.0,B
9065,45,15,6,5,1d8+4,1d6+4,36,16,7,4,1d12+4,1d8+4,6.0,B
9066,36,16,8,5,1d12+4,1d6+4,31,18,6,5,1d10+4,1d8+4,10.0,A
9067,48,14,7,4,1d8+4,1d6+4,42,15,7,3,1d8+4,1d6+4,7.0,B
9068,45,17,7,4,1d8+4,1d8+4,35,17,5,4,1d12+4,1d8+4,9.0,A
9069,35,17,5,5,1d8+4,1d8+4,43,14,7,3,1d12+4,1d6+4,5.0,B
9070,46,16,8,5,1d12+4,1d6+4,41,18,8,3,1d8+4,1d6+4,7.0,A
9071,32,14,6,4,1d8+4,1d8+4,41,18,8,4,1d8+4,1d6+4,7.0,B
9072,30,18,5,5,1d10+4,1d8+4,46,14,5,4,1d8+4,1d8+4,3.0,A
9073,30,14,8,3,1d10+4,1d8+4,34,15,8,3,1d12+4,1d6+4,6.0,B
9074,30,16,5,5,1d10+4,1d8+4,48,15,5,3,1d8+4,1d6+4,9.0,A
9075,32,16,7,5,1d8+4,1d8+4,31,18,8,4,1d10+4,1d6+4,2.0,A
9076,33,15,7,3,1d8+4,1d6+4,43,14,6,3,1d8+4,1d8+4,1.0,B
9077,43,18,7,4,1d12+4,1d6+4,30,16,6,5,1d8+4,1d8+4,6.0,A
9078,46,15,7,4,1d10+4,1d6+4,38,18,8,4,1d8+4,1d6+4,6.0,A
9079,46,15,5,5,1d12+4,1d8+4,39,17,6,5,1d10+4,1d6+4,7.0,B
9080,31,18,8,3,1d12+4,1d6+4,32,17,6,5,1d10+4,1d8+4,0.0,A
9081,39,14,8,4,1d10+4,1d6+4,38,17,6,3,1d12+4,1d6+4,3.0,B
9082,41,15,5,5,1d10+4,1d8+4,35,18,5,5,1d12+4,1d8+4,5.0,B
9083,39,15,7,3,1d12+4,1d6+4,44,14,8,5,1d10+4,1d8+4,8.0,A
9084,49,15,5,5,1d12+4,1d8+4,43,14,7,5,1d12+4,1d6+4,0.0,A
9085,39,17,5,3,1d10+4,1d8+4,48,18,5,3,1d8+4,1d6+4,8.0,A
9086,31,18,8,4,1d10+4,1d8+4,50,15,6,3,1d12+4,1d8+4,9.0,A
9087,33,16,7,5,1d8+4,1d8+4,42,15,8,5,1d8+4,1d8+4,0.0,A
9088,35,18,6,4,1d12+4,1d6+4,43,18,6,3,1d8+4,1d6+4,1.0,A
9089,39,16,8,3,1d10+4,1d8+4,49,14,8,3,1d12+4,1d6+4,9.0,A
9090,48,15,8,4,1d10+4,1d8+4,36,15,6,5,1d10+4,1d6+4,6.0,A
9091,41,16,8,3,1d12+4,1d6+4,32,17,8,3,1d10+4,1d6+4,9.0,A
9092,41,18,5,5,1d8+4,1d6+4,36,15,7,5,1d8+4,1d8+4,3.0,A
9093,41,14,7,3,1d10+4,1d6+4,50,16,8,5,1d12+4,1d6+4,8.0,B
9094,41,16,8,4,1d10+4,1d6+4,41,16,6,3,1d10+4,1d8+4,5.0,A
9095,30,17,6,5,1d10+4,1d8+4,39,15,5,5,1d12+4,1d8+4,5.0,B
9096,46,15,7,5,1d12+4,1d8+4,48,16,6,4,1d10+4,1d8+4,2.0,B
9097,50,15,7,3,1d10+4,1d6+4,45,18,6,4,1d8+4,1d6+4,10.0,A
9098,36,18,8,4,1d12+4,1d6+4,39,14,8,4,1d8+4,1d6+4,1.0,A
9099,30,18,5,3,1d12+4,1d6+4,34,15,7,5,1d10+4,1d6+4,1.0,A
9100,33,17,6,3,1d8+4,1d8+4,39,14,8,3,1d10+4,1d8+4,1.0,B
9101,40,18,8,5,1d12+4,1d6+4,42,17,7,4,1d10+4,1d6+4,7.0,A
9102,45,16,8,4,1d8+4,1d6+4,41,17,6,4,1d8+4,1d8+4,3.0,B
9103,37,14,6,5,1d12+4,1d6+4,30,15,5,4,1d12+4,1d6+4,0.0,A
9104,46,14,7,4,1d12+4,1d6+4,33,14,5,3,1d10+4,1d8+4,7.0,A
9105,32,15,8,4,1d10+4,1d8+4,31,17,7,3,1d12+4,1d8+4,1.0,A
9106,33,15,5,3,1d12+4,1d8+4,35,17,7,3,1d8+4,1d6+4,8.0,B
9107,32,15,8,3,1d8+4,1d6+4,40,14,6,3,1d12+4,1d6+4,6.0,B
9108,35,16,5,5,1d8+4,1d8+4,35,18,5,3,1d10+4,1d8+4,9.0,B
9109,42,17,7,3,1d8+4,1d6+4,43,18,6,4,1d10+4,1d6+4,10.0,A
9110,44,14,7,4,1d8+4,1d8+4,34,17,7,4,1d8+4,1d6+4,8.0,B
9111,46,15,6,3,1d12+4,1d8+4,31,18,8,5,1d10+4,1d8+4,10.0,B
9112,42,18,7,5,1d10+4,1d8+4,49,14,6,3,1d10+4,1d8+4,10.0,A
9113,45,18,6,4,1d8+4,1d8+4,44,16,5,3,1d12+4,1d8+4,5.0,A
9114,43,15,8,5,1d10+4,1d6+4,35,17,6,4,1d10+4,1d6+4,0.0,B
9115,43,18,8,3,1d8+4,1d8+4,31,18,7,4,1d10+4,1d8+4,3.0,B
9116,45,17,6,3,1d8+4,1d8+4,48,17,5,5,1d8+4,1d6+4,10.0,B
9117,34,14,6,5,1d8+4,1d6+4,41,14,7,3,1d12+4,1d8+4,7.0,B
9118,45,16,8,5,1d12+4,1d8+4,32,17,6,3,1d10+4,1d8+4,9.0,A
9119,43,16,6,4,1d8+4,1d6+4,32,18,6,3,1d12+4,1d8+4,10.0,A
9120,35,18,7,4,1d12+4,1d8+4,37,15,5,3,1d12+4,1d6+4,9.0,A
9121,40,17,5,3,1d8+4,1d8+4,45,15,5,4,1d8+4,1d8+4,7.0,A
9122,39,16,7,4,1d8+4,1d6+4,48,15,5,5,1d10+4,1d6+4,10.0,A
9123,38,15,7,5,1d10+4,1d8+4,37,14,7,4,1d8+4,1d6+4,9.0,A
9124,35,15,6,5,1d12+4,1d8+4,48,16,7,5,1d12+4,1d6+4,1.0,A
9125,48,15,7,3,1d12+4,1d6+4,33,14,8,5,1d8+4,1d8+4,6.0,A
9126,30,14,8,4,1d10+4,1d6+4,43,17,7,3,1d8+4,1d6+4,6.0,B
9127,43,17,8,4,1d8+4,1d8+4,39,16,6,5,1d10+4,1d6+4,7.0,A
9128,38,15,7,4,1d12+4,1d8+4,33,16,5,3,1d12+4,1d8+4,6.0,B
9129,49,15,8,5,1d8+4,1d8+4,37,14,6,5,1d8+4,1d6+4,6.0,B
9130,37,14,8,4,1d8+4,1d8+4,44,15,5,5,1d8+4,1d8+4,10.0,A
9131,33,14,8,3,1d10+4,1d6+4,46,18,8,3,1d10+4,1d6+4,8.0,A
9132,35,18,5,4,1d10+4,1d8+4,36,17,5,3,1d10+4,1d8+4,6.0,A
9133,40,16,8,5,1d8+4,1d6+4,32,15,6,5,1d10+4,1d8+4,0.0,A
9134,45,18,8,4,1d12+4,1d8+4,31,18,6,3,1d10+4,1d6+4,6.0,B
9135,50,17,6,4,1d8+4,1d6+4,47,14,8,5,1d12+4,1d6+4,6.0,B
9136,45,16,5,5,1d12+4,1d6+4,49,17,6,5,1d8+4,1d6+4,9.0,B
9137,39,16,6,3,1d10+4,1d8+4,46,16,5,3,1d8+4,1d8+4,5.0,B
9138,34,14,7,3,1d10+4,1d8+4,45,16,8,5,1d8+4,1d8+4,6.0,B
9139,48,14,8,5,1d8+4,1d8+4,46,15,5,5,1d12+4,1d6+4,2.0,A
9140,37,15,8,4,1d12+4,1d8+4,32,16,5,4,1d10+4,1d8+4,2.0,A
9141,31,17,8,3,1d12+4,1d6+4,37,14,6,3,1d10+4,1d8+4,10.0,B
9142,39,18,8,4,1d10+4,1d8+4,32,15,7,5,1d8+4,1d8+4,1.0,A
9143,43,18,6,5,1d8+4,1d6+4,36,18,7,4,1d8+4,1d6+4,1.0,B
9144,40,18,7,4,1d12+4,1d8+4,42,18,8,4,1d8+4,1d6+4,3.0,A
9145,42,15,8,3,1d8+4,1d6+4,46,14,7,4,1d8+4,1d8+4,8.0,A
9146,35,16,7,5,1d8+4,1d6+4,50,15,7,3,1d8+4,1d8+4,6.0,B
9147,49,16,8,5,1d8+4,1d8+4,48,16,6,3,1d8+4,1d6+4,8.0,A
9148,34,15,5,4,1d10+4,1d8+4,36,18,7,3,1d10+4,1d8+4,1.0,B
9149,32,18,7,4,1d12+4,1d6+4,30,17,8,3,1d12+4,1d6+4,9.0,B
9150,47,18,8,3,1d12+4,1d8+4,40,14,7,4,1d12+4,1d6+4,5.0,A
9151,45,18,7,3,1d12+4,1d6+4,49,18,8,4,1d10+4,1d6+4,6.0,A
9152,43,16,8,5,1d8+4,1d8+4,36,17,5,3,1d8+4,1d6+4,4.0,B
9153,44,14,6,4,1d12+4,1d6+4,30,16,6,4,1d12+4,1d6+4,1.0,B
9154,34,17,6,4,1d12+4,1d8+4,47,15,8,4,1d12+4,1d8+4,7.0,B
9155,42,15,6,4,1d8+4,1d6+4,50,17,5,5,1d8+4,1d8+4,4.0,B
9156,50,18,8,4,1d8+4,1d6+4,41,18,8,3,1d8+4,1d8+4,5.0,A
9157,46,15,5,3,1d8+4,1d6+4,30,18,8,3,1d10+4,1d8+4,0.0,B
9158,31,15,5,3,1d10+4,1d6+4,50,14,7,5,1d12+4,1d8+4,0.0,B
9159,47,14,5,4,1d8+4,1d6+4,36,14,8,5,1d10+4,1d8+4,8.0,B
9160,43,18,5,3,1d10+4,1d6+4,33,15,8,4,1d10+4,1d8+4,10.0,B
9161,46,17,8,5,1d12+4,1d6+4,47,15,6,4,1d10+4,1d8+4,5.0,A
9162,45,16,7,4,1d12+4,1d8+4,32,15,7,3,1d8+4,1d6+4,9.0,A
9163,30,18,6,5,1d8+4,1d6+4,36,17,7,5,1d8+4,1d6+4,7.0,B
9164,41,14,5,4,1d10+4,1d8+4,39,16,7,4,1d8+4,1d8+4,3.0,B
9165,38,15,5,3,1d10+4,1d6+4,35,16,8,3,1d8+4,1d8+4,3.0,B
9166,32,17,6,4,1d8+4,1d6+4,36,18,6,5,1d10+4,1d8+4,0.0,A
9167,45,17,7,4,1d8+4,1d8+4,39,18,6,5,1d8+4,1d8+4,1.0,A
9168,36,14,8,4,1d10+4,1d6+4,35,18,7,5,1d12+4,1d6+4,3.0,A
9169,32,18,7,4,1d12+4,1d8+4,30,17,7,5,1d10+4,1d6+4,10.0,B
9170,45,15,5,3,1d8+4,1d8+4,49,14,8,3,1d8+4,1d6+4,0.0,B
9171,37,15,8,4,1d10+4,1d8+4,34,16,5,3,1d12+4,1d6+4,5.0,A
9172,40,17,7,4,1d10+4,1d6+4,48,14,6,5,1d8+4,1d8+4,0.0,B
9173,47,15,7,3,1d12+4,1d6+4,38,18,5,3,1d12+4,1d6+4,10.0,B
9174,49,14,7,5,1d10+4,1d6+4,38,18,7,5,1d8+4,1d6+4,9.0,A
9175,43,14,5,3,1d12+4,1d8+4,30,15,7,5,1d8+4,1d8+4,8.0,A
9176,34,14,5,3,1d12+4,1d6+4,45,15,6,4,1d8+4,1d6+4,6.0,A
9177,40,15,6,5,1d10+4,1d8+4,46,16,5,5,1d8+4,1d8+4,6.0,B
9178,47,17,6,3,1d10+4,1d8+4,39,17,8,3,1d8+4,1d6+4,3.0,A
9179,49,15,5,5,1d12+4,1d6+4,40,18,7,5,1d8+4,1d6+4,8.0,A
9180,36,18,6,5,1d10+4,1d6+4,31,16,7,5,1d8+4,1d8+4,1.0,A
9181,49,16,5,5,1d8+4,1d6+4,46,14,6,3,1d10+4,1d8+4,5.0,A
9182,49,18,7,5,1d12+4,1d6+4,30,16,5,3,1d10+4,1d6+4,5.0,A
9183,42,15,5,4,1d12+4,1d6+4,31,14,5,5,1d8+4,1d6+4,6.0,A
9184,47,15,7,4,1d8+4,1d8+4,33,14,6,3,1d12+4,1d8+4,0.0,B
9185,45,17,5,4,1d12+4,1d8+4,30,17,7,3,1d10+4,1d6+4,7.0,A
9186,39,14,6,5,1d12+4,1d6+4,47,15,7,4,1d12+4,1d8+4,10.0,B
9187,37,18,7,3,1d10+4,1d8+4,37,18,5,4,1d12+4,1d6+4,2.0,B
9188,44,15,7,5,1d10+4,1d8+4,38,17,7,5,1d12+4,1d6+4,4.0,A
9189,46,18,7,3,1d10+4,1d6+4,34,18,5,3,1d8+4,1d6+4,10.0,B
9190,36,14,6,3,1d12+4,1d6+4,44,14,8,5,1d8+4,1d8+4,6.0,B
9191,44,14,7,4,1d10+4,1d6+4,46,14,8,3,1d10+4,1d6+4,10.0,A
9192,40,17,7,4,1d8+4,1d6+4,49,15,5,4,1d12+4,1d8+4,8.0,B
9193,31,15,5,3,1d8+4,1d8+4,33,15,6,5,1d8+4,1d6+4,4.0,B
9194,50,17,8,5,1d8+4,1d6+4,43,15,5,5,1d10+4,1d8+4,0.0,B
9195,47,15,7,4,1d10+4,1d8+4,46,17,6,3,1d12+4,1d6+4,5.0,B
9196,44,15,6,5,1d12+4,1d6+4,30,14,5,3,1d8+4,1d6+4,8.0,A
9197,37,16,6,3,1d12+4,1d8+4,42,18,7,4,1d8+4,1d6+4,3.0,B
9198,30,18,6,4,1d8+4,1d8+4,37,17,8,3,1d10+4,1d8+4,5.0,B
9199,40,16,5,3,1d8+4,1d8+4,46,15,5,5,1d12+4,1d8+4,7.0,B
9200,40,14,8,5,1d12+4,1d6+4,34,14,7,4,1d10+4,1d8+4,1.0,A
9201,33,15,5,3,1d8+4,1d8+4,47,15,5,5,1d8+4,1d8+4,0.0,B
9202,44,14,5,5,1d10+4,1d6+4,33,17,6,5,1d10+4,1d6+4,8.0,A
9203,40,18,8,4,1d10+4,1d6+4,33,16,5,4,1d12+4,1d6+4,10.0,A
9204,36,14,6,5,1d8+4,1d6+4,42,17,6,4,1d8+4,1d8+4,0.0,B
9205,34,16,7,3,1d12+4,1d8+4,43,18,6,3,1d12+4,1d8+4,3.0,A
9206,37,17,6,5,1d12+4,1d6+4,40,16,6,5,1d12+4,1d6+4,5.0,A
9207,43,17,7,3,1d8+4,1d8+4,49,18,6,5,1d8+4,1d6+4,9.0,B
9208,48,14,6,5,1d8+4,1d8+4,38,14,8,5,1d8+4,1d8+4,4.0,A
9209,34,17,5,5,1d10+4,1d8+4,39,17,8,4,1d8+4,1d6+4,1.0,B
9210,48,14,7,4,1d8+4,1d8+4,45,18,7,5,1d10+4,1d6+4,6.0,B
9211,32,15,8,3,1d8+4,1d8+4,32,16,7,4,1d12+4,1d6+4,3.0,B
9212,31,15,7,3,1d8+4,1d8+4,36,17,5,4,1d8+4,1d8+4,10.0,B
9213,48,14,7,4,1d10+4,1d6+4,35,14,5,5,1d10+4,1d6+4,1.0,A
9214,46,14,7,3,1d12+4,1d8+4,30,14,8,5,1d10+4,1d8+4,0.0,A
9215,37,17,7,4,1d12+4,1d8+4,36,15,6,5,1d8+4,1d8+4,4.0,A
9216,48,18,8,4,1d8+4,1d6+4,44,15,5,4,1d12+4,1d6+4,6.0,A
9217,35,16,8,4,1d12+4,1d8+4,47,18,6,4,1d8+4,1d6+4,1.0,A
9218,47,14,7,5,1d12+4,1d6+4,36,14,5,4,1d12+4,1d6+4,2.0,A
9219,37,18,5,5,1d10+4,1d8+4,34,15,5,3,1d10+4,1d6+4,8.0,B
9220,43,15,8,4,1d10+4,1d6+4,39,18,7,3,1d12+4,1d8+4,8.0,A
9221,42,18,6,3,1d10+4,1d6+4,30,16,5,5,1d12+4,1d6+4,5.0,B
9222,38,14,6,5,1d10+4,1d6+4,48,14,6,4,1d12+4,1d6+4,9.0,B
9223,31,18,5,4,1d12+4,1d6+4,32,15,8,3,1d8+4,1d6+4,6.0,B
9224,44,14,5,4,1d8+4,1d8+4,45,17,7,3,1d8+4,1d6+4,5.0,B
9225,48,14,8,3,1d10+4,1d6+4,40,14,7,4,1d12+4,1d6+4,6.0,B
9226,44,15,7,4,1d12+4,1d6+4,39,18,8,4,1d8+4,1d8+4,3.0,A
9227,39,14,8,4,1d12+4,1d6+4,30,17,7,3,1d10+4,1d6+4,3.0,B
9228,31,18,5,3,1d10+4,1d6+4,36,18,5,4,1d12+4,1d8+4,6.0,A
9229,37,14,6,4,1d8+4,1d6+4,40,15,8,4,1d8+4,1d8+4,8.0,B
9230,41,15,6,5,1d8+4,1d6+4,31,18,5,3,1d10+4,1d8+4,4.0,B
9231,49,16,5,4,1d10+4,1d6+4,39,14,7,3,1d8+4,1d8+4,0.0,A
9232,49,18,5,5,1d10+4,1d8+4,34,17,8,4,1d10+4,1d8+4,4.0,B
9233,37,14,8,4,1d12+4,1d6+4,46,14,8,4,1d12+4,1d8+4,6.0,A
9234,33,18,7,5,1d10+4,1d8+4,48,16,7,3,1d8+4,1d6+4,3.0,A
9235,41,17,8,4,1d8+4,1d8+4,41,14,5,4,1d8+4,1d8+4,0.0,A
9236,30,17,5,3,1d8+4,1d6+4,50,14,8,5,1d8+4,1d8+4,0.0,A
9237,48,16,5,5,1d10+4,1d8+4,45,16,7,3,1d8+4,1d6+4,2.0,A
9238,41,18,6,5,1d10+4,1d6+4,41,14,8,3,1d10+4,1d6+4,3.0,A
9239,33,14,5,3,1d10+4,1d8+4,34,18,8,5,1d8+4,1d8+4,2.0,B
9240,36,17,6,3,1d12+4,1d8+4,43,18,7,5,1d12+4,1d6+4,8.0,A
9241,35,14,7,4,1d12+4,1d8+4,47,14,6,3,1d10+4,1d8+4,1.0,A
9242,38,14,7,5,1d10+4,1d8+4,39,16,7,5,1d10+4,1d6+4,8.0,A
9243,49,15,5,5,1d10+4,1d8+4,33,18,5,3,1d12+4,1d6+4,0.0,A
9244,39,18,7,3,1d12+4,1d6+4,39,16,8,4,1d10+4,1d6+4,3.0,A
9245,36,15,5,3,1d10+4,1d6+4,31,15,5,5,1d8+4,1d8+4,2.0,A
9246,32,14,8,4,1d10+4,1d8+4,42,16,6,3,1d10+4,1d6+4,5.0,A
9247,33,16,7,3,1d8+4,1d8+4,48,15,8,3,1d8+4,1d6+4,1.0,A
9248,32,14,8,4,1d10+4,1d6+4,30,15,8,3,1d10+4,1d8+4,10.0,B
9249,40,14,8,5,1d8+4,1d8+4,44,16,5,5,1d10+4,1d8+4,8.0,B
9250,46,16,8,5,1d8+4,1d8+4,46,18,8,5,1d8+4,1d6+4,4.0,B
9251,37,15,7,4,1d12+4,1d6+4,50,18,6,3,1d10+4,1d8+4,7.0,A
9252,39,14,5,3,1d10+4,1d8+4,32,14,8,5,1d12+4,1d6+4,1.0,B
9253,31,16,5,5,1d12+4,1d8+4,31,16,5,3,1d8+4,1d8+4,10.0,B
9254,38,18,5,5,1d12+4,1d8+4,34,14,8,4,1d10+4,1d6+4,6.0,B
9255,30,15,8,4,1d8+4,1d8+4,44,15,8,4,1d10+4,1d6+4,7.0,B
9256,33,15,7,4,1d10+4,1d6+4,40,17,7,3,1d8+4,1d8+4,6.0,B
9257,31,14,8,5,1d10+4,1d6+4,30,16,8,5,1d10+4,1d6+4,1.0,B
9258,42,15,7,5,1d10+4,1d6+4,42,14,7,4,1d12+4,1d8+4,3.0,A
9259,46,16,5,5,1d12+4,1d8+4,47,18,6,3,1d10+4,1d6+4,8.0,A
9260,39,16,7,3,1d8+4,1d6+4,33,16,5,3,1d8+4,1d8+4,8.0,A
9261,40,15,7,4,1d10+4,1d6+4,47,18,6,5,1d8+4,1d6+4,5.0,B
9262,35,14,7,3,1d8+4,1d6+4,47,14,8,3,1d8+4,1d8+4,6.0,B
9263,40,16,5,4,1d12+4,1d6+4,36,16,7,5,1d10+4,1d8+4,10.0,A
9264,38,15,8,4,1d10+4,1d6+4,44,17,8,3,1d10+4,1d8+4,9.0,B
9265,47,16,6,5,1d8+4,1d6+4,32,18,6,3,1d10+4,1d8+4,0.0,A
9266,43,16,7,4,1d10+4,1d6+4,42,17,7,4,1d8+4,1d8+4,2.0,A
9267,46,18,6,5,1d8+4,1d6+4,44,16,7,4,1d12+4,1d6+4,2.0,A
9268,41,16,5,4,1d10+4,1d8+4,48,18,6,3,1d10+4,1d8+4,9.0,A
9269,39,17,6,3,1d10+4,1d8+4,39,18,6,5,1d8+4,1d6+4,3.0,B
9270,35,16,6,3,1d8+4,1d8+4,38,18,7,3,1d12+4,1d6+4,1.0,B
9271,37,17,6,5,1d10+4,1d8+4,35,17,7,3,1d8+4,1d8+4,4.0,B
9272,32,17,7,4,1d12+4,1d8+4,46,15,7,3,1d12+4,1d8+4,8.0,A
9273,46,18,5,5,1d8+4,1d8+4,34,14,7,3,1d12+4,1d8+4,3.0,B
9274,34,16,6,3,1d12+4,1d6+4,35,18,7,3,1d8+4,1d8+4,6.0,B
9275,49,16,6,3,1d10+4,1d8+4,36,16,6,4,1d12+4,1d6+4,0.0,A
9276,47,14,5,5,1d8+4,1d8+4,35,14,5,4,1d10+4,1d6+4,8.0,A
9277,44,16,8,3,1d8+4,1d8+4,49,17,8,4,1d12+4,1d8+4,0.0,B
9278,34,18,5,5,1d10+4,1d8+4,33,15,6,5,1d8+4,1d8+4,9.0,B
9279,43,15,5,3,1d10+4,1d6+4,48,17,5,4,1d10+4,1d6+4,0.0,A
9280,32,18,5,5,1d12+4,1d6+4,39,18,5,5,1d10+4,1d6+4,5.0,A
9281,44,17,8,5,1d10+4,1d6+4,44,15,7,4,1d10+4,1d8+4,9.0,B
9282,35,16,5,5,1d12+4,1d8+4,34,14,7,4,1d12+4,1d6+4,10.0,A
9283,38,14,6,3,1d10+4,1d6+4,34,18,6,5,1d12+4,1d6+4,5.0,B
9284,40,14,5,4,1d8+4,1d8+4,35,18,7,5,1d12+4,1d8+4,10.0,B
9285,42,18,8,4,1d12+4,1d6+4,34,17,5,3,1d12+4,1d8+4,1.0,A
9286,45,16,7,3,1d12+4,1d8+4,33,14,7,3,1d12+4,1d8+4,5.0,A
9287,34,18,7,4,1d12+4,1d8+4,49,17,5,3,1d12+4,1d8+4,6.0,B
9288,38,18,5,4,1d12+4,1d6+4,44,15,6,4,1d12+4,1d6+4,7.0,A
9289,31,17,8,4,1d12+4,1d8+4,31,16,7,5,1d12+4,1d6+4,2.0,A
9290,47,17,7,5,1d8+4,1d8+4,35,17,5,3,1d12+4,1d8+4,5.0,A
9291,43,14,5,5,1d8+4,1d6+4,49,16,5,3,1d12+4,1d6+4,5.0,B
9292,34,17,8,4,1d12+4,1d8+4,32,16,6,5,1d10+4,1d6+4,8.0,A
9293,33,16,6,4,1d12+4,1d6+4,44,14,7,4,1d12+4,1d6+4,8.0,B
9294,38,16,6,5,1d12+4,1d6+4,41,14,8,5,1d8+4,1d8+4,9.0,A
9295,30,18,6,3,1d8+4,1d8+4,37,15,5,4,1d12+4,1d6+4,8.0,B
9296,43,18,8,5,1d12+4,1d8+4,33,16,7,5,1d8+4,1d6+4,8.0,A
9297,48,17,6,5,1d8+4,1d8+4,39,14,7,4,1d8+4,1d6+4,0.0,A
9298,33,14,7,4,1d12+4,1d6+4,39,14,7,4,1d10+4,1d8+4,2.0,A
9299,30,18,5,3,1d10+4,1d8+4,40,17,8,4,1d8+4,1d6+4,0.0,A
9300,33,16,5,5,1d12+4,1d8+4,43,14,7,4,1d8+4,1d6+4,4.0,B
9301,47,14,7,5,1d10+4,1d8+4,37,15,5,5,1d12+4,1d6+4,7.0,A
9302,46,18,8,4,1d8+4,1d8+4,39,15,5,4,1d10+4,1d6+4,4.0,A
9303,43,16,7,4,1d12+4,1d6+4,41,15,7,4,1d12+4,1d8+4,6.0,A
9304,46,16,7,5,1d8+4,1d8+4,43,18,6,3,1d10+4,1d8+4,8.0,A
9305,42,17,7,5,1d12+4,1d6+4,34,15,7,4,1d12+4,1d8+4,2.0,B
9306,38,18,6,4,1d10+4,1d6+4,39,17,7,4,1d10+4,1d8+4,6.0,B
9307,33,16,7,3,1d8+4,1d6+4,44,14,6,3,1d8+4,1d8+4,8.0,A
9308,41,18,7,3,1d12+4,1d8+4,44,14,7,5,1d10+4,1d8+4,2.0,A
9309,32,17,6,3,1d12+4,1d6+4,39,14,5,4,1d8+4,1d8+4,5.0,B
9310,44,18,7,3,1d8+4,1d8+4,41,17,7,3,1d8+4,1d8+4,0.0,A
9311,37,17,7,4,1d12+4,1d6+4,38,17,7,3,1d12+4,1d8+4,9.0,A
9312,40,14,7,4,1d8+4,1d6+4,41,16,6,3,1d12+4,1d8+4,10.0,B
9313,45,14,7,5,1d10+4,1d6+4,42,18,6,5,1d12+4,1d8+4,3.0,B
9314,32,18,6,3,1d8+4,1d8+4,42,15,8,4,1d12+4,1d6+4,6.0,A
9315,33,15,7,4,1d8+4,1d8+4,40,14,5,3,1d10+4,1d6+4,2.0,A
9316,35,14,8,3,1d12+4,1d6+4,32,17,7,3,1d12+4,1d8+4,4.0,B
9317,34,16,8,3,1d10+4,1d8+4,42,18,8,5,1d10+4,1d6+4,6.0,B
9318,38,18,5,5,1d10+4,1d6+4,49,16,7,5,1d12+4,1d8+4,0.0,A
9319,49,15,7,5,1d10+4,1d6+4,47,18,7,3,1d12+4,1d6+4,9.0,A
9320,41,18,6,4,1d12+4,1d8+4,32,16,5,5,1d8+4,1d8+4,4.0,A
9321,42,15,8,3,1d8+4,1d6+4,34,15,5,5,1d8+4,1d6+4,1.0,A
9322,38,15,6,3,1d10+4,1d8+4,45,17,5,5,1d8+4,1d6+4,10.0,A
9323,33,14,7,5,1d10+4,1d8+4,50,14,7,4,1d10+4,1d6+4,10.0,B
9324,44,18,8,5,1d12+4,1d8+4,34,18,5,4,1d8+4,1d8+4,0.0,A
9325,47,14,5,4,1d8+4,1d6+4,36,18,7,3,1d10+4,1d6+4,0.0,B
9326,43,14,6,3,1d10+4,1d6+4,40,14,6,4,1d8+4,1d6+4,6.0,A
9327,39,15,6,4,1d12+4,1d6+4,49,17,7,4,1d10+4,1d6+4,8.0,A
9328,38,16,8,5,1d10+4,1d8+4,48,14,7,4,1d12+4,1d8+4,3.0,B
9329,50,18,5,5,1d8+4,1d8+4,50,14,8,3,1d10+4,1d6+4,3.0,B
9330,43,18,5,3,1d10+4,1d8+4,50,14,5,3,1d12+4,1d8+4,5.0,B
9331,41,17,5,3,1d10+4,1d6+4,31,15,7,5,1d12+4,1d6+4,1.0,A
9332,33,17,6,4,1d12+4,1d8+4,49,16,8,5,1d12+4,1d8+4,6.0,A
9333,44,18,8,5,1d10+4,1d6+4,33,14,7,3,1d12+4,1d6+4,8.0,A
9334,40,18,7,4,1d10+4,1d8+4,43,17,5,5,1d8+4,1d6+4,0.0,A
9335,31,16,8,5,1d10+4,1d8+4,48,18,6,5,1d8+4,1d8+4,6.0,B
9336,37,18,7,3,1d12+4,1d6+4,32,18,5,5,1d8+4,1d6+4,1.0,A
9337,48,17,8,3,1d12+4,1d6+4,44,17,7,5,1d12+4,1d6+4,1.0,A
9338,36,15,8,3,1d12+4,1d8+4,49,15,8,5,1d12+4,1d6+4,3.0,A
9339,50,18,8,3,1d10+4,1d8+4,50,17,8,5,1d8+4,1d6+4,0.0,A
9340,43,16,7,5,1d8+4,1d6+4,40,14,8,3,1d8+4,1d6+4,3.0,A
9341,40,14,8,5,1d8+4,1d6+4,39,18,6,3,1d10+4,1d6+4,9.0,A
9342,32,17,5,4,1d10+4,1d6+4,50,17,5,3,1d10+4,1d8+4,4.0,B
9343,43,17,6,5,1d12+4,1d8+4,47,15,6,3,1d12+4,1d8+4,9.0,A
9344,33,16,5,4,1d10+4,1d6+4,47,18,8,3,1d8+4,1d8+4,0.0,B
9345,49,15,5,3,1d12+4,1d8+4,46,17,7,5,1d12+4,1d8+4,3.0,A
9346,42,14,5,5,1d12+4,1d8+4,47,15,5,4,1d12+4,1d8+4,2.0,A
9347,47,18,7,5,1d12+4,1d6+4,45,14,5,3,1d12+4,1d6+4,9.0,A
9348,42,14,7,5,1d10+4,1d8+4,40,18,7,5,1d10+4,1d8+4,2.0,B
9349,32,17,6,5,1d8+4,1d6+4,30,18,8,3,1d10+4,1d8+4,2.0,B
9350,48,14,7,3,1d8+4,1d6+4,32,16,5,4,1d10+4,1d8+4,0.0,A
9351,36,18,5,3,1d12+4,1d6+4,47,16,5,4,1d12+4,1d8+4,3.0,A
9352,48,16,7,5,1d12+4,1d6+4,32,14,8,4,1d10+4,1d6+4,9.0,A
9353,48,16,5,4,1d8+4,1d6+4,41,15,7,5,1d8+4,1d8+4,3.0,B
9354,48,18,7,3,1d8+4,1d8+4,32,18,8,5,1d10+4,1d8+4,2.0,A
9355,43,17,5,4,1d12+4,1d8+4,44,17,7,4,1d8+4,1d8+4,8.0,A
9356,30,18,5,3,1d8+4,1d6+4,50,16,6,4,1d8+4,1d6+4,6.0,B
9357,41,14,7,4,1d12+4,1d6+4,50,15,5,3,1d10+4,1d6+4,5.0,A
9358,32,15,6,5,1d12+4,1d8+4,42,15,7,5,1d12+4,1d8+4,2.0,A
9359,50,16,5,4,1d10+4,1d8+4,32,15,5,5,1d12+4,1d6+4,8.0,A
9360,39,14,7,4,1d8+4,1d6+4,50,17,8,4,1d8+4,1d8+4,1.0,B
9361,45,17,5,5,1d8+4,1d6+4,40,14,5,5,1d10+4,1d6+4,5.0,A
9362,44,18,5,4,1d10+4,1d8+4,35,14,6,5,1d8+4,1d8+4,6.0,A
9363,33,14,5,3,1d10+4,1d6+4,49,18,8,4,1d10+4,1d8+4,7.0,B
9364,49,18,7,5,1d8+4,1d8+4,34,18,7,5,1d12+4,1d8+4,4.0,A
9365,37,16,5,3,1d12+4,1d8+4,50,15,8,4,1d8+4,1d6+4,7.0,A
9366,48,17,6,5,1d8+4,1d8+4,37,15,6,4,1d8+4,1d8+4,2.0,B
9367,36,15,5,4,1d8+4,1d8+4,38,16,8,5,1d10+4,1d6+4,1.0,B
9368,31,17,6,3,1d8+4,1d6+4,36,14,5,4,1d8+4,1d8+4,9.0,B
9369,31,15,6,4,1d8+4,1d6+4,44,17,7,4,1d8+4,1d8+4,2.0,B
9370,34,14,5,4,1d10+4,1d6+4,41,17,5,5,1d10+4,1d8+4,8.0,A
9371,44,17,6,4,1d8+4,1d6+4,37,15,6,3,1d12+4,1d8+4,0.0,A
9372,43,15,7,5,1d8+4,1d6+4,45,18,7,5,1d10+4,1d6+4,4.0,B
9373,39,14,8,5,1d10+4,1d8+4,37,16,6,3,1d12+4,1d6+4,9.0,A
9374,42,14,7,4,1d10+4,1d6+4,34,17,5,3,1d8+4,1d6+4,6.0,A
9375,44,18,8,3,1d10+4,1d6+4,30,14,6,3,1d12+4,1d6+4,2.0,A
9376,41,17,5,3,1d12+4,1d6+4,42,17,6,5,1d8+4,1d6+4,0.0,A
9377,35,14,8,5,1d8+4,1d8+4,43,17,7,5,1d8+4,1d6+4,6.0,B
9378,42,16,6,3,1d12+4,1d8+4,47,17,7,5,1d10+4,1d8+4,7.0,A
9379,37,15,8,5,1d12+4,1d8+4,49,18,5,3,1d12+4,1d6+4,5.0,A
9380,40,17,8,4,1d8+4,1d6+4,42,17,8,4,1d12+4,1d8+4,5.0,A
9381,46,16,7,4,1d8+4,1d6+4,33,16,7,3,1d8+4,1d6+4,0.0,B
9382,37,14,8,3,1d10+4,1d6+4,35,15,8,3,1d8+4,1d8+4,7.0,B
9383,35,17,8,4,1d10+4,1d8+4,47,16,8,4,1d10+4,1d6+4,5.0,A
9384,40,15,8,3,1d8+4,1d6+4,45,16,5,5,1d12+4,1d6+4,2.0,B
9385,41,17,6,4,1d8+4,1d6+4,30,18,5,3,1d8+4,1d6+4,2.0,A
9386,50,17,6,5,1d8+4,1d6+4,50,17,6,4,1d10+4,1d6+4,5.0,B
9387,47,18,5,4,1d10+4,1d8+4,35,17,5,4,1d10+4,1d8+4,3.0,A
9388,38,16,6,4,1d8+4,1d6+4,39,14,7,4,1d10+4,1d6+4,10.0,B
9389,30,16,7,3,1d8+4,1d8+4,33,17,7,3,1d12+4,1d6+4,9.0,B
9390,41,14,7,4,1d12+4,1d8+4,41,18,7,4,1d10+4,1d8+4,7.0,A
9391,34,18,5,3,1d8+4,1d6+4,49,15,6,3,1d8+4,1d8+4,3.0,B
9392,35,15,7,4,1d12+4,1d8+4,41,15,5,4,1d12+4,1d8+4,9.0,B
9393,31,18,8,3,1d10+4,1d6+4,40,14,7,5,1d8+4,1d6+4,2.0,B
9394,43,14,5,4,1d12+4,1d8+4,44,14,5,5,1d12+4,1d8+4,0.0,B
9395,41,15,5,4,1d12+4,1d8+4,50,15,8,3,1d8+4,1d8+4,6.0,B
9396,34,16,7,5,1d8+4,1d8+4,31,16,5,5,1d8+4,1d8+4,6.0,A
9397,47,18,7,5,1d10+4,1d8+4,40,14,8,3,1d8+4,1d6+4,7.0,A
9398,31,17,7,3,1d12+4,1d8+4,49,17,6,4,1d10+4,1d8+4,4.0,A
9399,44,16,6,5,1d12+4,1d6+4,44,18,7,5,1d12+4,1d6+4,5.0,A
9400,32,18,8,5,1d8+4,1d6+4,41,16,5,4,1d8+4,1d8+4,8.0,A
9401,46,18,8,3,1d8+4,1d8+4,47,16,6,4,1d10+4,1d8+4,4.0,A
9402,39,18,8,3,1d8+4,1d8+4,34,15,7,4,1d12+4,1d6+4,7.0,A
9403,38,18,7,4,1d8+4,1d6+4,40,18,7,5,1d12+4,1d6+4,6.0,B
9404,41,18,7,3,1d8+4,1d6+4,32,17,7,3,1d10+4,1d8+4,10.0,B
9405,41,18,8,3,1d12+4,1d8+4,38,14,6,5,1d10+4,1d6+4,1.0,A
9406,43,16,7,5,1d8+4,1d8+4,43,16,6,4,1d10+4,1d8+4,0.0,A
9407,41,18,5,5,1d12+4,1d6+4,34,14,5,5,1d8+4,1d6+4,0.0,A
9408,40,17,6,3,1d10+4,1d6+4,48,16,6,4,1d8+4,1d8+4,9.0,A
9409,38,15,8,3,1d10+4,1d6+4,33,14,7,3,1d10+4,1d6+4,9.0,A
9410,30,18,8,5,1d8+4,1d8+4,39,16,8,3,1d10+4,1d8+4,6.0,A
9411,39,14,6,4,1d8+4,1d6+4,32,17,8,4,1d10+4,1d8+4,0.0,B
9412,32,16,6,4,1d10+4,1d6+4,47,17,5,5,1d10+4,1d8+4,10.0,A
9413,47,14,7,4,1d8+4,1d6+4,49,17,8,4,1d10+4,1d6+4,6.0,B
9414,42,18,5,4,1d8+4,1d6+4,33,16,6,3,1d12+4,1d6+4,0.0,A
9415,38,17,6,3,1d8+4,1d6+4,39,17,7,3,1d10+4,1d6+4,4.0,B
9416,34,14,7,5,1d10+4,1d6+4,32,14,7,4,1d8+4,1d8+4,10.0,B
9417,48,16,7,4,1d12+4,1d8+4,46,17,5,5,1d10+4,1d8+4,10.0,B
9418,46,15,6,3,1d8+4,1d6+4,46,16,5,5,1d10+4,1d6+4,3.0,A
9419,39,15,7,4,1d10+4,1d6+4,48,14,7,4,1d12+4,1d6+4,8.0,B
9420,37,16,5,4,1d10+4,1d6+4,31,18,5,4,1d10+4,1d8+4,1.0,B
9421,39,14,6,3,1d8+4,1d6+4,44,14,6,3,1d12+4,1d6+4,2.0,B
9422,38,17,8,5,1d8+4,1d6+4,46,15,5,3,1d12+4,1d6+4,1.0,A
9423,36,16,7,3,1d8+4,1d8+4,36,14,7,4,1d12+4,1d6+4,1.0,B
9424,38,16,7,3,1d8+4,1d8+4,31,16,5,5,1d12+4,1d6+4,0.0,B
9425,39,14,6,4,1d10+4,1d6+4,30,18,5,3,1d8+4,1d8+4,9.0,B
9426,33,16,8,4,1d10+4,1d6+4,35,15,7,4,1d8+4,1d6+4,5.0,B
9427,36,15,8,5,1d10+4,1d6+4,50,18,6,3,1d12+4,1d8+4,4.0,A
9428,49,14,5,4,1d10+4,1d6+4,32,14,8,3,1d10+4,1d8+4,10.0,B
9429,33,18,8,3,1d12+4,1d6+4,35,17,7,3,1d8+4,1d8+4,9.0,B
9430,38,14,8,3,1d8+4,1d8+4,49,14,6,5,1d10+4,1d6+4,6.0,B
9431,33,18,5,4,1d12+4,1d6+4,46,14,8,4,1d12+4,1d8+4,8.0,B
9432,47,16,6,3,1d12+4,1d8+4,48,16,7,5,1d10+4,1d8+4,1.0,A
9433,36,17,5,3,1d12+4,1d8+4,38,17,8,4,1d12+4,1d6+4,10.0,B
9434,38,18,6,3,1d10+4,1d8+4,43,17,8,5,1d8+4,1d8+4,1.0,A
9435,48,15,6,5,1d8+4,1d8+4,43,14,6,5,1d8+4,1d8+4,8.0,A
9436,44,16,7,5,1d12+4,1d6+4,49,18,7,5,1d12+4,1d8+4,1.0,B
9437,47,15,5,4,1d10+4,1d6+4,39,18,8,5,1d10+4,1d8+4,8.0,B
9438,30,14,8,3,1d12+4,1d8+4,46,15,7,3,1d10+4,1d8+4,3.0,A
9439,50,17,8,5,1d12+4,1d6+4,38,18,5,4,1d10+4,1d8+4,0.0,A
9440,39,15,5,3,1d10+4,1d6+4,35,15,8,3,1d10+4,1d8+4,2.0,B
9441,43,16,6,4,1d8+4,1d8+4,38,16,7,3,1d8+4,1d8+4,7.0,A
9442,36,18,5,5,1d10+4,1d8+4,39,18,7,3,1d8+4,1d6+4,0.0,A
9443,36,18,6,4,1d10+4,1d6+4,43,17,5,3,1d8+4,1d8+4,1.0,A
9444,31,18,5,4,1d8+4,1d8+4,37,16,8,3,1d12+4,1d8+4,4.0,B
9445,39,18,6,5,1d10+4,1d8+4,50,15,6,4,1d10+4,1d8+4,8.0,A
9446,30,17,5,4,1d8+4,1d8+4,31,17,6,4,1d8+4,1d8+4,9.0,A
9447,37,17,8,3,1d10+4,1d8+4,48,14,8,3,1d10+4,1d6+4,7.0,B
9448,39,15,5,4,1d12+4,1d8+4,39,18,7,4,1d12+4,1d8+4,10.0,A
9449,50,14,5,5,1d8+4,1d8+4,44,16,7,5,1d10+4,1d6+4,6.0,A
9450,45,16,5,3,1d10+4,1d6+4,43,17,6,3,1d8+4,1d6+4,7.0,B
9451,36,15,7,4,1d12+4,1d8+4,42,17,7,4,1d12+4,1d8+4,3.0,A
9452,39,17,6,5,1d8+4,1d8+4,45,16,7,4,1d12+4,1d6+4,8.0,B
9453,31,16,7,3,1d10+4,1d8+4,49,15,7,3,1d12+4,1d6+4,10.0,B
9454,38,17,6,3,1d10+4,1d6+4,36,18,8,4,1d10+4,1d6+4,2.0,A
9455,41,16,8,3,1d8+4,1d6+4,30,18,6,3,1d8+4,1d6+4,2.0,A
9456,32,15,8,3,1d12+4,1d8+4,30,17,5,3,1d8+4,1d6+4,4.0,A
9457,31,17,7,5,1d12+4,1d8+4,49,16,6,5,1d10+4,1d6+4,2.0,B
9458,34,16,8,4,1d8+4,1d6+4,47,17,7,4,1d12+4,1d8+4,6.0,B
9459,36,18,6,4,1d10+4,1d8+4,48,18,7,5,1d8+4,1d8+4,7.0,B
9460,48,18,6,4,1d8+4,1d8+4,50,14,8,5,1d10+4,1d6+4,8.0,A
9461,42,15,8,5,1d8+4,1d6+4,37,15,8,5,1d8+4,1d6+4,6.0,B
9462,50,18,5,4,1d8+4,1d6+4,50,16,8,4,1d8+4,1d8+4,1.0,B
9463,49,18,5,5,1d12+4,1d6+4,46,17,8,5,1d12+4,1d6+4,2.0,B
9464,41,14,6,4,1d8+4,1d6+4,39,15,6,4,1d12+4,1d6+4,9.0,B
9465,42,18,6,5,1d10+4,1d8+4,41,17,6,5,1d10+4,1d6+4,0.0,A
9466,31,15,6,4,1d10+4,1d6+4,37,18,5,5,1d8+4,1d8+4,4.0,B
9467,37,15,7,3,1d8+4,1d8+4,38,16,5,4,1d8+4,1d6+4,7.0,A
9468,48,14,6,3,1d12+4,1d8+4,42,16,7,4,1d12+4,1d8+4,7.0,A
9469,43,15,8,3,1d8+4,1d8+4,30,15,5,5,1d10+4,1d6+4,9.0,A
9470,44,14,5,5,1d8+4,1d8+4,49,16,8,4,1d8+4,1d6+4,3.0,B
9471,45,16,8,3,1d10+4,1d8+4,35,18,7,4,1d10+4,1d8+4,4.0,B
9472,36,15,5,5,1d8+4,1d6+4,43,16,5,3,1d12+4,1d6+4,4.0,B
9473,39,14,8,5,1d10+4,1d8+4,36,16,7,3,1d12+4,1d6+4,9.0,B
9474,42,15,8,5,1d12+4,1d8+4,49,16,6,3,1d8+4,1d8+4,10.0,A
9475,38,15,8,3,1d10+4,1d6+4,33,16,7,5,1d10+4,1d8+4,9.0,A
9476,49,18,8,5,1d10+4,1d8+4,42,15,8,5,1d12+4,1d8+4,7.0,B
9477,31,15,5,5,1d10+4,1d6+4,40,16,6,4,1d10+4,1d6+4,8.0,B
9478,45,15,7,3,1d10+4,1d8+4,50,17,5,3,1d8+4,1d8+4,6.0,A
9479,37,18,7,3,1d10+4,1d8+4,42,17,7,5,1d10+4,1d6+4,6.0,B
9480,48,18,6,4,1d12+4,1d6+4,36,18,8,4,1d8+4,1d6+4,9.0,B
9481,32,17,5,4,1d8+4,1d8+4,40,15,7,5,1d10+4,1d6+4,0.0,A
9482,45,17,7,5,1d10+4,1d6+4,34,15,5,3,1d8+4,1d6+4,6.0,A
9483,32,14,7,3,1d10+4,1d8+4,30,15,7,3,1d8+4,1d8+4,4.0,A
9484,30,16,6,5,1d12+4,1d6+4,43,16,8,4,1d10+4,1d8+4,4.0,B
9485,32,18,6,5,1d8+4,1d6+4,32,17,7,3,1d10+4,1d8+4,2.0,A
9486,35,16,8,4,1d8+4,1d6+4,47,18,8,5,1d10+4,1d6+4,1.0,B
9487,48,17,6,3,1d10+4,1d8+4,42,15,6,3,1d12+4,1d6+4,5.0,B
9488,41,17,5,4,1d8+4,1d6+4,40,15,8,4,1d8+4,1d8+4,7.0,A
9489,50,16,5,4,1d10+4,1d6+4,50,18,8,4,1d10+4,1d6+4,6.0,B
9490,39,14,6,5,1d12+4,1d8+4,46,17,7,4,1d12+4,1d8+4,4.0,B
9491,46,14,8,4,1d8+4,1d6+4,46,15,7,3,1d10+4,1d8+4,2.0,B
9492,31,14,6,3,1d10+4,1d6+4,40,18,6,4,1d12+4,1d6+4,7.0,A
9493,32,16,6,5,1d10+4,1d8+4,43,18,5,5,1d10+4,1d8+4,3.0,B
9494,45,17,8,5,1d8+4,1d6+4,37,16,5,4,1d8+4,1d8+4,1.0,B
9495,35,15,7,4,1d10+4,1d6+4,38,18,8,4,1d12+4,1d6+4,5.0,B
9496,32,18,8,5,1d12+4,1d6+4,48,18,6,5,1d12+4,1d6+4,9.0,A
9497,40,15,6,3,1d12+4,1d8+4,31,18,6,5,1d12+4,1d6+4,1.0,A
9498,32,18,7,4,1d10+4,1d6+4,30,17,5,4,1d10+4,1d6+4,9.0,A
9499,33,15,6,4,1d10+4,1d8+4,35,17,7,3,1d8+4,1d8+4,6.0,B
9500,39,17,5,4,1d10+4,1d8+4,33,14,7,5,1d10+4,1d8+4,9.0,B
9501,35,14,5,5,1d8+4,1d6+4,49,18,7,4,1d10+4,1d8+4,1.0,B
9502,37,16,8,3,1d10+4,1d6+4,45,15,8,3,1d12+4,1d6+4,8.0,A
9503,39,15,5,3,1d8+4,1d6+4,45,18,7,5,1d8+4,1d6+4,1.0,A
9504,34,14,5,5,1d8+4,1d8+4,37,14,7,5,1d10+4,1d8+4,2.0,B
9505,40,14,6,4,1d10+4,1d8+4,46,18,5,4,1d8+4,1d6+4,9.0,B
9506,32,14,7,4,1d10+4,1d8+4,46,18,5,5,1d12+4,1d8+4,7.0,B
9507,35,15,6,3,1d12+4,1d8+4,40,16,5,4,1d8+4,1d6+4,3.0,B
9508,44,14,5,4,1d12+4,1d6+4,41,14,5,5,1d10+4,1d6+4,1.0,A
9509,36,15,6,4,1d8+4,1d8+4,45,14,5,5,1d12+4,1d8+4,3.0,A
9510,49,18,7,3,1d12+4,1d6+4,33,17,7,3,1d12+4,1d6+4,6.0,B
9511,46,17,7,5,1d10+4,1d6+4,47,14,8,4,1d10+4,1d6+4,4.0,B
9512,46,15,6,4,1d8+4,1d8+4,44,15,5,3,1d12+4,1d8+4,1.0,B
9513,46,16,8,3,1d12+4,1d8+4,47,18,7,3,1d12+4,1d8+4,8.0,A
9514,42,14,5,4,1d8+4,1d8+4,35,15,7,4,1d12+4,1d8+4,7.0,B
9515,38,16,8,5,1d12+4,1d6+4,43,15,7,3,1d10+4,1d8+4,9.0,A
9516,38,17,6,4,1d12+4,1d6+4,44,15,6,5,1d10+4,1d8+4,9.0,A
9517,37,14,6,3,1d12+4,1d6+4,47,15,8,5,1d8+4,1d8+4,4.0,B
9518,42,16,6,4,1d8+4,1d6+4,48,16,5,4,1d8+4,1d6+4,9.0,B
9519,34,16,8,4,1d12+4,1d8+4,42,14,5,3,1d8+4,1d6+4,5.0,B
9520,31,18,7,5,1d10+4,1d6+4,34,15,7,3,1d10+4,1d8+4,5.0,B
9521,47,14,5,3,1d12+4,1d6+4,36,15,7,5,1d12+4,1d6+4,7.0,A
9522,44,15,5,5,1d8+4,1d8+4,32,16,7,4,1d10+4,1d6+4,9.0,A
9523,40,14,5,4,1d8+4,1d8+4,33,18,8,4,1d12+4,1d8+4,3.0,B
9524,35,15,8,3,1d8+4,1d6+4,32,16,7,4,1d12+4,1d6+4,1.0,A
9525,44,16,6,5,1d8+4,1d6+4,42,14,6,5,1d10+4,1d6+4,9.0,A
9526,50,17,8,4,1d8+4,1d8+4,48,15,6,4,1d8+4,1d8+4,1.0,A
9527,38,15,7,5,1d8+4,1d6+4,41,15,7,4,1d8+4,1d6+4,7.0,A
9528,42,17,5,5,1d12+4,1d6+4,47,16,6,4,1d10+4,1d6+4,8.0,B
9529,35,17,8,4,1d12+4,1d6+4,35,16,6,5,1d8+4,1d8+4,9.0,A
9530,33,17,5,4,1d12+4,1d6+4,35,14,6,5,1d12+4,1d6+4,7.0,A
9531,31,18,6,3,1d10+4,1d6+4,34,14,8,5,1d12+4,1d8+4,8.0,A
9532,50,15,8,3,1d10+4,1d8+4,41,15,8,4,1d12+4,1d6+4,10.0,B
9533,34,14,7,3,1d8+4,1d8+4,46,18,8,4,1d10+4,1d8+4,6.0,A
9534,44,17,6,4,1d10+4,1d8+4,31,16,5,4,1d12+4,1d6+4,5.0,A
9535,45,18,8,3,1d10+4,1d8+4,44,18,8,5,1d8+4,1d6+4,10.0,A
9536,50,16,6,3,1d8+4,1d6+4,31,17,5,3,1d10+4,1d8+4,2.0,A
9537,42,18,7,4,1d12+4,1d8+4,32,15,8,4,1d10+4,1d6+4,5.0,A
9538,30,18,5,3,1d12+4,1d6+4,44,14,8,4,1d10+4,1d6+4,0.0,B
9539,48,18,5,5,1d8+4,1d6+4,48,17,7,5,1d10+4,1d6+4,9.0,A
9540,46,18,5,3,1d10+4,1d6+4,37,17,6,4,1d10+4,1d6+4,5.0,A
9541,30,15,7,3,1d12+4,1d6+4,32,15,5,3,1d8+4,1d6+4,8.0,A
9542,36,14,6,3,1d8+4,1d8+4,48,17,6,4,1d10+4,1d6+4,7.0,B
9543,46,16,7,4,1d10+4,1d6+4,44,15,8,4,1d10+4,1d8+4,10.0,B
9544,36,15,5,3,1d10+4,1d8+4,50,15,5,3,1d10+4,1d6+4,2.0,B
9545,39,14,5,4,1d8+4,1d6+4,30,17,6,3,1d12+4,1d6+4,0.0,B
9546,33,15,6,3,1d10+4,1d6+4,42,18,8,4,1d8+4,1d8+4,5.0,B
9547,40,18,6,4,1d12+4,1d8+4,36,16,5,4,1d8+4,1d6+4,9.0,A
9548,44,17,8,5,1d10+4,1d6+4,43,17,7,5,1d12+4,1d8+4,0.0,A
9549,46,17,8,3,1d10+4,1d6+4,30,16,6,3,1d8+4,1d8+4,6.0,A
9550,37,15,5,3,1d8+4,1d8+4,44,17,8,5,1d10+4,1d6+4,8.0,B
9551,45,15,5,3,1d10+4,1d8+4,32,18,8,4,1d12+4,1d8+4,7.0,A
9552,34,15,8,4,1d8+4,1d6+4,48,16,8,5,1d8+4,1d6+4,5.0,B
9553,36,16,8,4,1d10+4,1d6+4,47,16,7,5,1d8+4,1d6+4,2.0,A
9554,45,15,5,4,1d10+4,1d8+4,47,18,6,5,1d12+4,1d6+4,4.0,B
9555,42,17,8,3,1d12+4,1d8+4,35,15,5,3,1d10+4,1d8+4,10.0,A
9556,47,17,6,5,1d8+4,1d6+4,47,16,8,3,1d10+4,1d6+4,4.0,A
9557,41,18,6,5,1d10+4,1d8+4,46,14,6,5,1d12+4,1d8+4,3.0,A
9558,40,14,6,5,1d12+4,1d6+4,46,16,6,5,1d8+4,1d6+4,3.0,B
9559,40,14,5,5,1d12+4,1d8+4,36,15,7,4,1d8+4,1d8+4,0.0,B
9560,50,16,8,3,1d10+4,1d6+4,32,17,5,3,1d10+4,1d8+4,10.0,A
9561,30,18,7,5,1d10+4,1d6+4,42,16,6,3,1d10+4,1d6+4,5.0,A
9562,49,18,8,5,1d10+4,1d6+4,42,16,6,4,1d8+4,1d6+4,0.0,A
9563,50,16,8,4,1d8+4,1d6+4,46,16,7,3,1d12+4,1d8+4,7.0,A
9564,44,17,8,5,1d12+4,1d8+4,37,18,6,5,1d12+4,1d6+4,8.0,A
9565,46,16,8,5,1d10+4,1d8+4,46,16,6,5,1d10+4,1d8+4,4.0,A
9566,38,18,7,5,1d8+4,1d6+4,39,14,6,3,1d8+4,1d6+4,8.0,A
9567,40,15,5,3,1d10+4,1d8+4,50,16,7,4,1d12+4,1d6+4,1.0,A
9568,45,18,8,4,1d12+4,1d8+4,34,14,8,3,1d10+4,1d8+4,0.0,A
9569,44,17,7,4,1d10+4,1d6+4,47,18,5,5,1d10+4,1d6+4,0.0,A
9570,50,18,8,3,1d8+4,1d6+4,40,15,8,5,1d12+4,1d6+4,10.0,A
9571,31,14,7,4,1d8+4,1d8+4,41,18,8,5,1d12+4,1d8+4,1.0,B
9572,50,17,7,5,1d12+4,1d6+4,31,18,7,4,1d10+4,1d6+4,8.0,A
9573,32,15,6,4,1d12+4,1d6+4,36,16,6,5,1d12+4,1d8+4,6.0,A
9574,46,18,6,5,1d8+4,1d8+4,50,17,8,3,1d8+4,1d6+4,8.0,A
9575,45,16,7,3,1d12+4,1d6+4,49,15,5,3,1d8+4,1d6+4,8.0,A
9576,38,14,6,3,1d10+4,1d8+4,49,17,7,4,1d10+4,1d8+4,2.0,B
9577,39,15,5,5,1d8+4,1d6+4,42,17,8,3,1d8+4,1d8+4,3.0,B
9578,45,17,6,4,1d8+4,1d8+4,41,17,8,5,1d12+4,1d6+4,6.0,B
9579,31,14,7,5,1d10+4,1d8+4,39,16,7,4,1d8+4,1d6+4,8.0,B
9580,46,18,5,5,1d10+4,1d8+4,45,18,8,5,1d8+4,1d8+4,2.0,A
9581,45,17,5,5,1d12+4,1d6+4,39,16,5,3,1d12+4,1d8+4,2.0,B
9582,31,16,6,3,1d12+4,1d8+4,45,15,5,3,1d12+4,1d6+4,7.0,B
9583,50,17,6,4,1d12+4,1d8+4,39,15,7,4,1d10+4,1d6+4,0.0,A
9584,32,17,8,5,1d12+4,1d8+4,39,15,6,4,1d10+4,1d6+4,10.0,A
9585,32,14,8,5,1d8+4,1d6+4,37,18,5,5,1d12+4,1d6+4,7.0,A
9586,47,16,5,4,1d10+4,1d8+4,30,17,5,5,1d10+4,1d8+4,5.0,B
9587,38,14,5,5,1d10+4,1d8+4,45,15,8,3,1d8+4,1d8+4,7.0,A
9588,39,17,7,4,1d8+4,1d8+4,36,15,7,5,1d12+4,1d8+4,2.0,A
9589,39,15,6,3,1d8+4,1d6+4,50,16,5,4,1d10+4,1d8+4,9.0,B
9590,40,14,7,5,1d10+4,1d8+4,33,14,8,5,1d10+4,1d8+4,2.0,A
9591,40,17,5,5,1d10+4,1d8+4,49,16,5,4,1d8+4,1d6+4,3.0,B
9592,34,18,7,5,1d12+4,1d6+4,32,15,6,3,1d8+4,1d8+4,8.0,B
9593,41,14,7,3,1d8+4,1d6+4,35,16,6,3,1d12+4,1d6+4,9.0,A
9594,37,17,6,5,1d8+4,1d6+4,40,18,6,4,1d8+4,1d6+4,2.0,A
9595,43,16,5,4,1d8+4,1d8+4,46,16,6,5,1d8+4,1d8+4,7.0,A
9596,46,17,7,3,1d10+4,1d8+4,46,17,7,4,1d10+4,1d8+4,1.0,A
9597,33,15,8,4,1d10+4,1d8+4,43,14,6,5,1d10+4,1d6+4,7.0,A
9598,33,16,5,5,1d8+4,1d8+4,45,16,8,5,1d8+4,1d8+4,3.0,A
9599,31,16,5,5,1d12+4,1d6+4,49,17,6,3,1d12+4,1d8+4,3.0,B
9600,41,14,7,4,1d8+4,1d8+4,49,16,7,5,1d12+4,1d6+4,0.0,B
9601,38,14,6,3,1d8+4,1d6+4,48,17,6,4,1d12+4,1d8+4,9.0,B
9602,46,17,7,5,1d12+4,1d8+4,49,18,6,4,1d8+4,1d8+4,4.0,B
9603,31,14,8,5,1d12+4,1d8+4,35,18,7,5,1d10+4,1d6+4,9.0,A
9604,44,18,7,5,1d12+4,1d8+4,45,17,8,3,1d12+4,1d6+4,3.0,A
9605,41,16,8,4,1d10+4,1d6+4,40,17,7,4,1d8+4,1d6+4,10.0,A
9606,32,17,7,5,1d8+4,1d8+4,31,16,8,4,1d8+4,1d8+4,4.0,B
9607,46,18,8,3,1d8+4,1d6+4,44,15,5,4,1d10+4,1d8+4,4.0,B
9608,34,17,6,3,1d8+4,1d8+4,41,15,6,5,1d8+4,1d8+4,6.0,B
9609,40,16,8,4,1d8+4,1d8+4,42,15,7,5,1d10+4,1d8+4,5.0,A
9610,47,15,5,5,1d8+4,1d8+4,40,17,6,4,1d8+4,1d6+4,2.0,A
9611,49,17,7,5,1d10+4,1d6+4,43,16,6,4,1d12+4,1d6+4,2.0,A
9612,33,18,5,3,1d10+4,1d6+4,30,16,5,4,1d12+4,1d8+4,3.0,A
9613,43,14,7,5,1d12+4,1d8+4,32,17,5,4,1d8+4,1d8+4,10.0,A
9614,31,14,5,5,1d10+4,1d6+4,46,14,6,4,1d12+4,1d8+4,5.0,B
9615,49,14,8,3,1d12+4,1d8+4,32,15,8,5,1d8+4,1d8+4,9.0,B
9616,45,17,7,5,1d12+4,1d8+4,45,14,8,5,1d8+4,1d6+4,5.0,A
9617,31,17,6,3,1d8+4,1d8+4,38,17,7,5,1d10+4,1d6+4,7.0,B
9618,43,16,5,3,1d8+4,1d8+4,40,17,7,5,1d12+4,1d8+4,4.0,B
9619,36,17,7,5,1d12+4,1d6+4,40,17,8,4,1d12+4,1d8+4,0.0,B
9620,40,16,8,5,1d10+4,1d8+4,39,14,8,5,1d10+4,1d6+4,4.0,A
9621,45,16,6,3,1d8+4,1d6+4,49,17,7,3,1d10+4,1d8+4,7.0,B
9622,42,17,8,4,1d10+4,1d8+4,48,18,5,5,1d8+4,1d8+4,0.0,A
9623,45,15,5,4,1d10+4,1d6+4,36,14,5,4,1d12+4,1d8+4,9.0,B
9624,42,16,8,4,1d12+4,1d6+4,37,15,8,3,1d10+4,1d6+4,9.0,B
9625,41,14,6,4,1d12+4,1d8+4,43,17,5,4,1d8+4,1d6+4,6.0,A
9626,40,18,5,3,1d12+4,1d8+4,33,15,6,4,1d8+4,1d6+4,2.0,A
9627,37,15,8,3,1d12+4,1d6+4,38,16,7,3,1d8+4,1d6+4,4.0,A
9628,40,18,7,5,1d12+4,1d8+4,50,15,7,5,1d10+4,1d8+4,6.0,B
9629,37,17,6,4,1d12+4,1d8+4,38,18,5,5,1d8+4,1d8+4,4.0,A
9630,36,18,6,5,1d12+4,1d8+4,47,17,5,4,1d10+4,1d8+4,5.0,B
9631,50,17,6,5,1d10+4,1d6+4,48,18,6,5,1d12+4,1d6+4,3.0,B
9632,30,17,6,3,1d8+4,1d8+4,50,18,8,3,1d8+4,1d6+4,7.0,B
9633,40,14,7,4,1d12+4,1d8+4,35,17,8,5,1d10+4,1d6+4,8.0,A
9634,36,18,5,5,1d8+4,1d6+4,41,17,6,3,1d10+4,1d6+4,8.0,A
9635,31,18,6,5,1d8+4,1d8+4,47,18,5,3,1d8+4,1d6+4,5.0,B
9636,37,17,7,4,1d8+4,1d8+4,35,15,7,3,1d8+4,1d8+4,1.0,A
9637,31,14,5,3,1d12+4,1d8+4,39,16,6,4,1d12+4,1d8+4,9.0,B
9638,40,17,7,3,1d12+4,1d8+4,44,14,6,3,1d12+4,1d8+4,9.0,A
9639,48,14,8,4,1d12+4,1d6+4,48,14,7,5,1d12+4,1d8+4,3.0,A
9640,45,17,7,5,1d8+4,1d8+4,36,15,7,3,1d8+4,1d8+4,7.0,A
9641,35,17,6,3,1d12+4,1d6+4,46,18,7,4,1d10+4,1d6+4,2.0,B
9642,42,17,7,4,1d10+4,1d6+4,31,18,6,5,1d8+4,1d8+4,0.0,A
9643,34,18,7,4,1d10+4,1d8+4,49,14,5,4,1d12+4,1d6+4,7.0,A
9644,39,17,6,4,1d10+4,1d6+4,38,16,6,4,1d12+4,1d6+4,9.0,A
9645,37,15,5,3,1d12+4,1d8+4,31,18,6,3,1d10+4,1d8+4,5.0,A
9646,50,18,8,4,1d10+4,1d6+4,33,18,8,4,1d12+4,1d6+4,8.0,B
9647,38,14,5,3,1d12+4,1d6+4,50,17,8,4,1d12+4,1d8+4,6.0,B
9648,49,16,6,3,1d10+4,1d8+4,46,15,8,3,1d8+4,1d6+4,5.0,B
9649,46,17,8,5,1d10+4,1d8+4,47,14,7,5,1d12+4,1d8+4,7.0,A
9650,34,17,5,3,1d12+4,1d6+4,41,16,8,5,1d8+4,1d6+4,9.0,B
9651,43,16,6,3,1d10+4,1d6+4,50,15,5,5,1d12+4,1d6+4,1.0,A
9652,34,17,6,5,1d10+4,1d8+4,37,16,5,4,1d8+4,1d6+4,8.0,A
9653,43,16,6,4,1d12+4,1d6+4,38,15,5,5,1d8+4,1d8+4,2.0,A
9654,46,17,6,3,1d8+4,1d8+4,48,16,6,4,1d10+4,1d8+4,10.0,A
9655,47,16,7,5,1d12+4,1d6+4,37,15,7,4,1d12+4,1d6+4,0.0,A
9656,38,15,5,5,1d10+4,1d6+4,45,14,6,4,1d8+4,1d8+4,8.0,A
9657,39,16,8,3,1d10+4,1d6+4,48,16,8,4,1d8+4,1d6+4,5.0,B
9658,34,18,6,5,1d8+4,1d6+4,34,14,7,4,1d12+4,1d6+4,2.0,B
9659,34,17,6,4,1d8+4,1d8+4,34,14,5,4,1d10+4,1d8+4,5.0,A
9660,36,16,7,3,1d12+4,1d6+4,50,14,7,3,1d8+4,1d8+4,3.0,B
9661,45,17,5,3,1d10+4,1d6+4,50,18,8,3,1d10+4,1d6+4,8.0,B
9662,32,18,5,5,1d12+4,1d8+4,42,14,5,3,1d12+4,1d6+4,1.0,B
9663,43,18,6,3,1d12+4,1d6+4,30,17,7,5,1d10+4,1d8+4,1.0,A
9664,45,16,6,4,1d12+4,1d8+4,48,17,5,4,1d10+4,1d8+4,5.0,B
9665,50,14,8,3,1d10+4,1d8+4,42,18,8,4,1d8+4,1d6+4,4.0,B
9666,31,17,7,3,1d12+4,1d8+4,40,17,7,4,1d8+4,1d6+4,8.0,A
9667,30,16,7,4,1d8+4,1d6+4,39,18,8,4,1d8+4,1d8+4,1.0,B
9668,33,18,6,4,1d10+4,1d8+4,42,15,5,5,1d12+4,1d8+4,8.0,B
9669,39,18,5,4,1d10+4,1d8+4,35,15,6,4,1d8+4,1d8+4,2.0,A
9670,45,16,7,5,1d8+4,1d8+4,42,16,8,3,1d10+4,1d6+4,7.0,B
9671,33,16,6,3,1d8+4,1d6+4,47,15,6,4,1d8+4,1d6+4,5.0,B
9672,45,17,5,4,1d12+4,1d8+4,41,15,6,4,1d12+4,1d8+4,5.0,A
9673,31,18,5,5,1d10+4,1d6+4,38,18,7,5,1d8+4,1d8+4,4.0,B
9674,45,16,6,3,1d12+4,1d8+4,49,18,6,4,1d8+4,1d8+4,9.0,A
9675,35,15,8,3,1d8+4,1d6+4,32,18,6,3,1d8+4,1d6+4,3.0,B
9676,50,18,5,4,1d12+4,1d6+4,42,18,7,5,1d8+4,1d6+4,6.0,A
9677,35,17,5,4,1d8+4,1d8+4,47,16,6,5,1d8+4,1d6+4,3.0,B
9678,41,17,8,3,1d10+4,1d8+4,34,15,6,5,1d12+4,1d8+4,2.0,B
9679,46,16,6,3,1d8+4,1d6+4,49,17,7,4,1d10+4,1d8+4,2.0,A
9680,30,17,7,5,1d10+4,1d6+4,44,14,6,3,1d12+4,1d6+4,5.0,B
9681,45,17,5,5,1d12+4,1d8+4,36,16,6,4,1d8+4,1d6+4,3.0,A
9682,50,15,8,5,1d10+4,1d6+4,49,15,5,3,1d10+4,1d6+4,8.0,A
9683,44,16,5,5,1d12+4,1d8+4,33,18,8,5,1d12+4,1d8+4,2.0,A
9684,32,16,8,3,1d12+4,1d8+4,47,16,7,3,1d8+4,1d8+4,5.0,B
9685,35,18,8,4,1d12+4,1d6+4,36,17,5,4,1d12+4,1d8+4,3.0,B
9686,42,16,6,3,1d12+4,1d6+4,34,17,8,4,1d8+4,1d6+4,1.0,A
9687,50,14,8,4,1d10+4,1d8+4,49,15,6,5,1d8+4,1d8+4,8.0,B
9688,33,17,8,5,1d8+4,1d6+4,45,16,5,4,1d10+4,1d6+4,9.0,A
9689,38,14,7,4,1d8+4,1d6+4,39,17,8,3,1d12+4,1d8+4,10.0,B
9690,35,15,6,5,1d8+4,1d6+4,38,17,5,3,1d8+4,1d6+4,1.0,A
9691,47,17,8,4,1d8+4,1d8+4,47,14,5,4,1d12+4,1d8+4,9.0,B
9692,33,15,7,5,1d8+4,1d8+4,44,18,6,5,1d10+4,1d6+4,7.0,B
9693,37,15,8,5,1d12+4,1d6+4,36,16,8,5,1d12+4,1d8+4,2.0,A
9694,47,14,8,3,1d10+4,1d8+4,48,16,5,3,1d8+4,1d8+4,2.0,A
9695,46,16,7,5,1d10+4,1d6+4,31,18,6,5,1d12+4,1d6+4,4.0,A
9696,49,18,6,5,1d12+4,1d6+4,30,15,5,5,1d12+4,1d6+4,2.0,A
9697,31,18,7,5,1d10+4,1d6+4,31,17,7,5,1d12+4,1d6+4,2.0,B
9698,37,15,6,3,1d8+4,1d6+4,38,14,5,5,1d8+4,1d8+4,1.0,A
9699,46,18,8,4,1d8+4,1d8+4,49,18,5,4,1d12+4,1d6+4,10.0,B
9700,32,16,8,3,1d8+4,1d8+4,49,17,5,3,1d8+4,1d8+4,7.0,A
9701,30,16,7,3,1d10+4,1d8+4,45,17,6,5,1d8+4,1d6+4,3.0,A
9702,50,17,5,3,1d10+4,1d6+4,33,17,7,3,1d8+4,1d8+4,3.0,A
9703,30,15,5,3,1d8+4,1d6+4,34,15,5,4,1d8+4,1d8+4,10.0,B
9704,35,18,5,5,1d12+4,1d8+4,32,18,8,3,1d12+4,1d6+4,4.0,B
9705,35,18,6,3,1d10+4,1d6+4,38,15,7,3,1d8+4,1d8+4,7.0,A
9706,50,15,6,5,1d10+4,1d6+4,34,18,8,4,1d10+4,1d6+4,5.0,A
9707,47,18,5,4,1d8+4,1d6+4,44,16,7,3,1d8+4,1d8+4,9.0,A
9708,43,18,8,5,1d8+4,1d6+4,50,17,5,3,1d12+4,1d8+4,2.0,B
9709,37,18,6,4,1d12+4,1d8+4,40,17,6,4,1d8+4,1d6+4,10.0,A
9710,38,18,7,4,1d10+4,1d8+4,47,14,8,5,1d8+4,1d8+4,1.0,A
9711,34,17,7,4,1d10+4,1d8+4,30,17,8,3,1d12+4,1d6+4,4.0,B
9712,31,14,6,4,1d10+4,1d6+4,41,14,8,5,1d10+4,1d8+4,2.0,B
9713,38,14,7,4,1d8+4,1d6+4,38,16,7,3,1d12+4,1d8+4,0.0,A
9714,38,15,8,5,1d10+4,1d8+4,45,18,7,4,1d8+4,1d8+4,9.0,A
9715,30,17,8,5,1d12+4,1d8+4,37,16,8,5,1d8+4,1d6+4,0.0,B
9716,37,18,6,5,1d12+4,1d6+4,50,16,8,5,1d8+4,1d6+4,7.0,B
9717,34,14,6,3,1d8+4,1d8+4,42,15,5,5,1d10+4,1d6+4,5.0,B
9718,46,15,5,5,1d8+4,1d8+4,42,18,8,5,1d10+4,1d6+4,8.0,B
9719,49,14,6,3,1d12+4,1d8+4,32,18,7,5,1d8+4,1d6+4,1.0,A
9720,30,15,8,3,1d12+4,1d8+4,49,15,8,5,1d12+4,1d6+4,7.0,A
9721,33,14,5,3,1d10+4,1d6+4,45,18,6,4,1d12+4,1d6+4,9.0,B
9722,37,14,8,3,1d10+4,1d8+4,40,18,8,3,1d10+4,1d8+4,0.0,B
9723,34,16,6,4,1d10+4,1d8+4,42,14,6,4,1d8+4,1d6+4,7.0,A
9724,30,14,5,5,1d10+4,1d8+4,42,17,6,4,1d8+4,1d6+4,5.0,B
9725,49,15,6,4,1d10+4,1d8+4,43,17,6,3,1d10+4,1d8+4,3.0,B
9726,31,16,5,5,1d10+4,1d8+4,50,14,5,5,1d8+4,1d8+4,9.0,B
9727,40,15,5,5,1d10+4,1d6+4,34,17,8,4,1d10+4,1d8+4,5.0,A
9728,43,18,5,4,1d12+4,1d8+4,37,17,7,3,1d12+4,1d8+4,10.0,A
9729,48,15,7,3,1d10+4,1d6+4,34,14,5,4,1d10+4,1d6+4,9.0,B
9730,40,16,7,5,1d12+4,1d8+4,46,14,6,5,1d12+4,1d8+4,9.0,A
9731,40,17,6,4,1d8+4,1d8+4,39,15,8,5,1d8+4,1d8+4,4.0,A
9732,38,17,5,3,1d12+4,1d6+4,50,17,5,3,1d12+4,1d6+4,1.0,A
9733,39,16,7,4,1d12+4,1d6+4,30,14,5,5,1d8+4,1d8+4,2.0,B
9734,42,16,5,4,1d8+4,1d8+4,47,18,8,3,1d10+4,1d8+4,6.0,B
9735,40,18,7,3,1d10+4,1d6+4,30,18,6,3,1d8+4,1d8+4,6.0,A
9736,35,15,8,5,1d12+4,1d8+4,39,18,5,5,1d10+4,1d6+4,10.0,A
9737,35,16,8,5,1d12+4,1d6+4,32,15,8,4,1d12+4,1d8+4,8.0,A
9738,36,16,5,4,1d10+4,1d8+4,39,14,6,3,1d10+4,1d6+4,1.0,B
9739,30,17,8,3,1d12+4,1d6+4,37,15,6,3,1d10+4,1d6+4,2.0,A
9740,47,18,7,3,1d12+4,1d8+4,43,17,8,4,1d8+4,1d8+4,10.0,A
9741,49,17,5,4,1d10+4,1d8+4,44,14,6,4,1d12+4,1d8+4,6.0,A
9742,49,16,8,4,1d10+4,1d8+4,35,17,6,5,1d10+4,1d6+4,6.0,A
9743,35,16,5,5,1d8+4,1d6+4,37,15,5,3,1d10+4,1d6+4,4.0,A
9744,48,17,6,5,1d12+4,1d8+4,47,17,7,5,1d8+4,1d6+4,10.0,A
9745,47,17,5,5,1d8+4,1d8+4,42,15,7,5,1d8+4,1d8+4,10.0,A
9746,39,14,5,4,1d10+4,1d8+4,38,15,6,4,1d10+4,1d6+4,4.0,B
9747,30,14,6,4,1d10+4,1d6+4,32,18,7,3,1d12+4,1d6+4,9.0,B
9748,44,14,7,4,1d10+4,1d6+4,36,16,5,5,1d8+4,1d6+4,0.0,A
9749,46,18,8,3,1d12+4,1d6+4,35,18,7,3,1d10+4,1d8+4,9.0,A
9750,30,18,8,5,1d12+4,1d8+4,34,17,5,4,1d10+4,1d6+4,0.0,B
9751,45,14,7,4,1d12+4,1d8+4,45,17,5,3,1d12+4,1d6+4,3.0,B
9752,33,15,5,3,1d10+4,1d8+4,36,15,6,3,1d8+4,1d8+4,3.0,A
9753,35,16,5,4,1d12+4,1d8+4,42,16,6,3,1d8+4,1d8+4,4.0,B
9754,45,14,6,5,1d8+4,1d8+4,42,15,7,4,1d12+4,1d8+4,7.0,B
9755,48,17,6,4,1d8+4,1d8+4,47,14,8,5,1d12+4,1d6+4,7.0,B
9756,33,14,7,3,1d12+4,1d8+4,47,17,8,5,1d10+4,1d6+4,1.0,A
9757,45,17,7,4,1d10+4,1d6+4,42,18,7,5,1d12+4,1d8+4,1.0,B
9758,33,18,6,3,1d8+4,1d8+4,42,14,8,3,1d12+4,1d6+4,0.0,B
9759,37,15,5,5,1d12+4,1d6+4,32,14,5,5,1d12+4,1d6+4,0.0,A
9760,50,16,6,5,1d12+4,1d8+4,42,16,8,5,1d8+4,1d8+4,6.0,B
9761,33,17,6,5,1d8+4,1d8+4,43,16,7,4,1d10+4,1d6+4,7.0,A
9762,41,14,7,5,1d12+4,1d8+4,32,14,8,3,1d8+4,1d6+4,6.0,A
9763,35,15,8,3,1d12+4,1d6+4,46,17,6,5,1d12+4,1d6+4,3.0,B
9764,48,15,7,3,1d8+4,1d8+4,46,15,6,5,1d12+4,1d6+4,8.0,A
9765,49,17,8,5,1d8+4,1d8+4,36,15,7,3,1d10+4,1d8+4,2.0,A
9766,34,14,5,3,1d12+4,1d8+4,41,18,6,3,1d12+4,1d8+4,10.0,B
9767,33,14,7,5,1d8+4,1d6+4,32,14,5,3,1d8+4,1d8+4,8.0,A
9768,47,14,8,3,1d12+4,1d6+4,43,15,6,4,1d12+4,1d8+4,6.0,A
9769,31,15,7,5,1d8+4,1d8+4,30,15,8,4,1d10+4,1d6+4,6.0,A
9770,37,14,5,5,1d12+4,1d8+4,48,17,5,4,1d12+4,1d6+4,9.0,B
9771,33,14,5,3,1d12+4,1d6+4,40,16,7,3,1d10+4,1d6+4,2.0,B
9772,32,16,5,4,1d12+4,1d8+4,36,18,6,5,1d12+4,1d6+4,5.0,B
9773,46,14,6,3,1d10+4,1d8+4,34,15,7,3,1d12+4,1d6+4,4.0,A
9774,31,15,8,5,1d10+4,1d6+4,39,15,8,4,1d10+4,1d8+4,3.0,B
9775,39,18,7,5,1d10+4,1d6+4,46,16,6,4,1d8+4,1d8+4,7.0,B
9776,43,18,6,3,1d12+4,1d8+4,36,14,7,4,1d12+4,1d6+4,3.0,A
9777,30,16,6,5,1d8+4,1d6+4,41,16,7,3,1d12+4,1d6+4,2.0,B
9778,39,15,6,4,1d12+4,1d6+4,38,14,7,3,1d12+4,1d6+4,8.0,A
9779,41,16,7,3,1d8+4,1d6+4,36,17,5,4,1d8+4,1d8+4,8.0,A
9780,41,18,5,3,1d12+4,1d6+4,42,18,5,3,1d8+4,1d6+4,6.0,B
9781,48,16,5,5,1d10+4,1d8+4,48,14,5,4,1d8+4,1d8+4,0.0,A
9782,44,18,5,4,1d10+4,1d6+4,47,18,7,5,1d12+4,1d8+4,5.0,B
9783,48,14,5,3,1d12+4,1d8+4,43,14,6,4,1d12+4,1d6+4,0.0,B
9784,40,15,7,4,1d8+4,1d8+4,42,17,5,3,1d8+4,1d8+4,10.0,B
9785,41,18,7,3,1d12+4,1d6+4,49,18,8,3,1d12+4,1d6+4,4.0,B
9786,43,14,5,4,1d8+4,1d6+4,46,16,6,5,1d12+4,1d8+4,4.0,A
9787,46,15,7,5,1d8+4,1d6+4,49,17,7,4,1d8+4,1d8+4,10.0,B
9788,46,14,8,5,1d12+4,1d6+4,32,18,8,4,1d10+4,1d8+4,9.0,B
9789,50,17,6,5,1d8+4,1d6+4,34,15,5,5,1d10+4,1d6+4,8.0,A
9790,50,15,7,4,1d8+4,1d6+4,48,18,5,3,1d8+4,1d8+4,10.0,A
9791,33,15,5,5,1d8+4,1d6+4,45,16,6,5,1d12+4,1d8+4,4.0,B
9792,34,14,7,5,1d10+4,1d8+4,49,16,5,5,1d8+4,1d8+4,6.0,B
9793,37,14,8,3,1d10+4,1d8+4,30,15,7,4,1d8+4,1d8+4,9.0,B
9794,44,14,7,3,1d12+4,1d8+4,34,18,6,4,1d10+4,1d8+4,0.0,A
9795,35,16,7,5,1d10+4,1d6+4,32,18,7,5,1d10+4,1d6+4,2.0,A
9796,36,14,8,3,1d12+4,1d6+4,37,15,6,3,1d8+4,1d8+4,5.0,A
9797,40,17,8,4,1d10+4,1d6+4,35,15,5,3,1d8+4,1d6+4,8.0,A
9798,49,15,6,5,1d10+4,1d6+4,40,18,6,4,1d8+4,1d6+4,0.0,B
9799,31,17,6,3,1d12+4,1d6+4,40,16,5,5,1d8+4,1d6+4,5.0,B
9800,40,17,8,4,1d8+4,1d8+4,34,16,7,5,1d8+4,1d8+4,1.0,B
9801,43,18,6,4,1d12+4,1d6+4,44,15,6,3,1d8+4,1d6+4,9.0,B
9802,45,14,8,4,1d8+4,1d8+4,38,18,7,5,1d12+4,1d8+4,6.0,A
9803,48,16,5,4,1d10+4,1d6+4,38,14,5,4,1d12+4,1d8+4,1.0,B
9804,42,14,7,5,1d10+4,1d8+4,46,14,5,4,1d8+4,1d8+4,5.0,B
9805,43,14,8,3,1d12+4,1d6+4,32,14,8,3,1d8+4,1d6+4,8.0,A
9806,30,14,7,4,1d8+4,1d6+4,38,16,5,5,1d12+4,1d8+4,8.0,B
9807,45,15,7,3,1d8+4,1d8+4,36,17,7,4,1d8+4,1d6+4,4.0,B
9808,50,18,7,3,1d10+4,1d6+4,31,18,5,4,1d10+4,1d6+4,10.0,A
9809,39,17,6,3,1d12+4,1d8+4,34,16,7,5,1d12+4,1d8+4,10.0,A
9810,47,15,5,4,1d10+4,1d8+4,33,14,6,5,1d8+4,1d6+4,6.0,A
9811,32,16,7,5,1d8+4,1d6+4,34,17,8,4,1d8+4,1d8+4,5.0,B
9812,35,18,7,5,1d12+4,1d8+4,31,17,6,5,1d10+4,1d6+4,4.0,A
9813,40,16,7,5,1d8+4,1d6+4,50,14,5,4,1d12+4,1d8+4,6.0,A
9814,34,18,8,3,1d12+4,1d8+4,40,16,7,3,1d8+4,1d8+4,3.0,A
9815,36,18,7,5,1d8+4,1d8+4,45,16,5,4,1d8+4,1d6+4,4.0,A
9816,49,17,8,5,1d12+4,1d8+4,36,18,8,4,1d10+4,1d8+4,1.0,A
9817,47,14,6,5,1d8+4,1d6+4,47,15,7,4,1d10+4,1d6+4,3.0,B
9818,45,17,8,3,1d12+4,1d6+4,36,17,6,5,1d10+4,1d8+4,2.0,A
9819,33,17,7,4,1d12+4,1d6+4,47,18,6,3,1d12+4,1d8+4,4.0,A
9820,50,15,7,3,1d10+4,1d6+4,44,15,5,4,1d10+4,1d8+4,7.0,A
9821,45,16,8,4,1d12+4,1d6+4,37,18,6,3,1d10+4,1d8+4,4.0,A
9822,46,18,6,4,1d8+4,1d8+4,49,15,6,3,1d10+4,1d6+4,6.0,B
9823,32,15,5,3,1d12+4,1d8+4,33,17,8,3,1d8+4,1d6+4,6.0,B
9824,49,14,5,3,1d8+4,1d8+4,48,18,8,4,1d8+4,1d8+4,9.0,B
9825,45,14,6,3,1d12+4,1d8+4,45,17,8,4,1d8+4,1d6+4,2.0,A
9826,38,17,8,3,1d12+4,1d8+4,50,16,7,3,1d10+4,1d8+4,4.0,B
9827,36,16,5,5,1d12+4,1d8+4,34,17,5,5,1d12+4,1d8+4,0.0,B
9828,43,17,7,5,1d10+4,1d6+4,43,17,7,3,1d10+4,1d6+4,5.0,B
9829,48,18,7,4,1d8+4,1d8+4,38,14,7,5,1d12+4,1d6+4,0.0,B
9830,41,16,8,5,1d12+4,1d8+4,32,14,5,4,1d10+4,1d6+4,7.0,A
9831,45,15,8,3,1d10+4,1d8+4,46,14,6,4,1d12+4,1d8+4,10.0,B
9832,40,14,8,4,1d8+4,1d8+4,42,17,8,3,1d8+4,1d8+4,3.0,B
9833,33,17,5,3,1d10+4,1d8+4,42,16,7,5,1d8+4,1d6+4,9.0,A
9834,36,18,8,4,1d10+4,1d6+4,45,18,8,4,1d10+4,1d6+4,9.0,A
9835,35,17,8,3,1d12+4,1d6+4,41,18,7,3,1d10+4,1d6+4,6.0,A
9836,34,16,7,3,1d10+4,1d8+4,38,17,5,3,1d12+4,1d8+4,3.0,B
9837,33,18,7,5,1d10+4,1d6+4,42,18,5,4,1d8+4,1d6+4,1.0,B
9838,41,18,5,5,1d12+4,1d6+4,49,17,5,5,1d12+4,1d8+4,3.0,B
9839,38,15,8,5,1d12+4,1d6+4,48,17,6,3,1d10+4,1d8+4,1.0,A
9840,47,17,5,5,1d8+4,1d6+4,40,18,5,3,1d12+4,1d6+4,8.0,A
9841,38,18,8,5,1d10+4,1d8+4,49,15,5,5,1d12+4,1d6+4,6.0,B
9842,36,18,7,3,1d12+4,1d8+4,39,14,5,5,1d10+4,1d8+4,5.0,A
9843,36,18,7,5,1d12+4,1d8+4,37,14,6,3,1d10+4,1d8+4,9.0,A
9844,50,18,6,5,1d8+4,1d8+4,48,16,5,4,1d12+4,1d6+4,2.0,A
9845,38,16,8,3,1d12+4,1d8+4,33,17,5,3,1d10+4,1d8+4,9.0,A
9846,49,16,6,5,1d12+4,1d6+4,45,14,6,5,1d12+4,1d6+4,1.0,A
9847,42,15,8,4,1d10+4,1d8+4,31,15,7,5,1d12+4,1d6+4,10.0,A
9848,40,18,7,3,1d10+4,1d8+4,49,18,6,3,1d8+4,1d6+4,7.0,B
9849,33,17,8,3,1d8+4,1d8+4,41,18,8,3,1d12+4,1d6+4,7.0,B
9850,33,14,7,3,1d8+4,1d8+4,30,14,5,3,1d10+4,1d6+4,7.0,B
9851,31,18,7,5,1d12+4,1d6+4,32,15,8,5,1d12+4,1d8+4,6.0,B
9852,47,17,8,5,1d10+4,1d6+4,49,16,6,3,1d8+4,1d8+4,5.0,A
9853,50,17,8,5,1d8+4,1d6+4,43,18,5,5,1d12+4,1d6+4,8.0,A
9854,38,14,7,3,1d8+4,1d8+4,35,15,8,4,1d10+4,1d6+4,2.0,B
9855,32,14,5,3,1d12+4,1d8+4,41,17,7,4,1d12+4,1d6+4,3.0,B
9856,47,16,5,5,1d8+4,1d6+4,44,18,8,5,1d12+4,1d6+4,4.0,B
9857,38,17,7,5,1d8+4,1d6+4,43,17,5,3,1d8+4,1d6+4,5.0,B
9858,31,15,8,5,1d8+4,1d6+4,40,18,6,4,1d12+4,1d8+4,3.0,B
9859,41,17,7,3,1d12+4,1d8+4,30,15,6,4,1d10+4,1d8+4,7.0,A
9860,34,17,6,3,1d12+4,1d6+4,44,18,7,3,1d8+4,1d6+4,3.0,B
9861,35,16,8,3,1d12+4,1d6+4,44,14,5,5,1d10+4,1d8+4,10.0,B
9862,44,18,7,4,1d8+4,1d6+4,34,17,7,3,1d8+4,1d8+4,6.0,A
9863,35,15,7,4,1d12+4,1d8+4,39,15,8,4,1d8+4,1d6+4,3.0,B
9864,48,15,8,5,1d12+4,1d8+4,44,18,6,3,1d12+4,1d8+4,0.0,A
9865,42,18,5,3,1d12+4,1d8+4,40,14,7,5,1d8+4,1d8+4,6.0,A
9866,45,14,5,3,1d10+4,1d8+4,39,14,7,4,1d8+4,1d6+4,7.0,A
9867,41,16,5,4,1d8+4,1d8+4,49,17,7,3,1d8+4,1d8+4,1.0,A
9868,41,18,8,3,1d12+4,1d6+4,46,18,6,5,1d10+4,1d6+4,6.0,A
9869,30,14,6,4,1d12+4,1d8+4,34,15,6,4,1d12+4,1d6+4,2.0,A
9870,39,15,8,4,1d10+4,1d6+4,41,17,8,3,1d10+4,1d6+4,9.0,A
9871,46,17,6,3,1d10+4,1d6+4,50,16,7,3,1d8+4,1d6+4,3.0,B
9872,46,18,6,3,1d8+4,1d8+4,37,15,7,5,1d8+4,1d8+4,0.0,A
9873,30,18,8,5,1d8+4,1d8+4,45,15,5,3,1d8+4,1d8+4,10.0,B
9874,44,18,8,5,1d8+4,1d6+4,32,18,6,5,1d8+4,1d6+4,9.0,A
9875,45,15,8,4,1d12+4,1d8+4,37,18,6,5,1d10+4,1d8+4,1.0,A
9876,37,17,7,5,1d12+4,1d6+4,37,17,5,5,1d8+4,1d8+4,10.0,A
9877,46,18,8,4,1d8+4,1d6+4,45,17,5,3,1d8+4,1d8+4,6.0,B
9878,48,17,7,4,1d8+4,1d8+4,44,17,5,5,1d10+4,1d8+4,7.0,A
9879,40,17,7,5,1d10+4,1d6+4,43,18,5,4,1d12+4,1d8+4,9.0,B
9880,39,16,5,3,1d10+4,1d6+4,35,18,8,4,1d10+4,1d6+4,6.0,B
9881,34,14,5,4,1d8+4,1d6+4,36,15,7,5,1d12+4,1d8+4,4.0,A
9882,35,16,7,5,1d8+4,1d6+4,40,14,6,4,1d10+4,1d6+4,0.0,A
9883,36,18,7,3,1d8+4,1d6+4,46,17,7,4,1d12+4,1d6+4,10.0,A
9884,33,16,8,4,1d12+4,1d8+4,32,17,5,5,1d12+4,1d8+4,6.0,B
9885,46,17,6,4,1d12+4,1d8+4,50,18,7,5,1d12+4,1d6+4,10.0,A
9886,41,14,6,5,1d12+4,1d8+4,32,17,6,4,1d8+4,1d6+4,9.0,A
9887,50,15,5,4,1d8+4,1d6+4,30,17,7,3,1d12+4,1d6+4,2.0,A
9888,45,18,7,3,1d12+4,1d8+4,41,18,8,3,1d10+4,1d8+4,4.0,A
9889,34,15,6,3,1d12+4,1d8+4,32,17,6,3,1d10+4,1d8+4,2.0,B
9890,33,18,6,5,1d8+4,1d8+4,31,18,7,4,1d10+4,1d8+4,4.0,B
9891,35,18,7,4,1d12+4,1d6+4,46,15,7,5,1d12+4,1d8+4,10.0,A
9892,33,17,8,3,1d8+4,1d8+4,36,16,6,4,1d8+4,1d8+4,1.0,A
9893,36,14,8,5,1d10+4,1d8+4,32,17,5,4,1d8+4,1d8+4,5.0,A
9894,50,17,8,4,1d12+4,1d8+4,45,17,6,5,1d8+4,1d6+4,7.0,A
9895,38,15,8,3,1d8+4,1d8+4,30,18,7,5,1d12+4,1d8+4,1.0,B
9896,30,15,7,4,1d12+4,1d8+4,47,15,7,5,1d8+4,1d8+4,7.0,B
9897,41,17,7,4,1d10+4,1d8+4,33,18,8,3,1d10+4,1d8+4,9.0,B
9898,50,18,6,5,1d12+4,1d8+4,45,17,5,5,1d10+4,1d6+4,8.0,A
9899,49,18,7,4,1d8+4,1d6+4,46,17,6,5,1d12+4,1d6+4,10.0,A
9900,47,18,5,5,1d8+4,1d8+4,43,16,6,4,1d12+4,1d8+4,4.0,A
9901,38,16,8,5,1d10+4,1d6+4,40,17,8,4,1d12+4,1d6+4,1.0,B
9902,39,16,8,4,1d8+4,1d6+4,31,16,8,4,1d12+4,1d6+4,4.0,B
9903,40,17,7,3,1d8+4,1d6+4,43,17,6,5,1d10+4,1d8+4,6.0,B
9904,33,18,5,3,1d8+4,1d6+4,34,18,6,4,1d12+4,1d6+4,4.0,A
9905,47,17,7,4,1d12+4,1d6+4,48,14,7,4,1d8+4,1d6+4,5.0,A
9906,35,15,7,4,1d10+4,1d6+4,38,16,8,5,1d12+4,1d8+4,5.0,A
9907,46,18,5,5,1d8+4,1d6+4,49,17,6,3,1d12+4,1d6+4,5.0,B
9908,47,18,6,3,1d12+4,1d6+4,48,18,8,4,1d10+4,1d6+4,8.0,A
9909,49,17,8,3,1d10+4,1d8+4,44,17,8,3,1d10+4,1d8+4,5.0,A
9910,30,14,8,3,1d8+4,1d6+4,50,18,6,3,1d10+4,1d6+4,9.0,A
9911,37,15,7,5,1d10+4,1d8+4,48,17,7,4,1d10+4,1d8+4,8.0,B
9912,40,16,5,4,1d10+4,1d8+4,34,15,6,4,1d8+4,1d8+4,8.0,B
9913,49,18,6,4,1d8+4,1d8+4,37,18,8,4,1d8+4,1d6+4,9.0,B
9914,36,18,5,3,1d10+4,1d6+4,30,15,8,4,1d10+4,1d6+4,3.0,B
9915,33,18,7,3,1d12+4,1d8+4,42,14,6,3,1d10+4,1d8+4,7.0,A
9916,46,14,8,3,1d8+4,1d6+4,50,17,7,4,1d10+4,1d8+4,4.0,B
9917,49,17,7,3,1d8+4,1d8+4,42,14,5,4,1d12+4,1d8+4,6.0,A
9918,31,15,7,3,1d8+4,1d6+4,37,17,6,5,1d12+4,1d6+4,9.0,B
9919,38,15,5,4,1d8+4,1d6+4,32,15,7,4,1d8+4,1d6+4,9.0,B
9920,48,18,7,3,1d8+4,1d8+4,30,15,8,4,1d8+4,1d6+4,0.0,B
9921,49,14,6,3,1d12+4,1d8+4,45,15,6,4,1d10+4,1d6+4,5.0,B
9922,35,14,7,4,1d10+4,1d8+4,49,18,8,3,1d12+4,1d8+4,9.0,B
9923,42,15,7,5,1d12+4,1d8+4,48,18,7,5,1d12+4,1d8+4,9.0,A
9924,30,14,7,4,1d10+4,1d6+4,50,15,7,4,1d8+4,1d8+4,9.0,A
9925,32,14,6,5,1d12+4,1d8+4,38,14,6,4,1d10+4,1d8+4,1.0,A
9926,32,17,8,5,1d10+4,1d6+4,47,14,8,3,1d8+4,1d8+4,5.0,A
9927,41,14,8,4,1d8+4,1d8+4,32,15,8,4,1d10+4,1d8+4,8.0,A
9928,30,18,7,5,1d8+4,1d8+4,40,18,5,4,1d12+4,1d8+4,6.0,B
9929,42,18,6,3,1d12+4,1d6+4,45,15,7,5,1d8+4,1d6+4,8.0,A
9930,42,18,6,5,1d10+4,1d8+4,33,17,5,5,1d8+4,1d8+4,8.0,A
9931,45,16,8,4,1d10+4,1d8+4,50,15,8,3,1d10+4,1d6+4,4.0,B
9932,37,14,5,4,1d8+4,1d6+4,37,15,5,3,1d8+4,1d6+4,4.0,B
9933,30,15,6,5,1d10+4,1d8+4,30,17,8,5,1d12+4,1d8+4,7.0,A
9934,33,16,6,4,1d8+4,1d6+4,33,18,6,5,1d8+4,1d6+4,0.0,A
9935,47,14,6,4,1d12+4,1d8+4,45,18,6,4,1d12+4,1d6+4,6.0,B
9936,39,17,6,4,1d12+4,1d6+4,36,15,8,4,1d12+4,1d6+4,2.0,B
9937,38,18,8,5,1d8+4,1d6+4,30,18,8,4,1d8+4,1d8+4,7.0,B
9938,31,18,5,4,1d10+4,1d6+4,30,18,8,5,1d12+4,1d6+4,9.0,A
9939,30,15,6,3,1d10+4,1d6+4,50,17,8,5,1d10+4,1d8+4,8.0,B
9940,35,17,6,5,1d8+4,1d8+4,44,14,6,5,1d10+4,1d8+4,2.0,B
9941,36,16,7,4,1d8+4,1d8+4,33,18,8,3,1d12+4,1d8+4,6.0,A
9942,30,16,7,5,1d12+4,1d8+4,50,18,5,5,1d10+4,1d8+4,1.0,A
9943,32,18,5,3,1d12+4,1d8+4,36,16,5,3,1d10+4,1d6+4,8.0,B
9944,37,18,7,3,1d12+4,1d8+4,40,15,8,4,1d8+4,1d6+4,4.0,B
9945,33,17,6,3,1d12+4,1d6+4,43,15,7,5,1d8+4,1d6+4,6.0,A
9946,50,17,8,4,1d8+4,1d6+4,34,15,5,4,1d12+4,1d6+4,8.0,A
9947,47,18,7,5,1d12+4,1d8+4,33,16,6,5,1d8+4,1d6+4,1.0,A
9948,34,17,8,4,1d12+4,1d8+4,44,18,8,3,1d8+4,1d8+4,7.0,A
9949,31,14,5,3,1d12+4,1d6+4,47,14,8,4,1d10+4,1d8+4,10.0,B
9950,33,17,7,3,1d12+4,1d6+4,50,16,7,3,1d12+4,1d8+4,5.0,A
9951,42,18,6,3,1d12+4,1d8+4,36,15,5,4,1d8+4,1d6+4,4.0,A
9952,38,16,6,3,1d12+4,1d6+4,50,18,8,5,1d8+4,1d6+4,9.0,A
9953,47,14,6,3,1d8+4,1d6+4,42,17,5,5,1d12+4,1d8+4,3.0,B
9954,37,14,7,3,1d10+4,1d6+4,35,16,7,5,1d12+4,1d6+4,5.0,A
9955,46,16,8,4,1d10+4,1d8+4,48,15,8,4,1d8+4,1d8+4,5.0,B
9956,34,15,5,4,1d12+4,1d6+4,48,15,7,5,1d8+4,1d6+4,0.0,A
9957,30,18,6,4,1d8+4,1d6+4,50,16,6,4,1d8+4,1d6+4,10.0,B
9958,36,15,8,5,1d10+4,1d8+4,46,17,5,5,1d12+4,1d8+4,3.0,A
9959,44,18,7,4,1d8+4,1d6+4,40,14,6,4,1d10+4,1d6+4,3.0,A
9960,41,16,7,5,1d12+4,1d6+4,37,17,5,4,1d8+4,1d6+4,10.0,A
9961,33,18,6,5,1d10+4,1d8+4,46,16,6,5,1d8+4,1d8+4,8.0,B
9962,43,17,8,5,1d8+4,1d8+4,34,15,6,5,1d8+4,1d6+4,1.0,A
9963,48,16,7,5,1d12+4,1d6+4,41,16,8,4,1d12+4,1d8+4,5.0,B
9964,35,14,5,5,1d8+4,1d6+4,41,15,5,4,1d10+4,1d8+4,8.0,B
9965,44,18,5,5,1d8+4,1d8+4,34,15,5,3,1d8+4,1d8+4,2.0,B
9966,30,17,5,3,1d12+4,1d8+4,39,18,6,3,1d12+4,1d8+4,2.0,B
9967,41,16,7,5,1d10+4,1d6+4,50,18,5,5,1d8+4,1d8+4,0.0,A
9968,42,16,5,3,1d8+4,1d8+4,49,16,6,5,1d8+4,1d6+4,2.0,B
9969,47,14,5,4,1d8+4,1d8+4,40,18,6,3,1d12+4,1d6+4,10.0,B
9970,47,14,6,5,1d10+4,1d8+4,32,14,5,5,1d12+4,1d8+4,0.0,A
9971,30,18,6,4,1d8+4,1d8+4,38,18,8,3,1d12+4,1d6+4,2.0,A
9972,34,18,7,5,1d10+4,1d8+4,30,18,6,4,1d12+4,1d8+4,1.0,A
9973,38,15,6,3,1d8+4,1d8+4,47,17,8,3,1d12+4,1d8+4,1.0,A
9974,40,14,8,5,1d12+4,1d6+4,32,16,5,3,1d8+4,1d8+4,3.0,A
9975,36,15,7,3,1d10+4,1d6+4,42,14,6,3,1d10+4,1d6+4,10.0,A
9976,35,14,7,5,1d10+4,1d8+4,31,17,7,4,1d12+4,1d6+4,7.0,A
9977,44,14,7,3,1d8+4,1d6+4,46,15,6,5,1d12+4,1d8+4,2.0,B
9978,46,15,7,5,1d8+4,1d6+4,46,15,5,3,1d8+4,1d8+4,5.0,A
9979,38,15,6,4,1d10+4,1d8+4,31,16,6,4,1d8+4,1d6+4,3.0,B
9980,46,16,6,3,1d12+4,1d6+4,48,17,6,3,1d10+4,1d8+4,0.0,A
9981,45,15,5,4,1d10+4,1d6+4,44,16,6,3,1d12+4,1d8+4,8.0,B
9982,48,17,8,5,1d12+4,1d8+4,45,14,6,4,1d10+4,1d8+4,10.0,B
9983,38,18,8,5,1d8+4,1d6+4,30,14,6,3,1d12+4,1d6+4,3.0,A
9984,31,16,6,4,1d12+4,1d8+4,42,18,6,5,1d8+4,1d8+4,8.0,A
9985,49,16,6,5,1d8+4,1d6+4,45,18,7,4,1d10+4,1d8+4,3.0,A
9986,32,15,6,5,1d8+4,1d6+4,37,17,8,3,1d10+4,1d8+4,0.0,B
9987,40,14,5,5,1d8+4,1d6+4,31,17,5,3,1d10+4,1d6+4,6.0,A
9988,31,18,8,3,1d12+4,1d6+4,30,15,8,5,1d10+4,1d6+4,4.0,A
9989,46,18,7,3,1d8+4,1d8+4,49,14,5,5,1d12+4,1d8+4,3.0,A
9990,41,14,6,5,1d10+4,1d6+4,30,16,6,3,1d8+4,1d6+4,6.0,B
9991,48,14,5,5,1d10+4,1d6+4,40,15,5,5,1d8+4,1d8+4,3.0,A
9992,39,16,7,5,1d8+4,1d6+4,41,16,6,3,1d12+4,1d8+4,10.0,A
9993,41,18,5,5,1d12+4,1d6+4,45,16,7,4,1d10+4,1d8+4,9.0,B
9994,31,14,6,4,1d12+4,1d8+4,48,15,7,4,1d8+4,1d8+4,9.0,B
9995,40,14,6,4,1d8+4,1d8+4,48,14,5,3,1d12+4,1d8+4,8.0,A
9996,38,18,8,3,1d10+4,1d6+4,41,18,7,5,1d12+4,1d6+4,5.0,A
9997,50,16,8,4,1d12+4,1d6+4,48,18,7,5,1d12+4,1d6+4,0.0,A
9998,49,16,6,5,1d12+4,1d6+4,35,18,8,4,1d8+4,1d8+4,5.0,A
9999,30,16,7,4,1d10+4,1d8+4,35,18,5,4,1d12+4,1d6+4,0.0,B
10000,46,18,6,4,1d10+4,1d6+4,34,16,5,4,1d10+4,1d6+4,1.0,A
