fight_id,A_hp,A_ac,A_attack_bonus,A_speed,A_dmg_main,A_dmg_backup,B_hp,B_ac,B_attack_bonus,B_speed,B_dmg_main,B_dmg_backup,starting_distance,winner
1,45,16,7,5,1d12+4,1d6+4,36,15,7,3,1d10+4,1d6+4,3.0,A
2,39,15,7,5,1d12+4,1d8+4,45,14,7,5,1d10+4,1d6+4,3.0,B
3,47,16,7,3,1d8+4,1d6+4,44,16,7,4,1d8+4,1d8+4,7.0,B
4,47,18,7,3,1d12+4,1d8+4,44,15,7,3,1d8+4,1d6+4,3.0,A
5,34,17,7,5,1d8+4,1d8+4,41,16,7,4,1d8+4,1d6+4,2.0,A
6,46,15,7,5,1d8+4,1d6+4,47,16,7,5,1d8+4,1d8+4,3.0,B
7,50,17,7,4,1d10+4,1d8+4,38,18,7,5,1d8+4,1d8+4,5.0,A
8,50,18,7,4,1d10+4,1d8+4,42,18,7,4,1d8+4,1d8+4,3.0,A
9,39,16,7,4,1d8+4,1d8+4,37,14,7,4,1d12+4,1d8+4,6.0,A
10,35,15,7,3,1d8+4,1d6+4,43,15,7,4,1d12+4,1d8+4,0.0,B
11,31,18,7,4,1d8+4,1d6+4,48,14,7,3,1d10+4,1d8+4,4.0,A
12,48,14,7,5,1d10+4,1d8+4,41,18,7,5,1d8+4,1d6+4,5.0,B
13,35,17,7,4,1d8+4,1d8+4,30,15,7,3,1d10+4,1d8+4,5.0,B
14,49,18,7,4,1d12+4,1d8+4,34,15,7,5,1d8+4,1d6+4,0.0,A
15,33,14,7,5,1d10+4,1d6+4,47,16,7,3,1d8+4,1d6+4,7.0,B
16,34,16,7,4,1d8+4,1d6+4,48,18,7,4,1d12+4,1d6+4,5.0,B
17,35,18,7,5,1d10+4,1d8+4,36,16,7,4,1d10+4,1d6+4,9.0,B
18,46,15,7,5,1d8+4,1d8+4,44,16,7,3,1d12+4,1d8+4,2.0,A
19,49,17,7,3,1d8+4,1d6+4,50,15,7,4,1d10+4,1d6+4,2.0,A
20,31,14,7,3,1d12+4,1d6+4,45,17,7,4,1d12+4,1d8+4,10.0,A
21,49,16,7,3,1d10+4,1d8+4,46,16,7,5,1d12+4,1d8+4,0.0,A
22,46,17,7,3,1d12+4,1d6+4,31,17,7,4,1d8+4,1d6+4,8.0,A
23,31,16,7,5,1d8+4,1d6+4,50,16,7,3,1d12+4,1d8+4,2.0,B
24,41,17,7,5,1d12+4,1d8+4,34,16,7,4,1d12+4,1d6+4,7.0,B
25,38,18,7,3,1d8+4,1d6+4,37,17,7,4,1d10+4,1d8+4,0.0,B
26,46,14,7,3,1d10+4,1d8+4,46,15,7,4,1d12+4,1d8+4,6.0,B
27,35,17,7,5,1d10+4,1d8+4,35,17,7,5,1d12+4,1d8+4,2.0,B
28,34,15,7,5,1d10+4,1d8+4,43,18,7,3,1d12+4,1d6+4,9.0,B
29,36,16,7,4,1d12+4,1d6+4,50,17,7,5,1d12+4,1d6+4,6.0,A
30,31,14,7,3,1d10+4,1d8+4,33,17,7,3,1d12+4,1d6+4,4.0,A
31,49,18,7,3,1d8+4,1d6+4,39,17,7,3,1d8+4,1d6+4,9.0,A
32,35,17,7,4,1d10+4,1d8+4,44,17,7,4,1d10+4,1d6+4,8.0,A
33,49,17,7,3,1d12+4,1d6+4,30,16,7,3,1d12+4,1d6+4,4.0,A
34,39,16,7,3,1d12+4,1d6+4,37,16,7,5,1d12+4,1d6+4,6.0,A
35,39,14,7,5,1d12+4,1d8+4,43,15,7,5,1d8+4,1d6+4,6.0,B
36,36,15,7,5,1d8+4,1d8+4,37,16,7,3,1d10+4,1d8+4,5.0,A
37,43,14,7,3,1d12+4,1d8+4,40,15,7,3,1d10+4,1d6+4,5.0,A
38,41,14,7,3,1d8+4,1d8+4,35,16,7,5,1d10+4,1d8+4,0.0,B
39,30,15,7,3,1d8+4,1d6+4,47,15,7,5,1d8+4,1d8+4,2.0,B
40,37,15,7,5,1d12+4,1d6+4,47,15,7,3,1d8+4,1d6+4,4.0,A
41,40,17,7,4,1d8+4,1d6+4,33,14,7,3,1d8+4,1d6+4,5.0,A
42,32,15,7,3,1d8+4,1d8+4,36,18,7,3,1d12+4,1d6+4,5.0,B
43,50,14,7,4,1d12+4,1d6+4,39,15,7,5,1d8+4,1d6+4,8.0,A
44,41,16,7,3,1d12+4,1d8+4,41,16,7,4,1d8+4,1d6+4,1.0,B
45,50,18,7,3,1d8+4,1d8+4,38,18,7,3,1d8+4,1d6+4,9.0,A
46,36,18,7,5,1d12+4,1d6+4,40,15,7,5,1d8+4,1d8+4,0.0,B
47,31,18,7,4,1d12+4,1d6+4,50,18,7,4,1d10+4,1d8+4,5.0,A
48,33,17,7,3,1d10+4,1d8+4,46,18,7,3,1d10+4,1d8+4,6.0,B
49,34,15,7,4,1d10+4,1d8+4,50,14,7,5,1d12+4,1d6+4,1.0,B
50,32,16,7,3,1d10+4,1d8+4,34,18,7,3,1d12+4,1d6+4,2.0,A
51,49,16,7,3,1d12+4,1d6+4,47,18,7,3,1d12+4,1d8+4,7.0,A
52,48,14,7,4,1d8+4,1d6+4,43,18,7,3,1d12+4,1d8+4,5.0,B
53,46,18,7,3,1d8+4,1d6+4,44,15,7,4,1d10+4,1d8+4,3.0,A
54,49,14,7,5,1d12+4,1d6+4,34,15,7,3,1d10+4,1d6+4,1.0,B
55,48,16,7,4,1d12+4,1d8+4,48,14,7,5,1d12+4,1d8+4,7.0,B
56,39,17,7,4,1d12+4,1d8+4,42,18,7,3,1d12+4,1d6+4,3.0,A
57,32,14,7,5,1d10+4,1d8+4,34,16,7,3,1d12+4,1d8+4,0.0,B
58,35,15,7,3,1d8+4,1d6+4,47,18,7,3,1d12+4,1d6+4,9.0,B
59,42,17,7,4,1d8+4,1d6+4,41,17,7,4,1d10+4,1d8+4,5.0,A
60,50,15,7,4,1d12+4,1d8+4,36,18,7,5,1d12+4,1d8+4,3.0,A
61,39,16,7,5,1d8+4,1d8+4,43,16,7,4,1d10+4,1d8+4,2.0,B
62,40,18,7,3,1d12+4,1d8+4,37,14,7,5,1d8+4,1d6+4,3.0,A
63,38,14,7,3,1d12+4,1d6+4,48,17,7,5,1d12+4,1d6+4,4.0,B
64,40,15,7,3,1d10+4,1d6+4,31,18,7,3,1d12+4,1d6+4,6.0,B
65,33,14,7,5,1d8+4,1d8+4,50,17,7,5,1d10+4,1d6+4,9.0,A
66,48,17,7,4,1d10+4,1d6+4,50,17,7,4,1d8+4,1d6+4,1.0,B
67,31,18,7,5,1d10+4,1d8+4,47,14,7,5,1d12+4,1d8+4,8.0,B
68,34,18,7,4,1d8+4,1d8+4,32,17,7,3,1d8+4,1d6+4,7.0,A
69,47,14,7,4,1d8+4,1d8+4,39,16,7,3,1d10+4,1d8+4,2.0,A
70,35,15,7,4,1d8+4,1d6+4,48,18,7,4,1d10+4,1d8+4,1.0,B
71,34,16,7,5,1d8+4,1d6+4,36,14,7,3,1d10+4,1d6+4,3.0,A
72,31,15,7,5,1d12+4,1d6+4,36,17,7,5,1d10+4,1d6+4,3.0,B
73,45,18,7,5,1d8+4,1d6+4,34,14,7,5,1d8+4,1d8+4,2.0,A
74,49,17,7,3,1d12+4,1d6+4,43,16,7,3,1d8+4,1d8+4,10.0,A
75,44,17,7,3,1d12+4,1d8+4,35,17,7,3,1d10+4,1d6+4,4.0,A
76,34,18,7,4,1d12+4,1d6+4,34,18,7,5,1d10+4,1d8+4,10.0,B
77,48,14,7,4,1d10+4,1d8+4,46,18,7,5,1d8+4,1d6+4,2.0,B
78,48,18,7,4,1d12+4,1d6+4,48,18,7,3,1d8+4,1d6+4,10.0,A
79,48,18,7,5,1d12+4,1d8+4,34,14,7,5,1d8+4,1d8+4,3.0,A
80,34,15,7,4,1d8+4,1d8+4,44,15,7,5,1d10+4,1d8+4,7.0,B
81,38,14,7,3,1d8+4,1d6+4,42,18,7,5,1d10+4,1d8+4,3.0,A
82,42,18,7,4,1d8+4,1d8+4,32,17,7,3,1d10+4,1d6+4,4.0,B
83,32,16,7,4,1d8+4,1d6+4,31,17,7,4,1d8+4,1d8+4,8.0,B
84,37,14,7,5,1d12+4,1d6+4,34,15,7,4,1d8+4,1d6+4,4.0,B
85,35,14,7,3,1d12+4,1d8+4,45,16,7,4,1d8+4,1d8+4,7.0,B
86,35,14,7,5,1d8+4,1d6+4,45,14,7,4,1d8+4,1d8+4,1.0,A
87,30,16,7,4,1d8+4,1d6+4,34,17,7,4,1d10+4,1d8+4,6.0,A
88,39,18,7,5,1d12+4,1d8+4,40,16,7,5,1d12+4,1d6+4,8.0,B
89,39,17,7,5,1d10+4,1d8+4,42,17,7,4,1d10+4,1d8+4,4.0,B
90,44,17,7,5,1d10+4,1d8+4,45,16,7,5,1d8+4,1d8+4,8.0,B
91,45,15,7,4,1d12+4,1d6+4,48,18,7,3,1d12+4,1d6+4,8.0,B
92,39,16,7,5,1d8+4,1d8+4,45,16,7,4,1d12+4,1d8+4,6.0,A
93,31,18,7,5,1d8+4,1d8+4,45,15,7,3,1d12+4,1d8+4,1.0,A
94,50,18,7,5,1d10+4,1d8+4,45,17,7,5,1d12+4,1d6+4,2.0,B
95,45,14,7,5,1d8+4,1d6+4,37,14,7,5,1d10+4,1d6+4,6.0,A
96,46,17,7,5,1d10+4,1d8+4,40,17,7,3,1d10+4,1d6+4,1.0,A
97,36,14,7,5,1d10+4,1d8+4,42,14,7,4,1d12+4,1d6+4,8.0,B
98,39,17,7,3,1d8+4,1d6+4,47,18,7,4,1d10+4,1d8+4,1.0,A
99,33,17,7,5,1d10+4,1d6+4,42,16,7,3,1d8+4,1d6+4,7.0,A
100,40,16,7,3,1d8+4,1d8+4,46,16,7,4,1d10+4,1d8+4,7.0,B
101,50,17,7,3,1d10+4,1d8+4,48,17,7,5,1d12+4,1d6+4,5.0,B
102,48,17,7,4,1d10+4,1d8+4,48,14,7,4,1d8+4,1d8+4,1.0,A
103,43,18,7,5,1d8+4,1d8+4,31,18,7,3,1d10+4,1d6+4,5.0,B
104,38,18,7,4,1d8+4,1d8+4,33,14,7,3,1d10+4,1d8+4,7.0,A
105,36,18,7,5,1d8+4,1d6+4,50,18,7,3,1d12+4,1d6+4,6.0,A
106,31,14,7,3,1d8+4,1d6+4,50,18,7,5,1d10+4,1d8+4,3.0,B
107,30,17,7,3,1d12+4,1d8+4,36,16,7,5,1d12+4,1d8+4,9.0,A
108,48,17,7,4,1d8+4,1d6+4,49,16,7,3,1d8+4,1d6+4,2.0,A
109,45,15,7,5,1d12+4,1d6+4,31,16,7,4,1d10+4,1d8+4,2.0,B
110,30,14,7,3,1d10+4,1d6+4,43,18,7,4,1d8+4,1d6+4,0.0,B
111,41,14,7,5,1d12+4,1d8+4,34,17,7,4,1d12+4,1d6+4,1.0,B
112,40,16,7,3,1d12+4,1d6+4,35,18,7,3,1d12+4,1d6+4,10.0,B
113,31,17,7,3,1d12+4,1d6+4,36,17,7,4,1d8+4,1d8+4,1.0,B
114,43,15,7,4,1d12+4,1d8+4,35,14,7,3,1d12+4,1d6+4,2.0,A
115,33,17,7,5,1d10+4,1d6+4,39,16,7,4,1d10+4,1d8+4,4.0,B
116,31,16,7,5,1d8+4,1d6+4,49,16,7,5,1d10+4,1d6+4,9.0,A
117,36,15,7,3,1d10+4,1d8+4,44,18,7,4,1d8+4,1d6+4,9.0,A
118,30,18,7,5,1d8+4,1d6+4,34,15,7,3,1d8+4,1d6+4,4.0,B
119,43,14,7,5,1d8+4,1d8+4,45,17,7,5,1d8+4,1d6+4,2.0,B
120,37,17,7,4,1d12+4,1d6+4,40,17,7,4,1d12+4,1d6+4,1.0,B
121,41,14,7,5,1d8+4,1d8+4,30,17,7,4,1d8+4,1d8+4,1.0,A
122,30,17,7,4,1d10+4,1d8+4,45,18,7,5,1d10+4,1d8+4,2.0,B
123,40,15,7,4,1d8+4,1d6+4,33,14,7,3,1d8+4,1d6+4,3.0,A
124,38,14,7,5,1d8+4,1d8+4,38,17,7,3,1d12+4,1d6+4,2.0,B
125,50,18,7,4,1d12+4,1d8+4,32,15,7,4,1d12+4,1d6+4,3.0,A
126,32,14,7,3,1d12+4,1d8+4,30,17,7,5,1d8+4,1d8+4,7.0,B
127,43,18,7,4,1d12+4,1d6+4,36,14,7,5,1d10+4,1d6+4,7.0,A
128,35,15,7,4,1d12+4,1d8+4,38,17,7,5,1d8+4,1d6+4,0.0,B
129,30,17,7,3,1d8+4,1d6+4,36,16,7,5,1d10+4,1d6+4,2.0,A
130,45,14,7,3,1d8+4,1d8+4,37,18,7,5,1d12+4,1d6+4,4.0,A
131,36,16,7,4,1d10+4,1d6+4,50,16,7,5,1d12+4,1d8+4,5.0,B
132,43,14,7,3,1d12+4,1d6+4,43,16,7,5,1d12+4,1d6+4,5.0,B
133,40,14,7,5,1d12+4,1d6+4,41,14,7,5,1d12+4,1d8+4,3.0,B
134,34,14,7,5,1d8+4,1d6+4,37,18,7,5,1d10+4,1d6+4,2.0,B
135,45,14,7,5,1d12+4,1d6+4,35,16,7,4,1d10+4,1d6+4,9.0,A
136,30,16,7,3,1d10+4,1d8+4,32,18,7,4,1d12+4,1d6+4,2.0,B
137,37,14,7,4,1d12+4,1d6+4,38,17,7,3,1d8+4,1d8+4,1.0,A
138,32,15,7,5,1d8+4,1d8+4,50,14,7,3,1d8+4,1d8+4,9.0,A
139,46,17,7,3,1d12+4,1d8+4,41,16,7,5,1d12+4,1d8+4,6.0,A
140,41,16,7,5,1d8+4,1d8+4,46,17,7,4,1d10+4,1d6+4,4.0,B
141,35,15,7,3,1d12+4,1d8+4,38,14,7,4,1d12+4,1d8+4,4.0,A
142,33,17,7,3,1d12+4,1d6+4,31,15,7,5,1d8+4,1d6+4,1.0,A
143,42,15,7,5,1d10+4,1d8+4,43,15,7,3,1d10+4,1d8+4,2.0,A
144,34,16,7,3,1d10+4,1d6+4,39,18,7,5,1d10+4,1d6+4,1.0,A
145,43,15,7,4,1d10+4,1d8+4,40,17,7,5,1d10+4,1d6+4,6.0,A
146,41,14,7,3,1d10+4,1d6+4,44,15,7,3,1d8+4,1d6+4,4.0,A
147,46,15,7,5,1d10+4,1d6+4,38,16,7,4,1d12+4,1d8+4,5.0,A
148,35,18,7,4,1d10+4,1d8+4,47,16,7,3,1d10+4,1d8+4,8.0,A
149,30,15,7,3,1d8+4,1d6+4,46,15,7,4,1d10+4,1d6+4,9.0,B
150,33,17,7,5,1d10+4,1d6+4,43,18,7,5,1d8+4,1d8+4,8.0,B
151,36,15,7,3,1d8+4,1d6+4,44,17,7,4,1d10+4,1d6+4,2.0,B
152,32,18,7,5,1d8+4,1d6+4,37,17,7,5,1d10+4,1d6+4,10.0,A
153,38,18,7,4,1d12+4,1d6+4,49,16,7,5,1d10+4,1d8+4,0.0,A
154,41,17,7,3,1d12+4,1d8+4,32,17,7,3,1d12+4,1d8+4,10.0,A
155,33,16,7,4,1d12+4,1d6+4,36,17,7,3,1d10+4,1d8+4,1.0,B
156,39,18,7,5,1d8+4,1d6+4,37,16,7,3,1d8+4,1d8+4,6.0,A
157,47,17,7,4,1d10+4,1d8+4,49,16,7,3,1d12+4,1d6+4,0.0,A
158,39,17,7,3,1d10+4,1d6+4,32,18,7,4,1d10+4,1d6+4,5.0,B
159,46,16,7,5,1d10+4,1d8+4,45,14,7,5,1d10+4,1d6+4,1.0,A
160,43,16,7,5,1d12+4,1d8+4,38,17,7,3,1d10+4,1d8+4,4.0,B
161,46,15,7,3,1d10+4,1d8+4,30,14,7,4,1d8+4,1d6+4,9.0,B
162,38,14,7,4,1d8+4,1d6+4,50,16,7,5,1d8+4,1d6+4,1.0,B
163,36,15,7,4,1d10+4,1d6+4,49,15,7,5,1d8+4,1d8+4,0.0,A
164,38,15,7,3,1d12+4,1d6+4,47,16,7,4,1d8+4,1d6+4,0.0,A
165,44,14,7,5,1d12+4,1d6+4,36,18,7,5,1d10+4,1d8+4,5.0,A
166,42,16,7,5,1d10+4,1d8+4,38,16,7,5,1d8+4,1d6+4,7.0,B
167,33,14,7,5,1d10+4,1d8+4,44,14,7,3,1d8+4,1d6+4,3.0,B
168,50,15,7,4,1d8+4,1d6+4,40,18,7,4,1d10+4,1d8+4,4.0,B
169,48,15,7,5,1d12+4,1d8+4,35,18,7,5,1d12+4,1d8+4,0.0,A
170,37,16,7,5,1d8+4,1d6+4,43,15,7,4,1d10+4,1d8+4,3.0,B
171,40,16,7,5,1d10+4,1d6+4,31,16,7,4,1d8+4,1d8+4,9.0,B
172,33,17,7,3,1d8+4,1d8+4,30,17,7,5,1d10+4,1d8+4,7.0,A
173,40,16,7,5,1d10+4,1d6+4,34,14,7,4,1d8+4,1d6+4,5.0,A
174,36,15,7,5,1d8+4,1d6+4,50,18,7,4,1d8+4,1d6+4,8.0,A
175,31,18,7,3,1d10+4,1d6+4,46,16,7,3,1d12+4,1d6+4,0.0,A
176,31,18,7,4,1d10+4,1d8+4,31,15,7,5,1d10+4,1d8+4,0.0,A
177,40,14,7,5,1d10+4,1d8+4,48,18,7,4,1d12+4,1d6+4,6.0,A
178,45,14,7,3,1d10+4,1d8+4,49,15,7,5,1d10+4,1d8+4,7.0,A
179,30,16,7,3,1d10+4,1d8+4,45,17,7,5,1d8+4,1d6+4,8.0,A
180,30,14,7,5,1d8+4,1d6+4,49,14,7,4,1d8+4,1d6+4,7.0,B
181,33,17,7,5,1d12+4,1d6+4,37,14,7,4,1d12+4,1d8+4,4.0,B
182,45,17,7,4,1d8+4,1d6+4,47,14,7,5,1d12+4,1d8+4,5.0,B
183,34,18,7,4,1d10+4,1d8+4,39,17,7,4,1d10+4,1d8+4,7.0,A
184,50,18,7,3,1d8+4,1d8+4,36,14,7,4,1d8+4,1d8+4,6.0,A
185,44,18,7,5,1d12+4,1d8+4,45,17,7,5,1d12+4,1d6+4,0.0,A
186,41,15,7,5,1d10+4,1d8+4,42,18,7,4,1d8+4,1d6+4,3.0,A
187,40,14,7,5,1d12+4,1d6+4,43,18,7,3,1d12+4,1d8+4,7.0,A
188,45,15,7,5,1d8+4,1d6+4,38,16,7,3,1d12+4,1d8+4,10.0,A
189,41,18,7,4,1d10+4,1d8+4,37,17,7,3,1d12+4,1d6+4,9.0,A
190,38,16,7,3,1d8+4,1d6+4,43,17,7,5,1d10+4,1d8+4,3.0,B
191,46,17,7,5,1d12+4,1d8+4,42,18,7,5,1d12+4,1d8+4,8.0,B
192,40,17,7,4,1d8+4,1d6+4,43,17,7,4,1d12+4,1d6+4,9.0,B
193,47,14,7,4,1d10+4,1d6+4,41,15,7,5,1d12+4,1d8+4,8.0,A
194,33,14,7,3,1d10+4,1d8+4,46,15,7,3,1d10+4,1d6+4,0.0,A
195,42,17,7,4,1d10+4,1d6+4,34,14,7,5,1d8+4,1d8+4,5.0,A
196,33,17,7,4,1d8+4,1d6+4,47,16,7,4,1d12+4,1d8+4,4.0,B
197,31,18,7,4,1d12+4,1d8+4,42,16,7,4,1d12+4,1d8+4,9.0,B
198,45,15,7,5,1d12+4,1d8+4,45,14,7,4,1d8+4,1d6+4,5.0,B
199,48,16,7,3,1d10+4,1d6+4,33,16,7,3,1d10+4,1d8+4,2.0,B
200,46,17,7,3,1d12+4,1d6+4,35,18,7,4,1d12+4,1d6+4,6.0,A
201,45,16,7,4,1d10+4,1d6+4,48,17,7,5,1d10+4,1d8+4,7.0,A
202,39,18,7,4,1d12+4,1d8+4,33,14,7,4,1d10+4,1d6+4,2.0,A
203,40,15,7,4,1d8+4,1d8+4,39,18,7,4,1d12+4,1d8+4,0.0,B
204,31,16,7,4,1d10+4,1d8+4,43,14,7,5,1d8+4,1d6+4,1.0,B
205,44,14,7,4,1d8+4,1d8+4,32,16,7,4,1d12+4,1d6+4,9.0,B
206,49,14,7,5,1d10+4,1d6+4,46,17,7,3,1d10+4,1d8+4,8.0,A
207,38,15,7,4,1d10+4,1d8+4,35,17,7,4,1d12+4,1d6+4,3.0,B
208,35,15,7,4,1d8+4,1d6+4,37,14,7,4,1d10+4,1d6+4,8.0,A
209,46,16,7,5,1d10+4,1d8+4,42,16,7,4,1d10+4,1d6+4,10.0,B
210,36,15,7,4,1d12+4,1d8+4,34,17,7,3,1d12+4,1d8+4,6.0,A
211,31,16,7,4,1d12+4,1d8+4,35,14,7,4,1d12+4,1d6+4,10.0,B
212,49,14,7,4,1d12+4,1d6+4,44,17,7,5,1d10+4,1d8+4,9.0,B
213,35,15,7,4,1d8+4,1d6+4,34,15,7,4,1d12+4,1d8+4,8.0,B
214,41,15,7,3,1d10+4,1d6+4,45,15,7,3,1d10+4,1d8+4,10.0,B
215,35,18,7,4,1d10+4,1d6+4,36,15,7,5,1d8+4,1d6+4,1.0,B
216,46,15,7,3,1d8+4,1d8+4,31,15,7,4,1d10+4,1d6+4,2.0,A
217,47,14,7,5,1d12+4,1d6+4,30,16,7,4,1d8+4,1d6+4,3.0,B
218,43,16,7,3,1d12+4,1d6+4,47,14,7,5,1d10+4,1d6+4,2.0,B
219,34,14,7,3,1d8+4,1d8+4,44,18,7,4,1d10+4,1d8+4,2.0,B
220,44,16,7,5,1d12+4,1d6+4,38,14,7,4,1d8+4,1d6+4,0.0,A
221,47,15,7,5,1d8+4,1d6+4,38,16,7,5,1d12+4,1d6+4,8.0,A
222,45,17,7,4,1d12+4,1d6+4,47,14,7,5,1d10+4,1d8+4,2.0,A
223,32,18,7,3,1d10+4,1d8+4,32,17,7,3,1d8+4,1d8+4,0.0,A
224,48,16,7,3,1d10+4,1d8+4,44,15,7,4,1d10+4,1d8+4,10.0,B
225,30,18,7,3,1d8+4,1d6+4,46,15,7,4,1d10+4,1d6+4,8.0,A
226,30,18,7,3,1d12+4,1d8+4,41,14,7,5,1d8+4,1d6+4,2.0,A
227,36,15,7,3,1d12+4,1d8+4,41,16,7,4,1d10+4,1d6+4,0.0,B
228,47,16,7,3,1d10+4,1d8+4,39,16,7,5,1d8+4,1d8+4,1.0,A
229,49,15,7,4,1d10+4,1d6+4,44,18,7,5,1d10+4,1d8+4,2.0,A
230,35,17,7,5,1d10+4,1d6+4,50,16,7,5,1d12+4,1d8+4,3.0,B
231,48,15,7,3,1d8+4,1d6+4,47,14,7,5,1d10+4,1d6+4,5.0,A
232,42,18,7,3,1d12+4,1d8+4,39,15,7,3,1d10+4,1d6+4,8.0,B
233,33,14,7,4,1d10+4,1d6+4,44,16,7,4,1d8+4,1d6+4,5.0,B
234,49,14,7,5,1d12+4,1d6+4,30,17,7,3,1d12+4,1d8+4,5.0,B
235,36,18,7,3,1d8+4,1d8+4,41,18,7,4,1d8+4,1d6+4,10.0,B
236,46,15,7,3,1d8+4,1d6+4,39,16,7,4,1d12+4,1d6+4,1.0,A
237,49,18,7,4,1d12+4,1d8+4,38,16,7,5,1d10+4,1d6+4,0.0,A
238,39,17,7,3,1d10+4,1d8+4,42,18,7,5,1d8+4,1d6+4,0.0,B
239,33,15,7,3,1d8+4,1d8+4,43,14,7,5,1d10+4,1d8+4,9.0,A
240,38,14,7,5,1d10+4,1d6+4,45,17,7,5,1d10+4,1d8+4,9.0,B
241,34,14,7,5,1d10+4,1d6+4,45,15,7,5,1d10+4,1d6+4,10.0,B
242,49,18,7,4,1d10+4,1d8+4,47,17,7,5,1d12+4,1d8+4,2.0,B
243,37,15,7,4,1d12+4,1d6+4,50,14,7,4,1d12+4,1d6+4,5.0,A
244,34,16,7,5,1d10+4,1d8+4,43,18,7,5,1d8+4,1d8+4,5.0,A
245,49,17,7,3,1d12+4,1d8+4,38,14,7,5,1d8+4,1d6+4,9.0,A
246,39,15,7,5,1d12+4,1d6+4,50,16,7,5,1d12+4,1d8+4,9.0,B
247,38,14,7,5,1d10+4,1d8+4,45,16,7,3,1d8+4,1d8+4,4.0,A
248,35,15,7,3,1d8+4,1d8+4,35,15,7,3,1d10+4,1d8+4,1.0,A
249,45,18,7,3,1d12+4,1d8+4,46,15,7,5,1d8+4,1d8+4,4.0,A
250,33,16,7,3,1d12+4,1d8+4,41,14,7,5,1d12+4,1d6+4,5.0,B
251,49,14,7,3,1d8+4,1d6+4,45,16,7,5,1d10+4,1d8+4,1.0,A
252,40,16,7,5,1d12+4,1d8+4,33,17,7,5,1d8+4,1d8+4,4.0,A
253,34,15,7,4,1d12+4,1d8+4,39,18,7,3,1d10+4,1d6+4,3.0,B
254,30,18,7,4,1d8+4,1d8+4,37,16,7,4,1d12+4,1d6+4,10.0,A
255,45,18,7,4,1d8+4,1d8+4,44,18,7,5,1d8+4,1d8+4,1.0,A
256,34,15,7,3,1d8+4,1d8+4,44,16,7,3,1d8+4,1d8+4,9.0,A
257,48,15,7,3,1d12+4,1d8+4,37,16,7,4,1d12+4,1d6+4,5.0,A
258,34,18,7,3,1d12+4,1d8+4,32,18,7,3,1d12+4,1d6+4,0.0,A
259,42,15,7,4,1d12+4,1d8+4,33,16,7,3,1d8+4,1d6+4,2.0,A
260,31,17,7,5,1d12+4,1d6+4,32,16,7,5,1d10+4,1d6+4,3.0,B
261,40,18,7,3,1d8+4,1d8+4,37,15,7,3,1d10+4,1d8+4,5.0,A
262,49,14,7,4,1d12+4,1d8+4,34,16,7,5,1d10+4,1d8+4,10.0,A
263,47,15,7,3,1d12+4,1d8+4,50,16,7,3,1d10+4,1d8+4,2.0,A
264,32,18,7,5,1d10+4,1d6+4,36,15,7,3,1d8+4,1d6+4,5.0,B
265,48,14,7,4,1d8+4,1d8+4,41,16,7,3,1d12+4,1d8+4,1.0,A
266,44,15,7,3,1d8+4,1d8+4,37,16,7,5,1d12+4,1d6+4,9.0,A
267,41,14,7,3,1d12+4,1d6+4,35,17,7,5,1d10+4,1d6+4,3.0,A
268,47,15,7,5,1d10+4,1d6+4,48,17,7,4,1d12+4,1d6+4,8.0,A
269,39,16,7,5,1d10+4,1d8+4,47,17,7,3,1d10+4,1d8+4,5.0,A
270,37,18,7,3,1d12+4,1d8+4,39,15,7,3,1d10+4,1d8+4,10.0,B
271,35,15,7,4,1d10+4,1d6+4,49,17,7,5,1d10+4,1d8+4,0.0,B
272,40,14,7,5,1d10+4,1d8+4,50,18,7,4,1d12+4,1d6+4,5.0,B
273,44,15,7,5,1d8+4,1d8+4,46,18,7,4,1d12+4,1d6+4,3.0,B
274,30,15,7,5,1d10+4,1d6+4,50,18,7,3,1d12+4,1d6+4,1.0,A
275,41,14,7,3,1d8+4,1d6+4,31,18,7,4,1d12+4,1d8+4,4.0,B
276,32,14,7,5,1d8+4,1d8+4,47,14,7,5,1d10+4,1d6+4,2.0,B
277,32,14,7,3,1d12+4,1d6+4,50,17,7,4,1d12+4,1d8+4,5.0,B
278,45,16,7,4,1d12+4,1d6+4,46,18,7,4,1d10+4,1d6+4,10.0,A
279,31,18,7,4,1d12+4,1d6+4,32,16,7,3,1d8+4,1d8+4,7.0,B
280,49,15,7,3,1d8+4,1d8+4,45,18,7,4,1d8+4,1d8+4,6.0,A
281,37,16,7,3,1d10+4,1d8+4,30,16,7,3,1d10+4,1d6+4,4.0,A
282,35,17,7,3,1d12+4,1d8+4,48,15,7,5,1d12+4,1d8+4,0.0,A
283,37,17,7,4,1d12+4,1d6+4,49,16,7,5,1d8+4,1d6+4,0.0,A
284,33,18,7,3,1d10+4,1d8+4,33,17,7,5,1d12+4,1d6+4,10.0,A
285,39,14,7,5,1d12+4,1d8+4,39,18,7,5,1d8+4,1d6+4,4.0,B
286,31,14,7,3,1d8+4,1d8+4,34,14,7,5,1d8+4,1d8+4,7.0,B
287,32,14,7,3,1d8+4,1d6+4,32,18,7,5,1d12+4,1d8+4,7.0,A
288,35,15,7,5,1d12+4,1d6+4,41,16,7,4,1d12+4,1d8+4,5.0,B
289,40,15,7,4,1d12+4,1d6+4,41,16,7,5,1d8+4,1d6+4,6.0,A
290,33,14,7,3,1d10+4,1d6+4,41,16,7,4,1d12+4,1d6+4,8.0,B
291,31,18,7,4,1d10+4,1d6+4,30,16,7,5,1d12+4,1d6+4,0.0,B
292,50,16,7,4,1d10+4,1d6+4,32,17,7,5,1d10+4,1d8+4,6.0,A
293,30,15,7,4,1d8+4,1d6+4,32,17,7,5,1d8+4,1d6+4,7.0,A
294,32,15,7,3,1d8+4,1d8+4,34,18,7,5,1d8+4,1d6+4,3.0,B
295,47,16,7,3,1d8+4,1d8+4,38,15,7,3,1d12+4,1d8+4,0.0,A
296,46,16,7,5,1d12+4,1d8+4,33,17,7,5,1d10+4,1d8+4,10.0,A
297,50,14,7,4,1d12+4,1d6+4,41,14,7,4,1d10+4,1d8+4,9.0,A
298,38,15,7,4,1d8+4,1d8+4,33,14,7,3,1d12+4,1d8+4,0.0,A
299,33,14,7,3,1d10+4,1d6+4,33,17,7,4,1d8+4,1d8+4,2.0,A
300,38,14,7,5,1d8+4,1d8+4,46,14,7,5,1d12+4,1d6+4,2.0,B
301,44,17,7,5,1d10+4,1d8+4,46,18,7,5,1d10+4,1d6+4,3.0,A
302,32,17,7,3,1d12+4,1d6+4,50,17,7,5,1d8+4,1d6+4,8.0,B
303,36,14,7,4,1d12+4,1d6+4,48,17,7,4,1d10+4,1d8+4,6.0,B
304,40,16,7,5,1d12+4,1d6+4,49,18,7,4,1d12+4,1d6+4,10.0,B
305,47,15,7,5,1d10+4,1d8+4,43,14,7,5,1d12+4,1d6+4,8.0,A
306,46,16,7,5,1d12+4,1d6+4,33,16,7,4,1d10+4,1d8+4,3.0,A
307,45,17,7,5,1d10+4,1d8+4,47,14,7,5,1d8+4,1d6+4,6.0,A
308,38,16,7,5,1d8+4,1d8+4,36,15,7,3,1d12+4,1d8+4,7.0,A
309,41,15,7,5,1d10+4,1d6+4,31,17,7,3,1d12+4,1d8+4,3.0,B
310,38,18,7,5,1d8+4,1d6+4,38,17,7,5,1d12+4,1d8+4,7.0,B
311,48,14,7,5,1d12+4,1d6+4,34,14,7,5,1d10+4,1d8+4,3.0,A
312,36,15,7,4,1d12+4,1d6+4,31,14,7,3,1d12+4,1d6+4,7.0,A
313,40,14,7,3,1d12+4,1d8+4,36,17,7,3,1d10+4,1d8+4,1.0,B
314,46,18,7,3,1d8+4,1d6+4,36,18,7,3,1d12+4,1d8+4,6.0,B
315,30,18,7,5,1d10+4,1d8+4,46,18,7,4,1d12+4,1d8+4,2.0,B
316,47,18,7,3,1d8+4,1d8+4,50,17,7,5,1d8+4,1d6+4,8.0,A
317,47,16,7,5,1d10+4,1d8+4,48,18,7,4,1d12+4,1d8+4,9.0,A
318,31,17,7,5,1d8+4,1d6+4,34,15,7,5,1d10+4,1d6+4,10.0,B
319,49,17,7,3,1d12+4,1d8+4,38,14,7,3,1d8+4,1d6+4,6.0,A
320,47,17,7,3,1d12+4,1d8+4,36,17,7,3,1d10+4,1d6+4,2.0,A
321,34,18,7,4,1d10+4,1d8+4,43,17,7,3,1d8+4,1d6+4,1.0,A
322,30,16,7,3,1d10+4,1d6+4,37,17,7,4,1d10+4,1d8+4,6.0,B
323,43,16,7,4,1d10+4,1d8+4,44,14,7,5,1d12+4,1d6+4,2.0,B
324,47,17,7,5,1d10+4,1d8+4,49,14,7,4,1d8+4,1d8+4,4.0,A
325,35,14,7,5,1d12+4,1d8+4,37,16,7,4,1d12+4,1d8+4,1.0,B
326,41,18,7,4,1d8+4,1d6+4,44,15,7,3,1d8+4,1d6+4,10.0,A
327,38,18,7,5,1d8+4,1d6+4,37,16,7,5,1d8+4,1d8+4,7.0,A
328,45,14,7,4,1d12+4,1d8+4,39,15,7,4,1d10+4,1d6+4,1.0,B
329,40,16,7,4,1d10+4,1d8+4,39,15,7,3,1d12+4,1d6+4,0.0,A
330,40,16,7,5,1d8+4,1d8+4,41,16,7,4,1d10+4,1d6+4,5.0,A
331,31,15,7,5,1d8+4,1d6+4,40,16,7,3,1d10+4,1d6+4,6.0,B
332,38,14,7,5,1d10+4,1d6+4,48,17,7,3,1d12+4,1d6+4,1.0,A
333,50,18,7,4,1d12+4,1d6+4,34,18,7,3,1d12+4,1d6+4,3.0,A
334,45,18,7,4,1d12+4,1d8+4,36,14,7,4,1d10+4,1d8+4,0.0,A
335,41,18,7,3,1d10+4,1d8+4,49,15,7,5,1d10+4,1d6+4,3.0,B
336,33,15,7,3,1d12+4,1d6+4,50,16,7,5,1d12+4,1d6+4,8.0,A
337,35,16,7,5,1d12+4,1d6+4,50,16,7,3,1d8+4,1d8+4,6.0,A
338,50,15,7,3,1d10+4,1d8+4,30,14,7,5,1d8+4,1d8+4,1.0,A
339,46,18,7,5,1d8+4,1d8+4,44,16,7,4,1d8+4,1d6+4,9.0,B
340,44,16,7,5,1d12+4,1d6+4,34,17,7,3,1d12+4,1d8+4,5.0,A
341,32,14,7,3,1d10+4,1d8+4,41,14,7,3,1d8+4,1d8+4,4.0,A
342,32,14,7,3,1d10+4,1d6+4,34,17,7,4,1d8+4,1d8+4,10.0,B
343,38,14,7,5,1d8+4,1d8+4,33,18,7,3,1d12+4,1d8+4,10.0,A
344,31,18,7,5,1d10+4,1d8+4,33,18,7,5,1d8+4,1d6+4,2.0,B
345,33,14,7,4,1d10+4,1d6+4,34,16,7,4,1d8+4,1d6+4,9.0,A
346,38,15,7,4,1d8+4,1d8+4,30,14,7,4,1d8+4,1d6+4,5.0,A
347,35,14,7,3,1d12+4,1d6+4,49,14,7,3,1d10+4,1d6+4,9.0,A
348,41,16,7,4,1d10+4,1d8+4,35,18,7,3,1d10+4,1d8+4,0.0,B
349,38,15,7,3,1d10+4,1d6+4,33,17,7,5,1d10+4,1d8+4,8.0,B
350,34,17,7,4,1d10+4,1d6+4,48,17,7,4,1d12+4,1d8+4,1.0,A
351,41,18,7,3,1d12+4,1d8+4,47,18,7,4,1d10+4,1d8+4,0.0,B
352,34,16,7,5,1d8+4,1d6+4,33,17,7,5,1d8+4,1d8+4,9.0,B
353,46,15,7,5,1d8+4,1d8+4,39,17,7,4,1d12+4,1d8+4,2.0,B
354,32,15,7,5,1d8+4,1d8+4,49,17,7,4,1d12+4,1d8+4,6.0,B
355,30,14,7,5,1d8+4,1d8+4,34,17,7,3,1d8+4,1d8+4,7.0,B
356,48,17,7,4,1d8+4,1d8+4,31,17,7,3,1d8+4,1d8+4,0.0,A
357,33,16,7,5,1d12+4,1d6+4,43,14,7,5,1d10+4,1d6+4,1.0,B
358,42,17,7,4,1d8+4,1d8+4,42,16,7,3,1d8+4,1d6+4,5.0,B
359,48,16,7,3,1d12+4,1d8+4,33,15,7,3,1d12+4,1d6+4,2.0,B
360,49,18,7,5,1d8+4,1d8+4,48,16,7,5,1d12+4,1d8+4,9.0,A
361,34,14,7,4,1d8+4,1d6+4,36,14,7,5,1d12+4,1d6+4,6.0,B
362,41,17,7,4,1d8+4,1d6+4,46,18,7,4,1d12+4,1d6+4,9.0,B
363,32,15,7,5,1d12+4,1d8+4,41,14,7,5,1d8+4,1d6+4,6.0,A
364,44,15,7,5,1d12+4,1d6+4,30,16,7,3,1d8+4,1d8+4,0.0,A
365,39,17,7,4,1d8+4,1d6+4,39,17,7,5,1d8+4,1d8+4,10.0,B
366,36,15,7,4,1d8+4,1d6+4,44,15,7,4,1d8+4,1d6+4,2.0,A
367,47,15,7,3,1d12+4,1d6+4,49,17,7,5,1d10+4,1d8+4,8.0,B
368,36,14,7,4,1d8+4,1d6+4,35,18,7,3,1d8+4,1d8+4,6.0,B
369,39,15,7,3,1d10+4,1d6+4,35,18,7,3,1d8+4,1d6+4,0.0,B
370,39,14,7,4,1d10+4,1d8+4,41,15,7,5,1d12+4,1d8+4,10.0,A
371,40,18,7,5,1d10+4,1d6+4,46,17,7,3,1d12+4,1d8+4,7.0,B
372,50,17,7,4,1d8+4,1d6+4,31,18,7,4,1d10+4,1d6+4,3.0,A
373,42,15,7,3,1d12+4,1d8+4,35,16,7,4,1d12+4,1d6+4,0.0,B
374,46,18,7,3,1d10+4,1d8+4,38,18,7,5,1d10+4,1d6+4,3.0,A
375,34,14,7,4,1d10+4,1d8+4,30,17,7,5,1d10+4,1d6+4,7.0,B
376,39,18,7,5,1d8+4,1d6+4,45,16,7,5,1d12+4,1d6+4,9.0,B
377,35,18,7,5,1d12+4,1d8+4,30,14,7,3,1d8+4,1d6+4,7.0,B
378,30,14,7,5,1d12+4,1d8+4,49,18,7,3,1d8+4,1d6+4,0.0,B
379,41,15,7,4,1d12+4,1d6+4,38,15,7,3,1d8+4,1d8+4,6.0,A
380,49,14,7,3,1d10+4,1d6+4,30,16,7,4,1d8+4,1d6+4,6.0,B
381,34,17,7,3,1d12+4,1d6+4,40,15,7,3,1d8+4,1d6+4,4.0,B
382,38,15,7,5,1d8+4,1d8+4,30,18,7,5,1d8+4,1d8+4,9.0,A
383,42,15,7,4,1d10+4,1d6+4,45,14,7,3,1d10+4,1d8+4,9.0,B
384,31,18,7,5,1d12+4,1d6+4,37,14,7,3,1d10+4,1d6+4,0.0,A
385,40,14,7,3,1d8+4,1d8+4,39,14,7,4,1d8+4,1d6+4,3.0,B
386,36,15,7,5,1d10+4,1d6+4,47,14,7,4,1d8+4,1d8+4,0.0,A
387,40,15,7,3,1d8+4,1d6+4,45,18,7,3,1d8+4,1d6+4,0.0,B
388,33,17,7,5,1d12+4,1d6+4,45,16,7,3,1d8+4,1d6+4,1.0,A
389,38,14,7,3,1d12+4,1d6+4,46,18,7,3,1d10+4,1d8+4,6.0,B
390,47,16,7,5,1d12+4,1d8+4,37,18,7,4,1d8+4,1d6+4,4.0,B
391,44,17,7,4,1d8+4,1d8+4,50,16,7,5,1d10+4,1d8+4,3.0,B
392,39,14,7,4,1d8+4,1d8+4,42,17,7,5,1d10+4,1d8+4,6.0,B
393,48,14,7,5,1d10+4,1d8+4,45,14,7,4,1d12+4,1d6+4,3.0,A
394,42,18,7,5,1d10+4,1d6+4,31,17,7,3,1d10+4,1d6+4,6.0,A
395,39,16,7,5,1d10+4,1d8+4,34,14,7,5,1d8+4,1d6+4,7.0,B
396,33,17,7,3,1d12+4,1d6+4,31,18,7,5,1d12+4,1d6+4,10.0,A
397,46,16,7,5,1d10+4,1d6+4,39,16,7,5,1d8+4,1d6+4,3.0,A
398,32,15,7,3,1d8+4,1d8+4,43,17,7,3,1d8+4,1d6+4,6.0,B
399,42,15,7,5,1d12+4,1d8+4,42,15,7,5,1d8+4,1d6+4,7.0,A
400,39,15,7,4,1d8+4,1d6+4,45,14,7,3,1d8+4,1d6+4,7.0,A
401,50,15,7,5,1d10+4,1d6+4,48,15,7,3,1d12+4,1d8+4,6.0,B
402,47,17,7,3,1d10+4,1d6+4,36,14,7,4,1d10+4,1d6+4,5.0,A
403,43,14,7,5,1d8+4,1d6+4,45,14,7,5,1d12+4,1d8+4,0.0,A
404,47,17,7,3,1d10+4,1d8+4,48,14,7,4,1d8+4,1d6+4,8.0,A
405,47,16,7,4,1d12+4,1d8+4,43,17,7,4,1d10+4,1d8+4,5.0,A
406,45,17,7,4,1d8+4,1d8+4,35,17,7,3,1d10+4,1d6+4,0.0,A
407,38,14,7,4,1d10+4,1d8+4,35,17,7,4,1d10+4,1d8+4,6.0,B
408,39,16,7,3,1d12+4,1d8+4,47,14,7,3,1d8+4,1d6+4,1.0,B
409,39,14,7,3,1d10+4,1d6+4,46,17,7,4,1d12+4,1d8+4,1.0,B
410,44,18,7,5,1d10+4,1d6+4,47,17,7,3,1d10+4,1d6+4,8.0,A
411,44,16,7,3,1d12+4,1d8+4,38,14,7,3,1d12+4,1d8+4,5.0,A
412,38,15,7,5,1d8+4,1d8+4,30,14,7,4,1d8+4,1d8+4,0.0,A
413,42,18,7,3,1d10+4,1d8+4,42,16,7,4,1d8+4,1d6+4,10.0,A
414,33,17,7,3,1d12+4,1d6+4,34,16,7,5,1d10+4,1d8+4,0.0,A
415,37,14,7,3,1d8+4,1d6+4,34,17,7,4,1d10+4,1d6+4,1.0,B
416,49,17,7,3,1d10+4,1d8+4,44,16,7,4,1d12+4,1d8+4,7.0,A
417,43,17,7,5,1d8+4,1d6+4,35,14,7,4,1d10+4,1d6+4,8.0,A
418,43,16,7,3,1d8+4,1d6+4,33,16,7,5,1d10+4,1d6+4,2.0,A
419,39,17,7,3,1d10+4,1d6+4,34,17,7,4,1d12+4,1d8+4,4.0,B
420,48,18,7,4,1d12+4,1d8+4,50,17,7,5,1d10+4,1d8+4,10.0,A
421,41,14,7,5,1d12+4,1d6+4,39,14,7,5,1d8+4,1d6+4,7.0,A
422,35,17,7,5,1d12+4,1d8+4,46,15,7,4,1d12+4,1d8+4,0.0,B
423,31,18,7,3,1d8+4,1d6+4,35,17,7,3,1d8+4,1d8+4,1.0,A
424,35,15,7,4,1d8+4,1d6+4,41,18,7,4,1d8+4,1d8+4,1.0,B
425,47,17,7,5,1d10+4,1d6+4,41,16,7,3,1d8+4,1d6+4,9.0,A
426,30,14,7,4,1d8+4,1d8+4,37,15,7,5,1d12+4,1d6+4,9.0,A
427,49,14,7,5,1d8+4,1d6+4,38,15,7,4,1d10+4,1d6+4,1.0,A
428,40,16,7,4,1d12+4,1d8+4,31,15,7,4,1d8+4,1d8+4,2.0,A
429,43,18,7,5,1d12+4,1d8+4,30,18,7,3,1d12+4,1d8+4,7.0,A
430,45,16,7,4,1d12+4,1d6+4,37,16,7,4,1d12+4,1d6+4,10.0,B
431,47,16,7,5,1d8+4,1d8+4,30,18,7,4,1d12+4,1d6+4,2.0,A
432,30,17,7,5,1d10+4,1d6+4,41,18,7,4,1d8+4,1d6+4,0.0,A
433,35,14,7,5,1d12+4,1d6+4,35,15,7,3,1d8+4,1d8+4,3.0,B
434,31,17,7,3,1d8+4,1d8+4,41,15,7,4,1d12+4,1d6+4,2.0,B
435,49,17,7,3,1d12+4,1d8+4,30,16,7,4,1d10+4,1d6+4,9.0,A
436,36,15,7,4,1d10+4,1d6+4,36,16,7,5,1d12+4,1d8+4,9.0,A
437,37,15,7,3,1d8+4,1d8+4,40,17,7,4,1d8+4,1d8+4,1.0,A
438,47,16,7,5,1d8+4,1d8+4,47,15,7,5,1d12+4,1d8+4,1.0,B
439,34,18,7,3,1d12+4,1d6+4,42,18,7,5,1d12+4,1d6+4,3.0,B
440,48,16,7,3,1d12+4,1d6+4,39,16,7,5,1d8+4,1d8+4,0.0,A
441,34,17,7,3,1d12+4,1d8+4,44,18,7,3,1d10+4,1d6+4,5.0,B
442,50,14,7,5,1d12+4,1d6+4,38,14,7,3,1d10+4,1d6+4,3.0,A
443,36,18,7,5,1d10+4,1d8+4,32,14,7,4,1d8+4,1d6+4,10.0,A
444,49,16,7,5,1d10+4,1d8+4,36,18,7,4,1d8+4,1d6+4,0.0,A
445,36,16,7,3,1d10+4,1d8+4,36,18,7,4,1d10+4,1d8+4,3.0,A
446,42,16,7,4,1d10+4,1d6+4,49,16,7,5,1d12+4,1d8+4,3.0,A
447,37,18,7,4,1d12+4,1d8+4,43,17,7,3,1d10+4,1d6+4,0.0,A
448,30,15,7,5,1d10+4,1d8+4,36,16,7,4,1d10+4,1d8+4,9.0,A
449,30,16,7,5,1d12+4,1d8+4,34,18,7,4,1d12+4,1d6+4,4.0,A
450,38,15,7,3,1d8+4,1d8+4,46,14,7,4,1d12+4,1d6+4,4.0,B
451,37,17,7,4,1d8+4,1d8+4,30,15,7,4,1d12+4,1d6+4,2.0,A
452,39,18,7,5,1d12+4,1d8+4,42,18,7,4,1d10+4,1d6+4,10.0,A
453,40,18,7,4,1d10+4,1d6+4,44,17,7,3,1d10+4,1d8+4,2.0,B
454,43,14,7,5,1d10+4,1d8+4,36,17,7,5,1d12+4,1d8+4,1.0,B
455,43,15,7,4,1d10+4,1d8+4,35,18,7,5,1d10+4,1d8+4,3.0,A
456,39,16,7,4,1d12+4,1d6+4,40,15,7,4,1d12+4,1d6+4,1.0,B
457,48,16,7,3,1d8+4,1d6+4,44,18,7,5,1d10+4,1d6+4,10.0,B
458,33,17,7,4,1d10+4,1d8+4,46,16,7,3,1d8+4,1d8+4,2.0,B
459,43,14,7,4,1d8+4,1d8+4,48,15,7,5,1d8+4,1d6+4,1.0,B
460,36,15,7,4,1d10+4,1d6+4,33,16,7,3,1d8+4,1d8+4,10.0,B
461,32,15,7,3,1d12+4,1d6+4,47,16,7,3,1d8+4,1d8+4,0.0,A
462,44,14,7,5,1d8+4,1d6+4,44,15,7,3,1d12+4,1d6+4,9.0,B
463,33,17,7,3,1d10+4,1d6+4,50,18,7,4,1d10+4,1d8+4,1.0,A
464,39,15,7,3,1d8+4,1d6+4,40,16,7,5,1d8+4,1d6+4,10.0,B
465,40,14,7,4,1d12+4,1d6+4,32,14,7,3,1d12+4,1d8+4,3.0,A
466,47,16,7,5,1d10+4,1d8+4,50,17,7,3,1d10+4,1d8+4,2.0,B
467,45,15,7,4,1d12+4,1d8+4,46,18,7,4,1d12+4,1d8+4,7.0,A
468,43,14,7,3,1d10+4,1d8+4,31,17,7,3,1d10+4,1d8+4,5.0,B
469,31,18,7,3,1d12+4,1d8+4,37,18,7,3,1d12+4,1d6+4,3.0,A
470,32,14,7,4,1d10+4,1d8+4,45,14,7,5,1d10+4,1d6+4,6.0,B
471,36,14,7,4,1d12+4,1d6+4,45,17,7,4,1d12+4,1d8+4,9.0,B
472,42,14,7,5,1d8+4,1d6+4,33,15,7,4,1d8+4,1d6+4,9.0,A
473,48,16,7,4,1d12+4,1d6+4,42,18,7,5,1d8+4,1d8+4,3.0,A
474,41,14,7,3,1d10+4,1d8+4,35,16,7,3,1d10+4,1d8+4,10.0,A
475,31,14,7,5,1d10+4,1d8+4,31,14,7,4,1d8+4,1d8+4,7.0,A
476,44,17,7,4,1d12+4,1d6+4,35,17,7,4,1d10+4,1d8+4,6.0,A
477,30,16,7,3,1d10+4,1d6+4,39,14,7,4,1d10+4,1d6+4,3.0,B
478,32,17,7,5,1d10+4,1d8+4,43,17,7,5,1d8+4,1d6+4,6.0,B
479,32,17,7,5,1d12+4,1d8+4,45,18,7,4,1d8+4,1d8+4,8.0,B
480,31,16,7,3,1d12+4,1d8+4,43,18,7,3,1d10+4,1d8+4,3.0,A
481,46,17,7,3,1d8+4,1d6+4,45,16,7,4,1d10+4,1d6+4,3.0,A
482,32,18,7,4,1d8+4,1d8+4,47,14,7,4,1d8+4,1d8+4,6.0,B
483,30,14,7,4,1d12+4,1d6+4,38,15,7,5,1d10+4,1d8+4,8.0,B
484,38,16,7,4,1d12+4,1d8+4,34,16,7,3,1d10+4,1d8+4,1.0,A
485,30,16,7,5,1d8+4,1d8+4,37,18,7,5,1d10+4,1d6+4,8.0,B
486,30,16,7,3,1d10+4,1d6+4,37,18,7,5,1d12+4,1d8+4,10.0,A
487,34,15,7,3,1d12+4,1d8+4,50,14,7,3,1d10+4,1d6+4,4.0,B
488,30,18,7,5,1d8+4,1d6+4,50,14,7,5,1d10+4,1d6+4,10.0,B
489,33,17,7,4,1d10+4,1d6+4,41,16,7,3,1d12+4,1d6+4,7.0,B
490,44,15,7,3,1d10+4,1d8+4,50,18,7,4,1d8+4,1d6+4,10.0,A
491,32,16,7,5,1d12+4,1d8+4,35,17,7,5,1d8+4,1d8+4,8.0,B
492,43,18,7,3,1d12+4,1d6+4,42,18,7,3,1d12+4,1d8+4,10.0,A
493,43,15,7,4,1d8+4,1d6+4,39,18,7,5,1d8+4,1d6+4,10.0,B
494,40,17,7,4,1d12+4,1d6+4,43,18,7,3,1d8+4,1d8+4,9.0,B
495,35,18,7,3,1d12+4,1d6+4,32,17,7,3,1d8+4,1d6+4,10.0,A
496,36,14,7,4,1d10+4,1d6+4,30,17,7,4,1d12+4,1d8+4,3.0,A
497,46,14,7,3,1d12+4,1d6+4,45,15,7,5,1d12+4,1d6+4,2.0,B
498,42,14,7,5,1d12+4,1d8+4,42,16,7,4,1d12+4,1d6+4,6.0,A
499,36,18,7,3,1d8+4,1d6+4,34,16,7,3,1d10+4,1d8+4,2.0,B
500,35,18,7,5,1d12+4,1d8+4,44,14,7,3,1d12+4,1d6+4,10.0,A
501,48,18,7,4,1d8+4,1d8+4,45,16,7,5,1d12+4,1d8+4,0.0,B
502,46,15,7,4,1d12+4,1d8+4,45,15,7,3,1d8+4,1d8+4,6.0,A
503,49,16,7,5,1d8+4,1d8+4,41,17,7,3,1d10+4,1d6+4,2.0,A
504,35,14,7,3,1d12+4,1d8+4,44,16,7,3,1d10+4,1d8+4,1.0,B
505,35,15,7,3,1d12+4,1d6+4,41,15,7,3,1d10+4,1d6+4,0.0,B
506,30,17,7,5,1d10+4,1d8+4,35,16,7,5,1d10+4,1d6+4,10.0,B
507,38,14,7,5,1d12+4,1d6+4,31,16,7,4,1d12+4,1d6+4,6.0,A
508,42,16,7,5,1d10+4,1d8+4,34,15,7,5,1d10+4,1d8+4,10.0,A
509,47,17,7,3,1d8+4,1d8+4,31,16,7,3,1d8+4,1d6+4,8.0,A
510,31,15,7,3,1d8+4,1d8+4,37,18,7,3,1d10+4,1d6+4,5.0,B
511,35,17,7,3,1d12+4,1d6+4,36,15,7,5,1d8+4,1d8+4,2.0,A
512,41,17,7,5,1d8+4,1d6+4,32,18,7,3,1d10+4,1d8+4,7.0,A
513,41,15,7,3,1d10+4,1d6+4,31,17,7,4,1d10+4,1d6+4,10.0,A
514,43,14,7,5,1d8+4,1d8+4,35,17,7,5,1d10+4,1d8+4,6.0,A
515,31,15,7,5,1d12+4,1d8+4,49,15,7,3,1d12+4,1d8+4,1.0,A
516,30,16,7,4,1d10+4,1d6+4,38,14,7,5,1d8+4,1d6+4,1.0,B
517,48,14,7,5,1d12+4,1d6+4,33,18,7,5,1d10+4,1d6+4,10.0,B
518,42,16,7,4,1d12+4,1d8+4,36,14,7,4,1d8+4,1d8+4,8.0,A
519,50,17,7,3,1d8+4,1d8+4,39,17,7,5,1d10+4,1d8+4,1.0,A
520,39,16,7,4,1d12+4,1d8+4,36,18,7,4,1d12+4,1d6+4,7.0,B
521,39,16,7,3,1d12+4,1d6+4,39,14,7,4,1d10+4,1d8+4,7.0,A
522,33,15,7,5,1d8+4,1d8+4,48,16,7,4,1d10+4,1d6+4,2.0,B
523,35,14,7,3,1d12+4,1d8+4,32,18,7,4,1d8+4,1d6+4,6.0,B
524,37,14,7,4,1d10+4,1d8+4,41,16,7,5,1d8+4,1d8+4,5.0,B
525,36,18,7,4,1d12+4,1d6+4,49,18,7,5,1d10+4,1d6+4,6.0,B
526,43,17,7,3,1d10+4,1d6+4,39,17,7,4,1d10+4,1d6+4,9.0,A
527,46,18,7,3,1d8+4,1d8+4,37,17,7,4,1d12+4,1d6+4,1.0,A
528,44,14,7,5,1d8+4,1d8+4,32,16,7,4,1d10+4,1d8+4,10.0,A
529,48,16,7,4,1d10+4,1d6+4,37,14,7,5,1d8+4,1d8+4,10.0,A
530,47,16,7,3,1d10+4,1d8+4,31,15,7,5,1d8+4,1d8+4,2.0,A
531,43,15,7,4,1d10+4,1d8+4,37,15,7,4,1d12+4,1d8+4,6.0,B
532,33,16,7,3,1d8+4,1d8+4,40,16,7,5,1d12+4,1d6+4,3.0,A
533,32,15,7,3,1d8+4,1d8+4,43,14,7,5,1d12+4,1d8+4,7.0,B
534,43,16,7,5,1d10+4,1d8+4,41,14,7,4,1d8+4,1d6+4,1.0,B
535,41,15,7,4,1d10+4,1d8+4,38,18,7,5,1d10+4,1d8+4,0.0,B
536,42,17,7,4,1d8+4,1d6+4,40,16,7,4,1d10+4,1d6+4,0.0,A
537,47,17,7,4,1d10+4,1d6+4,31,15,7,5,1d10+4,1d8+4,9.0,A
538,47,18,7,4,1d10+4,1d8+4,45,15,7,5,1d12+4,1d6+4,5.0,A
539,44,17,7,3,1d8+4,1d6+4,43,18,7,5,1d10+4,1d6+4,5.0,B
540,44,16,7,4,1d12+4,1d6+4,37,14,7,5,1d12+4,1d8+4,10.0,B
541,48,15,7,4,1d8+4,1d6+4,38,16,7,4,1d8+4,1d8+4,2.0,B
542,39,17,7,4,1d10+4,1d8+4,38,18,7,3,1d10+4,1d6+4,7.0,B
543,31,17,7,5,1d12+4,1d6+4,35,14,7,3,1d12+4,1d6+4,7.0,B
544,47,16,7,5,1d10+4,1d8+4,45,15,7,5,1d8+4,1d8+4,8.0,B
545,35,15,7,5,1d12+4,1d8+4,42,18,7,4,1d10+4,1d8+4,0.0,A
546,39,15,7,4,1d10+4,1d8+4,47,18,7,4,1d10+4,1d6+4,6.0,A
547,35,18,7,4,1d8+4,1d8+4,43,14,7,4,1d10+4,1d8+4,7.0,B
548,32,14,7,4,1d8+4,1d8+4,45,18,7,3,1d12+4,1d6+4,0.0,B
549,37,14,7,4,1d10+4,1d8+4,36,15,7,3,1d12+4,1d6+4,7.0,B
550,35,14,7,5,1d12+4,1d6+4,46,18,7,3,1d12+4,1d8+4,3.0,B
551,36,15,7,5,1d12+4,1d6+4,47,14,7,4,1d10+4,1d8+4,5.0,B
552,48,18,7,4,1d10+4,1d8+4,36,16,7,3,1d10+4,1d6+4,8.0,A
553,47,18,7,3,1d10+4,1d6+4,47,18,7,5,1d10+4,1d6+4,10.0,B
554,46,18,7,5,1d8+4,1d6+4,31,15,7,3,1d10+4,1d6+4,8.0,A
555,49,16,7,3,1d10+4,1d6+4,40,16,7,5,1d12+4,1d6+4,4.0,B
556,38,17,7,4,1d8+4,1d6+4,39,16,7,3,1d12+4,1d8+4,6.0,B
557,33,14,7,3,1d10+4,1d8+4,36,16,7,3,1d12+4,1d8+4,2.0,B
558,47,16,7,5,1d12+4,1d8+4,46,15,7,5,1d10+4,1d8+4,6.0,A
559,47,18,7,5,1d12+4,1d6+4,32,15,7,3,1d8+4,1d6+4,0.0,A
560,40,16,7,5,1d12+4,1d6+4,37,15,7,5,1d12+4,1d8+4,7.0,A
561,39,14,7,4,1d12+4,1d8+4,45,14,7,3,1d12+4,1d8+4,1.0,B
562,39,18,7,4,1d8+4,1d8+4,50,16,7,3,1d10+4,1d6+4,5.0,A
563,45,18,7,3,1d8+4,1d8+4,43,18,7,5,1d10+4,1d6+4,6.0,B
564,45,15,7,4,1d10+4,1d6+4,43,15,7,3,1d8+4,1d8+4,1.0,A
565,47,18,7,3,1d8+4,1d8+4,36,17,7,4,1d12+4,1d6+4,7.0,B
566,43,17,7,4,1d10+4,1d8+4,41,16,7,4,1d12+4,1d6+4,2.0,A
567,41,16,7,4,1d12+4,1d6+4,42,17,7,3,1d10+4,1d6+4,0.0,B
568,45,15,7,3,1d12+4,1d8+4,32,16,7,5,1d10+4,1d6+4,1.0,A
569,42,16,7,5,1d8+4,1d8+4,50,18,7,5,1d12+4,1d6+4,3.0,A
570,37,17,7,3,1d12+4,1d8+4,37,14,7,3,1d12+4,1d8+4,2.0,A
571,44,18,7,5,1d10+4,1d6+4,47,14,7,4,1d12+4,1d8+4,6.0,A
572,41,17,7,5,1d10+4,1d6+4,40,17,7,4,1d8+4,1d6+4,1.0,A
573,36,15,7,3,1d8+4,1d6+4,50,14,7,3,1d10+4,1d8+4,10.0,B
574,37,18,7,5,1d10+4,1d8+4,41,17,7,5,1d12+4,1d8+4,4.0,B
575,46,17,7,4,1d10+4,1d8+4,49,18,7,4,1d8+4,1d6+4,10.0,B
576,32,15,7,3,1d12+4,1d8+4,39,14,7,5,1d10+4,1d6+4,6.0,B
577,47,18,7,5,1d12+4,1d6+4,41,17,7,5,1d10+4,1d8+4,6.0,A
578,38,15,7,3,1d12+4,1d8+4,35,16,7,3,1d10+4,1d8+4,4.0,B
579,33,17,7,5,1d12+4,1d6+4,34,15,7,3,1d12+4,1d8+4,1.0,A
580,50,16,7,4,1d10+4,1d6+4,31,15,7,5,1d10+4,1d8+4,5.0,A
581,31,14,7,5,1d10+4,1d6+4,31,15,7,3,1d12+4,1d8+4,4.0,A
582,44,14,7,4,1d8+4,1d6+4,35,15,7,4,1d12+4,1d8+4,5.0,A
583,33,17,7,3,1d12+4,1d6+4,46,18,7,4,1d8+4,1d6+4,3.0,B
584,40,16,7,4,1d12+4,1d8+4,44,17,7,3,1d12+4,1d8+4,7.0,A
585,44,15,7,5,1d10+4,1d8+4,50,15,7,5,1d8+4,1d6+4,10.0,A
586,38,18,7,5,1d12+4,1d8+4,45,18,7,5,1d10+4,1d6+4,4.0,B
587,45,16,7,5,1d10+4,1d8+4,38,16,7,4,1d8+4,1d8+4,3.0,B
588,39,15,7,4,1d10+4,1d8+4,40,16,7,5,1d10+4,1d8+4,0.0,B
589,46,15,7,5,1d12+4,1d6+4,32,15,7,5,1d12+4,1d6+4,2.0,B
590,37,16,7,5,1d12+4,1d8+4,43,17,7,5,1d12+4,1d8+4,6.0,A
591,35,18,7,5,1d10+4,1d8+4,39,16,7,3,1d10+4,1d6+4,7.0,A
592,37,18,7,3,1d8+4,1d6+4,45,15,7,3,1d12+4,1d8+4,7.0,A
593,36,17,7,3,1d12+4,1d6+4,41,15,7,4,1d10+4,1d6+4,0.0,A
594,47,18,7,5,1d10+4,1d8+4,37,15,7,5,1d8+4,1d6+4,8.0,B
595,49,17,7,5,1d10+4,1d8+4,41,16,7,3,1d8+4,1d6+4,7.0,A
596,47,18,7,5,1d12+4,1d6+4,34,16,7,4,1d12+4,1d8+4,10.0,B
597,32,17,7,5,1d12+4,1d6+4,30,18,7,5,1d10+4,1d6+4,8.0,B
598,49,16,7,3,1d8+4,1d6+4,44,15,7,3,1d12+4,1d8+4,1.0,A
599,36,17,7,4,1d8+4,1d6+4,39,14,7,3,1d10+4,1d8+4,8.0,B
600,49,15,7,3,1d12+4,1d8+4,33,15,7,4,1d10+4,1d8+4,1.0,A
601,31,14,7,3,1d8+4,1d6+4,42,14,7,5,1d12+4,1d8+4,3.0,B
602,34,16,7,5,1d10+4,1d8+4,42,14,7,5,1d8+4,1d6+4,7.0,A
603,47,14,7,3,1d12+4,1d6+4,36,14,7,3,1d10+4,1d6+4,9.0,A
604,46,15,7,5,1d12+4,1d6+4,37,17,7,3,1d10+4,1d8+4,1.0,A
605,38,17,7,3,1d12+4,1d6+4,35,18,7,5,1d8+4,1d6+4,0.0,B
606,45,16,7,3,1d8+4,1d8+4,41,17,7,5,1d12+4,1d8+4,8.0,A
607,47,15,7,5,1d12+4,1d6+4,49,14,7,3,1d10+4,1d6+4,7.0,A
608,44,18,7,4,1d10+4,1d6+4,30,17,7,4,1d12+4,1d6+4,8.0,A
609,48,18,7,5,1d8+4,1d8+4,45,16,7,4,1d10+4,1d6+4,1.0,B
610,36,14,7,5,1d8+4,1d8+4,37,16,7,3,1d8+4,1d8+4,10.0,B
611,42,17,7,5,1d8+4,1d8+4,44,15,7,3,1d8+4,1d8+4,4.0,B
612,38,15,7,4,1d8+4,1d6+4,35,16,7,3,1d8+4,1d6+4,8.0,A
613,42,15,7,4,1d10+4,1d8+4,31,14,7,4,1d12+4,1d6+4,2.0,B
614,46,16,7,5,1d8+4,1d6+4,38,16,7,4,1d8+4,1d8+4,9.0,A
615,46,15,7,3,1d10+4,1d6+4,42,15,7,5,1d10+4,1d6+4,1.0,A
616,45,14,7,5,1d10+4,1d8+4,34,15,7,3,1d12+4,1d8+4,9.0,A
617,39,18,7,5,1d8+4,1d8+4,35,18,7,3,1d8+4,1d8+4,7.0,B
618,47,17,7,3,1d12+4,1d8+4,44,14,7,5,1d12+4,1d8+4,6.0,A
619,41,16,7,5,1d12+4,1d8+4,36,15,7,3,1d8+4,1d8+4,5.0,B
620,45,17,7,4,1d12+4,1d8+4,43,15,7,4,1d10+4,1d6+4,10.0,A
621,32,17,7,4,1d12+4,1d8+4,36,17,7,4,1d12+4,1d6+4,9.0,B
622,48,15,7,5,1d10+4,1d8+4,38,15,7,4,1d8+4,1d8+4,7.0,A
623,43,14,7,3,1d12+4,1d6+4,50,14,7,3,1d10+4,1d8+4,3.0,B
624,48,14,7,4,1d12+4,1d6+4,46,14,7,3,1d12+4,1d6+4,0.0,A
625,39,14,7,4,1d8+4,1d8+4,36,15,7,5,1d12+4,1d6+4,9.0,B
626,40,18,7,5,1d8+4,1d6+4,31,17,7,4,1d8+4,1d8+4,6.0,A
627,39,14,7,5,1d12+4,1d6+4,42,16,7,4,1d12+4,1d6+4,4.0,A
628,30,17,7,5,1d12+4,1d8+4,31,17,7,4,1d12+4,1d6+4,7.0,B
629,42,14,7,3,1d12+4,1d6+4,35,14,7,3,1d12+4,1d6+4,7.0,A
630,33,15,7,5,1d10+4,1d6+4,44,17,7,5,1d10+4,1d8+4,2.0,A
631,37,14,7,4,1d10+4,1d6+4,35,14,7,5,1d10+4,1d8+4,4.0,A
632,31,16,7,5,1d10+4,1d8+4,32,18,7,3,1d12+4,1d6+4,7.0,B
633,42,15,7,4,1d12+4,1d6+4,44,15,7,3,1d10+4,1d6+4,10.0,A
634,44,18,7,4,1d8+4,1d8+4,30,16,7,4,1d12+4,1d6+4,0.0,A
635,34,17,7,5,1d8+4,1d8+4,37,15,7,5,1d12+4,1d8+4,3.0,B
636,47,14,7,5,1d10+4,1d8+4,50,16,7,5,1d10+4,1d8+4,2.0,B
637,43,15,7,3,1d12+4,1d6+4,48,16,7,5,1d8+4,1d8+4,3.0,B
638,39,18,7,4,1d10+4,1d6+4,38,17,7,5,1d12+4,1d6+4,6.0,A
639,48,18,7,3,1d8+4,1d8+4,39,16,7,5,1d8+4,1d8+4,0.0,A
640,35,16,7,5,1d12+4,1d8+4,45,18,7,3,1d12+4,1d6+4,10.0,A
641,44,17,7,4,1d8+4,1d6+4,47,15,7,5,1d10+4,1d8+4,10.0,B
642,31,18,7,4,1d8+4,1d8+4,50,18,7,5,1d10+4,1d6+4,8.0,A
643,43,15,7,3,1d10+4,1d8+4,44,18,7,3,1d8+4,1d6+4,3.0,A
644,33,14,7,5,1d12+4,1d8+4,40,14,7,4,1d10+4,1d8+4,4.0,A
645,47,15,7,3,1d10+4,1d6+4,47,17,7,3,1d8+4,1d8+4,0.0,A
646,35,18,7,3,1d8+4,1d8+4,41,14,7,4,1d12+4,1d6+4,4.0,B
647,48,18,7,3,1d12+4,1d6+4,39,18,7,3,1d12+4,1d8+4,5.0,A
648,43,18,7,5,1d8+4,1d6+4,50,16,7,3,1d10+4,1d8+4,6.0,A
649,47,17,7,3,1d10+4,1d6+4,50,17,7,5,1d10+4,1d8+4,1.0,A
650,45,17,7,3,1d12+4,1d6+4,46,15,7,3,1d8+4,1d8+4,1.0,A
651,42,15,7,3,1d8+4,1d8+4,41,16,7,5,1d10+4,1d8+4,0.0,B
652,31,14,7,3,1d8+4,1d8+4,36,18,7,3,1d10+4,1d6+4,5.0,A
653,32,14,7,4,1d8+4,1d8+4,38,16,7,5,1d8+4,1d8+4,0.0,B
654,49,16,7,3,1d10+4,1d6+4,40,18,7,3,1d12+4,1d8+4,7.0,A
655,49,14,7,5,1d12+4,1d8+4,45,15,7,4,1d12+4,1d6+4,8.0,B
656,48,14,7,5,1d8+4,1d6+4,46,16,7,3,1d8+4,1d6+4,6.0,A
657,37,15,7,3,1d10+4,1d8+4,41,18,7,3,1d8+4,1d6+4,9.0,B
658,33,14,7,4,1d8+4,1d6+4,31,16,7,3,1d12+4,1d6+4,10.0,A
659,45,15,7,5,1d10+4,1d6+4,30,17,7,3,1d10+4,1d8+4,0.0,A
660,50,14,7,5,1d10+4,1d6+4,32,16,7,4,1d8+4,1d6+4,1.0,B
661,34,16,7,3,1d10+4,1d8+4,34,15,7,5,1d12+4,1d8+4,3.0,A
662,50,16,7,3,1d10+4,1d6+4,36,15,7,5,1d8+4,1d8+4,8.0,A
663,38,14,7,5,1d12+4,1d6+4,35,15,7,4,1d12+4,1d6+4,7.0,B
664,48,17,7,5,1d10+4,1d8+4,33,14,7,3,1d10+4,1d8+4,0.0,A
665,48,18,7,3,1d12+4,1d6+4,33,16,7,4,1d10+4,1d6+4,7.0,A
666,31,16,7,3,1d8+4,1d6+4,43,15,7,3,1d8+4,1d6+4,3.0,B
667,40,16,7,5,1d10+4,1d8+4,31,15,7,3,1d8+4,1d8+4,9.0,A
668,49,18,7,5,1d8+4,1d6+4,31,14,7,4,1d10+4,1d6+4,0.0,A
669,48,16,7,5,1d10+4,1d8+4,37,18,7,3,1d12+4,1d6+4,1.0,B
670,35,17,7,3,1d10+4,1d6+4,42,14,7,5,1d10+4,1d6+4,6.0,B
671,44,16,7,5,1d8+4,1d8+4,45,16,7,5,1d10+4,1d6+4,2.0,A
672,47,14,7,3,1d10+4,1d6+4,47,16,7,3,1d8+4,1d8+4,6.0,A
673,46,16,7,4,1d8+4,1d6+4,33,14,7,4,1d10+4,1d6+4,8.0,A
674,37,15,7,5,1d12+4,1d8+4,36,16,7,3,1d12+4,1d8+4,8.0,A
675,38,15,7,4,1d8+4,1d6+4,47,16,7,5,1d12+4,1d6+4,1.0,B
676,36,15,7,5,1d12+4,1d8+4,50,17,7,5,1d10+4,1d6+4,5.0,B
677,32,15,7,4,1d12+4,1d6+4,40,15,7,4,1d10+4,1d8+4,9.0,A
678,34,18,7,4,1d12+4,1d8+4,37,14,7,5,1d12+4,1d8+4,4.0,A
679,40,17,7,4,1d12+4,1d8+4,39,14,7,4,1d10+4,1d6+4,0.0,B
680,50,17,7,5,1d8+4,1d8+4,47,16,7,4,1d12+4,1d8+4,10.0,A
681,45,14,7,5,1d8+4,1d8+4,41,17,7,5,1d10+4,1d6+4,1.0,A
682,48,14,7,4,1d8+4,1d8+4,39,17,7,5,1d12+4,1d6+4,7.0,B
683,30,18,7,4,1d8+4,1d6+4,40,15,7,4,1d10+4,1d8+4,3.0,A
684,33,18,7,3,1d8+4,1d8+4,30,17,7,3,1d8+4,1d6+4,7.0,B
685,50,17,7,4,1d8+4,1d8+4,40,15,7,5,1d8+4,1d8+4,6.0,B
686,40,14,7,5,1d10+4,1d6+4,49,14,7,4,1d12+4,1d6+4,1.0,B
687,36,16,7,4,1d8+4,1d8+4,34,16,7,3,1d10+4,1d8+4,1.0,B
688,32,18,7,3,1d12+4,1d8+4,49,15,7,5,1d10+4,1d6+4,1.0,B
689,40,17,7,4,1d8+4,1d8+4,35,17,7,3,1d10+4,1d8+4,3.0,A
690,35,16,7,4,1d12+4,1d6+4,32,15,7,3,1d8+4,1d6+4,5.0,A
691,31,17,7,5,1d8+4,1d8+4,44,15,7,4,1d8+4,1d6+4,6.0,B
692,42,18,7,3,1d12+4,1d6+4,48,18,7,3,1d10+4,1d8+4,2.0,B
693,41,15,7,5,1d12+4,1d6+4,36,17,7,4,1d10+4,1d8+4,5.0,A
694,44,18,7,4,1d12+4,1d8+4,30,15,7,4,1d12+4,1d6+4,6.0,A
695,44,18,7,4,1d10+4,1d6+4,38,16,7,5,1d10+4,1d6+4,8.0,A
696,48,15,7,4,1d12+4,1d6+4,36,14,7,4,1d12+4,1d6+4,2.0,B
697,39,18,7,3,1d10+4,1d8+4,45,17,7,5,1d10+4,1d8+4,0.0,B
698,37,16,7,4,1d10+4,1d6+4,30,17,7,3,1d10+4,1d6+4,7.0,A
699,41,15,7,5,1d8+4,1d8+4,35,17,7,4,1d10+4,1d6+4,1.0,B
700,46,18,7,3,1d10+4,1d8+4,43,15,7,5,1d10+4,1d8+4,9.0,A
701,34,16,7,4,1d10+4,1d6+4,36,18,7,3,1d8+4,1d8+4,9.0,B
702,37,18,7,4,1d10+4,1d8+4,33,16,7,3,1d12+4,1d6+4,6.0,A
703,32,16,7,4,1d8+4,1d8+4,30,17,7,4,1d12+4,1d8+4,4.0,B
704,43,16,7,5,1d8+4,1d6+4,45,15,7,3,1d8+4,1d8+4,2.0,B
705,41,16,7,5,1d8+4,1d8+4,38,18,7,5,1d8+4,1d8+4,5.0,B
706,49,18,7,5,1d12+4,1d8+4,33,14,7,3,1d10+4,1d6+4,8.0,A
707,49,18,7,5,1d8+4,1d6+4,49,14,7,4,1d12+4,1d8+4,1.0,B
708,38,18,7,4,1d8+4,1d6+4,44,18,7,3,1d8+4,1d8+4,5.0,B
709,46,14,7,3,1d12+4,1d6+4,36,16,7,4,1d12+4,1d6+4,4.0,B
710,48,16,7,3,1d8+4,1d8+4,44,15,7,5,1d12+4,1d8+4,2.0,B
711,45,18,7,5,1d12+4,1d6+4,33,15,7,4,1d12+4,1d6+4,8.0,A
712,37,14,7,3,1d10+4,1d8+4,36,15,7,4,1d10+4,1d8+4,1.0,A
713,48,15,7,4,1d10+4,1d8+4,41,16,7,4,1d8+4,1d8+4,1.0,A
714,37,15,7,5,1d12+4,1d8+4,46,18,7,5,1d12+4,1d6+4,9.0,A
715,38,14,7,5,1d12+4,1d6+4,43,16,7,3,1d10+4,1d8+4,5.0,A
716,42,15,7,5,1d12+4,1d8+4,39,18,7,5,1d10+4,1d8+4,0.0,B
717,42,14,7,5,1d10+4,1d6+4,38,18,7,4,1d12+4,1d8+4,4.0,B
718,36,16,7,5,1d12+4,1d8+4,38,18,7,3,1d12+4,1d8+4,1.0,A
719,30,15,7,5,1d10+4,1d8+4,42,18,7,4,1d12+4,1d8+4,2.0,A
720,36,16,7,5,1d10+4,1d8+4,45,15,7,3,1d8+4,1d6+4,4.0,B
721,41,17,7,3,1d8+4,1d8+4,39,18,7,5,1d8+4,1d8+4,9.0,B
722,50,17,7,3,1d8+4,1d6+4,30,17,7,3,1d10+4,1d8+4,9.0,A
723,43,16,7,4,1d8+4,1d8+4,33,17,7,3,1d8+4,1d6+4,10.0,A
724,31,16,7,4,1d8+4,1d6+4,33,16,7,4,1d12+4,1d6+4,5.0,B
725,49,17,7,4,1d12+4,1d8+4,45,15,7,3,1d8+4,1d8+4,10.0,A
726,34,18,7,4,1d8+4,1d8+4,46,17,7,4,1d10+4,1d6+4,3.0,B
727,49,16,7,3,1d8+4,1d6+4,42,16,7,4,1d12+4,1d6+4,9.0,B
728,44,14,7,4,1d10+4,1d6+4,30,17,7,4,1d12+4,1d6+4,8.0,A
729,40,18,7,3,1d12+4,1d8+4,37,15,7,5,1d8+4,1d8+4,3.0,A
730,30,15,7,5,1d8+4,1d6+4,45,18,7,3,1d10+4,1d8+4,0.0,B
731,48,15,7,4,1d12+4,1d8+4,35,15,7,5,1d8+4,1d6+4,4.0,B
732,35,17,7,4,1d12+4,1d8+4,31,18,7,5,1d12+4,1d6+4,1.0,A
733,48,16,7,4,1d10+4,1d8+4,40,16,7,4,1d8+4,1d8+4,10.0,A
734,47,14,7,4,1d10+4,1d6+4,30,17,7,3,1d8+4,1d6+4,0.0,A
735,30,16,7,3,1d10+4,1d8+4,33,16,7,3,1d12+4,1d8+4,1.0,A
736,44,17,7,4,1d8+4,1d6+4,31,17,7,3,1d8+4,1d8+4,2.0,A
737,30,16,7,4,1d8+4,1d8+4,49,18,7,5,1d8+4,1d8+4,0.0,B
738,36,18,7,3,1d12+4,1d6+4,31,16,7,3,1d10+4,1d6+4,2.0,A
739,49,14,7,5,1d10+4,1d8+4,32,14,7,5,1d10+4,1d8+4,1.0,A
740,38,17,7,5,1d8+4,1d8+4,50,16,7,3,1d10+4,1d8+4,5.0,B
741,46,14,7,3,1d8+4,1d6+4,46,14,7,4,1d8+4,1d8+4,0.0,B
742,49,14,7,4,1d8+4,1d8+4,32,15,7,5,1d8+4,1d6+4,1.0,A
743,34,15,7,3,1d12+4,1d6+4,39,17,7,3,1d12+4,1d8+4,3.0,B
744,36,14,7,3,1d8+4,1d8+4,30,17,7,5,1d8+4,1d8+4,3.0,A
745,46,16,7,4,1d12+4,1d8+4,45,16,7,5,1d12+4,1d6+4,2.0,A
746,32,17,7,5,1d12+4,1d8+4,47,15,7,4,1d12+4,1d8+4,10.0,A
747,43,16,7,5,1d10+4,1d6+4,43,15,7,3,1d8+4,1d8+4,2.0,A
748,36,14,7,5,1d12+4,1d6+4,32,17,7,4,1d8+4,1d6+4,3.0,B
749,33,16,7,5,1d10+4,1d6+4,45,18,7,5,1d10+4,1d8+4,0.0,A
750,44,17,7,5,1d10+4,1d6+4,31,17,7,5,1d10+4,1d6+4,2.0,B
751,37,16,7,3,1d12+4,1d6+4,33,17,7,4,1d10+4,1d8+4,7.0,A
752,38,15,7,5,1d12+4,1d6+4,45,14,7,5,1d12+4,1d6+4,2.0,A
753,46,14,7,4,1d8+4,1d6+4,46,16,7,3,1d8+4,1d6+4,7.0,B
754,34,15,7,3,1d8+4,1d6+4,39,16,7,4,1d12+4,1d6+4,9.0,B
755,33,17,7,5,1d10+4,1d8+4,45,16,7,3,1d8+4,1d6+4,10.0,B
756,45,16,7,3,1d8+4,1d8+4,39,17,7,4,1d8+4,1d8+4,8.0,B
757,40,18,7,4,1d12+4,1d6+4,36,14,7,5,1d8+4,1d8+4,5.0,A
758,50,14,7,4,1d10+4,1d6+4,37,14,7,3,1d10+4,1d6+4,3.0,A
759,42,17,7,5,1d8+4,1d8+4,38,14,7,4,1d10+4,1d6+4,6.0,B
760,33,14,7,5,1d10+4,1d6+4,38,15,7,3,1d12+4,1d6+4,7.0,B
761,32,14,7,5,1d8+4,1d8+4,46,16,7,4,1d10+4,1d6+4,10.0,B
762,39,17,7,5,1d12+4,1d8+4,39,17,7,5,1d12+4,1d8+4,2.0,A
763,46,17,7,5,1d8+4,1d6+4,50,14,7,3,1d10+4,1d6+4,10.0,B
764,47,14,7,5,1d12+4,1d6+4,50,16,7,4,1d10+4,1d6+4,10.0,B
765,41,14,7,5,1d10+4,1d8+4,42,15,7,5,1d8+4,1d8+4,3.0,A
766,49,16,7,4,1d8+4,1d6+4,40,14,7,3,1d12+4,1d6+4,2.0,A
767,32,17,7,5,1d10+4,1d6+4,36,18,7,4,1d12+4,1d6+4,0.0,B
768,43,16,7,5,1d8+4,1d6+4,44,16,7,5,1d10+4,1d8+4,6.0,B
769,43,16,7,3,1d10+4,1d8+4,49,14,7,3,1d8+4,1d6+4,0.0,A
770,38,18,7,3,1d10+4,1d6+4,46,15,7,4,1d8+4,1d6+4,3.0,A
771,46,14,7,3,1d10+4,1d6+4,49,17,7,4,1d8+4,1d8+4,2.0,B
772,32,16,7,4,1d8+4,1d6+4,43,16,7,5,1d8+4,1d6+4,6.0,A
773,38,14,7,3,1d12+4,1d8+4,40,15,7,3,1d8+4,1d6+4,9.0,B
774,50,14,7,3,1d10+4,1d6+4,35,16,7,3,1d8+4,1d6+4,8.0,A
775,42,15,7,3,1d8+4,1d8+4,46,17,7,3,1d8+4,1d6+4,2.0,A
776,30,15,7,3,1d12+4,1d8+4,34,14,7,4,1d12+4,1d6+4,8.0,B
777,33,16,7,4,1d10+4,1d6+4,31,14,7,4,1d12+4,1d8+4,3.0,A
778,39,17,7,4,1d12+4,1d6+4,32,17,7,4,1d12+4,1d8+4,6.0,B
779,32,18,7,3,1d12+4,1d6+4,30,16,7,4,1d8+4,1d6+4,3.0,A
780,32,18,7,3,1d12+4,1d8+4,38,14,7,4,1d10+4,1d8+4,3.0,A
781,37,18,7,4,1d10+4,1d6+4,39,16,7,4,1d12+4,1d6+4,5.0,A
782,47,17,7,3,1d8+4,1d8+4,40,18,7,3,1d8+4,1d6+4,10.0,A
783,36,14,7,3,1d8+4,1d8+4,49,17,7,5,1d12+4,1d8+4,4.0,B
784,31,16,7,3,1d10+4,1d8+4,40,18,7,4,1d12+4,1d6+4,2.0,B
785,33,16,7,4,1d10+4,1d8+4,46,16,7,5,1d10+4,1d6+4,7.0,B
786,45,14,7,3,1d12+4,1d8+4,31,16,7,3,1d12+4,1d8+4,5.0,A
787,37,14,7,5,1d10+4,1d6+4,34,15,7,5,1d10+4,1d8+4,1.0,B
788,47,18,7,3,1d8+4,1d6+4,33,14,7,3,1d8+4,1d6+4,9.0,A
789,33,18,7,4,1d10+4,1d8+4,33,14,7,5,1d12+4,1d8+4,2.0,A
790,30,15,7,5,1d12+4,1d8+4,31,15,7,5,1d12+4,1d6+4,7.0,A
791,46,14,7,3,1d8+4,1d6+4,41,14,7,4,1d12+4,1d6+4,5.0,A
792,43,16,7,3,1d10+4,1d8+4,49,16,7,3,1d10+4,1d8+4,9.0,A
793,50,16,7,4,1d8+4,1d6+4,30,15,7,4,1d8+4,1d8+4,4.0,B
794,39,17,7,4,1d10+4,1d8+4,44,15,7,3,1d12+4,1d6+4,8.0,A
795,44,16,7,3,1d12+4,1d6+4,43,17,7,3,1d8+4,1d6+4,3.0,B
796,34,18,7,3,1d8+4,1d8+4,32,15,7,3,1d10+4,1d6+4,6.0,A
797,41,17,7,5,1d10+4,1d6+4,50,14,7,5,1d10+4,1d6+4,7.0,B
798,36,17,7,3,1d8+4,1d8+4,31,14,7,4,1d8+4,1d6+4,9.0,A
799,35,17,7,5,1d10+4,1d8+4,43,15,7,5,1d10+4,1d8+4,6.0,B
800,34,18,7,5,1d12+4,1d8+4,48,14,7,4,1d8+4,1d6+4,5.0,B
801,31,18,7,3,1d12+4,1d8+4,31,16,7,3,1d12+4,1d8+4,8.0,A
802,37,15,7,3,1d8+4,1d6+4,49,15,7,4,1d10+4,1d6+4,5.0,A
803,32,15,7,4,1d12+4,1d8+4,39,18,7,3,1d12+4,1d8+4,1.0,A
804,47,17,7,3,1d12+4,1d8+4,33,17,7,3,1d8+4,1d8+4,5.0,A
805,47,15,7,5,1d12+4,1d6+4,46,17,7,3,1d8+4,1d6+4,8.0,A
806,47,16,7,3,1d8+4,1d6+4,50,14,7,4,1d10+4,1d8+4,10.0,A
807,36,15,7,5,1d8+4,1d6+4,41,17,7,5,1d10+4,1d6+4,1.0,B
808,44,15,7,4,1d10+4,1d6+4,49,18,7,4,1d8+4,1d8+4,8.0,B
809,43,17,7,4,1d12+4,1d6+4,34,15,7,5,1d8+4,1d6+4,0.0,A
810,31,14,7,4,1d12+4,1d6+4,30,15,7,5,1d12+4,1d6+4,7.0,A
811,45,15,7,3,1d12+4,1d8+4,41,14,7,4,1d8+4,1d8+4,7.0,A
812,32,14,7,5,1d8+4,1d6+4,40,14,7,5,1d12+4,1d8+4,7.0,B
813,36,14,7,3,1d12+4,1d8+4,35,18,7,5,1d12+4,1d6+4,5.0,B
814,38,17,7,4,1d8+4,1d8+4,33,15,7,4,1d10+4,1d6+4,6.0,B
815,34,17,7,5,1d8+4,1d6+4,37,18,7,5,1d10+4,1d6+4,0.0,A
816,48,18,7,5,1d8+4,1d8+4,37,17,7,4,1d10+4,1d6+4,0.0,B
817,30,17,7,5,1d12+4,1d6+4,30,18,7,3,1d8+4,1d8+4,7.0,B
818,35,18,7,4,1d12+4,1d6+4,38,16,7,3,1d8+4,1d6+4,3.0,B
819,35,18,7,3,1d10+4,1d8+4,37,14,7,4,1d10+4,1d6+4,7.0,A
820,45,15,7,4,1d10+4,1d8+4,34,15,7,4,1d12+4,1d8+4,2.0,A
821,46,18,7,5,1d10+4,1d6+4,42,14,7,4,1d12+4,1d6+4,7.0,A
822,49,17,7,5,1d10+4,1d6+4,32,17,7,3,1d12+4,1d8+4,5.0,A
823,45,17,7,5,1d12+4,1d8+4,32,17,7,5,1d12+4,1d8+4,8.0,A
824,39,15,7,4,1d12+4,1d6+4,36,14,7,5,1d10+4,1d8+4,3.0,A
825,40,16,7,3,1d8+4,1d6+4,30,14,7,4,1d12+4,1d6+4,4.0,A
826,33,15,7,5,1d12+4,1d8+4,40,18,7,5,1d10+4,1d6+4,8.0,B
827,30,17,7,5,1d12+4,1d8+4,44,18,7,5,1d12+4,1d6+4,10.0,B
828,39,17,7,5,1d12+4,1d8+4,41,17,7,5,1d8+4,1d8+4,2.0,A
829,32,15,7,5,1d8+4,1d6+4,44,14,7,4,1d8+4,1d6+4,1.0,B
830,30,15,7,3,1d10+4,1d6+4,32,18,7,3,1d8+4,1d8+4,2.0,B
831,48,14,7,3,1d12+4,1d8+4,40,15,7,3,1d10+4,1d6+4,4.0,B
832,39,15,7,4,1d8+4,1d8+4,34,14,7,5,1d12+4,1d8+4,0.0,A
833,40,18,7,4,1d12+4,1d6+4,35,16,7,5,1d10+4,1d8+4,8.0,A
834,48,14,7,3,1d12+4,1d6+4,36,15,7,5,1d10+4,1d6+4,7.0,A
835,49,17,7,4,1d10+4,1d6+4,49,17,7,4,1d10+4,1d6+4,7.0,A
836,33,16,7,3,1d12+4,1d8+4,30,16,7,4,1d8+4,1d6+4,0.0,B
837,31,18,7,5,1d8+4,1d8+4,31,17,7,4,1d10+4,1d8+4,7.0,A
838,38,16,7,5,1d8+4,1d8+4,30,14,7,3,1d8+4,1d6+4,8.0,A
839,50,16,7,5,1d10+4,1d8+4,37,15,7,5,1d12+4,1d6+4,1.0,B
840,35,17,7,5,1d8+4,1d8+4,49,18,7,4,1d12+4,1d8+4,8.0,B
841,49,17,7,4,1d10+4,1d6+4,36,16,7,5,1d12+4,1d6+4,4.0,A
842,47,17,7,5,1d12+4,1d8+4,40,17,7,5,1d12+4,1d6+4,7.0,A
843,32,17,7,5,1d10+4,1d6+4,38,15,7,3,1d10+4,1d8+4,5.0,B
844,36,17,7,5,1d12+4,1d8+4,42,14,7,3,1d12+4,1d6+4,10.0,B
845,50,16,7,3,1d12+4,1d6+4,36,15,7,3,1d10+4,1d6+4,10.0,A
846,47,14,7,5,1d8+4,1d6+4,48,17,7,3,1d12+4,1d6+4,5.0,B
847,40,18,7,3,1d12+4,1d6+4,46,14,7,5,1d10+4,1d8+4,7.0,A
848,45,14,7,3,1d12+4,1d8+4,40,14,7,3,1d8+4,1d6+4,4.0,A
849,34,14,7,4,1d12+4,1d8+4,38,18,7,4,1d12+4,1d6+4,8.0,A
850,43,16,7,4,1d10+4,1d6+4,50,14,7,3,1d8+4,1d8+4,4.0,B
851,47,18,7,3,1d12+4,1d6+4,50,16,7,5,1d10+4,1d6+4,6.0,B
852,41,17,7,5,1d12+4,1d8+4,38,14,7,4,1d12+4,1d6+4,3.0,B
853,39,16,7,3,1d12+4,1d6+4,40,17,7,5,1d10+4,1d8+4,5.0,A
854,35,16,7,3,1d12+4,1d8+4,35,15,7,5,1d10+4,1d6+4,10.0,A
855,43,14,7,4,1d10+4,1d8+4,44,17,7,4,1d12+4,1d6+4,10.0,B
856,31,18,7,3,1d12+4,1d6+4,33,17,7,5,1d12+4,1d8+4,0.0,A
857,50,18,7,4,1d12+4,1d6+4,35,16,7,5,1d8+4,1d6+4,9.0,A
858,30,14,7,5,1d8+4,1d8+4,36,16,7,4,1d10+4,1d8+4,0.0,A
859,38,17,7,5,1d8+4,1d6+4,41,15,7,4,1d8+4,1d8+4,0.0,B
860,35,14,7,3,1d8+4,1d8+4,48,16,7,4,1d8+4,1d8+4,8.0,B
861,31,16,7,4,1d10+4,1d6+4,47,17,7,5,1d10+4,1d8+4,10.0,B
862,44,15,7,3,1d8+4,1d8+4,35,15,7,3,1d10+4,1d6+4,1.0,B
863,44,16,7,5,1d8+4,1d8+4,38,14,7,3,1d10+4,1d8+4,1.0,A
864,38,16,7,3,1d10+4,1d8+4,32,18,7,5,1d12+4,1d8+4,8.0,B
865,32,17,7,4,1d8+4,1d8+4,50,18,7,3,1d12+4,1d8+4,2.0,A
866,33,18,7,4,1d10+4,1d8+4,40,18,7,3,1d10+4,1d8+4,10.0,B
867,35,15,7,5,1d12+4,1d8+4,37,15,7,5,1d8+4,1d8+4,1.0,A
868,43,17,7,4,1d10+4,1d8+4,48,17,7,5,1d8+4,1d6+4,5.0,A
869,43,16,7,5,1d12+4,1d8+4,36,14,7,5,1d8+4,1d8+4,4.0,A
870,40,15,7,3,1d12+4,1d6+4,37,18,7,5,1d12+4,1d6+4,3.0,A
871,38,14,7,4,1d10+4,1d8+4,30,14,7,3,1d12+4,1d8+4,0.0,A
872,46,14,7,5,1d10+4,1d6+4,49,15,7,4,1d12+4,1d6+4,6.0,A
873,40,15,7,5,1d8+4,1d6+4,49,14,7,5,1d10+4,1d6+4,1.0,B
874,34,18,7,3,1d12+4,1d6+4,37,18,7,3,1d8+4,1d8+4,4.0,A
875,41,17,7,4,1d8+4,1d8+4,34,14,7,5,1d8+4,1d8+4,2.0,A
876,42,16,7,5,1d12+4,1d6+4,37,14,7,3,1d12+4,1d6+4,1.0,A
877,44,18,7,4,1d10+4,1d6+4,32,18,7,4,1d8+4,1d8+4,7.0,B
878,32,15,7,3,1d8+4,1d8+4,39,15,7,3,1d12+4,1d8+4,9.0,A
879,30,17,7,5,1d8+4,1d8+4,46,17,7,4,1d8+4,1d6+4,5.0,A
880,45,18,7,5,1d12+4,1d8+4,33,16,7,3,1d10+4,1d8+4,7.0,A
881,35,14,7,3,1d8+4,1d8+4,33,16,7,4,1d8+4,1d6+4,2.0,B
882,48,17,7,5,1d8+4,1d8+4,48,15,7,4,1d12+4,1d8+4,6.0,A
883,30,16,7,4,1d10+4,1d6+4,48,14,7,4,1d10+4,1d6+4,1.0,A
884,50,16,7,3,1d8+4,1d8+4,37,15,7,4,1d12+4,1d8+4,0.0,B
885,41,17,7,3,1d12+4,1d8+4,38,15,7,3,1d12+4,1d8+4,0.0,A
886,47,14,7,4,1d8+4,1d6+4,43,18,7,3,1d10+4,1d6+4,6.0,B
887,47,15,7,4,1d10+4,1d8+4,30,16,7,3,1d12+4,1d8+4,6.0,A
888,46,15,7,5,1d10+4,1d6+4,44,14,7,4,1d12+4,1d8+4,5.0,B
889,31,17,7,3,1d12+4,1d8+4,44,15,7,3,1d12+4,1d8+4,4.0,A
890,30,16,7,5,1d10+4,1d8+4,40,18,7,4,1d12+4,1d6+4,1.0,B
891,46,16,7,4,1d8+4,1d6+4,31,15,7,5,1d12+4,1d8+4,1.0,A
892,44,16,7,4,1d10+4,1d6+4,34,15,7,5,1d8+4,1d8+4,7.0,B
893,50,15,7,4,1d8+4,1d8+4,45,18,7,4,1d12+4,1d6+4,2.0,B
894,36,15,7,5,1d8+4,1d6+4,30,15,7,4,1d10+4,1d6+4,6.0,B
895,37,14,7,3,1d10+4,1d8+4,42,15,7,3,1d12+4,1d6+4,10.0,B
896,40,16,7,3,1d12+4,1d8+4,44,18,7,4,1d10+4,1d6+4,6.0,A
897,36,17,7,5,1d8+4,1d8+4,46,18,7,3,1d12+4,1d6+4,9.0,A
898,49,18,7,4,1d12+4,1d8+4,38,15,7,4,1d12+4,1d8+4,6.0,A
899,31,18,7,4,1d12+4,1d8+4,37,17,7,4,1d8+4,1d8+4,0.0,A
900,33,17,7,5,1d10+4,1d8+4,43,14,7,4,1d8+4,1d8+4,10.0,A
901,46,18,7,4,1d8+4,1d6+4,40,14,7,5,1d10+4,1d6+4,1.0,B
902,35,17,7,3,1d12+4,1d6+4,47,17,7,4,1d10+4,1d6+4,8.0,B
903,42,16,7,3,1d12+4,1d6+4,31,16,7,5,1d12+4,1d8+4,3.0,B
904,44,14,7,3,1d10+4,1d8+4,48,14,7,5,1d10+4,1d8+4,1.0,A
905,41,18,7,4,1d8+4,1d8+4,40,15,7,4,1d10+4,1d8+4,1.0,B
906,31,16,7,5,1d12+4,1d8+4,48,14,7,3,1d10+4,1d8+4,3.0,A
907,31,14,7,3,1d8+4,1d8+4,32,14,7,5,1d12+4,1d8+4,4.0,B
908,36,15,7,3,1d10+4,1d6+4,42,15,7,5,1d8+4,1d6+4,4.0,A
909,39,14,7,3,1d10+4,1d8+4,42,15,7,4,1d12+4,1d6+4,8.0,A
910,46,15,7,5,1d8+4,1d6+4,33,15,7,4,1d12+4,1d6+4,3.0,A
911,49,16,7,5,1d10+4,1d6+4,45,17,7,5,1d12+4,1d8+4,6.0,B
912,41,14,7,4,1d12+4,1d6+4,41,16,7,4,1d8+4,1d8+4,3.0,A
913,43,18,7,5,1d10+4,1d8+4,39,15,7,5,1d10+4,1d6+4,1.0,A
914,33,18,7,4,1d12+4,1d6+4,39,14,7,5,1d8+4,1d8+4,9.0,A
915,43,17,7,5,1d8+4,1d6+4,46,17,7,4,1d12+4,1d6+4,1.0,B
916,31,16,7,3,1d8+4,1d8+4,31,15,7,4,1d10+4,1d8+4,10.0,A
917,45,14,7,5,1d10+4,1d6+4,42,15,7,3,1d10+4,1d6+4,0.0,B
918,38,16,7,4,1d10+4,1d8+4,48,18,7,3,1d12+4,1d6+4,0.0,B
919,38,15,7,5,1d12+4,1d6+4,32,18,7,5,1d8+4,1d6+4,2.0,A
920,38,14,7,3,1d10+4,1d6+4,40,16,7,4,1d8+4,1d8+4,2.0,A
921,42,15,7,5,1d12+4,1d8+4,50,16,7,4,1d12+4,1d6+4,4.0,B
922,34,16,7,4,1d10+4,1d6+4,34,15,7,4,1d10+4,1d6+4,3.0,B
923,43,14,7,3,1d10+4,1d8+4,33,18,7,4,1d8+4,1d8+4,4.0,A
924,44,16,7,4,1d8+4,1d6+4,44,14,7,5,1d10+4,1d8+4,8.0,B
925,41,15,7,3,1d12+4,1d6+4,30,18,7,5,1d10+4,1d6+4,8.0,B
926,43,16,7,4,1d12+4,1d8+4,30,16,7,5,1d10+4,1d8+4,9.0,B
927,42,16,7,4,1d12+4,1d8+4,32,18,7,3,1d10+4,1d8+4,10.0,A
928,45,18,7,3,1d12+4,1d6+4,39,18,7,4,1d8+4,1d8+4,7.0,B
929,30,16,7,3,1d12+4,1d8+4,31,15,7,4,1d8+4,1d8+4,0.0,A
930,34,15,7,5,1d12+4,1d8+4,32,17,7,5,1d8+4,1d8+4,8.0,B
931,31,14,7,3,1d12+4,1d8+4,31,17,7,3,1d10+4,1d6+4,2.0,A
932,50,15,7,5,1d12+4,1d6+4,31,18,7,3,1d8+4,1d6+4,6.0,B
933,30,16,7,3,1d12+4,1d6+4,36,15,7,4,1d12+4,1d6+4,8.0,A
934,30,17,7,4,1d12+4,1d6+4,45,18,7,5,1d12+4,1d8+4,7.0,B
935,30,17,7,3,1d10+4,1d8+4,45,15,7,4,1d12+4,1d6+4,1.0,B
936,49,15,7,3,1d8+4,1d8+4,42,15,7,3,1d8+4,1d8+4,2.0,A
937,33,14,7,3,1d8+4,1d8+4,44,15,7,3,1d8+4,1d6+4,8.0,B
938,50,16,7,4,1d10+4,1d6+4,48,15,7,4,1d10+4,1d8+4,4.0,A
939,36,14,7,4,1d12+4,1d6+4,37,16,7,4,1d8+4,1d8+4,10.0,B
940,48,18,7,3,1d8+4,1d8+4,38,15,7,5,1d10+4,1d6+4,7.0,A
941,47,14,7,5,1d12+4,1d8+4,45,18,7,3,1d12+4,1d6+4,3.0,B
942,47,17,7,5,1d8+4,1d6+4,49,17,7,4,1d8+4,1d8+4,3.0,A
943,32,18,7,3,1d12+4,1d8+4,36,15,7,3,1d10+4,1d8+4,7.0,A
944,44,16,7,4,1d10+4,1d6+4,36,14,7,3,1d8+4,1d8+4,6.0,A
945,31,15,7,4,1d8+4,1d8+4,47,14,7,4,1d10+4,1d8+4,10.0,A
946,37,15,7,5,1d10+4,1d6+4,48,18,7,4,1d10+4,1d8+4,7.0,B
947,44,14,7,5,1d10+4,1d6+4,49,14,7,4,1d10+4,1d6+4,9.0,B
948,49,17,7,4,1d10+4,1d6+4,38,14,7,4,1d10+4,1d8+4,7.0,A
949,32,16,7,4,1d12+4,1d6+4,45,15,7,3,1d12+4,1d8+4,9.0,B
950,38,18,7,4,1d12+4,1d6+4,42,17,7,4,1d10+4,1d8+4,1.0,B
951,35,15,7,5,1d8+4,1d8+4,30,14,7,4,1d10+4,1d6+4,8.0,B
952,30,16,7,4,1d12+4,1d8+4,39,17,7,4,1d8+4,1d6+4,6.0,B
953,46,15,7,3,1d8+4,1d6+4,33,16,7,4,1d10+4,1d6+4,7.0,B
954,44,17,7,4,1d10+4,1d8+4,39,15,7,4,1d12+4,1d6+4,10.0,A
955,48,14,7,3,1d10+4,1d8+4,38,18,7,5,1d12+4,1d6+4,7.0,A
956,34,18,7,5,1d12+4,1d6+4,46,15,7,4,1d10+4,1d6+4,7.0,A
957,30,16,7,3,1d10+4,1d8+4,45,17,7,3,1d10+4,1d8+4,9.0,A
958,47,17,7,4,1d8+4,1d8+4,44,18,7,4,1d10+4,1d6+4,2.0,B
959,30,16,7,3,1d8+4,1d6+4,42,14,7,3,1d12+4,1d6+4,9.0,B
960,43,17,7,5,1d8+4,1d6+4,47,16,7,4,1d12+4,1d6+4,2.0,B
961,33,16,7,5,1d8+4,1d8+4,47,14,7,4,1d8+4,1d8+4,10.0,A
962,31,17,7,5,1d10+4,1d6+4,47,18,7,3,1d12+4,1d6+4,7.0,A
963,42,16,7,4,1d12+4,1d8+4,42,15,7,3,1d10+4,1d8+4,4.0,A
964,38,16,7,4,1d12+4,1d6+4,33,16,7,3,1d10+4,1d6+4,10.0,A
965,32,15,7,3,1d12+4,1d6+4,39,15,7,4,1d12+4,1d6+4,2.0,A
966,47,16,7,3,1d8+4,1d6+4,40,18,7,5,1d12+4,1d6+4,5.0,B
967,48,18,7,3,1d10+4,1d6+4,37,15,7,5,1d10+4,1d6+4,5.0,B
968,31,17,7,5,1d12+4,1d6+4,32,18,7,5,1d10+4,1d8+4,10.0,A
969,36,14,7,5,1d8+4,1d6+4,49,17,7,4,1d8+4,1d6+4,3.0,A
970,38,17,7,4,1d12+4,1d6+4,47,17,7,4,1d12+4,1d8+4,10.0,B
971,34,15,7,4,1d8+4,1d6+4,44,17,7,3,1d8+4,1d6+4,10.0,A
972,42,15,7,5,1d12+4,1d6+4,30,17,7,4,1d12+4,1d8+4,10.0,B
973,50,14,7,4,1d12+4,1d6+4,43,16,7,3,1d8+4,1d8+4,9.0,B
974,32,14,7,3,1d8+4,1d6+4,39,14,7,3,1d8+4,1d8+4,1.0,A
975,39,14,7,5,1d8+4,1d6+4,48,16,7,3,1d12+4,1d8+4,7.0,B
976,50,14,7,3,1d8+4,1d8+4,47,17,7,4,1d8+4,1d6+4,10.0,B
977,31,14,7,4,1d10+4,1d8+4,33,18,7,5,1d12+4,1d8+4,1.0,A
978,44,17,7,4,1d12+4,1d8+4,37,15,7,4,1d12+4,1d8+4,6.0,B
979,44,15,7,4,1d10+4,1d6+4,37,16,7,5,1d8+4,1d6+4,4.0,B
980,43,16,7,5,1d10+4,1d8+4,49,18,7,5,1d8+4,1d6+4,5.0,B
981,48,18,7,3,1d8+4,1d6+4,34,17,7,5,1d12+4,1d6+4,1.0,B
982,45,15,7,4,1d10+4,1d8+4,33,15,7,5,1d12+4,1d6+4,6.0,A
983,39,16,7,5,1d8+4,1d6+4,42,15,7,5,1d8+4,1d8+4,3.0,B
984,39,18,7,5,1d8+4,1d8+4,36,14,7,3,1d12+4,1d8+4,3.0,A
985,37,14,7,5,1d12+4,1d8+4,47,14,7,3,1d10+4,1d6+4,2.0,B
986,39,15,7,4,1d10+4,1d8+4,33,14,7,5,1d10+4,1d6+4,0.0,A
987,30,16,7,5,1d12+4,1d6+4,40,18,7,4,1d10+4,1d6+4,2.0,B
988,41,18,7,5,1d8+4,1d6+4,34,15,7,5,1d8+4,1d6+4,10.0,A
989,49,18,7,5,1d12+4,1d8+4,50,18,7,3,1d8+4,1d8+4,7.0,A
990,44,14,7,5,1d10+4,1d6+4,33,14,7,4,1d10+4,1d8+4,4.0,A
991,39,16,7,5,1d8+4,1d8+4,37,14,7,4,1d10+4,1d6+4,9.0,A
992,45,17,7,4,1d12+4,1d6+4,49,15,7,5,1d12+4,1d6+4,8.0,B
993,41,14,7,5,1d12+4,1d8+4,43,16,7,5,1d10+4,1d8+4,2.0,B
994,30,17,7,3,1d10+4,1d8+4,41,16,7,5,1d8+4,1d8+4,0.0,A
995,43,14,7,3,1d12+4,1d8+4,40,18,7,3,1d10+4,1d8+4,8.0,B
996,43,18,7,4,1d8+4,1d8+4,49,17,7,4,1d10+4,1d8+4,9.0,A
997,41,15,7,4,1d10+4,1d8+4,39,18,7,3,1d10+4,1d6+4,4.0,B
998,46,18,7,3,1d8+4,1d6+4,31,16,7,3,1d12+4,1d8+4,9.0,A
999,38,14,7,5,1d10+4,1d6+4,43,15,7,3,1d12+4,1d8+4,3.0,A
1000,37,15,7,4,1d8+4,1d8+4,47,18,7,3,1d8+4,1d8+4,8.0,A
1001,46,18,7,5,1d12+4,1d6+4,38,15,7,5,1d10+4,1d6+4,3.0,A
1002,50,17,7,5,1d8+4,1d6+4,39,18,7,5,1d8+4,1d8+4,5.0,B
1003,39,15,7,3,1d8+4,1d8+4,40,18,7,4,1d12+4,1d6+4,6.0,B
1004,41,14,7,3,1d8+4,1d8+4,40,18,7,3,1d10+4,1d8+4,10.0,B
1005,43,17,7,3,1d8+4,1d8+4,34,18,7,4,1d10+4,1d8+4,6.0,A
1006,41,15,7,3,1d10+4,1d8+4,49,15,7,4,1d10+4,1d6+4,8.0,B
1007,42,14,7,3,1d12+4,1d6+4,49,15,7,3,1d12+4,1d6+4,3.0,B
1008,31,16,7,3,1d10+4,1d6+4,47,14,7,4,1d10+4,1d8+4,6.0,B
1009,46,14,7,3,1d8+4,1d8+4,46,14,7,4,1d8+4,1d6+4,4.0,A
1010,47,15,7,5,1d12+4,1d8+4,31,17,7,3,1d12+4,1d6+4,4.0,B
1011,42,16,7,5,1d10+4,1d8+4,44,18,7,5,1d10+4,1d8+4,10.0,A
1012,42,15,7,3,1d12+4,1d6+4,45,15,7,5,1d10+4,1d6+4,8.0,A
1013,31,16,7,3,1d12+4,1d6+4,42,15,7,4,1d8+4,1d6+4,9.0,B
1014,38,14,7,3,1d8+4,1d8+4,31,16,7,3,1d8+4,1d6+4,8.0,B
1015,37,17,7,3,1d10+4,1d8+4,44,15,7,3,1d12+4,1d6+4,6.0,A
1016,30,14,7,5,1d8+4,1d8+4,46,16,7,5,1d12+4,1d6+4,0.0,B
1017,32,14,7,5,1d8+4,1d8+4,40,17,7,5,1d10+4,1d8+4,4.0,A
1018,37,17,7,4,1d8+4,1d8+4,41,17,7,3,1d12+4,1d6+4,2.0,A
1019,33,14,7,3,1d8+4,1d8+4,39,16,7,5,1d10+4,1d8+4,10.0,B
1020,37,15,7,5,1d8+4,1d8+4,41,16,7,5,1d10+4,1d6+4,5.0,B
1021,46,16,7,3,1d10+4,1d8+4,39,15,7,5,1d8+4,1d8+4,9.0,B
1022,48,16,7,5,1d12+4,1d8+4,37,14,7,5,1d8+4,1d6+4,3.0,A
1023,30,14,7,4,1d10+4,1d6+4,46,15,7,5,1d10+4,1d8+4,7.0,A
1024,36,16,7,3,1d12+4,1d6+4,36,15,7,3,1d12+4,1d6+4,10.0,A
1025,50,18,7,4,1d12+4,1d6+4,37,18,7,3,1d12+4,1d8+4,8.0,B
1026,43,15,7,5,1d8+4,1d6+4,45,18,7,4,1d8+4,1d6+4,5.0,A
1027,45,14,7,5,1d8+4,1d6+4,36,17,7,4,1d8+4,1d6+4,0.0,B
1028,33,14,7,5,1d10+4,1d6+4,40,16,7,5,1d8+4,1d8+4,0.0,B
1029,47,15,7,4,1d10+4,1d6+4,36,14,7,5,1d8+4,1d8+4,0.0,A
1030,36,18,7,3,1d12+4,1d6+4,47,14,7,5,1d8+4,1d6+4,3.0,A
1031,44,17,7,3,1d10+4,1d6+4,34,14,7,3,1d8+4,1d6+4,2.0,A
1032,47,16,7,5,1d12+4,1d6+4,33,14,7,3,1d8+4,1d6+4,0.0,A
1033,41,14,7,3,1d10+4,1d8+4,45,16,7,4,1d10+4,1d8+4,4.0,B
1034,47,17,7,3,1d10+4,1d8+4,32,17,7,3,1d12+4,1d6+4,5.0,B
1035,30,17,7,5,1d10+4,1d6+4,46,18,7,4,1d8+4,1d6+4,0.0,B
1036,33,18,7,4,1d10+4,1d8+4,32,16,7,3,1d8+4,1d8+4,8.0,A
1037,41,14,7,4,1d8+4,1d6+4,43,15,7,5,1d8+4,1d6+4,6.0,B
1038,48,17,7,5,1d8+4,1d6+4,38,15,7,5,1d10+4,1d8+4,5.0,A
1039,40,16,7,4,1d8+4,1d6+4,46,17,7,5,1d12+4,1d8+4,7.0,B
1040,40,16,7,5,1d10+4,1d8+4,44,17,7,3,1d8+4,1d8+4,3.0,B
1041,44,18,7,3,1d10+4,1d6+4,44,16,7,4,1d8+4,1d8+4,1.0,A
1042,39,18,7,4,1d10+4,1d8+4,30,15,7,3,1d12+4,1d8+4,2.0,A
1043,38,15,7,5,1d12+4,1d8+4,31,17,7,4,1d10+4,1d8+4,2.0,A
1044,43,17,7,5,1d8+4,1d6+4,36,14,7,4,1d12+4,1d8+4,0.0,B
1045,41,14,7,4,1d12+4,1d6+4,49,14,7,3,1d12+4,1d6+4,5.0,B
1046,46,15,7,3,1d10+4,1d6+4,35,14,7,4,1d8+4,1d6+4,1.0,B
1047,42,16,7,5,1d8+4,1d6+4,43,18,7,4,1d8+4,1d6+4,1.0,A
1048,31,16,7,3,1d8+4,1d8+4,50,17,7,4,1d12+4,1d6+4,6.0,B
1049,30,15,7,3,1d10+4,1d6+4,39,14,7,4,1d12+4,1d6+4,2.0,B
1050,42,18,7,4,1d12+4,1d8+4,40,15,7,3,1d10+4,1d6+4,4.0,A
1051,37,18,7,3,1d10+4,1d6+4,43,15,7,4,1d12+4,1d8+4,9.0,B
1052,45,17,7,3,1d10+4,1d6+4,47,14,7,4,1d8+4,1d8+4,8.0,B
1053,39,17,7,5,1d8+4,1d6+4,40,18,7,4,1d8+4,1d8+4,4.0,B
1054,50,15,7,4,1d12+4,1d8+4,42,14,7,3,1d12+4,1d8+4,7.0,B
1055,46,17,7,4,1d8+4,1d6+4,44,18,7,5,1d8+4,1d6+4,10.0,A
1056,48,16,7,3,1d10+4,1d6+4,48,15,7,3,1d8+4,1d8+4,3.0,B
1057,33,14,7,4,1d10+4,1d6+4,41,18,7,3,1d8+4,1d8+4,3.0,B
1058,35,16,7,5,1d8+4,1d8+4,45,18,7,4,1d10+4,1d6+4,4.0,B
1059,42,16,7,3,1d12+4,1d8+4,35,14,7,5,1d12+4,1d6+4,3.0,A
1060,45,16,7,3,1d8+4,1d8+4,42,16,7,3,1d12+4,1d6+4,2.0,B
1061,43,18,7,5,1d10+4,1d8+4,37,18,7,5,1d12+4,1d6+4,8.0,A
1062,47,18,7,3,1d8+4,1d6+4,40,18,7,5,1d8+4,1d6+4,6.0,A
1063,42,15,7,5,1d10+4,1d6+4,30,16,7,5,1d10+4,1d8+4,3.0,B
1064,46,17,7,3,1d12+4,1d8+4,43,18,7,3,1d12+4,1d8+4,2.0,B
1065,50,18,7,5,1d10+4,1d6+4,49,17,7,4,1d10+4,1d6+4,2.0,A
1066,39,18,7,5,1d10+4,1d8+4,31,17,7,3,1d10+4,1d6+4,8.0,B
1067,39,18,7,4,1d10+4,1d8+4,37,17,7,3,1d10+4,1d6+4,9.0,B
1068,34,15,7,4,1d8+4,1d8+4,31,17,7,4,1d12+4,1d8+4,7.0,B
1069,50,16,7,5,1d10+4,1d8+4,37,18,7,4,1d8+4,1d6+4,6.0,B
1070,46,18,7,4,1d8+4,1d6+4,33,14,7,3,1d8+4,1d6+4,5.0,A
1071,39,16,7,3,1d8+4,1d8+4,47,14,7,3,1d8+4,1d6+4,6.0,A
1072,31,16,7,5,1d12+4,1d6+4,39,18,7,3,1d12+4,1d8+4,5.0,B
1073,38,17,7,5,1d12+4,1d8+4,31,17,7,4,1d10+4,1d8+4,6.0,A
1074,47,14,7,5,1d8+4,1d6+4,45,14,7,3,1d10+4,1d6+4,10.0,B
1075,45,18,7,5,1d8+4,1d6+4,45,16,7,5,1d10+4,1d8+4,8.0,A
1076,42,14,7,5,1d10+4,1d8+4,50,14,7,5,1d12+4,1d6+4,7.0,B
1077,31,18,7,3,1d12+4,1d6+4,40,15,7,3,1d12+4,1d8+4,10.0,B
1078,49,17,7,5,1d10+4,1d8+4,39,18,7,5,1d10+4,1d6+4,6.0,A
1079,33,17,7,3,1d8+4,1d6+4,50,18,7,4,1d10+4,1d6+4,4.0,B
1080,48,14,7,5,1d8+4,1d6+4,37,18,7,3,1d10+4,1d8+4,10.0,A
1081,30,14,7,3,1d8+4,1d8+4,36,14,7,5,1d10+4,1d6+4,8.0,B
1082,46,18,7,5,1d10+4,1d6+4,43,15,7,4,1d8+4,1d6+4,6.0,B
1083,47,14,7,5,1d8+4,1d6+4,31,18,7,4,1d8+4,1d8+4,2.0,A
1084,36,16,7,5,1d12+4,1d6+4,43,15,7,4,1d10+4,1d8+4,7.0,B
1085,46,14,7,5,1d8+4,1d8+4,32,15,7,3,1d8+4,1d8+4,1.0,A
1086,35,18,7,3,1d8+4,1d8+4,37,15,7,5,1d12+4,1d6+4,7.0,A
1087,47,18,7,3,1d12+4,1d6+4,47,15,7,3,1d10+4,1d8+4,6.0,A
1088,34,14,7,5,1d12+4,1d8+4,31,18,7,4,1d12+4,1d6+4,5.0,B
1089,46,14,7,3,1d8+4,1d6+4,50,16,7,3,1d8+4,1d6+4,8.0,A
1090,45,14,7,4,1d12+4,1d6+4,41,16,7,5,1d8+4,1d6+4,2.0,B
1091,49,18,7,4,1d12+4,1d6+4,42,18,7,5,1d12+4,1d8+4,1.0,B
1092,33,17,7,5,1d10+4,1d6+4,36,14,7,3,1d8+4,1d8+4,9.0,A
1093,49,18,7,4,1d8+4,1d8+4,38,18,7,5,1d8+4,1d6+4,4.0,A
1094,38,15,7,3,1d8+4,1d6+4,43,17,7,3,1d8+4,1d6+4,10.0,A
1095,42,17,7,5,1d10+4,1d8+4,45,18,7,4,1d8+4,1d8+4,8.0,B
1096,44,15,7,5,1d10+4,1d8+4,41,14,7,4,1d10+4,1d6+4,2.0,B
1097,37,18,7,5,1d8+4,1d6+4,38,14,7,3,1d12+4,1d8+4,10.0,A
1098,42,17,7,4,1d8+4,1d8+4,38,15,7,3,1d12+4,1d6+4,4.0,A
1099,43,16,7,4,1d8+4,1d8+4,31,18,7,3,1d10+4,1d6+4,6.0,B
1100,31,16,7,5,1d12+4,1d8+4,47,15,7,4,1d12+4,1d8+4,0.0,B
1101,38,18,7,4,1d8+4,1d6+4,39,14,7,4,1d10+4,1d8+4,6.0,B
1102,43,18,7,4,1d8+4,1d6+4,36,18,7,4,1d10+4,1d8+4,7.0,B
1103,41,15,7,5,1d12+4,1d6+4,30,16,7,5,1d10+4,1d8+4,7.0,A
1104,48,18,7,5,1d8+4,1d8+4,48,17,7,5,1d10+4,1d6+4,7.0,A
1105,43,16,7,3,1d8+4,1d6+4,40,16,7,4,1d10+4,1d8+4,6.0,B
1106,44,14,7,5,1d12+4,1d6+4,48,15,7,3,1d8+4,1d6+4,1.0,B
1107,40,18,7,3,1d10+4,1d8+4,48,15,7,3,1d8+4,1d6+4,6.0,B
1108,36,17,7,3,1d8+4,1d8+4,30,15,7,5,1d8+4,1d8+4,5.0,A
1109,34,14,7,4,1d8+4,1d8+4,39,15,7,3,1d10+4,1d6+4,2.0,B
1110,36,15,7,4,1d12+4,1d8+4,49,18,7,3,1d8+4,1d8+4,7.0,B
1111,43,17,7,3,1d8+4,1d8+4,45,17,7,5,1d12+4,1d6+4,3.0,A
1112,46,18,7,3,1d8+4,1d8+4,47,15,7,3,1d12+4,1d6+4,6.0,A
1113,30,17,7,3,1d12+4,1d8+4,30,15,7,4,1d10+4,1d6+4,10.0,A
1114,35,17,7,4,1d10+4,1d6+4,37,15,7,5,1d10+4,1d8+4,6.0,A
1115,48,15,7,4,1d10+4,1d6+4,37,17,7,3,1d12+4,1d6+4,1.0,B
1116,42,15,7,5,1d12+4,1d6+4,40,16,7,5,1d12+4,1d8+4,4.0,A
1117,34,16,7,5,1d10+4,1d6+4,30,16,7,4,1d8+4,1d6+4,8.0,A
1118,36,17,7,3,1d12+4,1d8+4,47,16,7,4,1d8+4,1d8+4,8.0,B
1119,34,14,7,5,1d12+4,1d8+4,38,16,7,5,1d10+4,1d6+4,5.0,A
1120,42,18,7,5,1d10+4,1d8+4,44,16,7,5,1d8+4,1d8+4,0.0,B
1121,50,17,7,5,1d12+4,1d8+4,41,16,7,5,1d8+4,1d8+4,7.0,A
1122,45,17,7,5,1d8+4,1d8+4,37,14,7,4,1d12+4,1d8+4,10.0,A
1123,30,16,7,4,1d8+4,1d6+4,46,16,7,4,1d10+4,1d6+4,3.0,B
1124,45,14,7,4,1d8+4,1d6+4,49,17,7,3,1d12+4,1d6+4,2.0,A
1125,36,17,7,3,1d8+4,1d6+4,47,15,7,5,1d12+4,1d6+4,10.0,B
1126,41,15,7,5,1d12+4,1d6+4,40,17,7,3,1d10+4,1d8+4,7.0,B
1127,49,17,7,4,1d12+4,1d6+4,35,14,7,4,1d8+4,1d8+4,1.0,B
1128,45,17,7,4,1d8+4,1d6+4,45,15,7,3,1d10+4,1d6+4,8.0,A
1129,30,18,7,4,1d12+4,1d8+4,42,17,7,5,1d12+4,1d6+4,9.0,B
1130,48,15,7,5,1d8+4,1d8+4,38,15,7,4,1d10+4,1d6+4,5.0,A
1131,36,17,7,5,1d12+4,1d8+4,32,16,7,3,1d8+4,1d8+4,8.0,A
1132,31,14,7,5,1d12+4,1d6+4,48,15,7,5,1d12+4,1d8+4,9.0,B
1133,38,16,7,3,1d10+4,1d8+4,50,15,7,4,1d8+4,1d8+4,3.0,A
1134,41,18,7,5,1d10+4,1d6+4,48,16,7,5,1d10+4,1d8+4,2.0,B
1135,44,18,7,3,1d12+4,1d6+4,31,17,7,4,1d10+4,1d8+4,6.0,A
1136,33,15,7,3,1d12+4,1d6+4,34,15,7,5,1d8+4,1d8+4,4.0,A
1137,50,14,7,3,1d10+4,1d6+4,42,15,7,4,1d8+4,1d6+4,10.0,B
1138,33,18,7,5,1d8+4,1d8+4,39,16,7,4,1d10+4,1d8+4,10.0,B
1139,40,15,7,5,1d12+4,1d8+4,32,14,7,4,1d12+4,1d8+4,2.0,A
1140,42,18,7,4,1d8+4,1d8+4,50,18,7,4,1d10+4,1d8+4,2.0,A
1141,35,18,7,3,1d12+4,1d8+4,48,16,7,5,1d12+4,1d6+4,2.0,A
1142,49,15,7,3,1d12+4,1d6+4,40,14,7,5,1d8+4,1d6+4,4.0,A
1143,42,16,7,3,1d12+4,1d8+4,41,16,7,4,1d12+4,1d8+4,8.0,A
1144,44,15,7,5,1d10+4,1d8+4,44,15,7,4,1d10+4,1d6+4,5.0,A
1145,40,18,7,4,1d8+4,1d6+4,48,17,7,5,1d12+4,1d6+4,4.0,B
1146,38,14,7,3,1d10+4,1d8+4,44,17,7,5,1d10+4,1d6+4,1.0,A
1147,44,18,7,3,1d8+4,1d8+4,34,14,7,3,1d12+4,1d6+4,4.0,A
1148,33,17,7,3,1d8+4,1d6+4,32,17,7,4,1d12+4,1d6+4,4.0,B
1149,47,16,7,4,1d8+4,1d8+4,30,18,7,5,1d8+4,1d8+4,6.0,A
1150,43,15,7,3,1d8+4,1d8+4,32,17,7,5,1d10+4,1d8+4,2.0,A
1151,44,16,7,5,1d12+4,1d8+4,46,15,7,3,1d10+4,1d6+4,5.0,A
1152,49,17,7,4,1d8+4,1d8+4,35,14,7,5,1d12+4,1d6+4,9.0,A
1153,50,14,7,5,1d10+4,1d8+4,41,14,7,4,1d8+4,1d8+4,9.0,B
1154,49,14,7,3,1d10+4,1d8+4,35,17,7,3,1d12+4,1d6+4,2.0,B
1155,40,17,7,5,1d10+4,1d8+4,40,18,7,3,1d12+4,1d8+4,7.0,B
1156,49,16,7,5,1d8+4,1d8+4,47,17,7,4,1d10+4,1d8+4,7.0,A
1157,45,16,7,3,1d12+4,1d8+4,36,18,7,5,1d12+4,1d6+4,6.0,B
1158,44,18,7,3,1d12+4,1d8+4,42,16,7,4,1d10+4,1d8+4,7.0,A
1159,42,17,7,4,1d12+4,1d6+4,41,17,7,3,1d8+4,1d8+4,6.0,B
1160,31,16,7,4,1d10+4,1d8+4,31,15,7,5,1d12+4,1d8+4,8.0,A
1161,37,18,7,4,1d8+4,1d6+4,44,18,7,4,1d8+4,1d6+4,2.0,A
1162,44,14,7,3,1d12+4,1d8+4,41,14,7,4,1d10+4,1d6+4,0.0,A
1163,45,18,7,3,1d8+4,1d6+4,46,15,7,3,1d8+4,1d8+4,3.0,A
1164,42,16,7,4,1d12+4,1d8+4,35,14,7,4,1d12+4,1d8+4,5.0,B
1165,50,18,7,3,1d12+4,1d6+4,37,17,7,5,1d12+4,1d6+4,2.0,A
1166,48,14,7,3,1d10+4,1d6+4,41,14,7,5,1d8+4,1d6+4,5.0,A
1167,31,14,7,4,1d12+4,1d6+4,44,15,7,4,1d10+4,1d6+4,8.0,A
1168,50,14,7,3,1d8+4,1d6+4,38,18,7,4,1d8+4,1d6+4,6.0,B
1169,37,17,7,5,1d8+4,1d6+4,37,15,7,4,1d8+4,1d6+4,8.0,A
1170,44,18,7,4,1d8+4,1d6+4,43,15,7,3,1d10+4,1d6+4,8.0,B
1171,44,14,7,4,1d10+4,1d8+4,44,15,7,5,1d10+4,1d8+4,2.0,B
1172,34,15,7,3,1d12+4,1d6+4,31,18,7,3,1d10+4,1d6+4,2.0,A
1173,48,16,7,3,1d10+4,1d8+4,47,17,7,4,1d10+4,1d6+4,5.0,A
1174,30,14,7,3,1d8+4,1d8+4,48,15,7,5,1d12+4,1d8+4,2.0,B
1175,43,14,7,4,1d10+4,1d6+4,46,15,7,5,1d8+4,1d8+4,4.0,B
1176,31,15,7,5,1d8+4,1d8+4,31,14,7,4,1d8+4,1d6+4,3.0,B
1177,38,18,7,4,1d12+4,1d8+4,42,16,7,3,1d10+4,1d8+4,1.0,A
1178,43,15,7,5,1d8+4,1d6+4,43,14,7,3,1d12+4,1d8+4,5.0,A
1179,33,17,7,3,1d12+4,1d6+4,49,18,7,5,1d12+4,1d6+4,7.0,A
1180,47,15,7,4,1d8+4,1d6+4,30,14,7,3,1d10+4,1d8+4,8.0,B
1181,31,15,7,3,1d10+4,1d8+4,49,17,7,5,1d12+4,1d6+4,9.0,A
1182,44,16,7,5,1d12+4,1d8+4,30,15,7,5,1d12+4,1d6+4,3.0,A
1183,50,14,7,4,1d8+4,1d6+4,39,17,7,3,1d12+4,1d8+4,4.0,A
1184,35,17,7,4,1d10+4,1d8+4,35,17,7,3,1d10+4,1d6+4,1.0,A
1185,39,18,7,5,1d12+4,1d8+4,45,15,7,4,1d8+4,1d6+4,3.0,B
1186,36,18,7,4,1d10+4,1d6+4,30,15,7,5,1d12+4,1d8+4,8.0,A
1187,35,16,7,4,1d10+4,1d6+4,36,15,7,4,1d10+4,1d8+4,9.0,B
1188,42,17,7,4,1d12+4,1d6+4,46,17,7,5,1d12+4,1d6+4,9.0,B
1189,45,18,7,5,1d12+4,1d6+4,30,15,7,4,1d8+4,1d6+4,9.0,A
1190,31,14,7,4,1d12+4,1d8+4,40,14,7,3,1d12+4,1d8+4,0.0,B
1191,46,16,7,3,1d12+4,1d6+4,38,17,7,5,1d12+4,1d6+4,4.0,A
1192,32,18,7,4,1d12+4,1d6+4,40,18,7,4,1d8+4,1d8+4,6.0,A
1193,45,16,7,5,1d8+4,1d6+4,41,16,7,4,1d8+4,1d8+4,1.0,A
1194,36,18,7,4,1d8+4,1d6+4,34,17,7,5,1d12+4,1d8+4,9.0,B
1195,44,15,7,3,1d12+4,1d6+4,40,15,7,3,1d10+4,1d8+4,5.0,A
1196,41,16,7,5,1d8+4,1d8+4,49,16,7,4,1d10+4,1d8+4,4.0,B
1197,46,18,7,3,1d8+4,1d8+4,32,14,7,5,1d8+4,1d8+4,4.0,B
1198,35,17,7,4,1d12+4,1d8+4,34,17,7,5,1d8+4,1d6+4,0.0,B
1199,49,18,7,3,1d8+4,1d6+4,46,17,7,4,1d10+4,1d8+4,4.0,A
1200,46,17,7,5,1d12+4,1d6+4,42,18,7,4,1d12+4,1d6+4,6.0,B
1201,45,14,7,5,1d8+4,1d6+4,50,17,7,5,1d8+4,1d8+4,6.0,B
1202,47,15,7,5,1d8+4,1d8+4,34,16,7,5,1d10+4,1d8+4,6.0,A
1203,31,15,7,4,1d12+4,1d6+4,38,16,7,4,1d12+4,1d6+4,8.0,A
1204,49,15,7,3,1d12+4,1d6+4,30,14,7,5,1d12+4,1d6+4,3.0,A
1205,40,15,7,4,1d12+4,1d6+4,37,16,7,4,1d10+4,1d8+4,10.0,B
1206,32,15,7,4,1d8+4,1d8+4,50,18,7,5,1d10+4,1d6+4,5.0,A
1207,44,18,7,4,1d10+4,1d6+4,34,15,7,5,1d8+4,1d8+4,5.0,B
1208,49,16,7,4,1d12+4,1d8+4,49,18,7,3,1d10+4,1d8+4,9.0,A
1209,34,18,7,3,1d10+4,1d8+4,48,17,7,3,1d8+4,1d6+4,5.0,A
1210,50,17,7,4,1d12+4,1d6+4,47,14,7,4,1d10+4,1d6+4,9.0,A
1211,35,18,7,3,1d12+4,1d8+4,38,14,7,5,1d8+4,1d8+4,7.0,A
1212,43,15,7,5,1d10+4,1d6+4,37,15,7,5,1d12+4,1d6+4,1.0,A
1213,45,17,7,3,1d10+4,1d8+4,48,17,7,4,1d12+4,1d6+4,1.0,B
1214,45,17,7,3,1d12+4,1d8+4,46,18,7,3,1d10+4,1d8+4,0.0,A
1215,40,18,7,3,1d10+4,1d8+4,48,14,7,5,1d8+4,1d8+4,0.0,A
1216,47,14,7,4,1d8+4,1d8+4,47,17,7,5,1d8+4,1d8+4,0.0,B
1217,33,14,7,3,1d10+4,1d8+4,41,17,7,4,1d8+4,1d6+4,10.0,B
1218,46,14,7,5,1d8+4,1d6+4,31,17,7,4,1d8+4,1d6+4,0.0,B
1219,34,18,7,3,1d12+4,1d8+4,49,17,7,3,1d10+4,1d6+4,4.0,B
1220,38,16,7,3,1d12+4,1d8+4,50,17,7,3,1d12+4,1d8+4,7.0,B
1221,34,14,7,3,1d10+4,1d6+4,35,15,7,4,1d8+4,1d6+4,5.0,A
1222,36,16,7,4,1d10+4,1d6+4,34,16,7,3,1d8+4,1d6+4,6.0,B
1223,43,15,7,4,1d12+4,1d8+4,30,14,7,5,1d10+4,1d6+4,0.0,A
1224,38,18,7,4,1d8+4,1d8+4,49,17,7,4,1d10+4,1d8+4,10.0,A
1225,37,16,7,5,1d8+4,1d8+4,48,14,7,4,1d8+4,1d8+4,6.0,A
1226,47,18,7,5,1d8+4,1d6+4,46,18,7,3,1d12+4,1d8+4,0.0,B
1227,40,14,7,3,1d10+4,1d6+4,41,15,7,3,1d8+4,1d8+4,4.0,A
1228,38,16,7,5,1d8+4,1d8+4,48,16,7,3,1d10+4,1d8+4,7.0,B
1229,34,17,7,4,1d8+4,1d8+4,50,14,7,4,1d8+4,1d8+4,4.0,B
1230,48,18,7,4,1d12+4,1d8+4,37,15,7,4,1d10+4,1d8+4,5.0,A
1231,50,17,7,3,1d8+4,1d8+4,35,16,7,3,1d8+4,1d8+4,4.0,B
1232,50,16,7,4,1d12+4,1d8+4,46,16,7,5,1d12+4,1d6+4,10.0,A
1233,41,14,7,4,1d12+4,1d8+4,50,15,7,4,1d10+4,1d6+4,9.0,A
1234,42,15,7,5,1d10+4,1d8+4,35,17,7,5,1d12+4,1d8+4,10.0,A
1235,39,14,7,4,1d12+4,1d8+4,37,14,7,3,1d12+4,1d6+4,5.0,A
1236,37,18,7,5,1d8+4,1d6+4,44,18,7,3,1d10+4,1d8+4,2.0,A
1237,45,17,7,5,1d12+4,1d8+4,39,15,7,3,1d10+4,1d8+4,0.0,A
1238,35,14,7,5,1d12+4,1d8+4,41,16,7,5,1d12+4,1d6+4,3.0,B
1239,41,18,7,4,1d8+4,1d6+4,43,17,7,5,1d8+4,1d8+4,10.0,A
1240,47,17,7,4,1d10+4,1d8+4,50,16,7,5,1d8+4,1d8+4,7.0,A
1241,49,18,7,5,1d12+4,1d6+4,39,16,7,3,1d8+4,1d8+4,4.0,A
1242,36,16,7,3,1d10+4,1d8+4,45,18,7,5,1d12+4,1d6+4,4.0,B
1243,31,17,7,5,1d8+4,1d6+4,35,15,7,3,1d12+4,1d6+4,8.0,B
1244,42,16,7,4,1d12+4,1d6+4,32,15,7,4,1d8+4,1d6+4,6.0,A
1245,32,17,7,5,1d12+4,1d8+4,32,17,7,5,1d8+4,1d8+4,6.0,A
1246,39,17,7,4,1d8+4,1d8+4,33,16,7,5,1d8+4,1d6+4,10.0,A
1247,31,17,7,5,1d10+4,1d6+4,31,18,7,4,1d10+4,1d6+4,3.0,B
1248,42,17,7,3,1d10+4,1d6+4,38,15,7,4,1d8+4,1d6+4,9.0,A
1249,44,15,7,4,1d10+4,1d6+4,40,16,7,4,1d8+4,1d8+4,9.0,B
1250,30,17,7,3,1d12+4,1d8+4,36,14,7,4,1d10+4,1d8+4,6.0,A
1251,42,16,7,4,1d12+4,1d6+4,38,15,7,3,1d10+4,1d6+4,1.0,A
1252,31,18,7,5,1d10+4,1d8+4,47,17,7,4,1d8+4,1d8+4,2.0,A
1253,50,14,7,3,1d8+4,1d8+4,40,15,7,5,1d10+4,1d6+4,5.0,B
1254,31,17,7,3,1d8+4,1d6+4,37,15,7,4,1d10+4,1d8+4,9.0,A
1255,44,17,7,5,1d12+4,1d8+4,38,16,7,3,1d12+4,1d8+4,8.0,A
1256,49,15,7,4,1d12+4,1d8+4,34,18,7,3,1d10+4,1d6+4,10.0,B
1257,48,16,7,3,1d8+4,1d6+4,43,18,7,5,1d12+4,1d8+4,0.0,B
1258,44,17,7,5,1d12+4,1d8+4,45,17,7,3,1d12+4,1d6+4,8.0,A
1259,39,15,7,3,1d8+4,1d6+4,48,16,7,5,1d12+4,1d8+4,1.0,B
1260,42,16,7,5,1d12+4,1d6+4,44,17,7,3,1d10+4,1d8+4,5.0,A
1261,48,15,7,4,1d10+4,1d6+4,41,14,7,5,1d10+4,1d8+4,2.0,A
1262,32,17,7,4,1d12+4,1d8+4,47,17,7,3,1d10+4,1d8+4,5.0,B
1263,44,18,7,5,1d10+4,1d6+4,39,14,7,4,1d10+4,1d6+4,9.0,B
1264,36,18,7,4,1d8+4,1d8+4,39,14,7,3,1d10+4,1d6+4,1.0,B
1265,45,14,7,4,1d10+4,1d8+4,50,18,7,4,1d12+4,1d6+4,0.0,A
1266,46,18,7,4,1d12+4,1d8+4,49,17,7,4,1d12+4,1d6+4,9.0,B
1267,31,14,7,5,1d8+4,1d6+4,35,15,7,5,1d10+4,1d6+4,0.0,B
1268,38,18,7,3,1d10+4,1d6+4,49,17,7,5,1d10+4,1d6+4,8.0,B
1269,36,14,7,4,1d10+4,1d8+4,32,16,7,5,1d10+4,1d8+4,1.0,A
1270,30,16,7,4,1d12+4,1d6+4,31,18,7,5,1d8+4,1d8+4,8.0,A
1271,32,15,7,3,1d12+4,1d8+4,41,18,7,3,1d10+4,1d8+4,7.0,A
1272,32,18,7,4,1d10+4,1d6+4,36,18,7,3,1d12+4,1d6+4,3.0,B
1273,32,16,7,3,1d10+4,1d6+4,36,14,7,5,1d8+4,1d6+4,3.0,A
1274,34,17,7,3,1d12+4,1d8+4,47,14,7,5,1d12+4,1d8+4,7.0,A
1275,36,14,7,5,1d10+4,1d8+4,46,16,7,4,1d10+4,1d6+4,3.0,A
1276,49,15,7,4,1d10+4,1d6+4,33,15,7,4,1d10+4,1d8+4,0.0,A
1277,48,17,7,5,1d10+4,1d6+4,39,16,7,3,1d8+4,1d6+4,7.0,A
1278,45,14,7,3,1d10+4,1d6+4,49,18,7,3,1d10+4,1d6+4,9.0,A
1279,39,17,7,3,1d10+4,1d6+4,41,15,7,5,1d8+4,1d6+4,7.0,A
1280,45,16,7,4,1d12+4,1d8+4,39,15,7,3,1d8+4,1d8+4,4.0,A
1281,30,16,7,3,1d8+4,1d8+4,36,18,7,4,1d12+4,1d8+4,7.0,B
1282,32,18,7,4,1d12+4,1d8+4,45,18,7,3,1d8+4,1d6+4,6.0,B
1283,45,18,7,3,1d10+4,1d8+4,36,14,7,5,1d8+4,1d8+4,2.0,A
1284,30,14,7,4,1d12+4,1d8+4,46,16,7,5,1d10+4,1d6+4,6.0,B
1285,30,17,7,4,1d10+4,1d6+4,46,18,7,3,1d10+4,1d6+4,6.0,B
1286,39,15,7,4,1d8+4,1d8+4,38,14,7,3,1d12+4,1d8+4,6.0,A
1287,48,17,7,3,1d8+4,1d8+4,44,16,7,4,1d12+4,1d6+4,9.0,B
1288,39,17,7,3,1d10+4,1d8+4,46,15,7,4,1d12+4,1d6+4,1.0,B
1289,46,17,7,5,1d10+4,1d8+4,48,16,7,4,1d8+4,1d8+4,8.0,A
1290,46,18,7,4,1d8+4,1d8+4,43,14,7,3,1d10+4,1d8+4,0.0,A
1291,50,18,7,5,1d12+4,1d6+4,30,16,7,3,1d12+4,1d8+4,9.0,A
1292,36,14,7,3,1d10+4,1d6+4,34,14,7,5,1d12+4,1d6+4,1.0,A
1293,48,16,7,4,1d10+4,1d8+4,36,18,7,3,1d10+4,1d6+4,10.0,A
1294,31,15,7,5,1d8+4,1d8+4,34,14,7,5,1d12+4,1d6+4,6.0,A
1295,30,17,7,5,1d10+4,1d6+4,37,16,7,3,1d8+4,1d8+4,9.0,B
1296,33,17,7,4,1d10+4,1d6+4,47,16,7,4,1d10+4,1d6+4,0.0,A
1297,31,18,7,3,1d8+4,1d8+4,45,18,7,5,1d8+4,1d6+4,8.0,A
1298,35,15,7,3,1d8+4,1d8+4,32,17,7,5,1d10+4,1d8+4,1.0,A
1299,36,14,7,4,1d8+4,1d8+4,30,18,7,3,1d8+4,1d8+4,0.0,A
1300,43,18,7,3,1d10+4,1d8+4,34,18,7,4,1d10+4,1d8+4,4.0,A
1301,36,14,7,4,1d12+4,1d6+4,36,17,7,3,1d12+4,1d6+4,10.0,A
1302,42,18,7,5,1d10+4,1d6+4,30,17,7,4,1d12+4,1d6+4,9.0,B
1303,32,18,7,5,1d12+4,1d6+4,47,18,7,4,1d10+4,1d8+4,9.0,B
1304,40,15,7,4,1d12+4,1d8+4,44,16,7,4,1d10+4,1d6+4,5.0,B
1305,36,16,7,5,1d8+4,1d6+4,38,16,7,3,1d12+4,1d6+4,9.0,B
1306,50,18,7,4,1d8+4,1d6+4,42,14,7,4,1d8+4,1d8+4,8.0,A
1307,36,16,7,4,1d12+4,1d8+4,48,17,7,3,1d12+4,1d8+4,10.0,B
1308,38,17,7,3,1d12+4,1d8+4,46,18,7,4,1d12+4,1d8+4,9.0,A
1309,47,14,7,3,1d10+4,1d8+4,40,17,7,5,1d12+4,1d6+4,0.0,A
1310,34,14,7,3,1d10+4,1d8+4,42,16,7,3,1d12+4,1d6+4,5.0,A
1311,38,14,7,4,1d10+4,1d8+4,48,15,7,5,1d12+4,1d8+4,8.0,B
1312,47,15,7,5,1d12+4,1d8+4,44,18,7,4,1d10+4,1d8+4,5.0,B
1313,50,15,7,4,1d12+4,1d8+4,45,14,7,5,1d10+4,1d8+4,9.0,A
1314,47,15,7,5,1d12+4,1d6+4,40,18,7,4,1d8+4,1d8+4,5.0,A
1315,36,16,7,5,1d8+4,1d8+4,45,14,7,5,1d12+4,1d6+4,8.0,B
1316,31,18,7,4,1d12+4,1d6+4,37,14,7,3,1d10+4,1d6+4,0.0,A
1317,43,18,7,5,1d12+4,1d6+4,31,14,7,5,1d10+4,1d6+4,1.0,A
1318,39,14,7,3,1d10+4,1d8+4,47,15,7,3,1d10+4,1d6+4,7.0,A
1319,34,17,7,5,1d8+4,1d8+4,44,17,7,5,1d12+4,1d6+4,1.0,B
1320,44,15,7,5,1d8+4,1d6+4,33,15,7,3,1d12+4,1d8+4,1.0,A
1321,34,18,7,4,1d10+4,1d8+4,46,16,7,4,1d10+4,1d6+4,1.0,A
1322,43,18,7,3,1d10+4,1d6+4,33,15,7,3,1d12+4,1d8+4,1.0,A
1323,33,17,7,3,1d8+4,1d6+4,34,16,7,4,1d10+4,1d6+4,4.0,A
1324,31,16,7,4,1d12+4,1d6+4,33,14,7,3,1d10+4,1d8+4,9.0,B
1325,46,17,7,3,1d8+4,1d6+4,49,17,7,3,1d8+4,1d8+4,10.0,B
1326,41,18,7,4,1d8+4,1d8+4,39,17,7,4,1d12+4,1d8+4,2.0,B
1327,46,18,7,3,1d10+4,1d8+4,37,15,7,3,1d10+4,1d8+4,7.0,B
1328,50,14,7,5,1d8+4,1d6+4,39,15,7,3,1d8+4,1d8+4,0.0,A
1329,43,14,7,3,1d10+4,1d6+4,42,15,7,4,1d8+4,1d6+4,1.0,B
1330,36,15,7,4,1d10+4,1d8+4,40,15,7,5,1d8+4,1d6+4,5.0,A
1331,31,15,7,3,1d12+4,1d6+4,31,14,7,4,1d12+4,1d6+4,5.0,B
1332,35,18,7,3,1d12+4,1d6+4,37,15,7,3,1d8+4,1d8+4,2.0,B
1333,38,16,7,5,1d12+4,1d6+4,41,17,7,3,1d8+4,1d6+4,4.0,A
1334,33,18,7,3,1d10+4,1d6+4,34,17,7,5,1d12+4,1d6+4,4.0,B
1335,44,17,7,3,1d10+4,1d6+4,50,17,7,4,1d10+4,1d8+4,5.0,A
1336,45,15,7,3,1d8+4,1d8+4,41,14,7,4,1d12+4,1d6+4,6.0,B
1337,37,16,7,4,1d12+4,1d6+4,49,14,7,4,1d10+4,1d8+4,1.0,B
1338,31,16,7,4,1d10+4,1d8+4,35,15,7,5,1d10+4,1d8+4,9.0,A
1339,32,17,7,4,1d12+4,1d8+4,43,18,7,3,1d8+4,1d6+4,10.0,B
1340,39,17,7,5,1d12+4,1d6+4,32,15,7,5,1d8+4,1d6+4,2.0,A
1341,33,14,7,4,1d12+4,1d8+4,41,18,7,3,1d10+4,1d8+4,6.0,B
1342,33,18,7,5,1d8+4,1d6+4,47,16,7,3,1d12+4,1d8+4,5.0,B
1343,50,17,7,3,1d8+4,1d8+4,32,16,7,5,1d8+4,1d8+4,8.0,A
1344,48,16,7,3,1d10+4,1d6+4,39,14,7,3,1d8+4,1d8+4,2.0,A
1345,45,15,7,4,1d8+4,1d6+4,50,14,7,3,1d10+4,1d8+4,9.0,A
1346,43,14,7,4,1d12+4,1d6+4,47,16,7,5,1d10+4,1d8+4,5.0,B
1347,31,16,7,5,1d8+4,1d8+4,30,17,7,5,1d12+4,1d8+4,6.0,B
1348,39,15,7,3,1d10+4,1d8+4,40,18,7,4,1d8+4,1d8+4,3.0,B
1349,49,15,7,3,1d8+4,1d8+4,38,15,7,5,1d10+4,1d8+4,0.0,A
1350,49,16,7,3,1d12+4,1d8+4,41,15,7,5,1d10+4,1d6+4,2.0,A
1351,50,14,7,5,1d8+4,1d6+4,40,15,7,3,1d8+4,1d8+4,3.0,A
1352,50,14,7,4,1d12+4,1d8+4,47,14,7,5,1d12+4,1d6+4,2.0,B
1353,48,15,7,5,1d12+4,1d6+4,30,17,7,4,1d8+4,1d8+4,9.0,A
1354,40,15,7,5,1d8+4,1d6+4,36,17,7,3,1d8+4,1d6+4,1.0,A
1355,47,16,7,5,1d10+4,1d6+4,31,15,7,5,1d12+4,1d6+4,9.0,B
1356,48,17,7,4,1d12+4,1d6+4,50,16,7,5,1d10+4,1d6+4,3.0,A
1357,30,14,7,3,1d8+4,1d6+4,33,18,7,5,1d12+4,1d6+4,8.0,B
1358,36,18,7,3,1d8+4,1d8+4,46,17,7,3,1d10+4,1d8+4,7.0,A
1359,37,15,7,5,1d10+4,1d6+4,50,17,7,4,1d8+4,1d8+4,2.0,B
1360,48,17,7,3,1d12+4,1d8+4,42,18,7,4,1d10+4,1d8+4,1.0,A
1361,35,18,7,5,1d10+4,1d6+4,37,18,7,5,1d10+4,1d8+4,5.0,A
1362,37,18,7,5,1d10+4,1d6+4,48,16,7,3,1d8+4,1d8+4,1.0,A
1363,43,18,7,5,1d8+4,1d8+4,40,18,7,5,1d8+4,1d8+4,7.0,A
1364,32,18,7,3,1d8+4,1d6+4,39,16,7,4,1d8+4,1d6+4,1.0,A
1365,37,16,7,4,1d8+4,1d6+4,47,18,7,3,1d8+4,1d6+4,7.0,A
1366,42,15,7,5,1d12+4,1d8+4,43,17,7,5,1d10+4,1d8+4,1.0,B
1367,44,17,7,5,1d12+4,1d8+4,50,18,7,4,1d10+4,1d6+4,5.0,B
1368,30,16,7,5,1d8+4,1d8+4,45,14,7,3,1d8+4,1d8+4,8.0,A
1369,32,15,7,4,1d10+4,1d8+4,48,18,7,4,1d12+4,1d6+4,9.0,B
1370,34,17,7,5,1d10+4,1d6+4,40,15,7,4,1d12+4,1d8+4,4.0,B
1371,36,18,7,5,1d12+4,1d6+4,37,17,7,5,1d8+4,1d8+4,0.0,B
1372,49,17,7,4,1d12+4,1d6+4,37,16,7,3,1d12+4,1d8+4,9.0,A
1373,47,14,7,5,1d12+4,1d8+4,32,18,7,4,1d12+4,1d8+4,3.0,A
1374,32,14,7,3,1d10+4,1d6+4,47,18,7,5,1d12+4,1d8+4,6.0,B
1375,32,14,7,3,1d10+4,1d8+4,50,16,7,5,1d12+4,1d8+4,8.0,B
1376,31,15,7,5,1d10+4,1d6+4,39,18,7,5,1d10+4,1d8+4,6.0,A
1377,47,15,7,4,1d10+4,1d6+4,35,18,7,5,1d12+4,1d6+4,8.0,A
1378,41,14,7,4,1d12+4,1d6+4,31,15,7,3,1d12+4,1d8+4,0.0,A
1379,30,14,7,5,1d12+4,1d6+4,43,15,7,5,1d10+4,1d8+4,0.0,B
1380,31,17,7,4,1d10+4,1d8+4,34,14,7,4,1d10+4,1d8+4,6.0,B
1381,48,14,7,4,1d12+4,1d6+4,37,16,7,4,1d8+4,1d8+4,8.0,A
1382,32,17,7,5,1d8+4,1d6+4,30,14,7,5,1d8+4,1d8+4,7.0,B
1383,44,16,7,4,1d8+4,1d8+4,48,17,7,5,1d10+4,1d6+4,8.0,A
1384,48,18,7,5,1d12+4,1d8+4,39,18,7,4,1d10+4,1d8+4,8.0,B
1385,42,18,7,5,1d8+4,1d6+4,44,17,7,3,1d10+4,1d8+4,9.0,A
1386,31,17,7,4,1d10+4,1d8+4,45,18,7,5,1d8+4,1d8+4,8.0,A
1387,40,17,7,5,1d10+4,1d6+4,32,14,7,3,1d10+4,1d6+4,6.0,A
1388,38,18,7,3,1d12+4,1d8+4,44,16,7,5,1d10+4,1d6+4,3.0,B
1389,42,17,7,4,1d8+4,1d8+4,48,14,7,5,1d10+4,1d8+4,0.0,A
1390,39,16,7,4,1d12+4,1d6+4,45,18,7,4,1d10+4,1d6+4,6.0,B
1391,47,17,7,5,1d8+4,1d8+4,41,15,7,5,1d12+4,1d8+4,4.0,A
1392,41,17,7,3,1d8+4,1d8+4,49,15,7,5,1d10+4,1d8+4,3.0,A
1393,45,17,7,3,1d12+4,1d8+4,38,15,7,3,1d12+4,1d8+4,10.0,A
1394,33,16,7,4,1d12+4,1d8+4,41,14,7,4,1d10+4,1d6+4,3.0,B
1395,45,15,7,4,1d10+4,1d8+4,30,15,7,4,1d12+4,1d8+4,8.0,A
1396,41,16,7,3,1d10+4,1d8+4,50,14,7,3,1d8+4,1d8+4,3.0,A
1397,47,16,7,5,1d10+4,1d8+4,31,15,7,4,1d10+4,1d8+4,0.0,A
1398,40,14,7,5,1d12+4,1d6+4,39,16,7,3,1d12+4,1d8+4,0.0,A
1399,45,17,7,5,1d10+4,1d8+4,44,16,7,5,1d8+4,1d6+4,4.0,A
1400,35,17,7,5,1d8+4,1d8+4,41,17,7,5,1d12+4,1d8+4,9.0,B
1401,46,15,7,4,1d12+4,1d6+4,34,14,7,3,1d8+4,1d6+4,7.0,A
1402,40,14,7,5,1d8+4,1d6+4,49,17,7,5,1d8+4,1d8+4,7.0,B
1403,32,17,7,4,1d12+4,1d8+4,49,17,7,3,1d8+4,1d6+4,2.0,A
1404,32,16,7,4,1d8+4,1d8+4,44,18,7,3,1d10+4,1d6+4,8.0,B
1405,30,17,7,3,1d12+4,1d8+4,47,18,7,3,1d12+4,1d6+4,0.0,B
1406,37,15,7,3,1d8+4,1d8+4,44,16,7,3,1d10+4,1d8+4,0.0,B
1407,38,18,7,4,1d8+4,1d8+4,41,14,7,4,1d8+4,1d8+4,10.0,A
1408,50,18,7,4,1d8+4,1d8+4,48,17,7,4,1d10+4,1d8+4,10.0,A
1409,31,16,7,3,1d8+4,1d8+4,31,16,7,4,1d10+4,1d8+4,0.0,A
1410,36,18,7,3,1d10+4,1d8+4,31,18,7,5,1d12+4,1d8+4,0.0,A
1411,46,16,7,4,1d8+4,1d6+4,38,18,7,3,1d12+4,1d8+4,2.0,B
1412,36,17,7,5,1d10+4,1d6+4,30,14,7,3,1d12+4,1d8+4,3.0,A
1413,40,16,7,3,1d12+4,1d6+4,34,15,7,5,1d12+4,1d8+4,1.0,A
1414,40,15,7,5,1d10+4,1d8+4,50,18,7,5,1d8+4,1d6+4,10.0,A
1415,43,14,7,3,1d8+4,1d8+4,39,15,7,3,1d10+4,1d6+4,4.0,A
1416,43,16,7,4,1d12+4,1d8+4,33,14,7,5,1d8+4,1d6+4,5.0,B
1417,41,15,7,3,1d12+4,1d8+4,38,16,7,3,1d8+4,1d6+4,3.0,A
1418,40,18,7,5,1d8+4,1d8+4,40,16,7,3,1d8+4,1d6+4,7.0,B
1419,37,15,7,5,1d10+4,1d6+4,46,14,7,4,1d8+4,1d6+4,8.0,B
1420,43,15,7,3,1d12+4,1d6+4,48,17,7,3,1d12+4,1d8+4,4.0,B
1421,42,17,7,4,1d8+4,1d6+4,30,16,7,4,1d8+4,1d8+4,9.0,A
1422,42,15,7,3,1d8+4,1d8+4,32,14,7,5,1d8+4,1d6+4,1.0,A
1423,38,14,7,5,1d8+4,1d8+4,48,16,7,4,1d12+4,1d6+4,2.0,A
1424,33,18,7,5,1d10+4,1d6+4,42,15,7,5,1d10+4,1d6+4,9.0,B
1425,31,17,7,5,1d8+4,1d8+4,45,15,7,3,1d10+4,1d6+4,4.0,B
1426,38,14,7,3,1d12+4,1d8+4,41,15,7,3,1d8+4,1d6+4,0.0,B
1427,40,17,7,4,1d10+4,1d8+4,50,14,7,5,1d8+4,1d6+4,10.0,B
1428,34,14,7,4,1d12+4,1d8+4,42,14,7,4,1d8+4,1d8+4,10.0,A
1429,47,15,7,5,1d12+4,1d6+4,34,18,7,4,1d8+4,1d6+4,4.0,A
1430,36,15,7,4,1d8+4,1d6+4,40,14,7,3,1d10+4,1d6+4,7.0,B
1431,46,14,7,5,1d10+4,1d8+4,35,14,7,3,1d10+4,1d6+4,6.0,B
1432,46,14,7,3,1d10+4,1d8+4,48,18,7,5,1d8+4,1d8+4,4.0,B
1433,35,16,7,3,1d10+4,1d6+4,34,17,7,5,1d8+4,1d6+4,6.0,A
1434,30,14,7,5,1d10+4,1d8+4,40,17,7,3,1d10+4,1d8+4,8.0,B
1435,35,18,7,4,1d12+4,1d8+4,33,17,7,4,1d10+4,1d8+4,10.0,A
1436,32,16,7,5,1d12+4,1d6+4,39,17,7,4,1d12+4,1d6+4,0.0,A
1437,42,15,7,5,1d8+4,1d8+4,30,18,7,4,1d10+4,1d6+4,6.0,B
1438,43,14,7,5,1d10+4,1d8+4,50,16,7,4,1d8+4,1d6+4,2.0,A
1439,43,14,7,3,1d10+4,1d8+4,41,18,7,4,1d12+4,1d6+4,5.0,B
1440,37,14,7,5,1d8+4,1d6+4,43,18,7,4,1d12+4,1d8+4,9.0,B
1441,30,17,7,4,1d8+4,1d6+4,33,17,7,3,1d10+4,1d6+4,5.0,B
1442,31,17,7,4,1d12+4,1d6+4,49,18,7,3,1d8+4,1d8+4,10.0,B
1443,43,17,7,5,1d12+4,1d8+4,32,17,7,4,1d12+4,1d8+4,5.0,A
1444,42,18,7,4,1d12+4,1d6+4,39,17,7,5,1d10+4,1d8+4,7.0,A
1445,41,14,7,3,1d8+4,1d6+4,34,16,7,5,1d8+4,1d6+4,0.0,A
1446,46,14,7,3,1d8+4,1d6+4,48,16,7,3,1d10+4,1d8+4,2.0,B
1447,42,14,7,5,1d10+4,1d6+4,44,14,7,3,1d10+4,1d8+4,2.0,A
1448,32,16,7,5,1d10+4,1d8+4,36,17,7,5,1d10+4,1d6+4,2.0,A
1449,39,16,7,4,1d12+4,1d8+4,46,18,7,5,1d8+4,1d8+4,7.0,B
1450,46,17,7,3,1d12+4,1d8+4,33,14,7,4,1d12+4,1d6+4,7.0,A
1451,48,17,7,5,1d10+4,1d6+4,45,15,7,3,1d8+4,1d8+4,0.0,A
1452,32,14,7,3,1d12+4,1d8+4,36,17,7,5,1d8+4,1d8+4,8.0,A
1453,40,17,7,4,1d10+4,1d6+4,41,14,7,3,1d10+4,1d6+4,3.0,A
1454,49,18,7,5,1d10+4,1d6+4,38,15,7,5,1d12+4,1d6+4,10.0,B
1455,38,15,7,3,1d12+4,1d6+4,31,17,7,4,1d10+4,1d8+4,10.0,A
1456,43,16,7,3,1d8+4,1d6+4,44,17,7,3,1d12+4,1d8+4,10.0,B
1457,45,17,7,4,1d10+4,1d6+4,35,18,7,5,1d8+4,1d6+4,5.0,A
1458,43,18,7,5,1d12+4,1d8+4,32,16,7,3,1d12+4,1d6+4,6.0,A
1459,43,15,7,3,1d8+4,1d8+4,34,15,7,5,1d8+4,1d6+4,0.0,A
1460,49,14,7,5,1d10+4,1d6+4,40,18,7,4,1d12+4,1d6+4,3.0,B
1461,33,14,7,4,1d8+4,1d8+4,50,17,7,5,1d12+4,1d8+4,6.0,B
1462,34,16,7,5,1d12+4,1d8+4,42,15,7,4,1d8+4,1d6+4,9.0,B
1463,39,18,7,5,1d10+4,1d6+4,37,14,7,5,1d12+4,1d8+4,2.0,A
1464,43,15,7,4,1d10+4,1d8+4,40,18,7,3,1d10+4,1d6+4,5.0,A
1465,49,16,7,5,1d10+4,1d8+4,50,15,7,5,1d8+4,1d8+4,4.0,B
1466,32,16,7,5,1d8+4,1d8+4,43,15,7,4,1d8+4,1d6+4,10.0,B
1467,45,17,7,4,1d10+4,1d6+4,44,17,7,5,1d10+4,1d8+4,4.0,B
1468,31,14,7,4,1d12+4,1d8+4,43,17,7,5,1d10+4,1d6+4,3.0,B
1469,36,16,7,5,1d8+4,1d6+4,38,17,7,5,1d8+4,1d6+4,5.0,B
1470,30,15,7,3,1d10+4,1d8+4,31,18,7,4,1d12+4,1d8+4,10.0,B
1471,33,14,7,4,1d12+4,1d8+4,50,14,7,5,1d12+4,1d8+4,5.0,B
1472,47,14,7,4,1d8+4,1d6+4,34,14,7,5,1d8+4,1d8+4,6.0,A
1473,36,14,7,5,1d12+4,1d6+4,33,18,7,4,1d10+4,1d6+4,3.0,B
1474,36,16,7,3,1d8+4,1d8+4,30,18,7,3,1d10+4,1d6+4,1.0,B
1475,35,15,7,5,1d12+4,1d8+4,37,18,7,3,1d12+4,1d6+4,10.0,B
1476,31,18,7,4,1d8+4,1d8+4,35,17,7,4,1d8+4,1d6+4,6.0,B
1477,31,14,7,4,1d12+4,1d8+4,40,17,7,5,1d10+4,1d8+4,5.0,B
1478,47,14,7,5,1d12+4,1d6+4,49,14,7,5,1d10+4,1d6+4,7.0,A
1479,33,15,7,3,1d12+4,1d8+4,50,16,7,4,1d8+4,1d8+4,5.0,A
1480,45,18,7,5,1d8+4,1d8+4,47,15,7,5,1d8+4,1d6+4,4.0,A
1481,38,14,7,4,1d12+4,1d6+4,39,18,7,5,1d12+4,1d6+4,9.0,B
1482,31,15,7,5,1d10+4,1d6+4,30,16,7,4,1d12+4,1d8+4,0.0,A
1483,47,18,7,4,1d12+4,1d6+4,33,15,7,3,1d8+4,1d6+4,8.0,A
1484,39,15,7,3,1d8+4,1d8+4,38,16,7,4,1d12+4,1d6+4,4.0,A
1485,32,17,7,5,1d10+4,1d6+4,36,18,7,4,1d8+4,1d6+4,8.0,A
1486,42,17,7,4,1d8+4,1d6+4,43,18,7,5,1d8+4,1d6+4,0.0,A
1487,42,18,7,4,1d10+4,1d6+4,46,18,7,4,1d10+4,1d8+4,0.0,A
1488,43,15,7,5,1d10+4,1d8+4,48,17,7,4,1d8+4,1d8+4,5.0,B
1489,40,15,7,3,1d8+4,1d8+4,30,17,7,5,1d8+4,1d8+4,1.0,B
1490,43,17,7,5,1d10+4,1d8+4,46,17,7,3,1d8+4,1d6+4,7.0,A
1491,32,16,7,4,1d8+4,1d6+4,40,16,7,3,1d8+4,1d6+4,1.0,B
1492,38,17,7,5,1d8+4,1d8+4,40,14,7,5,1d10+4,1d8+4,4.0,A
1493,31,18,7,4,1d8+4,1d8+4,34,17,7,3,1d10+4,1d8+4,4.0,B
1494,49,18,7,5,1d10+4,1d8+4,50,18,7,5,1d8+4,1d6+4,8.0,A
1495,45,18,7,3,1d10+4,1d8+4,34,17,7,5,1d12+4,1d8+4,0.0,B
1496,35,14,7,3,1d10+4,1d8+4,45,18,7,5,1d10+4,1d6+4,6.0,B
1497,36,15,7,4,1d8+4,1d6+4,35,16,7,4,1d8+4,1d6+4,5.0,A
1498,47,15,7,3,1d8+4,1d8+4,46,15,7,3,1d10+4,1d8+4,8.0,B
1499,44,18,7,3,1d10+4,1d6+4,45,17,7,4,1d10+4,1d8+4,6.0,A
1500,50,14,7,5,1d12+4,1d6+4,33,18,7,5,1d12+4,1d8+4,0.0,B
1501,34,16,7,4,1d12+4,1d6+4,32,18,7,3,1d12+4,1d6+4,5.0,B
1502,43,14,7,5,1d8+4,1d6+4,32,17,7,4,1d8+4,1d8+4,1.0,A
1503,48,15,7,3,1d8+4,1d6+4,45,15,7,5,1d10+4,1d6+4,7.0,B
1504,50,18,7,5,1d12+4,1d8+4,38,15,7,4,1d8+4,1d6+4,3.0,A
1505,44,18,7,4,1d12+4,1d6+4,50,15,7,3,1d10+4,1d6+4,3.0,A
1506,47,17,7,3,1d8+4,1d6+4,41,16,7,4,1d10+4,1d6+4,6.0,A
1507,36,18,7,3,1d10+4,1d6+4,42,18,7,5,1d12+4,1d6+4,8.0,B
1508,33,18,7,4,1d8+4,1d6+4,46,15,7,5,1d8+4,1d8+4,1.0,A
1509,32,16,7,3,1d12+4,1d6+4,42,18,7,5,1d12+4,1d8+4,9.0,B
1510,46,14,7,3,1d8+4,1d6+4,39,15,7,3,1d12+4,1d8+4,7.0,B
1511,35,15,7,4,1d12+4,1d6+4,46,17,7,3,1d8+4,1d6+4,4.0,A
1512,50,17,7,3,1d12+4,1d8+4,49,15,7,4,1d8+4,1d6+4,5.0,A
1513,33,16,7,5,1d8+4,1d6+4,43,14,7,5,1d10+4,1d6+4,8.0,B
1514,38,18,7,3,1d8+4,1d8+4,35,15,7,4,1d10+4,1d6+4,8.0,A
1515,49,16,7,3,1d10+4,1d8+4,46,18,7,5,1d10+4,1d8+4,6.0,A
1516,37,16,7,5,1d12+4,1d8+4,46,15,7,5,1d12+4,1d6+4,2.0,A
1517,37,18,7,4,1d8+4,1d6+4,38,14,7,4,1d12+4,1d8+4,7.0,A
1518,37,16,7,4,1d10+4,1d6+4,45,15,7,5,1d10+4,1d6+4,5.0,A
1519,37,14,7,5,1d10+4,1d6+4,39,18,7,4,1d10+4,1d8+4,8.0,B
1520,45,17,7,4,1d10+4,1d8+4,44,18,7,4,1d10+4,1d8+4,4.0,B
1521,31,15,7,5,1d10+4,1d6+4,50,18,7,5,1d12+4,1d6+4,7.0,B
1522,47,16,7,4,1d8+4,1d6+4,37,14,7,4,1d8+4,1d8+4,4.0,A
1523,39,18,7,3,1d12+4,1d8+4,31,15,7,5,1d8+4,1d8+4,7.0,A
1524,48,17,7,3,1d10+4,1d6+4,38,17,7,4,1d10+4,1d8+4,4.0,B
1525,38,16,7,4,1d10+4,1d8+4,41,18,7,3,1d8+4,1d6+4,5.0,B
1526,43,17,7,5,1d8+4,1d8+4,36,14,7,4,1d8+4,1d6+4,7.0,A
1527,40,16,7,4,1d12+4,1d8+4,48,14,7,3,1d12+4,1d8+4,4.0,A
1528,38,18,7,4,1d12+4,1d8+4,32,18,7,4,1d10+4,1d6+4,9.0,A
1529,43,18,7,3,1d12+4,1d6+4,42,15,7,3,1d8+4,1d8+4,5.0,A
1530,44,14,7,3,1d10+4,1d6+4,38,14,7,3,1d12+4,1d8+4,10.0,A
1531,42,14,7,3,1d8+4,1d6+4,48,15,7,5,1d12+4,1d6+4,1.0,A
1532,33,17,7,5,1d8+4,1d8+4,40,16,7,4,1d8+4,1d8+4,3.0,B
1533,31,18,7,3,1d8+4,1d6+4,38,15,7,5,1d8+4,1d6+4,5.0,A
1534,48,17,7,3,1d8+4,1d6+4,36,15,7,4,1d10+4,1d6+4,7.0,A
1535,35,14,7,5,1d10+4,1d8+4,37,14,7,3,1d12+4,1d6+4,1.0,A
1536,46,17,7,5,1d12+4,1d8+4,35,16,7,3,1d12+4,1d8+4,3.0,A
1537,44,18,7,3,1d12+4,1d6+4,39,18,7,4,1d12+4,1d6+4,8.0,B
1538,35,15,7,5,1d8+4,1d8+4,37,18,7,3,1d10+4,1d8+4,3.0,B
1539,40,14,7,5,1d12+4,1d8+4,40,17,7,5,1d10+4,1d8+4,6.0,B
1540,36,18,7,5,1d10+4,1d6+4,43,18,7,3,1d10+4,1d6+4,9.0,B
1541,36,14,7,4,1d8+4,1d6+4,45,14,7,4,1d12+4,1d6+4,9.0,B
1542,35,18,7,4,1d12+4,1d6+4,40,15,7,3,1d12+4,1d8+4,7.0,B
1543,34,15,7,3,1d8+4,1d8+4,43,16,7,3,1d10+4,1d6+4,3.0,B
1544,37,16,7,5,1d8+4,1d6+4,40,17,7,4,1d8+4,1d8+4,5.0,B
1545,41,15,7,3,1d10+4,1d6+4,31,17,7,5,1d12+4,1d8+4,5.0,B
1546,37,16,7,3,1d8+4,1d8+4,40,17,7,5,1d10+4,1d6+4,10.0,A
1547,42,15,7,5,1d12+4,1d6+4,43,18,7,4,1d10+4,1d8+4,9.0,A
1548,48,14,7,5,1d12+4,1d8+4,50,16,7,4,1d12+4,1d8+4,9.0,B
1549,31,17,7,3,1d8+4,1d6+4,40,18,7,5,1d8+4,1d6+4,2.0,B
1550,46,15,7,4,1d8+4,1d6+4,33,16,7,3,1d12+4,1d6+4,3.0,A
1551,39,18,7,3,1d8+4,1d6+4,50,18,7,3,1d8+4,1d6+4,1.0,A
1552,47,17,7,4,1d12+4,1d8+4,44,14,7,4,1d8+4,1d8+4,6.0,A
1553,34,16,7,3,1d10+4,1d6+4,35,15,7,5,1d12+4,1d6+4,2.0,A
1554,30,18,7,4,1d8+4,1d8+4,41,14,7,4,1d12+4,1d6+4,3.0,A
1555,39,16,7,4,1d8+4,1d8+4,38,14,7,5,1d8+4,1d8+4,3.0,A
1556,44,18,7,3,1d8+4,1d8+4,44,16,7,3,1d10+4,1d8+4,2.0,B
1557,39,17,7,5,1d8+4,1d8+4,36,16,7,3,1d12+4,1d8+4,8.0,A
1558,46,14,7,3,1d12+4,1d8+4,47,15,7,4,1d12+4,1d6+4,9.0,B
1559,39,18,7,5,1d8+4,1d6+4,48,14,7,3,1d12+4,1d6+4,1.0,A
1560,49,18,7,3,1d8+4,1d8+4,46,17,7,4,1d12+4,1d8+4,9.0,A
1561,36,15,7,3,1d8+4,1d8+4,36,14,7,4,1d12+4,1d8+4,4.0,B
1562,30,17,7,3,1d12+4,1d6+4,32,16,7,5,1d10+4,1d8+4,1.0,A
1563,47,17,7,4,1d12+4,1d8+4,50,16,7,4,1d12+4,1d8+4,7.0,A
1564,30,16,7,4,1d10+4,1d8+4,38,15,7,5,1d10+4,1d6+4,1.0,B
1565,33,15,7,5,1d8+4,1d8+4,44,16,7,3,1d10+4,1d6+4,3.0,B
1566,49,18,7,4,1d8+4,1d6+4,32,17,7,5,1d8+4,1d8+4,5.0,A
1567,47,15,7,5,1d10+4,1d6+4,43,15,7,5,1d10+4,1d6+4,7.0,A
1568,49,17,7,3,1d10+4,1d6+4,42,18,7,3,1d8+4,1d8+4,2.0,A
1569,40,16,7,3,1d8+4,1d8+4,42,15,7,4,1d8+4,1d6+4,1.0,B
1570,42,15,7,3,1d8+4,1d6+4,40,16,7,3,1d8+4,1d6+4,9.0,B
1571,37,17,7,3,1d12+4,1d6+4,50,17,7,5,1d10+4,1d8+4,9.0,B
1572,38,17,7,4,1d12+4,1d6+4,30,15,7,4,1d12+4,1d8+4,10.0,A
1573,50,18,7,4,1d12+4,1d6+4,50,17,7,5,1d8+4,1d8+4,0.0,A
1574,49,14,7,5,1d12+4,1d8+4,44,17,7,3,1d10+4,1d8+4,8.0,A
1575,32,15,7,3,1d12+4,1d6+4,49,14,7,4,1d12+4,1d8+4,2.0,B
1576,42,18,7,3,1d8+4,1d6+4,31,15,7,3,1d12+4,1d8+4,5.0,A
1577,37,15,7,5,1d8+4,1d6+4,46,14,7,3,1d8+4,1d8+4,7.0,B
1578,44,18,7,4,1d10+4,1d6+4,49,18,7,4,1d8+4,1d6+4,3.0,A
1579,50,17,7,5,1d8+4,1d8+4,41,14,7,4,1d12+4,1d6+4,5.0,A
1580,40,15,7,5,1d12+4,1d6+4,40,16,7,3,1d12+4,1d8+4,8.0,A
1581,46,15,7,4,1d12+4,1d6+4,49,14,7,3,1d8+4,1d6+4,8.0,A
1582,46,14,7,5,1d8+4,1d8+4,40,17,7,3,1d8+4,1d6+4,8.0,B
1583,38,18,7,4,1d12+4,1d6+4,33,17,7,5,1d10+4,1d6+4,8.0,B
1584,41,15,7,4,1d12+4,1d6+4,35,18,7,3,1d10+4,1d6+4,1.0,B
1585,38,14,7,5,1d12+4,1d6+4,30,17,7,4,1d10+4,1d6+4,1.0,A
1586,42,14,7,4,1d10+4,1d8+4,32,16,7,3,1d12+4,1d8+4,6.0,B
1587,38,18,7,4,1d12+4,1d8+4,30,18,7,5,1d8+4,1d8+4,6.0,A
1588,50,17,7,5,1d10+4,1d8+4,40,17,7,3,1d12+4,1d8+4,7.0,B
1589,36,17,7,3,1d8+4,1d8+4,47,17,7,4,1d12+4,1d8+4,10.0,A
1590,47,14,7,5,1d12+4,1d8+4,41,14,7,4,1d8+4,1d6+4,10.0,B
1591,44,15,7,3,1d12+4,1d6+4,44,17,7,3,1d12+4,1d8+4,1.0,B
1592,34,17,7,4,1d8+4,1d8+4,50,14,7,3,1d12+4,1d6+4,7.0,A
1593,45,18,7,4,1d8+4,1d8+4,44,14,7,4,1d12+4,1d6+4,0.0,A
1594,37,14,7,5,1d8+4,1d6+4,41,17,7,5,1d8+4,1d6+4,3.0,A
1595,50,17,7,5,1d8+4,1d8+4,30,18,7,5,1d10+4,1d8+4,7.0,B
1596,40,17,7,3,1d10+4,1d6+4,41,18,7,5,1d12+4,1d6+4,5.0,B
1597,39,15,7,4,1d8+4,1d6+4,49,15,7,3,1d10+4,1d6+4,1.0,B
1598,38,16,7,3,1d12+4,1d6+4,38,16,7,4,1d12+4,1d6+4,1.0,A
1599,45,16,7,3,1d8+4,1d8+4,48,17,7,4,1d8+4,1d6+4,9.0,A
1600,49,14,7,3,1d10+4,1d8+4,48,14,7,4,1d10+4,1d6+4,10.0,B
1601,45,15,7,3,1d8+4,1d6+4,50,18,7,3,1d10+4,1d6+4,2.0,A
1602,50,17,7,5,1d10+4,1d8+4,34,17,7,3,1d12+4,1d6+4,0.0,A
1603,48,17,7,5,1d10+4,1d8+4,30,15,7,4,1d12+4,1d6+4,1.0,A
1604,47,15,7,3,1d10+4,1d6+4,48,18,7,5,1d12+4,1d6+4,7.0,A
1605,35,15,7,5,1d12+4,1d8+4,44,17,7,5,1d8+4,1d8+4,3.0,B
1606,30,15,7,4,1d8+4,1d8+4,50,18,7,4,1d8+4,1d6+4,6.0,B
1607,33,18,7,4,1d10+4,1d6+4,38,15,7,3,1d8+4,1d6+4,8.0,A
1608,47,14,7,3,1d10+4,1d6+4,35,16,7,3,1d12+4,1d6+4,2.0,A
1609,36,15,7,5,1d8+4,1d6+4,47,14,7,3,1d12+4,1d8+4,2.0,B
1610,34,16,7,5,1d12+4,1d6+4,40,14,7,5,1d8+4,1d8+4,1.0,B
1611,38,14,7,5,1d8+4,1d8+4,48,17,7,4,1d10+4,1d8+4,4.0,B
1612,36,18,7,4,1d10+4,1d6+4,44,16,7,3,1d12+4,1d6+4,1.0,A
1613,47,17,7,5,1d12+4,1d6+4,31,18,7,3,1d12+4,1d6+4,8.0,A
1614,39,16,7,4,1d10+4,1d6+4,43,18,7,3,1d8+4,1d8+4,3.0,A
1615,49,17,7,3,1d10+4,1d8+4,31,15,7,4,1d8+4,1d8+4,8.0,A
1616,39,18,7,5,1d12+4,1d6+4,50,16,7,4,1d12+4,1d6+4,6.0,B
1617,34,15,7,5,1d10+4,1d8+4,30,18,7,4,1d12+4,1d8+4,4.0,B
1618,38,17,7,5,1d12+4,1d8+4,50,18,7,3,1d12+4,1d6+4,4.0,A
1619,50,14,7,3,1d8+4,1d8+4,41,16,7,5,1d12+4,1d8+4,1.0,A
1620,42,18,7,4,1d8+4,1d6+4,32,14,7,3,1d10+4,1d8+4,6.0,A
1621,38,18,7,3,1d12+4,1d8+4,36,18,7,5,1d8+4,1d6+4,0.0,A
1622,30,14,7,3,1d8+4,1d6+4,47,17,7,5,1d10+4,1d6+4,7.0,B
1623,32,14,7,4,1d10+4,1d6+4,41,16,7,5,1d10+4,1d8+4,1.0,B
1624,39,18,7,3,1d8+4,1d6+4,32,14,7,4,1d12+4,1d6+4,9.0,B
1625,38,14,7,5,1d10+4,1d8+4,42,18,7,3,1d10+4,1d8+4,1.0,B
1626,30,17,7,5,1d8+4,1d6+4,32,18,7,3,1d10+4,1d6+4,3.0,B
1627,30,18,7,3,1d8+4,1d8+4,30,16,7,4,1d10+4,1d8+4,9.0,B
1628,35,15,7,3,1d10+4,1d8+4,50,15,7,5,1d12+4,1d8+4,7.0,B
1629,35,17,7,5,1d12+4,1d6+4,41,16,7,4,1d10+4,1d8+4,1.0,A
1630,39,17,7,3,1d8+4,1d8+4,46,16,7,5,1d12+4,1d6+4,4.0,B
1631,34,15,7,5,1d10+4,1d6+4,33,15,7,5,1d10+4,1d8+4,0.0,A
1632,39,16,7,4,1d10+4,1d6+4,34,16,7,3,1d8+4,1d6+4,2.0,B
1633,39,17,7,3,1d10+4,1d8+4,44,14,7,4,1d10+4,1d6+4,4.0,A
1634,35,18,7,3,1d8+4,1d8+4,41,17,7,3,1d12+4,1d6+4,9.0,A
1635,33,14,7,4,1d8+4,1d6+4,32,16,7,5,1d10+4,1d8+4,1.0,B
1636,50,14,7,4,1d12+4,1d8+4,30,14,7,5,1d8+4,1d8+4,3.0,A
1637,49,17,7,5,1d8+4,1d6+4,44,17,7,5,1d10+4,1d6+4,5.0,B
1638,47,14,7,3,1d10+4,1d6+4,32,18,7,5,1d12+4,1d6+4,3.0,A
1639,43,15,7,3,1d12+4,1d8+4,30,14,7,4,1d12+4,1d8+4,7.0,A
1640,43,18,7,4,1d12+4,1d6+4,41,18,7,3,1d12+4,1d6+4,9.0,A
1641,35,14,7,4,1d12+4,1d8+4,31,18,7,4,1d8+4,1d8+4,1.0,B
1642,36,18,7,3,1d12+4,1d8+4,36,16,7,3,1d10+4,1d6+4,10.0,B
1643,44,18,7,3,1d8+4,1d6+4,48,17,7,3,1d10+4,1d8+4,7.0,A
1644,43,15,7,5,1d8+4,1d8+4,36,18,7,4,1d8+4,1d6+4,1.0,A
1645,41,15,7,4,1d10+4,1d8+4,31,15,7,3,1d12+4,1d8+4,3.0,B
1646,31,17,7,3,1d12+4,1d6+4,33,16,7,4,1d10+4,1d6+4,4.0,A
1647,36,18,7,5,1d10+4,1d8+4,41,16,7,5,1d8+4,1d8+4,2.0,B
1648,50,17,7,3,1d10+4,1d8+4,45,16,7,4,1d12+4,1d6+4,7.0,A
1649,45,14,7,3,1d10+4,1d6+4,40,18,7,5,1d10+4,1d8+4,2.0,B
1650,42,14,7,5,1d10+4,1d8+4,34,15,7,4,1d10+4,1d6+4,2.0,B
1651,33,18,7,3,1d12+4,1d6+4,33,14,7,5,1d12+4,1d6+4,4.0,A
1652,32,14,7,5,1d12+4,1d8+4,49,17,7,3,1d10+4,1d8+4,2.0,B
1653,46,16,7,5,1d8+4,1d8+4,36,14,7,3,1d10+4,1d6+4,4.0,A
1654,40,15,7,4,1d10+4,1d8+4,35,15,7,4,1d12+4,1d6+4,9.0,A
1655,32,16,7,3,1d10+4,1d6+4,37,18,7,3,1d12+4,1d8+4,1.0,B
1656,38,15,7,3,1d8+4,1d8+4,31,18,7,3,1d12+4,1d6+4,7.0,A
1657,33,17,7,3,1d12+4,1d6+4,44,15,7,4,1d12+4,1d8+4,10.0,B
1658,50,18,7,5,1d8+4,1d6+4,35,16,7,4,1d10+4,1d8+4,7.0,A
1659,40,17,7,3,1d10+4,1d8+4,46,14,7,5,1d8+4,1d6+4,8.0,B
1660,49,17,7,4,1d8+4,1d6+4,36,16,7,5,1d8+4,1d8+4,9.0,B
1661,39,16,7,5,1d12+4,1d6+4,42,15,7,5,1d12+4,1d8+4,9.0,B
1662,47,17,7,4,1d12+4,1d8+4,31,18,7,5,1d8+4,1d8+4,9.0,A
1663,37,16,7,5,1d8+4,1d8+4,34,17,7,5,1d8+4,1d8+4,3.0,B
1664,43,16,7,4,1d8+4,1d8+4,40,17,7,3,1d12+4,1d6+4,1.0,B
1665,36,18,7,5,1d12+4,1d6+4,40,16,7,3,1d8+4,1d8+4,3.0,A
1666,30,16,7,3,1d10+4,1d8+4,44,14,7,4,1d10+4,1d8+4,5.0,B
1667,42,18,7,4,1d12+4,1d8+4,49,14,7,3,1d10+4,1d8+4,2.0,A
1668,42,18,7,3,1d8+4,1d6+4,43,14,7,4,1d8+4,1d8+4,6.0,A
1669,31,18,7,4,1d12+4,1d6+4,30,15,7,4,1d8+4,1d8+4,8.0,A
1670,42,14,7,3,1d8+4,1d8+4,32,16,7,5,1d8+4,1d6+4,3.0,A
1671,40,14,7,3,1d12+4,1d6+4,30,14,7,3,1d8+4,1d6+4,4.0,B
1672,36,14,7,3,1d8+4,1d6+4,38,18,7,3,1d12+4,1d6+4,2.0,B
1673,42,16,7,5,1d10+4,1d6+4,47,14,7,3,1d12+4,1d8+4,4.0,B
1674,35,14,7,5,1d10+4,1d6+4,35,18,7,5,1d10+4,1d8+4,7.0,B
1675,36,16,7,4,1d12+4,1d8+4,32,15,7,3,1d8+4,1d6+4,5.0,B
1676,44,18,7,4,1d10+4,1d6+4,36,14,7,4,1d8+4,1d6+4,4.0,A
1677,36,17,7,5,1d8+4,1d6+4,30,14,7,5,1d10+4,1d6+4,8.0,A
1678,43,18,7,3,1d12+4,1d8+4,32,14,7,4,1d12+4,1d6+4,9.0,A
1679,50,18,7,3,1d12+4,1d6+4,34,17,7,5,1d8+4,1d6+4,8.0,A
1680,37,16,7,3,1d10+4,1d8+4,38,16,7,4,1d10+4,1d8+4,3.0,B
1681,36,18,7,4,1d10+4,1d8+4,38,16,7,5,1d12+4,1d8+4,7.0,A
1682,46,17,7,5,1d10+4,1d6+4,38,14,7,3,1d12+4,1d6+4,3.0,B
1683,49,18,7,5,1d10+4,1d8+4,45,16,7,3,1d10+4,1d6+4,10.0,A
1684,38,16,7,5,1d8+4,1d6+4,39,17,7,3,1d10+4,1d8+4,8.0,A
1685,48,15,7,5,1d8+4,1d8+4,41,18,7,3,1d12+4,1d8+4,5.0,A
1686,39,15,7,3,1d12+4,1d8+4,42,17,7,5,1d12+4,1d8+4,3.0,B
1687,48,15,7,5,1d10+4,1d8+4,31,15,7,5,1d10+4,1d8+4,1.0,A
1688,33,14,7,3,1d10+4,1d8+4,33,14,7,4,1d8+4,1d8+4,1.0,B
1689,48,15,7,3,1d10+4,1d8+4,33,16,7,5,1d10+4,1d6+4,0.0,A
1690,34,14,7,3,1d8+4,1d6+4,34,16,7,4,1d8+4,1d8+4,5.0,B
1691,42,18,7,4,1d8+4,1d6+4,40,17,7,5,1d10+4,1d8+4,9.0,B
1692,39,18,7,4,1d8+4,1d6+4,43,17,7,3,1d10+4,1d8+4,1.0,A
1693,34,16,7,3,1d10+4,1d8+4,44,17,7,5,1d12+4,1d8+4,6.0,A
1694,50,18,7,3,1d10+4,1d6+4,30,14,7,4,1d8+4,1d8+4,7.0,B
1695,38,18,7,4,1d8+4,1d6+4,44,14,7,5,1d10+4,1d6+4,9.0,B
1696,41,15,7,4,1d10+4,1d6+4,37,16,7,3,1d12+4,1d6+4,7.0,A
1697,36,16,7,4,1d12+4,1d6+4,46,16,7,3,1d8+4,1d6+4,0.0,A
1698,37,18,7,4,1d12+4,1d6+4,43,15,7,5,1d12+4,1d8+4,3.0,A
1699,43,18,7,3,1d8+4,1d6+4,42,15,7,5,1d10+4,1d8+4,5.0,A
1700,39,18,7,3,1d12+4,1d8+4,35,17,7,5,1d10+4,1d8+4,7.0,B
1701,45,14,7,4,1d12+4,1d6+4,41,16,7,5,1d10+4,1d6+4,0.0,B
1702,37,16,7,5,1d12+4,1d6+4,36,17,7,3,1d10+4,1d6+4,9.0,B
1703,49,17,7,3,1d8+4,1d8+4,34,18,7,4,1d8+4,1d8+4,2.0,B
1704,43,15,7,4,1d12+4,1d6+4,50,14,7,4,1d12+4,1d8+4,6.0,B
1705,39,18,7,5,1d12+4,1d6+4,34,18,7,3,1d10+4,1d8+4,10.0,A
1706,37,14,7,5,1d8+4,1d8+4,31,18,7,3,1d10+4,1d6+4,3.0,A
1707,41,15,7,3,1d8+4,1d8+4,49,17,7,5,1d8+4,1d8+4,10.0,B
1708,30,16,7,4,1d8+4,1d8+4,40,17,7,5,1d12+4,1d8+4,2.0,B
1709,30,15,7,5,1d12+4,1d8+4,48,17,7,5,1d12+4,1d6+4,10.0,A
1710,43,15,7,5,1d10+4,1d6+4,31,15,7,3,1d8+4,1d6+4,7.0,B
1711,43,17,7,3,1d10+4,1d8+4,33,15,7,5,1d8+4,1d6+4,0.0,B
1712,35,16,7,5,1d8+4,1d6+4,34,17,7,4,1d10+4,1d6+4,3.0,B
1713,31,14,7,4,1d12+4,1d8+4,38,15,7,4,1d8+4,1d8+4,3.0,B
1714,48,14,7,5,1d10+4,1d6+4,44,17,7,3,1d10+4,1d6+4,10.0,A
1715,41,18,7,4,1d12+4,1d8+4,46,18,7,3,1d12+4,1d6+4,0.0,B
1716,37,18,7,4,1d8+4,1d8+4,45,18,7,5,1d8+4,1d6+4,5.0,B
1717,43,15,7,3,1d10+4,1d6+4,47,15,7,3,1d8+4,1d6+4,9.0,B
1718,40,17,7,4,1d8+4,1d6+4,45,18,7,3,1d12+4,1d6+4,6.0,A
1719,43,15,7,3,1d12+4,1d8+4,49,17,7,3,1d8+4,1d6+4,10.0,B
1720,47,14,7,5,1d10+4,1d8+4,39,16,7,4,1d10+4,1d8+4,7.0,A
1721,35,17,7,4,1d8+4,1d6+4,35,16,7,3,1d8+4,1d6+4,1.0,A
1722,37,14,7,4,1d12+4,1d6+4,49,14,7,5,1d10+4,1d8+4,4.0,A
1723,43,14,7,5,1d10+4,1d8+4,39,14,7,3,1d10+4,1d6+4,4.0,A
1724,43,15,7,4,1d10+4,1d8+4,43,17,7,3,1d8+4,1d6+4,2.0,B
1725,34,14,7,4,1d8+4,1d8+4,34,14,7,4,1d10+4,1d8+4,6.0,B
1726,31,17,7,3,1d12+4,1d6+4,38,15,7,3,1d10+4,1d6+4,10.0,B
1727,46,17,7,5,1d8+4,1d6+4,38,17,7,4,1d8+4,1d8+4,5.0,A
1728,45,16,7,3,1d10+4,1d6+4,38,14,7,5,1d12+4,1d8+4,4.0,A
1729,37,16,7,5,1d12+4,1d6+4,44,16,7,3,1d8+4,1d8+4,3.0,A
1730,39,18,7,4,1d8+4,1d6+4,33,17,7,3,1d10+4,1d6+4,2.0,A
1731,34,16,7,3,1d8+4,1d6+4,47,16,7,5,1d10+4,1d8+4,10.0,B
1732,46,16,7,5,1d10+4,1d8+4,42,17,7,4,1d10+4,1d8+4,4.0,B
1733,35,14,7,4,1d10+4,1d6+4,45,16,7,3,1d8+4,1d6+4,2.0,B
1734,48,16,7,5,1d10+4,1d6+4,46,15,7,4,1d8+4,1d6+4,5.0,A
1735,40,18,7,5,1d8+4,1d6+4,33,18,7,3,1d10+4,1d6+4,3.0,A
1736,37,16,7,4,1d12+4,1d6+4,33,15,7,3,1d8+4,1d6+4,9.0,B
1737,35,16,7,3,1d8+4,1d8+4,41,18,7,4,1d8+4,1d6+4,10.0,B
1738,33,17,7,5,1d8+4,1d8+4,43,14,7,3,1d12+4,1d6+4,0.0,B
1739,37,18,7,5,1d12+4,1d8+4,33,14,7,4,1d8+4,1d6+4,10.0,A
1740,46,14,7,4,1d10+4,1d8+4,46,15,7,5,1d10+4,1d8+4,6.0,A
1741,31,17,7,5,1d8+4,1d6+4,40,14,7,5,1d10+4,1d6+4,5.0,A
1742,42,18,7,3,1d10+4,1d8+4,31,17,7,3,1d12+4,1d6+4,1.0,A
1743,44,17,7,3,1d10+4,1d6+4,36,17,7,4,1d12+4,1d6+4,4.0,A
1744,45,17,7,3,1d10+4,1d6+4,35,18,7,4,1d12+4,1d8+4,2.0,B
1745,48,18,7,4,1d10+4,1d8+4,43,18,7,3,1d8+4,1d8+4,6.0,A
1746,49,15,7,4,1d10+4,1d6+4,39,14,7,4,1d10+4,1d6+4,6.0,A
1747,39,14,7,3,1d12+4,1d8+4,33,18,7,3,1d10+4,1d8+4,10.0,A
1748,34,16,7,5,1d12+4,1d8+4,35,15,7,4,1d12+4,1d8+4,9.0,A
1749,50,16,7,4,1d12+4,1d8+4,47,17,7,4,1d10+4,1d8+4,2.0,B
1750,31,18,7,5,1d10+4,1d8+4,40,18,7,5,1d12+4,1d8+4,6.0,B
1751,34,17,7,3,1d8+4,1d8+4,30,16,7,5,1d12+4,1d8+4,2.0,B
1752,49,16,7,3,1d12+4,1d6+4,49,16,7,3,1d12+4,1d6+4,8.0,A
1753,36,14,7,5,1d12+4,1d8+4,39,16,7,3,1d10+4,1d6+4,9.0,B
1754,33,15,7,5,1d8+4,1d8+4,33,17,7,4,1d8+4,1d6+4,6.0,B
1755,31,14,7,3,1d12+4,1d8+4,33,17,7,3,1d8+4,1d6+4,3.0,A
1756,38,17,7,3,1d8+4,1d8+4,43,18,7,5,1d8+4,1d8+4,2.0,B
1757,46,15,7,3,1d8+4,1d6+4,46,14,7,3,1d8+4,1d8+4,3.0,B
1758,48,14,7,5,1d10+4,1d6+4,36,18,7,4,1d12+4,1d6+4,1.0,A
1759,38,15,7,3,1d12+4,1d6+4,36,17,7,4,1d10+4,1d8+4,7.0,A
1760,33,17,7,4,1d8+4,1d6+4,38,18,7,5,1d12+4,1d8+4,10.0,B
1761,37,15,7,3,1d10+4,1d8+4,33,16,7,3,1d12+4,1d8+4,8.0,A
1762,39,17,7,4,1d10+4,1d6+4,45,18,7,5,1d8+4,1d6+4,0.0,B
1763,35,17,7,3,1d10+4,1d6+4,48,18,7,4,1d8+4,1d8+4,2.0,B
1764,37,18,7,5,1d12+4,1d6+4,42,14,7,3,1d10+4,1d6+4,3.0,A
1765,48,15,7,3,1d10+4,1d8+4,45,14,7,5,1d12+4,1d6+4,3.0,A
1766,42,16,7,3,1d8+4,1d6+4,42,17,7,5,1d12+4,1d6+4,1.0,A
1767,33,18,7,5,1d12+4,1d8+4,40,16,7,4,1d12+4,1d8+4,7.0,A
1768,30,15,7,3,1d8+4,1d8+4,50,16,7,4,1d10+4,1d6+4,6.0,B
1769,34,18,7,5,1d8+4,1d8+4,42,18,7,3,1d8+4,1d6+4,0.0,B
1770,47,18,7,4,1d12+4,1d6+4,33,18,7,5,1d10+4,1d6+4,1.0,B
1771,49,18,7,4,1d10+4,1d6+4,32,18,7,3,1d12+4,1d6+4,8.0,A
1772,49,17,7,4,1d10+4,1d8+4,33,14,7,5,1d12+4,1d8+4,2.0,A
1773,32,16,7,5,1d10+4,1d8+4,36,18,7,4,1d12+4,1d8+4,4.0,B
1774,46,17,7,3,1d12+4,1d6+4,43,14,7,5,1d12+4,1d6+4,6.0,A
1775,46,17,7,3,1d8+4,1d6+4,33,18,7,3,1d12+4,1d6+4,5.0,B
1776,43,18,7,3,1d8+4,1d8+4,34,17,7,3,1d12+4,1d8+4,6.0,A
1777,38,17,7,4,1d10+4,1d6+4,37,16,7,3,1d10+4,1d6+4,7.0,A
1778,31,15,7,5,1d12+4,1d8+4,36,18,7,3,1d10+4,1d8+4,6.0,A
1779,32,14,7,5,1d12+4,1d6+4,32,18,7,4,1d12+4,1d6+4,9.0,B
1780,44,16,7,3,1d10+4,1d8+4,40,16,7,4,1d10+4,1d6+4,0.0,B
1781,38,14,7,3,1d8+4,1d8+4,43,15,7,5,1d12+4,1d8+4,2.0,B
1782,44,18,7,5,1d10+4,1d8+4,49,16,7,5,1d12+4,1d6+4,5.0,A
1783,32,18,7,5,1d8+4,1d8+4,38,14,7,3,1d8+4,1d6+4,9.0,B
1784,30,16,7,4,1d12+4,1d8+4,33,17,7,5,1d8+4,1d8+4,8.0,A
1785,34,15,7,5,1d8+4,1d6+4,34,18,7,5,1d8+4,1d8+4,5.0,B
1786,49,17,7,3,1d8+4,1d8+4,33,16,7,5,1d8+4,1d8+4,5.0,B
1787,30,18,7,5,1d10+4,1d6+4,35,15,7,3,1d12+4,1d8+4,0.0,A
1788,36,18,7,4,1d8+4,1d6+4,41,18,7,4,1d10+4,1d6+4,7.0,B
1789,47,15,7,5,1d12+4,1d6+4,45,16,7,5,1d8+4,1d6+4,10.0,A
1790,47,14,7,5,1d8+4,1d8+4,46,18,7,4,1d10+4,1d8+4,4.0,B
1791,44,16,7,4,1d8+4,1d6+4,31,17,7,3,1d12+4,1d6+4,0.0,B
1792,37,14,7,4,1d8+4,1d6+4,45,14,7,3,1d10+4,1d6+4,1.0,B
1793,44,17,7,5,1d10+4,1d8+4,41,17,7,5,1d12+4,1d6+4,10.0,A
1794,49,17,7,4,1d8+4,1d6+4,44,18,7,5,1d8+4,1d8+4,3.0,A
1795,32,16,7,4,1d12+4,1d8+4,38,14,7,3,1d10+4,1d8+4,7.0,A
1796,48,15,7,4,1d8+4,1d8+4,49,15,7,4,1d10+4,1d8+4,9.0,B
1797,39,14,7,4,1d12+4,1d8+4,32,14,7,5,1d10+4,1d6+4,0.0,A
1798,48,15,7,5,1d8+4,1d6+4,49,17,7,4,1d10+4,1d6+4,5.0,B
1799,50,16,7,3,1d12+4,1d8+4,50,15,7,5,1d12+4,1d6+4,5.0,A
1800,43,15,7,4,1d10+4,1d6+4,41,15,7,5,1d8+4,1d6+4,9.0,B
1801,41,18,7,4,1d10+4,1d8+4,47,17,7,3,1d12+4,1d6+4,6.0,B
1802,42,17,7,4,1d12+4,1d8+4,30,16,7,5,1d10+4,1d6+4,10.0,A
1803,49,15,7,5,1d8+4,1d6+4,46,14,7,3,1d12+4,1d6+4,0.0,A
1804,30,18,7,5,1d10+4,1d6+4,30,16,7,3,1d12+4,1d6+4,1.0,A
1805,36,17,7,3,1d10+4,1d6+4,41,17,7,4,1d12+4,1d8+4,6.0,B
1806,45,18,7,4,1d12+4,1d8+4,41,16,7,4,1d8+4,1d6+4,6.0,A
1807,45,15,7,5,1d10+4,1d6+4,40,15,7,3,1d12+4,1d6+4,4.0,A
1808,45,18,7,5,1d10+4,1d8+4,41,16,7,3,1d8+4,1d8+4,1.0,B
1809,32,14,7,5,1d12+4,1d6+4,41,17,7,4,1d10+4,1d6+4,6.0,B
1810,41,16,7,5,1d12+4,1d8+4,37,15,7,3,1d8+4,1d6+4,9.0,A
1811,41,18,7,3,1d8+4,1d6+4,43,18,7,4,1d12+4,1d6+4,0.0,A
1812,45,17,7,4,1d12+4,1d6+4,38,17,7,4,1d8+4,1d8+4,2.0,B
1813,42,16,7,4,1d12+4,1d6+4,33,18,7,5,1d10+4,1d6+4,9.0,A
1814,40,14,7,3,1d10+4,1d8+4,38,18,7,4,1d8+4,1d6+4,6.0,B
1815,37,18,7,5,1d12+4,1d8+4,47,18,7,3,1d12+4,1d8+4,3.0,B
1816,39,18,7,5,1d8+4,1d8+4,40,15,7,3,1d8+4,1d8+4,8.0,A
1817,34,16,7,3,1d8+4,1d6+4,34,14,7,3,1d8+4,1d6+4,3.0,A
1818,30,17,7,3,1d12+4,1d8+4,36,18,7,4,1d8+4,1d8+4,4.0,B
1819,39,17,7,4,1d8+4,1d6+4,40,17,7,5,1d10+4,1d6+4,0.0,A
1820,49,16,7,4,1d8+4,1d6+4,47,18,7,4,1d12+4,1d6+4,5.0,B
1821,33,18,7,5,1d8+4,1d6+4,36,17,7,4,1d12+4,1d8+4,3.0,A
1822,48,15,7,4,1d10+4,1d6+4,47,17,7,4,1d8+4,1d8+4,0.0,A
1823,44,18,7,5,1d12+4,1d6+4,33,17,7,3,1d10+4,1d8+4,1.0,A
1824,47,17,7,5,1d12+4,1d8+4,44,18,7,5,1d8+4,1d6+4,8.0,B
1825,39,14,7,5,1d12+4,1d8+4,41,17,7,4,1d12+4,1d6+4,6.0,B
1826,48,15,7,4,1d10+4,1d8+4,38,15,7,5,1d8+4,1d8+4,10.0,A
1827,39,18,7,3,1d10+4,1d6+4,30,14,7,3,1d8+4,1d6+4,1.0,A
1828,37,17,7,5,1d12+4,1d6+4,43,17,7,3,1d8+4,1d8+4,10.0,A
1829,37,16,7,4,1d12+4,1d6+4,42,16,7,4,1d12+4,1d6+4,10.0,A
1830,38,16,7,5,1d8+4,1d6+4,32,15,7,5,1d10+4,1d8+4,5.0,A
1831,43,15,7,5,1d8+4,1d6+4,40,14,7,3,1d10+4,1d6+4,6.0,A
1832,34,17,7,5,1d12+4,1d6+4,40,15,7,4,1d10+4,1d6+4,4.0,B
1833,36,15,7,5,1d8+4,1d6+4,48,16,7,3,1d12+4,1d8+4,2.0,B
1834,48,18,7,3,1d10+4,1d6+4,39,18,7,5,1d8+4,1d6+4,4.0,A
1835,43,18,7,4,1d12+4,1d8+4,38,15,7,3,1d10+4,1d8+4,1.0,A
1836,37,18,7,4,1d10+4,1d6+4,31,17,7,3,1d8+4,1d8+4,3.0,B
1837,50,17,7,5,1d8+4,1d8+4,45,17,7,4,1d8+4,1d6+4,0.0,A
1838,33,17,7,5,1d8+4,1d8+4,44,16,7,3,1d8+4,1d8+4,0.0,A
1839,36,14,7,3,1d12+4,1d6+4,43,14,7,3,1d10+4,1d6+4,2.0,A
1840,43,17,7,3,1d8+4,1d8+4,37,14,7,5,1d12+4,1d8+4,6.0,B
1841,41,14,7,3,1d12+4,1d8+4,47,14,7,5,1d10+4,1d6+4,10.0,B
1842,48,15,7,5,1d8+4,1d8+4,37,16,7,5,1d10+4,1d8+4,2.0,B
1843,40,18,7,5,1d12+4,1d8+4,50,14,7,4,1d10+4,1d8+4,1.0,B
1844,30,18,7,4,1d8+4,1d8+4,32,16,7,3,1d8+4,1d8+4,7.0,A
1845,41,16,7,3,1d12+4,1d8+4,39,18,7,4,1d12+4,1d8+4,6.0,B
1846,40,18,7,5,1d8+4,1d8+4,46,17,7,3,1d10+4,1d6+4,6.0,A
1847,38,16,7,3,1d10+4,1d8+4,37,16,7,4,1d10+4,1d6+4,10.0,A
1848,45,17,7,4,1d10+4,1d6+4,42,18,7,5,1d10+4,1d6+4,9.0,B
1849,37,17,7,3,1d10+4,1d6+4,34,17,7,4,1d10+4,1d6+4,6.0,A
1850,49,16,7,5,1d8+4,1d6+4,43,16,7,5,1d8+4,1d8+4,3.0,A
1851,36,17,7,3,1d12+4,1d6+4,49,14,7,5,1d8+4,1d6+4,4.0,B
1852,46,14,7,3,1d12+4,1d8+4,44,14,7,3,1d12+4,1d6+4,8.0,A
1853,36,16,7,5,1d8+4,1d6+4,38,15,7,4,1d12+4,1d8+4,4.0,B
1854,50,14,7,3,1d10+4,1d6+4,30,17,7,3,1d10+4,1d8+4,9.0,A
1855,34,17,7,5,1d10+4,1d8+4,49,18,7,4,1d10+4,1d6+4,0.0,B
1856,41,15,7,3,1d10+4,1d6+4,47,15,7,4,1d12+4,1d6+4,8.0,B
1857,50,15,7,3,1d12+4,1d6+4,40,14,7,5,1d10+4,1d6+4,4.0,A
1858,34,16,7,4,1d12+4,1d8+4,42,18,7,4,1d10+4,1d6+4,2.0,B
1859,44,15,7,5,1d10+4,1d8+4,36,16,7,5,1d12+4,1d8+4,5.0,A
1860,38,15,7,3,1d10+4,1d8+4,45,18,7,4,1d10+4,1d6+4,6.0,B
1861,47,17,7,3,1d8+4,1d6+4,33,16,7,4,1d8+4,1d8+4,0.0,B
1862,31,17,7,3,1d8+4,1d6+4,38,14,7,4,1d8+4,1d6+4,10.0,A
1863,41,14,7,5,1d8+4,1d8+4,37,16,7,5,1d12+4,1d6+4,9.0,A
1864,37,17,7,3,1d8+4,1d8+4,46,17,7,3,1d10+4,1d8+4,0.0,A
1865,35,18,7,3,1d12+4,1d6+4,37,16,7,3,1d12+4,1d8+4,5.0,A
1866,32,17,7,4,1d8+4,1d8+4,44,16,7,5,1d10+4,1d8+4,1.0,A
1867,38,18,7,4,1d8+4,1d6+4,38,15,7,3,1d10+4,1d8+4,7.0,A
1868,50,16,7,3,1d10+4,1d8+4,49,18,7,3,1d8+4,1d8+4,0.0,A
1869,40,16,7,5,1d12+4,1d6+4,41,18,7,5,1d10+4,1d8+4,8.0,A
1870,33,15,7,5,1d8+4,1d6+4,47,17,7,3,1d8+4,1d8+4,4.0,B
1871,43,18,7,4,1d10+4,1d8+4,50,17,7,3,1d8+4,1d8+4,1.0,A
1872,33,14,7,3,1d10+4,1d6+4,34,16,7,3,1d12+4,1d8+4,6.0,A
1873,43,15,7,5,1d10+4,1d6+4,43,17,7,5,1d12+4,1d8+4,7.0,B
1874,46,18,7,4,1d12+4,1d8+4,46,17,7,5,1d10+4,1d6+4,2.0,B
1875,37,14,7,4,1d10+4,1d6+4,45,14,7,5,1d12+4,1d8+4,4.0,B
1876,34,14,7,5,1d12+4,1d8+4,35,14,7,5,1d10+4,1d8+4,8.0,A
1877,43,16,7,4,1d12+4,1d8+4,47,15,7,3,1d12+4,1d6+4,7.0,A
1878,42,15,7,4,1d8+4,1d8+4,46,14,7,3,1d8+4,1d6+4,0.0,A
1879,33,14,7,4,1d12+4,1d6+4,49,14,7,4,1d8+4,1d6+4,5.0,B
1880,45,15,7,4,1d10+4,1d6+4,41,14,7,3,1d10+4,1d6+4,2.0,B
1881,30,14,7,3,1d12+4,1d8+4,47,15,7,4,1d10+4,1d6+4,6.0,B
1882,42,17,7,3,1d10+4,1d8+4,49,17,7,3,1d12+4,1d6+4,2.0,B
1883,48,14,7,3,1d10+4,1d6+4,32,14,7,4,1d12+4,1d8+4,1.0,A
1884,31,17,7,3,1d12+4,1d8+4,39,14,7,3,1d12+4,1d8+4,4.0,B
1885,40,15,7,4,1d12+4,1d8+4,50,18,7,5,1d8+4,1d8+4,6.0,A
1886,50,14,7,5,1d8+4,1d8+4,44,14,7,3,1d10+4,1d8+4,8.0,B
1887,50,15,7,4,1d8+4,1d8+4,34,17,7,3,1d8+4,1d6+4,5.0,A
1888,45,15,7,4,1d8+4,1d6+4,34,14,7,3,1d8+4,1d6+4,3.0,A
1889,30,14,7,3,1d12+4,1d6+4,33,15,7,4,1d12+4,1d6+4,4.0,A
1890,34,18,7,3,1d10+4,1d6+4,40,15,7,5,1d12+4,1d6+4,7.0,B
1891,45,14,7,3,1d8+4,1d6+4,36,18,7,5,1d8+4,1d8+4,0.0,B
1892,31,16,7,5,1d12+4,1d6+4,50,14,7,4,1d8+4,1d6+4,10.0,A
1893,46,18,7,5,1d10+4,1d6+4,49,14,7,4,1d8+4,1d6+4,4.0,A
1894,37,14,7,4,1d12+4,1d8+4,38,17,7,4,1d12+4,1d8+4,2.0,A
1895,49,15,7,3,1d10+4,1d8+4,50,16,7,4,1d8+4,1d8+4,9.0,B
1896,34,15,7,5,1d8+4,1d6+4,35,15,7,3,1d12+4,1d8+4,5.0,A
1897,31,14,7,3,1d8+4,1d6+4,45,15,7,3,1d8+4,1d8+4,0.0,B
1898,34,17,7,3,1d10+4,1d6+4,31,16,7,3,1d8+4,1d8+4,3.0,B
1899,42,17,7,5,1d10+4,1d8+4,35,14,7,3,1d8+4,1d6+4,10.0,A
1900,49,15,7,4,1d10+4,1d8+4,30,15,7,5,1d10+4,1d8+4,4.0,A
1901,48,14,7,3,1d10+4,1d6+4,49,17,7,3,1d12+4,1d6+4,5.0,A
1902,31,16,7,4,1d10+4,1d8+4,42,15,7,4,1d10+4,1d8+4,7.0,B
1903,40,15,7,5,1d8+4,1d6+4,35,16,7,3,1d10+4,1d8+4,3.0,A
1904,38,16,7,3,1d12+4,1d8+4,47,18,7,4,1d12+4,1d6+4,9.0,B
1905,48,14,7,5,1d8+4,1d8+4,32,17,7,5,1d12+4,1d8+4,2.0,B
1906,42,16,7,4,1d10+4,1d8+4,45,17,7,5,1d12+4,1d6+4,6.0,B
1907,33,18,7,3,1d10+4,1d8+4,47,16,7,5,1d10+4,1d8+4,0.0,B
1908,42,16,7,3,1d10+4,1d8+4,41,16,7,5,1d8+4,1d8+4,5.0,A
1909,39,14,7,5,1d10+4,1d8+4,38,14,7,5,1d8+4,1d6+4,8.0,A
1910,41,16,7,3,1d8+4,1d8+4,30,17,7,3,1d10+4,1d8+4,1.0,A
1911,49,14,7,3,1d8+4,1d8+4,32,14,7,3,1d10+4,1d8+4,5.0,A
1912,49,14,7,4,1d8+4,1d8+4,48,16,7,4,1d12+4,1d6+4,5.0,A
1913,37,15,7,5,1d8+4,1d6+4,31,14,7,3,1d8+4,1d6+4,8.0,B
1914,37,14,7,4,1d8+4,1d8+4,46,16,7,4,1d12+4,1d8+4,6.0,B
1915,30,14,7,4,1d12+4,1d6+4,45,18,7,4,1d10+4,1d6+4,8.0,B
1916,40,16,7,4,1d10+4,1d8+4,30,17,7,3,1d12+4,1d6+4,9.0,B
1917,37,17,7,3,1d8+4,1d8+4,30,15,7,3,1d12+4,1d8+4,4.0,A
1918,45,14,7,3,1d10+4,1d8+4,44,14,7,5,1d10+4,1d6+4,9.0,B
1919,47,15,7,4,1d10+4,1d8+4,39,15,7,4,1d12+4,1d8+4,5.0,A
1920,31,17,7,3,1d12+4,1d6+4,36,14,7,3,1d8+4,1d6+4,4.0,A
1921,31,14,7,5,1d12+4,1d6+4,33,14,7,5,1d12+4,1d6+4,3.0,B
1922,33,17,7,4,1d10+4,1d8+4,42,16,7,5,1d8+4,1d8+4,3.0,B
1923,44,15,7,5,1d12+4,1d8+4,33,16,7,5,1d8+4,1d6+4,9.0,A
1924,32,16,7,4,1d10+4,1d6+4,42,16,7,3,1d10+4,1d8+4,7.0,A
1925,30,17,7,3,1d12+4,1d8+4,37,14,7,4,1d10+4,1d6+4,8.0,A
1926,35,14,7,4,1d12+4,1d8+4,49,15,7,3,1d8+4,1d8+4,7.0,B
1927,40,16,7,5,1d8+4,1d6+4,41,16,7,4,1d8+4,1d6+4,8.0,B
1928,40,15,7,3,1d8+4,1d8+4,47,18,7,5,1d12+4,1d8+4,6.0,B
1929,36,18,7,4,1d8+4,1d6+4,41,16,7,3,1d8+4,1d8+4,7.0,A
1930,32,16,7,4,1d12+4,1d6+4,42,17,7,5,1d12+4,1d8+4,4.0,B
1931,40,14,7,4,1d10+4,1d6+4,49,18,7,5,1d12+4,1d8+4,4.0,B
1932,44,15,7,3,1d8+4,1d6+4,38,15,7,3,1d10+4,1d8+4,0.0,B
1933,48,16,7,4,1d8+4,1d8+4,48,18,7,5,1d10+4,1d8+4,4.0,B
1934,34,16,7,4,1d12+4,1d6+4,31,16,7,4,1d10+4,1d8+4,7.0,B
1935,38,17,7,3,1d8+4,1d8+4,33,16,7,5,1d12+4,1d6+4,5.0,A
1936,37,16,7,4,1d12+4,1d6+4,48,14,7,4,1d8+4,1d6+4,10.0,A
1937,43,15,7,3,1d10+4,1d8+4,31,18,7,5,1d8+4,1d8+4,1.0,B
1938,46,15,7,4,1d12+4,1d8+4,32,18,7,5,1d12+4,1d8+4,6.0,B
1939,39,17,7,3,1d10+4,1d6+4,49,14,7,3,1d10+4,1d6+4,4.0,A
1940,34,16,7,3,1d10+4,1d6+4,40,16,7,3,1d8+4,1d6+4,6.0,B
1941,38,14,7,3,1d10+4,1d8+4,48,17,7,4,1d8+4,1d8+4,8.0,B
1942,35,15,7,3,1d10+4,1d8+4,32,14,7,5,1d10+4,1d6+4,0.0,A
1943,45,18,7,5,1d10+4,1d6+4,33,15,7,5,1d8+4,1d6+4,8.0,A
1944,31,16,7,3,1d8+4,1d6+4,47,15,7,4,1d12+4,1d6+4,8.0,B
1945,50,18,7,3,1d10+4,1d6+4,37,17,7,3,1d8+4,1d8+4,4.0,A
1946,38,15,7,4,1d8+4,1d6+4,37,18,7,4,1d8+4,1d6+4,1.0,A
1947,34,18,7,4,1d10+4,1d6+4,45,14,7,3,1d8+4,1d6+4,1.0,A
1948,39,18,7,5,1d10+4,1d6+4,50,17,7,3,1d12+4,1d6+4,2.0,B
1949,35,18,7,3,1d10+4,1d6+4,39,14,7,5,1d12+4,1d6+4,3.0,A
1950,47,16,7,4,1d12+4,1d8+4,49,17,7,3,1d10+4,1d8+4,4.0,B
1951,45,15,7,5,1d12+4,1d8+4,41,18,7,5,1d8+4,1d8+4,8.0,B
1952,48,18,7,3,1d12+4,1d8+4,41,15,7,5,1d12+4,1d6+4,9.0,B
1953,44,14,7,5,1d12+4,1d6+4,33,18,7,3,1d12+4,1d8+4,6.0,B
1954,42,18,7,5,1d10+4,1d6+4,41,15,7,4,1d8+4,1d6+4,5.0,A
1955,37,17,7,3,1d8+4,1d6+4,34,15,7,4,1d10+4,1d8+4,9.0,B
1956,37,18,7,5,1d8+4,1d8+4,46,16,7,3,1d12+4,1d6+4,10.0,A
1957,47,18,7,4,1d12+4,1d8+4,41,16,7,4,1d12+4,1d8+4,4.0,A
1958,49,14,7,5,1d8+4,1d8+4,38,17,7,5,1d8+4,1d6+4,1.0,B
1959,39,17,7,3,1d8+4,1d6+4,38,16,7,3,1d10+4,1d8+4,2.0,A
1960,45,18,7,3,1d10+4,1d6+4,48,16,7,3,1d8+4,1d8+4,4.0,B
1961,37,17,7,3,1d12+4,1d8+4,36,15,7,3,1d8+4,1d6+4,1.0,A
1962,46,14,7,5,1d10+4,1d8+4,41,16,7,5,1d8+4,1d8+4,10.0,B
1963,49,14,7,5,1d10+4,1d8+4,31,14,7,3,1d12+4,1d8+4,1.0,A
1964,44,18,7,5,1d12+4,1d6+4,48,17,7,4,1d12+4,1d8+4,6.0,A
1965,45,16,7,3,1d12+4,1d8+4,38,17,7,3,1d12+4,1d6+4,3.0,A
1966,45,18,7,5,1d12+4,1d6+4,30,17,7,3,1d12+4,1d8+4,7.0,A
1967,38,14,7,3,1d12+4,1d8+4,38,18,7,3,1d10+4,1d8+4,7.0,A
1968,43,15,7,5,1d12+4,1d6+4,33,16,7,3,1d12+4,1d8+4,2.0,A
1969,35,14,7,4,1d12+4,1d8+4,36,17,7,3,1d12+4,1d6+4,8.0,A
1970,48,14,7,4,1d8+4,1d6+4,31,17,7,3,1d12+4,1d8+4,3.0,A
1971,35,17,7,3,1d8+4,1d6+4,44,18,7,4,1d12+4,1d8+4,9.0,B
1972,44,17,7,5,1d10+4,1d8+4,32,17,7,5,1d12+4,1d8+4,1.0,A
1973,30,18,7,3,1d12+4,1d8+4,43,18,7,5,1d10+4,1d8+4,6.0,B
1974,30,15,7,5,1d12+4,1d6+4,50,14,7,5,1d8+4,1d8+4,6.0,A
1975,39,14,7,5,1d12+4,1d6+4,43,17,7,3,1d10+4,1d8+4,2.0,A
1976,43,17,7,4,1d8+4,1d6+4,33,14,7,3,1d8+4,1d6+4,9.0,A
1977,30,16,7,4,1d10+4,1d6+4,40,14,7,4,1d12+4,1d8+4,10.0,A
1978,31,17,7,4,1d10+4,1d6+4,37,14,7,5,1d12+4,1d8+4,9.0,B
1979,49,17,7,4,1d12+4,1d6+4,32,16,7,3,1d8+4,1d6+4,4.0,A
1980,34,14,7,5,1d10+4,1d6+4,41,15,7,3,1d8+4,1d6+4,0.0,A
1981,48,14,7,5,1d10+4,1d8+4,42,18,7,4,1d8+4,1d6+4,10.0,B
1982,38,18,7,5,1d8+4,1d8+4,50,15,7,3,1d8+4,1d6+4,1.0,B
1983,48,14,7,5,1d10+4,1d6+4,38,17,7,3,1d8+4,1d8+4,0.0,B
1984,44,17,7,3,1d10+4,1d8+4,48,14,7,4,1d12+4,1d8+4,0.0,A
1985,38,15,7,3,1d8+4,1d8+4,36,18,7,3,1d10+4,1d6+4,6.0,B
1986,43,14,7,5,1d10+4,1d6+4,42,16,7,3,1d10+4,1d8+4,10.0,B
1987,35,18,7,5,1d8+4,1d6+4,49,18,7,5,1d10+4,1d8+4,7.0,B
1988,45,17,7,4,1d8+4,1d8+4,30,18,7,5,1d12+4,1d6+4,4.0,A
1989,37,17,7,3,1d8+4,1d8+4,36,17,7,3,1d10+4,1d8+4,0.0,B
1990,40,16,7,4,1d10+4,1d6+4,37,17,7,3,1d12+4,1d8+4,9.0,B
1991,44,14,7,5,1d10+4,1d8+4,40,14,7,3,1d12+4,1d6+4,1.0,A
1992,38,16,7,4,1d8+4,1d6+4,43,17,7,4,1d12+4,1d8+4,1.0,B
1993,48,15,7,5,1d8+4,1d8+4,39,18,7,3,1d10+4,1d8+4,2.0,A
1994,44,18,7,5,1d8+4,1d8+4,32,17,7,5,1d12+4,1d8+4,6.0,A
1995,50,17,7,4,1d12+4,1d6+4,33,17,7,3,1d8+4,1d6+4,8.0,A
1996,34,17,7,5,1d8+4,1d6+4,30,16,7,4,1d10+4,1d8+4,6.0,A
1997,46,16,7,4,1d10+4,1d6+4,41,16,7,4,1d8+4,1d8+4,0.0,B
1998,30,16,7,4,1d10+4,1d6+4,44,17,7,3,1d10+4,1d8+4,8.0,B
1999,34,18,7,4,1d10+4,1d8+4,42,17,7,5,1d12+4,1d6+4,10.0,A
2000,48,15,7,4,1d10+4,1d8+4,43,17,7,5,1d12+4,1d8+4,8.0,B
2001,48,17,7,4,1d8+4,1d8+4,31,18,7,5,1d8+4,1d8+4,2.0,B
2002,31,14,7,5,1d12+4,1d6+4,37,18,7,3,1d10+4,1d6+4,4.0,A
2003,36,14,7,3,1d12+4,1d6+4,44,16,7,5,1d8+4,1d6+4,10.0,A
2004,35,15,7,4,1d12+4,1d8+4,32,17,7,5,1d10+4,1d6+4,8.0,B
2005,37,15,7,3,1d10+4,1d8+4,38,15,7,4,1d8+4,1d6+4,3.0,A
2006,33,18,7,5,1d8+4,1d8+4,37,14,7,3,1d12+4,1d6+4,0.0,A
2007,40,18,7,5,1d10+4,1d6+4,48,17,7,3,1d10+4,1d8+4,9.0,B
2008,41,17,7,4,1d8+4,1d8+4,50,14,7,3,1d12+4,1d8+4,6.0,A
2009,43,14,7,5,1d8+4,1d6+4,33,15,7,3,1d10+4,1d8+4,1.0,B
2010,45,14,7,5,1d8+4,1d6+4,43,14,7,3,1d8+4,1d6+4,9.0,A
2011,37,16,7,4,1d10+4,1d6+4,40,14,7,5,1d10+4,1d8+4,9.0,B
2012,36,18,7,3,1d12+4,1d8+4,43,16,7,5,1d8+4,1d8+4,2.0,B
2013,39,17,7,4,1d12+4,1d8+4,33,18,7,5,1d8+4,1d6+4,10.0,A
2014,48,17,7,5,1d12+4,1d8+4,45,16,7,5,1d12+4,1d8+4,8.0,A
2015,30,18,7,4,1d10+4,1d8+4,43,17,7,4,1d8+4,1d8+4,8.0,B
2016,33,18,7,4,1d10+4,1d6+4,50,14,7,3,1d12+4,1d8+4,2.0,A
2017,45,17,7,4,1d10+4,1d8+4,41,16,7,3,1d12+4,1d6+4,6.0,A
2018,49,15,7,4,1d10+4,1d6+4,32,14,7,5,1d10+4,1d6+4,9.0,A
2019,34,17,7,5,1d8+4,1d6+4,31,15,7,4,1d8+4,1d6+4,1.0,A
2020,48,14,7,4,1d12+4,1d6+4,45,18,7,3,1d8+4,1d8+4,4.0,B
2021,45,16,7,5,1d10+4,1d6+4,33,14,7,4,1d12+4,1d6+4,9.0,A
2022,41,14,7,5,1d10+4,1d8+4,31,14,7,5,1d12+4,1d8+4,8.0,B
2023,34,18,7,4,1d12+4,1d8+4,31,14,7,3,1d10+4,1d6+4,6.0,A
2024,47,16,7,4,1d8+4,1d6+4,30,17,7,5,1d8+4,1d8+4,5.0,A
2025,36,14,7,3,1d10+4,1d6+4,32,16,7,5,1d10+4,1d6+4,1.0,B
2026,41,15,7,4,1d8+4,1d8+4,33,16,7,5,1d8+4,1d6+4,10.0,A
2027,45,14,7,3,1d10+4,1d6+4,39,14,7,3,1d8+4,1d8+4,7.0,A
2028,34,16,7,5,1d12+4,1d8+4,41,16,7,3,1d10+4,1d8+4,5.0,B
2029,39,16,7,5,1d12+4,1d8+4,42,16,7,4,1d10+4,1d6+4,4.0,A
2030,40,14,7,5,1d8+4,1d8+4,50,15,7,4,1d10+4,1d8+4,1.0,B
2031,32,14,7,4,1d10+4,1d8+4,43,17,7,3,1d12+4,1d6+4,4.0,B
2032,48,16,7,4,1d8+4,1d6+4,39,18,7,4,1d12+4,1d8+4,8.0,A
2033,46,18,7,5,1d10+4,1d6+4,36,15,7,3,1d10+4,1d6+4,4.0,A
2034,49,18,7,4,1d10+4,1d6+4,30,14,7,4,1d10+4,1d8+4,10.0,A
2035,42,14,7,4,1d10+4,1d6+4,30,16,7,5,1d8+4,1d6+4,1.0,B
2036,37,17,7,5,1d10+4,1d8+4,30,17,7,3,1d12+4,1d6+4,2.0,B
2037,49,15,7,5,1d10+4,1d6+4,31,17,7,5,1d12+4,1d8+4,7.0,B
2038,49,17,7,5,1d12+4,1d8+4,30,14,7,5,1d12+4,1d6+4,7.0,B
2039,37,15,7,3,1d10+4,1d6+4,48,14,7,4,1d10+4,1d8+4,6.0,B
2040,39,17,7,4,1d12+4,1d8+4,32,14,7,5,1d8+4,1d6+4,0.0,A
2041,46,16,7,3,1d12+4,1d6+4,48,18,7,3,1d8+4,1d8+4,5.0,A
2042,30,17,7,3,1d10+4,1d6+4,35,14,7,5,1d12+4,1d6+4,4.0,A
2043,40,16,7,5,1d8+4,1d6+4,46,15,7,5,1d8+4,1d6+4,7.0,B
2044,45,18,7,3,1d8+4,1d8+4,47,15,7,5,1d10+4,1d8+4,2.0,A
2045,36,15,7,5,1d8+4,1d6+4,33,18,7,4,1d8+4,1d6+4,1.0,B
2046,49,16,7,5,1d8+4,1d8+4,31,18,7,4,1d12+4,1d6+4,0.0,B
2047,41,16,7,5,1d12+4,1d6+4,32,18,7,5,1d8+4,1d6+4,9.0,A
2048,50,18,7,4,1d12+4,1d6+4,40,14,7,3,1d12+4,1d8+4,4.0,A
2049,35,18,7,4,1d10+4,1d6+4,48,16,7,3,1d12+4,1d6+4,9.0,A
2050,39,15,7,4,1d10+4,1d6+4,45,15,7,3,1d12+4,1d8+4,10.0,A
2051,40,15,7,5,1d12+4,1d6+4,41,18,7,5,1d8+4,1d6+4,3.0,B
2052,38,16,7,3,1d8+4,1d6+4,30,17,7,4,1d12+4,1d6+4,6.0,A
2053,44,16,7,4,1d12+4,1d6+4,31,17,7,5,1d10+4,1d8+4,4.0,A
2054,35,14,7,3,1d12+4,1d8+4,33,16,7,3,1d12+4,1d8+4,10.0,B
2055,48,17,7,4,1d8+4,1d8+4,44,18,7,5,1d10+4,1d8+4,1.0,B
2056,40,15,7,3,1d8+4,1d8+4,31,15,7,5,1d10+4,1d6+4,3.0,A
2057,48,16,7,3,1d8+4,1d6+4,30,17,7,4,1d12+4,1d6+4,8.0,B
2058,34,15,7,5,1d12+4,1d6+4,41,18,7,3,1d12+4,1d6+4,4.0,B
2059,30,15,7,3,1d8+4,1d8+4,49,14,7,5,1d12+4,1d8+4,10.0,B
2060,33,14,7,5,1d8+4,1d8+4,35,14,7,5,1d8+4,1d6+4,2.0,B
2061,33,16,7,4,1d10+4,1d8+4,48,14,7,5,1d8+4,1d6+4,7.0,B
2062,45,15,7,3,1d10+4,1d8+4,41,18,7,4,1d8+4,1d8+4,0.0,A
2063,43,14,7,5,1d8+4,1d8+4,37,17,7,3,1d12+4,1d8+4,3.0,B
2064,48,15,7,5,1d8+4,1d8+4,30,17,7,3,1d10+4,1d6+4,8.0,A
2065,38,15,7,4,1d8+4,1d6+4,42,14,7,4,1d12+4,1d8+4,7.0,B
2066,47,18,7,4,1d12+4,1d6+4,38,14,7,3,1d8+4,1d6+4,6.0,A
2067,36,18,7,4,1d12+4,1d8+4,38,14,7,3,1d10+4,1d6+4,9.0,A
2068,42,18,7,4,1d12+4,1d6+4,50,17,7,4,1d10+4,1d6+4,0.0,A
2069,33,14,7,4,1d10+4,1d6+4,46,18,7,3,1d8+4,1d8+4,0.0,B
2070,45,15,7,3,1d12+4,1d6+4,44,15,7,4,1d12+4,1d6+4,2.0,A
2071,42,18,7,4,1d8+4,1d6+4,43,15,7,5,1d12+4,1d8+4,4.0,B
2072,31,18,7,4,1d8+4,1d8+4,50,18,7,5,1d10+4,1d8+4,5.0,A
2073,46,16,7,4,1d12+4,1d6+4,39,16,7,3,1d12+4,1d6+4,10.0,B
2074,44,17,7,4,1d8+4,1d6+4,39,16,7,4,1d10+4,1d8+4,1.0,A
2075,42,15,7,5,1d10+4,1d8+4,33,15,7,3,1d10+4,1d6+4,3.0,A
2076,47,17,7,4,1d12+4,1d8+4,41,15,7,3,1d12+4,1d8+4,0.0,B
2077,47,16,7,5,1d12+4,1d6+4,30,16,7,4,1d12+4,1d8+4,2.0,A
2078,35,18,7,4,1d12+4,1d6+4,33,15,7,5,1d12+4,1d6+4,9.0,A
2079,47,14,7,4,1d8+4,1d8+4,43,14,7,3,1d10+4,1d8+4,1.0,B
2080,41,18,7,5,1d12+4,1d8+4,42,17,7,3,1d12+4,1d6+4,7.0,A
2081,34,14,7,5,1d10+4,1d6+4,43,14,7,4,1d10+4,1d8+4,5.0,A
2082,49,16,7,3,1d12+4,1d8+4,40,14,7,4,1d10+4,1d6+4,6.0,A
2083,38,17,7,3,1d12+4,1d6+4,46,15,7,4,1d10+4,1d6+4,7.0,A
2084,33,17,7,4,1d8+4,1d8+4,41,15,7,5,1d8+4,1d6+4,5.0,A
2085,40,18,7,4,1d8+4,1d6+4,43,18,7,5,1d10+4,1d6+4,5.0,B
2086,34,16,7,5,1d12+4,1d8+4,49,17,7,4,1d8+4,1d8+4,2.0,A
2087,39,15,7,5,1d8+4,1d8+4,31,16,7,5,1d8+4,1d8+4,10.0,A
2088,31,14,7,4,1d10+4,1d8+4,47,14,7,4,1d8+4,1d8+4,0.0,B
2089,43,16,7,4,1d8+4,1d8+4,38,18,7,5,1d10+4,1d8+4,2.0,A
2090,38,15,7,5,1d10+4,1d8+4,33,17,7,3,1d10+4,1d6+4,5.0,B
2091,31,15,7,5,1d10+4,1d8+4,44,14,7,4,1d10+4,1d6+4,4.0,B
2092,38,15,7,3,1d8+4,1d6+4,32,15,7,4,1d12+4,1d8+4,6.0,A
2093,39,18,7,5,1d12+4,1d6+4,49,14,7,3,1d10+4,1d8+4,4.0,B
2094,32,18,7,3,1d12+4,1d8+4,50,18,7,3,1d8+4,1d6+4,5.0,A
2095,35,14,7,5,1d12+4,1d8+4,49,17,7,4,1d12+4,1d6+4,10.0,A
2096,30,16,7,3,1d10+4,1d8+4,37,17,7,4,1d10+4,1d8+4,8.0,B
2097,30,18,7,4,1d10+4,1d8+4,44,16,7,5,1d10+4,1d8+4,5.0,A
2098,36,16,7,5,1d8+4,1d6+4,42,16,7,4,1d8+4,1d6+4,8.0,A
2099,44,14,7,3,1d12+4,1d8+4,34,17,7,4,1d12+4,1d8+4,5.0,A
2100,49,16,7,4,1d8+4,1d8+4,39,17,7,5,1d10+4,1d6+4,1.0,B
2101,37,15,7,5,1d10+4,1d8+4,40,14,7,4,1d12+4,1d8+4,10.0,A
2102,43,18,7,4,1d12+4,1d8+4,37,17,7,5,1d8+4,1d6+4,5.0,A
2103,40,16,7,5,1d12+4,1d6+4,45,16,7,5,1d8+4,1d6+4,5.0,B
2104,36,15,7,4,1d8+4,1d8+4,41,16,7,4,1d10+4,1d8+4,8.0,B
2105,30,16,7,3,1d12+4,1d8+4,35,17,7,3,1d12+4,1d6+4,9.0,A
2106,46,17,7,5,1d12+4,1d8+4,33,17,7,3,1d10+4,1d6+4,4.0,A
2107,35,15,7,4,1d12+4,1d6+4,30,18,7,5,1d10+4,1d6+4,6.0,A
2108,34,15,7,4,1d10+4,1d8+4,33,18,7,3,1d10+4,1d8+4,1.0,B
2109,34,15,7,4,1d12+4,1d6+4,36,14,7,3,1d12+4,1d6+4,10.0,A
2110,48,17,7,4,1d12+4,1d8+4,47,17,7,4,1d8+4,1d8+4,2.0,A
2111,40,14,7,5,1d12+4,1d8+4,43,17,7,5,1d10+4,1d8+4,3.0,B
2112,50,18,7,3,1d10+4,1d8+4,34,15,7,3,1d12+4,1d6+4,2.0,A
2113,46,15,7,3,1d10+4,1d8+4,42,14,7,3,1d12+4,1d6+4,0.0,A
2114,39,15,7,3,1d12+4,1d8+4,42,18,7,4,1d12+4,1d8+4,1.0,A
2115,46,15,7,3,1d12+4,1d6+4,33,18,7,3,1d10+4,1d6+4,0.0,B
2116,48,17,7,3,1d10+4,1d6+4,49,16,7,5,1d10+4,1d6+4,1.0,A
2117,33,18,7,5,1d8+4,1d6+4,47,17,7,4,1d10+4,1d6+4,0.0,A
2118,35,15,7,4,1d10+4,1d8+4,32,16,7,4,1d12+4,1d6+4,9.0,A
2119,30,18,7,5,1d12+4,1d8+4,31,16,7,3,1d12+4,1d6+4,9.0,A
2120,37,17,7,5,1d10+4,1d6+4,30,14,7,4,1d10+4,1d6+4,0.0,A
2121,35,16,7,4,1d10+4,1d6+4,35,17,7,4,1d12+4,1d6+4,4.0,B
2122,43,17,7,5,1d8+4,1d6+4,33,18,7,3,1d8+4,1d8+4,8.0,A
2123,35,18,7,4,1d12+4,1d8+4,50,18,7,5,1d12+4,1d8+4,4.0,A
2124,44,16,7,3,1d12+4,1d6+4,30,15,7,4,1d10+4,1d8+4,5.0,A
2125,30,17,7,3,1d8+4,1d6+4,32,17,7,4,1d10+4,1d8+4,10.0,B
2126,46,16,7,5,1d12+4,1d8+4,37,17,7,4,1d8+4,1d8+4,1.0,A
2127,47,14,7,5,1d10+4,1d8+4,49,17,7,4,1d12+4,1d8+4,1.0,B
2128,41,15,7,3,1d12+4,1d6+4,32,16,7,4,1d12+4,1d8+4,10.0,B
2129,39,14,7,4,1d10+4,1d8+4,42,16,7,3,1d10+4,1d8+4,9.0,A
2130,49,18,7,4,1d12+4,1d8+4,37,17,7,4,1d10+4,1d6+4,10.0,A
2131,39,16,7,5,1d12+4,1d8+4,45,15,7,3,1d12+4,1d6+4,3.0,B
2132,37,15,7,3,1d12+4,1d8+4,33,17,7,5,1d12+4,1d6+4,0.0,A
2133,35,14,7,5,1d8+4,1d6+4,31,17,7,3,1d12+4,1d6+4,10.0,A
2134,41,18,7,4,1d8+4,1d8+4,41,17,7,5,1d10+4,1d8+4,3.0,B
2135,35,17,7,3,1d12+4,1d6+4,48,18,7,5,1d12+4,1d6+4,7.0,B
2136,31,17,7,4,1d8+4,1d8+4,40,14,7,5,1d12+4,1d8+4,2.0,A
2137,37,17,7,4,1d8+4,1d6+4,37,17,7,3,1d8+4,1d6+4,3.0,B
2138,45,16,7,5,1d12+4,1d8+4,31,18,7,5,1d10+4,1d6+4,10.0,B
2139,31,15,7,4,1d10+4,1d8+4,47,14,7,4,1d8+4,1d8+4,2.0,A
2140,49,17,7,5,1d12+4,1d8+4,38,18,7,3,1d8+4,1d8+4,3.0,A
2141,33,16,7,3,1d8+4,1d8+4,43,14,7,4,1d10+4,1d6+4,6.0,A
2142,32,14,7,4,1d10+4,1d8+4,50,17,7,4,1d12+4,1d8+4,8.0,A
2143,43,14,7,3,1d8+4,1d6+4,47,15,7,5,1d12+4,1d8+4,7.0,B
2144,32,18,7,5,1d8+4,1d8+4,48,14,7,4,1d12+4,1d6+4,10.0,B
2145,45,16,7,3,1d12+4,1d6+4,39,15,7,4,1d10+4,1d6+4,7.0,A
2146,49,14,7,4,1d10+4,1d8+4,42,15,7,3,1d12+4,1d6+4,8.0,A
2147,44,18,7,5,1d8+4,1d8+4,43,18,7,5,1d10+4,1d8+4,7.0,A
2148,43,18,7,5,1d10+4,1d6+4,42,16,7,3,1d12+4,1d8+4,7.0,A
2149,41,18,7,3,1d12+4,1d6+4,30,14,7,4,1d10+4,1d8+4,4.0,B
2150,32,15,7,5,1d10+4,1d6+4,40,17,7,4,1d10+4,1d8+4,5.0,A
2151,36,14,7,5,1d12+4,1d6+4,44,17,7,4,1d12+4,1d6+4,8.0,B
2152,38,15,7,3,1d10+4,1d8+4,30,18,7,4,1d8+4,1d8+4,5.0,A
2153,37,16,7,5,1d10+4,1d6+4,50,18,7,3,1d8+4,1d6+4,4.0,B
2154,40,15,7,5,1d8+4,1d6+4,43,18,7,4,1d10+4,1d8+4,6.0,B
2155,50,16,7,5,1d12+4,1d8+4,49,18,7,3,1d10+4,1d6+4,9.0,B
2156,39,17,7,5,1d8+4,1d8+4,36,14,7,4,1d12+4,1d6+4,6.0,A
2157,32,15,7,4,1d10+4,1d6+4,41,14,7,5,1d12+4,1d8+4,6.0,A
2158,46,14,7,4,1d10+4,1d6+4,43,14,7,3,1d8+4,1d8+4,5.0,A
2159,31,15,7,5,1d8+4,1d6+4,47,18,7,5,1d8+4,1d8+4,0.0,A
2160,49,18,7,4,1d12+4,1d8+4,48,18,7,3,1d12+4,1d6+4,8.0,B
2161,47,15,7,4,1d8+4,1d8+4,34,18,7,3,1d10+4,1d8+4,10.0,A
2162,49,16,7,5,1d12+4,1d8+4,41,15,7,5,1d10+4,1d6+4,1.0,A
2163,33,15,7,5,1d10+4,1d8+4,43,18,7,5,1d12+4,1d6+4,10.0,A
2164,32,14,7,3,1d10+4,1d6+4,32,14,7,5,1d8+4,1d6+4,0.0,A
2165,33,15,7,3,1d8+4,1d8+4,50,17,7,5,1d12+4,1d6+4,3.0,B
2166,41,16,7,5,1d12+4,1d8+4,50,17,7,3,1d8+4,1d6+4,9.0,A
2167,49,18,7,4,1d10+4,1d8+4,33,17,7,4,1d12+4,1d8+4,5.0,A
2168,30,16,7,4,1d8+4,1d8+4,45,18,7,3,1d8+4,1d8+4,7.0,A
2169,37,14,7,4,1d12+4,1d8+4,30,15,7,3,1d8+4,1d6+4,1.0,A
2170,47,14,7,3,1d10+4,1d6+4,38,14,7,4,1d8+4,1d8+4,8.0,B
2171,30,18,7,4,1d8+4,1d6+4,40,14,7,3,1d10+4,1d6+4,1.0,A
2172,49,18,7,5,1d12+4,1d8+4,49,17,7,4,1d8+4,1d6+4,4.0,A
2173,42,15,7,3,1d12+4,1d6+4,34,14,7,4,1d10+4,1d8+4,5.0,A
2174,45,18,7,3,1d8+4,1d6+4,39,14,7,3,1d10+4,1d8+4,9.0,A
2175,38,14,7,4,1d10+4,1d6+4,47,18,7,4,1d12+4,1d6+4,0.0,B
2176,37,17,7,4,1d10+4,1d6+4,46,18,7,4,1d12+4,1d6+4,6.0,A
2177,34,17,7,5,1d12+4,1d8+4,45,17,7,3,1d8+4,1d8+4,8.0,B
2178,44,18,7,5,1d10+4,1d6+4,31,16,7,5,1d10+4,1d6+4,1.0,A
2179,46,17,7,4,1d8+4,1d8+4,45,14,7,4,1d12+4,1d6+4,1.0,A
2180,33,18,7,5,1d10+4,1d6+4,37,17,7,3,1d10+4,1d6+4,0.0,A
2181,32,17,7,5,1d10+4,1d8+4,43,16,7,3,1d10+4,1d8+4,2.0,A
2182,48,14,7,3,1d10+4,1d6+4,41,18,7,4,1d10+4,1d8+4,2.0,B
2183,31,16,7,5,1d10+4,1d6+4,42,15,7,3,1d12+4,1d6+4,7.0,A
2184,41,14,7,5,1d12+4,1d8+4,40,14,7,4,1d8+4,1d6+4,7.0,A
2185,49,17,7,3,1d8+4,1d8+4,40,15,7,5,1d12+4,1d6+4,7.0,B
2186,48,18,7,3,1d8+4,1d8+4,33,17,7,4,1d10+4,1d6+4,0.0,A
2187,30,16,7,5,1d12+4,1d8+4,41,16,7,4,1d12+4,1d8+4,5.0,B
2188,44,18,7,5,1d8+4,1d8+4,38,18,7,4,1d10+4,1d6+4,3.0,A
2189,48,14,7,5,1d10+4,1d8+4,40,15,7,4,1d10+4,1d8+4,1.0,B
2190,37,15,7,3,1d12+4,1d6+4,40,18,7,3,1d8+4,1d8+4,3.0,A
2191,48,16,7,5,1d8+4,1d8+4,45,15,7,4,1d8+4,1d8+4,9.0,B
2192,30,18,7,4,1d8+4,1d6+4,31,15,7,5,1d8+4,1d6+4,9.0,A
2193,47,16,7,3,1d8+4,1d6+4,49,14,7,5,1d10+4,1d8+4,1.0,B
2194,37,14,7,4,1d8+4,1d6+4,40,17,7,4,1d12+4,1d8+4,10.0,A
2195,32,16,7,5,1d12+4,1d6+4,34,14,7,5,1d12+4,1d8+4,7.0,A
2196,46,17,7,5,1d10+4,1d8+4,47,17,7,3,1d8+4,1d8+4,4.0,A
2197,40,17,7,3,1d8+4,1d8+4,30,14,7,3,1d10+4,1d8+4,2.0,B
2198,50,15,7,3,1d8+4,1d8+4,33,18,7,3,1d12+4,1d6+4,4.0,A
2199,36,18,7,3,1d10+4,1d8+4,39,15,7,3,1d12+4,1d8+4,9.0,A
2200,44,17,7,4,1d8+4,1d6+4,37,15,7,4,1d10+4,1d6+4,6.0,B
2201,32,17,7,5,1d10+4,1d8+4,39,16,7,3,1d12+4,1d8+4,3.0,B
2202,35,14,7,3,1d8+4,1d8+4,30,15,7,5,1d10+4,1d6+4,7.0,B
2203,41,16,7,4,1d10+4,1d6+4,46,16,7,5,1d10+4,1d6+4,6.0,B
2204,30,17,7,3,1d8+4,1d6+4,30,16,7,4,1d10+4,1d6+4,5.0,A
2205,32,18,7,5,1d12+4,1d6+4,40,17,7,3,1d8+4,1d6+4,4.0,A
2206,35,14,7,4,1d8+4,1d6+4,44,14,7,5,1d12+4,1d8+4,6.0,B
2207,37,15,7,3,1d8+4,1d8+4,34,14,7,4,1d12+4,1d6+4,1.0,A
2208,31,16,7,4,1d10+4,1d6+4,49,16,7,5,1d10+4,1d6+4,7.0,B
2209,46,18,7,3,1d12+4,1d8+4,38,17,7,3,1d8+4,1d6+4,9.0,A
2210,36,16,7,3,1d10+4,1d6+4,39,14,7,4,1d8+4,1d6+4,4.0,A
2211,47,15,7,5,1d8+4,1d8+4,38,18,7,3,1d12+4,1d8+4,5.0,B
2212,49,17,7,5,1d10+4,1d8+4,49,17,7,5,1d8+4,1d6+4,3.0,A
2213,40,18,7,3,1d12+4,1d8+4,39,17,7,4,1d12+4,1d6+4,7.0,B
2214,44,17,7,3,1d10+4,1d8+4,38,18,7,4,1d10+4,1d6+4,4.0,A
2215,35,15,7,4,1d12+4,1d8+4,47,15,7,4,1d12+4,1d6+4,4.0,B
2216,31,17,7,4,1d12+4,1d8+4,47,18,7,4,1d8+4,1d8+4,4.0,B
2217,42,18,7,5,1d8+4,1d6+4,31,14,7,4,1d10+4,1d8+4,1.0,A
2218,47,17,7,5,1d10+4,1d8+4,47,14,7,4,1d8+4,1d6+4,1.0,A
2219,32,18,7,5,1d12+4,1d8+4,47,14,7,5,1d12+4,1d6+4,2.0,B
2220,30,14,7,4,1d12+4,1d8+4,30,14,7,3,1d12+4,1d8+4,1.0,B
2221,35,17,7,5,1d10+4,1d6+4,36,14,7,4,1d8+4,1d8+4,6.0,A
2222,40,15,7,4,1d10+4,1d6+4,31,16,7,4,1d12+4,1d6+4,1.0,A
2223,35,14,7,3,1d12+4,1d8+4,30,17,7,5,1d8+4,1d6+4,4.0,B
2224,45,18,7,3,1d12+4,1d8+4,47,17,7,3,1d10+4,1d8+4,9.0,A
2225,40,16,7,3,1d12+4,1d8+4,39,18,7,4,1d12+4,1d8+4,0.0,B
2226,40,15,7,3,1d8+4,1d8+4,35,15,7,3,1d8+4,1d8+4,10.0,A
2227,45,14,7,3,1d8+4,1d6+4,47,15,7,5,1d12+4,1d6+4,7.0,A
2228,35,16,7,3,1d10+4,1d8+4,47,15,7,4,1d8+4,1d6+4,3.0,A
2229,31,18,7,4,1d10+4,1d6+4,39,15,7,4,1d12+4,1d6+4,6.0,A
2230,39,15,7,4,1d12+4,1d8+4,45,16,7,5,1d10+4,1d8+4,8.0,A
2231,31,18,7,5,1d10+4,1d6+4,38,15,7,5,1d12+4,1d8+4,8.0,B
2232,31,14,7,5,1d12+4,1d6+4,50,17,7,5,1d12+4,1d8+4,10.0,B
2233,36,18,7,3,1d8+4,1d6+4,46,18,7,5,1d12+4,1d6+4,3.0,B
2234,48,14,7,3,1d12+4,1d8+4,45,14,7,5,1d8+4,1d6+4,10.0,A
2235,42,18,7,4,1d8+4,1d8+4,48,14,7,5,1d8+4,1d6+4,2.0,A
2236,46,15,7,4,1d10+4,1d6+4,30,15,7,4,1d12+4,1d8+4,6.0,A
2237,32,17,7,4,1d10+4,1d6+4,41,17,7,5,1d12+4,1d8+4,8.0,A
2238,47,16,7,5,1d8+4,1d8+4,34,15,7,3,1d10+4,1d6+4,5.0,A
2239,31,14,7,3,1d12+4,1d6+4,30,14,7,3,1d8+4,1d6+4,5.0,B
2240,32,15,7,5,1d8+4,1d6+4,35,14,7,3,1d12+4,1d6+4,8.0,B
2241,35,16,7,4,1d12+4,1d6+4,50,16,7,3,1d12+4,1d8+4,10.0,A
2242,36,15,7,4,1d10+4,1d6+4,49,16,7,5,1d10+4,1d8+4,4.0,B
2243,36,14,7,4,1d12+4,1d8+4,31,16,7,4,1d12+4,1d8+4,9.0,A
2244,46,18,7,5,1d12+4,1d6+4,40,16,7,3,1d8+4,1d8+4,9.0,A
2245,39,16,7,3,1d12+4,1d6+4,35,16,7,3,1d8+4,1d8+4,5.0,A
2246,46,15,7,5,1d12+4,1d8+4,38,14,7,5,1d8+4,1d8+4,3.0,A
2247,33,16,7,3,1d8+4,1d6+4,48,16,7,3,1d12+4,1d6+4,3.0,B
2248,41,16,7,3,1d12+4,1d8+4,45,17,7,5,1d12+4,1d6+4,1.0,A
2249,37,15,7,4,1d10+4,1d6+4,34,18,7,5,1d8+4,1d8+4,8.0,B
2250,49,14,7,5,1d12+4,1d6+4,41,15,7,4,1d8+4,1d6+4,5.0,A
2251,49,18,7,5,1d12+4,1d8+4,49,18,7,3,1d10+4,1d8+4,3.0,B
2252,42,15,7,5,1d12+4,1d8+4,33,15,7,4,1d10+4,1d6+4,4.0,A
2253,38,18,7,4,1d12+4,1d6+4,50,17,7,4,1d12+4,1d6+4,2.0,B
2254,31,15,7,5,1d10+4,1d6+4,30,15,7,4,1d12+4,1d6+4,4.0,B
2255,37,17,7,4,1d8+4,1d8+4,31,14,7,3,1d10+4,1d6+4,4.0,A
2256,46,18,7,4,1d8+4,1d8+4,34,15,7,3,1d8+4,1d8+4,2.0,B
2257,45,16,7,3,1d10+4,1d8+4,49,17,7,4,1d10+4,1d6+4,6.0,A
2258,35,15,7,3,1d8+4,1d6+4,31,15,7,3,1d10+4,1d8+4,4.0,B
2259,38,14,7,3,1d12+4,1d6+4,30,17,7,5,1d12+4,1d8+4,9.0,B
2260,43,17,7,5,1d12+4,1d8+4,47,14,7,3,1d10+4,1d8+4,4.0,A
2261,41,16,7,4,1d12+4,1d6+4,40,14,7,5,1d8+4,1d6+4,3.0,A
2262,44,18,7,4,1d10+4,1d6+4,31,17,7,4,1d10+4,1d6+4,1.0,A
2263,31,18,7,5,1d12+4,1d6+4,42,18,7,3,1d8+4,1d6+4,7.0,B
2264,35,15,7,5,1d10+4,1d6+4,46,16,7,4,1d8+4,1d8+4,10.0,A
2265,35,17,7,4,1d8+4,1d8+4,37,14,7,4,1d10+4,1d6+4,0.0,B
2266,33,17,7,5,1d12+4,1d6+4,39,15,7,4,1d12+4,1d6+4,6.0,B
2267,35,14,7,3,1d8+4,1d8+4,32,18,7,5,1d10+4,1d6+4,0.0,B
2268,48,14,7,3,1d12+4,1d8+4,38,16,7,5,1d12+4,1d8+4,7.0,B
2269,34,17,7,4,1d8+4,1d6+4,49,17,7,5,1d10+4,1d6+4,0.0,B
2270,32,15,7,5,1d10+4,1d8+4,32,15,7,4,1d8+4,1d8+4,10.0,A
2271,32,15,7,3,1d12+4,1d8+4,48,17,7,4,1d8+4,1d8+4,3.0,A
2272,45,15,7,4,1d8+4,1d6+4,45,16,7,4,1d8+4,1d6+4,7.0,A
2273,40,16,7,3,1d8+4,1d8+4,34,17,7,3,1d10+4,1d6+4,1.0,A
2274,48,14,7,3,1d8+4,1d6+4,47,16,7,5,1d10+4,1d6+4,1.0,B
2275,33,18,7,4,1d10+4,1d8+4,33,18,7,3,1d10+4,1d6+4,4.0,A
2276,34,15,7,4,1d10+4,1d8+4,34,18,7,3,1d10+4,1d6+4,5.0,A
2277,41,17,7,3,1d8+4,1d6+4,37,15,7,3,1d8+4,1d8+4,8.0,B
2278,36,18,7,4,1d8+4,1d6+4,45,17,7,3,1d10+4,1d8+4,1.0,B
2279,48,14,7,3,1d12+4,1d6+4,40,16,7,4,1d10+4,1d6+4,6.0,B
2280,46,17,7,4,1d10+4,1d8+4,45,15,7,3,1d12+4,1d8+4,3.0,A
2281,46,15,7,5,1d10+4,1d8+4,39,14,7,4,1d8+4,1d6+4,7.0,A
2282,30,14,7,5,1d8+4,1d8+4,32,14,7,5,1d12+4,1d8+4,7.0,A
2283,33,18,7,3,1d8+4,1d6+4,36,17,7,4,1d8+4,1d6+4,7.0,A
2284,30,14,7,3,1d10+4,1d8+4,44,17,7,3,1d8+4,1d8+4,3.0,B
2285,30,15,7,5,1d10+4,1d8+4,42,17,7,5,1d10+4,1d8+4,10.0,B
2286,30,15,7,5,1d8+4,1d8+4,42,17,7,3,1d8+4,1d6+4,5.0,B
2287,50,16,7,4,1d12+4,1d6+4,45,15,7,4,1d10+4,1d8+4,7.0,B
2288,44,15,7,3,1d12+4,1d8+4,41,16,7,3,1d10+4,1d8+4,4.0,A
2289,36,16,7,3,1d12+4,1d6+4,38,16,7,4,1d10+4,1d8+4,3.0,B
2290,40,15,7,4,1d10+4,1d8+4,38,17,7,4,1d10+4,1d6+4,6.0,B
2291,47,16,7,3,1d10+4,1d6+4,46,15,7,4,1d10+4,1d6+4,10.0,A
2292,34,14,7,3,1d8+4,1d8+4,39,15,7,5,1d10+4,1d6+4,0.0,A
2293,36,18,7,5,1d12+4,1d6+4,32,18,7,4,1d10+4,1d6+4,9.0,A
2294,50,18,7,4,1d12+4,1d6+4,40,17,7,3,1d8+4,1d6+4,8.0,A
2295,42,16,7,4,1d10+4,1d8+4,48,16,7,3,1d12+4,1d6+4,1.0,B
2296,34,14,7,4,1d10+4,1d8+4,39,14,7,5,1d12+4,1d6+4,1.0,A
2297,50,17,7,4,1d10+4,1d6+4,43,15,7,4,1d12+4,1d8+4,9.0,B
2298,33,15,7,3,1d10+4,1d6+4,31,14,7,5,1d8+4,1d8+4,1.0,B
2299,46,15,7,5,1d8+4,1d8+4,41,14,7,4,1d10+4,1d6+4,0.0,A
2300,30,15,7,5,1d10+4,1d6+4,47,18,7,3,1d12+4,1d6+4,9.0,B
2301,39,17,7,4,1d10+4,1d8+4,34,17,7,3,1d8+4,1d6+4,1.0,A
2302,35,16,7,5,1d8+4,1d8+4,36,17,7,3,1d10+4,1d8+4,9.0,A
2303,39,16,7,3,1d10+4,1d6+4,30,16,7,5,1d12+4,1d8+4,10.0,B
2304,46,14,7,4,1d10+4,1d6+4,45,15,7,5,1d12+4,1d6+4,4.0,A
2305,32,14,7,3,1d12+4,1d6+4,32,15,7,3,1d8+4,1d8+4,0.0,A
2306,48,18,7,3,1d12+4,1d6+4,36,18,7,4,1d12+4,1d6+4,7.0,B
2307,40,16,7,3,1d10+4,1d6+4,38,17,7,5,1d8+4,1d6+4,9.0,B
2308,44,18,7,4,1d10+4,1d6+4,32,16,7,5,1d10+4,1d6+4,5.0,A
2309,41,18,7,3,1d10+4,1d8+4,38,17,7,5,1d12+4,1d6+4,1.0,A
2310,47,18,7,5,1d12+4,1d8+4,31,18,7,4,1d10+4,1d6+4,3.0,A
2311,37,14,7,5,1d12+4,1d8+4,34,17,7,3,1d10+4,1d6+4,3.0,A
2312,42,17,7,4,1d10+4,1d8+4,38,18,7,4,1d10+4,1d6+4,10.0,A
2313,32,15,7,5,1d12+4,1d8+4,41,16,7,4,1d12+4,1d6+4,1.0,A
2314,43,17,7,5,1d8+4,1d8+4,38,17,7,4,1d8+4,1d8+4,3.0,A
2315,40,16,7,3,1d8+4,1d6+4,35,14,7,4,1d10+4,1d8+4,9.0,A
2316,43,16,7,3,1d8+4,1d8+4,42,18,7,4,1d8+4,1d8+4,4.0,B
2317,37,16,7,4,1d12+4,1d8+4,33,17,7,4,1d10+4,1d8+4,8.0,B
2318,38,14,7,3,1d10+4,1d6+4,32,16,7,3,1d8+4,1d8+4,1.0,A
2319,46,16,7,4,1d10+4,1d8+4,38,16,7,3,1d8+4,1d6+4,6.0,B
2320,45,18,7,5,1d8+4,1d8+4,48,17,7,3,1d10+4,1d8+4,8.0,A
2321,31,17,7,4,1d10+4,1d8+4,30,18,7,5,1d8+4,1d6+4,7.0,A
2322,33,14,7,4,1d10+4,1d8+4,31,17,7,4,1d8+4,1d6+4,0.0,B
2323,32,18,7,3,1d10+4,1d6+4,37,17,7,3,1d12+4,1d6+4,0.0,A
2324,48,18,7,3,1d12+4,1d6+4,36,15,7,4,1d8+4,1d6+4,9.0,A
2325,35,18,7,4,1d10+4,1d6+4,44,15,7,5,1d10+4,1d8+4,3.0,B
2326,35,16,7,5,1d10+4,1d6+4,35,17,7,4,1d8+4,1d8+4,4.0,B
2327,45,17,7,5,1d12+4,1d6+4,43,17,7,4,1d8+4,1d6+4,2.0,A
2328,48,16,7,5,1d12+4,1d6+4,39,14,7,5,1d12+4,1d8+4,1.0,A
2329,46,18,7,5,1d12+4,1d6+4,39,15,7,3,1d8+4,1d6+4,2.0,A
2330,32,16,7,5,1d12+4,1d6+4,44,14,7,4,1d12+4,1d8+4,10.0,B
2331,33,14,7,4,1d8+4,1d6+4,31,17,7,4,1d10+4,1d8+4,8.0,A
2332,41,16,7,3,1d10+4,1d6+4,46,14,7,4,1d12+4,1d6+4,1.0,B
2333,38,16,7,4,1d8+4,1d8+4,50,14,7,4,1d12+4,1d6+4,6.0,A
2334,45,14,7,3,1d12+4,1d8+4,47,15,7,3,1d12+4,1d6+4,0.0,A
2335,48,18,7,4,1d12+4,1d8+4,43,16,7,3,1d10+4,1d6+4,9.0,B
2336,32,15,7,5,1d12+4,1d8+4,32,14,7,3,1d10+4,1d6+4,1.0,A
2337,33,17,7,4,1d8+4,1d8+4,38,15,7,4,1d8+4,1d8+4,6.0,B
2338,35,16,7,3,1d10+4,1d6+4,34,15,7,5,1d8+4,1d8+4,5.0,A
2339,32,17,7,4,1d8+4,1d6+4,46,14,7,3,1d10+4,1d8+4,6.0,A
2340,47,18,7,3,1d12+4,1d6+4,45,17,7,3,1d12+4,1d6+4,2.0,A
2341,44,17,7,3,1d8+4,1d6+4,43,14,7,3,1d12+4,1d6+4,2.0,A
2342,47,16,7,3,1d8+4,1d8+4,30,18,7,5,1d10+4,1d8+4,2.0,A
2343,40,16,7,5,1d10+4,1d8+4,38,14,7,4,1d12+4,1d8+4,6.0,A
2344,48,16,7,4,1d10+4,1d8+4,45,14,7,5,1d12+4,1d8+4,5.0,A
2345,31,15,7,4,1d8+4,1d8+4,34,18,7,3,1d10+4,1d8+4,9.0,B
2346,44,18,7,5,1d12+4,1d8+4,41,17,7,3,1d8+4,1d8+4,3.0,A
2347,50,15,7,4,1d12+4,1d6+4,39,18,7,5,1d8+4,1d8+4,0.0,A
2348,37,17,7,3,1d12+4,1d6+4,43,16,7,5,1d8+4,1d6+4,1.0,A
2349,33,15,7,3,1d10+4,1d8+4,40,17,7,4,1d12+4,1d8+4,9.0,B
2350,37,14,7,3,1d12+4,1d8+4,48,16,7,5,1d12+4,1d6+4,3.0,B
2351,36,16,7,3,1d8+4,1d6+4,49,14,7,3,1d10+4,1d8+4,9.0,A
2352,31,17,7,3,1d10+4,1d6+4,49,14,7,3,1d8+4,1d6+4,8.0,A
2353,31,18,7,4,1d8+4,1d8+4,36,18,7,5,1d8+4,1d6+4,9.0,A
2354,35,18,7,3,1d8+4,1d8+4,49,17,7,3,1d12+4,1d6+4,10.0,B
2355,41,17,7,3,1d10+4,1d6+4,50,16,7,4,1d12+4,1d6+4,8.0,A
2356,44,18,7,4,1d10+4,1d6+4,50,15,7,3,1d8+4,1d6+4,8.0,A
2357,34,14,7,5,1d8+4,1d6+4,39,15,7,3,1d8+4,1d8+4,8.0,B
2358,39,16,7,5,1d8+4,1d8+4,47,18,7,4,1d8+4,1d6+4,6.0,A
2359,42,18,7,5,1d10+4,1d8+4,39,17,7,3,1d8+4,1d6+4,7.0,B
2360,34,15,7,3,1d12+4,1d8+4,40,16,7,5,1d8+4,1d8+4,6.0,A
2361,48,18,7,5,1d8+4,1d8+4,39,15,7,3,1d10+4,1d8+4,9.0,A
2362,50,16,7,5,1d10+4,1d6+4,37,15,7,5,1d12+4,1d6+4,10.0,A
2363,33,17,7,5,1d10+4,1d8+4,43,18,7,5,1d10+4,1d8+4,7.0,A
2364,37,16,7,3,1d10+4,1d6+4,30,16,7,3,1d10+4,1d8+4,6.0,A
2365,46,17,7,4,1d12+4,1d8+4,37,18,7,3,1d12+4,1d6+4,4.0,B
2366,40,18,7,5,1d8+4,1d6+4,33,15,7,4,1d8+4,1d6+4,1.0,A
2367,41,14,7,4,1d12+4,1d6+4,32,16,7,3,1d8+4,1d8+4,2.0,B
2368,46,17,7,5,1d8+4,1d8+4,49,16,7,3,1d10+4,1d8+4,7.0,B
2369,50,15,7,3,1d12+4,1d6+4,43,18,7,5,1d8+4,1d8+4,3.0,B
2370,45,15,7,3,1d8+4,1d8+4,47,14,7,3,1d10+4,1d6+4,4.0,B
2371,45,18,7,4,1d10+4,1d6+4,34,18,7,3,1d10+4,1d6+4,6.0,A
2372,45,14,7,4,1d8+4,1d6+4,34,16,7,5,1d8+4,1d6+4,1.0,A
2373,43,16,7,4,1d10+4,1d8+4,44,16,7,5,1d12+4,1d8+4,7.0,B
2374,48,14,7,3,1d10+4,1d6+4,43,17,7,4,1d10+4,1d8+4,10.0,A
2375,34,15,7,4,1d8+4,1d8+4,34,16,7,4,1d8+4,1d6+4,6.0,A
2376,42,15,7,3,1d10+4,1d6+4,31,15,7,3,1d10+4,1d6+4,2.0,A
2377,32,15,7,4,1d12+4,1d8+4,31,18,7,4,1d10+4,1d6+4,4.0,B
2378,46,18,7,3,1d8+4,1d8+4,35,14,7,4,1d8+4,1d6+4,2.0,A
2379,45,14,7,3,1d12+4,1d6+4,41,16,7,4,1d8+4,1d8+4,2.0,B
2380,37,15,7,3,1d8+4,1d8+4,31,17,7,5,1d10+4,1d8+4,4.0,B
2381,36,14,7,3,1d10+4,1d8+4,36,18,7,3,1d8+4,1d6+4,1.0,B
2382,39,14,7,4,1d12+4,1d6+4,49,17,7,5,1d12+4,1d6+4,3.0,B
2383,46,15,7,4,1d8+4,1d6+4,46,14,7,5,1d12+4,1d6+4,9.0,B
2384,50,14,7,5,1d12+4,1d8+4,43,16,7,4,1d10+4,1d6+4,0.0,A
2385,33,15,7,3,1d12+4,1d6+4,49,14,7,4,1d12+4,1d8+4,10.0,A
2386,38,15,7,4,1d8+4,1d6+4,38,18,7,4,1d8+4,1d6+4,8.0,A
2387,31,16,7,3,1d8+4,1d6+4,46,14,7,3,1d12+4,1d6+4,9.0,B
2388,43,14,7,4,1d10+4,1d6+4,33,16,7,3,1d12+4,1d6+4,8.0,A
2389,33,15,7,3,1d8+4,1d8+4,35,15,7,3,1d12+4,1d8+4,1.0,B
2390,47,15,7,4,1d10+4,1d6+4,47,15,7,4,1d12+4,1d6+4,7.0,B
2391,46,15,7,3,1d10+4,1d6+4,33,15,7,3,1d12+4,1d6+4,7.0,A
2392,41,14,7,4,1d10+4,1d8+4,41,14,7,5,1d10+4,1d8+4,4.0,B
2393,50,17,7,5,1d10+4,1d6+4,39,15,7,3,1d12+4,1d8+4,3.0,A
2394,37,16,7,3,1d8+4,1d8+4,35,16,7,5,1d10+4,1d8+4,10.0,A
2395,41,16,7,4,1d10+4,1d8+4,45,15,7,4,1d12+4,1d6+4,8.0,A
2396,46,18,7,3,1d8+4,1d6+4,40,14,7,4,1d12+4,1d8+4,1.0,A
2397,32,14,7,3,1d10+4,1d8+4,47,14,7,4,1d10+4,1d6+4,9.0,B
2398,48,17,7,5,1d8+4,1d6+4,41,16,7,5,1d10+4,1d6+4,2.0,B
2399,44,18,7,3,1d10+4,1d6+4,49,14,7,3,1d8+4,1d8+4,8.0,A
2400,43,16,7,4,1d8+4,1d6+4,35,18,7,5,1d12+4,1d6+4,2.0,A
2401,48,16,7,5,1d8+4,1d6+4,30,15,7,5,1d10+4,1d8+4,4.0,A
2402,42,15,7,4,1d12+4,1d8+4,34,14,7,3,1d12+4,1d6+4,10.0,B
2403,31,18,7,4,1d10+4,1d8+4,45,14,7,3,1d10+4,1d6+4,9.0,B
2404,33,18,7,4,1d12+4,1d8+4,32,14,7,5,1d8+4,1d8+4,10.0,A
2405,49,18,7,4,1d8+4,1d8+4,36,18,7,3,1d12+4,1d8+4,0.0,A
2406,50,16,7,3,1d8+4,1d8+4,31,15,7,3,1d10+4,1d6+4,8.0,A
2407,38,18,7,5,1d12+4,1d8+4,49,16,7,4,1d10+4,1d8+4,8.0,A
2408,31,15,7,3,1d8+4,1d8+4,41,16,7,3,1d12+4,1d6+4,8.0,B
2409,31,17,7,5,1d8+4,1d6+4,33,15,7,3,1d10+4,1d6+4,1.0,B
2410,31,17,7,5,1d8+4,1d6+4,50,16,7,5,1d12+4,1d6+4,4.0,B
2411,33,15,7,5,1d8+4,1d6+4,41,18,7,5,1d8+4,1d8+4,2.0,B
2412,46,17,7,3,1d8+4,1d8+4,35,17,7,5,1d10+4,1d8+4,8.0,B
2413,45,18,7,5,1d8+4,1d6+4,32,16,7,4,1d10+4,1d6+4,3.0,A
2414,47,14,7,4,1d10+4,1d8+4,47,15,7,3,1d10+4,1d6+4,4.0,B
2415,40,16,7,4,1d12+4,1d8+4,41,14,7,4,1d12+4,1d6+4,8.0,A
2416,36,16,7,3,1d8+4,1d8+4,35,14,7,4,1d8+4,1d8+4,0.0,A
2417,45,15,7,4,1d12+4,1d6+4,40,15,7,5,1d10+4,1d8+4,7.0,A
2418,46,17,7,3,1d10+4,1d8+4,33,17,7,4,1d12+4,1d6+4,9.0,A
2419,50,16,7,4,1d12+4,1d6+4,30,14,7,5,1d10+4,1d6+4,9.0,A
2420,44,17,7,3,1d10+4,1d8+4,35,14,7,5,1d12+4,1d8+4,7.0,B
2421,43,15,7,3,1d10+4,1d6+4,43,14,7,4,1d12+4,1d6+4,4.0,A
2422,45,17,7,5,1d12+4,1d8+4,41,17,7,5,1d12+4,1d6+4,8.0,A
2423,48,16,7,3,1d10+4,1d8+4,34,17,7,5,1d12+4,1d8+4,8.0,A
2424,36,15,7,5,1d12+4,1d8+4,40,16,7,3,1d8+4,1d6+4,3.0,A
2425,35,18,7,3,1d12+4,1d6+4,33,14,7,3,1d10+4,1d6+4,0.0,A
2426,40,15,7,5,1d10+4,1d6+4,43,17,7,4,1d10+4,1d8+4,1.0,B
2427,38,17,7,3,1d12+4,1d6+4,34,16,7,3,1d12+4,1d6+4,5.0,A
2428,50,15,7,5,1d8+4,1d6+4,49,14,7,4,1d8+4,1d6+4,0.0,B
2429,41,16,7,5,1d12+4,1d8+4,49,15,7,4,1d10+4,1d8+4,8.0,A
2430,45,18,7,5,1d8+4,1d8+4,38,14,7,3,1d8+4,1d6+4,7.0,A
2431,50,15,7,4,1d8+4,1d8+4,35,18,7,5,1d10+4,1d6+4,7.0,A
2432,38,16,7,4,1d12+4,1d6+4,42,15,7,3,1d8+4,1d8+4,4.0,B
2433,40,14,7,3,1d8+4,1d8+4,40,16,7,4,1d10+4,1d8+4,0.0,A
2434,42,14,7,3,1d12+4,1d6+4,45,16,7,4,1d12+4,1d6+4,0.0,A
2435,41,18,7,4,1d10+4,1d8+4,46,18,7,4,1d12+4,1d8+4,2.0,A
2436,34,17,7,3,1d10+4,1d8+4,33,18,7,5,1d8+4,1d6+4,6.0,B
2437,38,14,7,5,1d8+4,1d6+4,46,16,7,5,1d8+4,1d6+4,2.0,B
2438,30,14,7,5,1d12+4,1d6+4,48,15,7,5,1d10+4,1d6+4,7.0,B
2439,36,14,7,4,1d8+4,1d6+4,41,16,7,4,1d10+4,1d8+4,1.0,A
2440,37,17,7,5,1d12+4,1d8+4,33,18,7,5,1d12+4,1d6+4,7.0,A
2441,32,17,7,3,1d12+4,1d8+4,48,16,7,3,1d12+4,1d8+4,7.0,B
2442,36,16,7,5,1d8+4,1d8+4,37,18,7,3,1d10+4,1d8+4,5.0,B
2443,32,14,7,3,1d12+4,1d8+4,32,18,7,5,1d10+4,1d6+4,5.0,A
2444,36,17,7,4,1d10+4,1d6+4,47,16,7,4,1d12+4,1d8+4,4.0,B
2445,42,15,7,4,1d8+4,1d8+4,38,16,7,5,1d10+4,1d6+4,2.0,A
2446,33,18,7,5,1d10+4,1d8+4,37,15,7,3,1d10+4,1d6+4,0.0,B
2447,39,16,7,4,1d12+4,1d8+4,38,14,7,3,1d8+4,1d6+4,3.0,A
2448,39,18,7,5,1d8+4,1d8+4,34,17,7,4,1d12+4,1d8+4,7.0,A
2449,47,18,7,4,1d10+4,1d6+4,31,18,7,4,1d8+4,1d8+4,8.0,A
2450,41,14,7,5,1d12+4,1d6+4,47,17,7,5,1d12+4,1d8+4,0.0,A
2451,50,18,7,3,1d8+4,1d6+4,30,15,7,5,1d8+4,1d6+4,10.0,A
2452,49,14,7,5,1d10+4,1d6+4,36,15,7,4,1d12+4,1d8+4,8.0,A
2453,38,17,7,4,1d12+4,1d6+4,46,16,7,4,1d10+4,1d8+4,3.0,B
2454,49,15,7,4,1d8+4,1d6+4,47,18,7,3,1d12+4,1d6+4,7.0,A
2455,30,15,7,4,1d8+4,1d6+4,39,14,7,5,1d8+4,1d8+4,7.0,B
2456,44,15,7,5,1d8+4,1d6+4,37,14,7,5,1d10+4,1d8+4,5.0,A
2457,40,14,7,4,1d12+4,1d8+4,36,17,7,3,1d10+4,1d8+4,3.0,B
2458,47,18,7,4,1d8+4,1d8+4,50,18,7,4,1d10+4,1d8+4,5.0,B
2459,41,17,7,3,1d12+4,1d8+4,49,17,7,5,1d12+4,1d6+4,8.0,B
2460,45,15,7,5,1d12+4,1d6+4,49,16,7,5,1d10+4,1d6+4,0.0,B
2461,38,17,7,3,1d10+4,1d8+4,34,18,7,4,1d8+4,1d8+4,0.0,A
2462,40,17,7,3,1d8+4,1d8+4,42,14,7,5,1d10+4,1d8+4,1.0,A
2463,36,17,7,5,1d8+4,1d8+4,35,17,7,4,1d10+4,1d8+4,9.0,A
2464,45,16,7,4,1d12+4,1d6+4,37,18,7,3,1d12+4,1d8+4,2.0,A
2465,44,14,7,5,1d12+4,1d6+4,44,14,7,5,1d8+4,1d6+4,5.0,A
2466,34,17,7,5,1d12+4,1d8+4,33,16,7,5,1d12+4,1d8+4,3.0,B
2467,37,15,7,5,1d12+4,1d6+4,33,18,7,5,1d12+4,1d8+4,6.0,B
2468,36,15,7,4,1d10+4,1d6+4,41,14,7,3,1d8+4,1d6+4,8.0,A
2469,34,16,7,3,1d12+4,1d6+4,46,17,7,3,1d12+4,1d8+4,9.0,A
2470,37,17,7,3,1d10+4,1d6+4,39,17,7,5,1d10+4,1d6+4,0.0,A
2471,44,17,7,5,1d12+4,1d8+4,30,17,7,5,1d12+4,1d8+4,1.0,B
2472,37,16,7,3,1d12+4,1d8+4,42,14,7,5,1d10+4,1d6+4,7.0,A
2473,30,17,7,5,1d10+4,1d8+4,32,14,7,3,1d12+4,1d6+4,7.0,B
2474,42,15,7,5,1d10+4,1d6+4,41,15,7,3,1d10+4,1d8+4,8.0,A
2475,34,15,7,5,1d8+4,1d8+4,48,15,7,3,1d10+4,1d8+4,9.0,A
2476,41,17,7,5,1d12+4,1d8+4,43,18,7,5,1d10+4,1d6+4,2.0,B
2477,49,16,7,3,1d12+4,1d8+4,31,14,7,4,1d12+4,1d8+4,4.0,A
2478,36,14,7,5,1d10+4,1d8+4,32,17,7,3,1d12+4,1d8+4,5.0,B
2479,32,16,7,3,1d10+4,1d8+4,30,17,7,3,1d8+4,1d8+4,10.0,B
2480,37,14,7,5,1d12+4,1d6+4,38,16,7,5,1d8+4,1d8+4,4.0,A
2481,33,18,7,5,1d10+4,1d6+4,47,16,7,3,1d8+4,1d8+4,2.0,B
2482,41,14,7,3,1d8+4,1d6+4,47,16,7,3,1d12+4,1d6+4,4.0,B
2483,42,18,7,3,1d8+4,1d6+4,35,15,7,3,1d10+4,1d8+4,7.0,A
2484,50,16,7,3,1d8+4,1d6+4,35,18,7,5,1d10+4,1d6+4,3.0,A
2485,44,15,7,4,1d8+4,1d8+4,31,17,7,5,1d10+4,1d8+4,6.0,A
2486,41,17,7,3,1d10+4,1d6+4,47,18,7,3,1d10+4,1d6+4,4.0,B
2487,46,18,7,5,1d12+4,1d8+4,36,17,7,3,1d8+4,1d6+4,2.0,A
2488,37,18,7,3,1d12+4,1d8+4,36,16,7,5,1d12+4,1d6+4,3.0,B
2489,48,16,7,5,1d10+4,1d8+4,47,15,7,5,1d12+4,1d8+4,4.0,A
2490,46,17,7,4,1d10+4,1d6+4,48,18,7,5,1d12+4,1d6+4,2.0,B
2491,45,14,7,5,1d12+4,1d6+4,45,17,7,3,1d8+4,1d6+4,5.0,A
2492,36,14,7,3,1d10+4,1d6+4,45,18,7,3,1d8+4,1d6+4,10.0,B
2493,44,17,7,4,1d12+4,1d8+4,44,16,7,3,1d10+4,1d6+4,6.0,B
2494,42,15,7,3,1d8+4,1d8+4,40,15,7,5,1d12+4,1d6+4,6.0,A
2495,46,16,7,3,1d8+4,1d8+4,41,18,7,3,1d12+4,1d6+4,2.0,B
2496,44,16,7,3,1d12+4,1d6+4,30,16,7,3,1d10+4,1d8+4,10.0,A
2497,41,17,7,5,1d12+4,1d8+4,41,16,7,3,1d10+4,1d8+4,0.0,B
2498,48,14,7,3,1d10+4,1d8+4,46,14,7,5,1d12+4,1d6+4,3.0,A
2499,48,17,7,5,1d12+4,1d6+4,40,16,7,3,1d10+4,1d8+4,6.0,A
2500,50,18,7,5,1d8+4,1d8+4,33,15,7,4,1d12+4,1d8+4,7.0,A
2501,32,15,7,4,1d8+4,1d6+4,39,14,7,5,1d8+4,1d6+4,7.0,B
2502,35,17,7,5,1d12+4,1d6+4,41,15,7,3,1d10+4,1d8+4,0.0,A
2503,40,14,7,4,1d12+4,1d8+4,39,16,7,4,1d12+4,1d8+4,1.0,B
2504,31,18,7,4,1d12+4,1d6+4,36,14,7,3,1d12+4,1d6+4,7.0,A
2505,33,18,7,4,1d10+4,1d6+4,32,15,7,3,1d10+4,1d8+4,10.0,B
2506,47,16,7,5,1d10+4,1d8+4,43,14,7,4,1d8+4,1d8+4,6.0,A
2507,44,16,7,4,1d10+4,1d6+4,49,18,7,5,1d8+4,1d8+4,0.0,B
2508,39,15,7,4,1d12+4,1d6+4,48,18,7,5,1d10+4,1d8+4,3.0,B
2509,34,15,7,5,1d8+4,1d6+4,34,14,7,4,1d8+4,1d6+4,8.0,B
2510,41,14,7,5,1d12+4,1d6+4,35,15,7,4,1d12+4,1d8+4,5.0,B
2511,50,15,7,5,1d12+4,1d6+4,34,17,7,4,1d12+4,1d8+4,10.0,B
2512,48,18,7,5,1d8+4,1d8+4,48,15,7,5,1d8+4,1d6+4,8.0,B
2513,38,14,7,5,1d8+4,1d8+4,35,17,7,3,1d10+4,1d6+4,10.0,B
2514,49,18,7,4,1d12+4,1d8+4,32,15,7,5,1d10+4,1d6+4,7.0,A
2515,36,15,7,3,1d10+4,1d6+4,42,14,7,5,1d8+4,1d8+4,4.0,A
2516,44,16,7,5,1d12+4,1d6+4,30,17,7,4,1d8+4,1d6+4,5.0,A
2517,39,17,7,4,1d10+4,1d6+4,44,15,7,4,1d10+4,1d6+4,7.0,B
2518,49,15,7,3,1d12+4,1d6+4,48,18,7,3,1d12+4,1d6+4,6.0,B
2519,50,17,7,5,1d8+4,1d6+4,45,16,7,5,1d12+4,1d6+4,9.0,A
2520,48,16,7,4,1d12+4,1d6+4,33,18,7,4,1d10+4,1d8+4,4.0,A
2521,32,15,7,4,1d8+4,1d6+4,30,15,7,4,1d10+4,1d6+4,6.0,A
2522,40,16,7,3,1d12+4,1d8+4,38,16,7,3,1d8+4,1d8+4,3.0,A
2523,37,18,7,4,1d10+4,1d8+4,32,17,7,4,1d10+4,1d6+4,8.0,A
2524,40,14,7,4,1d12+4,1d8+4,35,14,7,4,1d10+4,1d6+4,0.0,A
2525,50,17,7,4,1d10+4,1d8+4,48,16,7,4,1d10+4,1d8+4,6.0,A
2526,30,18,7,5,1d10+4,1d8+4,32,18,7,4,1d10+4,1d8+4,9.0,B
2527,42,15,7,3,1d8+4,1d8+4,36,14,7,4,1d10+4,1d8+4,9.0,A
2528,46,16,7,4,1d12+4,1d6+4,41,16,7,5,1d8+4,1d8+4,2.0,B
2529,31,17,7,4,1d8+4,1d8+4,33,16,7,4,1d10+4,1d8+4,1.0,A
2530,34,17,7,5,1d12+4,1d6+4,32,17,7,3,1d12+4,1d6+4,7.0,A
2531,41,17,7,3,1d8+4,1d6+4,43,15,7,5,1d10+4,1d6+4,8.0,A
2532,42,16,7,3,1d8+4,1d6+4,41,17,7,5,1d8+4,1d8+4,2.0,A
2533,40,18,7,3,1d8+4,1d6+4,36,14,7,4,1d10+4,1d8+4,0.0,B
2534,38,15,7,5,1d10+4,1d6+4,48,15,7,4,1d8+4,1d8+4,9.0,B
2535,42,18,7,4,1d8+4,1d6+4,35,18,7,5,1d8+4,1d6+4,6.0,A
2536,35,16,7,5,1d8+4,1d8+4,30,17,7,4,1d10+4,1d8+4,5.0,B
2537,47,15,7,3,1d8+4,1d6+4,31,16,7,5,1d12+4,1d8+4,4.0,A
2538,31,14,7,5,1d10+4,1d8+4,41,14,7,5,1d12+4,1d8+4,3.0,B
2539,34,18,7,4,1d10+4,1d6+4,39,17,7,4,1d10+4,1d8+4,2.0,B
2540,39,15,7,3,1d12+4,1d6+4,46,18,7,3,1d12+4,1d8+4,10.0,B
2541,40,15,7,5,1d12+4,1d8+4,38,18,7,3,1d8+4,1d8+4,0.0,B
2542,43,15,7,5,1d10+4,1d8+4,42,18,7,5,1d8+4,1d8+4,7.0,B
2543,30,18,7,4,1d12+4,1d8+4,38,17,7,3,1d10+4,1d8+4,2.0,B
2544,46,14,7,3,1d8+4,1d6+4,48,17,7,4,1d10+4,1d6+4,5.0,A
2545,50,17,7,3,1d8+4,1d6+4,46,17,7,4,1d8+4,1d6+4,5.0,A
2546,50,18,7,5,1d8+4,1d6+4,30,18,7,3,1d10+4,1d6+4,2.0,A
2547,39,16,7,3,1d8+4,1d6+4,32,16,7,3,1d12+4,1d6+4,3.0,A
2548,48,16,7,5,1d10+4,1d6+4,34,17,7,3,1d8+4,1d6+4,6.0,A
2549,32,15,7,5,1d10+4,1d8+4,38,15,7,3,1d10+4,1d6+4,5.0,A
2550,48,14,7,4,1d12+4,1d6+4,32,15,7,3,1d8+4,1d6+4,4.0,B
2551,33,17,7,4,1d8+4,1d8+4,30,15,7,4,1d8+4,1d8+4,6.0,A
2552,38,18,7,4,1d8+4,1d6+4,36,15,7,4,1d12+4,1d6+4,1.0,A
2553,40,14,7,3,1d8+4,1d8+4,31,18,7,3,1d10+4,1d6+4,4.0,A
2554,38,16,7,4,1d8+4,1d6+4,42,15,7,4,1d8+4,1d8+4,8.0,B
2555,42,17,7,4,1d12+4,1d6+4,39,16,7,3,1d12+4,1d6+4,2.0,A
2556,50,15,7,4,1d12+4,1d6+4,38,18,7,4,1d8+4,1d6+4,10.0,A
2557,46,18,7,5,1d12+4,1d8+4,32,14,7,3,1d12+4,1d6+4,10.0,A
2558,42,18,7,3,1d10+4,1d6+4,46,18,7,5,1d10+4,1d6+4,10.0,B
2559,48,14,7,4,1d12+4,1d8+4,48,14,7,5,1d8+4,1d8+4,1.0,A
2560,50,15,7,4,1d10+4,1d8+4,38,15,7,3,1d12+4,1d8+4,3.0,A
2561,44,18,7,4,1d12+4,1d8+4,39,14,7,5,1d10+4,1d8+4,2.0,A
2562,34,17,7,5,1d10+4,1d8+4,45,15,7,5,1d12+4,1d6+4,3.0,B
2563,31,14,7,4,1d12+4,1d8+4,50,17,7,3,1d10+4,1d6+4,0.0,B
2564,36,16,7,4,1d10+4,1d8+4,32,15,7,3,1d12+4,1d6+4,9.0,A
2565,35,14,7,4,1d8+4,1d8+4,34,16,7,5,1d10+4,1d8+4,8.0,B
2566,37,16,7,3,1d8+4,1d8+4,33,17,7,4,1d12+4,1d8+4,7.0,B
2567,32,18,7,5,1d8+4,1d6+4,48,17,7,5,1d8+4,1d8+4,5.0,B
2568,47,15,7,4,1d8+4,1d6+4,38,14,7,3,1d12+4,1d6+4,2.0,B
2569,35,14,7,5,1d8+4,1d8+4,35,15,7,5,1d12+4,1d6+4,9.0,B
2570,43,18,7,4,1d8+4,1d8+4,32,16,7,4,1d12+4,1d8+4,1.0,A
2571,39,15,7,4,1d8+4,1d6+4,39,17,7,3,1d10+4,1d8+4,1.0,B
2572,38,17,7,3,1d8+4,1d8+4,32,18,7,5,1d10+4,1d6+4,5.0,B
2573,45,15,7,5,1d8+4,1d8+4,40,18,7,5,1d8+4,1d6+4,1.0,B
2574,35,16,7,3,1d10+4,1d8+4,38,15,7,4,1d10+4,1d8+4,4.0,B
2575,33,14,7,3,1d10+4,1d8+4,47,18,7,3,1d12+4,1d6+4,4.0,B
2576,30,17,7,3,1d8+4,1d6+4,32,16,7,3,1d10+4,1d6+4,7.0,B
2577,43,17,7,5,1d8+4,1d8+4,50,17,7,3,1d8+4,1d6+4,10.0,B
2578,47,17,7,3,1d10+4,1d8+4,43,17,7,4,1d8+4,1d6+4,10.0,A
2579,47,16,7,4,1d12+4,1d8+4,37,16,7,5,1d8+4,1d6+4,8.0,A
2580,49,16,7,5,1d8+4,1d6+4,31,14,7,4,1d12+4,1d8+4,5.0,A
2581,44,16,7,5,1d10+4,1d6+4,43,16,7,5,1d12+4,1d8+4,3.0,A
2582,45,18,7,4,1d8+4,1d6+4,32,16,7,3,1d12+4,1d6+4,4.0,A
2583,31,18,7,5,1d12+4,1d6+4,47,18,7,3,1d12+4,1d8+4,0.0,B
2584,32,15,7,5,1d10+4,1d6+4,40,18,7,4,1d8+4,1d8+4,8.0,B
2585,44,14,7,4,1d12+4,1d6+4,32,18,7,4,1d8+4,1d6+4,4.0,A
2586,41,14,7,5,1d12+4,1d6+4,39,17,7,5,1d10+4,1d6+4,5.0,A
2587,36,16,7,5,1d12+4,1d8+4,37,14,7,3,1d10+4,1d8+4,9.0,A
2588,47,17,7,3,1d8+4,1d6+4,30,18,7,4,1d12+4,1d6+4,9.0,A
2589,35,15,7,5,1d10+4,1d8+4,38,18,7,4,1d12+4,1d6+4,3.0,B
2590,39,16,7,3,1d12+4,1d8+4,43,16,7,5,1d10+4,1d8+4,10.0,A
2591,37,18,7,5,1d12+4,1d6+4,38,14,7,3,1d10+4,1d8+4,1.0,A
2592,37,18,7,4,1d8+4,1d6+4,50,15,7,5,1d8+4,1d6+4,9.0,B
2593,38,16,7,3,1d10+4,1d8+4,30,16,7,4,1d12+4,1d6+4,5.0,A
2594,38,15,7,4,1d8+4,1d8+4,48,14,7,4,1d8+4,1d6+4,4.0,B
2595,35,15,7,3,1d12+4,1d8+4,36,18,7,3,1d12+4,1d6+4,1.0,A
2596,34,15,7,3,1d8+4,1d8+4,30,14,7,5,1d10+4,1d8+4,8.0,A
2597,41,17,7,5,1d10+4,1d6+4,43,17,7,5,1d8+4,1d6+4,10.0,B
2598,42,16,7,5,1d10+4,1d6+4,36,17,7,4,1d10+4,1d8+4,6.0,A
2599,33,16,7,4,1d12+4,1d6+4,39,14,7,4,1d10+4,1d6+4,7.0,B
2600,44,14,7,3,1d12+4,1d6+4,40,18,7,3,1d8+4,1d6+4,0.0,B
2601,48,15,7,4,1d12+4,1d6+4,34,18,7,5,1d12+4,1d6+4,1.0,B
2602,41,15,7,5,1d12+4,1d8+4,38,17,7,4,1d12+4,1d6+4,3.0,A
2603,37,14,7,3,1d8+4,1d8+4,35,17,7,4,1d12+4,1d6+4,1.0,A
2604,38,18,7,4,1d10+4,1d6+4,38,17,7,3,1d8+4,1d6+4,6.0,A
2605,32,18,7,5,1d10+4,1d8+4,48,14,7,5,1d8+4,1d6+4,0.0,A
2606,48,17,7,5,1d10+4,1d8+4,34,17,7,4,1d8+4,1d6+4,4.0,A
2607,32,16,7,3,1d12+4,1d8+4,37,15,7,5,1d12+4,1d6+4,6.0,A
2608,37,17,7,5,1d8+4,1d6+4,40,18,7,3,1d8+4,1d6+4,0.0,A
2609,47,17,7,5,1d10+4,1d6+4,41,16,7,5,1d12+4,1d8+4,4.0,B
2610,42,17,7,3,1d12+4,1d8+4,50,17,7,4,1d12+4,1d6+4,3.0,B
2611,42,16,7,5,1d10+4,1d8+4,35,14,7,3,1d10+4,1d8+4,1.0,A
2612,45,16,7,3,1d8+4,1d8+4,50,17,7,3,1d10+4,1d8+4,3.0,A
2613,42,16,7,5,1d8+4,1d8+4,41,17,7,4,1d12+4,1d8+4,8.0,B
2614,48,18,7,4,1d8+4,1d8+4,44,14,7,5,1d12+4,1d8+4,4.0,A
2615,48,14,7,4,1d10+4,1d6+4,42,16,7,3,1d10+4,1d6+4,2.0,B
2616,37,17,7,5,1d12+4,1d8+4,36,18,7,5,1d10+4,1d8+4,9.0,A
2617,30,18,7,5,1d8+4,1d6+4,44,14,7,4,1d8+4,1d6+4,7.0,B
2618,38,16,7,5,1d10+4,1d8+4,31,15,7,3,1d10+4,1d6+4,6.0,A
2619,48,16,7,5,1d12+4,1d6+4,42,17,7,5,1d8+4,1d8+4,1.0,A
2620,40,18,7,3,1d10+4,1d6+4,33,18,7,4,1d8+4,1d6+4,10.0,B
2621,34,17,7,3,1d12+4,1d8+4,35,18,7,5,1d10+4,1d6+4,7.0,B
2622,34,17,7,3,1d10+4,1d8+4,36,17,7,5,1d12+4,1d8+4,6.0,A
2623,45,14,7,3,1d8+4,1d6+4,43,17,7,3,1d8+4,1d8+4,9.0,B
2624,36,14,7,3,1d8+4,1d6+4,46,17,7,4,1d8+4,1d8+4,3.0,B
2625,44,18,7,5,1d8+4,1d6+4,41,16,7,5,1d10+4,1d6+4,6.0,B
2626,49,18,7,5,1d10+4,1d8+4,47,15,7,5,1d12+4,1d6+4,8.0,A
2627,46,16,7,4,1d12+4,1d8+4,46,16,7,3,1d8+4,1d6+4,7.0,A
2628,37,18,7,4,1d12+4,1d8+4,30,18,7,5,1d10+4,1d8+4,10.0,A
2629,39,16,7,3,1d12+4,1d6+4,49,18,7,3,1d10+4,1d8+4,5.0,A
2630,37,14,7,5,1d8+4,1d8+4,36,15,7,5,1d8+4,1d6+4,0.0,B
2631,32,16,7,4,1d8+4,1d6+4,44,14,7,4,1d8+4,1d8+4,3.0,B
2632,33,15,7,3,1d12+4,1d8+4,42,14,7,3,1d12+4,1d6+4,1.0,A
2633,40,16,7,3,1d10+4,1d8+4,46,16,7,3,1d8+4,1d8+4,7.0,A
2634,34,16,7,5,1d12+4,1d8+4,46,17,7,4,1d10+4,1d6+4,7.0,A
2635,39,18,7,4,1d10+4,1d6+4,41,14,7,4,1d12+4,1d8+4,5.0,B
2636,39,14,7,3,1d10+4,1d8+4,48,17,7,3,1d10+4,1d8+4,8.0,B
2637,39,18,7,5,1d8+4,1d8+4,36,14,7,5,1d8+4,1d8+4,0.0,A
2638,47,18,7,3,1d8+4,1d6+4,42,17,7,5,1d10+4,1d6+4,4.0,A
2639,50,18,7,5,1d10+4,1d6+4,45,15,7,5,1d12+4,1d6+4,10.0,A
2640,48,17,7,4,1d8+4,1d8+4,38,15,7,4,1d8+4,1d8+4,1.0,A
2641,45,14,7,3,1d10+4,1d6+4,38,16,7,5,1d12+4,1d8+4,9.0,B
2642,47,14,7,3,1d12+4,1d6+4,30,18,7,5,1d12+4,1d8+4,1.0,B
2643,40,17,7,5,1d8+4,1d8+4,41,17,7,5,1d8+4,1d8+4,0.0,B
2644,39,18,7,4,1d10+4,1d8+4,50,18,7,4,1d12+4,1d8+4,8.0,B
2645,41,16,7,3,1d12+4,1d6+4,43,17,7,5,1d10+4,1d6+4,5.0,B
2646,45,17,7,5,1d8+4,1d8+4,44,18,7,3,1d12+4,1d6+4,6.0,A
2647,41,17,7,3,1d8+4,1d8+4,37,14,7,4,1d12+4,1d8+4,1.0,A
2648,38,15,7,4,1d8+4,1d8+4,37,16,7,5,1d8+4,1d6+4,0.0,A
2649,37,14,7,4,1d10+4,1d8+4,50,17,7,3,1d10+4,1d8+4,0.0,B
2650,35,15,7,3,1d12+4,1d6+4,32,14,7,5,1d10+4,1d6+4,8.0,B
2651,34,15,7,3,1d10+4,1d8+4,50,18,7,5,1d8+4,1d8+4,6.0,B
2652,31,16,7,4,1d12+4,1d6+4,37,15,7,5,1d12+4,1d6+4,2.0,A
2653,41,16,7,4,1d12+4,1d8+4,50,14,7,3,1d12+4,1d8+4,4.0,A
2654,33,14,7,3,1d8+4,1d8+4,41,14,7,3,1d8+4,1d8+4,1.0,A
2655,32,14,7,5,1d10+4,1d6+4,39,18,7,5,1d12+4,1d6+4,9.0,B
2656,31,18,7,5,1d8+4,1d6+4,47,14,7,5,1d8+4,1d8+4,10.0,A
2657,43,14,7,5,1d12+4,1d6+4,47,16,7,5,1d8+4,1d6+4,6.0,A
2658,33,14,7,4,1d10+4,1d8+4,36,14,7,4,1d10+4,1d6+4,0.0,B
2659,34,15,7,5,1d12+4,1d6+4,32,18,7,3,1d12+4,1d8+4,9.0,B
2660,31,15,7,5,1d8+4,1d8+4,33,15,7,3,1d8+4,1d6+4,9.0,A
2661,41,16,7,4,1d8+4,1d6+4,33,18,7,3,1d8+4,1d6+4,3.0,A
2662,44,14,7,4,1d10+4,1d6+4,30,14,7,3,1d8+4,1d8+4,0.0,A
2663,42,16,7,5,1d8+4,1d8+4,49,15,7,4,1d8+4,1d6+4,0.0,A
2664,35,14,7,4,1d8+4,1d6+4,31,18,7,5,1d8+4,1d6+4,5.0,B
2665,32,15,7,4,1d8+4,1d6+4,45,18,7,5,1d10+4,1d6+4,3.0,B
2666,49,16,7,3,1d8+4,1d6+4,35,16,7,3,1d8+4,1d6+4,9.0,A
2667,42,18,7,5,1d12+4,1d8+4,50,15,7,5,1d8+4,1d6+4,10.0,A
2668,44,14,7,5,1d10+4,1d6+4,31,16,7,4,1d8+4,1d8+4,3.0,A
2669,40,16,7,5,1d12+4,1d8+4,40,17,7,3,1d8+4,1d6+4,6.0,A
2670,30,15,7,4,1d12+4,1d6+4,34,17,7,3,1d12+4,1d8+4,1.0,A
2671,38,17,7,5,1d12+4,1d6+4,33,16,7,4,1d12+4,1d8+4,9.0,B
2672,32,14,7,4,1d10+4,1d8+4,35,18,7,4,1d8+4,1d6+4,4.0,A
2673,47,18,7,5,1d8+4,1d6+4,41,15,7,5,1d10+4,1d6+4,10.0,A
2674,31,15,7,4,1d10+4,1d8+4,49,15,7,5,1d12+4,1d6+4,9.0,B
2675,45,18,7,4,1d10+4,1d8+4,37,18,7,4,1d10+4,1d8+4,3.0,A
2676,41,16,7,4,1d8+4,1d8+4,31,17,7,3,1d12+4,1d6+4,1.0,A
2677,45,17,7,4,1d12+4,1d8+4,43,18,7,5,1d8+4,1d6+4,7.0,A
2678,37,16,7,4,1d8+4,1d6+4,36,18,7,4,1d8+4,1d8+4,2.0,B
2679,41,17,7,3,1d10+4,1d6+4,34,18,7,3,1d12+4,1d8+4,4.0,B
2680,45,16,7,4,1d10+4,1d6+4,30,17,7,3,1d8+4,1d8+4,8.0,A
2681,42,18,7,4,1d8+4,1d8+4,36,18,7,3,1d10+4,1d8+4,9.0,A
2682,39,15,7,5,1d8+4,1d6+4,45,16,7,5,1d12+4,1d8+4,8.0,B
2683,46,16,7,3,1d12+4,1d6+4,39,18,7,3,1d12+4,1d6+4,10.0,B
2684,39,15,7,5,1d8+4,1d8+4,47,15,7,5,1d10+4,1d6+4,8.0,B
2685,42,17,7,3,1d8+4,1d6+4,32,18,7,4,1d12+4,1d6+4,6.0,B
2686,47,18,7,5,1d10+4,1d6+4,42,17,7,3,1d12+4,1d8+4,10.0,A
2687,44,18,7,3,1d10+4,1d8+4,38,14,7,4,1d8+4,1d6+4,2.0,A
2688,33,16,7,3,1d10+4,1d6+4,35,18,7,3,1d10+4,1d6+4,6.0,A
2689,47,14,7,3,1d12+4,1d6+4,34,17,7,4,1d12+4,1d6+4,0.0,B
2690,43,18,7,3,1d10+4,1d8+4,50,18,7,3,1d8+4,1d8+4,8.0,A
2691,48,16,7,4,1d12+4,1d6+4,35,14,7,5,1d8+4,1d8+4,1.0,A
2692,30,14,7,4,1d8+4,1d6+4,39,15,7,5,1d8+4,1d8+4,0.0,B
2693,46,18,7,4,1d10+4,1d6+4,34,16,7,3,1d12+4,1d6+4,3.0,A
2694,33,18,7,4,1d8+4,1d8+4,35,14,7,5,1d12+4,1d8+4,10.0,A
2695,49,15,7,4,1d10+4,1d6+4,49,14,7,5,1d12+4,1d6+4,10.0,A
2696,42,15,7,5,1d10+4,1d8+4,31,17,7,4,1d10+4,1d8+4,10.0,A
2697,44,15,7,3,1d8+4,1d6+4,49,16,7,3,1d8+4,1d8+4,0.0,B
2698,31,17,7,3,1d10+4,1d6+4,33,16,7,4,1d10+4,1d6+4,10.0,B
2699,42,16,7,3,1d10+4,1d6+4,47,14,7,5,1d10+4,1d6+4,5.0,B
2700,39,14,7,4,1d8+4,1d8+4,45,15,7,3,1d10+4,1d8+4,8.0,A
2701,50,17,7,5,1d8+4,1d8+4,36,16,7,3,1d12+4,1d8+4,1.0,B
2702,49,17,7,4,1d12+4,1d8+4,41,14,7,5,1d8+4,1d8+4,8.0,A
2703,43,18,7,3,1d12+4,1d6+4,31,14,7,3,1d10+4,1d6+4,1.0,A
2704,35,18,7,4,1d8+4,1d6+4,33,18,7,3,1d12+4,1d8+4,2.0,A
2705,38,15,7,4,1d10+4,1d6+4,43,16,7,5,1d8+4,1d6+4,4.0,A
2706,42,16,7,3,1d12+4,1d6+4,44,16,7,4,1d10+4,1d6+4,4.0,B
2707,33,14,7,3,1d12+4,1d8+4,46,15,7,5,1d8+4,1d8+4,1.0,B
2708,37,17,7,5,1d8+4,1d6+4,31,18,7,3,1d12+4,1d8+4,1.0,A
2709,41,17,7,4,1d12+4,1d6+4,38,17,7,3,1d8+4,1d6+4,5.0,A
2710,38,16,7,3,1d10+4,1d8+4,39,18,7,4,1d12+4,1d8+4,3.0,A
2711,49,14,7,4,1d12+4,1d6+4,39,15,7,3,1d12+4,1d8+4,0.0,A
2712,47,16,7,3,1d10+4,1d6+4,50,15,7,4,1d10+4,1d8+4,0.0,B
2713,39,16,7,5,1d8+4,1d6+4,45,14,7,5,1d8+4,1d6+4,9.0,B
2714,32,17,7,5,1d12+4,1d8+4,31,17,7,4,1d12+4,1d8+4,1.0,B
2715,50,18,7,5,1d10+4,1d8+4,33,14,7,3,1d8+4,1d8+4,1.0,A
2716,44,18,7,4,1d10+4,1d8+4,34,15,7,4,1d8+4,1d6+4,6.0,A
2717,45,15,7,3,1d10+4,1d6+4,39,17,7,5,1d8+4,1d6+4,8.0,B
2718,50,14,7,4,1d12+4,1d6+4,37,15,7,5,1d10+4,1d8+4,6.0,A
2719,45,15,7,3,1d10+4,1d8+4,35,18,7,5,1d12+4,1d8+4,7.0,B
2720,30,16,7,3,1d10+4,1d6+4,34,15,7,3,1d12+4,1d8+4,2.0,A
2721,36,17,7,4,1d12+4,1d8+4,49,14,7,4,1d10+4,1d8+4,2.0,A
2722,30,14,7,5,1d8+4,1d6+4,47,18,7,4,1d8+4,1d6+4,5.0,B
2723,45,14,7,5,1d12+4,1d8+4,37,18,7,4,1d8+4,1d8+4,2.0,A
2724,41,14,7,3,1d12+4,1d6+4,50,15,7,3,1d12+4,1d6+4,6.0,B
2725,38,14,7,3,1d10+4,1d6+4,30,16,7,3,1d10+4,1d6+4,6.0,A
2726,48,16,7,3,1d12+4,1d8+4,36,14,7,5,1d10+4,1d8+4,9.0,A
2727,42,15,7,5,1d8+4,1d6+4,43,17,7,5,1d12+4,1d6+4,5.0,B
2728,46,15,7,3,1d10+4,1d8+4,49,17,7,3,1d12+4,1d8+4,9.0,A
2729,38,14,7,3,1d8+4,1d6+4,34,17,7,3,1d8+4,1d8+4,4.0,A
2730,37,15,7,5,1d8+4,1d8+4,31,17,7,5,1d8+4,1d6+4,9.0,A
2731,30,18,7,4,1d10+4,1d8+4,37,14,7,3,1d10+4,1d6+4,1.0,A
2732,33,16,7,4,1d8+4,1d6+4,36,16,7,3,1d8+4,1d8+4,6.0,B
2733,32,17,7,5,1d12+4,1d8+4,32,14,7,5,1d10+4,1d8+4,1.0,A
2734,43,16,7,3,1d8+4,1d8+4,35,14,7,3,1d12+4,1d6+4,2.0,B
2735,35,17,7,3,1d8+4,1d8+4,38,14,7,5,1d8+4,1d8+4,2.0,A
2736,38,15,7,4,1d8+4,1d8+4,34,18,7,5,1d10+4,1d8+4,9.0,B
2737,50,17,7,4,1d10+4,1d8+4,34,14,7,3,1d8+4,1d6+4,4.0,A
2738,42,17,7,4,1d12+4,1d6+4,30,15,7,4,1d8+4,1d8+4,5.0,A
2739,41,14,7,3,1d8+4,1d6+4,48,14,7,4,1d8+4,1d6+4,2.0,A
2740,35,17,7,4,1d12+4,1d8+4,47,14,7,4,1d12+4,1d8+4,4.0,B
2741,32,14,7,5,1d12+4,1d6+4,41,14,7,4,1d12+4,1d8+4,6.0,B
2742,41,14,7,4,1d8+4,1d8+4,48,17,7,4,1d8+4,1d8+4,3.0,B
2743,42,17,7,4,1d10+4,1d8+4,45,15,7,5,1d12+4,1d8+4,2.0,B
2744,33,15,7,4,1d10+4,1d6+4,42,14,7,5,1d12+4,1d8+4,1.0,A
2745,40,16,7,5,1d12+4,1d8+4,38,18,7,4,1d10+4,1d8+4,5.0,A
2746,32,15,7,4,1d10+4,1d6+4,32,17,7,3,1d12+4,1d6+4,2.0,B
2747,42,14,7,5,1d12+4,1d6+4,38,16,7,4,1d12+4,1d8+4,8.0,B
2748,49,16,7,5,1d10+4,1d6+4,45,15,7,5,1d12+4,1d6+4,2.0,B
2749,46,14,7,3,1d10+4,1d8+4,39,18,7,5,1d8+4,1d8+4,3.0,A
2750,38,16,7,5,1d10+4,1d6+4,33,16,7,3,1d12+4,1d8+4,7.0,A
2751,35,15,7,3,1d12+4,1d8+4,37,18,7,5,1d8+4,1d8+4,7.0,B
2752,31,18,7,3,1d8+4,1d8+4,45,16,7,3,1d12+4,1d8+4,6.0,B
2753,30,18,7,5,1d8+4,1d6+4,43,15,7,4,1d8+4,1d8+4,7.0,B
2754,48,18,7,5,1d10+4,1d8+4,41,15,7,5,1d8+4,1d6+4,6.0,A
2755,31,17,7,4,1d12+4,1d6+4,41,17,7,3,1d8+4,1d8+4,10.0,B
2756,45,18,7,3,1d10+4,1d6+4,39,15,7,5,1d12+4,1d6+4,4.0,A
2757,34,15,7,3,1d8+4,1d8+4,33,14,7,4,1d10+4,1d6+4,8.0,A
2758,32,17,7,5,1d8+4,1d6+4,42,14,7,5,1d10+4,1d6+4,10.0,B
2759,35,15,7,4,1d12+4,1d6+4,40,18,7,4,1d10+4,1d8+4,0.0,B
2760,33,17,7,3,1d8+4,1d6+4,45,17,7,4,1d10+4,1d8+4,4.0,B
2761,35,17,7,4,1d12+4,1d8+4,43,18,7,5,1d10+4,1d8+4,7.0,B
2762,43,15,7,4,1d12+4,1d8+4,31,14,7,4,1d8+4,1d8+4,6.0,B
2763,35,15,7,4,1d8+4,1d8+4,41,16,7,4,1d12+4,1d8+4,4.0,B
2764,40,18,7,3,1d12+4,1d6+4,30,14,7,4,1d8+4,1d8+4,10.0,A
2765,36,17,7,4,1d12+4,1d8+4,49,16,7,4,1d10+4,1d8+4,2.0,B
2766,42,18,7,4,1d10+4,1d6+4,31,17,7,5,1d12+4,1d8+4,4.0,A
2767,42,16,7,5,1d12+4,1d6+4,49,17,7,3,1d10+4,1d8+4,10.0,A
2768,33,17,7,3,1d10+4,1d8+4,44,17,7,4,1d10+4,1d8+4,5.0,A
2769,50,14,7,4,1d10+4,1d8+4,39,15,7,3,1d12+4,1d6+4,10.0,A
2770,46,15,7,3,1d12+4,1d6+4,50,17,7,5,1d10+4,1d6+4,4.0,B
2771,34,18,7,3,1d8+4,1d6+4,31,16,7,3,1d12+4,1d8+4,5.0,A
2772,38,14,7,5,1d8+4,1d8+4,50,14,7,4,1d10+4,1d6+4,5.0,B
2773,41,16,7,5,1d8+4,1d6+4,46,18,7,4,1d10+4,1d8+4,1.0,B
2774,43,16,7,3,1d10+4,1d8+4,48,15,7,4,1d12+4,1d8+4,10.0,B
2775,42,16,7,4,1d10+4,1d8+4,33,17,7,5,1d12+4,1d8+4,8.0,B
2776,50,17,7,3,1d12+4,1d6+4,33,14,7,4,1d8+4,1d8+4,2.0,A
2777,42,17,7,3,1d10+4,1d6+4,41,18,7,5,1d12+4,1d8+4,10.0,B
2778,38,17,7,3,1d10+4,1d6+4,49,17,7,5,1d12+4,1d8+4,2.0,B
2779,40,15,7,4,1d8+4,1d6+4,32,16,7,4,1d8+4,1d8+4,7.0,B
2780,47,18,7,5,1d12+4,1d8+4,37,18,7,5,1d8+4,1d6+4,6.0,A
2781,32,15,7,3,1d10+4,1d6+4,32,14,7,5,1d8+4,1d8+4,10.0,A
2782,47,17,7,5,1d12+4,1d8+4,35,14,7,3,1d12+4,1d6+4,0.0,A
2783,46,18,7,4,1d10+4,1d8+4,49,15,7,4,1d10+4,1d8+4,4.0,B
2784,38,16,7,5,1d12+4,1d8+4,47,15,7,3,1d12+4,1d8+4,2.0,B
2785,33,17,7,3,1d10+4,1d6+4,34,17,7,5,1d12+4,1d6+4,8.0,B
2786,40,16,7,3,1d12+4,1d8+4,47,15,7,3,1d8+4,1d8+4,5.0,A
2787,48,14,7,3,1d10+4,1d8+4,50,14,7,3,1d10+4,1d8+4,3.0,B
2788,40,18,7,3,1d8+4,1d6+4,39,14,7,3,1d10+4,1d8+4,5.0,A
2789,40,17,7,4,1d10+4,1d8+4,35,15,7,3,1d8+4,1d8+4,0.0,A
2790,35,14,7,5,1d8+4,1d6+4,41,15,7,3,1d12+4,1d8+4,3.0,B
2791,41,18,7,5,1d8+4,1d8+4,49,18,7,4,1d8+4,1d8+4,8.0,A
2792,39,17,7,4,1d8+4,1d6+4,37,14,7,3,1d10+4,1d8+4,1.0,A
2793,33,17,7,3,1d8+4,1d6+4,38,18,7,4,1d8+4,1d8+4,4.0,B
2794,40,15,7,4,1d8+4,1d6+4,47,17,7,4,1d12+4,1d8+4,5.0,A
2795,36,14,7,3,1d10+4,1d6+4,30,16,7,5,1d8+4,1d6+4,10.0,A
2796,35,14,7,5,1d10+4,1d8+4,34,14,7,4,1d10+4,1d8+4,3.0,A
2797,46,18,7,4,1d8+4,1d8+4,49,15,7,5,1d8+4,1d6+4,9.0,A
2798,34,16,7,3,1d8+4,1d8+4,33,17,7,3,1d12+4,1d8+4,3.0,B
2799,39,17,7,5,1d10+4,1d8+4,38,14,7,4,1d8+4,1d8+4,1.0,B
2800,41,17,7,3,1d8+4,1d8+4,45,18,7,4,1d8+4,1d8+4,2.0,A
2801,50,18,7,4,1d10+4,1d6+4,48,18,7,3,1d8+4,1d8+4,6.0,A
2802,42,17,7,4,1d8+4,1d8+4,31,15,7,4,1d12+4,1d6+4,10.0,A
2803,47,16,7,4,1d8+4,1d6+4,32,15,7,5,1d8+4,1d8+4,1.0,A
2804,41,14,7,4,1d8+4,1d8+4,43,15,7,3,1d12+4,1d8+4,5.0,B
2805,35,14,7,5,1d10+4,1d6+4,32,15,7,3,1d10+4,1d6+4,5.0,A
2806,37,16,7,4,1d8+4,1d6+4,45,15,7,3,1d8+4,1d8+4,7.0,A
2807,47,14,7,4,1d12+4,1d8+4,45,17,7,5,1d8+4,1d8+4,4.0,A
2808,37,16,7,4,1d12+4,1d6+4,33,17,7,5,1d12+4,1d6+4,4.0,B
2809,45,18,7,4,1d12+4,1d8+4,44,16,7,5,1d8+4,1d8+4,7.0,A
2810,48,17,7,5,1d8+4,1d6+4,33,15,7,4,1d10+4,1d6+4,7.0,A
2811,32,18,7,3,1d8+4,1d8+4,38,14,7,3,1d10+4,1d6+4,1.0,A
2812,38,14,7,4,1d12+4,1d8+4,48,15,7,4,1d10+4,1d6+4,8.0,B
2813,31,18,7,4,1d12+4,1d8+4,46,17,7,4,1d12+4,1d8+4,5.0,A
2814,46,18,7,3,1d8+4,1d6+4,38,17,7,3,1d10+4,1d6+4,8.0,A
2815,34,18,7,4,1d8+4,1d6+4,43,18,7,3,1d8+4,1d8+4,5.0,A
2816,49,17,7,4,1d10+4,1d6+4,41,14,7,4,1d8+4,1d6+4,5.0,B
2817,45,14,7,5,1d12+4,1d8+4,37,15,7,4,1d12+4,1d8+4,6.0,A
2818,35,18,7,5,1d12+4,1d8+4,50,16,7,5,1d10+4,1d6+4,5.0,B
2819,30,14,7,4,1d12+4,1d8+4,43,17,7,5,1d8+4,1d8+4,2.0,B
2820,45,14,7,5,1d8+4,1d8+4,31,17,7,3,1d12+4,1d6+4,5.0,B
2821,43,15,7,3,1d8+4,1d6+4,39,18,7,3,1d12+4,1d6+4,8.0,B
2822,36,17,7,5,1d10+4,1d6+4,46,16,7,3,1d8+4,1d6+4,5.0,A
2823,36,17,7,3,1d8+4,1d8+4,43,17,7,4,1d8+4,1d8+4,10.0,A
2824,49,17,7,3,1d12+4,1d8+4,43,15,7,4,1d8+4,1d8+4,9.0,B
2825,49,15,7,5,1d12+4,1d6+4,45,14,7,4,1d12+4,1d6+4,6.0,A
2826,40,16,7,5,1d10+4,1d6+4,33,16,7,4,1d8+4,1d8+4,2.0,A
2827,31,15,7,5,1d10+4,1d8+4,48,17,7,3,1d12+4,1d8+4,10.0,B
2828,33,15,7,4,1d8+4,1d6+4,43,18,7,4,1d8+4,1d6+4,5.0,A
2829,35,15,7,5,1d10+4,1d8+4,46,14,7,3,1d8+4,1d6+4,5.0,A
2830,40,15,7,4,1d12+4,1d8+4,47,14,7,4,1d12+4,1d8+4,2.0,A
2831,50,17,7,5,1d12+4,1d8+4,38,15,7,4,1d12+4,1d6+4,0.0,A
2832,49,17,7,4,1d10+4,1d6+4,44,17,7,4,1d10+4,1d8+4,10.0,B
2833,46,14,7,5,1d8+4,1d6+4,33,14,7,5,1d12+4,1d8+4,4.0,B
2834,37,14,7,4,1d8+4,1d6+4,44,18,7,4,1d12+4,1d8+4,10.0,B
2835,44,14,7,5,1d12+4,1d6+4,30,14,7,3,1d8+4,1d8+4,6.0,B
2836,50,15,7,4,1d8+4,1d6+4,34,14,7,5,1d12+4,1d8+4,10.0,B
2837,45,15,7,5,1d8+4,1d6+4,34,17,7,3,1d10+4,1d8+4,2.0,B
2838,41,17,7,5,1d12+4,1d6+4,45,14,7,4,1d12+4,1d8+4,1.0,B
2839,45,14,7,3,1d10+4,1d6+4,48,14,7,4,1d8+4,1d6+4,4.0,A
2840,37,18,7,3,1d10+4,1d8+4,41,17,7,4,1d10+4,1d6+4,2.0,A
2841,44,14,7,3,1d10+4,1d8+4,42,16,7,3,1d10+4,1d8+4,9.0,A
2842,32,18,7,4,1d10+4,1d6+4,41,15,7,4,1d10+4,1d8+4,9.0,A
2843,38,17,7,4,1d10+4,1d6+4,33,15,7,3,1d12+4,1d8+4,0.0,B
2844,36,14,7,5,1d8+4,1d6+4,45,18,7,5,1d8+4,1d6+4,7.0,B
2845,48,16,7,4,1d10+4,1d8+4,32,18,7,5,1d12+4,1d6+4,5.0,A
2846,31,17,7,4,1d12+4,1d6+4,32,15,7,5,1d10+4,1d8+4,3.0,A
2847,49,15,7,3,1d12+4,1d6+4,47,14,7,5,1d8+4,1d8+4,2.0,A
2848,35,18,7,5,1d8+4,1d6+4,30,16,7,3,1d8+4,1d6+4,0.0,B
2849,42,17,7,3,1d8+4,1d8+4,40,17,7,3,1d8+4,1d8+4,9.0,A
2850,31,15,7,5,1d10+4,1d6+4,49,17,7,5,1d12+4,1d8+4,3.0,B
2851,49,15,7,5,1d8+4,1d8+4,40,15,7,4,1d8+4,1d6+4,1.0,A
2852,30,14,7,5,1d10+4,1d6+4,36,17,7,5,1d12+4,1d6+4,9.0,B
2853,39,17,7,4,1d12+4,1d6+4,38,17,7,5,1d8+4,1d8+4,8.0,B
2854,39,16,7,3,1d10+4,1d8+4,35,17,7,5,1d10+4,1d8+4,10.0,A
2855,33,16,7,5,1d10+4,1d8+4,44,16,7,3,1d12+4,1d8+4,8.0,A
2856,30,16,7,5,1d8+4,1d6+4,46,15,7,4,1d8+4,1d6+4,9.0,A
2857,49,18,7,5,1d10+4,1d8+4,38,18,7,3,1d8+4,1d8+4,6.0,A
2858,40,14,7,4,1d8+4,1d8+4,37,16,7,4,1d12+4,1d8+4,8.0,B
2859,40,18,7,3,1d12+4,1d8+4,42,18,7,4,1d10+4,1d8+4,9.0,B
2860,50,16,7,5,1d8+4,1d8+4,37,16,7,3,1d8+4,1d6+4,1.0,A
2861,41,17,7,5,1d12+4,1d6+4,32,18,7,5,1d8+4,1d8+4,9.0,A
2862,34,18,7,3,1d10+4,1d8+4,44,16,7,4,1d10+4,1d6+4,2.0,A
2863,43,16,7,4,1d12+4,1d6+4,50,18,7,3,1d10+4,1d8+4,1.0,B
2864,30,14,7,3,1d8+4,1d8+4,37,16,7,4,1d8+4,1d6+4,8.0,B
2865,35,16,7,3,1d8+4,1d6+4,33,15,7,5,1d10+4,1d6+4,3.0,B
2866,32,17,7,4,1d12+4,1d6+4,49,17,7,4,1d10+4,1d6+4,9.0,B
2867,45,16,7,5,1d12+4,1d6+4,42,14,7,3,1d8+4,1d8+4,7.0,A
2868,39,18,7,4,1d8+4,1d8+4,42,15,7,4,1d8+4,1d8+4,10.0,A
2869,48,15,7,3,1d10+4,1d6+4,32,18,7,3,1d8+4,1d8+4,3.0,A
2870,30,16,7,3,1d10+4,1d8+4,46,16,7,4,1d12+4,1d6+4,10.0,B
2871,47,17,7,5,1d10+4,1d6+4,33,14,7,5,1d8+4,1d6+4,10.0,A
2872,46,18,7,5,1d10+4,1d6+4,34,14,7,3,1d12+4,1d6+4,0.0,A
2873,32,18,7,4,1d12+4,1d8+4,48,14,7,5,1d8+4,1d6+4,10.0,B
2874,40,14,7,4,1d8+4,1d6+4,39,15,7,3,1d10+4,1d6+4,10.0,B
2875,30,18,7,3,1d10+4,1d6+4,34,15,7,3,1d10+4,1d6+4,0.0,B
2876,33,18,7,5,1d10+4,1d6+4,38,14,7,5,1d8+4,1d8+4,10.0,A
2877,35,14,7,4,1d8+4,1d6+4,43,18,7,5,1d12+4,1d8+4,10.0,B
2878,37,16,7,4,1d8+4,1d6+4,31,18,7,4,1d10+4,1d6+4,3.0,A
2879,50,16,7,5,1d8+4,1d6+4,34,17,7,4,1d10+4,1d6+4,1.0,A
2880,31,16,7,3,1d10+4,1d6+4,40,14,7,3,1d8+4,1d6+4,8.0,B
2881,48,16,7,5,1d10+4,1d8+4,46,14,7,3,1d8+4,1d6+4,9.0,A
2882,39,17,7,5,1d8+4,1d8+4,33,16,7,3,1d12+4,1d6+4,6.0,A
2883,45,15,7,5,1d8+4,1d6+4,46,17,7,4,1d12+4,1d8+4,9.0,A
2884,30,14,7,5,1d8+4,1d6+4,30,18,7,4,1d10+4,1d6+4,9.0,B
2885,33,16,7,3,1d12+4,1d6+4,45,17,7,4,1d8+4,1d8+4,6.0,A
2886,33,18,7,4,1d10+4,1d6+4,47,15,7,5,1d12+4,1d8+4,2.0,A
2887,48,18,7,3,1d12+4,1d8+4,36,18,7,3,1d8+4,1d8+4,3.0,A
2888,49,18,7,4,1d8+4,1d6+4,40,17,7,4,1d8+4,1d6+4,10.0,A
2889,32,15,7,5,1d8+4,1d6+4,47,16,7,5,1d12+4,1d8+4,6.0,B
2890,44,14,7,4,1d12+4,1d6+4,49,15,7,5,1d8+4,1d6+4,4.0,A
2891,40,15,7,4,1d12+4,1d8+4,46,18,7,3,1d10+4,1d8+4,6.0,A
2892,46,17,7,4,1d10+4,1d6+4,48,14,7,5,1d8+4,1d8+4,0.0,A
2893,37,15,7,4,1d8+4,1d8+4,45,16,7,4,1d12+4,1d6+4,7.0,B
2894,41,18,7,3,1d12+4,1d6+4,45,15,7,4,1d10+4,1d8+4,7.0,A
2895,42,18,7,4,1d8+4,1d8+4,39,14,7,3,1d8+4,1d8+4,0.0,A
2896,33,14,7,3,1d10+4,1d8+4,45,16,7,3,1d10+4,1d8+4,8.0,B
2897,35,14,7,4,1d12+4,1d8+4,34,18,7,3,1d12+4,1d8+4,2.0,A
2898,32,17,7,5,1d10+4,1d6+4,44,17,7,4,1d12+4,1d6+4,0.0,B
2899,39,15,7,3,1d8+4,1d6+4,35,16,7,3,1d12+4,1d6+4,6.0,B
2900,32,14,7,3,1d8+4,1d8+4,40,14,7,5,1d8+4,1d8+4,6.0,B
2901,32,15,7,4,1d8+4,1d6+4,32,18,7,4,1d8+4,1d6+4,6.0,A
2902,39,17,7,4,1d8+4,1d8+4,45,15,7,4,1d12+4,1d6+4,7.0,B
2903,40,17,7,3,1d8+4,1d6+4,34,16,7,3,1d10+4,1d8+4,4.0,A
2904,49,16,7,3,1d10+4,1d8+4,36,17,7,5,1d10+4,1d6+4,4.0,A
2905,32,16,7,5,1d8+4,1d8+4,47,16,7,5,1d12+4,1d6+4,7.0,B
2906,43,18,7,5,1d10+4,1d8+4,35,15,7,3,1d10+4,1d6+4,0.0,A
2907,46,16,7,4,1d8+4,1d8+4,35,15,7,5,1d10+4,1d6+4,9.0,A
2908,40,18,7,3,1d12+4,1d6+4,45,17,7,5,1d8+4,1d6+4,5.0,A
2909,31,15,7,4,1d10+4,1d6+4,36,18,7,4,1d10+4,1d8+4,2.0,B
2910,35,15,7,4,1d8+4,1d6+4,45,14,7,4,1d12+4,1d6+4,6.0,A
2911,40,16,7,4,1d12+4,1d6+4,46,17,7,4,1d8+4,1d6+4,8.0,A
2912,45,17,7,3,1d12+4,1d8+4,43,18,7,3,1d12+4,1d6+4,4.0,B
2913,47,14,7,4,1d10+4,1d8+4,36,15,7,4,1d8+4,1d8+4,0.0,A
2914,35,16,7,4,1d8+4,1d6+4,42,17,7,3,1d8+4,1d8+4,0.0,B
2915,33,18,7,5,1d8+4,1d6+4,48,15,7,3,1d10+4,1d8+4,8.0,B
2916,33,14,7,3,1d8+4,1d8+4,33,18,7,5,1d10+4,1d8+4,6.0,B
2917,44,15,7,4,1d8+4,1d8+4,38,15,7,3,1d10+4,1d8+4,2.0,A
2918,35,16,7,4,1d8+4,1d8+4,50,17,7,4,1d10+4,1d8+4,4.0,B
2919,34,16,7,3,1d10+4,1d8+4,39,17,7,4,1d8+4,1d8+4,10.0,A
2920,47,15,7,4,1d10+4,1d6+4,50,16,7,4,1d10+4,1d8+4,1.0,A
2921,32,14,7,3,1d8+4,1d6+4,39,17,7,3,1d10+4,1d8+4,4.0,B
2922,31,17,7,3,1d8+4,1d8+4,38,17,7,4,1d10+4,1d8+4,3.0,A
2923,40,17,7,3,1d8+4,1d8+4,50,18,7,4,1d12+4,1d8+4,1.0,B
2924,40,14,7,5,1d12+4,1d6+4,41,17,7,5,1d12+4,1d6+4,1.0,B
2925,34,14,7,3,1d10+4,1d6+4,37,14,7,4,1d10+4,1d6+4,8.0,B
2926,44,18,7,5,1d12+4,1d6+4,41,14,7,4,1d12+4,1d8+4,9.0,A
2927,50,16,7,4,1d8+4,1d6+4,50,16,7,4,1d8+4,1d8+4,5.0,A
2928,45,16,7,4,1d8+4,1d6+4,36,15,7,3,1d8+4,1d6+4,4.0,A
2929,31,17,7,4,1d12+4,1d6+4,41,14,7,5,1d12+4,1d6+4,5.0,B
2930,38,17,7,5,1d10+4,1d8+4,40,14,7,3,1d12+4,1d6+4,1.0,B
2931,38,18,7,3,1d10+4,1d8+4,32,15,7,3,1d8+4,1d8+4,6.0,A
2932,33,15,7,4,1d8+4,1d6+4,49,14,7,5,1d12+4,1d8+4,8.0,B
2933,38,14,7,5,1d10+4,1d6+4,50,16,7,5,1d10+4,1d6+4,6.0,A
2934,30,18,7,4,1d8+4,1d6+4,39,14,7,5,1d12+4,1d8+4,1.0,A
2935,30,16,7,3,1d8+4,1d8+4,48,18,7,5,1d10+4,1d8+4,9.0,B
2936,47,18,7,3,1d10+4,1d6+4,37,15,7,5,1d8+4,1d6+4,6.0,A
2937,50,15,7,4,1d10+4,1d6+4,44,15,7,5,1d12+4,1d8+4,6.0,B
2938,47,17,7,5,1d12+4,1d6+4,43,17,7,3,1d12+4,1d8+4,5.0,A
2939,35,17,7,5,1d10+4,1d6+4,44,18,7,5,1d10+4,1d6+4,5.0,A
2940,41,15,7,4,1d12+4,1d6+4,30,17,7,3,1d12+4,1d6+4,6.0,A
2941,38,15,7,3,1d8+4,1d8+4,35,15,7,3,1d10+4,1d6+4,10.0,A
2942,34,18,7,4,1d10+4,1d6+4,30,14,7,3,1d12+4,1d6+4,5.0,A
2943,48,15,7,3,1d8+4,1d6+4,37,14,7,5,1d10+4,1d8+4,7.0,A
2944,43,15,7,3,1d8+4,1d6+4,47,16,7,3,1d10+4,1d6+4,5.0,A
2945,34,14,7,5,1d10+4,1d6+4,43,18,7,4,1d10+4,1d8+4,3.0,B
2946,42,18,7,5,1d8+4,1d6+4,30,17,7,5,1d8+4,1d8+4,9.0,A
2947,36,15,7,3,1d12+4,1d8+4,47,15,7,5,1d8+4,1d8+4,0.0,B
2948,46,15,7,3,1d8+4,1d8+4,35,15,7,4,1d8+4,1d8+4,10.0,B
2949,34,16,7,3,1d10+4,1d6+4,40,15,7,5,1d10+4,1d6+4,3.0,B
2950,45,14,7,4,1d12+4,1d6+4,37,15,7,5,1d12+4,1d8+4,10.0,B
2951,34,15,7,4,1d12+4,1d6+4,40,17,7,4,1d8+4,1d8+4,6.0,B
2952,38,16,7,4,1d12+4,1d6+4,46,17,7,3,1d12+4,1d6+4,8.0,B
2953,48,17,7,3,1d10+4,1d8+4,35,15,7,5,1d8+4,1d6+4,3.0,B
2954,43,14,7,4,1d10+4,1d8+4,36,18,7,5,1d8+4,1d6+4,4.0,A
2955,30,18,7,3,1d10+4,1d8+4,30,16,7,3,1d8+4,1d6+4,8.0,A
2956,39,14,7,5,1d12+4,1d8+4,40,18,7,4,1d8+4,1d6+4,0.0,B
2957,43,17,7,4,1d10+4,1d8+4,43,14,7,5,1d8+4,1d8+4,10.0,A
2958,49,16,7,5,1d10+4,1d8+4,36,15,7,4,1d10+4,1d6+4,1.0,B
2959,33,18,7,4,1d10+4,1d6+4,43,15,7,3,1d10+4,1d6+4,5.0,A
2960,35,17,7,5,1d8+4,1d8+4,45,14,7,4,1d8+4,1d6+4,4.0,A
2961,48,17,7,5,1d8+4,1d6+4,40,16,7,3,1d8+4,1d6+4,6.0,A
2962,33,17,7,4,1d12+4,1d8+4,32,15,7,3,1d12+4,1d6+4,1.0,B
2963,49,17,7,5,1d8+4,1d8+4,47,18,7,3,1d8+4,1d6+4,8.0,B
2964,50,18,7,3,1d12+4,1d6+4,41,15,7,3,1d12+4,1d6+4,6.0,B
2965,35,17,7,5,1d8+4,1d8+4,35,14,7,3,1d12+4,1d6+4,3.0,B
2966,35,16,7,3,1d10+4,1d8+4,40,14,7,5,1d8+4,1d6+4,1.0,A
2967,33,14,7,3,1d12+4,1d8+4,37,14,7,3,1d12+4,1d8+4,0.0,A
2968,42,17,7,5,1d8+4,1d6+4,31,14,7,4,1d12+4,1d8+4,7.0,A
2969,39,15,7,4,1d12+4,1d8+4,41,14,7,3,1d10+4,1d6+4,7.0,B
2970,47,15,7,5,1d10+4,1d8+4,33,17,7,5,1d10+4,1d6+4,6.0,B
2971,31,18,7,5,1d10+4,1d6+4,32,15,7,4,1d10+4,1d8+4,7.0,A
2972,35,16,7,4,1d12+4,1d6+4,49,16,7,5,1d10+4,1d6+4,2.0,A
2973,34,16,7,5,1d10+4,1d8+4,46,15,7,3,1d12+4,1d8+4,6.0,A
2974,48,17,7,5,1d10+4,1d8+4,30,14,7,3,1d10+4,1d8+4,4.0,A
2975,40,17,7,3,1d12+4,1d8+4,50,17,7,5,1d10+4,1d6+4,6.0,B
2976,41,14,7,4,1d10+4,1d8+4,43,17,7,3,1d8+4,1d8+4,7.0,B
2977,37,16,7,3,1d8+4,1d6+4,37,15,7,5,1d10+4,1d6+4,4.0,B
2978,47,17,7,4,1d12+4,1d6+4,39,15,7,5,1d8+4,1d6+4,8.0,B
2979,31,14,7,5,1d12+4,1d6+4,42,16,7,3,1d12+4,1d8+4,2.0,B
2980,47,16,7,4,1d12+4,1d8+4,50,18,7,4,1d8+4,1d8+4,3.0,B
2981,38,17,7,3,1d10+4,1d6+4,37,17,7,3,1d10+4,1d8+4,0.0,A
2982,34,17,7,5,1d10+4,1d8+4,32,16,7,5,1d8+4,1d6+4,0.0,A
2983,31,15,7,3,1d8+4,1d8+4,43,17,7,3,1d10+4,1d6+4,5.0,B
2984,41,14,7,5,1d10+4,1d8+4,50,14,7,3,1d8+4,1d8+4,0.0,A
2985,37,14,7,3,1d12+4,1d6+4,30,18,7,3,1d10+4,1d8+4,5.0,A
2986,37,15,7,3,1d8+4,1d6+4,43,18,7,5,1d12+4,1d6+4,7.0,B
2987,49,16,7,4,1d10+4,1d8+4,37,18,7,5,1d12+4,1d6+4,9.0,A
2988,45,16,7,5,1d8+4,1d6+4,31,14,7,3,1d8+4,1d8+4,2.0,B
2989,40,15,7,5,1d10+4,1d6+4,35,14,7,5,1d12+4,1d8+4,6.0,B
2990,40,16,7,4,1d10+4,1d8+4,37,17,7,4,1d12+4,1d6+4,10.0,A
2991,42,17,7,4,1d12+4,1d8+4,37,16,7,5,1d8+4,1d6+4,4.0,B
2992,37,15,7,4,1d10+4,1d6+4,42,18,7,3,1d10+4,1d8+4,4.0,A
2993,40,14,7,5,1d10+4,1d8+4,33,14,7,3,1d12+4,1d8+4,2.0,B
2994,36,18,7,5,1d10+4,1d6+4,30,18,7,3,1d8+4,1d8+4,2.0,B
2995,47,17,7,3,1d8+4,1d6+4,49,15,7,4,1d10+4,1d8+4,7.0,B
2996,50,18,7,5,1d10+4,1d6+4,39,15,7,4,1d8+4,1d6+4,4.0,A
2997,40,16,7,4,1d8+4,1d8+4,33,16,7,4,1d12+4,1d8+4,5.0,A
2998,47,17,7,5,1d12+4,1d8+4,44,15,7,3,1d10+4,1d6+4,2.0,A
2999,32,18,7,4,1d12+4,1d8+4,40,15,7,3,1d8+4,1d6+4,7.0,A
3000,38,17,7,5,1d12+4,1d8+4,45,15,7,3,1d8+4,1d8+4,8.0,A
3001,47,14,7,3,1d8+4,1d6+4,44,18,7,3,1d12+4,1d6+4,7.0,A
3002,48,16,7,3,1d12+4,1d6+4,41,14,7,5,1d8+4,1d8+4,10.0,A
3003,48,14,7,5,1d12+4,1d8+4,33,17,7,5,1d8+4,1d6+4,7.0,A
3004,48,15,7,3,1d12+4,1d8+4,46,15,7,5,1d8+4,1d6+4,0.0,A
3005,45,16,7,3,1d8+4,1d8+4,43,14,7,3,1d12+4,1d6+4,7.0,B
3006,33,15,7,5,1d12+4,1d8+4,43,16,7,3,1d8+4,1d8+4,9.0,A
3007,46,14,7,3,1d12+4,1d8+4,30,16,7,4,1d10+4,1d8+4,9.0,A
3008,40,14,7,5,1d10+4,1d6+4,47,18,7,3,1d8+4,1d8+4,6.0,B
3009,50,16,7,5,1d12+4,1d6+4,47,18,7,4,1d8+4,1d8+4,3.0,A
3010,35,17,7,5,1d10+4,1d8+4,48,14,7,4,1d12+4,1d6+4,0.0,A
3011,48,16,7,4,1d10+4,1d6+4,34,16,7,3,1d12+4,1d8+4,0.0,A
3012,30,15,7,4,1d12+4,1d6+4,43,14,7,5,1d8+4,1d6+4,6.0,A
3013,30,15,7,4,1d10+4,1d6+4,38,17,7,5,1d10+4,1d6+4,5.0,B
3014,43,14,7,3,1d12+4,1d6+4,39,14,7,5,1d12+4,1d8+4,9.0,B
3015,34,14,7,4,1d10+4,1d8+4,43,16,7,3,1d8+4,1d6+4,4.0,B
3016,40,15,7,3,1d12+4,1d6+4,36,17,7,3,1d8+4,1d8+4,5.0,A
3017,33,16,7,5,1d8+4,1d8+4,34,15,7,3,1d8+4,1d8+4,3.0,A
3018,46,17,7,4,1d12+4,1d6+4,35,18,7,4,1d12+4,1d8+4,10.0,A
3019,34,18,7,4,1d10+4,1d8+4,42,17,7,5,1d8+4,1d6+4,5.0,A
3020,37,17,7,3,1d8+4,1d8+4,47,17,7,3,1d10+4,1d6+4,3.0,B
3021,44,18,7,3,1d8+4,1d6+4,48,18,7,4,1d8+4,1d8+4,3.0,A
3022,48,18,7,4,1d10+4,1d8+4,33,14,7,3,1d10+4,1d6+4,1.0,A
3023,34,16,7,4,1d12+4,1d6+4,40,14,7,5,1d12+4,1d8+4,0.0,B
3024,50,15,7,4,1d12+4,1d8+4,48,15,7,5,1d8+4,1d8+4,2.0,A
3025,33,16,7,5,1d8+4,1d6+4,30,18,7,5,1d8+4,1d6+4,3.0,B
3026,48,14,7,5,1d10+4,1d8+4,32,14,7,4,1d12+4,1d6+4,7.0,A
3027,44,14,7,5,1d12+4,1d6+4,47,15,7,5,1d10+4,1d8+4,8.0,B
3028,35,18,7,5,1d8+4,1d8+4,33,16,7,5,1d10+4,1d6+4,2.0,B
3029,48,18,7,5,1d10+4,1d6+4,33,16,7,4,1d10+4,1d8+4,7.0,A
3030,34,18,7,4,1d10+4,1d8+4,47,18,7,3,1d10+4,1d6+4,2.0,A
3031,43,17,7,3,1d8+4,1d6+4,34,17,7,3,1d8+4,1d6+4,6.0,A
3032,35,17,7,4,1d8+4,1d6+4,40,16,7,3,1d12+4,1d8+4,3.0,A
3033,44,15,7,4,1d8+4,1d8+4,41,17,7,5,1d10+4,1d8+4,5.0,A
3034,36,15,7,4,1d10+4,1d8+4,41,18,7,3,1d8+4,1d8+4,4.0,B
3035,46,15,7,4,1d8+4,1d8+4,45,17,7,4,1d10+4,1d8+4,9.0,A
3036,45,16,7,4,1d12+4,1d6+4,42,17,7,5,1d8+4,1d8+4,10.0,A
3037,41,14,7,3,1d8+4,1d6+4,49,15,7,4,1d10+4,1d6+4,9.0,A
3038,46,16,7,5,1d12+4,1d6+4,43,14,7,3,1d10+4,1d6+4,6.0,A
3039,39,14,7,4,1d10+4,1d6+4,39,18,7,4,1d8+4,1d6+4,6.0,B
3040,50,14,7,4,1d12+4,1d6+4,32,14,7,5,1d10+4,1d6+4,6.0,B
3041,45,18,7,4,1d8+4,1d8+4,36,18,7,3,1d8+4,1d8+4,1.0,A
3042,35,17,7,4,1d8+4,1d8+4,34,15,7,5,1d8+4,1d8+4,3.0,A
3043,45,15,7,4,1d8+4,1d6+4,38,18,7,5,1d10+4,1d6+4,2.0,B
3044,47,18,7,4,1d8+4,1d6+4,39,17,7,4,1d8+4,1d6+4,9.0,A
3045,37,14,7,4,1d12+4,1d8+4,42,17,7,3,1d10+4,1d8+4,6.0,A
3046,42,18,7,5,1d10+4,1d8+4,41,18,7,5,1d8+4,1d6+4,2.0,A
3047,31,16,7,4,1d10+4,1d6+4,30,16,7,3,1d12+4,1d8+4,3.0,A
3048,34,18,7,4,1d8+4,1d6+4,46,14,7,3,1d8+4,1d6+4,1.0,B
3049,43,14,7,5,1d10+4,1d8+4,37,17,7,3,1d10+4,1d6+4,7.0,B
3050,36,15,7,4,1d10+4,1d8+4,35,16,7,5,1d12+4,1d8+4,3.0,A
3051,37,17,7,4,1d12+4,1d6+4,50,17,7,5,1d8+4,1d6+4,7.0,B
3052,31,15,7,4,1d12+4,1d8+4,38,16,7,5,1d10+4,1d8+4,4.0,A
3053,39,18,7,5,1d12+4,1d8+4,34,18,7,5,1d10+4,1d8+4,2.0,A
3054,45,18,7,4,1d12+4,1d8+4,39,18,7,3,1d10+4,1d8+4,6.0,A
3055,38,17,7,3,1d12+4,1d6+4,35,16,7,3,1d8+4,1d8+4,4.0,A
3056,39,17,7,4,1d10+4,1d6+4,37,14,7,5,1d10+4,1d8+4,2.0,A
3057,47,14,7,3,1d8+4,1d6+4,45,18,7,3,1d10+4,1d8+4,4.0,A
3058,34,18,7,5,1d12+4,1d6+4,43,16,7,3,1d8+4,1d6+4,8.0,A
3059,43,14,7,5,1d10+4,1d8+4,45,18,7,4,1d12+4,1d6+4,2.0,B
3060,47,16,7,3,1d12+4,1d8+4,46,18,7,5,1d8+4,1d8+4,9.0,B
3061,40,15,7,3,1d10+4,1d6+4,38,15,7,3,1d12+4,1d6+4,2.0,A
3062,38,17,7,3,1d12+4,1d8+4,34,17,7,4,1d8+4,1d6+4,2.0,A
3063,46,15,7,5,1d10+4,1d8+4,38,14,7,4,1d8+4,1d8+4,2.0,A
3064,49,17,7,5,1d12+4,1d6+4,32,16,7,3,1d12+4,1d8+4,7.0,A
3065,43,14,7,4,1d8+4,1d6+4,42,14,7,4,1d10+4,1d6+4,10.0,B
3066,46,15,7,3,1d8+4,1d6+4,50,17,7,4,1d12+4,1d8+4,6.0,B
3067,46,18,7,4,1d10+4,1d8+4,43,18,7,4,1d10+4,1d8+4,4.0,B
3068,44,17,7,4,1d12+4,1d6+4,40,16,7,4,1d12+4,1d6+4,1.0,A
3069,43,18,7,3,1d10+4,1d8+4,34,15,7,3,1d10+4,1d8+4,5.0,B
3070,32,16,7,3,1d8+4,1d6+4,41,14,7,5,1d8+4,1d8+4,0.0,B
3071,31,16,7,4,1d8+4,1d8+4,45,17,7,3,1d8+4,1d6+4,0.0,B
3072,39,15,7,5,1d12+4,1d8+4,41,17,7,4,1d8+4,1d8+4,4.0,B
3073,48,16,7,5,1d10+4,1d8+4,42,15,7,4,1d12+4,1d6+4,8.0,A
3074,30,14,7,5,1d12+4,1d6+4,46,15,7,3,1d10+4,1d6+4,4.0,B
3075,34,15,7,4,1d12+4,1d6+4,30,17,7,4,1d8+4,1d8+4,2.0,A
3076,36,16,7,3,1d8+4,1d8+4,39,16,7,4,1d8+4,1d6+4,8.0,A
3077,49,14,7,3,1d12+4,1d6+4,40,17,7,3,1d12+4,1d6+4,6.0,A
3078,31,14,7,5,1d12+4,1d8+4,34,15,7,5,1d12+4,1d6+4,4.0,B
3079,41,18,7,3,1d10+4,1d6+4,39,15,7,5,1d10+4,1d6+4,5.0,A
3080,31,14,7,4,1d12+4,1d8+4,47,15,7,3,1d12+4,1d6+4,1.0,B
3081,32,17,7,3,1d8+4,1d6+4,50,16,7,4,1d10+4,1d8+4,7.0,B
3082,41,14,7,4,1d8+4,1d6+4,37,14,7,4,1d12+4,1d8+4,8.0,B
3083,45,17,7,3,1d8+4,1d6+4,37,17,7,4,1d10+4,1d6+4,1.0,B
3084,48,14,7,3,1d10+4,1d8+4,49,16,7,5,1d8+4,1d6+4,10.0,A
3085,47,15,7,5,1d10+4,1d8+4,48,16,7,5,1d8+4,1d8+4,7.0,A
3086,37,17,7,5,1d12+4,1d8+4,30,18,7,3,1d8+4,1d8+4,4.0,A
3087,34,14,7,3,1d10+4,1d8+4,42,15,7,3,1d8+4,1d6+4,6.0,A
3088,43,18,7,3,1d12+4,1d6+4,49,14,7,5,1d8+4,1d6+4,8.0,B
3089,34,16,7,3,1d10+4,1d8+4,37,14,7,4,1d12+4,1d6+4,3.0,A
3090,35,17,7,3,1d8+4,1d6+4,41,18,7,3,1d10+4,1d8+4,5.0,A
3091,47,17,7,4,1d10+4,1d6+4,41,15,7,4,1d10+4,1d8+4,10.0,B
3092,33,16,7,5,1d12+4,1d6+4,49,17,7,5,1d10+4,1d6+4,8.0,B
3093,46,15,7,4,1d12+4,1d6+4,33,18,7,5,1d10+4,1d8+4,4.0,A
3094,43,14,7,4,1d8+4,1d8+4,32,15,7,3,1d12+4,1d8+4,1.0,A
3095,45,14,7,4,1d10+4,1d8+4,35,18,7,4,1d10+4,1d6+4,10.0,A
3096,37,14,7,4,1d10+4,1d6+4,35,15,7,3,1d8+4,1d6+4,10.0,B
3097,35,14,7,5,1d8+4,1d8+4,48,17,7,4,1d8+4,1d8+4,4.0,B
3098,30,14,7,3,1d10+4,1d8+4,42,16,7,5,1d10+4,1d6+4,7.0,A
3099,45,14,7,5,1d12+4,1d8+4,42,16,7,3,1d8+4,1d8+4,9.0,A
3100,40,16,7,5,1d10+4,1d6+4,47,15,7,3,1d12+4,1d8+4,5.0,B
3101,50,16,7,4,1d8+4,1d6+4,31,15,7,3,1d10+4,1d8+4,1.0,A
3102,46,17,7,5,1d10+4,1d6+4,31,18,7,5,1d10+4,1d8+4,0.0,A
3103,34,15,7,4,1d10+4,1d8+4,38,14,7,5,1d12+4,1d8+4,6.0,A
3104,43,17,7,4,1d8+4,1d6+4,50,16,7,4,1d8+4,1d6+4,8.0,B
3105,42,18,7,5,1d10+4,1d8+4,39,15,7,4,1d10+4,1d8+4,6.0,A
3106,39,18,7,3,1d10+4,1d6+4,32,18,7,5,1d8+4,1d6+4,2.0,B
3107,44,15,7,3,1d10+4,1d8+4,48,14,7,5,1d8+4,1d8+4,5.0,B
3108,47,18,7,3,1d8+4,1d6+4,42,17,7,4,1d8+4,1d6+4,5.0,A
3109,36,17,7,3,1d8+4,1d6+4,45,14,7,5,1d12+4,1d8+4,3.0,A
3110,35,18,7,3,1d8+4,1d8+4,40,15,7,3,1d12+4,1d6+4,1.0,A
3111,45,17,7,4,1d8+4,1d8+4,35,16,7,4,1d8+4,1d6+4,6.0,B
3112,46,14,7,4,1d8+4,1d6+4,38,16,7,5,1d8+4,1d8+4,3.0,A
3113,36,15,7,3,1d8+4,1d8+4,34,15,7,5,1d12+4,1d8+4,1.0,B
3114,36,17,7,5,1d12+4,1d8+4,37,18,7,5,1d10+4,1d8+4,1.0,B
3115,37,18,7,3,1d10+4,1d6+4,36,17,7,5,1d8+4,1d8+4,5.0,A
3116,33,17,7,5,1d8+4,1d8+4,38,17,7,3,1d8+4,1d6+4,2.0,A
3117,37,17,7,5,1d12+4,1d6+4,39,17,7,3,1d10+4,1d8+4,8.0,A
3118,49,18,7,4,1d10+4,1d8+4,50,15,7,5,1d8+4,1d6+4,0.0,A
3119,33,18,7,5,1d8+4,1d8+4,31,17,7,4,1d12+4,1d8+4,2.0,A
3120,42,14,7,4,1d10+4,1d8+4,43,18,7,5,1d12+4,1d6+4,8.0,B
3121,44,18,7,4,1d8+4,1d8+4,43,18,7,3,1d8+4,1d8+4,10.0,A
3122,33,15,7,3,1d10+4,1d6+4,37,14,7,4,1d10+4,1d8+4,3.0,A
3123,35,17,7,3,1d10+4,1d8+4,35,18,7,5,1d12+4,1d6+4,6.0,B
3124,43,17,7,3,1d12+4,1d8+4,36,17,7,3,1d8+4,1d6+4,1.0,B
3125,36,17,7,4,1d8+4,1d6+4,42,17,7,4,1d8+4,1d8+4,9.0,B
3126,43,17,7,5,1d10+4,1d6+4,37,18,7,4,1d10+4,1d6+4,1.0,B
3127,37,18,7,4,1d10+4,1d6+4,49,18,7,3,1d12+4,1d8+4,7.0,B
3128,47,17,7,3,1d10+4,1d6+4,40,15,7,5,1d10+4,1d8+4,7.0,B
3129,35,15,7,5,1d8+4,1d8+4,30,14,7,4,1d8+4,1d6+4,3.0,B
3130,32,18,7,5,1d8+4,1d6+4,40,16,7,4,1d12+4,1d6+4,5.0,B
3131,46,15,7,4,1d12+4,1d6+4,36,16,7,5,1d8+4,1d8+4,7.0,A
3132,41,15,7,3,1d12+4,1d8+4,44,14,7,4,1d10+4,1d8+4,7.0,A
3133,37,17,7,5,1d12+4,1d6+4,36,17,7,4,1d8+4,1d8+4,6.0,A
3134,50,17,7,5,1d8+4,1d6+4,34,14,7,3,1d8+4,1d8+4,8.0,A
3135,46,17,7,4,1d8+4,1d6+4,45,17,7,3,1d10+4,1d8+4,1.0,B
3136,48,17,7,5,1d8+4,1d8+4,42,16,7,4,1d8+4,1d6+4,3.0,A
3137,33,16,7,4,1d12+4,1d8+4,36,14,7,5,1d8+4,1d8+4,10.0,A
3138,47,14,7,4,1d8+4,1d8+4,32,17,7,3,1d12+4,1d6+4,2.0,A
3139,50,18,7,5,1d10+4,1d6+4,49,17,7,3,1d10+4,1d8+4,0.0,A
3140,50,15,7,3,1d8+4,1d8+4,44,17,7,3,1d12+4,1d6+4,9.0,B
3141,41,15,7,5,1d12+4,1d6+4,34,18,7,4,1d12+4,1d6+4,10.0,A
3142,47,14,7,3,1d8+4,1d8+4,48,16,7,4,1d12+4,1d8+4,4.0,B
3143,34,16,7,4,1d12+4,1d8+4,30,17,7,3,1d8+4,1d6+4,0.0,B
3144,36,16,7,4,1d10+4,1d8+4,34,18,7,5,1d10+4,1d6+4,7.0,A
3145,45,16,7,3,1d8+4,1d6+4,48,16,7,5,1d8+4,1d6+4,9.0,B
3146,48,16,7,3,1d8+4,1d6+4,48,18,7,5,1d12+4,1d6+4,7.0,A
3147,49,15,7,5,1d8+4,1d8+4,33,18,7,3,1d8+4,1d8+4,6.0,A
3148,45,17,7,4,1d8+4,1d8+4,37,14,7,4,1d12+4,1d8+4,1.0,A
3149,39,18,7,4,1d10+4,1d8+4,50,17,7,4,1d8+4,1d8+4,9.0,A
3150,41,18,7,4,1d12+4,1d8+4,43,17,7,5,1d8+4,1d8+4,4.0,A
3151,48,15,7,4,1d8+4,1d8+4,38,14,7,5,1d10+4,1d8+4,5.0,B
3152,37,14,7,4,1d10+4,1d8+4,32,14,7,4,1d8+4,1d8+4,9.0,A
3153,41,15,7,3,1d12+4,1d6+4,41,16,7,5,1d8+4,1d6+4,8.0,A
3154,49,17,7,4,1d8+4,1d6+4,33,18,7,5,1d12+4,1d6+4,3.0,A
3155,46,15,7,5,1d12+4,1d6+4,41,14,7,3,1d10+4,1d6+4,9.0,A
3156,47,15,7,4,1d12+4,1d8+4,35,16,7,4,1d10+4,1d6+4,9.0,A
3157,50,17,7,4,1d8+4,1d6+4,31,16,7,4,1d8+4,1d8+4,5.0,A
3158,35,14,7,4,1d10+4,1d8+4,36,14,7,4,1d12+4,1d8+4,2.0,A
3159,31,15,7,3,1d8+4,1d6+4,40,18,7,4,1d10+4,1d8+4,3.0,A
3160,39,14,7,3,1d8+4,1d8+4,38,16,7,5,1d12+4,1d8+4,7.0,A
3161,36,14,7,5,1d10+4,1d8+4,45,15,7,3,1d12+4,1d6+4,0.0,B
3162,40,15,7,3,1d8+4,1d6+4,32,14,7,5,1d8+4,1d8+4,0.0,A
3163,39,17,7,5,1d12+4,1d6+4,36,15,7,4,1d12+4,1d6+4,6.0,A
3164,39,16,7,4,1d8+4,1d8+4,34,18,7,5,1d10+4,1d6+4,8.0,B
3165,37,15,7,3,1d12+4,1d6+4,31,18,7,3,1d10+4,1d8+4,1.0,B
3166,46,16,7,3,1d10+4,1d6+4,46,16,7,3,1d8+4,1d8+4,6.0,A
3167,48,15,7,3,1d12+4,1d6+4,42,18,7,5,1d12+4,1d8+4,10.0,B
3168,47,16,7,3,1d12+4,1d8+4,44,14,7,4,1d10+4,1d6+4,3.0,A
3169,42,18,7,5,1d10+4,1d8+4,33,17,7,4,1d8+4,1d8+4,10.0,A
3170,31,15,7,4,1d8+4,1d8+4,36,17,7,4,1d10+4,1d6+4,9.0,A
3171,37,18,7,4,1d8+4,1d6+4,45,16,7,5,1d12+4,1d6+4,9.0,B
3172,39,14,7,3,1d10+4,1d6+4,43,14,7,5,1d12+4,1d6+4,2.0,A
3173,35,15,7,3,1d12+4,1d6+4,47,15,7,4,1d8+4,1d6+4,1.0,A
3174,45,18,7,4,1d8+4,1d6+4,39,15,7,5,1d8+4,1d6+4,10.0,A
3175,44,16,7,4,1d12+4,1d6+4,44,14,7,5,1d12+4,1d8+4,5.0,B
3176,31,14,7,3,1d8+4,1d8+4,38,17,7,5,1d12+4,1d6+4,0.0,B
3177,45,15,7,3,1d8+4,1d6+4,49,18,7,3,1d10+4,1d8+4,1.0,B
3178,32,14,7,5,1d10+4,1d6+4,38,16,7,4,1d10+4,1d6+4,6.0,A
3179,35,18,7,5,1d12+4,1d6+4,36,15,7,4,1d8+4,1d6+4,3.0,B
3180,37,17,7,5,1d12+4,1d6+4,40,16,7,4,1d8+4,1d6+4,0.0,A
3181,38,16,7,4,1d8+4,1d6+4,46,18,7,4,1d10+4,1d6+4,0.0,B
3182,35,14,7,3,1d8+4,1d6+4,39,18,7,3,1d12+4,1d6+4,4.0,B
3183,41,16,7,3,1d10+4,1d6+4,40,18,7,3,1d10+4,1d6+4,9.0,B
3184,49,18,7,4,1d8+4,1d6+4,38,18,7,4,1d10+4,1d8+4,2.0,B
3185,40,16,7,3,1d8+4,1d6+4,46,17,7,3,1d10+4,1d8+4,2.0,B
3186,47,15,7,5,1d12+4,1d6+4,44,18,7,4,1d8+4,1d6+4,2.0,B
3187,44,18,7,3,1d12+4,1d8+4,32,17,7,5,1d10+4,1d8+4,4.0,A
3188,30,17,7,5,1d8+4,1d8+4,32,15,7,4,1d8+4,1d8+4,10.0,A
3189,41,17,7,3,1d8+4,1d8+4,40,16,7,3,1d10+4,1d6+4,5.0,B
3190,43,18,7,5,1d12+4,1d6+4,50,18,7,5,1d10+4,1d6+4,10.0,B
3191,44,14,7,3,1d8+4,1d8+4,39,18,7,3,1d8+4,1d8+4,3.0,B
3192,31,17,7,4,1d12+4,1d8+4,47,15,7,5,1d10+4,1d8+4,9.0,B
3193,37,14,7,5,1d8+4,1d6+4,43,15,7,3,1d10+4,1d6+4,0.0,B
3194,35,18,7,3,1d10+4,1d8+4,33,18,7,4,1d8+4,1d8+4,1.0,A
3195,41,15,7,3,1d12+4,1d8+4,43,15,7,4,1d10+4,1d8+4,10.0,B
3196,50,16,7,3,1d10+4,1d6+4,46,18,7,4,1d10+4,1d8+4,8.0,A
3197,37,16,7,4,1d10+4,1d8+4,45,17,7,4,1d8+4,1d8+4,6.0,B
3198,47,17,7,4,1d12+4,1d8+4,34,14,7,3,1d12+4,1d6+4,3.0,B
3199,46,16,7,4,1d10+4,1d8+4,34,14,7,3,1d12+4,1d8+4,0.0,A
3200,37,16,7,3,1d8+4,1d8+4,39,15,7,4,1d8+4,1d6+4,5.0,A
3201,32,15,7,4,1d8+4,1d8+4,46,14,7,5,1d10+4,1d6+4,4.0,B
3202,47,17,7,3,1d8+4,1d6+4,49,18,7,3,1d12+4,1d6+4,6.0,A
3203,46,14,7,5,1d8+4,1d6+4,33,15,7,4,1d10+4,1d8+4,9.0,A
3204,30,15,7,4,1d12+4,1d6+4,38,18,7,4,1d10+4,1d6+4,10.0,A
3205,45,16,7,5,1d8+4,1d6+4,34,14,7,4,1d8+4,1d8+4,6.0,A
3206,47,15,7,4,1d12+4,1d8+4,49,17,7,4,1d12+4,1d8+4,3.0,A
3207,45,14,7,3,1d8+4,1d8+4,33,18,7,4,1d10+4,1d8+4,7.0,A
3208,43,18,7,4,1d12+4,1d6+4,38,18,7,3,1d12+4,1d6+4,9.0,B
3209,34,17,7,3,1d8+4,1d6+4,40,16,7,3,1d10+4,1d6+4,7.0,B
3210,40,14,7,4,1d8+4,1d6+4,44,18,7,4,1d10+4,1d8+4,4.0,A
3211,45,17,7,5,1d10+4,1d6+4,32,14,7,5,1d10+4,1d8+4,6.0,A
3212,41,15,7,3,1d10+4,1d8+4,30,15,7,3,1d8+4,1d6+4,8.0,A
3213,43,17,7,5,1d8+4,1d8+4,37,14,7,5,1d8+4,1d8+4,9.0,A
3214,43,17,7,4,1d8+4,1d8+4,32,17,7,4,1d12+4,1d6+4,6.0,A
3215,32,16,7,5,1d10+4,1d6+4,48,18,7,3,1d12+4,1d8+4,3.0,A
3216,50,17,7,5,1d12+4,1d6+4,31,15,7,5,1d12+4,1d6+4,3.0,A
3217,43,14,7,5,1d12+4,1d8+4,42,18,7,5,1d12+4,1d8+4,9.0,A
3218,33,17,7,4,1d12+4,1d8+4,35,16,7,5,1d12+4,1d8+4,2.0,A
3219,37,14,7,4,1d12+4,1d8+4,48,15,7,4,1d8+4,1d8+4,0.0,B
3220,35,15,7,5,1d8+4,1d6+4,30,16,7,5,1d8+4,1d8+4,3.0,A
3221,30,16,7,5,1d12+4,1d6+4,46,16,7,5,1d8+4,1d8+4,4.0,A
3222,47,16,7,3,1d10+4,1d8+4,43,15,7,4,1d10+4,1d6+4,7.0,A
3223,39,15,7,5,1d8+4,1d8+4,34,17,7,4,1d8+4,1d8+4,4.0,B
3224,30,18,7,4,1d10+4,1d8+4,30,15,7,3,1d12+4,1d6+4,3.0,B
3225,32,18,7,4,1d12+4,1d8+4,41,18,7,4,1d8+4,1d8+4,9.0,B
3226,31,17,7,3,1d12+4,1d8+4,42,16,7,3,1d8+4,1d6+4,6.0,B
3227,45,14,7,3,1d12+4,1d8+4,33,15,7,4,1d12+4,1d8+4,8.0,A
3228,50,16,7,3,1d12+4,1d6+4,36,18,7,4,1d8+4,1d6+4,1.0,A
3229,42,15,7,5,1d8+4,1d8+4,42,17,7,3,1d10+4,1d6+4,6.0,B
3230,34,17,7,3,1d8+4,1d8+4,33,15,7,5,1d8+4,1d6+4,3.0,B
3231,31,16,7,3,1d8+4,1d6+4,32,17,7,4,1d12+4,1d6+4,9.0,B
3232,48,16,7,3,1d8+4,1d6+4,46,14,7,4,1d8+4,1d8+4,8.0,A
3233,31,16,7,5,1d8+4,1d8+4,46,17,7,3,1d8+4,1d8+4,7.0,B
3234,47,14,7,4,1d10+4,1d8+4,43,15,7,4,1d8+4,1d6+4,0.0,A
3235,37,15,7,4,1d8+4,1d8+4,35,17,7,3,1d10+4,1d8+4,1.0,B
3236,33,15,7,4,1d10+4,1d6+4,37,18,7,5,1d12+4,1d8+4,4.0,B
3237,39,18,7,3,1d12+4,1d6+4,36,17,7,3,1d12+4,1d8+4,9.0,A
3238,33,16,7,5,1d8+4,1d6+4,39,18,7,3,1d12+4,1d6+4,0.0,B
3239,39,18,7,5,1d12+4,1d6+4,35,16,7,5,1d12+4,1d6+4,4.0,A
3240,38,15,7,4,1d12+4,1d6+4,37,15,7,4,1d10+4,1d6+4,4.0,B
3241,36,17,7,4,1d10+4,1d6+4,37,18,7,5,1d12+4,1d6+4,8.0,B
3242,38,16,7,4,1d10+4,1d8+4,41,18,7,4,1d10+4,1d6+4,4.0,B
3243,47,17,7,4,1d10+4,1d6+4,47,14,7,3,1d10+4,1d6+4,4.0,A
3244,49,15,7,4,1d10+4,1d6+4,50,15,7,5,1d10+4,1d8+4,9.0,B
3245,36,14,7,5,1d8+4,1d6+4,33,14,7,4,1d12+4,1d6+4,9.0,A
3246,40,15,7,3,1d10+4,1d6+4,32,14,7,3,1d12+4,1d8+4,3.0,B
3247,47,15,7,3,1d12+4,1d6+4,46,14,7,5,1d10+4,1d6+4,10.0,A
3248,32,17,7,4,1d10+4,1d8+4,47,18,7,4,1d12+4,1d6+4,5.0,A
3249,39,14,7,3,1d12+4,1d6+4,40,15,7,5,1d8+4,1d8+4,2.0,A
3250,47,15,7,3,1d10+4,1d8+4,42,14,7,5,1d12+4,1d6+4,2.0,A
3251,41,16,7,4,1d8+4,1d6+4,40,16,7,3,1d10+4,1d8+4,8.0,A
3252,37,14,7,5,1d12+4,1d8+4,50,16,7,4,1d8+4,1d8+4,6.0,B
3253,37,16,7,5,1d12+4,1d6+4,35,18,7,4,1d12+4,1d6+4,6.0,A
3254,35,16,7,3,1d12+4,1d6+4,50,17,7,4,1d12+4,1d6+4,1.0,B
3255,31,15,7,5,1d12+4,1d6+4,50,14,7,3,1d12+4,1d6+4,2.0,B
3256,44,15,7,5,1d10+4,1d8+4,40,18,7,5,1d12+4,1d8+4,4.0,B
3257,50,17,7,4,1d10+4,1d6+4,35,18,7,5,1d12+4,1d6+4,10.0,A
3258,34,18,7,4,1d12+4,1d6+4,31,16,7,5,1d10+4,1d6+4,5.0,A
3259,50,15,7,3,1d12+4,1d6+4,34,17,7,4,1d12+4,1d8+4,1.0,B
3260,30,16,7,5,1d10+4,1d8+4,47,15,7,5,1d12+4,1d8+4,8.0,B
3261,44,18,7,4,1d8+4,1d6+4,41,14,7,5,1d8+4,1d8+4,9.0,A
3262,36,15,7,3,1d8+4,1d6+4,43,16,7,3,1d10+4,1d8+4,10.0,B
3263,50,15,7,5,1d10+4,1d8+4,41,16,7,5,1d12+4,1d6+4,0.0,A
3264,42,15,7,4,1d10+4,1d6+4,33,14,7,4,1d8+4,1d6+4,0.0,A
3265,38,14,7,4,1d8+4,1d6+4,50,16,7,4,1d8+4,1d8+4,10.0,B
3266,46,16,7,3,1d10+4,1d8+4,32,15,7,4,1d8+4,1d6+4,8.0,A
3267,37,15,7,5,1d12+4,1d8+4,44,17,7,5,1d12+4,1d8+4,9.0,A
3268,30,14,7,4,1d12+4,1d6+4,34,18,7,5,1d12+4,1d8+4,2.0,B
3269,38,16,7,5,1d12+4,1d8+4,37,14,7,4,1d10+4,1d6+4,3.0,B
3270,41,18,7,3,1d12+4,1d8+4,35,17,7,4,1d10+4,1d8+4,9.0,B
3271,31,14,7,5,1d8+4,1d6+4,34,15,7,3,1d10+4,1d8+4,2.0,A
3272,33,15,7,5,1d12+4,1d6+4,35,15,7,5,1d8+4,1d8+4,9.0,A
3273,49,17,7,5,1d10+4,1d8+4,48,18,7,4,1d10+4,1d8+4,2.0,A
3274,35,17,7,3,1d12+4,1d8+4,50,16,7,5,1d10+4,1d8+4,6.0,A
3275,31,18,7,3,1d12+4,1d8+4,38,15,7,5,1d8+4,1d8+4,4.0,A
3276,45,14,7,5,1d8+4,1d8+4,45,14,7,5,1d10+4,1d6+4,3.0,B
3277,41,17,7,3,1d12+4,1d8+4,30,18,7,3,1d10+4,1d6+4,7.0,B
3278,33,18,7,4,1d10+4,1d6+4,48,15,7,4,1d12+4,1d6+4,10.0,A
3279,34,15,7,3,1d12+4,1d8+4,42,14,7,3,1d12+4,1d8+4,0.0,B
3280,33,18,7,4,1d12+4,1d8+4,35,18,7,4,1d12+4,1d8+4,4.0,A
3281,35,18,7,4,1d10+4,1d6+4,32,15,7,3,1d10+4,1d6+4,4.0,B
3282,48,14,7,4,1d8+4,1d8+4,34,14,7,3,1d10+4,1d8+4,3.0,B
3283,43,14,7,3,1d12+4,1d6+4,41,14,7,3,1d10+4,1d8+4,2.0,A
3284,31,14,7,3,1d10+4,1d6+4,48,16,7,4,1d12+4,1d8+4,6.0,B
3285,32,17,7,5,1d12+4,1d6+4,30,18,7,4,1d8+4,1d6+4,8.0,B
3286,44,17,7,4,1d8+4,1d8+4,34,15,7,4,1d12+4,1d8+4,8.0,A
3287,42,18,7,4,1d8+4,1d8+4,50,17,7,5,1d10+4,1d6+4,5.0,A
3288,44,15,7,5,1d12+4,1d6+4,31,15,7,3,1d12+4,1d8+4,6.0,A
3289,34,16,7,4,1d10+4,1d8+4,35,15,7,3,1d8+4,1d8+4,8.0,B
3290,48,17,7,4,1d10+4,1d8+4,43,17,7,4,1d12+4,1d8+4,3.0,A
3291,32,16,7,3,1d12+4,1d8+4,36,14,7,3,1d8+4,1d8+4,9.0,B
3292,37,17,7,5,1d10+4,1d6+4,36,17,7,3,1d8+4,1d8+4,4.0,B
3293,33,16,7,4,1d10+4,1d8+4,39,17,7,3,1d8+4,1d8+4,9.0,A
3294,30,14,7,5,1d10+4,1d6+4,43,17,7,5,1d8+4,1d8+4,8.0,B
3295,50,14,7,4,1d10+4,1d6+4,44,15,7,4,1d8+4,1d8+4,0.0,B
3296,47,14,7,3,1d8+4,1d8+4,42,15,7,5,1d12+4,1d8+4,5.0,B
3297,39,17,7,5,1d10+4,1d6+4,44,15,7,5,1d8+4,1d8+4,7.0,A
3298,46,17,7,3,1d10+4,1d8+4,44,18,7,4,1d10+4,1d6+4,5.0,A
3299,41,17,7,3,1d8+4,1d6+4,31,15,7,4,1d12+4,1d8+4,9.0,B
3300,35,18,7,3,1d12+4,1d8+4,32,14,7,4,1d8+4,1d8+4,0.0,A
3301,32,14,7,4,1d12+4,1d8+4,32,18,7,5,1d8+4,1d8+4,9.0,B
3302,44,14,7,3,1d10+4,1d8+4,42,15,7,3,1d10+4,1d8+4,9.0,A
3303,48,18,7,3,1d8+4,1d6+4,41,15,7,4,1d10+4,1d6+4,7.0,A
3304,30,18,7,4,1d12+4,1d6+4,37,18,7,5,1d10+4,1d8+4,2.0,A
3305,30,14,7,5,1d10+4,1d8+4,50,18,7,3,1d8+4,1d8+4,7.0,A
3306,46,16,7,4,1d10+4,1d6+4,31,15,7,4,1d8+4,1d8+4,0.0,A
3307,33,15,7,3,1d10+4,1d8+4,30,18,7,4,1d10+4,1d8+4,0.0,B
3308,47,16,7,3,1d12+4,1d8+4,41,16,7,5,1d12+4,1d8+4,4.0,B
3309,44,16,7,4,1d10+4,1d8+4,31,14,7,4,1d12+4,1d8+4,9.0,A
3310,46,16,7,4,1d10+4,1d6+4,35,18,7,3,1d10+4,1d6+4,7.0,A
3311,47,17,7,4,1d10+4,1d6+4,46,16,7,3,1d12+4,1d8+4,4.0,A
3312,44,17,7,4,1d10+4,1d6+4,33,16,7,5,1d10+4,1d8+4,4.0,A
3313,32,15,7,3,1d12+4,1d8+4,34,14,7,3,1d8+4,1d8+4,3.0,A
3314,47,18,7,3,1d10+4,1d6+4,34,16,7,5,1d10+4,1d8+4,6.0,A
3315,49,18,7,4,1d8+4,1d6+4,40,14,7,5,1d12+4,1d8+4,4.0,A
3316,33,15,7,3,1d10+4,1d6+4,36,15,7,3,1d10+4,1d6+4,4.0,A
3317,39,18,7,5,1d10+4,1d8+4,31,18,7,4,1d12+4,1d6+4,5.0,A
3318,33,16,7,4,1d10+4,1d8+4,46,17,7,4,1d12+4,1d6+4,2.0,B
3319,38,14,7,3,1d8+4,1d8+4,43,18,7,3,1d8+4,1d6+4,7.0,B
3320,36,14,7,4,1d12+4,1d8+4,36,16,7,3,1d12+4,1d8+4,8.0,B
3321,42,14,7,4,1d10+4,1d6+4,39,16,7,5,1d8+4,1d6+4,1.0,A
3322,50,16,7,3,1d10+4,1d8+4,34,17,7,4,1d12+4,1d8+4,6.0,A
3323,41,18,7,3,1d8+4,1d8+4,50,17,7,4,1d8+4,1d8+4,9.0,B
3324,40,15,7,4,1d8+4,1d8+4,44,14,7,5,1d10+4,1d6+4,0.0,A
3325,38,17,7,5,1d8+4,1d6+4,46,15,7,5,1d12+4,1d8+4,4.0,B
3326,42,17,7,5,1d10+4,1d6+4,38,17,7,3,1d8+4,1d8+4,6.0,A
3327,48,17,7,4,1d10+4,1d8+4,49,18,7,3,1d8+4,1d6+4,9.0,A
3328,31,15,7,3,1d12+4,1d8+4,37,15,7,3,1d8+4,1d6+4,6.0,A
3329,37,18,7,4,1d8+4,1d8+4,47,14,7,5,1d12+4,1d6+4,7.0,B
3330,31,16,7,3,1d8+4,1d6+4,42,18,7,5,1d8+4,1d6+4,7.0,B
3331,44,18,7,5,1d12+4,1d6+4,40,16,7,4,1d12+4,1d8+4,2.0,A
3332,38,17,7,4,1d12+4,1d6+4,47,18,7,3,1d8+4,1d8+4,7.0,B
3333,41,15,7,3,1d8+4,1d8+4,49,16,7,3,1d12+4,1d6+4,9.0,A
3334,46,15,7,4,1d8+4,1d8+4,34,17,7,3,1d12+4,1d8+4,5.0,A
3335,31,15,7,3,1d12+4,1d6+4,37,17,7,5,1d12+4,1d6+4,9.0,B
3336,44,14,7,4,1d10+4,1d6+4,41,17,7,5,1d10+4,1d6+4,10.0,A
3337,50,16,7,3,1d12+4,1d8+4,44,15,7,5,1d10+4,1d6+4,10.0,A
3338,35,15,7,4,1d10+4,1d6+4,44,16,7,4,1d10+4,1d6+4,8.0,B
3339,48,16,7,4,1d8+4,1d8+4,48,18,7,4,1d10+4,1d8+4,5.0,B
3340,35,16,7,5,1d12+4,1d6+4,32,16,7,4,1d12+4,1d8+4,5.0,B
3341,31,17,7,5,1d8+4,1d8+4,31,17,7,5,1d8+4,1d8+4,4.0,A
3342,45,17,7,5,1d8+4,1d8+4,40,15,7,4,1d10+4,1d6+4,8.0,B
3343,49,15,7,4,1d12+4,1d6+4,39,18,7,5,1d8+4,1d8+4,6.0,A
3344,49,14,7,3,1d10+4,1d8+4,48,16,7,5,1d12+4,1d8+4,4.0,B
3345,38,18,7,3,1d12+4,1d6+4,34,14,7,3,1d12+4,1d6+4,0.0,B
3346,40,18,7,4,1d10+4,1d6+4,50,15,7,5,1d10+4,1d8+4,2.0,A
3347,36,15,7,5,1d8+4,1d8+4,42,16,7,3,1d10+4,1d6+4,3.0,A
3348,30,15,7,3,1d10+4,1d6+4,33,17,7,5,1d8+4,1d8+4,6.0,A
3349,43,18,7,4,1d12+4,1d8+4,43,15,7,3,1d12+4,1d8+4,3.0,B
3350,36,14,7,5,1d8+4,1d8+4,45,16,7,5,1d12+4,1d6+4,1.0,B
3351,42,16,7,4,1d8+4,1d6+4,30,18,7,4,1d12+4,1d6+4,9.0,A
3352,37,14,7,3,1d8+4,1d6+4,30,15,7,5,1d12+4,1d6+4,5.0,B
3353,50,15,7,3,1d12+4,1d8+4,30,15,7,3,1d8+4,1d8+4,7.0,A
3354,50,16,7,5,1d12+4,1d8+4,32,14,7,4,1d8+4,1d6+4,10.0,A
3355,45,17,7,4,1d12+4,1d8+4,49,17,7,5,1d8+4,1d8+4,8.0,A
3356,42,18,7,5,1d12+4,1d8+4,31,18,7,4,1d12+4,1d8+4,8.0,B
3357,50,16,7,5,1d10+4,1d6+4,47,16,7,4,1d8+4,1d8+4,3.0,B
3358,41,15,7,4,1d12+4,1d8+4,32,16,7,3,1d10+4,1d6+4,6.0,A
3359,33,15,7,3,1d10+4,1d8+4,34,14,7,5,1d8+4,1d8+4,2.0,A
3360,47,18,7,3,1d10+4,1d8+4,33,18,7,4,1d8+4,1d6+4,9.0,B
3361,37,18,7,5,1d8+4,1d8+4,36,14,7,3,1d10+4,1d6+4,1.0,A
3362,50,16,7,5,1d10+4,1d6+4,40,14,7,3,1d10+4,1d8+4,2.0,B
3363,35,16,7,4,1d10+4,1d8+4,42,18,7,5,1d8+4,1d6+4,6.0,A
3364,37,17,7,5,1d8+4,1d8+4,37,17,7,5,1d10+4,1d8+4,7.0,A
3365,46,16,7,4,1d8+4,1d8+4,39,16,7,5,1d8+4,1d6+4,8.0,B
3366,34,18,7,3,1d12+4,1d6+4,42,17,7,5,1d8+4,1d8+4,2.0,A
3367,50,17,7,4,1d12+4,1d6+4,47,16,7,4,1d8+4,1d6+4,4.0,A
3368,48,17,7,3,1d8+4,1d8+4,40,18,7,3,1d8+4,1d8+4,6.0,B
3369,43,15,7,5,1d12+4,1d6+4,44,14,7,5,1d10+4,1d6+4,9.0,B
3370,41,17,7,5,1d10+4,1d6+4,35,17,7,3,1d8+4,1d8+4,2.0,B
3371,30,15,7,3,1d10+4,1d8+4,41,18,7,3,1d10+4,1d8+4,6.0,A
3372,31,17,7,3,1d12+4,1d6+4,38,18,7,3,1d12+4,1d6+4,1.0,B
3373,50,15,7,5,1d12+4,1d8+4,33,17,7,4,1d8+4,1d8+4,1.0,B
3374,44,16,7,4,1d8+4,1d6+4,46,18,7,5,1d12+4,1d8+4,6.0,B
3375,35,16,7,3,1d12+4,1d8+4,39,17,7,4,1d10+4,1d8+4,9.0,B
3376,38,14,7,5,1d8+4,1d8+4,46,14,7,4,1d10+4,1d6+4,2.0,B
3377,39,18,7,5,1d8+4,1d6+4,37,15,7,4,1d12+4,1d8+4,8.0,B
3378,35,15,7,4,1d8+4,1d8+4,35,14,7,4,1d10+4,1d6+4,1.0,B
3379,37,16,7,5,1d8+4,1d6+4,48,16,7,4,1d12+4,1d6+4,2.0,B
3380,40,18,7,4,1d12+4,1d8+4,47,14,7,5,1d8+4,1d8+4,6.0,B
3381,41,17,7,4,1d12+4,1d6+4,37,17,7,4,1d10+4,1d8+4,1.0,A
3382,41,17,7,3,1d12+4,1d6+4,48,16,7,4,1d8+4,1d8+4,10.0,A
3383,30,18,7,5,1d8+4,1d8+4,34,15,7,3,1d12+4,1d8+4,10.0,A
3384,35,15,7,4,1d10+4,1d6+4,43,14,7,3,1d10+4,1d6+4,7.0,B
3385,34,14,7,4,1d10+4,1d8+4,33,15,7,3,1d10+4,1d8+4,3.0,A
3386,39,17,7,4,1d12+4,1d6+4,30,18,7,5,1d12+4,1d6+4,5.0,A
3387,43,18,7,4,1d8+4,1d8+4,41,18,7,4,1d10+4,1d8+4,0.0,B
3388,41,18,7,5,1d12+4,1d6+4,34,18,7,5,1d10+4,1d8+4,2.0,B
3389,43,17,7,4,1d12+4,1d8+4,31,14,7,5,1d12+4,1d8+4,1.0,A
3390,50,14,7,5,1d12+4,1d8+4,45,14,7,4,1d10+4,1d8+4,4.0,B
3391,35,15,7,5,1d8+4,1d8+4,50,18,7,5,1d12+4,1d6+4,6.0,B
3392,42,18,7,3,1d8+4,1d6+4,36,14,7,4,1d8+4,1d6+4,5.0,A
3393,31,17,7,4,1d8+4,1d8+4,47,17,7,5,1d10+4,1d6+4,0.0,B
3394,33,14,7,5,1d12+4,1d6+4,42,15,7,5,1d10+4,1d8+4,10.0,B
3395,31,18,7,5,1d12+4,1d8+4,40,15,7,5,1d12+4,1d6+4,1.0,A
3396,32,15,7,5,1d8+4,1d8+4,32,17,7,5,1d10+4,1d6+4,5.0,A
3397,38,18,7,5,1d10+4,1d6+4,44,17,7,5,1d12+4,1d8+4,8.0,A
3398,44,18,7,3,1d10+4,1d8+4,50,18,7,3,1d10+4,1d8+4,4.0,B
3399,46,17,7,4,1d8+4,1d6+4,48,17,7,5,1d12+4,1d6+4,5.0,A
3400,40,16,7,5,1d10+4,1d6+4,37,18,7,4,1d10+4,1d6+4,3.0,A
3401,39,14,7,5,1d12+4,1d6+4,32,17,7,3,1d12+4,1d6+4,3.0,A
3402,34,14,7,4,1d10+4,1d6+4,49,15,7,4,1d10+4,1d6+4,10.0,A
3403,37,15,7,5,1d8+4,1d6+4,46,17,7,4,1d8+4,1d8+4,1.0,B
3404,49,14,7,3,1d12+4,1d8+4,45,17,7,3,1d12+4,1d8+4,10.0,A
3405,34,16,7,3,1d8+4,1d6+4,43,18,7,5,1d10+4,1d8+4,9.0,B
3406,43,18,7,4,1d8+4,1d6+4,40,18,7,4,1d12+4,1d8+4,8.0,A
3407,50,16,7,3,1d8+4,1d6+4,49,15,7,3,1d8+4,1d6+4,1.0,A
3408,42,14,7,4,1d10+4,1d6+4,48,14,7,5,1d12+4,1d8+4,5.0,A
3409,32,18,7,5,1d8+4,1d6+4,33,18,7,4,1d12+4,1d8+4,7.0,B
3410,33,18,7,4,1d12+4,1d8+4,50,17,7,4,1d12+4,1d6+4,4.0,B
3411,38,15,7,3,1d12+4,1d6+4,32,16,7,5,1d12+4,1d8+4,0.0,B
3412,50,17,7,5,1d8+4,1d6+4,33,16,7,4,1d10+4,1d8+4,8.0,A
3413,45,15,7,4,1d10+4,1d8+4,43,17,7,5,1d8+4,1d6+4,1.0,B
3414,47,17,7,5,1d8+4,1d6+4,45,18,7,3,1d12+4,1d8+4,7.0,B
3415,42,15,7,5,1d10+4,1d8+4,42,14,7,5,1d8+4,1d6+4,7.0,A
3416,41,17,7,3,1d10+4,1d6+4,32,17,7,4,1d12+4,1d8+4,4.0,A
3417,32,18,7,3,1d10+4,1d6+4,36,15,7,4,1d10+4,1d6+4,9.0,B
3418,48,18,7,5,1d10+4,1d6+4,42,14,7,3,1d12+4,1d6+4,1.0,A
3419,38,16,7,5,1d8+4,1d6+4,41,17,7,5,1d10+4,1d8+4,9.0,B
3420,45,14,7,3,1d10+4,1d8+4,30,16,7,4,1d8+4,1d6+4,8.0,A
3421,42,17,7,3,1d8+4,1d8+4,39,17,7,5,1d12+4,1d8+4,3.0,A
3422,33,14,7,5,1d12+4,1d8+4,39,17,7,4,1d8+4,1d6+4,9.0,A
3423,37,17,7,3,1d10+4,1d6+4,43,14,7,5,1d8+4,1d8+4,2.0,B
3424,46,18,7,3,1d12+4,1d8+4,32,14,7,3,1d10+4,1d6+4,7.0,A
3425,32,16,7,5,1d10+4,1d6+4,44,17,7,4,1d10+4,1d6+4,5.0,A
3426,30,17,7,5,1d12+4,1d6+4,47,15,7,3,1d8+4,1d6+4,6.0,A
3427,43,15,7,4,1d10+4,1d8+4,35,17,7,5,1d8+4,1d6+4,2.0,A
3428,40,17,7,4,1d10+4,1d8+4,33,15,7,5,1d10+4,1d6+4,6.0,B
3429,50,17,7,5,1d10+4,1d6+4,50,18,7,4,1d12+4,1d6+4,9.0,B
3430,30,15,7,3,1d10+4,1d6+4,43,18,7,3,1d12+4,1d8+4,6.0,B
3431,30,18,7,4,1d10+4,1d6+4,38,14,7,4,1d12+4,1d8+4,0.0,A
3432,33,15,7,5,1d12+4,1d8+4,33,15,7,3,1d10+4,1d6+4,5.0,A
3433,43,18,7,4,1d8+4,1d8+4,45,16,7,3,1d8+4,1d8+4,9.0,A
3434,46,18,7,4,1d12+4,1d6+4,39,17,7,3,1d10+4,1d6+4,6.0,A
3435,39,14,7,3,1d12+4,1d6+4,46,18,7,4,1d10+4,1d8+4,5.0,B
3436,32,15,7,5,1d12+4,1d6+4,45,17,7,4,1d8+4,1d8+4,8.0,A
3437,30,15,7,3,1d8+4,1d6+4,32,14,7,4,1d8+4,1d8+4,10.0,B
3438,36,18,7,3,1d10+4,1d8+4,39,18,7,4,1d8+4,1d8+4,0.0,A
3439,48,16,7,3,1d12+4,1d6+4,50,18,7,5,1d8+4,1d8+4,10.0,B
3440,32,14,7,3,1d12+4,1d6+4,35,16,7,4,1d8+4,1d6+4,10.0,A
3441,34,18,7,5,1d8+4,1d8+4,33,14,7,5,1d12+4,1d6+4,5.0,B
3442,34,15,7,4,1d12+4,1d6+4,35,15,7,5,1d8+4,1d6+4,8.0,A
3443,46,16,7,5,1d12+4,1d8+4,42,18,7,3,1d12+4,1d8+4,8.0,B
3444,30,18,7,4,1d8+4,1d8+4,32,17,7,5,1d12+4,1d6+4,5.0,B
3445,40,16,7,5,1d8+4,1d6+4,37,18,7,5,1d12+4,1d8+4,8.0,B
3446,38,16,7,5,1d12+4,1d6+4,45,15,7,3,1d12+4,1d8+4,7.0,B
3447,46,15,7,4,1d8+4,1d6+4,33,14,7,4,1d10+4,1d6+4,7.0,B
3448,48,17,7,3,1d12+4,1d8+4,50,17,7,3,1d12+4,1d8+4,8.0,A
3449,43,18,7,3,1d10+4,1d8+4,32,18,7,4,1d12+4,1d8+4,3.0,B
3450,32,15,7,3,1d12+4,1d6+4,38,14,7,3,1d12+4,1d8+4,0.0,A
3451,49,17,7,4,1d12+4,1d6+4,41,18,7,3,1d12+4,1d6+4,5.0,B
3452,31,14,7,4,1d12+4,1d8+4,44,14,7,3,1d10+4,1d6+4,5.0,B
3453,31,18,7,4,1d10+4,1d6+4,48,15,7,4,1d10+4,1d6+4,3.0,B
3454,41,17,7,5,1d10+4,1d6+4,41,17,7,4,1d10+4,1d8+4,1.0,A
3455,49,14,7,4,1d10+4,1d6+4,43,14,7,4,1d10+4,1d6+4,3.0,B
3456,38,17,7,3,1d12+4,1d6+4,47,18,7,3,1d12+4,1d8+4,1.0,B
3457,35,18,7,3,1d12+4,1d6+4,39,17,7,4,1d10+4,1d8+4,2.0,A
3458,34,16,7,5,1d10+4,1d8+4,40,17,7,3,1d12+4,1d6+4,0.0,B
3459,34,15,7,5,1d8+4,1d6+4,42,14,7,3,1d8+4,1d6+4,4.0,A
3460,33,14,7,5,1d12+4,1d6+4,44,14,7,3,1d10+4,1d6+4,7.0,A
3461,32,14,7,3,1d12+4,1d8+4,48,15,7,5,1d8+4,1d6+4,1.0,A
3462,31,15,7,3,1d10+4,1d8+4,35,17,7,3,1d10+4,1d8+4,7.0,B
3463,44,17,7,5,1d10+4,1d8+4,34,15,7,4,1d8+4,1d8+4,4.0,A
3464,43,14,7,4,1d8+4,1d6+4,48,16,7,4,1d8+4,1d6+4,9.0,B
3465,32,15,7,3,1d12+4,1d8+4,39,15,7,3,1d8+4,1d8+4,6.0,A
3466,39,15,7,5,1d8+4,1d8+4,31,15,7,5,1d10+4,1d6+4,3.0,A
3467,46,17,7,5,1d10+4,1d8+4,46,14,7,3,1d8+4,1d8+4,8.0,A
3468,31,18,7,5,1d8+4,1d6+4,37,15,7,5,1d10+4,1d6+4,1.0,A
3469,32,15,7,4,1d10+4,1d8+4,50,16,7,5,1d8+4,1d6+4,5.0,B
3470,45,14,7,4,1d10+4,1d6+4,36,14,7,5,1d10+4,1d6+4,9.0,A
3471,31,14,7,5,1d12+4,1d6+4,48,18,7,3,1d10+4,1d8+4,8.0,B
3472,37,15,7,3,1d12+4,1d8+4,32,16,7,3,1d12+4,1d6+4,4.0,A
3473,45,18,7,3,1d8+4,1d6+4,46,14,7,4,1d10+4,1d6+4,7.0,B
3474,39,16,7,4,1d10+4,1d6+4,43,17,7,4,1d8+4,1d8+4,0.0,B
3475,43,15,7,5,1d8+4,1d6+4,44,15,7,4,1d8+4,1d6+4,0.0,A
3476,47,15,7,4,1d10+4,1d6+4,38,14,7,4,1d8+4,1d8+4,0.0,A
3477,39,17,7,5,1d8+4,1d8+4,45,15,7,4,1d10+4,1d8+4,2.0,A
3478,50,15,7,5,1d12+4,1d6+4,45,17,7,5,1d12+4,1d8+4,4.0,A
3479,43,15,7,4,1d8+4,1d6+4,44,17,7,4,1d8+4,1d8+4,3.0,B
3480,36,16,7,5,1d12+4,1d8+4,47,16,7,3,1d12+4,1d8+4,8.0,A
3481,44,16,7,3,1d10+4,1d8+4,37,17,7,3,1d12+4,1d8+4,4.0,B
3482,30,18,7,5,1d12+4,1d8+4,44,15,7,5,1d10+4,1d6+4,4.0,A
3483,37,15,7,4,1d8+4,1d6+4,30,14,7,5,1d8+4,1d6+4,0.0,A
3484,32,14,7,4,1d12+4,1d6+4,43,18,7,3,1d10+4,1d6+4,2.0,B
3485,42,15,7,5,1d10+4,1d6+4,45,17,7,3,1d12+4,1d8+4,10.0,B
3486,35,16,7,5,1d12+4,1d8+4,48,18,7,4,1d12+4,1d6+4,6.0,B
3487,45,16,7,5,1d8+4,1d8+4,47,18,7,3,1d12+4,1d6+4,0.0,B
3488,44,14,7,4,1d8+4,1d6+4,40,16,7,5,1d10+4,1d6+4,6.0,A
3489,40,18,7,5,1d12+4,1d6+4,32,14,7,3,1d8+4,1d6+4,9.0,B
3490,48,17,7,4,1d12+4,1d8+4,42,17,7,5,1d10+4,1d8+4,10.0,B
3491,43,15,7,5,1d10+4,1d6+4,30,18,7,3,1d12+4,1d6+4,7.0,A
3492,31,16,7,4,1d10+4,1d8+4,43,16,7,5,1d8+4,1d8+4,5.0,B
3493,42,18,7,4,1d8+4,1d8+4,32,16,7,3,1d10+4,1d8+4,0.0,A
3494,44,14,7,5,1d8+4,1d6+4,38,17,7,3,1d10+4,1d8+4,4.0,B
3495,36,17,7,3,1d8+4,1d6+4,31,15,7,3,1d12+4,1d8+4,6.0,B
3496,41,16,7,5,1d8+4,1d8+4,48,18,7,3,1d12+4,1d6+4,5.0,B
3497,49,18,7,5,1d10+4,1d8+4,31,15,7,3,1d10+4,1d6+4,8.0,A
3498,38,14,7,5,1d12+4,1d6+4,37,18,7,3,1d10+4,1d6+4,5.0,B
3499,39,15,7,5,1d10+4,1d8+4,50,17,7,4,1d12+4,1d6+4,4.0,B
3500,48,17,7,3,1d12+4,1d6+4,32,15,7,3,1d12+4,1d8+4,8.0,A
3501,38,16,7,5,1d10+4,1d8+4,48,14,7,4,1d8+4,1d6+4,2.0,B
3502,33,16,7,3,1d10+4,1d6+4,38,14,7,3,1d12+4,1d6+4,2.0,B
3503,34,15,7,4,1d12+4,1d6+4,47,18,7,3,1d10+4,1d8+4,7.0,B
3504,36,17,7,4,1d12+4,1d8+4,42,17,7,3,1d12+4,1d6+4,9.0,B
3505,32,16,7,3,1d10+4,1d6+4,42,16,7,3,1d10+4,1d8+4,3.0,B
3506,36,16,7,5,1d12+4,1d8+4,41,18,7,4,1d10+4,1d8+4,0.0,A
3507,50,18,7,3,1d10+4,1d6+4,32,18,7,4,1d12+4,1d6+4,6.0,A
3508,36,14,7,3,1d10+4,1d8+4,50,16,7,4,1d8+4,1d6+4,2.0,B
3509,34,14,7,3,1d10+4,1d8+4,46,15,7,3,1d12+4,1d6+4,0.0,B
3510,32,16,7,3,1d8+4,1d8+4,38,17,7,4,1d8+4,1d8+4,3.0,A
3511,49,16,7,5,1d12+4,1d6+4,30,15,7,3,1d10+4,1d6+4,7.0,A
3512,48,16,7,3,1d12+4,1d6+4,33,17,7,3,1d10+4,1d6+4,2.0,A
3513,50,15,7,4,1d10+4,1d8+4,47,18,7,4,1d10+4,1d6+4,10.0,A
3514,40,14,7,3,1d10+4,1d8+4,35,16,7,3,1d8+4,1d8+4,5.0,A
3515,40,14,7,5,1d12+4,1d8+4,43,17,7,4,1d8+4,1d8+4,0.0,B
3516,45,18,7,5,1d8+4,1d8+4,35,15,7,5,1d10+4,1d6+4,4.0,A
3517,34,15,7,3,1d10+4,1d6+4,41,14,7,4,1d10+4,1d6+4,2.0,A
3518,48,16,7,5,1d12+4,1d6+4,44,16,7,5,1d12+4,1d6+4,10.0,B
3519,43,17,7,5,1d8+4,1d8+4,41,14,7,5,1d8+4,1d8+4,3.0,A
3520,40,16,7,3,1d12+4,1d6+4,37,18,7,5,1d10+4,1d6+4,0.0,A
3521,31,18,7,3,1d12+4,1d8+4,39,18,7,4,1d10+4,1d6+4,4.0,B
3522,35,14,7,5,1d8+4,1d8+4,36,17,7,5,1d12+4,1d6+4,3.0,B
3523,30,14,7,5,1d12+4,1d6+4,36,18,7,4,1d10+4,1d8+4,3.0,B
3524,50,14,7,5,1d8+4,1d8+4,46,18,7,3,1d8+4,1d8+4,3.0,A
3525,50,16,7,5,1d12+4,1d8+4,35,15,7,3,1d8+4,1d6+4,7.0,A
3526,30,14,7,5,1d8+4,1d6+4,42,14,7,3,1d10+4,1d6+4,9.0,A
3527,36,15,7,4,1d10+4,1d8+4,35,18,7,3,1d10+4,1d8+4,0.0,A
3528,41,18,7,5,1d8+4,1d6+4,50,17,7,5,1d10+4,1d8+4,0.0,A
3529,43,17,7,5,1d8+4,1d8+4,46,18,7,4,1d8+4,1d8+4,7.0,B
3530,49,18,7,4,1d10+4,1d8+4,34,15,7,3,1d12+4,1d8+4,4.0,A
3531,38,15,7,5,1d10+4,1d8+4,34,16,7,5,1d12+4,1d8+4,0.0,A
3532,44,16,7,4,1d10+4,1d6+4,40,15,7,4,1d8+4,1d8+4,5.0,A
3533,32,16,7,4,1d8+4,1d6+4,34,18,7,5,1d12+4,1d8+4,1.0,A
3534,42,15,7,4,1d12+4,1d8+4,32,15,7,5,1d12+4,1d6+4,10.0,B
3535,31,14,7,4,1d8+4,1d8+4,41,17,7,4,1d8+4,1d6+4,3.0,A
3536,40,17,7,5,1d12+4,1d6+4,34,16,7,3,1d8+4,1d8+4,0.0,A
3537,42,16,7,4,1d12+4,1d6+4,46,16,7,5,1d12+4,1d8+4,10.0,B
3538,46,18,7,5,1d12+4,1d8+4,30,14,7,4,1d12+4,1d8+4,2.0,A
3539,37,18,7,4,1d10+4,1d8+4,39,18,7,3,1d8+4,1d6+4,1.0,B
3540,50,15,7,4,1d8+4,1d6+4,44,15,7,4,1d8+4,1d8+4,8.0,A
3541,46,16,7,5,1d8+4,1d8+4,31,18,7,3,1d12+4,1d8+4,6.0,B
3542,42,14,7,4,1d12+4,1d6+4,45,15,7,3,1d12+4,1d6+4,7.0,B
3543,49,14,7,4,1d8+4,1d6+4,45,18,7,3,1d10+4,1d8+4,7.0,B
3544,36,17,7,4,1d10+4,1d6+4,33,16,7,3,1d8+4,1d8+4,5.0,A
3545,40,16,7,4,1d8+4,1d8+4,44,17,7,5,1d10+4,1d8+4,3.0,A
3546,45,14,7,3,1d10+4,1d6+4,36,17,7,3,1d8+4,1d8+4,1.0,A
3547,35,15,7,3,1d10+4,1d6+4,39,14,7,4,1d10+4,1d8+4,3.0,A
3548,42,14,7,3,1d10+4,1d6+4,39,18,7,3,1d12+4,1d6+4,6.0,B
3549,42,17,7,3,1d8+4,1d6+4,30,18,7,5,1d10+4,1d6+4,4.0,A
3550,45,14,7,3,1d8+4,1d6+4,41,17,7,4,1d12+4,1d8+4,1.0,B
3551,42,14,7,4,1d8+4,1d6+4,32,17,7,4,1d12+4,1d8+4,3.0,A
3552,41,18,7,3,1d8+4,1d8+4,35,18,7,4,1d12+4,1d6+4,0.0,B
3553,31,15,7,3,1d12+4,1d6+4,38,15,7,4,1d10+4,1d6+4,3.0,A
3554,47,18,7,4,1d8+4,1d8+4,30,14,7,5,1d12+4,1d8+4,6.0,A
3555,48,14,7,3,1d12+4,1d8+4,48,15,7,4,1d10+4,1d8+4,9.0,A
3556,30,17,7,5,1d8+4,1d6+4,48,14,7,5,1d10+4,1d6+4,2.0,B
3557,41,18,7,3,1d10+4,1d6+4,38,14,7,4,1d12+4,1d8+4,9.0,A
3558,42,18,7,4,1d12+4,1d6+4,35,15,7,4,1d12+4,1d6+4,7.0,A
3559,46,17,7,3,1d10+4,1d6+4,45,17,7,3,1d12+4,1d6+4,2.0,B
3560,38,14,7,4,1d8+4,1d8+4,34,16,7,3,1d12+4,1d6+4,9.0,A
3561,48,16,7,3,1d12+4,1d8+4,30,14,7,3,1d12+4,1d6+4,6.0,A
3562,47,14,7,4,1d10+4,1d6+4,34,15,7,3,1d8+4,1d6+4,1.0,A
3563,47,15,7,5,1d10+4,1d6+4,49,16,7,5,1d8+4,1d6+4,9.0,A
3564,40,17,7,3,1d8+4,1d6+4,44,17,7,5,1d12+4,1d8+4,8.0,A
3565,46,18,7,4,1d8+4,1d8+4,49,15,7,5,1d8+4,1d8+4,2.0,A
3566,46,15,7,4,1d8+4,1d6+4,45,18,7,5,1d12+4,1d6+4,5.0,A
3567,47,18,7,4,1d10+4,1d8+4,32,16,7,3,1d10+4,1d6+4,0.0,A
3568,37,17,7,4,1d10+4,1d6+4,43,18,7,5,1d12+4,1d8+4,0.0,A
3569,31,17,7,5,1d12+4,1d6+4,41,15,7,5,1d10+4,1d8+4,10.0,B
3570,40,18,7,4,1d8+4,1d8+4,36,18,7,3,1d10+4,1d8+4,3.0,B
3571,34,14,7,5,1d8+4,1d8+4,42,14,7,5,1d10+4,1d6+4,1.0,B
3572,44,16,7,4,1d10+4,1d8+4,45,15,7,3,1d12+4,1d8+4,6.0,B
3573,31,16,7,5,1d12+4,1d8+4,34,17,7,5,1d12+4,1d6+4,0.0,B
3574,34,16,7,3,1d12+4,1d8+4,36,17,7,5,1d12+4,1d6+4,2.0,B
3575,42,16,7,5,1d10+4,1d6+4,36,17,7,5,1d8+4,1d8+4,3.0,A
3576,31,14,7,5,1d8+4,1d6+4,30,18,7,4,1d8+4,1d6+4,2.0,B
3577,45,16,7,3,1d10+4,1d8+4,30,18,7,4,1d8+4,1d6+4,4.0,B
3578,30,17,7,3,1d12+4,1d6+4,35,16,7,4,1d12+4,1d8+4,9.0,A
3579,37,18,7,3,1d8+4,1d8+4,45,15,7,4,1d8+4,1d6+4,9.0,A
3580,47,14,7,4,1d10+4,1d6+4,44,18,7,4,1d8+4,1d6+4,2.0,B
3581,42,16,7,5,1d10+4,1d6+4,32,17,7,5,1d8+4,1d6+4,0.0,B
3582,41,17,7,4,1d10+4,1d8+4,45,17,7,4,1d10+4,1d8+4,6.0,B
3583,41,15,7,4,1d8+4,1d6+4,47,14,7,3,1d8+4,1d6+4,8.0,B
3584,49,17,7,4,1d12+4,1d8+4,38,18,7,3,1d12+4,1d6+4,5.0,B
3585,45,15,7,5,1d10+4,1d6+4,40,17,7,4,1d10+4,1d6+4,6.0,B
3586,41,15,7,3,1d10+4,1d6+4,49,17,7,3,1d12+4,1d6+4,6.0,A
3587,45,15,7,5,1d10+4,1d6+4,41,16,7,5,1d10+4,1d6+4,10.0,B
3588,42,18,7,5,1d8+4,1d6+4,33,16,7,3,1d8+4,1d8+4,10.0,B
3589,37,14,7,4,1d12+4,1d6+4,41,14,7,5,1d10+4,1d8+4,0.0,A
3590,33,18,7,3,1d12+4,1d8+4,39,17,7,5,1d10+4,1d6+4,6.0,A
3591,40,15,7,3,1d10+4,1d8+4,50,16,7,5,1d10+4,1d8+4,10.0,A
3592,50,15,7,4,1d10+4,1d6+4,41,18,7,5,1d8+4,1d8+4,6.0,A
3593,38,14,7,3,1d8+4,1d6+4,31,17,7,5,1d12+4,1d8+4,3.0,B
3594,31,16,7,5,1d12+4,1d8+4,35,17,7,4,1d8+4,1d8+4,4.0,B
3595,35,14,7,3,1d12+4,1d8+4,38,17,7,5,1d8+4,1d6+4,5.0,A
3596,47,15,7,3,1d12+4,1d8+4,50,16,7,4,1d10+4,1d8+4,7.0,B
3597,50,16,7,3,1d12+4,1d6+4,39,16,7,5,1d10+4,1d6+4,9.0,B
3598,42,17,7,4,1d10+4,1d6+4,49,18,7,3,1d8+4,1d6+4,4.0,A
3599,31,17,7,4,1d8+4,1d8+4,30,18,7,3,1d10+4,1d8+4,5.0,A
3600,39,17,7,5,1d12+4,1d8+4,45,15,7,4,1d10+4,1d8+4,2.0,A
3601,44,16,7,4,1d12+4,1d6+4,47,18,7,5,1d8+4,1d6+4,6.0,B
3602,35,18,7,4,1d10+4,1d8+4,45,15,7,3,1d10+4,1d8+4,4.0,A
3603,48,17,7,4,1d10+4,1d6+4,47,14,7,3,1d8+4,1d6+4,9.0,A
3604,34,16,7,3,1d10+4,1d8+4,48,15,7,5,1d10+4,1d8+4,0.0,A
3605,36,17,7,3,1d10+4,1d6+4,36,18,7,3,1d12+4,1d8+4,0.0,B
3606,31,14,7,3,1d10+4,1d8+4,36,14,7,4,1d12+4,1d8+4,6.0,B
3607,31,15,7,4,1d12+4,1d8+4,31,17,7,4,1d10+4,1d8+4,1.0,A
3608,43,16,7,4,1d10+4,1d6+4,34,17,7,4,1d12+4,1d6+4,7.0,B
3609,39,16,7,4,1d10+4,1d6+4,50,15,7,4,1d10+4,1d8+4,8.0,A
3610,34,14,7,3,1d8+4,1d8+4,34,18,7,3,1d8+4,1d8+4,7.0,A
3611,41,18,7,3,1d8+4,1d8+4,36,17,7,4,1d8+4,1d6+4,7.0,A
3612,42,14,7,5,1d8+4,1d8+4,49,16,7,5,1d8+4,1d8+4,1.0,B
3613,38,18,7,5,1d12+4,1d8+4,49,14,7,4,1d12+4,1d6+4,10.0,A
3614,45,16,7,5,1d8+4,1d8+4,48,17,7,4,1d8+4,1d8+4,3.0,B
3615,41,18,7,3,1d10+4,1d8+4,31,14,7,5,1d10+4,1d6+4,0.0,A
3616,36,14,7,4,1d10+4,1d6+4,30,16,7,4,1d10+4,1d6+4,10.0,B
3617,30,17,7,5,1d10+4,1d6+4,34,15,7,5,1d8+4,1d8+4,1.0,A
3618,40,18,7,5,1d10+4,1d8+4,36,14,7,5,1d10+4,1d6+4,0.0,A
3619,45,16,7,4,1d10+4,1d6+4,42,16,7,3,1d8+4,1d8+4,8.0,A
3620,49,15,7,3,1d8+4,1d6+4,50,15,7,4,1d12+4,1d6+4,1.0,B
3621,30,17,7,4,1d12+4,1d8+4,35,18,7,4,1d10+4,1d6+4,0.0,B
3622,30,15,7,5,1d8+4,1d6+4,33,14,7,3,1d8+4,1d8+4,10.0,B
3623,46,18,7,4,1d12+4,1d8+4,32,15,7,4,1d8+4,1d8+4,3.0,A
3624,36,18,7,3,1d10+4,1d8+4,49,15,7,5,1d12+4,1d8+4,10.0,B
3625,42,17,7,3,1d12+4,1d6+4,48,16,7,4,1d8+4,1d6+4,1.0,B
3626,31,16,7,3,1d8+4,1d8+4,44,14,7,5,1d10+4,1d8+4,6.0,A
3627,33,16,7,3,1d12+4,1d8+4,47,18,7,4,1d8+4,1d6+4,4.0,B
3628,31,18,7,3,1d10+4,1d8+4,35,15,7,4,1d8+4,1d8+4,6.0,A
3629,37,18,7,3,1d10+4,1d8+4,47,17,7,3,1d10+4,1d8+4,7.0,B
3630,41,17,7,5,1d12+4,1d6+4,45,15,7,3,1d10+4,1d8+4,3.0,B
3631,36,16,7,4,1d12+4,1d6+4,45,15,7,3,1d12+4,1d8+4,4.0,A
3632,34,14,7,3,1d12+4,1d8+4,30,15,7,4,1d10+4,1d8+4,5.0,A
3633,45,14,7,4,1d8+4,1d6+4,49,14,7,3,1d8+4,1d8+4,0.0,B
3634,46,18,7,4,1d10+4,1d6+4,30,17,7,5,1d10+4,1d6+4,9.0,A
3635,49,15,7,3,1d10+4,1d6+4,33,15,7,4,1d10+4,1d8+4,3.0,A
3636,36,15,7,3,1d12+4,1d8+4,35,17,7,3,1d8+4,1d6+4,10.0,B
3637,37,14,7,4,1d12+4,1d8+4,46,18,7,3,1d10+4,1d6+4,0.0,A
3638,34,16,7,4,1d10+4,1d8+4,31,15,7,4,1d12+4,1d6+4,1.0,A
3639,44,15,7,5,1d12+4,1d8+4,36,14,7,3,1d12+4,1d8+4,4.0,A
3640,33,16,7,3,1d8+4,1d8+4,39,14,7,5,1d8+4,1d8+4,8.0,A
3641,35,14,7,4,1d12+4,1d8+4,41,15,7,5,1d10+4,1d8+4,8.0,A
3642,47,14,7,3,1d10+4,1d8+4,39,17,7,4,1d12+4,1d6+4,6.0,A
3643,31,18,7,3,1d8+4,1d6+4,44,18,7,3,1d12+4,1d8+4,0.0,B
3644,42,14,7,3,1d12+4,1d6+4,42,15,7,4,1d12+4,1d6+4,7.0,A
3645,33,16,7,3,1d10+4,1d8+4,30,16,7,4,1d8+4,1d6+4,1.0,A
3646,32,18,7,3,1d12+4,1d8+4,31,18,7,5,1d8+4,1d8+4,0.0,A
3647,31,14,7,5,1d10+4,1d6+4,43,16,7,5,1d8+4,1d6+4,10.0,B
3648,35,15,7,3,1d8+4,1d6+4,49,18,7,3,1d12+4,1d8+4,3.0,B
3649,46,18,7,4,1d10+4,1d8+4,37,14,7,3,1d12+4,1d6+4,4.0,B
3650,38,17,7,4,1d12+4,1d6+4,32,14,7,5,1d10+4,1d6+4,7.0,A
3651,35,16,7,4,1d12+4,1d6+4,35,15,7,3,1d8+4,1d6+4,1.0,A
3652,37,18,7,4,1d8+4,1d8+4,31,18,7,3,1d10+4,1d6+4,8.0,B
3653,36,14,7,5,1d12+4,1d6+4,41,15,7,3,1d8+4,1d6+4,7.0,A
3654,43,14,7,5,1d12+4,1d8+4,37,18,7,5,1d12+4,1d6+4,5.0,A
3655,43,18,7,3,1d8+4,1d8+4,46,18,7,4,1d12+4,1d6+4,1.0,B
3656,30,17,7,4,1d10+4,1d8+4,32,17,7,4,1d8+4,1d8+4,2.0,A
3657,30,15,7,3,1d8+4,1d6+4,46,14,7,4,1d10+4,1d8+4,6.0,B
3658,34,16,7,3,1d8+4,1d8+4,40,15,7,5,1d8+4,1d8+4,4.0,A
3659,35,18,7,4,1d10+4,1d6+4,30,14,7,3,1d12+4,1d8+4,2.0,A
3660,35,14,7,5,1d8+4,1d6+4,43,16,7,4,1d8+4,1d8+4,2.0,A
3661,39,17,7,5,1d8+4,1d6+4,33,18,7,3,1d10+4,1d8+4,1.0,B
3662,35,18,7,5,1d12+4,1d6+4,43,16,7,3,1d10+4,1d8+4,7.0,B
3663,48,17,7,4,1d8+4,1d8+4,46,17,7,3,1d8+4,1d8+4,2.0,B
3664,49,16,7,5,1d12+4,1d6+4,40,15,7,5,1d8+4,1d6+4,9.0,A
3665,43,14,7,5,1d8+4,1d8+4,43,15,7,3,1d12+4,1d6+4,10.0,B
3666,40,18,7,5,1d10+4,1d8+4,47,18,7,4,1d12+4,1d6+4,10.0,A
3667,36,15,7,4,1d10+4,1d6+4,37,18,7,3,1d8+4,1d8+4,0.0,B
3668,32,16,7,4,1d12+4,1d6+4,42,14,7,3,1d12+4,1d8+4,1.0,B
3669,46,16,7,3,1d8+4,1d8+4,40,17,7,4,1d12+4,1d8+4,4.0,B
3670,46,17,7,3,1d8+4,1d8+4,50,18,7,3,1d10+4,1d6+4,1.0,B
3671,36,16,7,3,1d10+4,1d8+4,41,15,7,4,1d10+4,1d6+4,10.0,B
3672,39,16,7,4,1d8+4,1d8+4,33,18,7,4,1d12+4,1d8+4,0.0,A
3673,30,18,7,4,1d12+4,1d8+4,46,17,7,4,1d8+4,1d8+4,4.0,A
3674,39,16,7,3,1d8+4,1d6+4,39,15,7,4,1d8+4,1d8+4,7.0,A
3675,47,18,7,3,1d8+4,1d6+4,50,15,7,3,1d8+4,1d8+4,1.0,B
3676,35,18,7,5,1d10+4,1d8+4,33,16,7,4,1d10+4,1d6+4,1.0,A
3677,31,17,7,5,1d8+4,1d8+4,31,18,7,4,1d8+4,1d6+4,10.0,A
3678,45,17,7,3,1d12+4,1d8+4,44,18,7,3,1d8+4,1d8+4,7.0,B
3679,42,16,7,5,1d8+4,1d8+4,32,17,7,4,1d8+4,1d6+4,2.0,B
3680,46,15,7,4,1d8+4,1d8+4,47,15,7,5,1d10+4,1d8+4,9.0,B
3681,38,17,7,3,1d10+4,1d8+4,31,18,7,3,1d10+4,1d8+4,8.0,A
3682,37,17,7,3,1d12+4,1d8+4,31,14,7,3,1d12+4,1d8+4,5.0,B
3683,39,15,7,5,1d10+4,1d6+4,30,16,7,4,1d12+4,1d8+4,6.0,A
3684,34,16,7,3,1d8+4,1d8+4,34,16,7,4,1d12+4,1d6+4,7.0,A
3685,34,17,7,4,1d12+4,1d6+4,34,15,7,3,1d12+4,1d6+4,6.0,A
3686,47,16,7,4,1d8+4,1d8+4,34,14,7,4,1d12+4,1d6+4,7.0,A
3687,46,15,7,4,1d12+4,1d8+4,30,17,7,3,1d8+4,1d6+4,4.0,A
3688,39,15,7,3,1d12+4,1d6+4,38,16,7,5,1d8+4,1d6+4,3.0,A
3689,39,18,7,4,1d10+4,1d6+4,30,16,7,3,1d8+4,1d8+4,6.0,A
3690,47,18,7,4,1d10+4,1d8+4,42,15,7,5,1d12+4,1d6+4,7.0,B
3691,30,15,7,5,1d10+4,1d6+4,47,14,7,3,1d12+4,1d6+4,9.0,A
3692,32,14,7,5,1d12+4,1d6+4,44,15,7,4,1d8+4,1d8+4,10.0,B
3693,33,15,7,4,1d8+4,1d8+4,38,14,7,3,1d8+4,1d6+4,4.0,B
3694,32,16,7,4,1d10+4,1d8+4,49,14,7,4,1d10+4,1d6+4,7.0,B
3695,46,17,7,4,1d10+4,1d6+4,43,17,7,4,1d10+4,1d8+4,4.0,B
3696,37,18,7,3,1d10+4,1d8+4,31,17,7,5,1d10+4,1d6+4,4.0,A
3697,36,17,7,4,1d8+4,1d6+4,39,18,7,5,1d12+4,1d6+4,0.0,B
3698,49,14,7,4,1d12+4,1d8+4,49,16,7,3,1d12+4,1d6+4,6.0,B
3699,33,15,7,4,1d8+4,1d6+4,42,16,7,5,1d10+4,1d6+4,3.0,B
3700,47,17,7,3,1d10+4,1d8+4,44,14,7,4,1d8+4,1d6+4,10.0,A
3701,34,17,7,5,1d12+4,1d6+4,44,18,7,5,1d10+4,1d6+4,10.0,B
3702,41,15,7,5,1d10+4,1d8+4,36,17,7,4,1d8+4,1d8+4,6.0,A
3703,33,17,7,4,1d8+4,1d8+4,49,14,7,3,1d8+4,1d6+4,4.0,B
3704,49,14,7,4,1d10+4,1d6+4,34,18,7,5,1d8+4,1d6+4,7.0,B
3705,50,18,7,4,1d8+4,1d6+4,44,17,7,3,1d8+4,1d8+4,5.0,A
3706,43,18,7,5,1d12+4,1d6+4,36,16,7,3,1d10+4,1d8+4,2.0,B
3707,48,18,7,4,1d10+4,1d6+4,31,14,7,3,1d12+4,1d6+4,6.0,A
3708,38,16,7,3,1d10+4,1d6+4,50,14,7,3,1d12+4,1d6+4,4.0,A
3709,34,16,7,3,1d8+4,1d6+4,48,18,7,5,1d12+4,1d6+4,9.0,B
3710,50,17,7,4,1d10+4,1d8+4,33,18,7,4,1d10+4,1d8+4,6.0,A
3711,48,16,7,3,1d10+4,1d6+4,34,16,7,4,1d12+4,1d8+4,8.0,A
3712,42,15,7,3,1d8+4,1d8+4,35,14,7,4,1d12+4,1d8+4,2.0,A
3713,41,16,7,3,1d10+4,1d6+4,36,17,7,5,1d12+4,1d6+4,7.0,A
3714,33,15,7,3,1d12+4,1d8+4,46,15,7,4,1d10+4,1d6+4,3.0,B
3715,38,15,7,4,1d12+4,1d8+4,36,17,7,4,1d12+4,1d8+4,2.0,A
3716,49,16,7,5,1d8+4,1d8+4,34,16,7,3,1d8+4,1d6+4,7.0,B
3717,32,15,7,5,1d12+4,1d8+4,45,15,7,3,1d12+4,1d6+4,6.0,B
3718,33,18,7,4,1d10+4,1d6+4,41,18,7,4,1d10+4,1d8+4,7.0,A
3719,41,14,7,4,1d10+4,1d8+4,30,14,7,5,1d10+4,1d8+4,5.0,B
3720,35,16,7,3,1d10+4,1d6+4,39,18,7,4,1d10+4,1d8+4,5.0,B
3721,42,15,7,4,1d12+4,1d8+4,47,15,7,4,1d12+4,1d6+4,5.0,A
3722,37,16,7,3,1d10+4,1d8+4,38,14,7,5,1d8+4,1d8+4,4.0,A
3723,40,17,7,5,1d12+4,1d8+4,37,17,7,5,1d12+4,1d8+4,4.0,B
3724,30,15,7,5,1d12+4,1d6+4,42,15,7,3,1d8+4,1d6+4,4.0,B
3725,38,15,7,3,1d8+4,1d6+4,49,17,7,5,1d10+4,1d6+4,10.0,A
3726,46,16,7,3,1d12+4,1d8+4,44,17,7,3,1d10+4,1d8+4,0.0,B
3727,44,17,7,4,1d10+4,1d8+4,44,14,7,5,1d10+4,1d6+4,1.0,A
3728,47,15,7,5,1d10+4,1d6+4,34,17,7,4,1d10+4,1d8+4,10.0,A
3729,33,18,7,5,1d10+4,1d8+4,36,14,7,5,1d8+4,1d6+4,2.0,A
3730,36,16,7,5,1d10+4,1d6+4,35,14,7,3,1d10+4,1d8+4,1.0,B
3731,48,18,7,5,1d12+4,1d8+4,47,17,7,3,1d8+4,1d8+4,4.0,A
3732,34,15,7,3,1d8+4,1d6+4,48,15,7,4,1d12+4,1d8+4,8.0,B
3733,35,17,7,3,1d12+4,1d8+4,39,17,7,5,1d8+4,1d8+4,3.0,B
3734,32,16,7,4,1d8+4,1d8+4,38,15,7,5,1d10+4,1d6+4,3.0,A
3735,35,16,7,5,1d8+4,1d6+4,39,18,7,4,1d10+4,1d6+4,4.0,B
3736,48,17,7,3,1d10+4,1d8+4,30,15,7,5,1d8+4,1d6+4,4.0,A
3737,50,15,7,3,1d12+4,1d8+4,38,14,7,5,1d12+4,1d8+4,5.0,B
3738,34,17,7,4,1d12+4,1d8+4,48,15,7,3,1d12+4,1d8+4,1.0,A
3739,33,14,7,4,1d8+4,1d8+4,48,16,7,4,1d8+4,1d8+4,1.0,B
3740,42,16,7,5,1d10+4,1d8+4,34,18,7,3,1d8+4,1d6+4,0.0,B
3741,30,17,7,5,1d12+4,1d8+4,46,14,7,4,1d10+4,1d6+4,4.0,B
3742,39,14,7,5,1d10+4,1d6+4,49,18,7,4,1d8+4,1d8+4,7.0,A
3743,35,17,7,3,1d10+4,1d8+4,42,17,7,3,1d8+4,1d8+4,3.0,A
3744,45,18,7,4,1d12+4,1d8+4,43,14,7,3,1d8+4,1d6+4,7.0,B
3745,43,16,7,5,1d10+4,1d8+4,42,17,7,4,1d12+4,1d6+4,3.0,A
3746,37,18,7,3,1d12+4,1d6+4,39,15,7,4,1d8+4,1d6+4,9.0,A
3747,36,15,7,4,1d12+4,1d6+4,44,15,7,3,1d12+4,1d8+4,1.0,A
3748,41,14,7,5,1d12+4,1d8+4,37,18,7,4,1d12+4,1d6+4,3.0,B
3749,48,16,7,4,1d12+4,1d6+4,36,17,7,4,1d8+4,1d6+4,5.0,A
3750,38,14,7,3,1d8+4,1d6+4,39,14,7,4,1d8+4,1d8+4,5.0,B
3751,34,16,7,5,1d12+4,1d8+4,38,17,7,5,1d10+4,1d8+4,8.0,A
3752,38,15,7,3,1d12+4,1d6+4,40,18,7,5,1d12+4,1d8+4,8.0,A
3753,45,15,7,5,1d10+4,1d6+4,45,14,7,4,1d12+4,1d6+4,0.0,A
3754,33,16,7,4,1d10+4,1d8+4,35,16,7,4,1d8+4,1d6+4,5.0,B
3755,34,18,7,4,1d10+4,1d6+4,31,14,7,5,1d8+4,1d6+4,5.0,A
3756,46,15,7,5,1d12+4,1d8+4,49,17,7,5,1d10+4,1d6+4,10.0,A
3757,33,16,7,4,1d10+4,1d6+4,43,15,7,5,1d10+4,1d8+4,4.0,B
3758,49,15,7,4,1d12+4,1d8+4,41,16,7,4,1d10+4,1d6+4,6.0,A
3759,41,16,7,4,1d10+4,1d8+4,41,16,7,4,1d8+4,1d8+4,9.0,A
3760,47,18,7,5,1d8+4,1d8+4,49,14,7,3,1d10+4,1d8+4,1.0,A
3761,33,16,7,3,1d12+4,1d6+4,34,15,7,3,1d8+4,1d6+4,3.0,B
3762,42,15,7,5,1d10+4,1d8+4,41,16,7,4,1d12+4,1d8+4,10.0,B
3763,44,16,7,4,1d8+4,1d8+4,31,15,7,4,1d10+4,1d6+4,1.0,A
3764,39,17,7,3,1d8+4,1d8+4,46,17,7,4,1d10+4,1d6+4,3.0,B
3765,36,18,7,3,1d8+4,1d6+4,30,17,7,4,1d10+4,1d8+4,10.0,A
3766,39,14,7,5,1d10+4,1d8+4,45,16,7,4,1d10+4,1d8+4,4.0,B
3767,48,14,7,4,1d10+4,1d8+4,49,18,7,4,1d10+4,1d8+4,0.0,A
3768,32,17,7,5,1d8+4,1d6+4,39,17,7,3,1d12+4,1d6+4,1.0,A
3769,38,17,7,5,1d10+4,1d6+4,33,18,7,3,1d12+4,1d6+4,0.0,A
3770,36,18,7,4,1d8+4,1d6+4,30,15,7,5,1d8+4,1d8+4,2.0,B
3771,37,14,7,5,1d10+4,1d6+4,48,17,7,5,1d10+4,1d8+4,3.0,B
3772,31,15,7,5,1d12+4,1d8+4,44,16,7,3,1d10+4,1d8+4,10.0,B
3773,40,18,7,4,1d12+4,1d8+4,39,16,7,4,1d12+4,1d6+4,5.0,A
3774,46,14,7,4,1d12+4,1d6+4,32,15,7,3,1d10+4,1d8+4,1.0,B
3775,37,16,7,3,1d8+4,1d6+4,40,14,7,3,1d8+4,1d6+4,0.0,A
3776,48,18,7,5,1d10+4,1d8+4,30,16,7,5,1d10+4,1d8+4,5.0,A
3777,40,15,7,5,1d8+4,1d6+4,41,16,7,5,1d8+4,1d6+4,7.0,A
3778,41,14,7,5,1d8+4,1d6+4,44,16,7,3,1d8+4,1d6+4,3.0,B
3779,47,16,7,5,1d10+4,1d6+4,38,18,7,4,1d10+4,1d8+4,4.0,B
3780,31,17,7,4,1d12+4,1d8+4,50,18,7,3,1d8+4,1d8+4,10.0,B
3781,46,14,7,5,1d12+4,1d6+4,38,15,7,4,1d12+4,1d6+4,0.0,A
3782,30,17,7,4,1d12+4,1d6+4,38,18,7,4,1d12+4,1d6+4,0.0,B
3783,40,15,7,3,1d12+4,1d8+4,43,14,7,5,1d8+4,1d8+4,1.0,A
3784,48,16,7,4,1d12+4,1d8+4,33,15,7,5,1d10+4,1d6+4,3.0,A
3785,39,15,7,3,1d10+4,1d8+4,44,15,7,5,1d12+4,1d6+4,5.0,B
3786,34,14,7,4,1d10+4,1d8+4,33,15,7,3,1d12+4,1d6+4,7.0,A
3787,34,15,7,5,1d12+4,1d6+4,30,18,7,3,1d8+4,1d6+4,0.0,A
3788,31,14,7,5,1d8+4,1d8+4,32,17,7,4,1d8+4,1d8+4,6.0,B
3789,41,17,7,4,1d8+4,1d6+4,49,18,7,5,1d8+4,1d8+4,1.0,B
3790,35,15,7,3,1d10+4,1d6+4,37,16,7,5,1d10+4,1d8+4,1.0,A
3791,36,18,7,3,1d12+4,1d6+4,45,17,7,3,1d8+4,1d6+4,3.0,B
3792,49,16,7,5,1d10+4,1d8+4,30,14,7,4,1d8+4,1d8+4,1.0,A
3793,34,18,7,4,1d8+4,1d6+4,33,18,7,5,1d8+4,1d8+4,4.0,A
3794,41,16,7,5,1d10+4,1d6+4,32,15,7,5,1d8+4,1d6+4,9.0,A
3795,44,17,7,5,1d8+4,1d6+4,40,14,7,3,1d8+4,1d6+4,6.0,A
3796,33,16,7,5,1d8+4,1d6+4,39,14,7,4,1d12+4,1d6+4,4.0,A
3797,32,16,7,5,1d8+4,1d6+4,38,18,7,3,1d10+4,1d8+4,3.0,B
3798,34,18,7,3,1d10+4,1d8+4,50,14,7,5,1d8+4,1d8+4,3.0,B
3799,48,17,7,3,1d8+4,1d6+4,44,15,7,5,1d8+4,1d6+4,7.0,B
3800,49,18,7,4,1d8+4,1d6+4,35,14,7,3,1d12+4,1d6+4,1.0,A
3801,34,18,7,4,1d10+4,1d6+4,32,17,7,5,1d8+4,1d8+4,10.0,A
3802,48,18,7,3,1d8+4,1d6+4,44,17,7,3,1d12+4,1d8+4,9.0,B
3803,50,16,7,5,1d12+4,1d8+4,47,18,7,3,1d10+4,1d8+4,10.0,B
3804,47,17,7,5,1d12+4,1d6+4,36,18,7,5,1d12+4,1d6+4,0.0,A
3805,33,17,7,3,1d8+4,1d8+4,32,17,7,4,1d10+4,1d6+4,8.0,A
3806,35,17,7,4,1d10+4,1d6+4,37,16,7,4,1d10+4,1d6+4,8.0,A
3807,43,14,7,5,1d8+4,1d6+4,50,17,7,5,1d10+4,1d8+4,1.0,A
3808,31,15,7,4,1d8+4,1d8+4,43,15,7,5,1d8+4,1d6+4,0.0,B
3809,41,14,7,3,1d8+4,1d6+4,35,18,7,5,1d12+4,1d8+4,1.0,B
3810,36,16,7,4,1d12+4,1d6+4,38,14,7,3,1d12+4,1d6+4,0.0,A
3811,47,16,7,3,1d10+4,1d8+4,31,15,7,3,1d8+4,1d6+4,1.0,A
3812,32,15,7,3,1d8+4,1d6+4,42,14,7,3,1d10+4,1d8+4,7.0,B
3813,45,14,7,3,1d10+4,1d6+4,35,14,7,5,1d8+4,1d8+4,2.0,A
3814,33,17,7,5,1d10+4,1d8+4,38,18,7,5,1d8+4,1d8+4,2.0,A
3815,48,16,7,5,1d12+4,1d6+4,42,16,7,4,1d10+4,1d8+4,10.0,B
3816,32,17,7,5,1d10+4,1d8+4,30,16,7,5,1d12+4,1d8+4,8.0,B
3817,35,15,7,5,1d10+4,1d6+4,45,14,7,4,1d12+4,1d6+4,1.0,B
3818,39,16,7,3,1d10+4,1d8+4,33,16,7,5,1d10+4,1d8+4,4.0,B
3819,49,15,7,3,1d12+4,1d6+4,44,14,7,3,1d10+4,1d8+4,6.0,A
3820,45,17,7,5,1d12+4,1d6+4,33,15,7,4,1d10+4,1d6+4,2.0,A
3821,34,18,7,3,1d8+4,1d8+4,37,15,7,5,1d12+4,1d8+4,7.0,A
3822,46,16,7,4,1d10+4,1d6+4,50,16,7,5,1d10+4,1d8+4,3.0,B
3823,44,18,7,5,1d10+4,1d6+4,50,17,7,5,1d10+4,1d8+4,2.0,A
3824,41,17,7,5,1d8+4,1d8+4,38,16,7,5,1d10+4,1d6+4,3.0,B
3825,32,15,7,3,1d8+4,1d8+4,34,14,7,4,1d10+4,1d8+4,0.0,B
3826,39,17,7,4,1d12+4,1d6+4,31,17,7,3,1d8+4,1d6+4,3.0,A
3827,38,18,7,4,1d8+4,1d8+4,46,14,7,4,1d10+4,1d6+4,7.0,B
3828,50,16,7,4,1d12+4,1d6+4,42,14,7,3,1d8+4,1d8+4,2.0,A
3829,46,14,7,3,1d10+4,1d6+4,30,16,7,4,1d8+4,1d8+4,7.0,A
3830,31,15,7,4,1d12+4,1d8+4,32,16,7,4,1d12+4,1d6+4,8.0,B
3831,30,17,7,4,1d12+4,1d6+4,50,18,7,5,1d10+4,1d6+4,10.0,B
3832,43,15,7,5,1d12+4,1d8+4,34,14,7,5,1d10+4,1d8+4,8.0,A
3833,49,14,7,4,1d10+4,1d8+4,45,17,7,3,1d12+4,1d8+4,7.0,B
3834,30,17,7,5,1d10+4,1d8+4,32,14,7,5,1d8+4,1d8+4,1.0,B
3835,45,14,7,4,1d10+4,1d6+4,30,16,7,4,1d10+4,1d6+4,2.0,B
3836,34,16,7,4,1d12+4,1d8+4,32,14,7,3,1d10+4,1d6+4,7.0,A
3837,35,18,7,3,1d8+4,1d6+4,36,14,7,3,1d8+4,1d8+4,0.0,A
3838,43,15,7,5,1d10+4,1d6+4,43,14,7,4,1d10+4,1d8+4,5.0,A
3839,39,14,7,3,1d10+4,1d8+4,47,16,7,4,1d12+4,1d6+4,2.0,B
3840,35,15,7,4,1d12+4,1d6+4,38,17,7,4,1d12+4,1d8+4,2.0,B
3841,46,16,7,3,1d10+4,1d6+4,34,15,7,5,1d12+4,1d6+4,10.0,B
3842,30,14,7,4,1d8+4,1d8+4,50,18,7,5,1d10+4,1d8+4,6.0,B
3843,41,17,7,3,1d12+4,1d8+4,47,17,7,5,1d8+4,1d8+4,10.0,A
3844,42,18,7,3,1d8+4,1d8+4,47,14,7,4,1d8+4,1d8+4,6.0,A
3845,47,17,7,4,1d12+4,1d6+4,43,18,7,3,1d8+4,1d8+4,7.0,A
3846,47,18,7,4,1d12+4,1d8+4,33,17,7,5,1d10+4,1d6+4,8.0,A
3847,38,18,7,4,1d10+4,1d6+4,49,18,7,3,1d12+4,1d6+4,9.0,A
3848,37,15,7,5,1d8+4,1d8+4,32,14,7,3,1d10+4,1d6+4,8.0,A
3849,38,15,7,3,1d12+4,1d6+4,35,17,7,4,1d10+4,1d6+4,3.0,A
3850,49,17,7,5,1d8+4,1d8+4,39,16,7,4,1d10+4,1d8+4,3.0,B
3851,41,15,7,4,1d12+4,1d8+4,38,16,7,5,1d10+4,1d6+4,10.0,B
3852,40,16,7,3,1d10+4,1d6+4,37,14,7,3,1d8+4,1d6+4,8.0,A
3853,50,14,7,5,1d10+4,1d6+4,38,16,7,5,1d10+4,1d8+4,5.0,A
3854,46,18,7,5,1d10+4,1d6+4,47,15,7,4,1d8+4,1d8+4,5.0,A
3855,36,17,7,5,1d12+4,1d6+4,30,18,7,5,1d12+4,1d6+4,2.0,A
3856,49,17,7,3,1d10+4,1d6+4,34,15,7,4,1d8+4,1d6+4,5.0,A
3857,50,17,7,4,1d10+4,1d6+4,30,18,7,3,1d10+4,1d8+4,7.0,A
3858,32,17,7,3,1d12+4,1d8+4,35,16,7,3,1d12+4,1d8+4,7.0,A
3859,32,16,7,4,1d10+4,1d8+4,44,14,7,3,1d10+4,1d8+4,4.0,B
3860,34,14,7,4,1d12+4,1d8+4,48,14,7,3,1d12+4,1d6+4,10.0,B
3861,34,17,7,3,1d12+4,1d8+4,43,14,7,4,1d10+4,1d8+4,5.0,A
3862,42,17,7,5,1d8+4,1d8+4,32,16,7,3,1d8+4,1d6+4,0.0,A
3863,49,17,7,3,1d8+4,1d8+4,46,17,7,4,1d10+4,1d8+4,7.0,B
3864,43,15,7,5,1d8+4,1d8+4,39,14,7,3,1d12+4,1d8+4,6.0,A
3865,33,16,7,5,1d12+4,1d6+4,42,18,7,4,1d8+4,1d8+4,1.0,B
3866,32,16,7,3,1d10+4,1d8+4,43,18,7,5,1d8+4,1d6+4,7.0,B
3867,33,15,7,5,1d12+4,1d8+4,38,17,7,5,1d10+4,1d8+4,7.0,A
3868,40,14,7,4,1d10+4,1d8+4,48,15,7,5,1d12+4,1d6+4,3.0,B
3869,41,16,7,4,1d10+4,1d8+4,49,17,7,3,1d12+4,1d8+4,9.0,A
3870,31,16,7,5,1d12+4,1d6+4,38,18,7,4,1d12+4,1d8+4,4.0,B
3871,30,18,7,3,1d12+4,1d8+4,44,18,7,4,1d8+4,1d8+4,0.0,B
3872,35,15,7,3,1d8+4,1d8+4,45,18,7,5,1d10+4,1d8+4,6.0,B
3873,32,16,7,3,1d10+4,1d6+4,45,15,7,4,1d10+4,1d8+4,2.0,A
3874,30,14,7,5,1d12+4,1d8+4,50,16,7,3,1d8+4,1d8+4,9.0,B
3875,35,15,7,3,1d12+4,1d6+4,50,16,7,5,1d10+4,1d6+4,4.0,B
3876,33,17,7,5,1d10+4,1d6+4,45,16,7,3,1d8+4,1d6+4,10.0,B
3877,37,16,7,5,1d10+4,1d6+4,48,18,7,4,1d10+4,1d8+4,9.0,B
3878,34,15,7,5,1d10+4,1d6+4,32,18,7,4,1d8+4,1d8+4,6.0,B
3879,49,18,7,4,1d12+4,1d8+4,38,16,7,3,1d8+4,1d6+4,4.0,A
3880,46,18,7,3,1d12+4,1d8+4,45,15,7,3,1d10+4,1d6+4,8.0,A
3881,45,14,7,4,1d8+4,1d8+4,35,14,7,3,1d12+4,1d6+4,1.0,A
3882,33,15,7,3,1d8+4,1d6+4,41,15,7,3,1d8+4,1d8+4,2.0,A
3883,39,16,7,4,1d12+4,1d8+4,39,18,7,3,1d10+4,1d6+4,9.0,B
3884,38,18,7,4,1d12+4,1d8+4,36,14,7,5,1d10+4,1d8+4,9.0,A
3885,49,15,7,3,1d12+4,1d6+4,50,17,7,4,1d12+4,1d8+4,3.0,B
3886,47,16,7,5,1d12+4,1d8+4,50,17,7,5,1d10+4,1d8+4,7.0,A
3887,47,15,7,5,1d8+4,1d6+4,50,18,7,5,1d10+4,1d8+4,9.0,A
3888,37,14,7,5,1d10+4,1d6+4,47,16,7,3,1d10+4,1d8+4,2.0,B
3889,36,17,7,3,1d10+4,1d8+4,46,16,7,3,1d12+4,1d6+4,9.0,A
3890,48,16,7,5,1d10+4,1d8+4,36,16,7,5,1d10+4,1d6+4,8.0,A
3891,47,14,7,4,1d8+4,1d6+4,36,18,7,4,1d8+4,1d6+4,4.0,B
3892,46,14,7,4,1d8+4,1d6+4,47,17,7,3,1d8+4,1d8+4,1.0,A
3893,42,16,7,5,1d12+4,1d8+4,41,18,7,4,1d10+4,1d6+4,4.0,A
3894,41,16,7,4,1d10+4,1d6+4,40,15,7,3,1d10+4,1d6+4,0.0,A
3895,35,15,7,3,1d8+4,1d6+4,41,15,7,5,1d8+4,1d6+4,6.0,A
3896,47,17,7,5,1d8+4,1d6+4,34,17,7,3,1d12+4,1d6+4,4.0,B
3897,47,15,7,5,1d12+4,1d6+4,40,15,7,3,1d8+4,1d6+4,9.0,A
3898,36,15,7,4,1d10+4,1d6+4,44,17,7,4,1d8+4,1d6+4,10.0,B
3899,32,14,7,3,1d8+4,1d8+4,38,15,7,3,1d12+4,1d8+4,0.0,B
3900,50,16,7,4,1d12+4,1d6+4,32,17,7,3,1d12+4,1d8+4,4.0,A
3901,30,18,7,4,1d12+4,1d6+4,39,14,7,5,1d12+4,1d8+4,2.0,B
3902,47,17,7,4,1d12+4,1d6+4,43,17,7,3,1d10+4,1d8+4,1.0,B
3903,38,15,7,3,1d10+4,1d6+4,39,16,7,3,1d12+4,1d8+4,10.0,A
3904,45,17,7,4,1d10+4,1d8+4,44,18,7,4,1d12+4,1d6+4,10.0,A
3905,41,18,7,4,1d12+4,1d6+4,38,17,7,4,1d12+4,1d8+4,5.0,B
3906,32,15,7,3,1d12+4,1d6+4,48,14,7,5,1d8+4,1d8+4,1.0,B
3907,43,15,7,5,1d10+4,1d6+4,47,14,7,4,1d12+4,1d8+4,7.0,B
3908,44,14,7,4,1d8+4,1d6+4,48,15,7,5,1d10+4,1d6+4,1.0,A
3909,34,16,7,5,1d8+4,1d8+4,47,15,7,5,1d8+4,1d6+4,7.0,A
3910,44,16,7,3,1d12+4,1d8+4,30,17,7,5,1d8+4,1d8+4,9.0,B
3911,45,15,7,4,1d12+4,1d6+4,50,14,7,3,1d12+4,1d8+4,4.0,B
3912,44,15,7,4,1d10+4,1d6+4,38,15,7,3,1d8+4,1d6+4,3.0,B
3913,50,15,7,5,1d8+4,1d6+4,47,18,7,4,1d8+4,1d8+4,10.0,B
3914,34,17,7,3,1d10+4,1d6+4,47,17,7,5,1d12+4,1d8+4,10.0,A
3915,33,15,7,5,1d10+4,1d6+4,40,16,7,5,1d8+4,1d8+4,2.0,B
3916,38,17,7,5,1d8+4,1d6+4,38,14,7,3,1d10+4,1d8+4,10.0,B
3917,49,15,7,5,1d12+4,1d8+4,49,16,7,4,1d12+4,1d6+4,10.0,A
3918,33,16,7,4,1d10+4,1d6+4,50,16,7,4,1d12+4,1d6+4,1.0,A
3919,45,15,7,4,1d10+4,1d8+4,46,16,7,3,1d10+4,1d6+4,0.0,B
3920,31,18,7,5,1d8+4,1d8+4,46,16,7,3,1d12+4,1d8+4,6.0,B
3921,37,18,7,3,1d12+4,1d6+4,43,15,7,5,1d8+4,1d8+4,2.0,A
3922,47,15,7,4,1d10+4,1d8+4,42,15,7,4,1d12+4,1d6+4,0.0,B
3923,42,14,7,5,1d10+4,1d6+4,48,15,7,5,1d12+4,1d8+4,9.0,A
3924,46,14,7,4,1d8+4,1d8+4,32,17,7,5,1d8+4,1d6+4,6.0,B
3925,50,14,7,3,1d12+4,1d8+4,30,16,7,3,1d10+4,1d6+4,1.0,B
3926,32,17,7,4,1d12+4,1d8+4,35,17,7,3,1d8+4,1d6+4,2.0,A
3927,30,14,7,5,1d12+4,1d6+4,44,15,7,4,1d12+4,1d8+4,5.0,A
3928,34,14,7,4,1d12+4,1d8+4,49,16,7,4,1d12+4,1d6+4,2.0,B
3929,41,17,7,3,1d8+4,1d8+4,41,16,7,5,1d12+4,1d8+4,8.0,A
3930,50,15,7,4,1d12+4,1d6+4,34,14,7,3,1d10+4,1d6+4,0.0,A
3931,30,15,7,3,1d10+4,1d6+4,31,14,7,5,1d10+4,1d6+4,8.0,B
3932,44,15,7,5,1d10+4,1d6+4,39,14,7,4,1d10+4,1d6+4,4.0,B
3933,38,16,7,5,1d10+4,1d8+4,47,18,7,5,1d12+4,1d6+4,10.0,B
3934,47,15,7,3,1d10+4,1d6+4,45,14,7,3,1d8+4,1d6+4,5.0,A
3935,47,17,7,5,1d8+4,1d8+4,43,16,7,5,1d8+4,1d8+4,3.0,B
3936,44,15,7,5,1d12+4,1d6+4,31,16,7,3,1d12+4,1d6+4,9.0,B
3937,49,18,7,3,1d10+4,1d8+4,41,15,7,5,1d10+4,1d8+4,8.0,A
3938,32,15,7,3,1d12+4,1d6+4,35,15,7,3,1d10+4,1d6+4,7.0,A
3939,43,16,7,5,1d12+4,1d6+4,39,16,7,5,1d8+4,1d8+4,8.0,B
3940,44,18,7,5,1d8+4,1d8+4,37,16,7,5,1d10+4,1d6+4,6.0,A
3941,38,17,7,4,1d8+4,1d8+4,35,15,7,3,1d12+4,1d8+4,6.0,B
3942,48,14,7,3,1d8+4,1d8+4,45,17,7,5,1d10+4,1d8+4,0.0,B
3943,30,15,7,4,1d8+4,1d6+4,47,14,7,4,1d8+4,1d6+4,6.0,B
3944,37,15,7,5,1d12+4,1d6+4,34,17,7,3,1d12+4,1d6+4,7.0,A
3945,45,14,7,3,1d12+4,1d8+4,36,14,7,3,1d10+4,1d6+4,5.0,A
3946,34,14,7,3,1d8+4,1d8+4,35,14,7,3,1d8+4,1d8+4,0.0,B
3947,46,16,7,5,1d10+4,1d6+4,42,16,7,5,1d12+4,1d8+4,8.0,A
3948,49,14,7,5,1d10+4,1d8+4,48,18,7,5,1d10+4,1d6+4,9.0,B
3949,45,15,7,4,1d12+4,1d6+4,30,16,7,4,1d12+4,1d6+4,3.0,B
3950,39,17,7,5,1d10+4,1d6+4,37,16,7,5,1d8+4,1d6+4,6.0,B
3951,37,16,7,3,1d12+4,1d6+4,34,15,7,4,1d12+4,1d8+4,8.0,A
3952,40,18,7,5,1d10+4,1d6+4,41,14,7,4,1d8+4,1d8+4,5.0,A
3953,48,16,7,5,1d10+4,1d6+4,32,14,7,3,1d12+4,1d8+4,9.0,B
3954,35,17,7,4,1d12+4,1d6+4,30,17,7,5,1d10+4,1d6+4,9.0,B
3955,48,15,7,3,1d10+4,1d8+4,35,17,7,4,1d8+4,1d6+4,7.0,A
3956,49,15,7,3,1d10+4,1d8+4,30,14,7,4,1d12+4,1d6+4,7.0,A
3957,37,14,7,5,1d8+4,1d6+4,49,17,7,3,1d10+4,1d6+4,3.0,B
3958,31,18,7,5,1d10+4,1d6+4,39,14,7,4,1d12+4,1d6+4,7.0,B
3959,37,17,7,3,1d12+4,1d6+4,36,16,7,4,1d8+4,1d8+4,4.0,A
3960,36,14,7,3,1d12+4,1d6+4,38,14,7,4,1d8+4,1d6+4,7.0,B
3961,50,17,7,5,1d8+4,1d6+4,45,17,7,3,1d8+4,1d8+4,1.0,A
3962,47,15,7,5,1d10+4,1d6+4,37,17,7,5,1d12+4,1d8+4,5.0,B
3963,31,18,7,4,1d12+4,1d6+4,30,16,7,3,1d10+4,1d8+4,2.0,A
3964,44,18,7,3,1d10+4,1d8+4,33,18,7,3,1d12+4,1d6+4,0.0,B
3965,35,16,7,3,1d10+4,1d8+4,47,17,7,4,1d12+4,1d8+4,2.0,B
3966,47,16,7,4,1d8+4,1d8+4,45,15,7,3,1d12+4,1d6+4,8.0,A
3967,49,17,7,4,1d10+4,1d8+4,41,18,7,3,1d12+4,1d6+4,2.0,A
3968,32,14,7,5,1d10+4,1d6+4,30,15,7,4,1d8+4,1d6+4,1.0,A
3969,49,15,7,3,1d10+4,1d8+4,37,16,7,3,1d10+4,1d8+4,9.0,A
3970,37,18,7,5,1d8+4,1d6+4,45,16,7,4,1d12+4,1d8+4,9.0,B
3971,44,14,7,3,1d10+4,1d8+4,30,17,7,4,1d12+4,1d6+4,4.0,B
3972,46,14,7,3,1d8+4,1d8+4,41,16,7,3,1d10+4,1d8+4,9.0,A
3973,46,16,7,3,1d8+4,1d8+4,50,17,7,3,1d12+4,1d8+4,6.0,A
3974,36,15,7,5,1d12+4,1d6+4,44,15,7,3,1d10+4,1d8+4,10.0,B
3975,37,15,7,5,1d10+4,1d8+4,42,16,7,4,1d12+4,1d6+4,1.0,B
3976,37,16,7,4,1d10+4,1d6+4,38,17,7,4,1d12+4,1d8+4,10.0,A
3977,39,15,7,4,1d12+4,1d8+4,32,16,7,4,1d12+4,1d8+4,5.0,A
3978,34,15,7,5,1d8+4,1d6+4,32,15,7,4,1d10+4,1d6+4,6.0,B
3979,34,17,7,4,1d10+4,1d8+4,42,16,7,3,1d10+4,1d6+4,10.0,A
3980,38,16,7,4,1d10+4,1d8+4,50,18,7,4,1d12+4,1d8+4,2.0,B
3981,48,15,7,4,1d10+4,1d6+4,43,14,7,4,1d8+4,1d8+4,1.0,A
3982,35,15,7,4,1d12+4,1d8+4,40,17,7,4,1d8+4,1d8+4,4.0,B
3983,48,15,7,4,1d10+4,1d8+4,44,15,7,4,1d8+4,1d8+4,1.0,A
3984,38,17,7,3,1d8+4,1d8+4,34,17,7,4,1d10+4,1d8+4,4.0,B
3985,47,14,7,5,1d8+4,1d6+4,45,17,7,4,1d12+4,1d6+4,8.0,B
3986,48,15,7,4,1d8+4,1d8+4,45,16,7,3,1d12+4,1d6+4,8.0,B
3987,46,17,7,4,1d8+4,1d6+4,33,15,7,4,1d8+4,1d6+4,1.0,B
3988,47,17,7,5,1d8+4,1d6+4,37,17,7,5,1d8+4,1d8+4,1.0,B
3989,45,16,7,5,1d12+4,1d8+4,34,18,7,3,1d12+4,1d8+4,6.0,A
3990,44,18,7,3,1d10+4,1d8+4,42,18,7,4,1d12+4,1d6+4,8.0,A
3991,40,15,7,5,1d12+4,1d6+4,44,14,7,3,1d8+4,1d8+4,8.0,A
3992,42,15,7,3,1d8+4,1d8+4,47,15,7,5,1d12+4,1d6+4,10.0,B
3993,36,14,7,5,1d8+4,1d6+4,44,17,7,4,1d10+4,1d8+4,8.0,B
3994,50,18,7,3,1d12+4,1d8+4,38,18,7,4,1d12+4,1d8+4,9.0,A
3995,32,15,7,3,1d8+4,1d6+4,37,16,7,4,1d10+4,1d6+4,3.0,B
3996,33,17,7,4,1d12+4,1d6+4,33,17,7,3,1d10+4,1d8+4,4.0,A
3997,47,16,7,5,1d12+4,1d8+4,35,18,7,3,1d12+4,1d6+4,4.0,B
3998,50,18,7,3,1d12+4,1d8+4,48,18,7,4,1d8+4,1d6+4,6.0,B
3999,50,14,7,3,1d12+4,1d6+4,49,15,7,5,1d12+4,1d8+4,10.0,A
4000,34,16,7,4,1d10+4,1d8+4,37,14,7,3,1d8+4,1d6+4,6.0,B
4001,32,15,7,4,1d8+4,1d8+4,46,14,7,3,1d8+4,1d6+4,2.0,B
4002,32,18,7,5,1d12+4,1d6+4,44,17,7,4,1d12+4,1d6+4,5.0,A
4003,36,15,7,4,1d10+4,1d6+4,34,16,7,5,1d8+4,1d6+4,9.0,A
4004,50,14,7,5,1d12+4,1d6+4,30,17,7,3,1d8+4,1d8+4,7.0,A
4005,35,15,7,3,1d8+4,1d8+4,35,14,7,5,1d12+4,1d6+4,2.0,B
4006,44,16,7,5,1d10+4,1d6+4,33,17,7,5,1d8+4,1d8+4,4.0,B
4007,32,16,7,3,1d8+4,1d6+4,46,14,7,5,1d8+4,1d6+4,4.0,B
4008,34,15,7,4,1d8+4,1d8+4,47,14,7,5,1d10+4,1d6+4,6.0,B
4009,33,17,7,4,1d10+4,1d6+4,32,14,7,4,1d10+4,1d6+4,5.0,B
4010,33,14,7,5,1d10+4,1d8+4,50,15,7,5,1d12+4,1d8+4,6.0,B
4011,50,17,7,5,1d8+4,1d8+4,45,15,7,5,1d12+4,1d6+4,1.0,A
4012,44,14,7,4,1d12+4,1d6+4,46,15,7,4,1d8+4,1d6+4,9.0,A
4013,48,15,7,4,1d8+4,1d6+4,35,15,7,3,1d10+4,1d6+4,10.0,A
4014,42,16,7,4,1d12+4,1d8+4,43,17,7,4,1d12+4,1d6+4,2.0,B
4015,34,17,7,5,1d12+4,1d8+4,49,17,7,4,1d8+4,1d6+4,4.0,A
4016,37,14,7,4,1d12+4,1d8+4,37,18,7,4,1d10+4,1d8+4,9.0,A
4017,41,18,7,5,1d10+4,1d6+4,34,18,7,4,1d10+4,1d8+4,2.0,A
4018,32,17,7,5,1d8+4,1d6+4,38,15,7,3,1d10+4,1d6+4,7.0,B
4019,47,16,7,5,1d10+4,1d8+4,45,14,7,3,1d10+4,1d8+4,9.0,B
4020,50,17,7,5,1d8+4,1d8+4,49,14,7,5,1d12+4,1d8+4,5.0,A
4021,46,18,7,5,1d8+4,1d6+4,45,15,7,3,1d8+4,1d8+4,6.0,A
4022,45,17,7,4,1d10+4,1d6+4,47,18,7,5,1d12+4,1d6+4,7.0,A
4023,49,16,7,3,1d12+4,1d8+4,38,15,7,3,1d10+4,1d6+4,4.0,A
4024,47,14,7,4,1d10+4,1d8+4,31,16,7,4,1d8+4,1d6+4,4.0,B
4025,50,14,7,5,1d8+4,1d8+4,41,14,7,3,1d12+4,1d8+4,0.0,B
4026,35,14,7,3,1d8+4,1d6+4,36,16,7,3,1d10+4,1d8+4,1.0,A
4027,44,18,7,3,1d12+4,1d6+4,44,16,7,4,1d8+4,1d8+4,7.0,A
4028,50,17,7,5,1d10+4,1d6+4,44,14,7,4,1d8+4,1d6+4,0.0,A
4029,40,18,7,4,1d8+4,1d6+4,47,18,7,4,1d12+4,1d6+4,3.0,B
4030,43,15,7,4,1d12+4,1d6+4,50,18,7,4,1d12+4,1d6+4,0.0,A
4031,44,16,7,3,1d10+4,1d6+4,40,17,7,4,1d8+4,1d8+4,10.0,A
4032,37,18,7,5,1d12+4,1d8+4,49,16,7,3,1d10+4,1d8+4,1.0,B
4033,37,17,7,4,1d8+4,1d8+4,35,18,7,4,1d8+4,1d8+4,4.0,B
4034,41,15,7,3,1d10+4,1d6+4,30,17,7,5,1d10+4,1d8+4,8.0,A
4035,48,16,7,4,1d10+4,1d8+4,38,17,7,5,1d10+4,1d8+4,0.0,A
4036,46,18,7,4,1d10+4,1d8+4,32,15,7,5,1d12+4,1d8+4,9.0,A
4037,48,16,7,4,1d10+4,1d6+4,32,17,7,4,1d12+4,1d8+4,5.0,A
4038,36,14,7,4,1d12+4,1d8+4,32,16,7,5,1d12+4,1d6+4,0.0,B
4039,38,15,7,4,1d12+4,1d8+4,36,18,7,3,1d8+4,1d6+4,2.0,A
4040,39,16,7,5,1d12+4,1d6+4,50,17,7,4,1d8+4,1d8+4,9.0,A
4041,31,17,7,4,1d8+4,1d8+4,46,18,7,5,1d8+4,1d6+4,9.0,B
4042,35,14,7,5,1d12+4,1d8+4,38,14,7,3,1d8+4,1d6+4,5.0,B
4043,44,18,7,5,1d10+4,1d8+4,46,17,7,4,1d10+4,1d6+4,7.0,B
4044,48,16,7,4,1d8+4,1d8+4,39,16,7,3,1d12+4,1d6+4,7.0,A
4045,43,17,7,3,1d10+4,1d6+4,38,16,7,3,1d8+4,1d8+4,1.0,A
4046,33,18,7,4,1d12+4,1d6+4,35,18,7,4,1d8+4,1d8+4,6.0,B
4047,32,18,7,5,1d12+4,1d6+4,41,16,7,4,1d12+4,1d8+4,4.0,B
4048,30,14,7,3,1d8+4,1d8+4,50,14,7,4,1d8+4,1d6+4,8.0,B
4049,48,18,7,4,1d12+4,1d8+4,36,17,7,3,1d8+4,1d8+4,10.0,A
4050,36,14,7,5,1d12+4,1d8+4,38,16,7,5,1d8+4,1d6+4,5.0,B
4051,48,16,7,5,1d8+4,1d6+4,45,17,7,5,1d8+4,1d8+4,6.0,B
4052,47,18,7,5,1d10+4,1d8+4,40,14,7,5,1d12+4,1d8+4,3.0,A
4053,50,17,7,3,1d10+4,1d6+4,30,16,7,5,1d8+4,1d6+4,5.0,A
4054,39,16,7,3,1d8+4,1d6+4,46,16,7,5,1d12+4,1d6+4,3.0,A
4055,39,16,7,3,1d12+4,1d8+4,41,14,7,4,1d8+4,1d6+4,9.0,A
4056,41,18,7,5,1d12+4,1d6+4,44,15,7,5,1d10+4,1d8+4,0.0,B
4057,41,16,7,4,1d12+4,1d8+4,38,14,7,3,1d8+4,1d8+4,8.0,A
4058,44,18,7,3,1d8+4,1d6+4,36,14,7,4,1d10+4,1d8+4,6.0,B
4059,44,18,7,4,1d8+4,1d8+4,34,17,7,4,1d10+4,1d6+4,3.0,A
4060,48,17,7,4,1d8+4,1d8+4,38,14,7,3,1d10+4,1d6+4,9.0,B
4061,30,16,7,4,1d10+4,1d8+4,31,17,7,5,1d8+4,1d6+4,5.0,A
4062,45,14,7,5,1d8+4,1d6+4,31,16,7,3,1d12+4,1d6+4,10.0,A
4063,36,16,7,5,1d10+4,1d6+4,45,16,7,4,1d8+4,1d8+4,3.0,B
4064,45,18,7,3,1d10+4,1d8+4,50,17,7,3,1d10+4,1d8+4,5.0,B
4065,34,17,7,3,1d10+4,1d8+4,45,14,7,5,1d12+4,1d8+4,3.0,B
4066,41,18,7,4,1d8+4,1d6+4,44,18,7,3,1d12+4,1d8+4,5.0,B
4067,47,15,7,4,1d10+4,1d8+4,32,18,7,3,1d8+4,1d6+4,1.0,A
4068,48,14,7,5,1d12+4,1d8+4,44,17,7,3,1d8+4,1d8+4,0.0,A
4069,50,15,7,4,1d10+4,1d6+4,33,18,7,3,1d10+4,1d8+4,8.0,B
4070,39,18,7,5,1d12+4,1d6+4,35,18,7,4,1d12+4,1d6+4,2.0,A
4071,37,16,7,4,1d10+4,1d8+4,40,16,7,3,1d10+4,1d8+4,2.0,A
4072,32,17,7,4,1d12+4,1d6+4,37,15,7,4,1d12+4,1d6+4,6.0,A
4073,45,16,7,3,1d10+4,1d6+4,50,15,7,4,1d12+4,1d6+4,10.0,A
4074,35,18,7,3,1d10+4,1d8+4,42,18,7,4,1d12+4,1d8+4,1.0,B
4075,30,15,7,4,1d12+4,1d8+4,50,16,7,4,1d8+4,1d8+4,4.0,B
4076,43,17,7,3,1d12+4,1d8+4,34,18,7,4,1d10+4,1d6+4,8.0,A
4077,48,14,7,4,1d12+4,1d6+4,43,15,7,4,1d8+4,1d8+4,4.0,A
4078,50,14,7,3,1d12+4,1d6+4,48,17,7,5,1d12+4,1d6+4,8.0,B
4079,35,14,7,4,1d10+4,1d8+4,35,14,7,5,1d12+4,1d8+4,10.0,A
4080,40,15,7,3,1d12+4,1d6+4,31,17,7,5,1d12+4,1d8+4,1.0,B
4081,34,15,7,5,1d10+4,1d8+4,44,16,7,5,1d12+4,1d8+4,4.0,B
4082,36,14,7,5,1d12+4,1d6+4,31,16,7,5,1d12+4,1d8+4,9.0,A
4083,38,18,7,5,1d10+4,1d6+4,40,15,7,3,1d8+4,1d6+4,8.0,A
4084,35,17,7,5,1d12+4,1d6+4,36,15,7,3,1d12+4,1d8+4,4.0,A
4085,42,17,7,4,1d10+4,1d8+4,37,17,7,5,1d12+4,1d8+4,9.0,B
4086,33,18,7,3,1d12+4,1d6+4,38,14,7,4,1d12+4,1d8+4,5.0,A
4087,40,16,7,4,1d10+4,1d6+4,32,17,7,4,1d8+4,1d8+4,8.0,A
4088,41,14,7,5,1d10+4,1d8+4,36,14,7,5,1d10+4,1d6+4,4.0,A
4089,43,17,7,4,1d10+4,1d8+4,48,18,7,5,1d8+4,1d6+4,9.0,A
4090,41,18,7,4,1d8+4,1d8+4,41,15,7,4,1d12+4,1d6+4,0.0,A
4091,41,16,7,4,1d10+4,1d8+4,46,17,7,3,1d12+4,1d6+4,3.0,B
4092,49,15,7,4,1d10+4,1d8+4,34,14,7,5,1d10+4,1d8+4,1.0,A
4093,31,18,7,4,1d8+4,1d6+4,35,18,7,5,1d12+4,1d8+4,3.0,B
4094,30,16,7,3,1d8+4,1d8+4,44,16,7,4,1d10+4,1d8+4,3.0,B
4095,30,18,7,3,1d12+4,1d6+4,39,16,7,4,1d12+4,1d8+4,5.0,B
4096,34,16,7,5,1d12+4,1d6+4,46,14,7,4,1d8+4,1d8+4,8.0,A
4097,39,17,7,3,1d12+4,1d6+4,39,18,7,5,1d8+4,1d8+4,1.0,B
4098,31,16,7,3,1d10+4,1d6+4,31,14,7,4,1d8+4,1d6+4,4.0,B
4099,43,16,7,4,1d12+4,1d6+4,47,14,7,4,1d8+4,1d8+4,0.0,A
4100,30,18,7,3,1d8+4,1d8+4,50,18,7,4,1d10+4,1d8+4,9.0,B
4101,43,18,7,5,1d8+4,1d6+4,50,18,7,4,1d12+4,1d6+4,5.0,A
4102,41,15,7,4,1d12+4,1d6+4,48,15,7,4,1d10+4,1d8+4,7.0,A
4103,33,17,7,4,1d10+4,1d6+4,49,15,7,4,1d10+4,1d6+4,7.0,B
4104,32,15,7,4,1d10+4,1d6+4,42,17,7,3,1d10+4,1d8+4,6.0,B
4105,47,18,7,4,1d8+4,1d8+4,41,16,7,5,1d10+4,1d6+4,6.0,A
4106,39,14,7,3,1d10+4,1d6+4,40,16,7,3,1d10+4,1d6+4,4.0,A
4107,46,14,7,3,1d10+4,1d8+4,39,18,7,5,1d12+4,1d6+4,5.0,A
4108,30,18,7,4,1d10+4,1d8+4,31,18,7,4,1d8+4,1d6+4,1.0,A
4109,32,14,7,5,1d8+4,1d8+4,38,14,7,4,1d10+4,1d6+4,10.0,B
4110,32,17,7,3,1d10+4,1d6+4,30,15,7,5,1d10+4,1d6+4,0.0,A
4111,44,15,7,5,1d10+4,1d6+4,35,15,7,5,1d12+4,1d6+4,3.0,A
4112,40,15,7,4,1d8+4,1d8+4,36,17,7,5,1d10+4,1d8+4,3.0,B
4113,49,18,7,5,1d8+4,1d6+4,36,17,7,4,1d10+4,1d6+4,2.0,A
4114,44,16,7,3,1d12+4,1d8+4,40,15,7,5,1d8+4,1d8+4,3.0,B
4115,47,14,7,4,1d10+4,1d6+4,35,16,7,4,1d12+4,1d8+4,9.0,A
4116,33,18,7,4,1d10+4,1d8+4,36,15,7,5,1d8+4,1d8+4,0.0,B
4117,33,17,7,4,1d8+4,1d6+4,34,16,7,5,1d12+4,1d6+4,5.0,A
4118,42,14,7,3,1d12+4,1d6+4,50,18,7,4,1d10+4,1d8+4,4.0,A
4119,34,18,7,4,1d12+4,1d6+4,32,18,7,3,1d8+4,1d8+4,4.0,B
4120,40,17,7,3,1d10+4,1d8+4,42,17,7,3,1d8+4,1d8+4,7.0,A
4121,35,17,7,3,1d12+4,1d8+4,40,16,7,4,1d12+4,1d8+4,8.0,A
4122,37,15,7,5,1d10+4,1d6+4,38,16,7,3,1d8+4,1d6+4,6.0,A
4123,39,18,7,4,1d8+4,1d6+4,50,15,7,5,1d10+4,1d8+4,0.0,A
4124,31,18,7,3,1d12+4,1d6+4,38,16,7,4,1d8+4,1d6+4,7.0,A
4125,33,16,7,5,1d12+4,1d6+4,50,18,7,3,1d12+4,1d6+4,9.0,B
4126,30,15,7,4,1d12+4,1d8+4,49,14,7,5,1d12+4,1d8+4,3.0,B
4127,43,18,7,4,1d10+4,1d8+4,39,18,7,5,1d8+4,1d6+4,1.0,A
4128,46,15,7,4,1d10+4,1d8+4,47,18,7,3,1d12+4,1d8+4,7.0,B
4129,48,14,7,3,1d12+4,1d8+4,47,17,7,3,1d10+4,1d8+4,7.0,A
4130,45,18,7,3,1d12+4,1d6+4,45,14,7,4,1d12+4,1d8+4,3.0,A
4131,36,14,7,3,1d10+4,1d6+4,33,15,7,4,1d12+4,1d6+4,4.0,B
4132,30,15,7,5,1d12+4,1d6+4,50,15,7,5,1d8+4,1d6+4,6.0,B
4133,36,14,7,3,1d10+4,1d8+4,39,17,7,5,1d10+4,1d8+4,6.0,A
4134,32,16,7,4,1d12+4,1d8+4,48,18,7,4,1d10+4,1d8+4,2.0,B
4135,30,15,7,4,1d8+4,1d6+4,43,18,7,5,1d12+4,1d8+4,6.0,B
4136,40,16,7,4,1d10+4,1d8+4,47,15,7,5,1d10+4,1d8+4,5.0,B
4137,40,14,7,3,1d10+4,1d8+4,49,14,7,3,1d10+4,1d6+4,8.0,B
4138,36,14,7,3,1d12+4,1d6+4,43,14,7,5,1d10+4,1d6+4,4.0,B
4139,33,16,7,5,1d10+4,1d8+4,46,14,7,4,1d12+4,1d8+4,5.0,B
4140,39,16,7,3,1d8+4,1d6+4,35,15,7,3,1d10+4,1d6+4,9.0,B
4141,38,14,7,4,1d12+4,1d6+4,45,17,7,4,1d12+4,1d8+4,8.0,B
4142,39,16,7,5,1d8+4,1d6+4,44,18,7,4,1d10+4,1d6+4,3.0,B
4143,48,18,7,4,1d12+4,1d6+4,38,17,7,5,1d8+4,1d8+4,0.0,A
4144,36,15,7,5,1d12+4,1d6+4,39,17,7,3,1d8+4,1d8+4,6.0,A
4145,44,18,7,3,1d8+4,1d6+4,50,17,7,4,1d8+4,1d6+4,1.0,A
4146,44,17,7,4,1d12+4,1d6+4,49,18,7,4,1d12+4,1d6+4,1.0,A
4147,49,17,7,3,1d10+4,1d8+4,39,16,7,3,1d10+4,1d6+4,0.0,A
4148,37,18,7,3,1d10+4,1d8+4,35,15,7,3,1d8+4,1d8+4,0.0,A
4149,41,17,7,4,1d8+4,1d8+4,50,17,7,3,1d12+4,1d8+4,2.0,B
4150,41,15,7,3,1d10+4,1d6+4,38,14,7,3,1d12+4,1d6+4,3.0,B
4151,32,18,7,5,1d12+4,1d6+4,39,17,7,4,1d8+4,1d8+4,8.0,A
4152,30,15,7,4,1d8+4,1d6+4,30,17,7,5,1d8+4,1d6+4,10.0,A
4153,46,18,7,3,1d8+4,1d8+4,33,17,7,4,1d12+4,1d6+4,0.0,B
4154,41,14,7,5,1d12+4,1d8+4,40,18,7,3,1d12+4,1d6+4,6.0,A
4155,36,18,7,4,1d10+4,1d8+4,36,17,7,4,1d8+4,1d6+4,3.0,A
4156,48,17,7,5,1d8+4,1d8+4,39,15,7,5,1d8+4,1d6+4,4.0,A
4157,45,15,7,3,1d8+4,1d8+4,33,18,7,4,1d12+4,1d6+4,0.0,B
4158,50,16,7,5,1d10+4,1d8+4,37,17,7,5,1d8+4,1d6+4,7.0,A
4159,50,17,7,4,1d12+4,1d6+4,38,15,7,4,1d12+4,1d8+4,7.0,A
4160,30,14,7,3,1d12+4,1d8+4,43,18,7,5,1d10+4,1d6+4,4.0,B
4161,45,14,7,3,1d10+4,1d8+4,37,16,7,3,1d12+4,1d6+4,2.0,A
4162,31,16,7,4,1d8+4,1d6+4,47,18,7,3,1d12+4,1d8+4,10.0,B
4163,34,16,7,3,1d12+4,1d8+4,36,18,7,4,1d8+4,1d6+4,10.0,B
4164,45,16,7,3,1d12+4,1d8+4,49,16,7,4,1d8+4,1d8+4,2.0,A
4165,33,16,7,5,1d12+4,1d6+4,30,17,7,4,1d12+4,1d8+4,5.0,A
4166,33,18,7,5,1d8+4,1d8+4,47,18,7,3,1d12+4,1d8+4,2.0,B
4167,35,18,7,5,1d10+4,1d6+4,41,18,7,5,1d10+4,1d6+4,10.0,A
4168,46,14,7,5,1d12+4,1d8+4,49,15,7,3,1d10+4,1d8+4,5.0,A
4169,33,15,7,3,1d12+4,1d6+4,43,16,7,5,1d8+4,1d6+4,5.0,B
4170,31,14,7,5,1d12+4,1d8+4,31,18,7,5,1d12+4,1d6+4,0.0,A
4171,44,18,7,4,1d10+4,1d6+4,30,15,7,5,1d10+4,1d6+4,2.0,A
4172,40,15,7,3,1d8+4,1d8+4,42,14,7,5,1d8+4,1d8+4,6.0,A
4173,41,17,7,3,1d10+4,1d8+4,41,17,7,4,1d8+4,1d8+4,2.0,B
4174,35,16,7,4,1d12+4,1d6+4,34,16,7,4,1d12+4,1d8+4,8.0,A
4175,32,14,7,3,1d10+4,1d8+4,47,18,7,5,1d8+4,1d6+4,4.0,B
4176,33,17,7,4,1d12+4,1d6+4,49,16,7,4,1d8+4,1d8+4,5.0,A
4177,46,15,7,3,1d10+4,1d8+4,33,18,7,4,1d10+4,1d6+4,7.0,A
4178,35,17,7,3,1d12+4,1d6+4,31,15,7,3,1d8+4,1d8+4,10.0,A
4179,50,15,7,5,1d8+4,1d6+4,37,16,7,3,1d10+4,1d6+4,7.0,A
4180,36,15,7,4,1d8+4,1d6+4,38,14,7,3,1d10+4,1d8+4,5.0,B
4181,49,18,7,4,1d10+4,1d6+4,39,18,7,5,1d12+4,1d6+4,6.0,A
4182,48,14,7,4,1d10+4,1d6+4,45,18,7,3,1d8+4,1d6+4,2.0,B
4183,42,17,7,4,1d10+4,1d8+4,44,17,7,3,1d10+4,1d8+4,4.0,A
4184,41,17,7,4,1d8+4,1d8+4,46,15,7,3,1d8+4,1d6+4,0.0,A
4185,34,15,7,4,1d10+4,1d8+4,36,18,7,3,1d8+4,1d8+4,4.0,B
4186,39,15,7,4,1d12+4,1d6+4,32,18,7,5,1d12+4,1d8+4,0.0,A
4187,44,14,7,5,1d8+4,1d8+4,31,17,7,4,1d12+4,1d6+4,0.0,B
4188,46,16,7,4,1d12+4,1d6+4,40,18,7,4,1d10+4,1d8+4,3.0,A
4189,45,16,7,3,1d8+4,1d8+4,37,15,7,3,1d8+4,1d6+4,1.0,A
4190,41,18,7,3,1d12+4,1d8+4,40,16,7,3,1d8+4,1d8+4,1.0,A
4191,33,18,7,3,1d12+4,1d6+4,32,16,7,3,1d12+4,1d8+4,3.0,B
4192,38,16,7,3,1d8+4,1d6+4,43,17,7,5,1d10+4,1d6+4,7.0,B
4193,35,15,7,5,1d8+4,1d6+4,43,16,7,5,1d8+4,1d8+4,8.0,B
4194,33,14,7,4,1d10+4,1d6+4,31,15,7,5,1d8+4,1d8+4,3.0,A
4195,30,14,7,5,1d12+4,1d8+4,30,18,7,3,1d8+4,1d8+4,8.0,B
4196,43,14,7,4,1d12+4,1d6+4,45,15,7,3,1d8+4,1d8+4,9.0,B
4197,44,14,7,4,1d8+4,1d8+4,45,14,7,4,1d12+4,1d8+4,5.0,A
4198,41,14,7,4,1d10+4,1d6+4,43,15,7,4,1d10+4,1d8+4,4.0,B
4199,45,18,7,5,1d8+4,1d6+4,35,18,7,5,1d8+4,1d8+4,5.0,A
4200,47,17,7,3,1d10+4,1d8+4,40,17,7,4,1d12+4,1d6+4,0.0,B
4201,50,15,7,5,1d10+4,1d6+4,37,17,7,5,1d12+4,1d6+4,8.0,A
4202,49,17,7,3,1d10+4,1d8+4,37,17,7,4,1d8+4,1d6+4,0.0,A
4203,37,15,7,5,1d12+4,1d6+4,49,17,7,4,1d10+4,1d6+4,2.0,A
4204,46,14,7,5,1d10+4,1d8+4,49,16,7,4,1d12+4,1d6+4,4.0,A
4205,37,15,7,5,1d8+4,1d6+4,48,18,7,5,1d10+4,1d6+4,4.0,B
4206,46,17,7,3,1d8+4,1d6+4,42,18,7,4,1d10+4,1d6+4,9.0,A
4207,37,14,7,5,1d12+4,1d8+4,38,16,7,3,1d12+4,1d8+4,2.0,B
4208,46,17,7,3,1d8+4,1d6+4,47,16,7,3,1d8+4,1d8+4,2.0,A
4209,31,17,7,4,1d10+4,1d6+4,30,15,7,3,1d12+4,1d8+4,8.0,A
4210,44,14,7,3,1d10+4,1d8+4,46,18,7,5,1d12+4,1d6+4,1.0,A
4211,35,18,7,4,1d8+4,1d8+4,49,17,7,3,1d10+4,1d8+4,0.0,B
4212,39,17,7,4,1d8+4,1d8+4,40,17,7,5,1d10+4,1d6+4,8.0,A
4213,47,17,7,3,1d8+4,1d6+4,45,16,7,5,1d8+4,1d6+4,6.0,B
4214,49,16,7,4,1d10+4,1d6+4,34,18,7,4,1d10+4,1d8+4,3.0,A
4215,38,15,7,4,1d10+4,1d8+4,46,16,7,5,1d12+4,1d6+4,7.0,B
4216,41,14,7,5,1d10+4,1d6+4,38,14,7,5,1d8+4,1d6+4,6.0,A
4217,50,14,7,3,1d10+4,1d6+4,42,15,7,5,1d10+4,1d6+4,7.0,B
4218,37,16,7,5,1d8+4,1d8+4,46,16,7,3,1d12+4,1d6+4,7.0,A
4219,31,18,7,5,1d12+4,1d6+4,43,17,7,3,1d12+4,1d8+4,3.0,A
4220,33,18,7,3,1d10+4,1d6+4,33,14,7,3,1d10+4,1d6+4,2.0,B
4221,47,18,7,4,1d8+4,1d6+4,32,15,7,3,1d10+4,1d8+4,0.0,A
4222,33,15,7,3,1d12+4,1d8+4,43,15,7,4,1d12+4,1d6+4,6.0,B
4223,32,18,7,5,1d12+4,1d6+4,33,16,7,5,1d8+4,1d6+4,10.0,A
4224,46,18,7,3,1d10+4,1d8+4,41,17,7,5,1d10+4,1d8+4,7.0,B
4225,35,18,7,3,1d12+4,1d8+4,42,18,7,4,1d8+4,1d8+4,6.0,A
4226,40,18,7,3,1d12+4,1d8+4,34,18,7,4,1d10+4,1d8+4,2.0,B
4227,36,17,7,4,1d10+4,1d6+4,48,16,7,3,1d10+4,1d6+4,0.0,B
4228,44,14,7,5,1d10+4,1d6+4,37,16,7,5,1d8+4,1d6+4,2.0,A
4229,46,17,7,5,1d10+4,1d6+4,32,17,7,3,1d10+4,1d8+4,2.0,A
4230,46,15,7,5,1d10+4,1d8+4,39,16,7,4,1d8+4,1d8+4,1.0,A
4231,38,14,7,4,1d12+4,1d8+4,35,17,7,5,1d8+4,1d6+4,4.0,A
4232,38,14,7,3,1d12+4,1d8+4,37,18,7,5,1d8+4,1d8+4,10.0,A
4233,49,14,7,4,1d12+4,1d6+4,36,16,7,3,1d12+4,1d8+4,2.0,B
4234,38,15,7,3,1d12+4,1d6+4,45,17,7,5,1d8+4,1d8+4,9.0,A
4235,47,15,7,3,1d10+4,1d6+4,50,18,7,4,1d10+4,1d8+4,9.0,A
4236,47,15,7,5,1d10+4,1d8+4,34,14,7,3,1d12+4,1d6+4,3.0,A
4237,44,18,7,3,1d8+4,1d6+4,31,18,7,4,1d8+4,1d6+4,8.0,A
4238,45,18,7,3,1d8+4,1d8+4,41,17,7,4,1d12+4,1d8+4,8.0,A
4239,37,14,7,3,1d10+4,1d6+4,38,17,7,4,1d10+4,1d6+4,5.0,A
4240,43,18,7,4,1d12+4,1d8+4,35,14,7,5,1d8+4,1d8+4,8.0,A
4241,45,15,7,5,1d12+4,1d8+4,45,17,7,3,1d12+4,1d6+4,8.0,B
4242,40,17,7,3,1d12+4,1d6+4,35,16,7,3,1d12+4,1d8+4,6.0,B
4243,46,16,7,5,1d10+4,1d6+4,45,17,7,5,1d8+4,1d8+4,10.0,B
4244,49,15,7,5,1d8+4,1d8+4,37,16,7,5,1d10+4,1d6+4,8.0,A
4245,32,15,7,3,1d8+4,1d8+4,33,16,7,4,1d10+4,1d8+4,0.0,B
4246,42,16,7,4,1d8+4,1d6+4,35,16,7,3,1d8+4,1d6+4,1.0,A
4247,48,16,7,4,1d12+4,1d8+4,33,18,7,5,1d12+4,1d6+4,3.0,B
4248,40,18,7,3,1d10+4,1d6+4,35,15,7,3,1d10+4,1d8+4,1.0,B
4249,31,16,7,5,1d12+4,1d6+4,46,18,7,3,1d8+4,1d6+4,4.0,A
4250,33,16,7,5,1d8+4,1d8+4,42,16,7,4,1d8+4,1d6+4,9.0,B
4251,31,17,7,4,1d10+4,1d6+4,36,14,7,5,1d12+4,1d6+4,10.0,A
4252,43,14,7,4,1d12+4,1d8+4,41,18,7,4,1d10+4,1d8+4,2.0,B
4253,43,18,7,4,1d8+4,1d6+4,31,14,7,5,1d10+4,1d6+4,4.0,A
4254,31,16,7,4,1d12+4,1d8+4,40,15,7,3,1d8+4,1d6+4,7.0,A
4255,31,17,7,4,1d12+4,1d6+4,44,16,7,5,1d8+4,1d8+4,9.0,A
4256,34,17,7,3,1d10+4,1d8+4,45,18,7,3,1d10+4,1d8+4,9.0,A
4257,34,16,7,5,1d12+4,1d8+4,44,15,7,4,1d12+4,1d8+4,8.0,A
4258,31,15,7,5,1d8+4,1d6+4,45,16,7,3,1d12+4,1d8+4,0.0,B
4259,37,16,7,3,1d10+4,1d6+4,45,18,7,3,1d8+4,1d6+4,10.0,A
4260,31,18,7,4,1d8+4,1d6+4,46,16,7,5,1d12+4,1d8+4,5.0,A
4261,48,14,7,3,1d8+4,1d6+4,43,15,7,3,1d8+4,1d8+4,9.0,A
4262,48,16,7,4,1d10+4,1d6+4,41,14,7,5,1d12+4,1d8+4,7.0,B
4263,34,14,7,3,1d12+4,1d6+4,43,14,7,3,1d10+4,1d6+4,9.0,B
4264,48,17,7,5,1d8+4,1d6+4,40,18,7,4,1d12+4,1d8+4,2.0,B
4265,45,15,7,4,1d10+4,1d8+4,34,14,7,3,1d10+4,1d8+4,1.0,A
4266,39,17,7,5,1d10+4,1d6+4,37,18,7,4,1d12+4,1d8+4,9.0,A
4267,48,15,7,3,1d8+4,1d8+4,33,16,7,4,1d12+4,1d6+4,2.0,B
4268,39,14,7,4,1d10+4,1d8+4,35,18,7,5,1d12+4,1d8+4,0.0,B
4269,49,14,7,4,1d10+4,1d6+4,31,17,7,3,1d12+4,1d6+4,5.0,B
4270,49,14,7,3,1d12+4,1d8+4,50,14,7,5,1d8+4,1d8+4,1.0,B
4271,32,16,7,5,1d8+4,1d8+4,50,16,7,5,1d8+4,1d6+4,8.0,B
4272,38,15,7,4,1d12+4,1d8+4,50,16,7,5,1d12+4,1d8+4,0.0,B
4273,36,17,7,5,1d12+4,1d6+4,31,18,7,5,1d12+4,1d8+4,10.0,A
4274,45,16,7,3,1d12+4,1d8+4,38,17,7,5,1d10+4,1d6+4,1.0,A
4275,40,16,7,3,1d12+4,1d8+4,50,17,7,4,1d8+4,1d6+4,7.0,B
4276,30,16,7,3,1d10+4,1d8+4,46,16,7,4,1d12+4,1d8+4,5.0,B
4277,37,17,7,4,1d12+4,1d6+4,49,17,7,4,1d12+4,1d8+4,0.0,A
4278,40,16,7,5,1d12+4,1d8+4,49,18,7,5,1d10+4,1d8+4,8.0,B
4279,30,18,7,3,1d8+4,1d6+4,48,16,7,3,1d10+4,1d8+4,1.0,B
4280,44,14,7,4,1d12+4,1d8+4,36,14,7,3,1d12+4,1d6+4,9.0,B
4281,30,15,7,3,1d12+4,1d8+4,33,14,7,4,1d8+4,1d6+4,2.0,B
4282,43,15,7,5,1d12+4,1d6+4,35,18,7,4,1d8+4,1d6+4,1.0,B
4283,31,17,7,5,1d10+4,1d6+4,39,17,7,4,1d10+4,1d8+4,3.0,A
4284,39,17,7,5,1d10+4,1d8+4,30,15,7,4,1d10+4,1d6+4,7.0,A
4285,31,16,7,5,1d10+4,1d8+4,33,17,7,3,1d8+4,1d8+4,8.0,A
4286,33,15,7,3,1d10+4,1d8+4,43,14,7,3,1d10+4,1d6+4,2.0,A
4287,50,14,7,4,1d12+4,1d6+4,34,16,7,4,1d10+4,1d8+4,8.0,A
4288,42,18,7,3,1d8+4,1d6+4,38,17,7,5,1d12+4,1d6+4,2.0,B
4289,40,15,7,5,1d10+4,1d8+4,35,17,7,4,1d8+4,1d6+4,10.0,B
4290,41,18,7,4,1d12+4,1d6+4,46,16,7,5,1d8+4,1d6+4,5.0,A
4291,37,14,7,4,1d12+4,1d6+4,34,15,7,4,1d12+4,1d6+4,3.0,B
4292,50,18,7,5,1d12+4,1d8+4,45,17,7,5,1d8+4,1d6+4,1.0,A
4293,34,15,7,4,1d12+4,1d8+4,36,14,7,5,1d8+4,1d8+4,5.0,A
4294,41,16,7,3,1d10+4,1d6+4,30,16,7,5,1d12+4,1d8+4,6.0,B
4295,49,15,7,3,1d10+4,1d8+4,49,15,7,5,1d12+4,1d8+4,8.0,A
4296,31,14,7,5,1d10+4,1d6+4,46,14,7,5,1d8+4,1d8+4,6.0,B
4297,32,16,7,5,1d12+4,1d8+4,49,16,7,5,1d8+4,1d6+4,8.0,A
4298,46,16,7,5,1d8+4,1d6+4,34,15,7,5,1d8+4,1d6+4,0.0,A
4299,35,15,7,3,1d8+4,1d6+4,30,15,7,4,1d12+4,1d6+4,10.0,B
4300,32,18,7,5,1d10+4,1d6+4,39,17,7,3,1d12+4,1d8+4,5.0,B
4301,46,15,7,4,1d12+4,1d6+4,40,14,7,4,1d8+4,1d6+4,1.0,A
4302,45,15,7,3,1d8+4,1d6+4,35,15,7,4,1d10+4,1d8+4,1.0,B
4303,47,17,7,4,1d12+4,1d6+4,48,18,7,4,1d8+4,1d6+4,6.0,A
4304,45,18,7,5,1d12+4,1d8+4,34,17,7,5,1d12+4,1d6+4,5.0,A
4305,37,16,7,3,1d8+4,1d8+4,50,17,7,4,1d10+4,1d6+4,8.0,B
4306,45,16,7,3,1d12+4,1d8+4,40,18,7,5,1d12+4,1d8+4,1.0,B
4307,31,14,7,4,1d8+4,1d8+4,38,17,7,3,1d10+4,1d8+4,4.0,B
4308,43,17,7,3,1d10+4,1d8+4,33,15,7,5,1d12+4,1d6+4,2.0,A
4309,35,14,7,3,1d8+4,1d8+4,39,16,7,4,1d10+4,1d8+4,2.0,B
4310,43,16,7,5,1d10+4,1d8+4,38,14,7,5,1d8+4,1d8+4,2.0,A
4311,30,17,7,4,1d8+4,1d6+4,39,17,7,5,1d10+4,1d8+4,5.0,A
4312,30,17,7,4,1d8+4,1d8+4,45,16,7,3,1d10+4,1d6+4,7.0,B
4313,48,18,7,3,1d12+4,1d6+4,33,16,7,5,1d8+4,1d6+4,6.0,A
4314,40,14,7,5,1d10+4,1d6+4,38,14,7,3,1d10+4,1d6+4,9.0,B
4315,37,17,7,5,1d12+4,1d8+4,49,18,7,5,1d12+4,1d8+4,2.0,A
4316,47,18,7,4,1d12+4,1d8+4,32,15,7,5,1d12+4,1d8+4,9.0,A
4317,49,18,7,3,1d8+4,1d8+4,32,18,7,3,1d8+4,1d6+4,6.0,B
4318,47,15,7,4,1d8+4,1d8+4,43,18,7,5,1d8+4,1d8+4,0.0,B
4319,40,18,7,5,1d12+4,1d8+4,45,18,7,3,1d8+4,1d8+4,1.0,B
4320,47,15,7,4,1d10+4,1d6+4,42,16,7,5,1d10+4,1d8+4,6.0,B
4321,43,18,7,5,1d12+4,1d8+4,31,15,7,3,1d12+4,1d6+4,2.0,A
4322,44,17,7,5,1d12+4,1d8+4,36,16,7,5,1d8+4,1d8+4,7.0,A
4323,38,16,7,5,1d10+4,1d8+4,30,15,7,3,1d8+4,1d6+4,1.0,A
4324,42,15,7,3,1d12+4,1d8+4,42,15,7,3,1d12+4,1d8+4,9.0,B
4325,32,14,7,3,1d8+4,1d6+4,35,18,7,3,1d10+4,1d6+4,7.0,A
4326,41,17,7,5,1d8+4,1d8+4,35,18,7,3,1d8+4,1d6+4,0.0,A
4327,42,15,7,3,1d12+4,1d8+4,43,17,7,5,1d8+4,1d8+4,0.0,A
4328,47,15,7,4,1d12+4,1d6+4,37,18,7,4,1d10+4,1d6+4,6.0,B
4329,37,15,7,4,1d12+4,1d8+4,41,18,7,4,1d12+4,1d8+4,3.0,B
4330,39,14,7,3,1d12+4,1d6+4,49,15,7,4,1d12+4,1d8+4,1.0,B
4331,41,18,7,4,1d10+4,1d6+4,49,14,7,4,1d8+4,1d6+4,5.0,B
4332,43,18,7,3,1d12+4,1d6+4,32,14,7,3,1d10+4,1d6+4,1.0,A
4333,48,18,7,4,1d8+4,1d8+4,33,18,7,4,1d12+4,1d8+4,0.0,B
4334,30,14,7,3,1d12+4,1d8+4,45,15,7,3,1d8+4,1d8+4,8.0,A
4335,43,15,7,4,1d10+4,1d6+4,44,14,7,3,1d8+4,1d8+4,8.0,A
4336,31,16,7,4,1d10+4,1d6+4,41,14,7,4,1d10+4,1d6+4,0.0,B
4337,42,16,7,4,1d8+4,1d8+4,45,18,7,4,1d8+4,1d6+4,9.0,B
4338,44,15,7,3,1d10+4,1d8+4,36,15,7,3,1d10+4,1d8+4,10.0,A
4339,47,16,7,4,1d12+4,1d6+4,35,15,7,3,1d10+4,1d6+4,3.0,A
4340,32,14,7,4,1d8+4,1d8+4,38,18,7,3,1d12+4,1d6+4,6.0,B
4341,31,17,7,4,1d10+4,1d6+4,44,17,7,4,1d8+4,1d6+4,1.0,A
4342,39,14,7,4,1d8+4,1d8+4,37,17,7,3,1d10+4,1d8+4,6.0,B
4343,30,15,7,3,1d12+4,1d6+4,46,17,7,4,1d8+4,1d6+4,1.0,B
4344,45,15,7,4,1d12+4,1d6+4,34,14,7,3,1d10+4,1d6+4,4.0,A
4345,38,18,7,4,1d8+4,1d6+4,48,16,7,5,1d10+4,1d8+4,6.0,A
4346,33,17,7,3,1d10+4,1d8+4,46,16,7,4,1d10+4,1d8+4,6.0,B
4347,43,18,7,5,1d10+4,1d8+4,48,14,7,3,1d12+4,1d6+4,5.0,A
4348,35,18,7,4,1d10+4,1d8+4,42,15,7,5,1d8+4,1d6+4,9.0,B
4349,31,14,7,3,1d8+4,1d6+4,50,15,7,5,1d12+4,1d8+4,0.0,B
4350,46,16,7,3,1d10+4,1d8+4,43,14,7,4,1d10+4,1d6+4,8.0,B
4351,39,17,7,4,1d8+4,1d8+4,33,14,7,3,1d8+4,1d6+4,9.0,A
4352,41,17,7,5,1d8+4,1d8+4,40,15,7,3,1d10+4,1d8+4,7.0,B
4353,50,14,7,4,1d12+4,1d6+4,39,16,7,3,1d8+4,1d6+4,1.0,B
4354,42,17,7,4,1d12+4,1d6+4,35,15,7,5,1d10+4,1d6+4,7.0,A
4355,50,15,7,4,1d8+4,1d6+4,43,15,7,4,1d8+4,1d8+4,7.0,A
4356,39,17,7,5,1d12+4,1d8+4,50,17,7,5,1d10+4,1d6+4,4.0,A
4357,37,18,7,5,1d12+4,1d6+4,48,14,7,4,1d10+4,1d6+4,6.0,A
4358,33,16,7,4,1d10+4,1d8+4,46,14,7,4,1d10+4,1d8+4,2.0,B
4359,45,16,7,3,1d8+4,1d6+4,34,17,7,4,1d8+4,1d8+4,9.0,B
4360,45,17,7,5,1d8+4,1d6+4,31,18,7,5,1d12+4,1d6+4,4.0,A
4361,47,14,7,3,1d12+4,1d8+4,40,14,7,4,1d8+4,1d8+4,3.0,A
4362,32,14,7,5,1d8+4,1d6+4,40,17,7,4,1d12+4,1d6+4,4.0,B
4363,32,16,7,4,1d12+4,1d8+4,48,16,7,3,1d12+4,1d6+4,8.0,B
4364,44,14,7,5,1d12+4,1d8+4,49,16,7,4,1d10+4,1d8+4,8.0,A
4365,40,17,7,5,1d12+4,1d6+4,31,14,7,5,1d8+4,1d8+4,2.0,A
4366,37,15,7,4,1d10+4,1d6+4,32,14,7,4,1d8+4,1d8+4,2.0,A
4367,36,17,7,3,1d12+4,1d8+4,47,14,7,4,1d8+4,1d6+4,2.0,B
4368,41,18,7,5,1d10+4,1d8+4,34,16,7,4,1d12+4,1d6+4,7.0,B
4369,36,15,7,4,1d12+4,1d8+4,36,17,7,5,1d10+4,1d6+4,5.0,A
4370,49,18,7,4,1d10+4,1d8+4,30,17,7,5,1d10+4,1d6+4,10.0,A
4371,30,16,7,3,1d8+4,1d8+4,33,18,7,3,1d12+4,1d6+4,0.0,A
4372,36,17,7,3,1d12+4,1d8+4,36,17,7,5,1d10+4,1d8+4,4.0,B
4373,47,18,7,5,1d12+4,1d8+4,48,16,7,4,1d8+4,1d8+4,10.0,A
4374,41,17,7,3,1d8+4,1d6+4,33,17,7,4,1d8+4,1d6+4,3.0,A
4375,46,18,7,3,1d12+4,1d8+4,41,18,7,5,1d8+4,1d8+4,8.0,A
4376,36,15,7,4,1d8+4,1d8+4,46,18,7,3,1d10+4,1d6+4,6.0,B
4377,49,15,7,5,1d12+4,1d6+4,33,18,7,4,1d12+4,1d6+4,7.0,B
4378,33,16,7,4,1d8+4,1d6+4,38,17,7,5,1d10+4,1d6+4,9.0,B
4379,30,17,7,4,1d12+4,1d6+4,42,15,7,4,1d8+4,1d6+4,4.0,A
4380,38,17,7,3,1d12+4,1d8+4,48,17,7,5,1d12+4,1d8+4,6.0,A
4381,44,14,7,4,1d12+4,1d6+4,31,17,7,3,1d8+4,1d8+4,7.0,A
4382,42,14,7,3,1d8+4,1d6+4,41,16,7,3,1d10+4,1d6+4,5.0,B
4383,36,16,7,5,1d8+4,1d8+4,30,17,7,3,1d8+4,1d8+4,7.0,A
4384,47,15,7,3,1d12+4,1d8+4,30,14,7,5,1d8+4,1d6+4,1.0,A
4385,47,14,7,4,1d10+4,1d6+4,36,16,7,3,1d10+4,1d6+4,3.0,A
4386,49,14,7,4,1d8+4,1d8+4,46,16,7,4,1d10+4,1d6+4,0.0,B
4387,47,16,7,5,1d12+4,1d6+4,48,18,7,5,1d12+4,1d8+4,5.0,A
4388,35,15,7,4,1d10+4,1d8+4,34,17,7,3,1d8+4,1d8+4,1.0,A
4389,47,16,7,3,1d12+4,1d8+4,44,17,7,5,1d10+4,1d6+4,3.0,A
4390,40,16,7,3,1d12+4,1d6+4,44,15,7,4,1d12+4,1d6+4,6.0,A
4391,44,16,7,3,1d8+4,1d8+4,45,16,7,3,1d10+4,1d6+4,0.0,A
4392,31,14,7,4,1d8+4,1d6+4,41,18,7,4,1d8+4,1d6+4,3.0,B
4393,42,16,7,5,1d10+4,1d6+4,31,15,7,5,1d10+4,1d6+4,3.0,A
4394,47,15,7,4,1d8+4,1d8+4,38,14,7,5,1d8+4,1d8+4,0.0,B
4395,40,17,7,4,1d10+4,1d8+4,33,14,7,3,1d12+4,1d8+4,4.0,A
4396,41,18,7,3,1d8+4,1d8+4,50,15,7,5,1d10+4,1d8+4,5.0,A
4397,40,14,7,3,1d10+4,1d8+4,46,16,7,3,1d8+4,1d6+4,7.0,A
4398,34,16,7,3,1d12+4,1d6+4,44,14,7,3,1d8+4,1d8+4,3.0,A
4399,38,18,7,4,1d10+4,1d6+4,32,17,7,4,1d8+4,1d8+4,7.0,A
4400,47,16,7,3,1d12+4,1d8+4,45,17,7,3,1d12+4,1d8+4,2.0,A
4401,39,15,7,5,1d12+4,1d6+4,47,18,7,3,1d10+4,1d8+4,6.0,B
4402,30,14,7,4,1d8+4,1d8+4,42,17,7,3,1d10+4,1d8+4,8.0,B
4403,38,17,7,4,1d12+4,1d6+4,32,14,7,5,1d12+4,1d8+4,0.0,B
4404,33,17,7,3,1d8+4,1d8+4,40,18,7,4,1d10+4,1d8+4,7.0,A
4405,45,15,7,4,1d8+4,1d8+4,50,16,7,4,1d8+4,1d8+4,5.0,B
4406,45,14,7,5,1d12+4,1d6+4,38,18,7,3,1d12+4,1d6+4,10.0,B
4407,37,15,7,4,1d8+4,1d8+4,33,16,7,4,1d12+4,1d8+4,0.0,A
4408,45,17,7,5,1d12+4,1d6+4,44,14,7,3,1d8+4,1d6+4,6.0,A
4409,46,15,7,3,1d10+4,1d6+4,32,18,7,3,1d10+4,1d8+4,1.0,A
4410,37,18,7,5,1d10+4,1d6+4,49,16,7,4,1d10+4,1d6+4,6.0,B
4411,49,17,7,3,1d10+4,1d6+4,44,14,7,5,1d8+4,1d8+4,9.0,A
4412,43,16,7,3,1d10+4,1d6+4,36,18,7,5,1d12+4,1d8+4,10.0,B
4413,45,18,7,5,1d8+4,1d8+4,35,17,7,5,1d10+4,1d8+4,0.0,A
4414,37,18,7,4,1d12+4,1d8+4,43,18,7,5,1d12+4,1d6+4,3.0,A
4415,38,18,7,5,1d8+4,1d8+4,43,18,7,3,1d10+4,1d6+4,10.0,B
4416,48,18,7,4,1d8+4,1d8+4,36,14,7,4,1d10+4,1d6+4,0.0,A
4417,49,17,7,5,1d12+4,1d6+4,31,15,7,3,1d10+4,1d6+4,8.0,B
4418,47,17,7,5,1d12+4,1d8+4,40,18,7,5,1d12+4,1d6+4,3.0,B
4419,44,14,7,3,1d8+4,1d8+4,47,16,7,4,1d12+4,1d8+4,3.0,B
4420,35,18,7,3,1d8+4,1d6+4,47,18,7,4,1d10+4,1d8+4,10.0,B
4421,47,18,7,4,1d10+4,1d6+4,50,15,7,5,1d8+4,1d8+4,7.0,A
4422,43,15,7,4,1d8+4,1d8+4,47,16,7,4,1d8+4,1d8+4,7.0,A
4423,48,17,7,5,1d8+4,1d6+4,32,16,7,4,1d8+4,1d8+4,2.0,A
4424,33,14,7,5,1d8+4,1d8+4,31,14,7,3,1d8+4,1d8+4,7.0,A
4425,46,18,7,4,1d8+4,1d6+4,38,17,7,4,1d12+4,1d8+4,0.0,B
4426,50,16,7,4,1d12+4,1d6+4,37,16,7,4,1d12+4,1d6+4,1.0,A
4427,40,16,7,3,1d12+4,1d8+4,48,17,7,3,1d8+4,1d8+4,9.0,A
4428,43,15,7,5,1d12+4,1d8+4,32,17,7,4,1d8+4,1d8+4,10.0,A
4429,46,17,7,3,1d10+4,1d8+4,37,18,7,4,1d12+4,1d6+4,4.0,A
4430,37,18,7,3,1d12+4,1d6+4,48,17,7,5,1d8+4,1d8+4,7.0,A
4431,32,14,7,5,1d12+4,1d8+4,45,14,7,3,1d10+4,1d8+4,1.0,A
4432,43,16,7,5,1d8+4,1d8+4,32,18,7,4,1d12+4,1d6+4,7.0,A
4433,35,14,7,4,1d12+4,1d8+4,46,16,7,3,1d12+4,1d6+4,2.0,B
4434,40,15,7,5,1d10+4,1d8+4,43,17,7,4,1d10+4,1d6+4,10.0,A
4435,32,14,7,4,1d10+4,1d6+4,30,15,7,5,1d8+4,1d8+4,10.0,A
4436,39,15,7,4,1d8+4,1d6+4,43,17,7,4,1d10+4,1d6+4,7.0,B
4437,35,16,7,3,1d12+4,1d6+4,43,14,7,4,1d8+4,1d6+4,1.0,A
4438,48,14,7,3,1d10+4,1d6+4,47,15,7,5,1d12+4,1d8+4,1.0,A
4439,43,17,7,3,1d10+4,1d6+4,49,14,7,5,1d8+4,1d6+4,8.0,B
4440,34,17,7,3,1d12+4,1d6+4,38,14,7,3,1d8+4,1d6+4,7.0,B
4441,45,17,7,5,1d12+4,1d8+4,30,18,7,4,1d10+4,1d8+4,8.0,A
4442,44,17,7,5,1d8+4,1d8+4,45,18,7,3,1d10+4,1d8+4,2.0,B
4443,33,17,7,5,1d8+4,1d8+4,41,14,7,4,1d10+4,1d6+4,1.0,B
4444,38,17,7,4,1d8+4,1d6+4,39,15,7,4,1d12+4,1d6+4,3.0,A
4445,38,17,7,3,1d10+4,1d6+4,47,18,7,3,1d8+4,1d6+4,1.0,A
4446,45,16,7,3,1d8+4,1d6+4,45,17,7,3,1d8+4,1d6+4,10.0,B
4447,47,16,7,5,1d10+4,1d6+4,37,16,7,3,1d12+4,1d6+4,5.0,A
4448,46,17,7,4,1d8+4,1d8+4,35,15,7,4,1d10+4,1d6+4,8.0,A
4449,42,14,7,3,1d8+4,1d6+4,43,14,7,5,1d12+4,1d8+4,2.0,A
4450,36,16,7,4,1d12+4,1d6+4,33,17,7,3,1d8+4,1d6+4,8.0,B
4451,32,16,7,4,1d8+4,1d8+4,47,17,7,4,1d10+4,1d8+4,3.0,B
4452,35,16,7,3,1d10+4,1d6+4,50,15,7,4,1d12+4,1d8+4,2.0,B
4453,32,15,7,3,1d12+4,1d6+4,37,15,7,3,1d8+4,1d6+4,2.0,B
4454,41,15,7,5,1d10+4,1d8+4,40,18,7,3,1d12+4,1d8+4,10.0,A
4455,50,16,7,5,1d12+4,1d8+4,31,14,7,3,1d10+4,1d6+4,1.0,A
4456,44,15,7,4,1d8+4,1d8+4,39,18,7,3,1d10+4,1d8+4,8.0,A
4457,35,17,7,4,1d12+4,1d8+4,37,17,7,5,1d8+4,1d6+4,9.0,A
4458,34,17,7,4,1d8+4,1d6+4,49,15,7,4,1d10+4,1d8+4,5.0,A
4459,34,17,7,5,1d8+4,1d6+4,45,15,7,4,1d8+4,1d8+4,7.0,B
4460,33,15,7,4,1d8+4,1d6+4,45,18,7,4,1d12+4,1d8+4,0.0,A
4461,39,17,7,5,1d12+4,1d8+4,43,14,7,5,1d12+4,1d8+4,7.0,A
4462,44,18,7,3,1d10+4,1d8+4,33,15,7,3,1d8+4,1d8+4,0.0,A
4463,35,15,7,4,1d12+4,1d6+4,50,14,7,5,1d10+4,1d6+4,10.0,B
4464,41,17,7,5,1d10+4,1d8+4,31,18,7,4,1d8+4,1d6+4,4.0,A
4465,50,17,7,4,1d8+4,1d6+4,44,17,7,5,1d8+4,1d6+4,3.0,A
4466,34,15,7,3,1d8+4,1d8+4,45,16,7,4,1d10+4,1d8+4,0.0,A
4467,46,14,7,5,1d8+4,1d6+4,43,15,7,5,1d8+4,1d6+4,2.0,B
4468,42,17,7,5,1d12+4,1d8+4,34,17,7,4,1d10+4,1d8+4,2.0,A
4469,32,14,7,3,1d8+4,1d8+4,49,16,7,3,1d10+4,1d8+4,5.0,A
4470,49,16,7,4,1d8+4,1d8+4,44,16,7,5,1d10+4,1d8+4,7.0,B
4471,33,17,7,5,1d12+4,1d6+4,47,18,7,5,1d12+4,1d6+4,8.0,B
4472,50,18,7,4,1d10+4,1d6+4,49,16,7,3,1d12+4,1d8+4,8.0,A
4473,30,14,7,3,1d12+4,1d8+4,36,15,7,3,1d12+4,1d6+4,6.0,B
4474,42,16,7,5,1d10+4,1d8+4,45,16,7,4,1d12+4,1d6+4,2.0,B
4475,33,17,7,3,1d12+4,1d8+4,35,14,7,3,1d8+4,1d6+4,6.0,B
4476,39,16,7,3,1d10+4,1d6+4,42,16,7,5,1d10+4,1d6+4,0.0,B
4477,37,17,7,4,1d12+4,1d6+4,37,15,7,4,1d12+4,1d8+4,10.0,B
4478,48,15,7,4,1d8+4,1d6+4,39,17,7,4,1d10+4,1d6+4,1.0,B
4479,35,18,7,3,1d8+4,1d6+4,50,18,7,3,1d10+4,1d8+4,2.0,B
4480,47,16,7,3,1d12+4,1d8+4,43,16,7,4,1d10+4,1d8+4,6.0,A
4481,30,18,7,4,1d10+4,1d8+4,40,18,7,4,1d10+4,1d8+4,1.0,B
4482,46,16,7,5,1d12+4,1d6+4,31,16,7,4,1d8+4,1d8+4,9.0,A
4483,30,14,7,5,1d8+4,1d8+4,44,18,7,5,1d12+4,1d8+4,1.0,B
4484,30,15,7,4,1d10+4,1d6+4,39,15,7,5,1d12+4,1d6+4,0.0,A
4485,46,16,7,3,1d10+4,1d8+4,35,16,7,3,1d12+4,1d6+4,5.0,A
4486,50,16,7,5,1d8+4,1d6+4,47,18,7,3,1d12+4,1d8+4,5.0,B
4487,47,16,7,4,1d10+4,1d6+4,31,14,7,5,1d12+4,1d8+4,1.0,A
4488,45,14,7,5,1d10+4,1d6+4,42,17,7,5,1d10+4,1d8+4,4.0,B
4489,33,18,7,3,1d8+4,1d8+4,49,14,7,5,1d8+4,1d8+4,2.0,A
4490,50,17,7,3,1d12+4,1d8+4,49,14,7,4,1d12+4,1d8+4,8.0,B
4491,33,14,7,3,1d10+4,1d6+4,34,18,7,4,1d10+4,1d8+4,0.0,B
4492,44,14,7,5,1d10+4,1d6+4,32,14,7,3,1d12+4,1d8+4,5.0,A
4493,36,15,7,3,1d12+4,1d8+4,33,18,7,3,1d10+4,1d6+4,1.0,B
4494,48,17,7,5,1d10+4,1d8+4,38,16,7,3,1d12+4,1d6+4,8.0,A
4495,32,18,7,5,1d12+4,1d8+4,44,15,7,5,1d12+4,1d6+4,2.0,B
4496,45,14,7,3,1d12+4,1d8+4,33,14,7,4,1d8+4,1d6+4,6.0,B
4497,36,18,7,5,1d10+4,1d8+4,36,15,7,4,1d12+4,1d6+4,2.0,A
4498,35,14,7,5,1d12+4,1d6+4,42,18,7,4,1d8+4,1d6+4,4.0,A
4499,49,14,7,4,1d8+4,1d6+4,39,18,7,3,1d12+4,1d8+4,4.0,A
4500,38,16,7,5,1d8+4,1d8+4,42,18,7,4,1d12+4,1d8+4,6.0,A
4501,34,14,7,3,1d8+4,1d6+4,36,14,7,4,1d10+4,1d8+4,0.0,B
4502,47,18,7,3,1d8+4,1d6+4,34,14,7,4,1d8+4,1d8+4,8.0,A
4503,42,17,7,3,1d10+4,1d8+4,32,15,7,5,1d12+4,1d6+4,3.0,B
4504,46,17,7,3,1d10+4,1d8+4,47,15,7,5,1d12+4,1d6+4,8.0,A
4505,41,15,7,3,1d8+4,1d6+4,49,18,7,3,1d10+4,1d6+4,5.0,B
4506,41,16,7,4,1d12+4,1d6+4,31,14,7,5,1d8+4,1d6+4,8.0,A
4507,50,16,7,5,1d8+4,1d6+4,37,15,7,5,1d8+4,1d8+4,7.0,A
4508,37,18,7,5,1d12+4,1d8+4,47,15,7,3,1d8+4,1d6+4,0.0,A
4509,50,15,7,5,1d8+4,1d8+4,45,16,7,3,1d10+4,1d6+4,10.0,A
4510,37,18,7,4,1d12+4,1d6+4,40,17,7,3,1d8+4,1d8+4,9.0,B
4511,49,15,7,4,1d10+4,1d6+4,43,14,7,4,1d10+4,1d6+4,8.0,A
4512,35,16,7,4,1d12+4,1d8+4,33,16,7,3,1d12+4,1d8+4,3.0,A
4513,40,15,7,5,1d12+4,1d8+4,46,14,7,5,1d8+4,1d6+4,8.0,B
4514,34,14,7,3,1d10+4,1d6+4,50,15,7,3,1d8+4,1d6+4,8.0,B
4515,41,17,7,3,1d8+4,1d6+4,37,16,7,4,1d12+4,1d6+4,8.0,B
4516,31,15,7,5,1d10+4,1d6+4,33,16,7,4,1d10+4,1d6+4,8.0,A
4517,42,15,7,5,1d10+4,1d6+4,50,15,7,5,1d10+4,1d8+4,1.0,A
4518,31,15,7,4,1d8+4,1d8+4,39,15,7,4,1d12+4,1d8+4,6.0,A
4519,42,14,7,4,1d12+4,1d6+4,39,15,7,3,1d10+4,1d8+4,6.0,A
4520,45,18,7,5,1d10+4,1d8+4,30,14,7,3,1d12+4,1d6+4,3.0,B
4521,37,18,7,4,1d8+4,1d8+4,39,15,7,3,1d10+4,1d6+4,8.0,A
4522,38,14,7,3,1d12+4,1d8+4,47,17,7,3,1d12+4,1d8+4,5.0,B
4523,31,14,7,3,1d8+4,1d8+4,35,16,7,4,1d8+4,1d8+4,8.0,B
4524,45,17,7,3,1d10+4,1d8+4,46,16,7,5,1d12+4,1d8+4,3.0,A
4525,42,16,7,4,1d10+4,1d6+4,35,14,7,5,1d10+4,1d6+4,6.0,A
4526,43,18,7,5,1d12+4,1d6+4,50,18,7,4,1d8+4,1d8+4,5.0,B
4527,49,17,7,3,1d8+4,1d6+4,31,16,7,3,1d12+4,1d8+4,1.0,B
4528,36,14,7,4,1d12+4,1d6+4,30,16,7,5,1d10+4,1d8+4,8.0,A
4529,46,17,7,3,1d12+4,1d6+4,49,17,7,4,1d10+4,1d6+4,0.0,A
4530,39,18,7,5,1d8+4,1d8+4,50,17,7,4,1d12+4,1d8+4,6.0,B
4531,31,17,7,4,1d12+4,1d8+4,50,17,7,4,1d12+4,1d6+4,7.0,B
4532,38,14,7,5,1d12+4,1d8+4,43,16,7,3,1d8+4,1d8+4,6.0,B
4533,36,15,7,5,1d8+4,1d8+4,40,15,7,5,1d12+4,1d6+4,9.0,A
4534,49,15,7,5,1d10+4,1d6+4,31,16,7,3,1d8+4,1d6+4,6.0,B
4535,45,18,7,3,1d8+4,1d6+4,40,18,7,4,1d12+4,1d6+4,1.0,B
4536,31,17,7,3,1d10+4,1d6+4,31,14,7,5,1d8+4,1d6+4,1.0,A
4537,37,15,7,4,1d8+4,1d6+4,32,18,7,5,1d8+4,1d6+4,9.0,B
4538,39,14,7,3,1d12+4,1d8+4,45,17,7,5,1d10+4,1d6+4,8.0,A
4539,33,15,7,3,1d8+4,1d8+4,35,16,7,5,1d12+4,1d8+4,10.0,A
4540,46,17,7,4,1d8+4,1d8+4,39,15,7,4,1d12+4,1d8+4,10.0,B
4541,42,14,7,5,1d8+4,1d8+4,40,18,7,3,1d8+4,1d6+4,4.0,B
4542,35,18,7,5,1d10+4,1d8+4,46,14,7,4,1d12+4,1d8+4,2.0,B
4543,50,16,7,4,1d10+4,1d8+4,42,15,7,3,1d10+4,1d8+4,1.0,B
4544,33,15,7,3,1d8+4,1d8+4,48,17,7,4,1d12+4,1d6+4,0.0,B
4545,31,14,7,3,1d12+4,1d8+4,38,16,7,5,1d12+4,1d6+4,4.0,A
4546,31,18,7,3,1d12+4,1d8+4,45,16,7,4,1d10+4,1d6+4,1.0,A
4547,50,15,7,3,1d8+4,1d8+4,34,16,7,3,1d12+4,1d6+4,6.0,A
4548,37,14,7,4,1d12+4,1d6+4,30,16,7,3,1d8+4,1d8+4,7.0,A
4549,34,15,7,4,1d10+4,1d8+4,43,18,7,4,1d12+4,1d8+4,1.0,A
4550,35,14,7,3,1d12+4,1d8+4,48,14,7,4,1d12+4,1d8+4,4.0,B
4551,40,14,7,4,1d10+4,1d6+4,33,16,7,4,1d8+4,1d8+4,0.0,A
4552,40,18,7,5,1d8+4,1d8+4,30,15,7,3,1d10+4,1d6+4,6.0,A
4553,32,17,7,5,1d12+4,1d8+4,49,16,7,4,1d12+4,1d8+4,7.0,B
4554,38,18,7,5,1d8+4,1d8+4,30,18,7,4,1d10+4,1d6+4,2.0,A
4555,42,16,7,5,1d8+4,1d6+4,43,14,7,3,1d8+4,1d8+4,5.0,A
4556,45,15,7,4,1d12+4,1d6+4,43,15,7,4,1d12+4,1d8+4,3.0,B
4557,31,18,7,3,1d10+4,1d8+4,38,18,7,3,1d8+4,1d8+4,10.0,B
4558,46,15,7,5,1d12+4,1d6+4,34,18,7,3,1d8+4,1d6+4,4.0,A
4559,43,14,7,5,1d12+4,1d6+4,36,16,7,5,1d10+4,1d8+4,1.0,B
4560,50,15,7,4,1d12+4,1d6+4,32,14,7,3,1d12+4,1d6+4,6.0,A
4561,46,17,7,4,1d8+4,1d6+4,36,17,7,4,1d10+4,1d6+4,10.0,A
4562,43,15,7,5,1d8+4,1d6+4,45,18,7,5,1d10+4,1d8+4,9.0,A
4563,31,15,7,4,1d10+4,1d6+4,41,14,7,4,1d10+4,1d6+4,6.0,B
4564,40,17,7,5,1d12+4,1d6+4,48,16,7,4,1d10+4,1d6+4,8.0,B
4565,40,14,7,4,1d8+4,1d6+4,30,14,7,3,1d12+4,1d6+4,2.0,B
4566,45,18,7,4,1d12+4,1d8+4,50,15,7,5,1d12+4,1d8+4,2.0,A
4567,33,14,7,3,1d12+4,1d8+4,35,18,7,4,1d8+4,1d6+4,4.0,B
4568,33,17,7,3,1d12+4,1d8+4,36,17,7,3,1d12+4,1d8+4,9.0,A
4569,41,18,7,3,1d8+4,1d8+4,35,16,7,4,1d8+4,1d6+4,3.0,A
4570,45,18,7,4,1d12+4,1d8+4,40,17,7,5,1d10+4,1d8+4,10.0,A
4571,40,18,7,3,1d10+4,1d8+4,36,17,7,3,1d10+4,1d6+4,9.0,A
4572,31,14,7,5,1d10+4,1d8+4,37,14,7,4,1d8+4,1d8+4,10.0,B
4573,34,14,7,3,1d12+4,1d6+4,47,16,7,5,1d10+4,1d6+4,5.0,B
4574,50,17,7,5,1d10+4,1d6+4,31,18,7,5,1d12+4,1d8+4,2.0,B
4575,42,16,7,5,1d12+4,1d8+4,37,17,7,3,1d12+4,1d6+4,0.0,A
4576,42,15,7,5,1d12+4,1d8+4,38,17,7,4,1d10+4,1d8+4,5.0,A
4577,38,14,7,4,1d10+4,1d6+4,36,17,7,5,1d10+4,1d8+4,2.0,B
4578,46,14,7,3,1d12+4,1d8+4,45,17,7,4,1d8+4,1d6+4,4.0,A
4579,45,14,7,4,1d8+4,1d6+4,39,18,7,4,1d12+4,1d8+4,8.0,A
4580,50,16,7,5,1d8+4,1d6+4,41,15,7,3,1d8+4,1d6+4,8.0,B
4581,47,14,7,5,1d12+4,1d6+4,41,15,7,5,1d10+4,1d6+4,8.0,B
4582,43,16,7,3,1d12+4,1d8+4,45,14,7,4,1d10+4,1d8+4,6.0,B
4583,32,18,7,5,1d12+4,1d8+4,38,16,7,3,1d8+4,1d6+4,0.0,A
4584,32,17,7,3,1d12+4,1d6+4,36,16,7,3,1d12+4,1d6+4,4.0,B
4585,33,16,7,5,1d8+4,1d8+4,42,14,7,5,1d10+4,1d8+4,6.0,A
4586,44,15,7,3,1d12+4,1d8+4,33,16,7,5,1d10+4,1d8+4,7.0,A
4587,41,18,7,5,1d8+4,1d8+4,38,17,7,3,1d8+4,1d6+4,7.0,A
4588,45,16,7,3,1d12+4,1d6+4,39,14,7,3,1d12+4,1d6+4,8.0,B
4589,39,14,7,3,1d8+4,1d6+4,30,17,7,4,1d8+4,1d8+4,7.0,A
4590,45,16,7,3,1d12+4,1d6+4,38,14,7,3,1d8+4,1d6+4,10.0,A
4591,37,18,7,5,1d12+4,1d8+4,35,17,7,3,1d8+4,1d6+4,7.0,A
4592,36,17,7,3,1d8+4,1d6+4,30,14,7,4,1d8+4,1d8+4,0.0,A
4593,38,18,7,4,1d12+4,1d8+4,47,14,7,5,1d8+4,1d8+4,4.0,A
4594,46,14,7,5,1d10+4,1d6+4,40,15,7,5,1d12+4,1d8+4,1.0,A
4595,35,14,7,5,1d10+4,1d8+4,45,17,7,4,1d10+4,1d6+4,7.0,A
4596,39,18,7,3,1d8+4,1d8+4,37,16,7,3,1d8+4,1d8+4,4.0,A
4597,35,18,7,3,1d8+4,1d6+4,38,14,7,5,1d8+4,1d6+4,5.0,A
4598,39,16,7,3,1d12+4,1d8+4,47,14,7,5,1d10+4,1d6+4,0.0,A
4599,32,15,7,3,1d8+4,1d8+4,34,14,7,5,1d10+4,1d6+4,3.0,A
4600,48,14,7,4,1d12+4,1d8+4,40,17,7,4,1d10+4,1d6+4,8.0,A
4601,33,14,7,3,1d8+4,1d6+4,38,18,7,5,1d10+4,1d8+4,10.0,B
4602,35,16,7,4,1d10+4,1d6+4,38,14,7,5,1d10+4,1d6+4,3.0,B
4603,42,18,7,4,1d8+4,1d8+4,48,14,7,5,1d8+4,1d8+4,3.0,A
4604,48,18,7,4,1d12+4,1d6+4,32,16,7,3,1d12+4,1d8+4,1.0,A
4605,43,15,7,5,1d8+4,1d8+4,37,16,7,5,1d8+4,1d8+4,0.0,A
4606,42,18,7,3,1d8+4,1d8+4,33,14,7,5,1d8+4,1d8+4,2.0,A
4607,33,16,7,5,1d10+4,1d8+4,44,17,7,3,1d10+4,1d6+4,2.0,A
4608,46,14,7,4,1d8+4,1d6+4,30,16,7,4,1d8+4,1d6+4,0.0,A
4609,37,15,7,3,1d8+4,1d6+4,36,18,7,5,1d10+4,1d6+4,8.0,B
4610,36,14,7,4,1d12+4,1d6+4,31,15,7,5,1d12+4,1d8+4,1.0,B
4611,34,16,7,5,1d10+4,1d6+4,45,15,7,4,1d10+4,1d8+4,5.0,A
4612,38,15,7,3,1d12+4,1d8+4,48,18,7,5,1d8+4,1d8+4,4.0,B
4613,45,17,7,5,1d8+4,1d8+4,47,17,7,4,1d10+4,1d6+4,10.0,B
4614,43,18,7,4,1d8+4,1d8+4,46,14,7,3,1d8+4,1d6+4,1.0,A
4615,34,17,7,5,1d12+4,1d6+4,38,16,7,3,1d10+4,1d6+4,2.0,B
4616,30,17,7,5,1d12+4,1d8+4,42,15,7,3,1d12+4,1d6+4,10.0,B
4617,34,17,7,4,1d12+4,1d6+4,43,16,7,3,1d12+4,1d8+4,4.0,A
4618,48,16,7,5,1d10+4,1d6+4,47,18,7,3,1d10+4,1d8+4,7.0,A
4619,46,14,7,3,1d12+4,1d6+4,31,15,7,4,1d10+4,1d8+4,1.0,A
4620,31,18,7,4,1d12+4,1d6+4,44,14,7,3,1d10+4,1d6+4,6.0,B
4621,40,18,7,4,1d8+4,1d8+4,38,18,7,5,1d12+4,1d6+4,10.0,B
4622,38,14,7,4,1d8+4,1d6+4,31,14,7,3,1d12+4,1d8+4,6.0,A
4623,30,17,7,3,1d12+4,1d6+4,36,14,7,5,1d10+4,1d6+4,2.0,A
4624,47,14,7,3,1d8+4,1d6+4,44,18,7,3,1d12+4,1d8+4,5.0,A
4625,43,17,7,4,1d8+4,1d8+4,32,18,7,3,1d8+4,1d6+4,9.0,B
4626,39,18,7,5,1d10+4,1d8+4,50,17,7,4,1d12+4,1d8+4,5.0,B
4627,45,17,7,5,1d12+4,1d8+4,37,16,7,5,1d8+4,1d6+4,10.0,A
4628,38,15,7,4,1d10+4,1d6+4,40,17,7,3,1d12+4,1d6+4,3.0,B
4629,40,14,7,4,1d10+4,1d6+4,32,17,7,4,1d10+4,1d6+4,6.0,A
4630,37,18,7,3,1d10+4,1d6+4,45,18,7,3,1d12+4,1d8+4,2.0,A
4631,45,16,7,4,1d8+4,1d8+4,49,15,7,3,1d8+4,1d6+4,1.0,B
4632,30,14,7,4,1d10+4,1d6+4,42,15,7,3,1d10+4,1d6+4,2.0,B
4633,46,15,7,3,1d10+4,1d6+4,31,14,7,5,1d12+4,1d6+4,6.0,A
4634,43,18,7,5,1d12+4,1d8+4,31,16,7,3,1d10+4,1d8+4,10.0,A
4635,38,15,7,5,1d10+4,1d6+4,34,14,7,4,1d10+4,1d8+4,5.0,A
4636,40,15,7,3,1d8+4,1d8+4,34,17,7,4,1d8+4,1d8+4,9.0,B
4637,37,15,7,3,1d12+4,1d8+4,46,14,7,5,1d8+4,1d6+4,1.0,A
4638,35,17,7,5,1d8+4,1d6+4,35,14,7,3,1d8+4,1d8+4,7.0,A
4639,43,17,7,5,1d12+4,1d6+4,43,16,7,4,1d10+4,1d8+4,1.0,A
4640,33,17,7,3,1d8+4,1d8+4,37,17,7,5,1d10+4,1d6+4,1.0,A
4641,50,15,7,3,1d12+4,1d8+4,33,18,7,5,1d10+4,1d6+4,9.0,A
4642,34,15,7,4,1d8+4,1d6+4,39,14,7,3,1d10+4,1d8+4,3.0,B
4643,36,17,7,3,1d8+4,1d6+4,37,15,7,4,1d8+4,1d8+4,6.0,B
4644,39,15,7,3,1d10+4,1d6+4,31,15,7,3,1d10+4,1d6+4,9.0,A
4645,36,18,7,3,1d12+4,1d6+4,43,18,7,4,1d8+4,1d8+4,0.0,A
4646,33,18,7,5,1d8+4,1d8+4,30,17,7,4,1d12+4,1d6+4,4.0,A
4647,39,17,7,5,1d12+4,1d8+4,34,18,7,5,1d8+4,1d6+4,3.0,B
4648,45,14,7,4,1d10+4,1d6+4,30,18,7,4,1d10+4,1d6+4,3.0,A
4649,40,18,7,5,1d8+4,1d8+4,30,16,7,4,1d12+4,1d8+4,9.0,A
4650,45,15,7,5,1d8+4,1d8+4,49,16,7,4,1d8+4,1d8+4,2.0,A
4651,48,18,7,3,1d12+4,1d8+4,30,18,7,4,1d8+4,1d8+4,0.0,B
4652,31,16,7,5,1d12+4,1d8+4,44,16,7,4,1d10+4,1d8+4,6.0,B
4653,45,15,7,4,1d8+4,1d6+4,48,17,7,3,1d8+4,1d6+4,0.0,A
4654,35,16,7,5,1d10+4,1d6+4,31,17,7,3,1d8+4,1d6+4,6.0,A
4655,33,15,7,5,1d12+4,1d8+4,34,18,7,5,1d8+4,1d6+4,1.0,B
4656,41,17,7,5,1d8+4,1d8+4,40,14,7,5,1d10+4,1d6+4,2.0,B
4657,44,18,7,3,1d8+4,1d8+4,36,17,7,5,1d12+4,1d8+4,10.0,B
4658,36,15,7,4,1d12+4,1d6+4,50,15,7,3,1d8+4,1d8+4,9.0,A
4659,45,17,7,3,1d8+4,1d6+4,37,15,7,5,1d12+4,1d8+4,0.0,B
4660,38,17,7,3,1d8+4,1d6+4,33,16,7,4,1d10+4,1d6+4,6.0,B
4661,44,17,7,4,1d12+4,1d8+4,47,14,7,3,1d8+4,1d8+4,5.0,B
4662,50,15,7,3,1d10+4,1d8+4,33,14,7,3,1d12+4,1d6+4,5.0,A
4663,46,18,7,5,1d8+4,1d6+4,45,14,7,5,1d12+4,1d8+4,1.0,A
4664,34,17,7,5,1d8+4,1d6+4,33,16,7,4,1d8+4,1d6+4,7.0,B
4665,33,14,7,5,1d12+4,1d6+4,30,14,7,5,1d8+4,1d6+4,8.0,B
4666,49,17,7,4,1d8+4,1d6+4,33,15,7,4,1d10+4,1d6+4,6.0,B
4667,33,16,7,4,1d12+4,1d6+4,33,17,7,5,1d10+4,1d6+4,5.0,A
4668,39,16,7,4,1d10+4,1d6+4,34,16,7,4,1d8+4,1d6+4,3.0,B
4669,32,16,7,5,1d8+4,1d8+4,32,17,7,5,1d10+4,1d6+4,10.0,A
4670,38,16,7,4,1d12+4,1d8+4,48,16,7,3,1d8+4,1d8+4,7.0,B
4671,45,15,7,3,1d12+4,1d6+4,35,18,7,3,1d12+4,1d8+4,4.0,A
4672,34,14,7,4,1d8+4,1d8+4,50,14,7,4,1d12+4,1d8+4,0.0,B
4673,47,15,7,3,1d8+4,1d8+4,50,17,7,5,1d10+4,1d8+4,1.0,B
4674,42,16,7,4,1d8+4,1d8+4,46,16,7,3,1d12+4,1d8+4,6.0,A
4675,36,17,7,4,1d10+4,1d8+4,48,17,7,3,1d12+4,1d6+4,4.0,B
4676,35,18,7,4,1d8+4,1d6+4,30,17,7,5,1d8+4,1d8+4,6.0,B
4677,39,16,7,4,1d8+4,1d8+4,42,17,7,4,1d10+4,1d8+4,1.0,A
4678,36,15,7,4,1d8+4,1d8+4,44,14,7,4,1d8+4,1d6+4,3.0,A
4679,50,18,7,3,1d12+4,1d8+4,44,15,7,4,1d8+4,1d8+4,7.0,A
4680,46,18,7,5,1d8+4,1d8+4,30,14,7,3,1d12+4,1d8+4,5.0,A
4681,34,17,7,4,1d10+4,1d6+4,47,16,7,4,1d10+4,1d8+4,5.0,B
4682,38,18,7,4,1d12+4,1d6+4,50,14,7,4,1d12+4,1d8+4,2.0,A
4683,31,16,7,4,1d10+4,1d6+4,41,17,7,4,1d10+4,1d8+4,0.0,B
4684,47,16,7,4,1d8+4,1d6+4,31,15,7,4,1d12+4,1d6+4,9.0,A
4685,35,15,7,5,1d12+4,1d8+4,48,15,7,3,1d12+4,1d6+4,10.0,B
4686,42,17,7,5,1d12+4,1d8+4,46,15,7,5,1d10+4,1d8+4,0.0,B
4687,48,17,7,5,1d12+4,1d6+4,34,14,7,4,1d10+4,1d6+4,7.0,A
4688,45,15,7,5,1d10+4,1d8+4,47,18,7,4,1d8+4,1d6+4,1.0,B
4689,45,16,7,3,1d8+4,1d8+4,40,16,7,5,1d12+4,1d6+4,6.0,A
4690,41,15,7,5,1d10+4,1d8+4,36,16,7,3,1d8+4,1d8+4,6.0,A
4691,33,14,7,3,1d10+4,1d6+4,43,14,7,4,1d10+4,1d8+4,10.0,B
4692,39,17,7,3,1d10+4,1d8+4,33,17,7,5,1d12+4,1d6+4,9.0,A
4693,34,17,7,5,1d8+4,1d6+4,43,16,7,4,1d10+4,1d8+4,2.0,A
4694,48,14,7,5,1d12+4,1d8+4,32,15,7,3,1d10+4,1d8+4,2.0,A
4695,30,17,7,3,1d10+4,1d8+4,35,15,7,3,1d10+4,1d8+4,9.0,A
4696,49,17,7,3,1d12+4,1d8+4,35,16,7,3,1d12+4,1d6+4,10.0,A
4697,45,15,7,5,1d10+4,1d6+4,36,14,7,4,1d8+4,1d6+4,9.0,A
4698,30,17,7,4,1d8+4,1d8+4,49,16,7,4,1d12+4,1d8+4,1.0,B
4699,32,14,7,3,1d12+4,1d8+4,49,16,7,5,1d12+4,1d8+4,9.0,A
4700,43,18,7,5,1d8+4,1d8+4,39,14,7,5,1d8+4,1d6+4,1.0,A
4701,30,17,7,3,1d12+4,1d8+4,45,18,7,4,1d12+4,1d6+4,2.0,B
4702,40,14,7,4,1d12+4,1d6+4,41,14,7,4,1d12+4,1d6+4,9.0,A
4703,40,18,7,3,1d10+4,1d6+4,33,18,7,4,1d8+4,1d8+4,10.0,A
4704,43,17,7,5,1d10+4,1d8+4,39,15,7,3,1d10+4,1d6+4,0.0,B
4705,43,17,7,5,1d10+4,1d6+4,30,14,7,3,1d12+4,1d6+4,1.0,A
4706,41,15,7,3,1d10+4,1d6+4,43,15,7,5,1d8+4,1d6+4,5.0,B
4707,35,15,7,5,1d10+4,1d6+4,39,16,7,5,1d10+4,1d6+4,8.0,A
4708,40,16,7,4,1d10+4,1d8+4,40,15,7,4,1d10+4,1d8+4,10.0,A
4709,36,14,7,4,1d12+4,1d6+4,39,16,7,5,1d10+4,1d8+4,8.0,B
4710,39,17,7,3,1d8+4,1d8+4,41,15,7,3,1d12+4,1d6+4,7.0,B
4711,30,15,7,5,1d12+4,1d6+4,47,17,7,5,1d10+4,1d8+4,3.0,B
4712,46,16,7,5,1d10+4,1d6+4,43,14,7,5,1d8+4,1d6+4,7.0,B
4713,31,16,7,5,1d12+4,1d8+4,35,16,7,4,1d12+4,1d6+4,6.0,A
4714,44,17,7,3,1d8+4,1d6+4,44,15,7,5,1d8+4,1d6+4,8.0,A
4715,32,16,7,3,1d12+4,1d6+4,30,18,7,4,1d8+4,1d8+4,8.0,B
4716,46,15,7,5,1d12+4,1d6+4,50,15,7,3,1d12+4,1d6+4,2.0,A
4717,31,16,7,5,1d8+4,1d6+4,49,18,7,5,1d10+4,1d8+4,0.0,A
4718,36,15,7,3,1d10+4,1d8+4,32,18,7,4,1d10+4,1d8+4,9.0,B
4719,47,18,7,4,1d8+4,1d8+4,48,16,7,4,1d8+4,1d8+4,4.0,A
4720,31,17,7,5,1d8+4,1d6+4,31,17,7,3,1d8+4,1d8+4,3.0,A
4721,47,15,7,5,1d8+4,1d8+4,44,14,7,4,1d12+4,1d6+4,9.0,A
4722,41,16,7,4,1d10+4,1d8+4,33,17,7,3,1d12+4,1d6+4,9.0,A
4723,49,18,7,5,1d12+4,1d8+4,45,15,7,4,1d8+4,1d6+4,10.0,A
4724,45,14,7,3,1d12+4,1d8+4,33,16,7,5,1d10+4,1d8+4,3.0,A
4725,46,14,7,5,1d8+4,1d8+4,33,17,7,5,1d8+4,1d8+4,9.0,B
4726,44,16,7,5,1d8+4,1d8+4,32,15,7,4,1d12+4,1d6+4,9.0,A
4727,33,14,7,5,1d12+4,1d6+4,35,18,7,5,1d8+4,1d6+4,8.0,B
4728,43,17,7,3,1d10+4,1d6+4,30,16,7,4,1d8+4,1d8+4,7.0,A
4729,34,18,7,5,1d10+4,1d6+4,50,15,7,4,1d8+4,1d8+4,8.0,A
4730,46,18,7,5,1d8+4,1d6+4,43,17,7,3,1d12+4,1d6+4,4.0,B
4731,49,14,7,5,1d12+4,1d8+4,33,16,7,4,1d10+4,1d8+4,8.0,A
4732,31,16,7,5,1d10+4,1d8+4,42,15,7,4,1d10+4,1d8+4,1.0,B
4733,48,16,7,3,1d10+4,1d6+4,39,18,7,4,1d12+4,1d8+4,9.0,A
4734,47,16,7,4,1d12+4,1d8+4,49,17,7,4,1d10+4,1d6+4,0.0,A
4735,43,14,7,5,1d12+4,1d6+4,38,17,7,3,1d8+4,1d6+4,5.0,B
4736,39,16,7,3,1d8+4,1d8+4,46,18,7,3,1d10+4,1d8+4,0.0,A
4737,35,16,7,3,1d10+4,1d8+4,46,14,7,5,1d8+4,1d6+4,10.0,A
4738,32,14,7,3,1d10+4,1d8+4,33,18,7,4,1d8+4,1d8+4,0.0,B
4739,48,15,7,3,1d10+4,1d6+4,37,18,7,5,1d10+4,1d8+4,3.0,B
4740,35,14,7,5,1d8+4,1d6+4,42,17,7,4,1d12+4,1d6+4,4.0,B
4741,39,15,7,4,1d8+4,1d6+4,30,14,7,3,1d12+4,1d8+4,0.0,B
4742,39,15,7,5,1d12+4,1d6+4,39,16,7,5,1d10+4,1d6+4,7.0,A
4743,39,16,7,4,1d8+4,1d8+4,42,14,7,5,1d12+4,1d8+4,8.0,B
4744,35,16,7,3,1d10+4,1d6+4,50,16,7,4,1d8+4,1d8+4,3.0,B
4745,46,18,7,5,1d8+4,1d8+4,36,15,7,4,1d12+4,1d8+4,10.0,A
4746,41,16,7,4,1d10+4,1d6+4,35,16,7,4,1d10+4,1d8+4,2.0,A
4747,50,14,7,3,1d8+4,1d8+4,48,17,7,4,1d12+4,1d6+4,5.0,A
4748,40,14,7,5,1d10+4,1d6+4,48,16,7,4,1d8+4,1d6+4,6.0,B
4749,34,18,7,3,1d10+4,1d6+4,33,14,7,4,1d10+4,1d8+4,8.0,A
4750,34,14,7,3,1d8+4,1d8+4,39,14,7,5,1d12+4,1d8+4,10.0,B
4751,32,18,7,5,1d8+4,1d8+4,42,18,7,4,1d10+4,1d8+4,5.0,B
4752,49,18,7,3,1d12+4,1d8+4,38,14,7,3,1d12+4,1d8+4,1.0,A
4753,39,16,7,5,1d12+4,1d6+4,30,14,7,5,1d12+4,1d6+4,8.0,A
4754,38,15,7,4,1d10+4,1d6+4,49,17,7,4,1d12+4,1d6+4,9.0,B
4755,30,18,7,3,1d8+4,1d6+4,39,17,7,5,1d10+4,1d6+4,7.0,B
4756,45,14,7,5,1d12+4,1d8+4,32,14,7,4,1d12+4,1d6+4,3.0,A
4757,38,14,7,3,1d8+4,1d6+4,31,18,7,4,1d12+4,1d8+4,0.0,B
4758,33,16,7,3,1d12+4,1d6+4,49,15,7,5,1d12+4,1d8+4,0.0,B
4759,39,17,7,3,1d12+4,1d6+4,49,16,7,4,1d8+4,1d6+4,5.0,A
4760,31,17,7,3,1d8+4,1d8+4,41,14,7,3,1d12+4,1d6+4,10.0,B
4761,39,17,7,3,1d12+4,1d8+4,34,14,7,5,1d8+4,1d8+4,4.0,A
4762,43,15,7,4,1d8+4,1d8+4,50,14,7,3,1d8+4,1d6+4,5.0,B
4763,34,17,7,5,1d12+4,1d6+4,40,17,7,5,1d10+4,1d6+4,2.0,A
4764,38,16,7,3,1d12+4,1d6+4,43,14,7,5,1d8+4,1d8+4,0.0,A
4765,43,16,7,4,1d10+4,1d6+4,46,14,7,4,1d12+4,1d6+4,6.0,A
4766,36,17,7,5,1d10+4,1d6+4,37,17,7,5,1d8+4,1d6+4,2.0,A
4767,42,18,7,3,1d8+4,1d6+4,44,14,7,3,1d12+4,1d6+4,8.0,B
4768,46,14,7,4,1d12+4,1d8+4,43,15,7,3,1d8+4,1d6+4,9.0,A
4769,49,16,7,5,1d12+4,1d8+4,50,17,7,4,1d8+4,1d8+4,9.0,B
4770,32,14,7,4,1d10+4,1d6+4,48,14,7,4,1d10+4,1d6+4,5.0,B
4771,46,18,7,5,1d10+4,1d8+4,40,15,7,3,1d12+4,1d6+4,7.0,A
4772,32,17,7,4,1d8+4,1d6+4,30,15,7,3,1d8+4,1d8+4,0.0,A
4773,48,15,7,5,1d8+4,1d6+4,40,18,7,5,1d12+4,1d6+4,7.0,B
4774,50,16,7,3,1d12+4,1d6+4,45,18,7,4,1d8+4,1d8+4,2.0,A
4775,31,18,7,5,1d10+4,1d6+4,50,17,7,4,1d12+4,1d6+4,9.0,B
4776,42,16,7,5,1d10+4,1d6+4,48,16,7,3,1d12+4,1d8+4,1.0,A
4777,48,14,7,3,1d12+4,1d8+4,38,15,7,5,1d10+4,1d8+4,1.0,B
4778,42,18,7,4,1d10+4,1d6+4,36,16,7,5,1d8+4,1d8+4,5.0,B
4779,44,17,7,3,1d10+4,1d8+4,47,17,7,3,1d12+4,1d6+4,10.0,A
4780,44,15,7,5,1d8+4,1d6+4,45,16,7,5,1d12+4,1d6+4,7.0,B
4781,37,16,7,3,1d12+4,1d6+4,31,14,7,3,1d12+4,1d6+4,5.0,A
4782,49,16,7,5,1d8+4,1d8+4,47,16,7,4,1d12+4,1d8+4,10.0,A
4783,35,18,7,4,1d10+4,1d6+4,36,18,7,3,1d12+4,1d8+4,3.0,A
4784,36,15,7,3,1d8+4,1d8+4,42,14,7,5,1d12+4,1d8+4,7.0,B
4785,42,15,7,3,1d8+4,1d6+4,39,17,7,5,1d8+4,1d6+4,7.0,B
4786,44,16,7,5,1d10+4,1d8+4,37,15,7,3,1d12+4,1d8+4,2.0,A
4787,49,17,7,5,1d12+4,1d8+4,50,15,7,3,1d8+4,1d6+4,4.0,A
4788,48,16,7,5,1d10+4,1d6+4,33,15,7,3,1d8+4,1d8+4,8.0,A
4789,47,14,7,3,1d10+4,1d6+4,46,16,7,3,1d12+4,1d6+4,10.0,B
4790,40,16,7,5,1d12+4,1d8+4,41,18,7,5,1d8+4,1d6+4,6.0,B
4791,37,14,7,4,1d8+4,1d6+4,35,18,7,4,1d10+4,1d6+4,7.0,B
4792,49,17,7,3,1d10+4,1d6+4,31,17,7,4,1d10+4,1d6+4,6.0,B
4793,33,16,7,5,1d12+4,1d6+4,46,14,7,4,1d8+4,1d8+4,8.0,A
4794,30,17,7,5,1d12+4,1d8+4,34,15,7,3,1d12+4,1d6+4,6.0,B
4795,44,18,7,4,1d12+4,1d8+4,34,16,7,5,1d12+4,1d6+4,2.0,A
4796,39,14,7,5,1d8+4,1d6+4,32,18,7,3,1d10+4,1d8+4,2.0,A
4797,39,17,7,4,1d12+4,1d6+4,31,14,7,4,1d8+4,1d8+4,9.0,B
4798,44,17,7,3,1d12+4,1d8+4,34,16,7,3,1d10+4,1d6+4,8.0,A
4799,42,15,7,5,1d10+4,1d8+4,40,18,7,4,1d12+4,1d6+4,4.0,A
4800,48,14,7,5,1d12+4,1d6+4,41,14,7,3,1d10+4,1d8+4,2.0,A
4801,46,16,7,4,1d8+4,1d8+4,40,17,7,3,1d12+4,1d6+4,3.0,B
4802,35,15,7,4,1d10+4,1d8+4,31,15,7,4,1d8+4,1d6+4,4.0,A
4803,34,17,7,5,1d8+4,1d6+4,49,16,7,3,1d8+4,1d8+4,2.0,B
4804,34,15,7,4,1d10+4,1d8+4,49,18,7,5,1d8+4,1d8+4,7.0,B
4805,30,16,7,5,1d8+4,1d6+4,31,15,7,5,1d10+4,1d6+4,0.0,A
4806,46,17,7,4,1d10+4,1d6+4,50,16,7,4,1d12+4,1d8+4,6.0,B
4807,45,14,7,3,1d10+4,1d8+4,30,17,7,3,1d10+4,1d6+4,10.0,A
4808,44,14,7,3,1d8+4,1d8+4,46,14,7,5,1d8+4,1d6+4,4.0,A
4809,48,15,7,3,1d12+4,1d8+4,33,15,7,5,1d12+4,1d8+4,5.0,B
4810,48,18,7,5,1d8+4,1d6+4,34,14,7,4,1d12+4,1d8+4,0.0,B
4811,36,14,7,4,1d8+4,1d6+4,47,17,7,4,1d12+4,1d6+4,9.0,A
4812,34,18,7,5,1d8+4,1d6+4,32,18,7,3,1d10+4,1d6+4,10.0,A
4813,38,16,7,4,1d12+4,1d6+4,41,16,7,3,1d8+4,1d6+4,4.0,A
4814,30,18,7,4,1d8+4,1d6+4,30,14,7,4,1d10+4,1d8+4,0.0,A
4815,42,15,7,5,1d12+4,1d6+4,32,16,7,5,1d8+4,1d6+4,0.0,B
4816,32,16,7,3,1d10+4,1d8+4,45,15,7,3,1d12+4,1d8+4,1.0,A
4817,35,18,7,5,1d10+4,1d6+4,44,15,7,3,1d8+4,1d6+4,1.0,A
4818,44,15,7,3,1d10+4,1d6+4,40,17,7,5,1d12+4,1d6+4,3.0,B
4819,43,16,7,4,1d10+4,1d6+4,47,15,7,5,1d12+4,1d8+4,5.0,B
4820,46,18,7,4,1d8+4,1d6+4,38,17,7,3,1d12+4,1d8+4,0.0,B
4821,50,18,7,3,1d12+4,1d8+4,46,14,7,4,1d12+4,1d6+4,4.0,B
4822,31,14,7,5,1d10+4,1d8+4,47,14,7,5,1d12+4,1d8+4,10.0,B
4823,31,16,7,4,1d8+4,1d6+4,46,15,7,3,1d10+4,1d6+4,2.0,A
4824,38,16,7,3,1d12+4,1d6+4,45,16,7,5,1d12+4,1d6+4,8.0,B
4825,46,16,7,3,1d8+4,1d6+4,41,18,7,3,1d12+4,1d8+4,4.0,B
4826,35,15,7,3,1d10+4,1d8+4,38,16,7,4,1d12+4,1d6+4,0.0,A
4827,40,17,7,3,1d10+4,1d8+4,33,15,7,4,1d10+4,1d6+4,8.0,B
4828,49,18,7,3,1d12+4,1d6+4,42,14,7,4,1d12+4,1d6+4,5.0,A
4829,43,16,7,5,1d8+4,1d6+4,40,16,7,3,1d10+4,1d8+4,7.0,A
4830,45,18,7,4,1d10+4,1d8+4,32,17,7,5,1d12+4,1d8+4,8.0,A
4831,31,15,7,5,1d10+4,1d8+4,30,15,7,3,1d8+4,1d6+4,5.0,A
4832,41,14,7,5,1d10+4,1d8+4,37,17,7,5,1d8+4,1d6+4,4.0,A
4833,50,18,7,4,1d10+4,1d6+4,41,17,7,3,1d8+4,1d6+4,2.0,A
4834,50,15,7,3,1d8+4,1d6+4,48,14,7,4,1d10+4,1d8+4,8.0,B
4835,39,15,7,5,1d8+4,1d6+4,34,18,7,3,1d10+4,1d8+4,1.0,A
4836,32,15,7,4,1d10+4,1d6+4,40,18,7,5,1d10+4,1d6+4,7.0,B
4837,47,17,7,3,1d10+4,1d6+4,33,14,7,4,1d10+4,1d6+4,7.0,A
4838,48,15,7,4,1d8+4,1d6+4,31,18,7,4,1d8+4,1d8+4,8.0,A
4839,38,18,7,4,1d8+4,1d8+4,32,14,7,3,1d10+4,1d6+4,10.0,A
4840,33,15,7,5,1d12+4,1d6+4,35,14,7,4,1d12+4,1d6+4,2.0,A
4841,34,14,7,5,1d12+4,1d6+4,43,17,7,5,1d8+4,1d8+4,4.0,B
4842,44,14,7,4,1d10+4,1d8+4,35,17,7,4,1d10+4,1d6+4,8.0,A
4843,47,15,7,3,1d12+4,1d8+4,38,15,7,3,1d12+4,1d6+4,9.0,A
4844,39,18,7,5,1d12+4,1d6+4,49,14,7,5,1d8+4,1d8+4,1.0,A
4845,35,16,7,5,1d8+4,1d6+4,44,14,7,3,1d8+4,1d6+4,6.0,A
4846,49,18,7,3,1d12+4,1d6+4,39,17,7,5,1d10+4,1d8+4,9.0,A
4847,30,16,7,5,1d12+4,1d6+4,35,14,7,4,1d10+4,1d8+4,6.0,B
4848,45,15,7,3,1d8+4,1d8+4,48,15,7,4,1d8+4,1d6+4,8.0,B
4849,45,18,7,3,1d12+4,1d8+4,45,16,7,3,1d12+4,1d6+4,5.0,B
4850,43,15,7,4,1d10+4,1d8+4,40,17,7,3,1d12+4,1d6+4,9.0,A
4851,41,18,7,4,1d12+4,1d6+4,45,16,7,5,1d8+4,1d8+4,9.0,A
4852,48,17,7,3,1d8+4,1d6+4,31,18,7,3,1d12+4,1d6+4,7.0,A
4853,40,16,7,4,1d10+4,1d8+4,37,15,7,4,1d12+4,1d8+4,4.0,A
4854,44,14,7,4,1d8+4,1d8+4,49,17,7,5,1d12+4,1d6+4,5.0,A
4855,33,14,7,4,1d12+4,1d6+4,46,16,7,5,1d12+4,1d6+4,0.0,B
4856,36,18,7,5,1d12+4,1d6+4,31,17,7,5,1d12+4,1d8+4,8.0,A
4857,48,14,7,5,1d12+4,1d8+4,33,14,7,4,1d10+4,1d8+4,4.0,A
4858,48,16,7,3,1d12+4,1d6+4,46,14,7,4,1d8+4,1d6+4,4.0,A
4859,45,14,7,5,1d8+4,1d8+4,45,18,7,5,1d12+4,1d8+4,7.0,B
4860,49,16,7,4,1d12+4,1d6+4,48,15,7,5,1d12+4,1d6+4,1.0,A
4861,40,14,7,3,1d12+4,1d8+4,50,14,7,5,1d8+4,1d8+4,9.0,B
4862,45,17,7,5,1d10+4,1d8+4,45,14,7,3,1d12+4,1d8+4,4.0,A
4863,49,14,7,4,1d8+4,1d8+4,31,18,7,3,1d8+4,1d8+4,8.0,A
4864,36,14,7,4,1d8+4,1d8+4,46,17,7,3,1d10+4,1d8+4,10.0,A
4865,39,18,7,5,1d12+4,1d8+4,41,14,7,3,1d12+4,1d6+4,8.0,B
4866,43,17,7,4,1d12+4,1d8+4,30,18,7,5,1d12+4,1d6+4,2.0,A
4867,33,14,7,3,1d12+4,1d8+4,34,15,7,4,1d12+4,1d6+4,9.0,B
4868,43,14,7,4,1d8+4,1d6+4,38,16,7,4,1d8+4,1d6+4,3.0,A
4869,34,14,7,3,1d8+4,1d6+4,37,17,7,5,1d8+4,1d6+4,0.0,A
4870,40,14,7,4,1d10+4,1d6+4,42,18,7,4,1d8+4,1d8+4,9.0,A
4871,34,17,7,4,1d10+4,1d6+4,41,14,7,4,1d8+4,1d6+4,9.0,A
4872,42,17,7,4,1d12+4,1d6+4,47,15,7,4,1d12+4,1d6+4,3.0,A
4873,40,16,7,3,1d8+4,1d8+4,47,16,7,5,1d12+4,1d8+4,7.0,A
4874,42,18,7,4,1d12+4,1d8+4,47,16,7,4,1d8+4,1d8+4,6.0,B
4875,47,16,7,4,1d10+4,1d6+4,37,14,7,3,1d8+4,1d8+4,3.0,A
4876,46,18,7,5,1d12+4,1d6+4,49,17,7,5,1d8+4,1d8+4,2.0,A
4877,49,14,7,5,1d10+4,1d8+4,40,17,7,5,1d10+4,1d6+4,3.0,A
4878,50,16,7,3,1d8+4,1d6+4,33,15,7,3,1d8+4,1d8+4,1.0,A
4879,36,15,7,4,1d8+4,1d6+4,43,15,7,4,1d12+4,1d8+4,8.0,A
4880,45,14,7,5,1d10+4,1d8+4,44,15,7,4,1d12+4,1d6+4,4.0,A
4881,43,14,7,3,1d8+4,1d6+4,44,17,7,4,1d8+4,1d8+4,6.0,A
4882,49,16,7,5,1d12+4,1d6+4,45,18,7,5,1d8+4,1d6+4,6.0,A
4883,48,18,7,4,1d10+4,1d6+4,34,18,7,5,1d10+4,1d8+4,7.0,A
4884,33,14,7,4,1d12+4,1d8+4,43,16,7,3,1d10+4,1d6+4,4.0,B
4885,33,14,7,5,1d10+4,1d6+4,30,14,7,4,1d10+4,1d8+4,7.0,B
4886,37,16,7,3,1d8+4,1d8+4,30,18,7,4,1d8+4,1d8+4,5.0,B
4887,30,16,7,5,1d10+4,1d6+4,40,16,7,5,1d10+4,1d6+4,8.0,B
4888,39,17,7,4,1d12+4,1d6+4,41,14,7,3,1d8+4,1d6+4,1.0,A
4889,46,17,7,3,1d8+4,1d6+4,34,18,7,3,1d10+4,1d8+4,2.0,A
4890,47,16,7,4,1d10+4,1d8+4,32,16,7,4,1d10+4,1d8+4,4.0,A
4891,37,18,7,4,1d8+4,1d8+4,33,17,7,5,1d8+4,1d6+4,10.0,A
4892,38,18,7,4,1d8+4,1d6+4,37,15,7,5,1d12+4,1d6+4,4.0,A
4893,31,18,7,5,1d12+4,1d8+4,48,15,7,5,1d12+4,1d8+4,5.0,B
4894,39,15,7,3,1d10+4,1d8+4,30,14,7,4,1d12+4,1d8+4,4.0,A
4895,50,18,7,4,1d10+4,1d6+4,49,16,7,5,1d8+4,1d6+4,1.0,A
4896,36,16,7,4,1d12+4,1d8+4,37,17,7,4,1d8+4,1d8+4,7.0,A
4897,42,15,7,4,1d12+4,1d6+4,49,16,7,4,1d8+4,1d6+4,4.0,A
4898,46,16,7,4,1d8+4,1d6+4,32,14,7,5,1d12+4,1d8+4,9.0,B
4899,32,15,7,3,1d10+4,1d8+4,34,14,7,4,1d12+4,1d6+4,10.0,B
4900,46,15,7,4,1d12+4,1d6+4,44,17,7,4,1d12+4,1d6+4,3.0,B
4901,43,18,7,4,1d12+4,1d8+4,33,17,7,4,1d12+4,1d6+4,3.0,A
4902,43,17,7,4,1d10+4,1d6+4,35,17,7,4,1d12+4,1d6+4,5.0,B
4903,46,17,7,4,1d12+4,1d8+4,40,16,7,5,1d8+4,1d6+4,4.0,B
4904,34,17,7,5,1d10+4,1d8+4,35,15,7,4,1d8+4,1d6+4,8.0,A
4905,43,17,7,3,1d8+4,1d8+4,37,17,7,5,1d10+4,1d8+4,10.0,B
4906,33,17,7,5,1d10+4,1d6+4,34,14,7,5,1d8+4,1d8+4,6.0,A
4907,37,16,7,3,1d12+4,1d8+4,48,16,7,4,1d8+4,1d6+4,1.0,B
4908,39,14,7,4,1d12+4,1d6+4,31,14,7,5,1d12+4,1d6+4,8.0,A
4909,33,17,7,3,1d8+4,1d8+4,42,18,7,5,1d10+4,1d8+4,8.0,A
4910,37,14,7,5,1d8+4,1d6+4,36,16,7,5,1d12+4,1d6+4,5.0,B
4911,49,18,7,3,1d8+4,1d6+4,32,18,7,4,1d12+4,1d6+4,1.0,A
4912,48,17,7,5,1d8+4,1d8+4,44,16,7,3,1d10+4,1d8+4,8.0,B
4913,46,16,7,3,1d12+4,1d8+4,35,15,7,4,1d10+4,1d6+4,8.0,A
4914,32,17,7,4,1d12+4,1d6+4,43,14,7,3,1d10+4,1d8+4,8.0,A
4915,48,14,7,3,1d8+4,1d8+4,35,16,7,5,1d10+4,1d6+4,9.0,A
4916,35,17,7,3,1d10+4,1d8+4,37,17,7,5,1d8+4,1d8+4,0.0,B
4917,46,18,7,4,1d12+4,1d6+4,49,14,7,4,1d8+4,1d6+4,8.0,A
4918,30,18,7,5,1d10+4,1d8+4,35,17,7,3,1d8+4,1d6+4,2.0,A
4919,34,14,7,4,1d8+4,1d6+4,37,14,7,4,1d10+4,1d6+4,1.0,A
4920,50,18,7,4,1d10+4,1d6+4,47,14,7,4,1d10+4,1d6+4,6.0,A
4921,36,14,7,3,1d10+4,1d6+4,33,17,7,5,1d8+4,1d8+4,10.0,B
4922,36,16,7,5,1d10+4,1d8+4,42,16,7,3,1d10+4,1d8+4,7.0,B
4923,42,14,7,5,1d8+4,1d8+4,48,14,7,3,1d12+4,1d8+4,1.0,A
4924,45,16,7,3,1d12+4,1d6+4,43,17,7,3,1d10+4,1d6+4,6.0,B
4925,38,18,7,3,1d12+4,1d8+4,32,15,7,3,1d8+4,1d6+4,2.0,A
4926,35,15,7,3,1d8+4,1d6+4,49,14,7,3,1d8+4,1d6+4,1.0,A
4927,41,17,7,3,1d12+4,1d8+4,45,16,7,3,1d10+4,1d8+4,3.0,A
4928,47,17,7,3,1d12+4,1d6+4,49,17,7,4,1d12+4,1d6+4,5.0,A
4929,35,17,7,3,1d8+4,1d8+4,33,18,7,3,1d12+4,1d6+4,9.0,A
4930,35,15,7,5,1d8+4,1d8+4,47,15,7,4,1d12+4,1d8+4,10.0,A
4931,31,14,7,4,1d10+4,1d8+4,48,16,7,3,1d12+4,1d6+4,10.0,B
4932,39,15,7,5,1d12+4,1d8+4,41,18,7,4,1d10+4,1d6+4,2.0,B
4933,48,15,7,5,1d10+4,1d6+4,41,18,7,4,1d10+4,1d8+4,3.0,B
4934,47,16,7,5,1d8+4,1d8+4,41,18,7,3,1d12+4,1d8+4,7.0,B
4935,32,18,7,3,1d8+4,1d6+4,30,18,7,3,1d8+4,1d6+4,7.0,A
4936,44,18,7,4,1d8+4,1d8+4,33,17,7,3,1d8+4,1d6+4,10.0,A
4937,44,18,7,3,1d12+4,1d8+4,32,17,7,4,1d12+4,1d6+4,5.0,A
4938,48,17,7,3,1d10+4,1d8+4,42,14,7,4,1d8+4,1d6+4,0.0,A
4939,35,14,7,5,1d12+4,1d8+4,48,15,7,5,1d12+4,1d8+4,2.0,B
4940,40,14,7,4,1d8+4,1d8+4,48,16,7,3,1d10+4,1d6+4,8.0,B
4941,46,16,7,5,1d12+4,1d8+4,42,15,7,3,1d12+4,1d6+4,7.0,A
4942,36,18,7,5,1d8+4,1d6+4,41,17,7,3,1d12+4,1d6+4,2.0,B
4943,33,14,7,3,1d12+4,1d8+4,48,16,7,3,1d10+4,1d8+4,0.0,A
4944,32,18,7,4,1d10+4,1d8+4,46,14,7,5,1d12+4,1d8+4,6.0,B
4945,30,16,7,5,1d12+4,1d8+4,48,16,7,3,1d12+4,1d8+4,0.0,A
4946,45,17,7,5,1d12+4,1d8+4,48,17,7,5,1d8+4,1d6+4,4.0,A
4947,46,15,7,4,1d12+4,1d8+4,30,17,7,5,1d12+4,1d6+4,5.0,A
4948,33,17,7,5,1d12+4,1d6+4,33,15,7,4,1d10+4,1d8+4,8.0,B
4949,32,14,7,3,1d8+4,1d8+4,32,18,7,4,1d12+4,1d8+4,6.0,B
4950,30,14,7,5,1d12+4,1d6+4,46,14,7,5,1d8+4,1d8+4,10.0,B
4951,45,17,7,4,1d8+4,1d8+4,47,16,7,4,1d10+4,1d6+4,6.0,A
4952,36,15,7,4,1d12+4,1d8+4,33,14,7,4,1d12+4,1d6+4,7.0,A
4953,47,18,7,5,1d10+4,1d6+4,46,18,7,4,1d12+4,1d8+4,0.0,A
4954,35,17,7,3,1d12+4,1d6+4,41,18,7,4,1d10+4,1d8+4,5.0,B
4955,42,16,7,3,1d12+4,1d8+4,50,16,7,5,1d8+4,1d8+4,2.0,B
4956,36,15,7,5,1d12+4,1d6+4,45,14,7,3,1d10+4,1d6+4,5.0,B
4957,40,14,7,5,1d8+4,1d8+4,45,18,7,3,1d10+4,1d8+4,2.0,B
4958,31,15,7,5,1d10+4,1d8+4,49,15,7,3,1d10+4,1d8+4,1.0,B
4959,34,18,7,3,1d10+4,1d8+4,36,16,7,4,1d10+4,1d8+4,4.0,A
4960,37,18,7,4,1d10+4,1d6+4,37,14,7,3,1d8+4,1d8+4,1.0,A
4961,48,18,7,4,1d12+4,1d8+4,36,15,7,5,1d8+4,1d8+4,0.0,A
4962,30,18,7,5,1d12+4,1d8+4,42,14,7,3,1d10+4,1d6+4,5.0,A
4963,37,14,7,3,1d8+4,1d8+4,34,18,7,3,1d12+4,1d8+4,2.0,B
4964,38,18,7,4,1d10+4,1d6+4,46,18,7,5,1d12+4,1d8+4,0.0,B
4965,48,14,7,3,1d12+4,1d8+4,37,17,7,3,1d10+4,1d6+4,6.0,A
4966,44,16,7,3,1d12+4,1d8+4,49,16,7,3,1d8+4,1d6+4,10.0,B
4967,32,17,7,5,1d8+4,1d8+4,34,15,7,4,1d10+4,1d6+4,0.0,A
4968,33,14,7,3,1d12+4,1d6+4,34,14,7,5,1d10+4,1d8+4,8.0,B
4969,41,18,7,4,1d8+4,1d8+4,45,16,7,3,1d12+4,1d6+4,0.0,B
4970,41,17,7,5,1d10+4,1d8+4,41,15,7,4,1d12+4,1d8+4,10.0,A
4971,46,17,7,4,1d10+4,1d8+4,32,16,7,3,1d10+4,1d8+4,9.0,A
4972,31,18,7,4,1d12+4,1d6+4,42,17,7,4,1d10+4,1d8+4,2.0,A
4973,31,14,7,3,1d8+4,1d6+4,37,15,7,4,1d10+4,1d8+4,2.0,A
4974,43,15,7,3,1d10+4,1d6+4,50,14,7,4,1d8+4,1d8+4,9.0,B
4975,46,15,7,5,1d8+4,1d6+4,46,14,7,4,1d8+4,1d8+4,9.0,A
4976,49,17,7,3,1d8+4,1d6+4,30,18,7,5,1d10+4,1d8+4,10.0,B
4977,47,15,7,4,1d12+4,1d8+4,41,16,7,3,1d12+4,1d6+4,4.0,A
4978,35,17,7,5,1d12+4,1d6+4,38,17,7,5,1d12+4,1d6+4,6.0,A
4979,32,14,7,4,1d10+4,1d8+4,41,18,7,4,1d12+4,1d8+4,1.0,A
4980,48,18,7,4,1d8+4,1d8+4,36,14,7,3,1d10+4,1d8+4,8.0,A
4981,50,16,7,3,1d8+4,1d8+4,31,14,7,4,1d10+4,1d6+4,6.0,A
4982,36,18,7,5,1d8+4,1d8+4,39,17,7,3,1d8+4,1d8+4,9.0,A
4983,44,15,7,4,1d10+4,1d6+4,43,18,7,5,1d10+4,1d6+4,9.0,B
4984,33,15,7,3,1d12+4,1d6+4,35,14,7,4,1d10+4,1d8+4,10.0,B
4985,32,14,7,3,1d10+4,1d8+4,48,17,7,3,1d10+4,1d6+4,5.0,B
4986,45,16,7,4,1d8+4,1d6+4,38,14,7,5,1d10+4,1d8+4,2.0,A
4987,31,16,7,5,1d10+4,1d8+4,34,17,7,4,1d12+4,1d6+4,0.0,B
4988,41,17,7,5,1d8+4,1d8+4,45,18,7,3,1d10+4,1d6+4,7.0,A
4989,31,14,7,5,1d8+4,1d8+4,41,17,7,4,1d8+4,1d6+4,2.0,A
4990,35,17,7,3,1d8+4,1d8+4,44,17,7,5,1d8+4,1d6+4,9.0,B
4991,45,15,7,4,1d10+4,1d8+4,42,14,7,5,1d8+4,1d8+4,9.0,A
4992,43,16,7,5,1d12+4,1d8+4,33,16,7,3,1d8+4,1d6+4,1.0,B
4993,32,14,7,4,1d10+4,1d8+4,46,15,7,4,1d8+4,1d8+4,9.0,B
4994,44,16,7,3,1d12+4,1d8+4,34,16,7,5,1d8+4,1d8+4,0.0,A
4995,32,15,7,5,1d8+4,1d8+4,44,16,7,5,1d12+4,1d6+4,9.0,B
4996,39,18,7,3,1d10+4,1d6+4,49,15,7,3,1d12+4,1d6+4,7.0,A
4997,49,14,7,5,1d8+4,1d8+4,39,15,7,4,1d10+4,1d6+4,6.0,A
4998,41,15,7,3,1d8+4,1d8+4,46,15,7,5,1d10+4,1d6+4,9.0,A
4999,46,16,7,4,1d10+4,1d8+4,44,16,7,5,1d12+4,1d8+4,3.0,B
5000,42,15,7,3,1d10+4,1d8+4,50,18,7,5,1d12+4,1d8+4,0.0,A
5001,34,15,7,3,1d10+4,1d6+4,38,14,7,4,1d8+4,1d8+4,10.0,B
5002,38,17,7,5,1d8+4,1d8+4,40,15,7,5,1d8+4,1d8+4,3.0,A
5003,40,17,7,5,1d8+4,1d6+4,48,16,7,4,1d10+4,1d8+4,0.0,A
5004,44,17,7,3,1d8+4,1d6+4,44,18,7,3,1d8+4,1d6+4,0.0,B
5005,39,14,7,3,1d10+4,1d6+4,46,17,7,3,1d12+4,1d6+4,0.0,B
5006,34,15,7,5,1d10+4,1d8+4,40,14,7,3,1d10+4,1d8+4,8.0,A
5007,45,15,7,5,1d10+4,1d6+4,30,14,7,4,1d8+4,1d6+4,7.0,A
5008,44,17,7,3,1d8+4,1d6+4,48,14,7,5,1d10+4,1d6+4,9.0,B
5009,31,14,7,3,1d8+4,1d8+4,44,17,7,3,1d12+4,1d6+4,8.0,B
5010,45,14,7,5,1d8+4,1d8+4,48,18,7,3,1d10+4,1d8+4,10.0,A
5011,34,14,7,4,1d10+4,1d8+4,30,17,7,5,1d12+4,1d6+4,1.0,B
5012,37,14,7,4,1d8+4,1d6+4,41,17,7,5,1d8+4,1d8+4,0.0,B
5013,33,16,7,3,1d8+4,1d6+4,45,15,7,3,1d12+4,1d8+4,4.0,B
5014,41,17,7,4,1d8+4,1d6+4,48,14,7,5,1d8+4,1d8+4,4.0,A
5015,40,18,7,5,1d8+4,1d8+4,36,18,7,3,1d8+4,1d6+4,4.0,B
5016,30,15,7,5,1d10+4,1d6+4,33,14,7,5,1d12+4,1d8+4,6.0,B
5017,43,14,7,3,1d12+4,1d6+4,36,16,7,4,1d8+4,1d6+4,2.0,A
5018,45,17,7,5,1d12+4,1d8+4,50,14,7,5,1d10+4,1d6+4,4.0,A
5019,40,17,7,3,1d8+4,1d6+4,35,14,7,5,1d12+4,1d8+4,4.0,A
5020,50,15,7,4,1d10+4,1d6+4,32,18,7,4,1d12+4,1d6+4,8.0,A
5021,43,18,7,4,1d12+4,1d6+4,31,15,7,3,1d10+4,1d8+4,3.0,A
5022,34,17,7,5,1d8+4,1d8+4,43,17,7,5,1d8+4,1d8+4,3.0,B
5023,47,14,7,3,1d8+4,1d8+4,30,16,7,5,1d12+4,1d8+4,0.0,A
5024,48,18,7,4,1d8+4,1d8+4,34,14,7,5,1d12+4,1d6+4,4.0,A
5025,40,17,7,3,1d10+4,1d8+4,43,18,7,3,1d10+4,1d6+4,9.0,A
5026,50,14,7,3,1d8+4,1d8+4,48,16,7,4,1d10+4,1d8+4,8.0,B
5027,45,17,7,3,1d8+4,1d8+4,37,17,7,5,1d8+4,1d8+4,5.0,B
5028,31,16,7,5,1d10+4,1d8+4,34,18,7,5,1d8+4,1d6+4,5.0,B
5029,34,16,7,4,1d8+4,1d8+4,44,16,7,5,1d10+4,1d8+4,4.0,A
5030,44,18,7,3,1d8+4,1d8+4,36,16,7,4,1d8+4,1d6+4,1.0,B
5031,48,18,7,3,1d10+4,1d8+4,31,17,7,4,1d8+4,1d6+4,9.0,A
5032,42,16,7,3,1d10+4,1d6+4,33,16,7,5,1d12+4,1d6+4,8.0,B
5033,33,14,7,3,1d10+4,1d6+4,47,18,7,5,1d8+4,1d8+4,7.0,A
5034,35,14,7,4,1d8+4,1d6+4,31,16,7,4,1d8+4,1d6+4,1.0,A
5035,41,14,7,3,1d10+4,1d8+4,35,17,7,3,1d8+4,1d8+4,9.0,A
5036,31,18,7,5,1d8+4,1d8+4,36,15,7,5,1d8+4,1d6+4,4.0,B
5037,36,18,7,5,1d12+4,1d6+4,41,14,7,3,1d12+4,1d8+4,6.0,A
5038,49,17,7,3,1d10+4,1d6+4,37,15,7,4,1d8+4,1d6+4,8.0,A
5039,43,16,7,4,1d10+4,1d6+4,32,17,7,3,1d10+4,1d6+4,4.0,A
5040,46,14,7,3,1d8+4,1d8+4,33,16,7,5,1d10+4,1d8+4,7.0,A
5041,40,16,7,3,1d10+4,1d6+4,35,17,7,5,1d10+4,1d8+4,1.0,A
5042,31,15,7,5,1d8+4,1d6+4,41,17,7,5,1d12+4,1d6+4,2.0,B
5043,44,15,7,4,1d12+4,1d6+4,45,16,7,4,1d12+4,1d6+4,5.0,B
5044,45,17,7,5,1d12+4,1d6+4,31,16,7,3,1d10+4,1d6+4,0.0,A
5045,39,17,7,5,1d10+4,1d8+4,35,18,7,4,1d12+4,1d8+4,2.0,A
5046,48,17,7,4,1d12+4,1d8+4,43,14,7,4,1d8+4,1d6+4,8.0,A
5047,34,17,7,4,1d8+4,1d8+4,30,15,7,3,1d10+4,1d6+4,1.0,A
5048,37,16,7,5,1d12+4,1d6+4,50,16,7,5,1d12+4,1d8+4,3.0,B
5049,45,18,7,3,1d10+4,1d6+4,40,18,7,4,1d12+4,1d8+4,0.0,A
5050,49,14,7,5,1d8+4,1d6+4,43,14,7,4,1d12+4,1d8+4,9.0,A
5051,46,16,7,3,1d8+4,1d6+4,39,14,7,3,1d8+4,1d8+4,7.0,B
5052,36,14,7,5,1d8+4,1d6+4,37,16,7,3,1d12+4,1d6+4,1.0,A
5053,32,15,7,5,1d8+4,1d8+4,33,16,7,3,1d12+4,1d6+4,4.0,B
5054,32,14,7,4,1d8+4,1d8+4,47,16,7,3,1d10+4,1d8+4,1.0,B
5055,41,15,7,5,1d12+4,1d8+4,31,17,7,3,1d8+4,1d6+4,8.0,A
5056,45,15,7,4,1d10+4,1d8+4,41,16,7,3,1d10+4,1d8+4,10.0,A
5057,43,18,7,4,1d8+4,1d6+4,34,17,7,4,1d10+4,1d6+4,10.0,A
5058,40,15,7,4,1d8+4,1d8+4,47,17,7,4,1d10+4,1d8+4,3.0,A
5059,35,16,7,4,1d10+4,1d6+4,50,15,7,4,1d8+4,1d6+4,3.0,A
5060,49,14,7,5,1d8+4,1d8+4,31,18,7,3,1d10+4,1d8+4,4.0,A
5061,50,18,7,4,1d8+4,1d8+4,43,14,7,4,1d8+4,1d6+4,1.0,A
5062,50,15,7,5,1d12+4,1d8+4,41,16,7,3,1d8+4,1d8+4,8.0,A
5063,35,16,7,3,1d8+4,1d6+4,37,17,7,4,1d12+4,1d8+4,10.0,A
5064,35,14,7,5,1d10+4,1d8+4,30,14,7,5,1d10+4,1d6+4,10.0,A
5065,43,15,7,5,1d12+4,1d8+4,30,14,7,5,1d10+4,1d6+4,0.0,A
5066,36,17,7,5,1d12+4,1d6+4,45,15,7,3,1d12+4,1d6+4,8.0,A
5067,48,15,7,4,1d12+4,1d8+4,41,18,7,5,1d8+4,1d6+4,1.0,A
5068,30,18,7,3,1d8+4,1d8+4,35,16,7,3,1d10+4,1d6+4,8.0,A
5069,34,18,7,3,1d8+4,1d8+4,49,17,7,4,1d8+4,1d8+4,9.0,A
5070,40,16,7,4,1d12+4,1d6+4,30,14,7,4,1d10+4,1d6+4,1.0,A
5071,35,14,7,3,1d12+4,1d6+4,34,18,7,3,1d8+4,1d8+4,7.0,B
5072,34,17,7,5,1d10+4,1d8+4,34,18,7,3,1d8+4,1d6+4,9.0,A
5073,38,17,7,3,1d10+4,1d8+4,42,16,7,5,1d10+4,1d8+4,6.0,A
5074,42,18,7,4,1d10+4,1d8+4,41,15,7,3,1d12+4,1d8+4,1.0,B
5075,44,17,7,4,1d10+4,1d8+4,43,17,7,3,1d8+4,1d8+4,0.0,B
5076,30,15,7,4,1d12+4,1d8+4,41,14,7,3,1d10+4,1d6+4,9.0,A
5077,40,16,7,3,1d12+4,1d6+4,31,15,7,5,1d12+4,1d8+4,10.0,A
5078,47,16,7,3,1d8+4,1d6+4,47,17,7,3,1d8+4,1d8+4,8.0,A
5079,31,14,7,5,1d10+4,1d6+4,35,15,7,3,1d10+4,1d6+4,4.0,B
5080,46,17,7,4,1d10+4,1d8+4,33,16,7,3,1d10+4,1d6+4,5.0,B
5081,42,14,7,4,1d8+4,1d6+4,41,16,7,3,1d10+4,1d8+4,8.0,B
5082,31,16,7,4,1d10+4,1d6+4,40,17,7,5,1d8+4,1d8+4,1.0,B
5083,30,14,7,4,1d12+4,1d8+4,31,18,7,4,1d12+4,1d6+4,3.0,B
5084,38,18,7,3,1d12+4,1d8+4,31,16,7,3,1d8+4,1d8+4,10.0,A
5085,39,16,7,3,1d12+4,1d6+4,48,14,7,5,1d12+4,1d6+4,5.0,B
5086,31,15,7,4,1d8+4,1d6+4,49,16,7,4,1d8+4,1d6+4,9.0,B
5087,44,17,7,4,1d8+4,1d6+4,40,17,7,4,1d10+4,1d8+4,3.0,B
5088,30,14,7,4,1d12+4,1d8+4,48,18,7,3,1d12+4,1d8+4,5.0,B
5089,39,15,7,4,1d12+4,1d6+4,34,15,7,4,1d10+4,1d8+4,7.0,A
5090,30,16,7,4,1d8+4,1d6+4,35,16,7,5,1d8+4,1d6+4,3.0,B
5091,37,18,7,3,1d12+4,1d6+4,45,17,7,3,1d8+4,1d8+4,8.0,B
5092,41,14,7,5,1d10+4,1d8+4,42,16,7,3,1d8+4,1d8+4,0.0,B
5093,30,17,7,4,1d10+4,1d8+4,48,18,7,3,1d8+4,1d8+4,2.0,B
5094,38,17,7,5,1d12+4,1d8+4,40,14,7,3,1d10+4,1d8+4,8.0,A
5095,33,15,7,4,1d10+4,1d6+4,35,15,7,3,1d8+4,1d8+4,5.0,A
5096,37,15,7,4,1d8+4,1d8+4,44,16,7,5,1d12+4,1d8+4,5.0,A
5097,43,16,7,5,1d8+4,1d6+4,37,16,7,4,1d8+4,1d6+4,10.0,A
5098,32,17,7,3,1d8+4,1d6+4,44,16,7,4,1d10+4,1d6+4,1.0,B
5099,40,14,7,5,1d10+4,1d6+4,30,16,7,4,1d10+4,1d8+4,0.0,B
5100,44,16,7,5,1d12+4,1d8+4,49,15,7,5,1d10+4,1d6+4,8.0,B
5101,31,14,7,3,1d12+4,1d8+4,42,17,7,3,1d12+4,1d8+4,4.0,A
5102,33,14,7,5,1d8+4,1d6+4,46,15,7,3,1d10+4,1d8+4,6.0,B
5103,41,16,7,4,1d12+4,1d8+4,48,15,7,4,1d12+4,1d6+4,1.0,B
5104,34,14,7,5,1d8+4,1d6+4,36,14,7,3,1d12+4,1d8+4,3.0,B
5105,39,14,7,3,1d12+4,1d8+4,39,18,7,4,1d8+4,1d8+4,0.0,A
5106,31,15,7,4,1d12+4,1d6+4,36,14,7,5,1d8+4,1d8+4,8.0,A
5107,30,17,7,5,1d8+4,1d8+4,39,18,7,4,1d12+4,1d8+4,5.0,B
5108,39,16,7,5,1d12+4,1d8+4,45,16,7,4,1d12+4,1d6+4,2.0,B
5109,44,15,7,3,1d12+4,1d8+4,36,16,7,5,1d10+4,1d6+4,7.0,A
5110,41,18,7,4,1d10+4,1d6+4,44,16,7,3,1d8+4,1d6+4,10.0,A
5111,36,14,7,3,1d12+4,1d6+4,32,18,7,4,1d8+4,1d8+4,9.0,A
5112,41,17,7,4,1d12+4,1d8+4,34,16,7,4,1d8+4,1d8+4,1.0,A
5113,42,15,7,4,1d12+4,1d8+4,31,16,7,5,1d12+4,1d6+4,9.0,A
5114,33,18,7,5,1d12+4,1d8+4,31,17,7,4,1d12+4,1d6+4,8.0,A
5115,41,16,7,4,1d10+4,1d6+4,32,14,7,4,1d8+4,1d8+4,0.0,A
5116,34,17,7,3,1d10+4,1d8+4,31,14,7,4,1d10+4,1d8+4,6.0,A
5117,31,17,7,4,1d10+4,1d6+4,48,17,7,4,1d8+4,1d8+4,8.0,A
5118,31,18,7,4,1d10+4,1d6+4,44,15,7,3,1d12+4,1d6+4,3.0,A
5119,41,17,7,3,1d12+4,1d8+4,48,14,7,5,1d10+4,1d6+4,8.0,A
5120,32,14,7,5,1d12+4,1d6+4,50,18,7,4,1d12+4,1d8+4,1.0,B
5121,41,16,7,4,1d10+4,1d6+4,50,16,7,4,1d12+4,1d8+4,6.0,B
5122,50,16,7,4,1d8+4,1d8+4,37,15,7,4,1d10+4,1d6+4,8.0,A
5123,37,18,7,5,1d8+4,1d8+4,38,15,7,3,1d10+4,1d6+4,1.0,A
5124,35,15,7,4,1d12+4,1d8+4,50,16,7,4,1d12+4,1d8+4,3.0,B
5125,47,14,7,3,1d8+4,1d6+4,33,17,7,4,1d12+4,1d6+4,9.0,B
5126,40,14,7,4,1d10+4,1d8+4,30,17,7,5,1d8+4,1d6+4,4.0,B
5127,37,14,7,3,1d8+4,1d8+4,41,14,7,3,1d8+4,1d8+4,6.0,A
5128,50,18,7,4,1d8+4,1d8+4,36,16,7,3,1d10+4,1d6+4,7.0,A
5129,49,14,7,5,1d8+4,1d8+4,44,14,7,4,1d12+4,1d8+4,9.0,A
5130,50,15,7,4,1d8+4,1d6+4,47,17,7,4,1d12+4,1d6+4,5.0,A
5131,49,15,7,3,1d8+4,1d8+4,44,16,7,3,1d8+4,1d6+4,2.0,A
5132,31,15,7,3,1d8+4,1d6+4,41,14,7,3,1d10+4,1d8+4,1.0,B
5133,40,15,7,5,1d10+4,1d6+4,30,18,7,3,1d12+4,1d6+4,7.0,A
5134,38,18,7,3,1d8+4,1d8+4,38,16,7,4,1d8+4,1d6+4,7.0,A
5135,40,14,7,5,1d12+4,1d8+4,30,17,7,5,1d8+4,1d6+4,7.0,A
5136,40,15,7,5,1d12+4,1d6+4,30,18,7,3,1d12+4,1d6+4,8.0,A
5137,32,18,7,4,1d10+4,1d8+4,41,15,7,4,1d8+4,1d8+4,0.0,B
5138,44,15,7,4,1d12+4,1d6+4,32,15,7,3,1d8+4,1d6+4,9.0,B
5139,31,16,7,3,1d12+4,1d6+4,34,15,7,5,1d8+4,1d8+4,6.0,A
5140,37,17,7,5,1d12+4,1d6+4,32,15,7,3,1d12+4,1d6+4,5.0,B
5141,43,17,7,5,1d10+4,1d6+4,49,17,7,3,1d10+4,1d8+4,7.0,A
5142,31,15,7,3,1d10+4,1d8+4,45,18,7,4,1d10+4,1d8+4,8.0,A
5143,41,17,7,3,1d8+4,1d8+4,39,15,7,3,1d12+4,1d6+4,4.0,A
5144,34,18,7,5,1d12+4,1d8+4,40,15,7,4,1d12+4,1d8+4,4.0,A
5145,33,17,7,5,1d12+4,1d6+4,40,18,7,5,1d8+4,1d6+4,4.0,B
5146,39,14,7,4,1d10+4,1d6+4,40,15,7,4,1d8+4,1d6+4,8.0,A
5147,46,15,7,5,1d8+4,1d8+4,43,18,7,4,1d8+4,1d8+4,5.0,B
5148,43,14,7,3,1d12+4,1d6+4,36,16,7,5,1d8+4,1d6+4,8.0,B
5149,38,17,7,4,1d8+4,1d8+4,50,14,7,5,1d8+4,1d6+4,9.0,B
5150,30,17,7,3,1d8+4,1d8+4,47,16,7,4,1d8+4,1d6+4,0.0,B
5151,44,16,7,4,1d10+4,1d8+4,34,15,7,3,1d10+4,1d6+4,6.0,B
5152,39,14,7,5,1d10+4,1d8+4,30,14,7,5,1d10+4,1d8+4,1.0,A
5153,43,16,7,3,1d8+4,1d8+4,42,15,7,5,1d10+4,1d6+4,9.0,B
5154,31,18,7,4,1d8+4,1d6+4,30,16,7,5,1d10+4,1d6+4,10.0,B
5155,31,16,7,4,1d12+4,1d8+4,50,14,7,5,1d10+4,1d6+4,5.0,A
5156,30,15,7,5,1d12+4,1d6+4,40,16,7,3,1d12+4,1d6+4,8.0,A
5157,44,15,7,3,1d8+4,1d6+4,41,15,7,3,1d12+4,1d6+4,9.0,A
5158,47,18,7,5,1d10+4,1d8+4,35,18,7,4,1d8+4,1d8+4,8.0,A
5159,49,16,7,4,1d12+4,1d8+4,38,18,7,3,1d8+4,1d6+4,9.0,A
5160,32,16,7,3,1d12+4,1d6+4,36,18,7,3,1d10+4,1d8+4,6.0,A
5161,43,18,7,5,1d10+4,1d8+4,47,14,7,4,1d8+4,1d8+4,3.0,A
5162,31,16,7,3,1d12+4,1d8+4,36,18,7,3,1d12+4,1d6+4,8.0,A
5163,39,17,7,3,1d12+4,1d8+4,30,17,7,4,1d12+4,1d8+4,4.0,B
5164,43,14,7,3,1d8+4,1d6+4,38,18,7,5,1d8+4,1d6+4,5.0,B
5165,38,14,7,4,1d8+4,1d6+4,40,15,7,4,1d10+4,1d8+4,8.0,A
5166,40,15,7,4,1d10+4,1d6+4,32,16,7,4,1d10+4,1d6+4,9.0,B
5167,32,16,7,4,1d12+4,1d8+4,41,14,7,4,1d12+4,1d6+4,2.0,A
5168,35,14,7,5,1d12+4,1d6+4,49,16,7,4,1d8+4,1d6+4,6.0,A
5169,38,18,7,4,1d12+4,1d8+4,42,18,7,3,1d10+4,1d6+4,8.0,B
5170,44,16,7,4,1d10+4,1d6+4,48,17,7,3,1d10+4,1d8+4,2.0,B
5171,47,16,7,3,1d12+4,1d6+4,39,16,7,4,1d8+4,1d6+4,4.0,A
5172,45,15,7,3,1d12+4,1d8+4,47,17,7,4,1d8+4,1d6+4,5.0,B
5173,32,16,7,3,1d12+4,1d6+4,41,14,7,4,1d12+4,1d8+4,9.0,B
5174,41,17,7,3,1d8+4,1d6+4,38,15,7,5,1d10+4,1d6+4,10.0,B
5175,39,16,7,3,1d12+4,1d8+4,42,16,7,4,1d10+4,1d8+4,4.0,B
5176,46,18,7,3,1d10+4,1d8+4,35,15,7,3,1d12+4,1d6+4,4.0,A
5177,36,15,7,5,1d12+4,1d6+4,34,17,7,5,1d8+4,1d6+4,0.0,B
5178,30,16,7,5,1d12+4,1d8+4,47,14,7,5,1d12+4,1d6+4,0.0,A
5179,32,15,7,5,1d12+4,1d8+4,45,15,7,3,1d10+4,1d6+4,4.0,A
5180,39,16,7,3,1d10+4,1d6+4,31,15,7,3,1d8+4,1d6+4,8.0,B
5181,37,14,7,3,1d10+4,1d6+4,33,14,7,5,1d12+4,1d6+4,10.0,A
5182,40,16,7,3,1d10+4,1d8+4,47,16,7,3,1d8+4,1d6+4,3.0,A
5183,41,14,7,5,1d12+4,1d6+4,50,16,7,4,1d12+4,1d8+4,8.0,B
5184,33,16,7,3,1d12+4,1d8+4,31,17,7,3,1d8+4,1d6+4,10.0,A
5185,32,18,7,4,1d8+4,1d6+4,50,18,7,4,1d12+4,1d8+4,9.0,B
5186,31,17,7,4,1d8+4,1d8+4,41,18,7,3,1d12+4,1d8+4,2.0,B
5187,48,17,7,4,1d10+4,1d8+4,30,14,7,3,1d12+4,1d6+4,4.0,A
5188,43,16,7,4,1d8+4,1d8+4,41,16,7,4,1d10+4,1d6+4,8.0,A
5189,48,15,7,4,1d10+4,1d6+4,42,18,7,3,1d10+4,1d6+4,6.0,A
5190,45,18,7,3,1d10+4,1d8+4,40,14,7,4,1d8+4,1d6+4,9.0,A
5191,37,18,7,4,1d10+4,1d8+4,39,18,7,3,1d10+4,1d8+4,3.0,A
5192,36,14,7,3,1d10+4,1d6+4,36,15,7,5,1d12+4,1d8+4,6.0,A
5193,43,16,7,3,1d10+4,1d6+4,39,14,7,4,1d12+4,1d8+4,10.0,B
5194,50,15,7,3,1d10+4,1d6+4,38,15,7,3,1d12+4,1d8+4,8.0,B
5195,43,15,7,4,1d8+4,1d6+4,30,16,7,3,1d8+4,1d8+4,1.0,B
5196,49,16,7,3,1d12+4,1d8+4,44,16,7,3,1d10+4,1d8+4,4.0,A
5197,48,17,7,5,1d12+4,1d6+4,43,14,7,4,1d10+4,1d8+4,6.0,B
5198,49,16,7,4,1d10+4,1d8+4,49,18,7,3,1d12+4,1d8+4,10.0,B
5199,40,14,7,5,1d10+4,1d8+4,50,15,7,5,1d8+4,1d8+4,1.0,B
5200,44,14,7,3,1d10+4,1d6+4,33,16,7,4,1d10+4,1d8+4,1.0,B
5201,50,16,7,5,1d10+4,1d6+4,33,18,7,4,1d12+4,1d8+4,1.0,B
5202,36,18,7,4,1d12+4,1d6+4,41,15,7,3,1d10+4,1d6+4,3.0,B
5203,34,14,7,5,1d8+4,1d8+4,49,16,7,4,1d8+4,1d8+4,0.0,A
5204,35,14,7,3,1d12+4,1d8+4,33,15,7,3,1d10+4,1d8+4,5.0,B
5205,36,16,7,4,1d8+4,1d8+4,47,16,7,4,1d10+4,1d8+4,6.0,A
5206,42,14,7,4,1d12+4,1d8+4,49,15,7,4,1d8+4,1d6+4,4.0,B
5207,40,15,7,4,1d8+4,1d6+4,37,14,7,4,1d8+4,1d6+4,5.0,A
5208,43,16,7,3,1d8+4,1d6+4,39,16,7,3,1d8+4,1d6+4,4.0,B
5209,42,17,7,5,1d8+4,1d6+4,39,17,7,3,1d12+4,1d6+4,7.0,B
5210,33,18,7,4,1d12+4,1d6+4,38,17,7,3,1d10+4,1d6+4,4.0,B
5211,32,18,7,4,1d12+4,1d8+4,50,14,7,5,1d10+4,1d6+4,5.0,B
5212,42,15,7,4,1d8+4,1d6+4,30,14,7,5,1d12+4,1d8+4,7.0,B
5213,41,18,7,3,1d12+4,1d6+4,46,14,7,4,1d12+4,1d6+4,0.0,B
5214,50,16,7,4,1d12+4,1d6+4,46,16,7,4,1d10+4,1d8+4,1.0,A
5215,50,17,7,3,1d8+4,1d6+4,35,15,7,4,1d12+4,1d6+4,8.0,A
5216,34,16,7,4,1d10+4,1d6+4,31,17,7,5,1d8+4,1d8+4,4.0,A
5217,38,15,7,5,1d8+4,1d8+4,36,17,7,5,1d12+4,1d8+4,4.0,B
5218,47,15,7,4,1d10+4,1d6+4,42,17,7,4,1d12+4,1d6+4,3.0,B
5219,45,14,7,3,1d12+4,1d8+4,49,16,7,3,1d8+4,1d8+4,2.0,A
5220,36,15,7,3,1d8+4,1d6+4,32,16,7,4,1d10+4,1d8+4,5.0,B
5221,46,18,7,5,1d8+4,1d8+4,47,15,7,5,1d12+4,1d6+4,9.0,B
5222,36,14,7,5,1d8+4,1d6+4,36,16,7,3,1d12+4,1d8+4,9.0,B
5223,40,17,7,3,1d8+4,1d6+4,34,17,7,4,1d12+4,1d8+4,5.0,A
5224,41,15,7,4,1d10+4,1d8+4,44,16,7,4,1d10+4,1d8+4,8.0,B
5225,50,17,7,5,1d10+4,1d6+4,45,17,7,4,1d12+4,1d8+4,10.0,B
5226,37,17,7,4,1d8+4,1d8+4,48,17,7,5,1d8+4,1d8+4,8.0,B
5227,38,14,7,4,1d10+4,1d6+4,44,14,7,5,1d8+4,1d8+4,2.0,A
5228,49,17,7,4,1d8+4,1d8+4,44,14,7,3,1d12+4,1d6+4,6.0,A
5229,37,15,7,5,1d10+4,1d8+4,44,16,7,3,1d8+4,1d8+4,1.0,A
5230,31,17,7,5,1d10+4,1d6+4,44,15,7,4,1d12+4,1d8+4,9.0,B
5231,33,17,7,5,1d12+4,1d6+4,34,16,7,3,1d8+4,1d8+4,3.0,B
5232,46,18,7,4,1d12+4,1d8+4,41,16,7,3,1d8+4,1d6+4,6.0,B
5233,30,15,7,3,1d12+4,1d8+4,44,16,7,5,1d12+4,1d8+4,5.0,B
5234,43,16,7,5,1d12+4,1d6+4,45,14,7,3,1d10+4,1d8+4,2.0,A
5235,33,14,7,4,1d8+4,1d8+4,45,17,7,5,1d10+4,1d6+4,4.0,A
5236,50,14,7,3,1d10+4,1d6+4,50,14,7,5,1d8+4,1d8+4,10.0,A
5237,40,17,7,5,1d10+4,1d8+4,34,14,7,5,1d12+4,1d6+4,0.0,A
5238,50,18,7,4,1d10+4,1d8+4,31,14,7,5,1d12+4,1d8+4,3.0,A
5239,41,18,7,3,1d10+4,1d6+4,47,14,7,4,1d10+4,1d8+4,7.0,B
5240,47,17,7,3,1d12+4,1d8+4,45,16,7,5,1d8+4,1d8+4,2.0,A
5241,36,14,7,5,1d12+4,1d6+4,34,17,7,4,1d10+4,1d8+4,9.0,A
5242,41,16,7,4,1d8+4,1d8+4,43,18,7,5,1d8+4,1d8+4,7.0,B
5243,43,17,7,4,1d8+4,1d6+4,43,15,7,5,1d8+4,1d6+4,6.0,A
5244,37,14,7,3,1d12+4,1d6+4,43,16,7,4,1d10+4,1d6+4,8.0,A
5245,42,16,7,4,1d8+4,1d8+4,40,14,7,5,1d8+4,1d6+4,5.0,B
5246,41,15,7,5,1d10+4,1d8+4,43,17,7,4,1d8+4,1d6+4,5.0,B
5247,47,16,7,4,1d8+4,1d6+4,33,14,7,4,1d8+4,1d6+4,6.0,A
5248,47,18,7,4,1d12+4,1d6+4,32,15,7,3,1d10+4,1d6+4,5.0,A
5249,47,15,7,3,1d12+4,1d8+4,39,15,7,5,1d12+4,1d8+4,1.0,B
5250,44,17,7,4,1d8+4,1d6+4,33,16,7,3,1d8+4,1d8+4,8.0,A
5251,33,18,7,4,1d10+4,1d6+4,35,15,7,3,1d10+4,1d8+4,10.0,B
5252,41,18,7,4,1d12+4,1d6+4,30,15,7,5,1d12+4,1d8+4,7.0,A
5253,33,18,7,5,1d8+4,1d6+4,48,16,7,5,1d10+4,1d6+4,2.0,B
5254,40,16,7,4,1d10+4,1d8+4,37,18,7,5,1d12+4,1d6+4,0.0,A
5255,48,15,7,5,1d10+4,1d8+4,32,14,7,4,1d10+4,1d6+4,4.0,B
5256,33,17,7,5,1d12+4,1d8+4,44,15,7,4,1d12+4,1d8+4,10.0,A
5257,32,14,7,3,1d10+4,1d6+4,40,15,7,3,1d12+4,1d8+4,8.0,A
5258,40,17,7,3,1d10+4,1d6+4,37,17,7,5,1d12+4,1d6+4,10.0,A
5259,43,17,7,5,1d10+4,1d6+4,33,15,7,5,1d8+4,1d6+4,10.0,B
5260,34,18,7,5,1d10+4,1d8+4,48,17,7,4,1d8+4,1d8+4,5.0,B
5261,30,14,7,3,1d12+4,1d8+4,33,18,7,5,1d10+4,1d8+4,9.0,A
5262,40,17,7,4,1d10+4,1d8+4,45,17,7,5,1d10+4,1d6+4,7.0,A
5263,45,18,7,4,1d12+4,1d6+4,35,17,7,4,1d12+4,1d8+4,3.0,A
5264,32,18,7,3,1d10+4,1d6+4,41,16,7,4,1d12+4,1d8+4,6.0,A
5265,40,18,7,4,1d8+4,1d6+4,40,18,7,5,1d12+4,1d6+4,9.0,B
5266,30,17,7,4,1d12+4,1d8+4,37,16,7,3,1d10+4,1d6+4,2.0,B
5267,35,14,7,5,1d12+4,1d6+4,38,18,7,4,1d12+4,1d6+4,10.0,A
5268,47,16,7,5,1d12+4,1d6+4,41,15,7,3,1d10+4,1d6+4,7.0,A
5269,44,17,7,3,1d8+4,1d6+4,41,18,7,3,1d12+4,1d6+4,10.0,A
5270,45,15,7,5,1d10+4,1d6+4,47,15,7,5,1d8+4,1d8+4,0.0,A
5271,44,17,7,3,1d12+4,1d8+4,40,15,7,5,1d8+4,1d8+4,1.0,A
5272,33,17,7,5,1d12+4,1d6+4,42,18,7,5,1d10+4,1d8+4,6.0,A
5273,36,17,7,4,1d8+4,1d6+4,49,14,7,4,1d8+4,1d8+4,2.0,B
5274,37,14,7,3,1d8+4,1d8+4,32,18,7,4,1d10+4,1d6+4,2.0,A
5275,49,16,7,3,1d12+4,1d6+4,44,17,7,4,1d12+4,1d6+4,6.0,B
5276,39,14,7,3,1d8+4,1d6+4,40,16,7,5,1d12+4,1d8+4,8.0,A
5277,49,18,7,3,1d12+4,1d6+4,30,14,7,3,1d8+4,1d8+4,10.0,A
5278,38,17,7,3,1d8+4,1d8+4,44,14,7,3,1d8+4,1d6+4,4.0,A
5279,30,14,7,4,1d12+4,1d6+4,39,15,7,5,1d12+4,1d6+4,3.0,B
5280,39,18,7,4,1d12+4,1d6+4,45,14,7,3,1d10+4,1d8+4,3.0,A
5281,47,17,7,3,1d12+4,1d6+4,50,16,7,5,1d8+4,1d8+4,7.0,A
5282,47,17,7,3,1d8+4,1d8+4,38,15,7,5,1d8+4,1d6+4,4.0,A
5283,33,18,7,3,1d8+4,1d6+4,33,14,7,3,1d12+4,1d6+4,10.0,B
5284,49,18,7,4,1d10+4,1d6+4,50,15,7,4,1d8+4,1d6+4,7.0,A
5285,43,15,7,3,1d8+4,1d6+4,33,17,7,3,1d12+4,1d6+4,7.0,A
5286,34,15,7,3,1d10+4,1d8+4,40,14,7,3,1d8+4,1d8+4,4.0,B
5287,41,18,7,5,1d10+4,1d8+4,32,18,7,3,1d10+4,1d8+4,3.0,A
5288,42,17,7,4,1d10+4,1d6+4,36,16,7,5,1d10+4,1d6+4,8.0,A
5289,31,18,7,5,1d8+4,1d8+4,48,17,7,5,1d8+4,1d8+4,7.0,A
5290,33,16,7,4,1d12+4,1d8+4,30,14,7,5,1d8+4,1d8+4,5.0,A
5291,48,14,7,3,1d12+4,1d8+4,40,14,7,5,1d8+4,1d8+4,0.0,B
5292,36,15,7,3,1d8+4,1d6+4,33,17,7,4,1d12+4,1d6+4,6.0,B
5293,47,14,7,5,1d8+4,1d8+4,30,15,7,5,1d8+4,1d8+4,2.0,A
5294,36,18,7,4,1d12+4,1d6+4,42,18,7,3,1d10+4,1d6+4,0.0,A
5295,50,16,7,5,1d12+4,1d8+4,44,17,7,5,1d10+4,1d6+4,3.0,A
5296,36,15,7,3,1d10+4,1d8+4,40,17,7,3,1d12+4,1d6+4,1.0,A
5297,36,16,7,4,1d8+4,1d8+4,41,16,7,5,1d8+4,1d8+4,8.0,A
5298,47,16,7,4,1d10+4,1d6+4,36,17,7,5,1d10+4,1d6+4,8.0,A
5299,35,14,7,3,1d8+4,1d8+4,37,15,7,3,1d10+4,1d8+4,0.0,B
5300,47,16,7,5,1d8+4,1d8+4,50,16,7,5,1d10+4,1d6+4,5.0,B
5301,33,15,7,3,1d8+4,1d6+4,34,18,7,3,1d12+4,1d6+4,1.0,A
5302,31,17,7,3,1d8+4,1d8+4,32,15,7,4,1d12+4,1d8+4,2.0,A
5303,38,16,7,4,1d8+4,1d8+4,44,16,7,3,1d8+4,1d6+4,2.0,B
5304,36,18,7,3,1d8+4,1d8+4,40,17,7,5,1d12+4,1d8+4,9.0,A
5305,31,18,7,4,1d12+4,1d6+4,46,15,7,3,1d8+4,1d6+4,2.0,B
5306,49,15,7,4,1d10+4,1d8+4,30,17,7,3,1d8+4,1d8+4,7.0,A
5307,39,16,7,3,1d8+4,1d8+4,42,18,7,4,1d8+4,1d6+4,10.0,A
5308,49,16,7,4,1d12+4,1d6+4,43,17,7,3,1d8+4,1d8+4,10.0,A
5309,48,17,7,4,1d12+4,1d8+4,47,18,7,4,1d12+4,1d8+4,6.0,A
5310,38,14,7,4,1d10+4,1d6+4,46,18,7,5,1d8+4,1d6+4,10.0,B
5311,50,14,7,3,1d8+4,1d6+4,43,14,7,3,1d10+4,1d6+4,3.0,A
5312,45,14,7,5,1d12+4,1d8+4,49,15,7,5,1d8+4,1d8+4,1.0,A
5313,45,15,7,5,1d10+4,1d6+4,41,16,7,3,1d8+4,1d8+4,10.0,B
5314,37,17,7,3,1d12+4,1d8+4,49,16,7,3,1d10+4,1d6+4,3.0,A
5315,42,15,7,5,1d10+4,1d8+4,38,17,7,4,1d12+4,1d6+4,0.0,B
5316,50,16,7,5,1d12+4,1d8+4,48,16,7,5,1d10+4,1d6+4,5.0,A
5317,42,14,7,3,1d10+4,1d8+4,33,18,7,3,1d8+4,1d6+4,8.0,A
5318,41,17,7,5,1d10+4,1d6+4,46,17,7,3,1d8+4,1d6+4,7.0,A
5319,30,16,7,5,1d12+4,1d6+4,44,17,7,4,1d10+4,1d6+4,2.0,B
5320,31,18,7,5,1d12+4,1d8+4,35,17,7,4,1d8+4,1d6+4,9.0,A
5321,31,18,7,5,1d12+4,1d8+4,41,16,7,3,1d10+4,1d8+4,1.0,B
5322,33,17,7,5,1d12+4,1d6+4,44,17,7,5,1d8+4,1d6+4,6.0,B
5323,50,14,7,3,1d8+4,1d6+4,46,16,7,4,1d12+4,1d8+4,2.0,B
5324,32,16,7,5,1d12+4,1d6+4,48,15,7,5,1d10+4,1d8+4,6.0,A
5325,36,17,7,4,1d10+4,1d8+4,30,14,7,5,1d8+4,1d8+4,6.0,A
5326,33,14,7,3,1d8+4,1d6+4,47,14,7,3,1d8+4,1d8+4,6.0,B
5327,41,15,7,5,1d10+4,1d6+4,34,17,7,4,1d12+4,1d6+4,9.0,B
5328,48,18,7,5,1d12+4,1d8+4,43,15,7,3,1d12+4,1d6+4,8.0,B
5329,30,18,7,3,1d12+4,1d6+4,44,15,7,4,1d10+4,1d8+4,5.0,B
5330,40,15,7,3,1d8+4,1d6+4,49,18,7,5,1d8+4,1d6+4,2.0,B
5331,41,14,7,3,1d12+4,1d6+4,46,16,7,3,1d10+4,1d8+4,7.0,A
5332,46,18,7,5,1d8+4,1d8+4,30,15,7,4,1d8+4,1d6+4,1.0,B
5333,49,15,7,3,1d10+4,1d8+4,44,15,7,3,1d10+4,1d6+4,8.0,B
5334,33,14,7,4,1d8+4,1d6+4,40,15,7,4,1d12+4,1d6+4,4.0,B
5335,49,17,7,4,1d12+4,1d8+4,39,18,7,3,1d12+4,1d6+4,10.0,B
5336,46,18,7,4,1d12+4,1d6+4,32,14,7,4,1d10+4,1d8+4,10.0,A
5337,34,15,7,5,1d8+4,1d6+4,45,18,7,3,1d12+4,1d6+4,10.0,B
5338,41,17,7,3,1d10+4,1d8+4,47,18,7,4,1d8+4,1d6+4,2.0,B
5339,39,18,7,4,1d8+4,1d8+4,37,16,7,4,1d12+4,1d8+4,0.0,A
5340,44,14,7,3,1d12+4,1d6+4,34,16,7,5,1d10+4,1d8+4,7.0,A
5341,34,15,7,4,1d8+4,1d6+4,39,16,7,4,1d12+4,1d8+4,9.0,A
5342,30,18,7,5,1d12+4,1d8+4,44,17,7,3,1d8+4,1d8+4,2.0,B
5343,33,14,7,4,1d10+4,1d6+4,49,14,7,4,1d10+4,1d6+4,8.0,B
5344,48,17,7,4,1d12+4,1d6+4,40,17,7,3,1d8+4,1d8+4,3.0,A
5345,37,15,7,5,1d12+4,1d8+4,41,14,7,3,1d10+4,1d8+4,5.0,A
5346,32,16,7,5,1d8+4,1d6+4,50,14,7,4,1d12+4,1d6+4,3.0,B
5347,36,17,7,5,1d8+4,1d8+4,31,15,7,4,1d12+4,1d8+4,9.0,A
5348,47,16,7,5,1d12+4,1d8+4,38,17,7,3,1d10+4,1d6+4,1.0,B
5349,47,18,7,4,1d10+4,1d8+4,33,14,7,3,1d12+4,1d6+4,9.0,A
5350,46,16,7,4,1d12+4,1d8+4,39,18,7,5,1d10+4,1d8+4,1.0,A
5351,38,18,7,4,1d10+4,1d6+4,37,16,7,4,1d10+4,1d6+4,6.0,A
5352,37,16,7,5,1d10+4,1d6+4,42,18,7,5,1d8+4,1d8+4,10.0,B
5353,49,18,7,4,1d10+4,1d8+4,37,17,7,3,1d8+4,1d6+4,3.0,A
5354,41,16,7,5,1d12+4,1d8+4,47,16,7,3,1d12+4,1d8+4,9.0,B
5355,42,15,7,5,1d12+4,1d8+4,39,18,7,5,1d8+4,1d8+4,4.0,A
5356,31,18,7,3,1d12+4,1d6+4,33,16,7,4,1d10+4,1d8+4,2.0,A
5357,36,14,7,4,1d10+4,1d8+4,38,18,7,4,1d10+4,1d8+4,9.0,B
5358,37,16,7,3,1d12+4,1d8+4,46,16,7,5,1d12+4,1d6+4,8.0,B
5359,36,15,7,5,1d10+4,1d6+4,32,14,7,3,1d12+4,1d6+4,4.0,A
5360,47,15,7,3,1d10+4,1d6+4,47,14,7,5,1d8+4,1d8+4,2.0,A
5361,41,16,7,4,1d12+4,1d6+4,34,14,7,4,1d12+4,1d8+4,3.0,B
5362,50,17,7,5,1d10+4,1d8+4,47,14,7,4,1d8+4,1d6+4,8.0,A
5363,38,14,7,5,1d8+4,1d8+4,34,14,7,4,1d12+4,1d6+4,10.0,B
5364,32,17,7,3,1d12+4,1d6+4,38,15,7,4,1d12+4,1d8+4,1.0,B
5365,34,17,7,3,1d8+4,1d8+4,30,15,7,4,1d8+4,1d8+4,8.0,A
5366,42,15,7,4,1d8+4,1d6+4,48,18,7,4,1d12+4,1d6+4,10.0,A
5367,48,15,7,4,1d12+4,1d6+4,38,15,7,4,1d12+4,1d6+4,6.0,A
5368,42,18,7,3,1d12+4,1d6+4,37,18,7,4,1d8+4,1d8+4,3.0,A
5369,39,14,7,4,1d8+4,1d8+4,49,16,7,4,1d10+4,1d6+4,1.0,B
5370,32,17,7,3,1d12+4,1d8+4,46,16,7,4,1d10+4,1d6+4,2.0,B
5371,32,17,7,5,1d10+4,1d8+4,45,17,7,3,1d8+4,1d6+4,10.0,A
5372,42,18,7,4,1d8+4,1d8+4,49,17,7,5,1d12+4,1d6+4,6.0,A
5373,31,18,7,5,1d8+4,1d6+4,33,14,7,4,1d8+4,1d6+4,9.0,B
5374,38,16,7,3,1d10+4,1d6+4,45,17,7,4,1d12+4,1d8+4,7.0,B
5375,49,18,7,5,1d10+4,1d6+4,36,17,7,5,1d8+4,1d8+4,7.0,A
5376,50,14,7,5,1d12+4,1d6+4,49,16,7,4,1d8+4,1d6+4,0.0,A
5377,31,14,7,5,1d12+4,1d8+4,43,14,7,4,1d12+4,1d8+4,2.0,B
5378,30,15,7,4,1d10+4,1d6+4,34,14,7,3,1d10+4,1d8+4,10.0,B
5379,33,15,7,3,1d12+4,1d6+4,33,14,7,5,1d12+4,1d8+4,10.0,B
5380,40,17,7,4,1d10+4,1d8+4,47,14,7,4,1d12+4,1d6+4,5.0,A
5381,42,16,7,4,1d12+4,1d8+4,39,16,7,4,1d12+4,1d6+4,2.0,A
5382,47,16,7,3,1d12+4,1d6+4,34,17,7,3,1d8+4,1d8+4,6.0,B
5383,34,15,7,3,1d8+4,1d8+4,49,14,7,4,1d8+4,1d6+4,2.0,B
5384,41,16,7,5,1d10+4,1d8+4,34,16,7,3,1d12+4,1d8+4,4.0,A
5385,43,14,7,4,1d12+4,1d8+4,33,18,7,4,1d8+4,1d8+4,4.0,A
5386,43,16,7,3,1d12+4,1d6+4,33,14,7,3,1d12+4,1d8+4,4.0,A
5387,33,15,7,3,1d10+4,1d6+4,39,17,7,5,1d12+4,1d8+4,2.0,A
5388,43,14,7,4,1d8+4,1d6+4,49,18,7,3,1d10+4,1d8+4,1.0,B
5389,31,14,7,4,1d8+4,1d6+4,33,14,7,5,1d10+4,1d6+4,2.0,B
5390,39,17,7,5,1d12+4,1d6+4,43,14,7,5,1d12+4,1d8+4,10.0,A
5391,32,14,7,5,1d8+4,1d8+4,49,18,7,5,1d10+4,1d8+4,1.0,B
5392,48,14,7,5,1d8+4,1d8+4,45,17,7,5,1d10+4,1d8+4,4.0,A
5393,44,16,7,5,1d12+4,1d8+4,45,17,7,4,1d10+4,1d6+4,8.0,B
5394,43,16,7,3,1d8+4,1d6+4,30,17,7,5,1d8+4,1d6+4,2.0,A
5395,50,15,7,4,1d8+4,1d6+4,43,16,7,3,1d12+4,1d8+4,6.0,B
5396,50,18,7,3,1d12+4,1d6+4,37,16,7,3,1d10+4,1d8+4,1.0,B
5397,49,16,7,5,1d8+4,1d6+4,47,14,7,4,1d8+4,1d8+4,6.0,A
5398,32,14,7,5,1d8+4,1d6+4,49,18,7,3,1d10+4,1d8+4,3.0,A
5399,48,17,7,4,1d10+4,1d8+4,48,15,7,4,1d8+4,1d8+4,2.0,A
5400,37,17,7,3,1d12+4,1d6+4,40,18,7,4,1d12+4,1d6+4,4.0,A
5401,33,18,7,3,1d10+4,1d8+4,38,14,7,3,1d12+4,1d8+4,1.0,B
5402,48,15,7,3,1d10+4,1d6+4,40,16,7,3,1d12+4,1d6+4,1.0,B
5403,32,16,7,5,1d10+4,1d8+4,30,16,7,5,1d8+4,1d8+4,8.0,B
5404,50,18,7,5,1d8+4,1d8+4,39,18,7,3,1d10+4,1d6+4,0.0,A
5405,38,16,7,4,1d8+4,1d8+4,38,14,7,4,1d8+4,1d8+4,0.0,A
5406,30,18,7,5,1d8+4,1d6+4,42,16,7,5,1d10+4,1d6+4,4.0,B
5407,38,14,7,3,1d10+4,1d6+4,45,14,7,5,1d12+4,1d8+4,4.0,A
5408,46,17,7,4,1d10+4,1d6+4,50,16,7,5,1d12+4,1d8+4,7.0,B
5409,32,14,7,5,1d10+4,1d6+4,40,17,7,4,1d10+4,1d6+4,9.0,A
5410,38,17,7,4,1d12+4,1d6+4,33,14,7,4,1d12+4,1d6+4,2.0,A
5411,34,16,7,5,1d8+4,1d6+4,41,15,7,5,1d10+4,1d8+4,9.0,A
5412,31,16,7,3,1d8+4,1d6+4,38,14,7,5,1d8+4,1d8+4,8.0,A
5413,44,17,7,4,1d10+4,1d8+4,30,18,7,4,1d10+4,1d8+4,8.0,A
5414,30,16,7,4,1d10+4,1d6+4,39,18,7,5,1d8+4,1d8+4,3.0,A
5415,50,18,7,5,1d8+4,1d8+4,43,14,7,4,1d8+4,1d8+4,3.0,A
5416,37,17,7,3,1d12+4,1d8+4,50,14,7,3,1d10+4,1d6+4,6.0,A
5417,44,18,7,5,1d12+4,1d8+4,38,18,7,5,1d12+4,1d6+4,9.0,A
5418,40,15,7,5,1d12+4,1d6+4,39,17,7,4,1d8+4,1d6+4,2.0,B
5419,47,18,7,5,1d8+4,1d8+4,35,16,7,5,1d8+4,1d8+4,1.0,B
5420,39,18,7,3,1d10+4,1d6+4,41,15,7,5,1d8+4,1d8+4,5.0,A
5421,34,17,7,3,1d12+4,1d8+4,49,15,7,3,1d10+4,1d8+4,9.0,A
5422,36,16,7,3,1d12+4,1d6+4,43,14,7,5,1d8+4,1d8+4,6.0,A
5423,31,18,7,4,1d8+4,1d8+4,40,16,7,5,1d10+4,1d8+4,4.0,A
5424,32,14,7,5,1d10+4,1d8+4,42,15,7,5,1d12+4,1d8+4,2.0,B
5425,45,16,7,4,1d10+4,1d8+4,32,17,7,5,1d10+4,1d8+4,10.0,A
5426,38,18,7,5,1d12+4,1d6+4,50,17,7,3,1d8+4,1d8+4,0.0,B
5427,49,14,7,5,1d10+4,1d6+4,35,18,7,5,1d12+4,1d6+4,4.0,A
5428,39,16,7,3,1d10+4,1d8+4,31,15,7,5,1d8+4,1d6+4,5.0,A
5429,31,16,7,4,1d12+4,1d8+4,33,16,7,4,1d8+4,1d6+4,6.0,A
5430,47,17,7,3,1d10+4,1d6+4,43,15,7,5,1d8+4,1d6+4,10.0,B
5431,37,16,7,3,1d8+4,1d8+4,33,18,7,4,1d10+4,1d8+4,7.0,B
5432,40,18,7,3,1d12+4,1d8+4,44,18,7,4,1d12+4,1d6+4,0.0,B
5433,33,17,7,3,1d8+4,1d6+4,40,14,7,3,1d10+4,1d8+4,4.0,B
5434,30,17,7,3,1d8+4,1d6+4,34,16,7,3,1d12+4,1d8+4,6.0,A
5435,46,16,7,5,1d12+4,1d8+4,42,18,7,4,1d8+4,1d8+4,3.0,B
5436,46,17,7,3,1d10+4,1d8+4,42,17,7,5,1d10+4,1d8+4,2.0,B
5437,34,16,7,4,1d10+4,1d6+4,47,17,7,3,1d10+4,1d6+4,3.0,B
5438,46,14,7,4,1d8+4,1d8+4,45,17,7,4,1d10+4,1d8+4,7.0,A
5439,38,18,7,4,1d12+4,1d6+4,38,18,7,4,1d10+4,1d8+4,1.0,A
5440,48,15,7,5,1d10+4,1d6+4,30,16,7,4,1d12+4,1d8+4,7.0,A
5441,31,17,7,5,1d12+4,1d6+4,31,15,7,3,1d10+4,1d8+4,2.0,A
5442,31,18,7,5,1d8+4,1d8+4,41,14,7,3,1d8+4,1d6+4,2.0,B
5443,38,18,7,5,1d12+4,1d6+4,36,17,7,3,1d12+4,1d6+4,7.0,B
5444,48,15,7,5,1d12+4,1d6+4,44,17,7,5,1d8+4,1d6+4,1.0,B
5445,42,15,7,4,1d12+4,1d8+4,46,15,7,4,1d12+4,1d6+4,1.0,A
5446,39,14,7,4,1d12+4,1d6+4,50,14,7,4,1d8+4,1d8+4,10.0,B
5447,39,16,7,5,1d8+4,1d8+4,36,17,7,4,1d8+4,1d8+4,1.0,A
5448,34,15,7,5,1d10+4,1d8+4,41,17,7,4,1d8+4,1d6+4,1.0,A
5449,30,14,7,3,1d10+4,1d6+4,47,15,7,4,1d10+4,1d8+4,5.0,A
5450,36,14,7,5,1d12+4,1d6+4,35,14,7,4,1d10+4,1d8+4,1.0,A
5451,50,17,7,5,1d12+4,1d6+4,31,15,7,5,1d10+4,1d8+4,8.0,B
5452,47,18,7,3,1d8+4,1d8+4,41,18,7,5,1d10+4,1d8+4,2.0,B
5453,33,18,7,5,1d12+4,1d8+4,38,15,7,3,1d8+4,1d8+4,5.0,A
5454,32,18,7,5,1d10+4,1d6+4,44,18,7,4,1d8+4,1d6+4,0.0,B
5455,36,18,7,4,1d12+4,1d8+4,30,17,7,5,1d8+4,1d6+4,8.0,A
5456,40,14,7,4,1d12+4,1d8+4,35,17,7,5,1d8+4,1d6+4,6.0,B
5457,31,14,7,5,1d8+4,1d8+4,45,16,7,3,1d10+4,1d8+4,2.0,B
5458,37,18,7,4,1d8+4,1d6+4,46,15,7,4,1d8+4,1d8+4,10.0,B
5459,30,17,7,3,1d12+4,1d8+4,44,18,7,3,1d8+4,1d6+4,9.0,B
5460,34,18,7,3,1d8+4,1d6+4,48,16,7,4,1d10+4,1d6+4,8.0,B
5461,46,18,7,5,1d10+4,1d8+4,41,16,7,5,1d12+4,1d6+4,9.0,A
5462,37,14,7,5,1d12+4,1d8+4,47,14,7,4,1d10+4,1d8+4,10.0,A
5463,45,16,7,5,1d10+4,1d8+4,37,14,7,4,1d12+4,1d8+4,10.0,B
5464,41,18,7,3,1d8+4,1d8+4,32,16,7,5,1d8+4,1d8+4,9.0,B
5465,48,15,7,5,1d12+4,1d8+4,41,16,7,5,1d8+4,1d6+4,8.0,A
5466,33,16,7,3,1d8+4,1d6+4,46,18,7,4,1d8+4,1d6+4,4.0,B
5467,46,15,7,4,1d12+4,1d6+4,34,18,7,3,1d12+4,1d6+4,8.0,B
5468,46,18,7,5,1d10+4,1d6+4,46,14,7,4,1d10+4,1d6+4,4.0,A
5469,34,17,7,4,1d10+4,1d8+4,44,14,7,3,1d12+4,1d8+4,1.0,A
5470,33,17,7,3,1d8+4,1d8+4,38,17,7,3,1d8+4,1d6+4,2.0,B
5471,37,17,7,3,1d8+4,1d6+4,38,16,7,5,1d8+4,1d8+4,3.0,B
5472,34,14,7,3,1d12+4,1d6+4,36,15,7,3,1d8+4,1d8+4,6.0,A
5473,50,14,7,3,1d10+4,1d8+4,46,14,7,3,1d8+4,1d8+4,5.0,B
5474,38,15,7,4,1d8+4,1d8+4,30,15,7,4,1d10+4,1d6+4,5.0,A
5475,50,14,7,5,1d10+4,1d6+4,39,18,7,3,1d8+4,1d8+4,1.0,B
5476,43,14,7,5,1d12+4,1d8+4,32,17,7,4,1d10+4,1d8+4,2.0,A
5477,44,15,7,4,1d10+4,1d8+4,42,17,7,5,1d12+4,1d8+4,6.0,B
5478,34,15,7,3,1d10+4,1d6+4,49,16,7,4,1d8+4,1d8+4,6.0,A
5479,47,18,7,4,1d10+4,1d8+4,36,15,7,3,1d10+4,1d8+4,6.0,A
5480,49,17,7,3,1d12+4,1d8+4,36,18,7,4,1d10+4,1d8+4,3.0,A
5481,35,18,7,4,1d10+4,1d6+4,42,16,7,5,1d10+4,1d8+4,5.0,A
5482,41,15,7,4,1d8+4,1d6+4,39,18,7,5,1d8+4,1d8+4,1.0,A
5483,36,18,7,3,1d10+4,1d8+4,42,17,7,4,1d10+4,1d8+4,6.0,A
5484,49,16,7,3,1d8+4,1d8+4,46,18,7,5,1d8+4,1d6+4,0.0,B
5485,36,14,7,5,1d8+4,1d8+4,35,18,7,3,1d8+4,1d6+4,10.0,A
5486,43,18,7,4,1d12+4,1d6+4,34,17,7,4,1d12+4,1d6+4,0.0,A
5487,46,16,7,3,1d8+4,1d8+4,39,16,7,5,1d8+4,1d8+4,1.0,A
5488,34,15,7,3,1d8+4,1d8+4,31,17,7,5,1d12+4,1d6+4,0.0,A
5489,44,18,7,3,1d12+4,1d6+4,33,17,7,5,1d8+4,1d6+4,2.0,A
5490,35,17,7,5,1d10+4,1d8+4,48,17,7,5,1d10+4,1d6+4,5.0,A
5491,30,14,7,3,1d12+4,1d8+4,35,16,7,3,1d10+4,1d6+4,4.0,B
5492,49,14,7,3,1d10+4,1d6+4,48,15,7,4,1d8+4,1d6+4,3.0,A
5493,34,18,7,4,1d12+4,1d8+4,46,15,7,5,1d12+4,1d6+4,6.0,B
5494,50,18,7,3,1d8+4,1d6+4,39,17,7,5,1d12+4,1d6+4,9.0,A
5495,43,16,7,5,1d8+4,1d6+4,44,16,7,5,1d8+4,1d8+4,9.0,A
5496,31,14,7,3,1d12+4,1d8+4,34,16,7,3,1d8+4,1d6+4,2.0,A
5497,38,17,7,5,1d8+4,1d8+4,46,17,7,5,1d8+4,1d6+4,4.0,A
5498,33,14,7,5,1d12+4,1d6+4,50,16,7,5,1d10+4,1d8+4,7.0,A
5499,47,14,7,3,1d10+4,1d6+4,47,15,7,5,1d12+4,1d6+4,0.0,B
5500,35,18,7,4,1d12+4,1d6+4,45,14,7,3,1d12+4,1d8+4,6.0,B
5501,48,16,7,5,1d8+4,1d6+4,36,16,7,5,1d12+4,1d8+4,7.0,A
5502,47,18,7,3,1d12+4,1d6+4,34,17,7,4,1d12+4,1d6+4,1.0,B
5503,34,16,7,4,1d10+4,1d8+4,45,14,7,5,1d8+4,1d8+4,8.0,B
5504,35,16,7,5,1d8+4,1d6+4,36,16,7,4,1d8+4,1d8+4,1.0,B
5505,38,15,7,4,1d8+4,1d8+4,38,16,7,5,1d12+4,1d8+4,6.0,A
5506,40,17,7,4,1d12+4,1d6+4,31,17,7,5,1d10+4,1d8+4,9.0,B
5507,46,18,7,4,1d8+4,1d8+4,48,18,7,5,1d12+4,1d8+4,9.0,B
5508,30,18,7,3,1d8+4,1d6+4,39,14,7,4,1d8+4,1d6+4,0.0,A
5509,30,18,7,5,1d10+4,1d8+4,34,16,7,5,1d10+4,1d8+4,1.0,B
5510,38,14,7,4,1d8+4,1d6+4,40,15,7,3,1d12+4,1d8+4,2.0,B
5511,45,16,7,5,1d8+4,1d6+4,40,17,7,4,1d8+4,1d8+4,6.0,B
5512,31,14,7,5,1d8+4,1d8+4,49,18,7,3,1d8+4,1d6+4,4.0,B
5513,40,15,7,3,1d12+4,1d6+4,34,18,7,4,1d10+4,1d6+4,8.0,A
5514,36,17,7,3,1d10+4,1d6+4,34,17,7,3,1d12+4,1d6+4,5.0,B
5515,30,16,7,5,1d8+4,1d8+4,47,15,7,5,1d8+4,1d8+4,1.0,B
5516,43,15,7,3,1d10+4,1d6+4,37,18,7,3,1d8+4,1d8+4,6.0,A
5517,31,16,7,4,1d10+4,1d6+4,42,14,7,3,1d8+4,1d6+4,5.0,B
5518,32,15,7,4,1d12+4,1d6+4,31,18,7,5,1d10+4,1d8+4,2.0,B
5519,33,15,7,5,1d12+4,1d6+4,48,17,7,4,1d12+4,1d6+4,4.0,B
5520,32,17,7,5,1d12+4,1d6+4,39,14,7,4,1d10+4,1d8+4,1.0,A
5521,48,14,7,3,1d8+4,1d8+4,33,14,7,4,1d8+4,1d8+4,8.0,A
5522,34,18,7,4,1d8+4,1d8+4,45,14,7,5,1d12+4,1d8+4,6.0,B
5523,32,15,7,4,1d8+4,1d6+4,39,18,7,3,1d10+4,1d8+4,7.0,A
5524,38,15,7,5,1d12+4,1d8+4,35,16,7,4,1d12+4,1d6+4,8.0,A
5525,33,18,7,5,1d12+4,1d8+4,41,18,7,5,1d12+4,1d6+4,2.0,A
5526,49,14,7,3,1d12+4,1d8+4,45,14,7,5,1d12+4,1d6+4,2.0,A
5527,41,15,7,3,1d12+4,1d8+4,45,14,7,4,1d8+4,1d8+4,1.0,B
5528,38,14,7,3,1d12+4,1d8+4,33,16,7,5,1d12+4,1d6+4,7.0,B
5529,35,17,7,5,1d8+4,1d6+4,34,15,7,4,1d10+4,1d6+4,0.0,A
5530,43,16,7,3,1d8+4,1d8+4,35,16,7,5,1d12+4,1d8+4,3.0,B
5531,47,16,7,5,1d12+4,1d8+4,50,14,7,3,1d10+4,1d8+4,10.0,B
5532,49,14,7,3,1d12+4,1d6+4,33,14,7,3,1d12+4,1d6+4,8.0,A
5533,40,14,7,3,1d12+4,1d6+4,46,14,7,3,1d8+4,1d6+4,9.0,A
5534,46,15,7,4,1d8+4,1d6+4,37,18,7,3,1d10+4,1d6+4,10.0,A
5535,33,18,7,5,1d10+4,1d6+4,36,15,7,5,1d12+4,1d8+4,10.0,A
5536,32,17,7,3,1d10+4,1d6+4,43,15,7,4,1d10+4,1d8+4,8.0,B
5537,44,15,7,3,1d12+4,1d8+4,42,18,7,4,1d10+4,1d6+4,10.0,B
5538,41,18,7,4,1d12+4,1d6+4,48,14,7,5,1d10+4,1d8+4,8.0,A
5539,30,17,7,5,1d10+4,1d6+4,37,16,7,4,1d8+4,1d6+4,5.0,A
5540,49,15,7,3,1d10+4,1d6+4,48,17,7,3,1d12+4,1d8+4,7.0,B
5541,33,15,7,4,1d10+4,1d6+4,41,15,7,4,1d12+4,1d6+4,8.0,B
5542,46,15,7,3,1d10+4,1d8+4,46,14,7,5,1d10+4,1d8+4,3.0,A
5543,47,15,7,5,1d12+4,1d8+4,34,16,7,5,1d10+4,1d6+4,4.0,B
5544,40,18,7,3,1d8+4,1d8+4,48,14,7,4,1d8+4,1d8+4,7.0,A
5545,50,18,7,4,1d12+4,1d6+4,34,15,7,3,1d8+4,1d6+4,4.0,A
5546,49,18,7,3,1d10+4,1d6+4,34,16,7,5,1d8+4,1d6+4,9.0,A
5547,36,14,7,5,1d8+4,1d6+4,30,17,7,5,1d8+4,1d8+4,2.0,A
5548,45,16,7,5,1d12+4,1d6+4,31,17,7,4,1d8+4,1d6+4,1.0,A
5549,37,17,7,4,1d8+4,1d6+4,40,17,7,4,1d8+4,1d8+4,10.0,B
5550,30,14,7,4,1d8+4,1d8+4,49,17,7,4,1d8+4,1d8+4,4.0,B
5551,35,18,7,3,1d8+4,1d6+4,41,15,7,3,1d8+4,1d6+4,3.0,A
5552,31,14,7,4,1d12+4,1d8+4,47,17,7,3,1d10+4,1d8+4,4.0,B
5553,46,15,7,5,1d10+4,1d8+4,38,16,7,5,1d8+4,1d8+4,7.0,A
5554,48,15,7,4,1d10+4,1d8+4,50,18,7,3,1d10+4,1d8+4,9.0,B
5555,30,16,7,3,1d8+4,1d8+4,31,14,7,3,1d8+4,1d6+4,5.0,B
5556,40,17,7,4,1d8+4,1d8+4,43,18,7,5,1d8+4,1d8+4,10.0,B
5557,38,14,7,5,1d12+4,1d6+4,37,14,7,3,1d12+4,1d8+4,1.0,A
5558,46,15,7,4,1d8+4,1d6+4,37,17,7,4,1d8+4,1d8+4,3.0,B
5559,32,14,7,5,1d12+4,1d8+4,42,18,7,3,1d8+4,1d6+4,5.0,B
5560,37,14,7,4,1d12+4,1d6+4,30,16,7,3,1d10+4,1d8+4,0.0,A
5561,44,16,7,4,1d12+4,1d8+4,32,16,7,3,1d12+4,1d8+4,5.0,B
5562,37,16,7,4,1d10+4,1d6+4,46,16,7,4,1d10+4,1d8+4,0.0,B
5563,34,16,7,5,1d8+4,1d6+4,36,14,7,4,1d8+4,1d8+4,4.0,B
5564,48,17,7,4,1d12+4,1d8+4,43,18,7,5,1d10+4,1d8+4,7.0,A
5565,50,18,7,5,1d12+4,1d8+4,47,14,7,5,1d12+4,1d8+4,4.0,A
5566,31,16,7,3,1d10+4,1d8+4,48,18,7,5,1d12+4,1d6+4,3.0,B
5567,32,16,7,5,1d10+4,1d8+4,47,16,7,5,1d8+4,1d6+4,5.0,B
5568,34,16,7,5,1d8+4,1d8+4,41,14,7,4,1d8+4,1d6+4,10.0,B
5569,34,18,7,4,1d10+4,1d8+4,47,15,7,5,1d12+4,1d6+4,8.0,B
5570,50,14,7,4,1d10+4,1d6+4,39,14,7,5,1d12+4,1d8+4,2.0,A
5571,44,15,7,5,1d10+4,1d8+4,40,14,7,5,1d12+4,1d6+4,9.0,A
5572,48,18,7,5,1d12+4,1d8+4,40,17,7,4,1d12+4,1d6+4,10.0,A
5573,32,15,7,5,1d12+4,1d6+4,38,16,7,4,1d10+4,1d6+4,6.0,A
5574,36,15,7,4,1d10+4,1d8+4,34,16,7,3,1d8+4,1d8+4,9.0,A
5575,50,14,7,3,1d12+4,1d8+4,44,16,7,5,1d8+4,1d6+4,1.0,B
5576,34,16,7,3,1d12+4,1d8+4,34,15,7,4,1d10+4,1d6+4,9.0,A
5577,31,14,7,4,1d12+4,1d8+4,34,16,7,3,1d12+4,1d6+4,7.0,B
5578,32,18,7,3,1d10+4,1d6+4,37,17,7,5,1d12+4,1d8+4,8.0,B
5579,31,15,7,4,1d8+4,1d6+4,46,14,7,3,1d8+4,1d8+4,5.0,B
5580,46,17,7,3,1d12+4,1d8+4,36,17,7,4,1d10+4,1d6+4,3.0,A
5581,39,16,7,5,1d10+4,1d6+4,31,16,7,5,1d10+4,1d6+4,10.0,A
5582,44,14,7,4,1d12+4,1d8+4,46,17,7,5,1d12+4,1d6+4,0.0,A
5583,35,17,7,5,1d8+4,1d8+4,41,16,7,4,1d12+4,1d6+4,6.0,B
5584,43,14,7,4,1d8+4,1d8+4,46,17,7,5,1d8+4,1d6+4,0.0,A
5585,43,18,7,5,1d12+4,1d6+4,38,14,7,5,1d8+4,1d6+4,3.0,B
5586,33,14,7,3,1d10+4,1d6+4,36,14,7,4,1d8+4,1d6+4,2.0,B
5587,47,16,7,5,1d10+4,1d8+4,43,17,7,3,1d10+4,1d8+4,6.0,A
5588,34,17,7,3,1d8+4,1d8+4,50,14,7,3,1d10+4,1d6+4,2.0,B
5589,36,18,7,4,1d12+4,1d8+4,42,17,7,4,1d10+4,1d6+4,4.0,B
5590,36,14,7,4,1d8+4,1d6+4,38,16,7,4,1d10+4,1d6+4,2.0,A
5591,30,18,7,3,1d10+4,1d8+4,45,16,7,3,1d8+4,1d8+4,6.0,A
5592,44,14,7,4,1d12+4,1d8+4,33,14,7,3,1d10+4,1d6+4,6.0,A
5593,50,17,7,5,1d8+4,1d6+4,44,15,7,4,1d10+4,1d6+4,5.0,A
5594,43,18,7,4,1d8+4,1d8+4,43,15,7,5,1d8+4,1d6+4,7.0,A
5595,30,15,7,5,1d8+4,1d8+4,38,15,7,5,1d8+4,1d6+4,2.0,A
5596,45,15,7,3,1d10+4,1d8+4,48,18,7,3,1d12+4,1d6+4,1.0,B
5597,34,14,7,3,1d10+4,1d6+4,38,16,7,4,1d12+4,1d8+4,7.0,B
5598,33,16,7,4,1d8+4,1d6+4,33,15,7,3,1d10+4,1d6+4,6.0,B
5599,32,15,7,5,1d10+4,1d8+4,46,18,7,3,1d10+4,1d8+4,2.0,A
5600,31,16,7,4,1d10+4,1d8+4,35,16,7,4,1d12+4,1d6+4,0.0,B
5601,50,17,7,4,1d8+4,1d6+4,32,18,7,3,1d8+4,1d8+4,1.0,A
5602,32,16,7,3,1d10+4,1d6+4,43,16,7,5,1d8+4,1d8+4,1.0,B
5603,35,18,7,5,1d12+4,1d8+4,35,18,7,3,1d8+4,1d8+4,5.0,B
5604,43,15,7,5,1d8+4,1d6+4,41,15,7,5,1d10+4,1d8+4,9.0,B
5605,31,18,7,5,1d10+4,1d6+4,46,14,7,5,1d10+4,1d8+4,7.0,A
5606,42,18,7,3,1d10+4,1d6+4,41,15,7,4,1d8+4,1d8+4,8.0,B
5607,38,16,7,5,1d12+4,1d6+4,31,17,7,3,1d10+4,1d8+4,1.0,A
5608,36,18,7,3,1d12+4,1d8+4,34,14,7,3,1d8+4,1d8+4,0.0,B
5609,34,15,7,4,1d10+4,1d8+4,49,16,7,5,1d8+4,1d6+4,3.0,B
5610,49,15,7,3,1d10+4,1d8+4,42,14,7,3,1d8+4,1d6+4,10.0,A
5611,49,14,7,5,1d12+4,1d6+4,41,16,7,5,1d8+4,1d8+4,0.0,A
5612,35,15,7,5,1d10+4,1d6+4,42,16,7,3,1d10+4,1d6+4,3.0,A
5613,37,15,7,4,1d8+4,1d8+4,49,16,7,4,1d12+4,1d6+4,7.0,B
5614,31,17,7,5,1d12+4,1d6+4,34,16,7,4,1d10+4,1d6+4,2.0,A
5615,39,15,7,4,1d8+4,1d6+4,50,15,7,5,1d10+4,1d6+4,9.0,A
5616,35,17,7,4,1d8+4,1d8+4,30,18,7,4,1d8+4,1d8+4,0.0,A
5617,31,18,7,4,1d8+4,1d8+4,46,15,7,5,1d10+4,1d6+4,4.0,A
5618,42,14,7,5,1d12+4,1d8+4,43,17,7,3,1d8+4,1d8+4,1.0,B
5619,47,16,7,5,1d10+4,1d6+4,48,18,7,5,1d10+4,1d6+4,9.0,A
5620,39,18,7,3,1d8+4,1d6+4,33,18,7,4,1d12+4,1d6+4,6.0,A
5621,50,17,7,4,1d8+4,1d8+4,33,17,7,3,1d12+4,1d6+4,8.0,A
5622,41,15,7,3,1d8+4,1d6+4,38,17,7,5,1d10+4,1d6+4,7.0,B
5623,33,18,7,3,1d12+4,1d8+4,39,18,7,3,1d12+4,1d8+4,5.0,B
5624,31,18,7,3,1d8+4,1d6+4,44,15,7,3,1d12+4,1d8+4,7.0,A
5625,33,15,7,5,1d12+4,1d6+4,40,16,7,4,1d8+4,1d8+4,2.0,A
5626,37,16,7,3,1d8+4,1d6+4,40,17,7,5,1d12+4,1d8+4,3.0,A
5627,32,14,7,3,1d12+4,1d6+4,49,14,7,3,1d8+4,1d8+4,4.0,A
5628,35,18,7,4,1d12+4,1d6+4,45,18,7,3,1d10+4,1d6+4,1.0,A
5629,43,18,7,5,1d8+4,1d8+4,35,18,7,4,1d12+4,1d6+4,5.0,A
5630,33,15,7,5,1d10+4,1d6+4,48,18,7,4,1d8+4,1d6+4,2.0,B
5631,50,14,7,5,1d10+4,1d6+4,45,18,7,5,1d12+4,1d8+4,6.0,A
5632,34,18,7,3,1d8+4,1d8+4,38,16,7,5,1d12+4,1d8+4,1.0,B
5633,47,16,7,3,1d8+4,1d8+4,34,16,7,4,1d8+4,1d8+4,6.0,B
5634,34,15,7,5,1d8+4,1d6+4,34,18,7,3,1d8+4,1d6+4,2.0,A
5635,36,16,7,4,1d8+4,1d8+4,48,16,7,4,1d8+4,1d8+4,2.0,A
5636,42,15,7,4,1d8+4,1d6+4,40,14,7,3,1d10+4,1d8+4,2.0,A
5637,42,15,7,3,1d12+4,1d6+4,35,15,7,4,1d10+4,1d8+4,1.0,A
5638,38,18,7,3,1d12+4,1d8+4,50,15,7,5,1d12+4,1d6+4,10.0,B
5639,35,17,7,4,1d10+4,1d8+4,37,15,7,3,1d8+4,1d8+4,3.0,A
5640,48,14,7,4,1d8+4,1d6+4,43,16,7,5,1d12+4,1d8+4,5.0,B
5641,50,18,7,4,1d12+4,1d8+4,42,15,7,5,1d12+4,1d8+4,10.0,B
5642,40,14,7,4,1d8+4,1d6+4,34,14,7,5,1d8+4,1d6+4,10.0,A
5643,44,18,7,4,1d10+4,1d8+4,45,17,7,3,1d12+4,1d6+4,0.0,B
5644,48,17,7,5,1d10+4,1d8+4,44,15,7,5,1d8+4,1d6+4,10.0,A
5645,32,17,7,4,1d12+4,1d6+4,44,15,7,5,1d8+4,1d8+4,0.0,B
5646,50,17,7,3,1d8+4,1d8+4,47,14,7,5,1d8+4,1d6+4,7.0,B
5647,35,16,7,5,1d10+4,1d8+4,47,17,7,5,1d8+4,1d8+4,10.0,B
5648,45,14,7,5,1d10+4,1d6+4,49,18,7,5,1d8+4,1d8+4,4.0,A
5649,36,15,7,3,1d10+4,1d8+4,36,16,7,4,1d10+4,1d8+4,7.0,A
5650,38,15,7,5,1d10+4,1d8+4,50,15,7,4,1d8+4,1d6+4,2.0,B
5651,30,17,7,3,1d12+4,1d8+4,44,16,7,3,1d12+4,1d6+4,8.0,A
5652,50,17,7,3,1d10+4,1d8+4,38,15,7,3,1d8+4,1d6+4,3.0,A
5653,30,15,7,4,1d12+4,1d6+4,32,17,7,4,1d10+4,1d8+4,2.0,A
5654,33,16,7,4,1d10+4,1d6+4,40,17,7,4,1d12+4,1d8+4,8.0,B
5655,35,17,7,3,1d10+4,1d6+4,42,17,7,3,1d10+4,1d8+4,9.0,B
5656,46,17,7,3,1d12+4,1d8+4,50,18,7,4,1d10+4,1d6+4,4.0,A
5657,35,17,7,4,1d10+4,1d6+4,49,18,7,5,1d12+4,1d6+4,10.0,B
5658,48,18,7,3,1d10+4,1d6+4,44,15,7,4,1d12+4,1d8+4,6.0,B
5659,36,17,7,5,1d10+4,1d8+4,48,16,7,3,1d8+4,1d8+4,5.0,B
5660,44,15,7,4,1d10+4,1d8+4,30,15,7,5,1d10+4,1d8+4,1.0,A
5661,44,16,7,3,1d10+4,1d8+4,36,17,7,3,1d12+4,1d8+4,3.0,B
5662,47,14,7,4,1d10+4,1d8+4,48,18,7,3,1d10+4,1d8+4,5.0,B
5663,48,16,7,5,1d8+4,1d6+4,30,16,7,4,1d12+4,1d8+4,8.0,B
5664,33,18,7,3,1d8+4,1d8+4,42,15,7,4,1d8+4,1d8+4,3.0,A
5665,41,14,7,5,1d12+4,1d6+4,32,18,7,4,1d10+4,1d8+4,7.0,B
5666,32,14,7,5,1d8+4,1d6+4,44,16,7,5,1d12+4,1d6+4,3.0,B
5667,48,18,7,3,1d10+4,1d8+4,38,15,7,4,1d10+4,1d6+4,4.0,A
5668,39,16,7,3,1d8+4,1d8+4,34,15,7,4,1d10+4,1d8+4,8.0,A
5669,46,15,7,5,1d10+4,1d6+4,44,16,7,4,1d12+4,1d8+4,10.0,B
5670,34,17,7,4,1d10+4,1d6+4,37,17,7,3,1d8+4,1d8+4,8.0,B
5671,36,15,7,3,1d12+4,1d6+4,42,17,7,4,1d8+4,1d6+4,0.0,B
5672,32,17,7,5,1d8+4,1d6+4,32,17,7,5,1d8+4,1d8+4,0.0,A
5673,41,15,7,5,1d12+4,1d6+4,36,17,7,4,1d10+4,1d8+4,5.0,B
5674,38,17,7,3,1d12+4,1d8+4,37,16,7,4,1d12+4,1d6+4,10.0,A
5675,30,15,7,5,1d8+4,1d6+4,40,16,7,4,1d8+4,1d6+4,9.0,A
5676,39,14,7,5,1d12+4,1d6+4,31,16,7,3,1d8+4,1d8+4,10.0,A
5677,37,15,7,5,1d10+4,1d8+4,38,14,7,5,1d8+4,1d8+4,7.0,A
5678,39,18,7,5,1d10+4,1d6+4,47,17,7,4,1d10+4,1d8+4,10.0,B
5679,47,15,7,5,1d12+4,1d6+4,33,16,7,4,1d12+4,1d6+4,7.0,B
5680,36,14,7,3,1d8+4,1d6+4,46,18,7,5,1d8+4,1d8+4,5.0,B
5681,50,16,7,3,1d12+4,1d6+4,43,15,7,3,1d10+4,1d8+4,8.0,A
5682,44,17,7,5,1d12+4,1d8+4,36,18,7,3,1d12+4,1d8+4,5.0,A
5683,44,17,7,5,1d12+4,1d6+4,49,17,7,4,1d12+4,1d6+4,9.0,A
5684,38,16,7,4,1d8+4,1d8+4,40,14,7,4,1d10+4,1d6+4,2.0,A
5685,31,17,7,5,1d10+4,1d6+4,37,18,7,3,1d10+4,1d6+4,8.0,B
5686,41,14,7,5,1d8+4,1d6+4,31,14,7,4,1d12+4,1d8+4,5.0,A
5687,31,14,7,4,1d12+4,1d8+4,33,14,7,3,1d8+4,1d8+4,5.0,A
5688,36,16,7,4,1d12+4,1d6+4,48,15,7,3,1d8+4,1d8+4,0.0,B
5689,30,14,7,4,1d8+4,1d8+4,32,14,7,4,1d8+4,1d6+4,6.0,B
5690,36,17,7,4,1d12+4,1d8+4,47,14,7,4,1d12+4,1d6+4,6.0,A
5691,50,18,7,5,1d10+4,1d8+4,47,14,7,5,1d10+4,1d6+4,10.0,A
5692,35,15,7,5,1d8+4,1d6+4,43,18,7,5,1d10+4,1d6+4,3.0,B
5693,35,17,7,3,1d12+4,1d8+4,32,17,7,3,1d10+4,1d6+4,2.0,B
5694,31,18,7,4,1d12+4,1d8+4,41,17,7,4,1d10+4,1d6+4,7.0,B
5695,44,15,7,3,1d8+4,1d8+4,33,14,7,5,1d12+4,1d8+4,9.0,A
5696,36,17,7,5,1d10+4,1d6+4,41,14,7,4,1d8+4,1d8+4,3.0,A
5697,45,18,7,4,1d12+4,1d6+4,32,18,7,5,1d8+4,1d8+4,5.0,A
5698,46,15,7,5,1d10+4,1d6+4,49,16,7,4,1d12+4,1d6+4,7.0,A
5699,50,18,7,3,1d10+4,1d6+4,41,18,7,5,1d8+4,1d8+4,7.0,A
5700,33,18,7,4,1d10+4,1d8+4,45,16,7,3,1d8+4,1d6+4,8.0,B
5701,46,15,7,4,1d12+4,1d6+4,37,17,7,5,1d10+4,1d8+4,0.0,A
5702,31,15,7,5,1d12+4,1d8+4,39,15,7,4,1d10+4,1d6+4,2.0,B
5703,41,18,7,5,1d12+4,1d6+4,49,18,7,4,1d8+4,1d6+4,7.0,A
5704,49,14,7,5,1d10+4,1d6+4,41,15,7,5,1d8+4,1d8+4,10.0,B
5705,36,18,7,4,1d12+4,1d8+4,30,16,7,5,1d8+4,1d6+4,0.0,A
5706,49,15,7,3,1d10+4,1d8+4,32,16,7,3,1d10+4,1d6+4,2.0,B
5707,44,14,7,3,1d10+4,1d8+4,50,14,7,4,1d8+4,1d8+4,8.0,B
5708,42,15,7,3,1d8+4,1d6+4,42,14,7,5,1d12+4,1d6+4,4.0,A
5709,41,16,7,3,1d12+4,1d8+4,44,15,7,3,1d10+4,1d8+4,2.0,A
5710,38,14,7,3,1d10+4,1d6+4,36,15,7,4,1d12+4,1d6+4,7.0,A
5711,46,16,7,5,1d10+4,1d6+4,32,14,7,5,1d10+4,1d6+4,3.0,A
5712,42,15,7,4,1d10+4,1d6+4,32,14,7,5,1d12+4,1d8+4,1.0,A
5713,30,14,7,5,1d10+4,1d8+4,37,18,7,4,1d8+4,1d6+4,1.0,A
5714,39,17,7,3,1d8+4,1d6+4,32,14,7,5,1d10+4,1d8+4,10.0,A
5715,48,14,7,3,1d10+4,1d8+4,42,17,7,4,1d8+4,1d8+4,9.0,A
5716,36,18,7,4,1d12+4,1d8+4,35,15,7,3,1d10+4,1d6+4,5.0,A
5717,43,17,7,4,1d12+4,1d8+4,30,14,7,5,1d12+4,1d6+4,7.0,B
5718,33,16,7,3,1d8+4,1d8+4,42,16,7,3,1d8+4,1d8+4,0.0,A
5719,50,14,7,4,1d12+4,1d8+4,41,15,7,5,1d10+4,1d6+4,2.0,A
5720,48,17,7,4,1d8+4,1d6+4,48,18,7,5,1d8+4,1d8+4,2.0,A
5721,36,18,7,5,1d8+4,1d8+4,49,16,7,5,1d12+4,1d8+4,3.0,B
5722,46,15,7,3,1d8+4,1d8+4,30,18,7,5,1d12+4,1d8+4,9.0,B
5723,43,15,7,3,1d10+4,1d6+4,32,18,7,4,1d8+4,1d8+4,2.0,A
5724,50,14,7,5,1d10+4,1d6+4,42,15,7,4,1d10+4,1d6+4,3.0,A
5725,33,17,7,3,1d12+4,1d8+4,48,16,7,4,1d8+4,1d8+4,2.0,B
5726,41,18,7,4,1d12+4,1d6+4,33,16,7,5,1d12+4,1d8+4,3.0,A
5727,34,17,7,5,1d10+4,1d8+4,32,18,7,5,1d10+4,1d6+4,9.0,B
5728,31,14,7,4,1d8+4,1d8+4,40,17,7,5,1d8+4,1d8+4,1.0,B
5729,50,18,7,5,1d10+4,1d6+4,47,17,7,3,1d12+4,1d6+4,6.0,B
5730,37,18,7,4,1d10+4,1d6+4,47,15,7,4,1d12+4,1d6+4,3.0,B
5731,34,14,7,4,1d12+4,1d8+4,35,15,7,5,1d8+4,1d8+4,10.0,A
5732,43,16,7,5,1d12+4,1d8+4,42,18,7,3,1d10+4,1d8+4,0.0,B
5733,42,15,7,4,1d8+4,1d6+4,41,16,7,5,1d8+4,1d6+4,9.0,B
5734,47,16,7,5,1d10+4,1d8+4,38,14,7,5,1d8+4,1d6+4,0.0,A
5735,50,14,7,3,1d8+4,1d6+4,42,14,7,4,1d12+4,1d6+4,6.0,B
5736,35,14,7,3,1d12+4,1d8+4,46,15,7,3,1d8+4,1d6+4,3.0,B
5737,45,18,7,3,1d8+4,1d8+4,41,16,7,5,1d12+4,1d6+4,3.0,A
5738,42,14,7,3,1d12+4,1d8+4,43,14,7,3,1d12+4,1d6+4,6.0,A
5739,35,18,7,3,1d12+4,1d8+4,39,18,7,3,1d12+4,1d8+4,1.0,B
5740,44,15,7,3,1d12+4,1d8+4,32,15,7,5,1d10+4,1d6+4,2.0,A
5741,32,14,7,5,1d8+4,1d8+4,36,17,7,5,1d12+4,1d6+4,2.0,B
5742,30,15,7,4,1d10+4,1d8+4,39,15,7,3,1d12+4,1d8+4,2.0,B
5743,46,18,7,4,1d12+4,1d8+4,31,18,7,3,1d12+4,1d6+4,7.0,B
5744,44,17,7,4,1d10+4,1d6+4,42,17,7,3,1d12+4,1d6+4,0.0,B
5745,43,14,7,4,1d8+4,1d6+4,43,16,7,3,1d10+4,1d6+4,5.0,B
5746,41,16,7,5,1d10+4,1d6+4,42,16,7,4,1d8+4,1d6+4,2.0,A
5747,39,18,7,5,1d12+4,1d8+4,49,16,7,5,1d8+4,1d8+4,4.0,A
5748,41,15,7,3,1d8+4,1d6+4,32,14,7,5,1d8+4,1d6+4,7.0,A
5749,44,14,7,4,1d10+4,1d8+4,39,18,7,5,1d12+4,1d8+4,8.0,A
5750,46,16,7,5,1d8+4,1d8+4,38,14,7,4,1d8+4,1d6+4,2.0,A
5751,38,16,7,5,1d12+4,1d6+4,43,14,7,5,1d10+4,1d6+4,9.0,A
5752,49,15,7,5,1d12+4,1d6+4,31,15,7,4,1d8+4,1d8+4,9.0,A
5753,48,17,7,5,1d8+4,1d6+4,37,16,7,5,1d10+4,1d6+4,2.0,A
5754,35,15,7,4,1d12+4,1d6+4,30,18,7,4,1d10+4,1d6+4,3.0,B
5755,36,14,7,4,1d8+4,1d8+4,39,18,7,5,1d8+4,1d8+4,6.0,A
5756,37,14,7,4,1d12+4,1d6+4,36,14,7,5,1d10+4,1d8+4,6.0,B
5757,44,16,7,3,1d12+4,1d6+4,40,14,7,5,1d10+4,1d8+4,7.0,A
5758,35,18,7,5,1d12+4,1d6+4,41,18,7,3,1d10+4,1d6+4,1.0,A
5759,50,14,7,4,1d10+4,1d6+4,47,16,7,3,1d10+4,1d6+4,3.0,B
5760,34,14,7,5,1d12+4,1d6+4,48,16,7,3,1d8+4,1d8+4,9.0,A
5761,30,14,7,5,1d10+4,1d6+4,40,16,7,4,1d8+4,1d8+4,7.0,A
5762,37,16,7,4,1d8+4,1d8+4,50,14,7,3,1d10+4,1d6+4,0.0,B
5763,48,14,7,3,1d12+4,1d8+4,34,15,7,5,1d12+4,1d6+4,2.0,A
5764,30,15,7,3,1d12+4,1d6+4,33,16,7,5,1d8+4,1d8+4,8.0,A
5765,47,18,7,3,1d8+4,1d8+4,38,17,7,5,1d8+4,1d6+4,4.0,B
5766,32,16,7,3,1d8+4,1d6+4,36,14,7,4,1d8+4,1d8+4,0.0,B
5767,32,15,7,3,1d12+4,1d8+4,37,18,7,4,1d8+4,1d8+4,8.0,B
5768,42,16,7,5,1d12+4,1d6+4,34,16,7,5,1d12+4,1d6+4,9.0,B
5769,37,18,7,3,1d12+4,1d6+4,32,14,7,4,1d8+4,1d6+4,8.0,A
5770,47,16,7,3,1d8+4,1d6+4,31,16,7,3,1d8+4,1d6+4,4.0,B
5771,42,15,7,4,1d12+4,1d6+4,34,15,7,5,1d10+4,1d6+4,1.0,A
5772,48,16,7,3,1d12+4,1d8+4,33,16,7,4,1d10+4,1d8+4,5.0,A
5773,32,17,7,3,1d12+4,1d8+4,44,18,7,3,1d8+4,1d8+4,7.0,A
5774,30,15,7,4,1d8+4,1d8+4,46,15,7,4,1d8+4,1d8+4,0.0,B
5775,45,17,7,3,1d8+4,1d6+4,35,14,7,4,1d10+4,1d6+4,1.0,A
5776,44,14,7,5,1d10+4,1d6+4,50,17,7,4,1d10+4,1d6+4,5.0,B
5777,45,14,7,4,1d8+4,1d6+4,36,14,7,5,1d8+4,1d8+4,6.0,A
5778,44,14,7,3,1d8+4,1d8+4,46,17,7,4,1d10+4,1d8+4,9.0,B
5779,34,16,7,5,1d10+4,1d6+4,38,17,7,4,1d12+4,1d8+4,7.0,B
5780,49,18,7,4,1d8+4,1d8+4,44,16,7,5,1d8+4,1d6+4,7.0,A
5781,40,14,7,3,1d8+4,1d6+4,36,16,7,4,1d12+4,1d8+4,5.0,A
5782,31,18,7,4,1d8+4,1d8+4,43,16,7,4,1d12+4,1d8+4,5.0,B
5783,30,17,7,4,1d12+4,1d6+4,33,18,7,5,1d12+4,1d6+4,6.0,A
5784,34,14,7,5,1d10+4,1d8+4,30,18,7,3,1d10+4,1d8+4,8.0,A
5785,48,18,7,4,1d10+4,1d6+4,44,17,7,3,1d12+4,1d6+4,1.0,A
5786,32,18,7,3,1d8+4,1d8+4,34,14,7,4,1d12+4,1d6+4,1.0,B
5787,49,15,7,5,1d12+4,1d6+4,46,18,7,3,1d12+4,1d8+4,4.0,A
5788,40,15,7,5,1d8+4,1d6+4,39,15,7,5,1d12+4,1d6+4,2.0,A
5789,38,16,7,3,1d10+4,1d6+4,45,17,7,3,1d10+4,1d8+4,6.0,B
5790,47,14,7,3,1d12+4,1d6+4,33,17,7,4,1d10+4,1d8+4,1.0,A
5791,46,14,7,3,1d12+4,1d8+4,48,14,7,3,1d12+4,1d6+4,2.0,A
5792,45,14,7,5,1d10+4,1d6+4,47,15,7,3,1d12+4,1d6+4,0.0,B
5793,35,15,7,3,1d12+4,1d8+4,40,14,7,5,1d8+4,1d8+4,2.0,A
5794,47,14,7,4,1d8+4,1d6+4,40,16,7,3,1d12+4,1d8+4,8.0,A
5795,48,14,7,3,1d10+4,1d6+4,44,16,7,4,1d10+4,1d8+4,1.0,B
5796,31,18,7,3,1d12+4,1d8+4,35,15,7,4,1d12+4,1d6+4,1.0,A
5797,44,16,7,5,1d12+4,1d6+4,39,17,7,5,1d12+4,1d6+4,1.0,A
5798,31,17,7,5,1d10+4,1d8+4,38,17,7,4,1d8+4,1d6+4,6.0,A
5799,30,14,7,5,1d10+4,1d8+4,47,16,7,4,1d8+4,1d6+4,9.0,A
5800,48,15,7,4,1d12+4,1d6+4,34,18,7,3,1d12+4,1d6+4,9.0,B
5801,40,16,7,4,1d10+4,1d8+4,50,18,7,4,1d12+4,1d8+4,9.0,B
5802,47,17,7,4,1d8+4,1d8+4,48,18,7,4,1d8+4,1d8+4,2.0,B
5803,42,14,7,4,1d8+4,1d8+4,34,15,7,5,1d8+4,1d8+4,8.0,A
5804,33,14,7,4,1d12+4,1d6+4,36,18,7,3,1d10+4,1d6+4,10.0,B
5805,47,14,7,4,1d10+4,1d6+4,45,18,7,4,1d8+4,1d6+4,5.0,B
5806,38,18,7,5,1d8+4,1d6+4,35,16,7,3,1d10+4,1d8+4,7.0,B
5807,47,18,7,5,1d10+4,1d6+4,41,17,7,5,1d8+4,1d8+4,10.0,A
5808,31,17,7,5,1d10+4,1d8+4,30,18,7,4,1d8+4,1d6+4,8.0,B
5809,47,15,7,3,1d10+4,1d6+4,43,16,7,4,1d8+4,1d8+4,6.0,B
5810,45,17,7,3,1d10+4,1d6+4,33,18,7,4,1d12+4,1d6+4,3.0,B
5811,30,15,7,3,1d8+4,1d6+4,35,18,7,3,1d12+4,1d6+4,5.0,B
5812,37,17,7,5,1d8+4,1d6+4,47,17,7,4,1d10+4,1d8+4,4.0,B
5813,33,14,7,3,1d12+4,1d6+4,41,17,7,5,1d12+4,1d8+4,6.0,A
5814,41,18,7,5,1d12+4,1d8+4,49,18,7,5,1d8+4,1d6+4,1.0,A
5815,46,18,7,5,1d10+4,1d6+4,40,14,7,4,1d12+4,1d8+4,2.0,B
5816,45,16,7,5,1d8+4,1d6+4,40,15,7,4,1d10+4,1d6+4,1.0,A
5817,44,14,7,4,1d10+4,1d6+4,40,15,7,4,1d8+4,1d8+4,6.0,A
5818,33,14,7,4,1d8+4,1d8+4,46,15,7,4,1d12+4,1d8+4,2.0,B
5819,33,17,7,4,1d12+4,1d8+4,48,18,7,5,1d10+4,1d6+4,0.0,B
5820,49,18,7,4,1d8+4,1d8+4,32,16,7,5,1d10+4,1d6+4,2.0,A
5821,39,15,7,5,1d8+4,1d6+4,37,17,7,3,1d8+4,1d8+4,2.0,A
5822,39,18,7,4,1d10+4,1d8+4,34,17,7,3,1d12+4,1d6+4,0.0,A
5823,41,17,7,5,1d10+4,1d6+4,34,14,7,3,1d10+4,1d8+4,9.0,B
5824,37,15,7,4,1d8+4,1d8+4,38,17,7,3,1d12+4,1d6+4,2.0,A
5825,40,17,7,4,1d10+4,1d8+4,30,17,7,3,1d8+4,1d6+4,4.0,A
5826,31,17,7,5,1d12+4,1d6+4,36,17,7,4,1d8+4,1d8+4,2.0,A
5827,35,14,7,3,1d12+4,1d6+4,44,16,7,3,1d12+4,1d8+4,8.0,B
5828,45,14,7,3,1d10+4,1d8+4,43,14,7,4,1d12+4,1d8+4,4.0,A
5829,32,16,7,4,1d10+4,1d6+4,33,18,7,5,1d12+4,1d6+4,4.0,A
5830,46,15,7,3,1d10+4,1d8+4,39,16,7,3,1d12+4,1d6+4,10.0,A
5831,30,16,7,4,1d12+4,1d8+4,48,15,7,4,1d12+4,1d6+4,7.0,B
5832,31,17,7,5,1d12+4,1d6+4,39,14,7,3,1d10+4,1d8+4,4.0,B
5833,44,14,7,4,1d8+4,1d8+4,40,15,7,5,1d8+4,1d8+4,6.0,B
5834,39,16,7,5,1d12+4,1d6+4,38,16,7,5,1d10+4,1d8+4,3.0,A
5835,34,17,7,3,1d8+4,1d8+4,33,14,7,3,1d10+4,1d6+4,8.0,A
5836,47,17,7,5,1d8+4,1d6+4,42,18,7,3,1d10+4,1d8+4,2.0,A
5837,32,14,7,3,1d12+4,1d6+4,38,16,7,5,1d8+4,1d6+4,8.0,A
5838,36,18,7,4,1d8+4,1d8+4,47,14,7,3,1d10+4,1d8+4,8.0,A
5839,32,14,7,5,1d8+4,1d6+4,41,15,7,4,1d8+4,1d6+4,0.0,A
5840,44,14,7,3,1d12+4,1d8+4,34,17,7,3,1d8+4,1d8+4,2.0,A
5841,36,16,7,3,1d12+4,1d8+4,44,15,7,5,1d12+4,1d8+4,4.0,A
5842,45,16,7,5,1d10+4,1d6+4,45,17,7,5,1d8+4,1d8+4,9.0,B
5843,38,15,7,3,1d8+4,1d8+4,43,16,7,3,1d12+4,1d6+4,4.0,B
5844,45,17,7,4,1d12+4,1d6+4,37,18,7,3,1d10+4,1d6+4,7.0,B
5845,40,16,7,4,1d8+4,1d6+4,36,15,7,5,1d8+4,1d6+4,0.0,A
5846,46,14,7,3,1d12+4,1d6+4,33,17,7,4,1d10+4,1d6+4,2.0,B
5847,30,16,7,3,1d8+4,1d6+4,33,14,7,3,1d12+4,1d8+4,3.0,B
5848,38,18,7,5,1d8+4,1d6+4,32,16,7,5,1d12+4,1d8+4,0.0,A
5849,46,18,7,4,1d8+4,1d6+4,41,15,7,5,1d8+4,1d6+4,8.0,A
5850,46,14,7,5,1d8+4,1d6+4,35,15,7,3,1d8+4,1d6+4,2.0,A
5851,31,17,7,4,1d12+4,1d8+4,32,14,7,5,1d10+4,1d6+4,8.0,A
5852,35,15,7,4,1d12+4,1d8+4,36,18,7,4,1d12+4,1d6+4,7.0,A
5853,31,17,7,5,1d10+4,1d6+4,35,16,7,4,1d10+4,1d6+4,8.0,B
5854,43,14,7,5,1d12+4,1d6+4,50,16,7,4,1d8+4,1d8+4,10.0,A
5855,43,17,7,3,1d12+4,1d6+4,42,14,7,5,1d8+4,1d6+4,0.0,A
5856,42,15,7,4,1d8+4,1d6+4,48,17,7,3,1d8+4,1d8+4,9.0,B
5857,36,16,7,4,1d8+4,1d8+4,32,17,7,4,1d8+4,1d8+4,4.0,A
5858,36,15,7,5,1d8+4,1d8+4,33,17,7,4,1d12+4,1d8+4,10.0,B
5859,42,18,7,4,1d12+4,1d8+4,30,14,7,4,1d12+4,1d6+4,1.0,A
5860,42,14,7,4,1d12+4,1d8+4,44,16,7,5,1d10+4,1d8+4,10.0,B
5861,47,15,7,3,1d10+4,1d6+4,42,15,7,3,1d10+4,1d6+4,2.0,A
5862,37,17,7,4,1d12+4,1d8+4,43,15,7,3,1d10+4,1d6+4,7.0,A
5863,33,18,7,4,1d10+4,1d8+4,30,17,7,4,1d8+4,1d8+4,8.0,B
5864,48,15,7,4,1d10+4,1d8+4,46,17,7,5,1d8+4,1d8+4,4.0,B
5865,48,16,7,3,1d8+4,1d6+4,34,15,7,4,1d12+4,1d8+4,4.0,B
5866,50,15,7,3,1d8+4,1d6+4,46,17,7,5,1d8+4,1d6+4,6.0,A
5867,49,16,7,4,1d8+4,1d6+4,31,18,7,5,1d12+4,1d6+4,1.0,A
5868,42,17,7,4,1d8+4,1d6+4,40,17,7,3,1d12+4,1d8+4,9.0,A
5869,31,18,7,4,1d8+4,1d8+4,31,14,7,5,1d10+4,1d6+4,10.0,B
5870,50,17,7,3,1d8+4,1d6+4,30,16,7,5,1d8+4,1d8+4,4.0,B
5871,30,16,7,4,1d12+4,1d6+4,42,15,7,3,1d10+4,1d6+4,4.0,B
5872,38,14,7,3,1d12+4,1d8+4,49,16,7,4,1d12+4,1d6+4,9.0,B
5873,36,15,7,3,1d8+4,1d6+4,34,17,7,4,1d8+4,1d6+4,1.0,A
5874,41,18,7,5,1d12+4,1d6+4,32,17,7,3,1d8+4,1d6+4,5.0,A
5875,41,16,7,5,1d12+4,1d6+4,47,15,7,4,1d12+4,1d6+4,3.0,A
5876,40,14,7,3,1d10+4,1d6+4,33,16,7,4,1d12+4,1d6+4,4.0,B
5877,44,16,7,4,1d12+4,1d6+4,39,18,7,5,1d12+4,1d8+4,9.0,B
5878,42,18,7,5,1d8+4,1d8+4,43,16,7,3,1d10+4,1d8+4,2.0,A
5879,49,14,7,4,1d12+4,1d8+4,32,15,7,4,1d12+4,1d8+4,0.0,B
5880,49,15,7,5,1d12+4,1d8+4,41,15,7,3,1d10+4,1d8+4,8.0,A
5881,40,15,7,4,1d10+4,1d6+4,31,17,7,5,1d12+4,1d6+4,9.0,A
5882,41,14,7,3,1d8+4,1d8+4,39,17,7,4,1d10+4,1d8+4,6.0,A
5883,33,17,7,3,1d10+4,1d8+4,36,18,7,4,1d8+4,1d6+4,3.0,A
5884,30,18,7,4,1d10+4,1d8+4,46,18,7,3,1d8+4,1d6+4,7.0,B
5885,48,14,7,3,1d8+4,1d8+4,43,14,7,3,1d8+4,1d8+4,8.0,A
5886,39,16,7,3,1d8+4,1d6+4,50,18,7,4,1d8+4,1d8+4,4.0,A
5887,38,17,7,5,1d8+4,1d6+4,31,14,7,3,1d12+4,1d8+4,8.0,B
5888,31,17,7,5,1d12+4,1d6+4,40,14,7,5,1d10+4,1d8+4,3.0,A
5889,31,14,7,5,1d12+4,1d8+4,49,18,7,4,1d8+4,1d6+4,10.0,A
5890,43,17,7,3,1d10+4,1d6+4,34,15,7,3,1d12+4,1d6+4,0.0,A
5891,35,15,7,5,1d10+4,1d6+4,35,17,7,5,1d8+4,1d8+4,1.0,A
5892,37,16,7,3,1d10+4,1d8+4,36,14,7,4,1d8+4,1d8+4,4.0,A
5893,33,16,7,3,1d12+4,1d6+4,40,15,7,3,1d10+4,1d8+4,2.0,B
5894,36,17,7,5,1d10+4,1d6+4,37,17,7,5,1d12+4,1d6+4,1.0,A
5895,44,18,7,5,1d8+4,1d8+4,49,16,7,4,1d12+4,1d8+4,9.0,A
5896,37,18,7,5,1d12+4,1d8+4,34,14,7,5,1d8+4,1d6+4,3.0,A
5897,41,18,7,4,1d12+4,1d6+4,39,14,7,4,1d8+4,1d8+4,10.0,A
5898,30,17,7,3,1d12+4,1d8+4,43,17,7,4,1d10+4,1d6+4,6.0,A
5899,30,15,7,4,1d12+4,1d6+4,43,14,7,4,1d10+4,1d8+4,6.0,B
5900,30,17,7,3,1d8+4,1d6+4,45,18,7,5,1d12+4,1d8+4,0.0,B
5901,49,16,7,5,1d10+4,1d8+4,34,15,7,5,1d12+4,1d8+4,10.0,A
5902,47,18,7,3,1d8+4,1d8+4,36,16,7,4,1d12+4,1d8+4,3.0,B
5903,38,15,7,4,1d8+4,1d6+4,44,17,7,4,1d8+4,1d6+4,10.0,A
5904,43,17,7,4,1d8+4,1d8+4,49,14,7,4,1d12+4,1d8+4,1.0,B
5905,48,16,7,5,1d8+4,1d6+4,49,14,7,5,1d8+4,1d6+4,1.0,B
5906,31,15,7,4,1d8+4,1d6+4,50,15,7,4,1d10+4,1d8+4,1.0,A
5907,44,14,7,4,1d10+4,1d6+4,33,14,7,3,1d12+4,1d6+4,4.0,A
5908,43,16,7,3,1d8+4,1d6+4,49,14,7,4,1d8+4,1d8+4,1.0,A
5909,32,15,7,3,1d12+4,1d6+4,33,17,7,4,1d8+4,1d6+4,4.0,A
5910,48,18,7,5,1d8+4,1d8+4,43,14,7,4,1d10+4,1d8+4,7.0,B
5911,33,17,7,4,1d10+4,1d8+4,32,14,7,3,1d10+4,1d8+4,6.0,B
5912,50,15,7,3,1d10+4,1d8+4,36,16,7,5,1d10+4,1d6+4,2.0,A
5913,45,14,7,5,1d8+4,1d8+4,49,14,7,3,1d8+4,1d6+4,0.0,B
5914,46,16,7,5,1d8+4,1d6+4,49,14,7,5,1d8+4,1d8+4,9.0,B
5915,36,17,7,4,1d8+4,1d8+4,33,17,7,3,1d8+4,1d6+4,1.0,B
5916,40,14,7,4,1d10+4,1d6+4,35,16,7,3,1d8+4,1d8+4,1.0,B
5917,36,18,7,4,1d8+4,1d6+4,41,14,7,4,1d10+4,1d8+4,5.0,A
5918,39,14,7,4,1d8+4,1d6+4,44,18,7,3,1d10+4,1d6+4,6.0,B
5919,44,18,7,5,1d10+4,1d6+4,40,17,7,3,1d8+4,1d8+4,0.0,A
5920,38,17,7,4,1d12+4,1d8+4,38,16,7,5,1d10+4,1d6+4,1.0,B
5921,50,14,7,3,1d12+4,1d6+4,34,14,7,4,1d10+4,1d8+4,4.0,A
5922,47,18,7,3,1d10+4,1d8+4,47,15,7,3,1d8+4,1d8+4,8.0,B
5923,47,15,7,4,1d8+4,1d8+4,46,16,7,3,1d10+4,1d6+4,9.0,B
5924,37,14,7,3,1d10+4,1d6+4,34,18,7,5,1d10+4,1d6+4,3.0,B
5925,45,15,7,5,1d12+4,1d6+4,31,14,7,5,1d12+4,1d6+4,6.0,A
5926,30,16,7,5,1d12+4,1d6+4,36,18,7,5,1d12+4,1d8+4,4.0,B
5927,32,17,7,5,1d12+4,1d8+4,48,18,7,3,1d8+4,1d6+4,8.0,A
5928,39,14,7,5,1d8+4,1d6+4,47,14,7,5,1d8+4,1d8+4,10.0,A
5929,45,17,7,5,1d12+4,1d8+4,43,17,7,5,1d12+4,1d8+4,3.0,A
5930,45,14,7,3,1d12+4,1d6+4,33,15,7,4,1d10+4,1d6+4,5.0,B
5931,43,17,7,4,1d8+4,1d8+4,42,18,7,3,1d12+4,1d8+4,6.0,B
5932,33,18,7,5,1d12+4,1d6+4,42,16,7,4,1d10+4,1d6+4,9.0,A
5933,43,18,7,3,1d12+4,1d8+4,30,14,7,5,1d8+4,1d6+4,3.0,A
5934,42,16,7,4,1d8+4,1d6+4,38,15,7,4,1d10+4,1d8+4,10.0,A
5935,41,16,7,4,1d12+4,1d8+4,48,16,7,4,1d10+4,1d6+4,5.0,A
5936,35,18,7,5,1d12+4,1d8+4,49,15,7,4,1d8+4,1d6+4,0.0,A
5937,32,14,7,5,1d10+4,1d6+4,31,18,7,5,1d8+4,1d8+4,4.0,A
5938,49,18,7,5,1d8+4,1d8+4,31,17,7,5,1d8+4,1d6+4,8.0,A
5939,40,18,7,5,1d10+4,1d8+4,48,17,7,3,1d12+4,1d8+4,6.0,B
5940,37,16,7,4,1d8+4,1d6+4,33,18,7,3,1d12+4,1d6+4,1.0,B
5941,34,18,7,5,1d12+4,1d8+4,40,18,7,3,1d12+4,1d8+4,2.0,B
5942,48,18,7,5,1d12+4,1d6+4,37,14,7,4,1d10+4,1d6+4,0.0,A
5943,37,15,7,4,1d12+4,1d8+4,38,15,7,5,1d8+4,1d6+4,7.0,A
5944,30,15,7,4,1d10+4,1d6+4,47,15,7,4,1d10+4,1d8+4,5.0,A
5945,50,16,7,3,1d10+4,1d6+4,32,14,7,3,1d8+4,1d8+4,8.0,A
5946,49,14,7,4,1d8+4,1d6+4,39,16,7,3,1d10+4,1d8+4,4.0,A
5947,48,18,7,4,1d12+4,1d8+4,36,16,7,5,1d12+4,1d6+4,3.0,A
5948,50,17,7,4,1d10+4,1d6+4,38,18,7,3,1d10+4,1d6+4,1.0,A
5949,36,14,7,5,1d12+4,1d8+4,38,16,7,5,1d10+4,1d8+4,4.0,B
5950,45,16,7,5,1d10+4,1d8+4,32,16,7,5,1d12+4,1d6+4,2.0,A
5951,46,15,7,5,1d8+4,1d8+4,38,18,7,3,1d12+4,1d6+4,1.0,A
5952,40,17,7,5,1d10+4,1d6+4,47,14,7,4,1d12+4,1d6+4,8.0,A
5953,40,17,7,5,1d12+4,1d6+4,47,14,7,3,1d8+4,1d8+4,9.0,B
5954,30,16,7,4,1d12+4,1d8+4,48,14,7,5,1d8+4,1d8+4,3.0,A
5955,40,17,7,3,1d12+4,1d8+4,30,15,7,4,1d12+4,1d8+4,8.0,B
5956,49,14,7,5,1d8+4,1d8+4,33,15,7,5,1d10+4,1d6+4,6.0,A
5957,37,18,7,3,1d8+4,1d6+4,36,15,7,3,1d12+4,1d8+4,10.0,B
5958,49,17,7,4,1d12+4,1d6+4,35,16,7,4,1d10+4,1d6+4,6.0,A
5959,50,17,7,4,1d10+4,1d8+4,45,15,7,5,1d12+4,1d6+4,9.0,B
5960,45,16,7,3,1d10+4,1d8+4,36,14,7,5,1d8+4,1d8+4,9.0,A
5961,36,18,7,4,1d8+4,1d8+4,33,14,7,5,1d8+4,1d6+4,5.0,B
5962,33,16,7,5,1d12+4,1d8+4,48,18,7,4,1d12+4,1d6+4,10.0,B
5963,41,18,7,4,1d8+4,1d6+4,37,15,7,3,1d10+4,1d8+4,10.0,B
5964,40,14,7,5,1d10+4,1d8+4,45,14,7,4,1d8+4,1d8+4,1.0,B
5965,42,16,7,5,1d10+4,1d8+4,46,14,7,3,1d8+4,1d6+4,7.0,A
5966,33,15,7,3,1d10+4,1d8+4,41,17,7,4,1d10+4,1d8+4,8.0,A
5967,38,15,7,5,1d8+4,1d8+4,37,14,7,3,1d8+4,1d8+4,8.0,A
5968,34,16,7,5,1d8+4,1d8+4,40,16,7,5,1d10+4,1d8+4,0.0,B
5969,48,16,7,4,1d10+4,1d6+4,48,18,7,4,1d10+4,1d6+4,8.0,A
5970,33,15,7,5,1d10+4,1d8+4,41,14,7,4,1d8+4,1d8+4,0.0,A
5971,41,16,7,3,1d8+4,1d6+4,35,16,7,4,1d10+4,1d8+4,8.0,A
5972,33,15,7,4,1d10+4,1d8+4,34,15,7,5,1d12+4,1d8+4,7.0,A
5973,48,15,7,3,1d12+4,1d6+4,45,14,7,4,1d10+4,1d6+4,9.0,B
5974,30,14,7,4,1d8+4,1d8+4,40,15,7,3,1d8+4,1d8+4,9.0,B
5975,37,15,7,5,1d12+4,1d8+4,40,16,7,4,1d12+4,1d8+4,1.0,A
5976,49,17,7,5,1d12+4,1d6+4,48,14,7,3,1d12+4,1d6+4,6.0,A
5977,30,14,7,3,1d8+4,1d8+4,37,18,7,4,1d8+4,1d8+4,10.0,B
5978,46,14,7,4,1d8+4,1d6+4,30,18,7,5,1d12+4,1d6+4,10.0,B
5979,43,16,7,3,1d8+4,1d8+4,43,17,7,3,1d8+4,1d6+4,4.0,A
5980,36,18,7,4,1d12+4,1d6+4,41,18,7,3,1d12+4,1d6+4,7.0,A
5981,34,17,7,5,1d10+4,1d6+4,34,14,7,4,1d10+4,1d6+4,6.0,A
5982,44,15,7,5,1d10+4,1d8+4,48,16,7,4,1d10+4,1d6+4,9.0,B
5983,43,15,7,3,1d8+4,1d8+4,41,14,7,3,1d10+4,1d6+4,0.0,A
5984,50,15,7,4,1d10+4,1d6+4,41,18,7,4,1d12+4,1d8+4,0.0,B
5985,45,17,7,4,1d10+4,1d6+4,32,17,7,3,1d8+4,1d8+4,1.0,A
5986,50,17,7,4,1d12+4,1d6+4,44,15,7,4,1d10+4,1d6+4,4.0,A
5987,48,16,7,5,1d10+4,1d8+4,36,14,7,3,1d10+4,1d8+4,4.0,B
5988,31,18,7,3,1d10+4,1d8+4,46,14,7,5,1d10+4,1d6+4,5.0,A
5989,39,14,7,5,1d8+4,1d8+4,38,16,7,4,1d8+4,1d6+4,8.0,A
5990,40,18,7,5,1d10+4,1d6+4,33,14,7,5,1d12+4,1d8+4,8.0,A
5991,45,15,7,3,1d10+4,1d8+4,42,17,7,5,1d10+4,1d8+4,0.0,A
5992,37,17,7,5,1d10+4,1d8+4,45,15,7,4,1d12+4,1d8+4,5.0,A
5993,45,17,7,4,1d12+4,1d8+4,46,15,7,4,1d12+4,1d8+4,8.0,A
5994,40,14,7,5,1d8+4,1d8+4,41,16,7,5,1d12+4,1d8+4,7.0,A
5995,44,17,7,4,1d10+4,1d6+4,47,16,7,3,1d12+4,1d6+4,3.0,B
5996,30,17,7,3,1d12+4,1d8+4,49,18,7,4,1d8+4,1d6+4,3.0,B
5997,39,15,7,5,1d12+4,1d8+4,39,17,7,5,1d12+4,1d6+4,0.0,B
5998,39,16,7,3,1d10+4,1d6+4,40,17,7,3,1d8+4,1d8+4,3.0,A
5999,44,18,7,5,1d10+4,1d8+4,46,16,7,4,1d10+4,1d6+4,4.0,A
6000,49,17,7,5,1d8+4,1d6+4,31,16,7,5,1d12+4,1d6+4,9.0,B
6001,36,18,7,5,1d12+4,1d8+4,31,15,7,5,1d10+4,1d8+4,1.0,A
6002,31,18,7,4,1d12+4,1d6+4,39,18,7,5,1d10+4,1d6+4,2.0,B
6003,49,17,7,5,1d10+4,1d6+4,44,18,7,5,1d12+4,1d6+4,4.0,B
6004,46,17,7,4,1d12+4,1d8+4,33,14,7,3,1d12+4,1d8+4,3.0,A
6005,48,15,7,5,1d10+4,1d6+4,45,18,7,3,1d10+4,1d6+4,5.0,B
6006,40,14,7,5,1d10+4,1d8+4,30,14,7,4,1d10+4,1d8+4,5.0,A
6007,30,16,7,4,1d12+4,1d6+4,45,18,7,4,1d12+4,1d6+4,5.0,B
6008,46,16,7,3,1d8+4,1d6+4,40,16,7,4,1d12+4,1d8+4,7.0,B
6009,43,15,7,4,1d10+4,1d8+4,36,17,7,4,1d8+4,1d8+4,1.0,A
6010,47,16,7,5,1d8+4,1d8+4,44,15,7,3,1d8+4,1d6+4,5.0,A
6011,43,18,7,3,1d10+4,1d6+4,36,17,7,5,1d8+4,1d6+4,10.0,A
6012,41,14,7,3,1d10+4,1d8+4,31,17,7,3,1d12+4,1d6+4,10.0,A
6013,41,16,7,3,1d10+4,1d8+4,37,14,7,4,1d8+4,1d8+4,8.0,A
6014,39,14,7,4,1d8+4,1d6+4,34,18,7,5,1d8+4,1d6+4,4.0,B
6015,44,18,7,3,1d10+4,1d6+4,40,14,7,4,1d8+4,1d6+4,8.0,B
6016,32,17,7,5,1d12+4,1d6+4,33,17,7,5,1d8+4,1d8+4,3.0,B
6017,30,18,7,3,1d10+4,1d6+4,40,16,7,4,1d8+4,1d8+4,4.0,B
6018,38,14,7,3,1d10+4,1d8+4,31,18,7,4,1d10+4,1d8+4,2.0,B
6019,37,16,7,5,1d8+4,1d8+4,30,15,7,4,1d12+4,1d6+4,10.0,A
6020,50,14,7,4,1d12+4,1d6+4,42,14,7,4,1d10+4,1d6+4,0.0,A
6021,34,14,7,5,1d12+4,1d6+4,36,17,7,5,1d12+4,1d8+4,1.0,B
6022,50,16,7,5,1d10+4,1d6+4,43,18,7,4,1d10+4,1d8+4,0.0,A
6023,50,18,7,3,1d10+4,1d6+4,37,14,7,3,1d10+4,1d6+4,3.0,B
6024,41,17,7,3,1d10+4,1d8+4,38,17,7,5,1d12+4,1d6+4,7.0,B
6025,35,15,7,3,1d10+4,1d6+4,39,14,7,5,1d10+4,1d8+4,3.0,B
6026,40,15,7,4,1d8+4,1d8+4,35,14,7,4,1d8+4,1d6+4,9.0,A
6027,48,17,7,5,1d10+4,1d6+4,40,14,7,5,1d8+4,1d6+4,2.0,A
6028,48,16,7,3,1d12+4,1d6+4,31,18,7,3,1d12+4,1d6+4,0.0,A
6029,41,17,7,3,1d8+4,1d6+4,40,14,7,4,1d12+4,1d6+4,10.0,A
6030,50,17,7,4,1d8+4,1d6+4,44,14,7,4,1d12+4,1d8+4,0.0,B
6031,37,14,7,3,1d12+4,1d8+4,50,16,7,5,1d8+4,1d6+4,8.0,A
6032,31,14,7,5,1d8+4,1d6+4,48,14,7,3,1d10+4,1d8+4,9.0,B
6033,38,14,7,5,1d8+4,1d6+4,36,14,7,4,1d12+4,1d6+4,1.0,B
6034,37,15,7,3,1d8+4,1d8+4,30,16,7,4,1d12+4,1d6+4,8.0,A
6035,30,17,7,4,1d8+4,1d8+4,47,15,7,3,1d8+4,1d8+4,10.0,A
6036,42,16,7,5,1d12+4,1d8+4,34,14,7,5,1d10+4,1d8+4,2.0,A
6037,44,17,7,3,1d12+4,1d6+4,35,15,7,5,1d12+4,1d6+4,3.0,B
6038,46,16,7,3,1d8+4,1d8+4,45,14,7,3,1d8+4,1d6+4,1.0,A
6039,35,17,7,3,1d8+4,1d8+4,36,18,7,3,1d10+4,1d6+4,1.0,A
6040,43,15,7,5,1d8+4,1d6+4,39,14,7,5,1d8+4,1d6+4,3.0,A
6041,44,14,7,3,1d8+4,1d8+4,35,15,7,5,1d10+4,1d6+4,8.0,A
6042,42,16,7,3,1d8+4,1d6+4,45,16,7,5,1d8+4,1d6+4,3.0,A
6043,45,18,7,5,1d8+4,1d8+4,50,14,7,5,1d10+4,1d8+4,9.0,A
6044,49,14,7,5,1d12+4,1d8+4,44,18,7,5,1d8+4,1d8+4,6.0,A
6045,45,14,7,4,1d12+4,1d6+4,47,16,7,4,1d10+4,1d6+4,1.0,A
6046,49,15,7,4,1d10+4,1d8+4,44,16,7,5,1d10+4,1d6+4,3.0,A
6047,50,15,7,4,1d12+4,1d6+4,40,18,7,5,1d8+4,1d6+4,8.0,A
6048,42,14,7,4,1d12+4,1d8+4,39,15,7,3,1d12+4,1d8+4,7.0,B
6049,35,15,7,5,1d8+4,1d6+4,35,17,7,3,1d8+4,1d8+4,0.0,A
6050,35,18,7,4,1d10+4,1d8+4,37,18,7,4,1d8+4,1d6+4,7.0,A
6051,35,18,7,4,1d10+4,1d6+4,49,18,7,5,1d12+4,1d8+4,9.0,B
6052,33,17,7,5,1d12+4,1d8+4,43,14,7,3,1d12+4,1d6+4,4.0,A
6053,43,15,7,4,1d8+4,1d8+4,39,18,7,5,1d8+4,1d6+4,3.0,A
6054,33,15,7,4,1d12+4,1d6+4,50,18,7,4,1d12+4,1d6+4,10.0,B
6055,38,14,7,3,1d10+4,1d8+4,39,18,7,3,1d12+4,1d6+4,4.0,A
6056,38,18,7,4,1d12+4,1d8+4,36,14,7,5,1d10+4,1d6+4,0.0,A
6057,35,15,7,3,1d10+4,1d6+4,35,14,7,3,1d8+4,1d6+4,8.0,A
6058,42,15,7,3,1d8+4,1d8+4,30,18,7,4,1d8+4,1d8+4,5.0,B
6059,49,15,7,3,1d8+4,1d8+4,48,17,7,3,1d12+4,1d6+4,7.0,A
6060,49,18,7,4,1d12+4,1d8+4,38,18,7,3,1d8+4,1d6+4,3.0,A
6061,48,15,7,5,1d8+4,1d8+4,31,16,7,3,1d12+4,1d8+4,5.0,A
6062,34,16,7,4,1d8+4,1d8+4,32,14,7,4,1d8+4,1d6+4,1.0,A
6063,47,16,7,5,1d12+4,1d6+4,39,16,7,5,1d10+4,1d8+4,6.0,A
6064,41,16,7,3,1d8+4,1d8+4,49,17,7,3,1d8+4,1d8+4,9.0,B
6065,42,18,7,4,1d8+4,1d8+4,35,16,7,5,1d12+4,1d6+4,9.0,B
6066,35,15,7,5,1d10+4,1d6+4,39,15,7,4,1d8+4,1d8+4,8.0,A
6067,39,14,7,5,1d12+4,1d6+4,46,17,7,3,1d8+4,1d6+4,6.0,B
6068,42,14,7,5,1d10+4,1d6+4,40,18,7,5,1d12+4,1d6+4,6.0,A
6069,48,15,7,3,1d8+4,1d6+4,49,17,7,3,1d8+4,1d6+4,9.0,B
6070,32,14,7,3,1d10+4,1d6+4,45,17,7,3,1d10+4,1d8+4,3.0,B
6071,33,14,7,5,1d8+4,1d6+4,49,14,7,5,1d12+4,1d8+4,4.0,B
6072,37,16,7,3,1d8+4,1d6+4,39,17,7,3,1d10+4,1d8+4,4.0,B
6073,41,17,7,4,1d12+4,1d6+4,30,15,7,5,1d10+4,1d6+4,3.0,A
6074,35,15,7,4,1d8+4,1d6+4,47,18,7,5,1d8+4,1d8+4,1.0,B
6075,43,17,7,5,1d12+4,1d6+4,34,15,7,5,1d12+4,1d6+4,6.0,A
6076,38,16,7,4,1d12+4,1d6+4,32,16,7,5,1d8+4,1d8+4,4.0,B
6077,32,17,7,4,1d8+4,1d6+4,41,18,7,4,1d10+4,1d8+4,0.0,B
6078,33,15,7,5,1d10+4,1d6+4,42,17,7,5,1d12+4,1d8+4,0.0,B
6079,38,17,7,4,1d8+4,1d6+4,45,16,7,4,1d10+4,1d8+4,3.0,B
6080,50,17,7,5,1d12+4,1d6+4,37,14,7,4,1d10+4,1d8+4,5.0,A
6081,47,15,7,4,1d12+4,1d6+4,42,18,7,4,1d10+4,1d8+4,9.0,B
6082,48,17,7,3,1d12+4,1d6+4,36,14,7,3,1d12+4,1d6+4,6.0,A
6083,37,14,7,5,1d12+4,1d8+4,43,14,7,5,1d12+4,1d8+4,4.0,A
6084,33,17,7,3,1d10+4,1d6+4,37,18,7,5,1d10+4,1d6+4,2.0,B
6085,49,15,7,5,1d12+4,1d8+4,48,17,7,3,1d10+4,1d6+4,1.0,A
6086,38,16,7,3,1d8+4,1d8+4,40,14,7,4,1d10+4,1d6+4,6.0,A
6087,45,14,7,3,1d10+4,1d8+4,49,14,7,4,1d10+4,1d6+4,1.0,B
6088,35,16,7,5,1d8+4,1d8+4,37,16,7,3,1d8+4,1d8+4,7.0,B
6089,46,17,7,5,1d12+4,1d8+4,45,14,7,3,1d8+4,1d6+4,5.0,B
6090,43,16,7,5,1d10+4,1d8+4,37,15,7,4,1d12+4,1d6+4,3.0,A
6091,50,18,7,4,1d8+4,1d8+4,48,16,7,4,1d8+4,1d6+4,4.0,A
6092,47,18,7,4,1d12+4,1d6+4,31,14,7,3,1d10+4,1d6+4,0.0,B
6093,31,14,7,3,1d10+4,1d6+4,50,15,7,5,1d10+4,1d8+4,8.0,B
6094,39,16,7,3,1d12+4,1d8+4,47,16,7,3,1d10+4,1d6+4,2.0,B
6095,38,15,7,5,1d12+4,1d6+4,37,15,7,5,1d10+4,1d8+4,2.0,B
6096,39,16,7,5,1d12+4,1d6+4,45,14,7,3,1d8+4,1d8+4,2.0,A
6097,43,15,7,3,1d12+4,1d6+4,31,16,7,4,1d8+4,1d6+4,8.0,A
6098,42,18,7,5,1d10+4,1d6+4,43,16,7,3,1d12+4,1d6+4,7.0,A
6099,41,18,7,3,1d10+4,1d8+4,33,14,7,4,1d12+4,1d8+4,0.0,A
6100,49,17,7,3,1d12+4,1d6+4,50,16,7,4,1d8+4,1d6+4,2.0,B
6101,45,15,7,5,1d8+4,1d8+4,34,16,7,5,1d12+4,1d6+4,5.0,B
6102,35,14,7,3,1d10+4,1d8+4,34,16,7,4,1d12+4,1d8+4,9.0,A
6103,38,16,7,3,1d10+4,1d6+4,32,18,7,4,1d8+4,1d6+4,5.0,A
6104,48,17,7,4,1d8+4,1d8+4,33,14,7,5,1d10+4,1d8+4,2.0,A
6105,37,16,7,4,1d8+4,1d6+4,31,17,7,4,1d12+4,1d6+4,10.0,A
6106,39,18,7,3,1d10+4,1d8+4,48,14,7,5,1d8+4,1d8+4,0.0,B
6107,43,18,7,4,1d8+4,1d8+4,31,17,7,5,1d8+4,1d6+4,3.0,A
6108,31,15,7,4,1d12+4,1d8+4,40,17,7,3,1d10+4,1d6+4,7.0,B
6109,32,16,7,5,1d10+4,1d8+4,41,17,7,4,1d12+4,1d8+4,8.0,A
6110,46,18,7,5,1d8+4,1d6+4,48,16,7,5,1d10+4,1d8+4,1.0,B
6111,39,14,7,4,1d10+4,1d8+4,35,16,7,3,1d12+4,1d6+4,2.0,A
6112,45,14,7,3,1d8+4,1d8+4,46,16,7,3,1d12+4,1d8+4,2.0,B
6113,39,14,7,3,1d10+4,1d8+4,47,14,7,5,1d8+4,1d8+4,10.0,B
6114,33,14,7,4,1d10+4,1d6+4,44,17,7,3,1d10+4,1d8+4,1.0,B
6115,36,16,7,3,1d8+4,1d6+4,36,14,7,5,1d8+4,1d6+4,8.0,B
6116,31,18,7,4,1d12+4,1d6+4,32,14,7,5,1d12+4,1d8+4,7.0,A
6117,45,14,7,3,1d8+4,1d8+4,49,16,7,4,1d10+4,1d6+4,1.0,B
6118,45,14,7,3,1d8+4,1d6+4,36,14,7,5,1d8+4,1d8+4,9.0,A
6119,31,15,7,4,1d12+4,1d6+4,41,16,7,4,1d12+4,1d8+4,10.0,A
6120,38,18,7,3,1d12+4,1d6+4,43,17,7,4,1d12+4,1d6+4,5.0,A
6121,34,14,7,3,1d10+4,1d8+4,49,18,7,3,1d12+4,1d6+4,2.0,B
6122,33,16,7,3,1d10+4,1d6+4,45,16,7,5,1d8+4,1d8+4,4.0,B
6123,50,14,7,3,1d12+4,1d6+4,37,15,7,3,1d12+4,1d6+4,7.0,B
6124,42,16,7,3,1d12+4,1d8+4,39,15,7,4,1d8+4,1d6+4,8.0,B
6125,33,16,7,3,1d10+4,1d6+4,48,16,7,4,1d12+4,1d6+4,0.0,B
6126,33,17,7,3,1d8+4,1d6+4,33,17,7,3,1d10+4,1d8+4,10.0,A
6127,44,18,7,3,1d12+4,1d8+4,35,14,7,3,1d12+4,1d8+4,0.0,A
6128,43,18,7,5,1d8+4,1d8+4,42,17,7,5,1d8+4,1d6+4,7.0,A
6129,39,18,7,3,1d12+4,1d6+4,30,18,7,5,1d8+4,1d6+4,4.0,A
6130,36,17,7,3,1d12+4,1d6+4,44,18,7,4,1d12+4,1d8+4,4.0,B
6131,49,14,7,4,1d12+4,1d8+4,42,16,7,3,1d10+4,1d8+4,7.0,A
6132,30,14,7,5,1d8+4,1d6+4,50,14,7,4,1d8+4,1d6+4,9.0,B
6133,30,17,7,5,1d10+4,1d8+4,44,15,7,5,1d8+4,1d6+4,1.0,B
6134,36,14,7,5,1d10+4,1d6+4,33,18,7,5,1d10+4,1d6+4,9.0,A
6135,42,17,7,4,1d8+4,1d8+4,31,16,7,4,1d12+4,1d6+4,2.0,A
6136,48,17,7,3,1d10+4,1d8+4,31,15,7,4,1d12+4,1d8+4,8.0,A
6137,48,18,7,4,1d8+4,1d6+4,40,18,7,5,1d8+4,1d6+4,1.0,B
6138,38,14,7,5,1d10+4,1d8+4,41,16,7,3,1d12+4,1d6+4,7.0,B
6139,48,14,7,5,1d10+4,1d6+4,40,15,7,5,1d8+4,1d8+4,5.0,A
6140,30,15,7,4,1d8+4,1d6+4,35,16,7,5,1d8+4,1d6+4,3.0,B
6141,35,18,7,3,1d10+4,1d6+4,34,15,7,3,1d12+4,1d6+4,10.0,A
6142,43,15,7,3,1d10+4,1d8+4,33,18,7,5,1d8+4,1d6+4,7.0,A
6143,34,15,7,5,1d8+4,1d6+4,46,16,7,3,1d12+4,1d8+4,0.0,B
6144,33,17,7,3,1d10+4,1d6+4,49,15,7,4,1d12+4,1d6+4,7.0,A
6145,46,17,7,5,1d10+4,1d6+4,44,14,7,5,1d8+4,1d6+4,4.0,A
6146,50,16,7,3,1d8+4,1d8+4,40,15,7,5,1d12+4,1d8+4,2.0,B
6147,38,16,7,4,1d12+4,1d8+4,50,14,7,5,1d12+4,1d6+4,1.0,B
6148,32,15,7,5,1d10+4,1d6+4,30,18,7,4,1d12+4,1d8+4,10.0,A
6149,41,18,7,5,1d10+4,1d6+4,42,15,7,5,1d12+4,1d8+4,5.0,B
6150,49,15,7,4,1d8+4,1d8+4,47,17,7,4,1d8+4,1d6+4,10.0,A
6151,50,18,7,4,1d12+4,1d8+4,42,15,7,5,1d10+4,1d8+4,10.0,B
6152,39,14,7,5,1d8+4,1d6+4,50,14,7,3,1d12+4,1d6+4,2.0,B
6153,39,15,7,4,1d8+4,1d6+4,33,15,7,4,1d8+4,1d6+4,5.0,A
6154,38,18,7,3,1d8+4,1d8+4,45,15,7,5,1d12+4,1d6+4,1.0,B
6155,46,18,7,3,1d10+4,1d6+4,38,18,7,3,1d8+4,1d6+4,7.0,A
6156,43,17,7,4,1d10+4,1d8+4,33,17,7,3,1d10+4,1d8+4,7.0,A
6157,30,15,7,3,1d10+4,1d6+4,40,16,7,3,1d8+4,1d6+4,1.0,B
6158,36,16,7,3,1d12+4,1d6+4,50,17,7,4,1d12+4,1d8+4,3.0,B
6159,35,17,7,4,1d12+4,1d8+4,47,18,7,5,1d8+4,1d6+4,4.0,A
6160,35,17,7,4,1d10+4,1d6+4,48,14,7,5,1d8+4,1d8+4,3.0,A
6161,40,16,7,5,1d10+4,1d6+4,39,18,7,3,1d8+4,1d8+4,8.0,A
6162,46,16,7,3,1d8+4,1d6+4,48,17,7,5,1d10+4,1d6+4,4.0,B
6163,40,14,7,3,1d12+4,1d8+4,33,17,7,3,1d12+4,1d8+4,5.0,B
6164,44,14,7,5,1d12+4,1d8+4,40,14,7,5,1d8+4,1d8+4,9.0,B
6165,44,17,7,4,1d12+4,1d8+4,32,18,7,4,1d10+4,1d6+4,2.0,A
6166,33,14,7,5,1d8+4,1d8+4,34,15,7,3,1d10+4,1d8+4,4.0,A
6167,41,15,7,5,1d8+4,1d6+4,31,17,7,4,1d8+4,1d6+4,5.0,B
6168,32,14,7,5,1d8+4,1d6+4,37,15,7,4,1d12+4,1d6+4,6.0,B
6169,46,15,7,5,1d10+4,1d6+4,44,16,7,5,1d8+4,1d8+4,10.0,A
6170,35,17,7,3,1d10+4,1d6+4,30,14,7,5,1d10+4,1d6+4,8.0,B
6171,40,15,7,3,1d10+4,1d8+4,37,16,7,4,1d10+4,1d6+4,4.0,A
6172,31,18,7,5,1d8+4,1d6+4,33,17,7,4,1d12+4,1d6+4,8.0,B
6173,31,18,7,5,1d12+4,1d8+4,34,16,7,3,1d12+4,1d6+4,1.0,B
6174,50,18,7,4,1d10+4,1d8+4,30,15,7,4,1d12+4,1d6+4,8.0,A
6175,39,17,7,5,1d8+4,1d8+4,32,14,7,5,1d10+4,1d8+4,9.0,A
6176,43,17,7,4,1d10+4,1d8+4,33,17,7,3,1d8+4,1d8+4,9.0,A
6177,31,15,7,4,1d8+4,1d6+4,50,15,7,5,1d12+4,1d6+4,9.0,B
6178,44,14,7,5,1d10+4,1d6+4,46,18,7,3,1d8+4,1d8+4,2.0,B
6179,30,14,7,3,1d8+4,1d6+4,34,16,7,5,1d8+4,1d8+4,7.0,B
6180,47,16,7,4,1d10+4,1d6+4,42,18,7,3,1d8+4,1d8+4,4.0,A
6181,31,18,7,3,1d10+4,1d8+4,31,16,7,5,1d12+4,1d6+4,10.0,A
6182,31,14,7,4,1d8+4,1d8+4,31,15,7,5,1d12+4,1d8+4,2.0,B
6183,33,18,7,3,1d8+4,1d8+4,46,14,7,3,1d8+4,1d6+4,5.0,A
6184,38,17,7,4,1d8+4,1d6+4,45,14,7,4,1d12+4,1d8+4,8.0,B
6185,39,15,7,5,1d12+4,1d6+4,36,18,7,4,1d10+4,1d8+4,6.0,B
6186,41,17,7,5,1d8+4,1d8+4,31,15,7,5,1d12+4,1d8+4,0.0,A
6187,30,18,7,3,1d8+4,1d6+4,40,18,7,4,1d8+4,1d8+4,5.0,B
6188,49,17,7,3,1d12+4,1d6+4,43,14,7,4,1d10+4,1d8+4,5.0,A
6189,33,16,7,3,1d10+4,1d8+4,30,15,7,3,1d10+4,1d8+4,0.0,A
6190,38,17,7,3,1d10+4,1d6+4,39,16,7,5,1d8+4,1d8+4,2.0,A
6191,44,18,7,5,1d10+4,1d6+4,35,16,7,5,1d12+4,1d8+4,0.0,A
6192,43,16,7,3,1d10+4,1d8+4,33,15,7,3,1d10+4,1d6+4,5.0,A
6193,41,17,7,4,1d10+4,1d8+4,32,15,7,5,1d12+4,1d8+4,10.0,A
6194,33,15,7,4,1d10+4,1d8+4,44,17,7,5,1d10+4,1d6+4,3.0,B
6195,30,16,7,4,1d8+4,1d6+4,41,18,7,4,1d10+4,1d8+4,0.0,B
6196,47,15,7,3,1d8+4,1d6+4,41,15,7,5,1d8+4,1d8+4,7.0,B
6197,32,16,7,4,1d12+4,1d6+4,39,14,7,5,1d12+4,1d6+4,1.0,A
6198,40,14,7,5,1d8+4,1d6+4,45,14,7,3,1d12+4,1d6+4,9.0,A
6199,44,14,7,3,1d12+4,1d8+4,47,17,7,5,1d10+4,1d6+4,0.0,B
6200,38,18,7,4,1d12+4,1d8+4,42,16,7,4,1d10+4,1d6+4,5.0,B
6201,37,17,7,4,1d12+4,1d6+4,47,15,7,5,1d12+4,1d8+4,4.0,B
6202,41,17,7,5,1d12+4,1d8+4,43,18,7,3,1d12+4,1d8+4,6.0,A
6203,40,18,7,5,1d8+4,1d8+4,35,15,7,4,1d8+4,1d6+4,1.0,A
6204,34,16,7,3,1d8+4,1d6+4,30,18,7,3,1d8+4,1d6+4,10.0,A
6205,32,15,7,4,1d12+4,1d6+4,30,15,7,4,1d10+4,1d8+4,2.0,B
6206,38,18,7,3,1d8+4,1d6+4,38,15,7,5,1d10+4,1d8+4,10.0,A
6207,31,18,7,4,1d10+4,1d8+4,49,14,7,4,1d10+4,1d6+4,3.0,A
6208,38,14,7,3,1d12+4,1d6+4,32,14,7,3,1d12+4,1d8+4,7.0,B
6209,34,18,7,5,1d10+4,1d8+4,49,18,7,4,1d8+4,1d6+4,1.0,B
6210,41,14,7,4,1d12+4,1d8+4,45,17,7,3,1d8+4,1d8+4,5.0,A
6211,48,18,7,4,1d12+4,1d6+4,48,16,7,4,1d8+4,1d8+4,1.0,A
6212,31,14,7,5,1d8+4,1d6+4,38,15,7,3,1d12+4,1d6+4,5.0,B
6213,41,14,7,3,1d12+4,1d6+4,41,15,7,4,1d10+4,1d6+4,9.0,B
6214,30,18,7,5,1d12+4,1d6+4,40,18,7,4,1d12+4,1d8+4,7.0,A
6215,45,17,7,5,1d8+4,1d8+4,43,16,7,4,1d12+4,1d8+4,0.0,B
6216,32,14,7,5,1d10+4,1d8+4,34,14,7,5,1d12+4,1d8+4,1.0,A
6217,37,17,7,3,1d8+4,1d6+4,48,15,7,5,1d10+4,1d6+4,3.0,B
6218,34,17,7,5,1d12+4,1d8+4,31,18,7,4,1d10+4,1d8+4,10.0,A
6219,38,17,7,5,1d8+4,1d8+4,40,17,7,3,1d12+4,1d8+4,3.0,B
6220,32,14,7,5,1d12+4,1d8+4,34,14,7,4,1d8+4,1d8+4,1.0,B
6221,42,15,7,5,1d12+4,1d6+4,50,15,7,4,1d12+4,1d6+4,1.0,A
6222,46,14,7,4,1d10+4,1d6+4,42,14,7,5,1d8+4,1d8+4,6.0,A
6223,45,15,7,4,1d10+4,1d6+4,45,18,7,3,1d12+4,1d6+4,0.0,B
6224,38,14,7,5,1d12+4,1d6+4,39,17,7,5,1d12+4,1d8+4,3.0,B
6225,46,16,7,3,1d12+4,1d8+4,36,18,7,5,1d12+4,1d6+4,1.0,A
6226,35,14,7,3,1d10+4,1d8+4,39,15,7,5,1d10+4,1d8+4,6.0,B
6227,40,18,7,4,1d12+4,1d8+4,46,18,7,4,1d12+4,1d8+4,0.0,A
6228,47,17,7,4,1d12+4,1d8+4,31,15,7,3,1d12+4,1d8+4,7.0,A
6229,41,16,7,4,1d8+4,1d6+4,33,18,7,3,1d10+4,1d6+4,7.0,B
6230,41,18,7,5,1d10+4,1d8+4,44,15,7,4,1d10+4,1d6+4,9.0,B
6231,45,17,7,5,1d10+4,1d8+4,36,15,7,5,1d10+4,1d6+4,3.0,A
6232,45,15,7,3,1d10+4,1d6+4,47,15,7,3,1d8+4,1d8+4,5.0,B
6233,44,16,7,5,1d12+4,1d6+4,46,14,7,5,1d12+4,1d6+4,6.0,A
6234,46,14,7,4,1d12+4,1d8+4,35,18,7,3,1d10+4,1d6+4,9.0,B
6235,32,18,7,5,1d12+4,1d8+4,36,17,7,4,1d12+4,1d8+4,7.0,A
6236,50,16,7,4,1d10+4,1d6+4,35,16,7,5,1d10+4,1d6+4,9.0,A
6237,33,14,7,5,1d8+4,1d6+4,38,18,7,3,1d8+4,1d6+4,10.0,B
6238,33,18,7,3,1d10+4,1d8+4,32,16,7,3,1d10+4,1d6+4,8.0,B
6239,48,16,7,3,1d10+4,1d6+4,32,15,7,5,1d10+4,1d6+4,4.0,A
6240,50,17,7,5,1d8+4,1d6+4,37,18,7,5,1d8+4,1d6+4,6.0,A
6241,42,16,7,4,1d8+4,1d6+4,43,14,7,5,1d10+4,1d8+4,9.0,B
6242,49,16,7,5,1d12+4,1d8+4,30,15,7,5,1d8+4,1d6+4,7.0,A
6243,31,15,7,4,1d12+4,1d8+4,35,18,7,3,1d8+4,1d8+4,10.0,A
6244,49,15,7,3,1d12+4,1d8+4,47,14,7,4,1d8+4,1d6+4,7.0,A
6245,35,15,7,3,1d8+4,1d6+4,40,18,7,4,1d10+4,1d6+4,1.0,B
6246,44,17,7,3,1d8+4,1d6+4,44,15,7,3,1d8+4,1d6+4,2.0,B
6247,31,15,7,5,1d10+4,1d8+4,43,15,7,3,1d10+4,1d8+4,4.0,B
6248,42,18,7,3,1d12+4,1d8+4,36,15,7,4,1d12+4,1d8+4,2.0,A
6249,43,14,7,4,1d8+4,1d8+4,41,16,7,4,1d8+4,1d8+4,8.0,A
6250,32,17,7,3,1d12+4,1d6+4,31,18,7,3,1d8+4,1d8+4,2.0,A
6251,34,14,7,4,1d8+4,1d6+4,43,14,7,4,1d10+4,1d6+4,2.0,B
6252,46,18,7,3,1d8+4,1d6+4,46,14,7,3,1d12+4,1d6+4,5.0,A
6253,39,16,7,5,1d12+4,1d8+4,41,14,7,4,1d8+4,1d6+4,3.0,A
6254,33,15,7,4,1d10+4,1d8+4,39,18,7,3,1d8+4,1d6+4,6.0,B
6255,41,14,7,4,1d10+4,1d6+4,33,18,7,4,1d10+4,1d8+4,0.0,B
6256,46,14,7,4,1d10+4,1d6+4,32,18,7,5,1d10+4,1d6+4,1.0,B
6257,30,14,7,3,1d12+4,1d6+4,50,15,7,4,1d8+4,1d6+4,1.0,B
6258,49,18,7,5,1d8+4,1d8+4,34,17,7,5,1d12+4,1d8+4,7.0,A
6259,30,15,7,5,1d8+4,1d6+4,40,18,7,5,1d8+4,1d6+4,4.0,A
6260,34,16,7,4,1d8+4,1d8+4,34,18,7,5,1d12+4,1d6+4,9.0,A
6261,38,16,7,3,1d8+4,1d8+4,36,16,7,4,1d10+4,1d6+4,4.0,B
6262,30,14,7,3,1d10+4,1d8+4,41,18,7,4,1d8+4,1d6+4,7.0,B
6263,42,17,7,4,1d12+4,1d6+4,45,15,7,5,1d12+4,1d8+4,5.0,A
6264,36,14,7,3,1d12+4,1d6+4,50,16,7,3,1d8+4,1d6+4,0.0,B
6265,50,14,7,4,1d12+4,1d6+4,46,14,7,5,1d8+4,1d8+4,7.0,A
6266,42,15,7,3,1d12+4,1d6+4,42,15,7,5,1d8+4,1d6+4,6.0,A
6267,34,14,7,3,1d8+4,1d6+4,49,15,7,3,1d12+4,1d8+4,1.0,B
6268,37,18,7,4,1d8+4,1d8+4,50,18,7,3,1d10+4,1d6+4,3.0,A
6269,43,16,7,4,1d12+4,1d8+4,47,14,7,4,1d10+4,1d6+4,7.0,A
6270,50,17,7,3,1d8+4,1d8+4,36,15,7,3,1d10+4,1d8+4,8.0,A
6271,38,16,7,3,1d12+4,1d8+4,43,14,7,3,1d12+4,1d8+4,9.0,A
6272,32,17,7,5,1d10+4,1d8+4,48,16,7,3,1d12+4,1d8+4,1.0,B
6273,36,15,7,3,1d12+4,1d8+4,32,15,7,4,1d10+4,1d6+4,8.0,A
6274,39,15,7,5,1d8+4,1d8+4,32,15,7,3,1d8+4,1d8+4,5.0,A
6275,48,14,7,3,1d12+4,1d8+4,42,15,7,3,1d8+4,1d6+4,7.0,B
6276,42,18,7,4,1d8+4,1d6+4,46,17,7,5,1d8+4,1d8+4,9.0,B
6277,33,18,7,4,1d8+4,1d8+4,46,15,7,3,1d8+4,1d8+4,3.0,A
6278,48,16,7,4,1d8+4,1d6+4,48,17,7,3,1d10+4,1d6+4,8.0,B
6279,32,14,7,4,1d10+4,1d8+4,50,17,7,4,1d8+4,1d6+4,4.0,B
6280,32,14,7,4,1d12+4,1d8+4,45,15,7,5,1d12+4,1d6+4,7.0,B
6281,31,14,7,5,1d10+4,1d8+4,43,16,7,4,1d8+4,1d6+4,8.0,B
6282,49,14,7,4,1d10+4,1d8+4,31,18,7,3,1d12+4,1d8+4,8.0,A
6283,30,15,7,3,1d12+4,1d8+4,50,14,7,5,1d8+4,1d6+4,9.0,B
6284,48,18,7,3,1d10+4,1d8+4,41,14,7,4,1d10+4,1d6+4,7.0,A
6285,42,17,7,4,1d8+4,1d6+4,45,15,7,4,1d8+4,1d8+4,10.0,A
6286,40,17,7,5,1d12+4,1d8+4,41,14,7,3,1d12+4,1d6+4,1.0,A
6287,37,15,7,3,1d8+4,1d8+4,43,15,7,3,1d12+4,1d8+4,0.0,B
6288,33,16,7,5,1d10+4,1d8+4,32,16,7,3,1d12+4,1d8+4,4.0,B
6289,30,15,7,5,1d8+4,1d8+4,32,14,7,4,1d8+4,1d8+4,8.0,A
6290,47,15,7,5,1d10+4,1d8+4,34,17,7,3,1d10+4,1d6+4,5.0,B
6291,38,15,7,5,1d10+4,1d8+4,37,17,7,4,1d12+4,1d8+4,2.0,B
6292,50,17,7,4,1d8+4,1d6+4,44,18,7,4,1d8+4,1d8+4,7.0,B
6293,32,17,7,3,1d10+4,1d8+4,40,17,7,3,1d8+4,1d8+4,0.0,A
6294,45,17,7,4,1d8+4,1d8+4,36,17,7,3,1d10+4,1d8+4,4.0,B
6295,36,17,7,5,1d8+4,1d6+4,42,16,7,4,1d8+4,1d8+4,9.0,B
6296,43,17,7,3,1d10+4,1d6+4,50,16,7,5,1d10+4,1d6+4,0.0,B
6297,34,18,7,3,1d8+4,1d6+4,42,15,7,4,1d8+4,1d8+4,10.0,B
6298,43,16,7,5,1d8+4,1d6+4,35,18,7,3,1d8+4,1d6+4,8.0,A
6299,42,18,7,5,1d10+4,1d8+4,46,16,7,3,1d12+4,1d6+4,0.0,A
6300,32,14,7,5,1d10+4,1d6+4,37,15,7,3,1d8+4,1d6+4,0.0,B
6301,34,18,7,5,1d8+4,1d6+4,35,16,7,4,1d10+4,1d8+4,9.0,B
6302,48,18,7,4,1d10+4,1d8+4,49,14,7,5,1d10+4,1d8+4,9.0,A
6303,43,15,7,3,1d12+4,1d6+4,48,16,7,3,1d8+4,1d8+4,8.0,A
6304,30,18,7,4,1d8+4,1d6+4,36,17,7,4,1d12+4,1d8+4,8.0,A
6305,38,14,7,4,1d10+4,1d6+4,33,15,7,4,1d8+4,1d6+4,6.0,A
6306,39,18,7,3,1d8+4,1d8+4,40,16,7,4,1d12+4,1d8+4,0.0,B
6307,47,14,7,3,1d10+4,1d6+4,40,17,7,3,1d8+4,1d6+4,7.0,A
6308,49,17,7,3,1d10+4,1d8+4,48,15,7,5,1d8+4,1d8+4,8.0,A
6309,39,16,7,3,1d8+4,1d6+4,48,14,7,5,1d8+4,1d8+4,5.0,B
6310,45,18,7,4,1d12+4,1d6+4,41,15,7,4,1d8+4,1d8+4,2.0,A
6311,46,18,7,4,1d12+4,1d6+4,33,17,7,5,1d8+4,1d8+4,6.0,A
6312,48,16,7,4,1d8+4,1d8+4,30,18,7,4,1d12+4,1d8+4,0.0,A
6313,44,16,7,5,1d10+4,1d8+4,33,18,7,4,1d10+4,1d8+4,3.0,A
6314,33,14,7,5,1d8+4,1d6+4,36,14,7,5,1d12+4,1d6+4,5.0,A
6315,34,15,7,3,1d12+4,1d8+4,49,17,7,5,1d10+4,1d6+4,1.0,B
6316,44,16,7,5,1d8+4,1d6+4,30,17,7,3,1d10+4,1d6+4,9.0,B
6317,47,16,7,4,1d8+4,1d6+4,49,18,7,3,1d12+4,1d8+4,1.0,A
6318,36,16,7,4,1d10+4,1d6+4,40,18,7,5,1d12+4,1d8+4,6.0,B
6319,35,17,7,3,1d12+4,1d6+4,40,17,7,3,1d12+4,1d6+4,2.0,A
6320,32,14,7,4,1d12+4,1d8+4,34,17,7,4,1d8+4,1d6+4,1.0,B
6321,36,16,7,3,1d8+4,1d8+4,44,15,7,4,1d10+4,1d6+4,7.0,A
6322,37,15,7,3,1d8+4,1d8+4,46,16,7,4,1d10+4,1d8+4,2.0,A
6323,33,18,7,3,1d8+4,1d8+4,31,15,7,3,1d12+4,1d6+4,2.0,A
6324,39,18,7,5,1d10+4,1d8+4,44,14,7,5,1d10+4,1d6+4,2.0,B
6325,43,17,7,5,1d10+4,1d8+4,50,17,7,5,1d8+4,1d8+4,10.0,B
6326,46,16,7,3,1d10+4,1d6+4,38,16,7,5,1d8+4,1d8+4,4.0,B
6327,37,14,7,3,1d10+4,1d6+4,49,14,7,5,1d8+4,1d8+4,1.0,A
6328,43,17,7,3,1d10+4,1d8+4,50,15,7,5,1d8+4,1d6+4,7.0,B
6329,35,18,7,3,1d10+4,1d8+4,42,18,7,4,1d8+4,1d8+4,8.0,B
6330,50,17,7,5,1d10+4,1d8+4,45,15,7,4,1d8+4,1d6+4,8.0,B
6331,49,17,7,3,1d10+4,1d6+4,42,17,7,3,1d8+4,1d8+4,10.0,A
6332,47,14,7,3,1d10+4,1d6+4,45,17,7,4,1d8+4,1d6+4,3.0,A
6333,48,15,7,5,1d8+4,1d8+4,34,16,7,4,1d8+4,1d6+4,1.0,B
6334,45,15,7,3,1d10+4,1d8+4,48,17,7,5,1d8+4,1d6+4,8.0,B
6335,39,17,7,5,1d12+4,1d8+4,37,17,7,4,1d12+4,1d8+4,5.0,A
6336,30,18,7,4,1d12+4,1d8+4,32,15,7,5,1d10+4,1d8+4,9.0,A
6337,48,15,7,4,1d10+4,1d8+4,41,16,7,5,1d10+4,1d8+4,3.0,A
6338,31,14,7,3,1d12+4,1d8+4,35,14,7,4,1d12+4,1d6+4,6.0,B
6339,44,17,7,5,1d12+4,1d8+4,47,16,7,3,1d12+4,1d8+4,10.0,A
6340,48,15,7,5,1d8+4,1d6+4,41,15,7,5,1d10+4,1d6+4,10.0,A
6341,38,18,7,5,1d10+4,1d6+4,38,18,7,4,1d8+4,1d8+4,4.0,B
6342,50,18,7,5,1d12+4,1d6+4,43,15,7,3,1d12+4,1d6+4,7.0,A
6343,47,15,7,3,1d10+4,1d6+4,30,16,7,3,1d8+4,1d8+4,0.0,A
6344,38,14,7,3,1d8+4,1d6+4,34,15,7,4,1d10+4,1d8+4,1.0,A
6345,49,16,7,5,1d12+4,1d8+4,47,14,7,4,1d12+4,1d6+4,10.0,A
6346,46,16,7,5,1d8+4,1d6+4,50,15,7,3,1d10+4,1d8+4,1.0,B
6347,39,14,7,3,1d10+4,1d8+4,44,14,7,4,1d8+4,1d8+4,10.0,B
6348,30,17,7,5,1d10+4,1d6+4,43,16,7,3,1d10+4,1d8+4,7.0,A
6349,49,17,7,4,1d12+4,1d8+4,50,17,7,4,1d10+4,1d6+4,5.0,A
6350,50,18,7,3,1d10+4,1d8+4,46,18,7,4,1d12+4,1d6+4,1.0,A
6351,48,17,7,4,1d12+4,1d6+4,37,14,7,5,1d12+4,1d6+4,0.0,B
6352,35,17,7,4,1d8+4,1d6+4,34,18,7,3,1d12+4,1d8+4,6.0,A
6353,44,16,7,5,1d8+4,1d8+4,40,14,7,5,1d10+4,1d6+4,5.0,A
6354,41,16,7,3,1d8+4,1d8+4,34,18,7,4,1d10+4,1d6+4,10.0,A
6355,41,15,7,4,1d8+4,1d6+4,47,16,7,5,1d12+4,1d8+4,5.0,A
6356,30,16,7,3,1d10+4,1d8+4,44,15,7,3,1d12+4,1d8+4,6.0,B
6357,42,16,7,5,1d10+4,1d8+4,35,15,7,5,1d8+4,1d6+4,5.0,A
6358,39,18,7,5,1d10+4,1d6+4,30,17,7,5,1d12+4,1d8+4,9.0,B
6359,41,14,7,5,1d12+4,1d6+4,30,15,7,4,1d8+4,1d6+4,10.0,A
6360,42,14,7,4,1d8+4,1d8+4,48,17,7,4,1d8+4,1d8+4,4.0,A
6361,46,17,7,4,1d10+4,1d6+4,36,14,7,5,1d12+4,1d6+4,7.0,B
6362,34,16,7,4,1d12+4,1d8+4,34,14,7,3,1d8+4,1d6+4,5.0,A
6363,38,17,7,5,1d8+4,1d8+4,37,15,7,3,1d12+4,1d6+4,4.0,B
6364,47,14,7,5,1d8+4,1d6+4,44,18,7,5,1d8+4,1d6+4,6.0,B
6365,41,18,7,5,1d8+4,1d8+4,34,18,7,5,1d12+4,1d6+4,4.0,A
6366,44,18,7,3,1d10+4,1d8+4,49,18,7,5,1d12+4,1d8+4,6.0,B
6367,34,14,7,3,1d12+4,1d8+4,30,18,7,4,1d12+4,1d8+4,4.0,A
6368,35,18,7,4,1d10+4,1d6+4,39,17,7,5,1d8+4,1d6+4,3.0,A
6369,50,15,7,3,1d12+4,1d8+4,37,15,7,4,1d10+4,1d8+4,6.0,A
6370,34,18,7,5,1d8+4,1d6+4,44,15,7,5,1d8+4,1d8+4,6.0,A
6371,44,18,7,3,1d12+4,1d8+4,32,17,7,5,1d10+4,1d8+4,4.0,A
6372,47,15,7,3,1d12+4,1d6+4,48,14,7,4,1d10+4,1d6+4,10.0,B
6373,42,14,7,4,1d10+4,1d8+4,50,17,7,4,1d8+4,1d6+4,9.0,A
6374,33,18,7,3,1d10+4,1d6+4,34,14,7,5,1d12+4,1d8+4,3.0,A
6375,33,18,7,3,1d8+4,1d6+4,39,16,7,3,1d10+4,1d6+4,6.0,A
6376,47,15,7,3,1d10+4,1d8+4,41,16,7,4,1d8+4,1d8+4,5.0,A
6377,50,18,7,5,1d10+4,1d8+4,47,15,7,5,1d8+4,1d6+4,2.0,A
6378,33,14,7,4,1d10+4,1d8+4,39,17,7,5,1d12+4,1d8+4,2.0,B
6379,40,17,7,4,1d10+4,1d6+4,50,18,7,5,1d10+4,1d8+4,6.0,A
6380,33,16,7,5,1d8+4,1d8+4,33,14,7,5,1d8+4,1d8+4,9.0,A
6381,49,17,7,5,1d8+4,1d6+4,46,16,7,5,1d8+4,1d8+4,1.0,B
6382,41,16,7,5,1d8+4,1d6+4,44,16,7,4,1d8+4,1d6+4,5.0,A
6383,47,16,7,3,1d8+4,1d6+4,30,16,7,3,1d10+4,1d6+4,8.0,A
6384,36,18,7,3,1d10+4,1d6+4,49,17,7,5,1d12+4,1d6+4,4.0,A
6385,45,16,7,5,1d12+4,1d8+4,48,17,7,3,1d8+4,1d8+4,7.0,A
6386,33,15,7,5,1d8+4,1d8+4,50,18,7,3,1d8+4,1d6+4,1.0,A
6387,33,18,7,4,1d12+4,1d8+4,50,16,7,4,1d12+4,1d8+4,0.0,B
6388,48,17,7,4,1d8+4,1d6+4,33,18,7,5,1d12+4,1d8+4,1.0,A
6389,30,16,7,3,1d10+4,1d6+4,50,14,7,5,1d8+4,1d8+4,6.0,A
6390,41,16,7,5,1d10+4,1d8+4,38,17,7,4,1d12+4,1d8+4,10.0,B
6391,33,14,7,5,1d12+4,1d8+4,37,18,7,4,1d12+4,1d8+4,4.0,B
6392,36,18,7,3,1d12+4,1d8+4,37,15,7,3,1d12+4,1d6+4,8.0,B
6393,32,18,7,4,1d10+4,1d6+4,42,14,7,5,1d12+4,1d8+4,7.0,A
6394,38,14,7,5,1d12+4,1d6+4,32,16,7,5,1d8+4,1d8+4,7.0,B
6395,49,15,7,4,1d10+4,1d8+4,47,14,7,4,1d10+4,1d6+4,4.0,A
6396,35,18,7,3,1d10+4,1d8+4,36,15,7,3,1d10+4,1d6+4,9.0,A
6397,41,18,7,5,1d8+4,1d8+4,33,15,7,5,1d8+4,1d8+4,7.0,A
6398,40,17,7,3,1d12+4,1d8+4,45,14,7,5,1d10+4,1d6+4,4.0,B
6399,35,17,7,3,1d8+4,1d6+4,33,18,7,3,1d12+4,1d6+4,10.0,A
6400,42,15,7,3,1d12+4,1d8+4,31,15,7,4,1d12+4,1d6+4,7.0,A
6401,31,14,7,3,1d8+4,1d6+4,48,17,7,3,1d10+4,1d6+4,1.0,B
6402,35,16,7,4,1d10+4,1d6+4,33,14,7,3,1d10+4,1d8+4,6.0,A
6403,48,15,7,3,1d8+4,1d8+4,48,15,7,4,1d12+4,1d8+4,9.0,A
6404,49,16,7,5,1d8+4,1d6+4,42,17,7,4,1d12+4,1d8+4,9.0,B
6405,49,18,7,3,1d10+4,1d8+4,48,18,7,5,1d8+4,1d6+4,4.0,B
6406,43,15,7,3,1d10+4,1d8+4,41,15,7,5,1d12+4,1d8+4,0.0,A
6407,45,14,7,4,1d12+4,1d8+4,40,14,7,4,1d12+4,1d6+4,9.0,A
6408,44,15,7,4,1d10+4,1d8+4,36,16,7,4,1d12+4,1d6+4,8.0,A
6409,34,15,7,4,1d12+4,1d6+4,49,14,7,4,1d12+4,1d6+4,5.0,B
6410,46,18,7,3,1d8+4,1d8+4,34,16,7,4,1d12+4,1d6+4,9.0,B
6411,31,17,7,4,1d12+4,1d8+4,47,16,7,5,1d10+4,1d8+4,7.0,B
6412,41,18,7,4,1d12+4,1d6+4,44,18,7,5,1d8+4,1d8+4,3.0,B
6413,32,18,7,3,1d10+4,1d6+4,31,14,7,3,1d10+4,1d8+4,8.0,B
6414,46,18,7,5,1d12+4,1d6+4,32,18,7,3,1d8+4,1d6+4,1.0,A
6415,49,17,7,4,1d8+4,1d6+4,45,16,7,4,1d8+4,1d8+4,5.0,A
6416,40,16,7,3,1d10+4,1d8+4,33,14,7,4,1d8+4,1d8+4,8.0,A
6417,31,18,7,5,1d8+4,1d6+4,39,15,7,3,1d10+4,1d8+4,8.0,B
6418,31,16,7,4,1d8+4,1d8+4,35,15,7,4,1d8+4,1d6+4,2.0,A
6419,49,15,7,3,1d10+4,1d6+4,40,16,7,3,1d12+4,1d6+4,7.0,A
6420,47,15,7,4,1d8+4,1d8+4,35,17,7,4,1d12+4,1d6+4,9.0,A
6421,47,15,7,3,1d10+4,1d8+4,39,16,7,3,1d10+4,1d8+4,6.0,A
6422,40,14,7,5,1d8+4,1d8+4,45,18,7,4,1d10+4,1d6+4,3.0,B
6423,43,18,7,5,1d8+4,1d8+4,37,18,7,5,1d12+4,1d8+4,10.0,A
6424,41,16,7,5,1d12+4,1d6+4,46,14,7,4,1d8+4,1d8+4,3.0,B
6425,40,16,7,3,1d8+4,1d6+4,48,14,7,4,1d12+4,1d6+4,7.0,A
6426,33,15,7,3,1d10+4,1d6+4,43,17,7,3,1d10+4,1d8+4,9.0,A
6427,37,17,7,3,1d12+4,1d6+4,46,14,7,4,1d12+4,1d6+4,0.0,A
6428,31,18,7,4,1d12+4,1d8+4,33,15,7,5,1d8+4,1d8+4,7.0,B
6429,39,16,7,3,1d8+4,1d6+4,41,18,7,4,1d10+4,1d6+4,1.0,B
6430,31,14,7,3,1d8+4,1d8+4,38,15,7,5,1d10+4,1d8+4,5.0,A
6431,46,16,7,5,1d8+4,1d8+4,34,16,7,4,1d12+4,1d8+4,1.0,A
6432,32,15,7,5,1d8+4,1d6+4,34,17,7,4,1d12+4,1d6+4,2.0,B
6433,33,15,7,5,1d10+4,1d8+4,50,16,7,3,1d8+4,1d8+4,4.0,A
6434,37,14,7,5,1d8+4,1d6+4,35,15,7,3,1d8+4,1d8+4,7.0,A
6435,41,14,7,5,1d12+4,1d8+4,33,16,7,3,1d8+4,1d6+4,8.0,A
6436,48,15,7,3,1d12+4,1d8+4,42,15,7,3,1d10+4,1d6+4,0.0,B
6437,40,17,7,3,1d10+4,1d6+4,40,15,7,4,1d8+4,1d6+4,4.0,A
6438,46,16,7,4,1d8+4,1d6+4,49,16,7,4,1d10+4,1d8+4,7.0,A
6439,47,16,7,4,1d8+4,1d8+4,38,17,7,5,1d10+4,1d8+4,10.0,A
6440,35,17,7,4,1d10+4,1d8+4,34,18,7,3,1d12+4,1d6+4,6.0,B
6441,49,15,7,3,1d12+4,1d6+4,40,15,7,5,1d12+4,1d6+4,9.0,A
6442,30,16,7,3,1d12+4,1d6+4,38,16,7,3,1d8+4,1d8+4,0.0,B
6443,48,18,7,4,1d12+4,1d6+4,49,15,7,4,1d8+4,1d8+4,1.0,A
6444,32,16,7,4,1d8+4,1d8+4,32,15,7,5,1d12+4,1d8+4,8.0,A
6445,30,17,7,5,1d12+4,1d6+4,33,16,7,3,1d12+4,1d8+4,9.0,A
6446,46,14,7,3,1d10+4,1d6+4,42,15,7,3,1d12+4,1d8+4,6.0,A
6447,41,15,7,4,1d8+4,1d6+4,42,16,7,3,1d12+4,1d6+4,2.0,B
6448,33,15,7,5,1d12+4,1d6+4,35,14,7,4,1d10+4,1d6+4,10.0,A
6449,42,18,7,4,1d8+4,1d6+4,35,18,7,5,1d12+4,1d8+4,5.0,A
6450,34,16,7,5,1d10+4,1d6+4,39,15,7,4,1d10+4,1d8+4,7.0,A
6451,32,15,7,3,1d12+4,1d6+4,30,18,7,5,1d12+4,1d6+4,0.0,B
6452,40,18,7,4,1d10+4,1d8+4,42,15,7,3,1d10+4,1d8+4,1.0,A
6453,32,18,7,3,1d12+4,1d8+4,46,17,7,3,1d12+4,1d8+4,7.0,B
6454,31,17,7,5,1d12+4,1d8+4,44,18,7,4,1d8+4,1d8+4,7.0,A
6455,41,16,7,3,1d10+4,1d6+4,34,17,7,4,1d8+4,1d8+4,9.0,B
6456,42,14,7,5,1d10+4,1d8+4,40,14,7,3,1d10+4,1d6+4,9.0,B
6457,32,15,7,3,1d8+4,1d8+4,38,18,7,4,1d12+4,1d8+4,3.0,B
6458,45,14,7,3,1d12+4,1d8+4,48,16,7,4,1d10+4,1d8+4,5.0,A
6459,47,16,7,3,1d10+4,1d6+4,40,17,7,4,1d10+4,1d8+4,0.0,A
6460,31,18,7,4,1d12+4,1d6+4,38,16,7,5,1d10+4,1d8+4,7.0,B
6461,35,16,7,3,1d8+4,1d8+4,47,16,7,4,1d12+4,1d8+4,10.0,A
6462,33,17,7,4,1d12+4,1d6+4,39,14,7,3,1d10+4,1d8+4,5.0,A
6463,48,18,7,3,1d12+4,1d8+4,41,18,7,5,1d12+4,1d8+4,10.0,A
6464,41,14,7,4,1d10+4,1d6+4,32,18,7,4,1d12+4,1d8+4,8.0,B
6465,47,16,7,5,1d8+4,1d8+4,48,14,7,3,1d8+4,1d8+4,9.0,A
6466,48,14,7,4,1d10+4,1d6+4,44,15,7,5,1d12+4,1d8+4,5.0,A
6467,37,16,7,5,1d8+4,1d8+4,32,16,7,5,1d8+4,1d6+4,4.0,B
6468,33,14,7,5,1d8+4,1d8+4,45,16,7,3,1d12+4,1d6+4,1.0,B
6469,34,15,7,4,1d10+4,1d8+4,40,18,7,4,1d10+4,1d6+4,5.0,A
6470,47,18,7,5,1d8+4,1d8+4,48,18,7,5,1d8+4,1d6+4,5.0,A
6471,34,16,7,3,1d12+4,1d6+4,39,17,7,5,1d8+4,1d8+4,4.0,B
6472,45,16,7,4,1d8+4,1d6+4,34,16,7,4,1d12+4,1d6+4,4.0,A
6473,40,16,7,4,1d8+4,1d6+4,48,17,7,3,1d12+4,1d6+4,7.0,A
6474,46,17,7,4,1d10+4,1d6+4,43,16,7,5,1d10+4,1d6+4,0.0,A
6475,46,17,7,5,1d12+4,1d6+4,45,16,7,3,1d12+4,1d6+4,2.0,A
6476,42,16,7,4,1d10+4,1d8+4,43,15,7,3,1d12+4,1d8+4,6.0,B
6477,37,14,7,5,1d12+4,1d8+4,41,15,7,4,1d8+4,1d8+4,7.0,B
6478,50,16,7,4,1d10+4,1d6+4,50,18,7,5,1d10+4,1d8+4,0.0,B
6479,42,17,7,3,1d8+4,1d6+4,41,17,7,3,1d12+4,1d8+4,3.0,A
6480,45,14,7,4,1d8+4,1d6+4,46,17,7,3,1d10+4,1d6+4,5.0,B
6481,42,16,7,3,1d8+4,1d6+4,37,15,7,3,1d10+4,1d8+4,7.0,A
6482,30,15,7,3,1d12+4,1d6+4,38,14,7,5,1d12+4,1d8+4,1.0,A
6483,43,17,7,3,1d10+4,1d8+4,39,17,7,3,1d8+4,1d6+4,2.0,A
6484,32,18,7,3,1d8+4,1d6+4,47,16,7,4,1d12+4,1d6+4,9.0,B
6485,47,18,7,3,1d10+4,1d6+4,46,17,7,3,1d8+4,1d6+4,0.0,A
6486,43,14,7,4,1d12+4,1d8+4,40,14,7,5,1d12+4,1d6+4,7.0,B
6487,31,17,7,5,1d8+4,1d6+4,31,16,7,5,1d12+4,1d6+4,4.0,B
6488,38,14,7,4,1d12+4,1d8+4,33,15,7,3,1d12+4,1d6+4,4.0,A
6489,42,18,7,4,1d8+4,1d6+4,43,15,7,5,1d8+4,1d6+4,9.0,A
6490,32,14,7,5,1d10+4,1d6+4,40,18,7,4,1d8+4,1d8+4,10.0,B
6491,30,16,7,5,1d12+4,1d8+4,35,17,7,5,1d12+4,1d6+4,3.0,A
6492,40,14,7,4,1d10+4,1d6+4,33,15,7,4,1d8+4,1d6+4,0.0,A
6493,46,15,7,3,1d10+4,1d8+4,32,17,7,5,1d10+4,1d6+4,0.0,A
6494,34,15,7,4,1d8+4,1d6+4,40,14,7,5,1d12+4,1d6+4,7.0,B
6495,36,14,7,4,1d8+4,1d6+4,50,16,7,3,1d12+4,1d8+4,0.0,B
6496,38,15,7,5,1d8+4,1d8+4,50,18,7,3,1d8+4,1d6+4,8.0,A
6497,47,18,7,4,1d12+4,1d6+4,37,18,7,4,1d8+4,1d8+4,4.0,A
6498,48,17,7,3,1d8+4,1d8+4,31,15,7,5,1d12+4,1d8+4,3.0,B
6499,42,14,7,4,1d10+4,1d8+4,47,15,7,4,1d8+4,1d6+4,9.0,A
6500,31,16,7,5,1d10+4,1d8+4,31,17,7,4,1d10+4,1d8+4,6.0,A
6501,32,17,7,5,1d12+4,1d6+4,39,18,7,4,1d8+4,1d6+4,7.0,B
6502,32,16,7,3,1d12+4,1d6+4,38,15,7,5,1d8+4,1d6+4,10.0,A
6503,43,18,7,3,1d10+4,1d6+4,46,16,7,5,1d10+4,1d8+4,3.0,A
6504,40,16,7,3,1d12+4,1d8+4,48,14,7,3,1d12+4,1d6+4,3.0,B
6505,42,14,7,4,1d8+4,1d8+4,47,18,7,5,1d12+4,1d8+4,0.0,B
6506,34,16,7,4,1d12+4,1d6+4,44,16,7,4,1d8+4,1d6+4,4.0,A
6507,37,16,7,5,1d12+4,1d8+4,47,15,7,5,1d8+4,1d6+4,10.0,B
6508,40,15,7,5,1d10+4,1d8+4,32,15,7,5,1d8+4,1d6+4,0.0,A
6509,39,17,7,4,1d12+4,1d6+4,43,18,7,5,1d12+4,1d6+4,2.0,B
6510,43,15,7,3,1d12+4,1d8+4,43,16,7,5,1d8+4,1d8+4,6.0,B
6511,35,15,7,5,1d12+4,1d8+4,30,18,7,5,1d12+4,1d6+4,6.0,B
6512,31,17,7,4,1d12+4,1d8+4,47,17,7,5,1d8+4,1d6+4,7.0,B
6513,33,14,7,5,1d8+4,1d6+4,32,14,7,4,1d12+4,1d8+4,3.0,A
6514,36,18,7,5,1d10+4,1d6+4,33,18,7,3,1d8+4,1d6+4,10.0,A
6515,31,16,7,3,1d10+4,1d6+4,44,18,7,4,1d8+4,1d8+4,1.0,B
6516,46,16,7,4,1d12+4,1d6+4,49,16,7,5,1d12+4,1d8+4,2.0,B
6517,46,14,7,3,1d10+4,1d8+4,45,15,7,5,1d8+4,1d8+4,2.0,A
6518,45,18,7,5,1d10+4,1d6+4,47,14,7,4,1d12+4,1d8+4,1.0,A
6519,36,14,7,3,1d10+4,1d6+4,34,17,7,3,1d8+4,1d6+4,4.0,A
6520,38,16,7,3,1d8+4,1d8+4,38,14,7,4,1d10+4,1d6+4,7.0,B
6521,31,14,7,5,1d8+4,1d6+4,48,15,7,4,1d12+4,1d8+4,1.0,B
6522,44,17,7,3,1d12+4,1d6+4,39,15,7,5,1d10+4,1d6+4,5.0,B
6523,44,15,7,4,1d8+4,1d6+4,46,18,7,4,1d10+4,1d8+4,4.0,B
6524,37,18,7,4,1d8+4,1d8+4,48,15,7,3,1d8+4,1d6+4,6.0,A
6525,49,18,7,3,1d10+4,1d8+4,48,17,7,5,1d10+4,1d6+4,0.0,A
6526,50,18,7,3,1d8+4,1d6+4,44,14,7,3,1d12+4,1d8+4,5.0,B
6527,33,16,7,5,1d8+4,1d8+4,39,18,7,4,1d8+4,1d8+4,4.0,B
6528,34,16,7,5,1d10+4,1d6+4,46,15,7,5,1d12+4,1d6+4,2.0,B
6529,39,15,7,5,1d12+4,1d6+4,43,15,7,3,1d8+4,1d8+4,6.0,B
6530,31,18,7,5,1d10+4,1d6+4,38,18,7,3,1d10+4,1d8+4,3.0,B
6531,35,18,7,5,1d8+4,1d6+4,49,17,7,4,1d10+4,1d8+4,9.0,B
6532,42,16,7,4,1d12+4,1d6+4,44,14,7,4,1d8+4,1d6+4,2.0,B
6533,34,18,7,3,1d12+4,1d8+4,39,15,7,5,1d10+4,1d6+4,7.0,B
6534,30,15,7,4,1d10+4,1d6+4,34,18,7,5,1d12+4,1d6+4,10.0,B
6535,38,17,7,5,1d12+4,1d8+4,41,17,7,3,1d8+4,1d6+4,6.0,A
6536,45,16,7,3,1d12+4,1d8+4,41,17,7,3,1d10+4,1d8+4,2.0,B
6537,44,18,7,4,1d8+4,1d6+4,33,16,7,4,1d10+4,1d6+4,9.0,A
6538,39,18,7,3,1d8+4,1d6+4,45,16,7,4,1d8+4,1d6+4,7.0,A
6539,49,18,7,3,1d12+4,1d6+4,38,17,7,5,1d10+4,1d8+4,7.0,B
6540,31,15,7,5,1d8+4,1d6+4,36,15,7,3,1d8+4,1d8+4,1.0,A
6541,46,15,7,4,1d12+4,1d8+4,33,16,7,4,1d10+4,1d6+4,10.0,A
6542,48,16,7,3,1d10+4,1d6+4,49,16,7,3,1d8+4,1d8+4,7.0,B
6543,38,15,7,4,1d10+4,1d8+4,41,18,7,5,1d10+4,1d8+4,2.0,B
6544,42,16,7,4,1d12+4,1d8+4,40,18,7,3,1d10+4,1d8+4,2.0,B
6545,40,15,7,5,1d12+4,1d6+4,48,16,7,4,1d12+4,1d8+4,4.0,A
6546,34,18,7,3,1d10+4,1d8+4,35,17,7,4,1d10+4,1d6+4,10.0,A
6547,33,17,7,5,1d12+4,1d6+4,40,17,7,4,1d8+4,1d8+4,3.0,A
6548,31,15,7,5,1d10+4,1d6+4,32,16,7,4,1d12+4,1d8+4,10.0,B
6549,41,14,7,3,1d12+4,1d6+4,39,18,7,4,1d10+4,1d8+4,0.0,A
6550,45,17,7,5,1d8+4,1d6+4,36,17,7,4,1d12+4,1d8+4,10.0,B
6551,37,18,7,3,1d12+4,1d6+4,33,15,7,5,1d12+4,1d8+4,4.0,A
6552,45,18,7,5,1d10+4,1d6+4,43,16,7,3,1d8+4,1d8+4,1.0,A
6553,47,15,7,3,1d10+4,1d6+4,30,17,7,3,1d12+4,1d8+4,8.0,A
6554,40,15,7,5,1d10+4,1d6+4,32,17,7,4,1d10+4,1d8+4,3.0,A
6555,44,14,7,3,1d8+4,1d8+4,48,14,7,5,1d10+4,1d8+4,10.0,B
6556,40,14,7,3,1d8+4,1d6+4,43,18,7,5,1d8+4,1d6+4,9.0,A
6557,37,17,7,5,1d10+4,1d8+4,34,18,7,5,1d10+4,1d8+4,3.0,B
6558,31,15,7,3,1d10+4,1d6+4,43,18,7,5,1d12+4,1d6+4,9.0,B
6559,50,17,7,3,1d8+4,1d6+4,30,14,7,4,1d12+4,1d6+4,1.0,B
6560,45,18,7,3,1d8+4,1d6+4,42,18,7,5,1d10+4,1d6+4,9.0,B
6561,47,14,7,4,1d8+4,1d8+4,32,15,7,5,1d8+4,1d6+4,3.0,A
6562,45,14,7,4,1d12+4,1d8+4,42,15,7,3,1d8+4,1d8+4,7.0,A
6563,38,18,7,4,1d10+4,1d8+4,48,14,7,3,1d12+4,1d8+4,6.0,A
6564,38,14,7,4,1d8+4,1d6+4,38,18,7,5,1d10+4,1d6+4,0.0,B
6565,36,14,7,4,1d10+4,1d6+4,43,16,7,3,1d8+4,1d6+4,6.0,A
6566,30,16,7,5,1d8+4,1d8+4,37,15,7,5,1d10+4,1d6+4,5.0,B
6567,40,17,7,5,1d8+4,1d8+4,38,15,7,4,1d8+4,1d8+4,10.0,B
6568,49,14,7,3,1d8+4,1d6+4,40,17,7,4,1d10+4,1d8+4,7.0,A
6569,32,15,7,5,1d12+4,1d8+4,38,16,7,4,1d10+4,1d6+4,10.0,B
6570,33,18,7,4,1d12+4,1d8+4,46,15,7,4,1d8+4,1d6+4,3.0,A
6571,41,18,7,3,1d10+4,1d6+4,34,14,7,3,1d10+4,1d8+4,1.0,A
6572,50,17,7,3,1d8+4,1d6+4,35,15,7,5,1d8+4,1d6+4,2.0,A
6573,37,18,7,4,1d10+4,1d6+4,34,15,7,3,1d12+4,1d6+4,4.0,A
6574,31,15,7,5,1d12+4,1d8+4,34,15,7,3,1d8+4,1d6+4,6.0,B
6575,32,17,7,4,1d10+4,1d8+4,40,17,7,4,1d10+4,1d6+4,10.0,A
6576,35,18,7,5,1d10+4,1d6+4,47,18,7,3,1d12+4,1d6+4,6.0,B
6577,50,16,7,4,1d8+4,1d8+4,48,15,7,4,1d10+4,1d8+4,8.0,A
6578,43,14,7,3,1d12+4,1d6+4,39,15,7,3,1d10+4,1d6+4,3.0,B
6579,42,16,7,3,1d8+4,1d8+4,41,16,7,5,1d8+4,1d8+4,6.0,A
6580,32,14,7,4,1d12+4,1d6+4,45,16,7,5,1d8+4,1d8+4,9.0,B
6581,35,15,7,5,1d10+4,1d8+4,46,18,7,3,1d8+4,1d8+4,5.0,B
6582,30,16,7,3,1d8+4,1d6+4,36,18,7,3,1d10+4,1d6+4,7.0,B
6583,45,14,7,4,1d10+4,1d6+4,47,18,7,4,1d12+4,1d6+4,5.0,B
6584,44,17,7,3,1d8+4,1d8+4,48,17,7,4,1d10+4,1d6+4,0.0,B
6585,35,14,7,3,1d8+4,1d6+4,43,16,7,3,1d12+4,1d8+4,5.0,A
6586,50,14,7,4,1d12+4,1d8+4,33,14,7,5,1d10+4,1d8+4,4.0,A
6587,38,14,7,3,1d10+4,1d6+4,36,17,7,3,1d8+4,1d8+4,7.0,B
6588,45,17,7,4,1d8+4,1d8+4,40,16,7,3,1d8+4,1d8+4,2.0,A
6589,32,18,7,5,1d8+4,1d6+4,37,15,7,5,1d10+4,1d8+4,3.0,A
6590,47,16,7,4,1d12+4,1d6+4,34,15,7,5,1d10+4,1d6+4,7.0,A
6591,32,14,7,5,1d10+4,1d6+4,35,14,7,4,1d10+4,1d8+4,3.0,B
6592,39,16,7,4,1d8+4,1d8+4,47,18,7,4,1d8+4,1d6+4,2.0,B
6593,48,18,7,4,1d8+4,1d8+4,32,14,7,3,1d8+4,1d6+4,7.0,A
6594,43,15,7,5,1d10+4,1d6+4,35,14,7,3,1d10+4,1d6+4,1.0,A
6595,45,17,7,5,1d8+4,1d8+4,46,15,7,4,1d12+4,1d8+4,2.0,B
6596,36,14,7,5,1d12+4,1d8+4,49,14,7,5,1d8+4,1d8+4,7.0,A
6597,38,15,7,5,1d8+4,1d8+4,45,17,7,3,1d10+4,1d8+4,0.0,A
6598,36,16,7,4,1d10+4,1d8+4,37,18,7,3,1d12+4,1d6+4,7.0,B
6599,49,14,7,4,1d10+4,1d8+4,37,14,7,5,1d8+4,1d6+4,6.0,B
6600,49,18,7,4,1d12+4,1d8+4,45,18,7,4,1d10+4,1d8+4,9.0,A
6601,37,18,7,5,1d8+4,1d8+4,50,17,7,5,1d10+4,1d8+4,4.0,A
6602,33,14,7,5,1d8+4,1d8+4,32,17,7,5,1d10+4,1d8+4,2.0,B
6603,48,18,7,3,1d8+4,1d6+4,32,14,7,5,1d10+4,1d8+4,2.0,B
6604,43,15,7,5,1d12+4,1d8+4,39,14,7,5,1d10+4,1d8+4,9.0,B
6605,45,17,7,3,1d8+4,1d8+4,43,15,7,4,1d10+4,1d8+4,2.0,A
6606,36,17,7,4,1d12+4,1d8+4,38,15,7,4,1d8+4,1d6+4,2.0,A
6607,32,14,7,5,1d12+4,1d6+4,34,14,7,4,1d12+4,1d8+4,9.0,A
6608,42,15,7,3,1d12+4,1d6+4,48,17,7,3,1d10+4,1d8+4,2.0,B
6609,48,16,7,3,1d8+4,1d6+4,40,16,7,5,1d10+4,1d6+4,0.0,A
6610,40,18,7,4,1d8+4,1d8+4,47,17,7,3,1d12+4,1d6+4,9.0,B
6611,47,17,7,5,1d10+4,1d6+4,47,16,7,4,1d12+4,1d8+4,2.0,A
6612,44,17,7,3,1d10+4,1d6+4,34,17,7,5,1d8+4,1d6+4,8.0,A
6613,39,14,7,4,1d8+4,1d6+4,38,17,7,5,1d8+4,1d8+4,3.0,B
6614,46,15,7,5,1d8+4,1d8+4,48,16,7,3,1d10+4,1d6+4,0.0,B
6615,43,14,7,3,1d12+4,1d6+4,42,16,7,5,1d10+4,1d6+4,7.0,A
6616,46,17,7,4,1d12+4,1d6+4,44,17,7,5,1d10+4,1d6+4,3.0,A
6617,39,16,7,4,1d12+4,1d6+4,43,15,7,4,1d10+4,1d6+4,10.0,A
6618,44,15,7,5,1d12+4,1d8+4,36,17,7,5,1d12+4,1d8+4,2.0,A
6619,30,16,7,4,1d8+4,1d8+4,35,18,7,4,1d12+4,1d6+4,5.0,B
6620,49,17,7,3,1d8+4,1d6+4,34,14,7,4,1d10+4,1d6+4,4.0,A
6621,38,15,7,5,1d10+4,1d6+4,35,15,7,3,1d10+4,1d6+4,0.0,B
6622,41,16,7,5,1d12+4,1d6+4,33,17,7,3,1d12+4,1d8+4,6.0,B
6623,47,15,7,4,1d10+4,1d6+4,35,16,7,3,1d8+4,1d8+4,5.0,A
6624,39,15,7,4,1d8+4,1d8+4,36,15,7,3,1d10+4,1d6+4,9.0,A
6625,40,14,7,5,1d8+4,1d6+4,41,16,7,5,1d10+4,1d8+4,1.0,B
6626,50,16,7,5,1d8+4,1d6+4,36,15,7,3,1d10+4,1d6+4,4.0,A
6627,31,17,7,4,1d8+4,1d6+4,42,16,7,5,1d10+4,1d6+4,8.0,B
6628,36,18,7,4,1d8+4,1d6+4,35,14,7,3,1d10+4,1d6+4,1.0,A
6629,46,18,7,5,1d8+4,1d6+4,32,17,7,3,1d12+4,1d8+4,9.0,A
6630,41,14,7,5,1d12+4,1d8+4,40,15,7,3,1d10+4,1d8+4,7.0,A
6631,45,15,7,5,1d8+4,1d8+4,31,18,7,5,1d12+4,1d6+4,3.0,A
6632,38,17,7,3,1d8+4,1d8+4,31,16,7,3,1d10+4,1d6+4,6.0,B
6633,49,15,7,5,1d12+4,1d8+4,43,17,7,4,1d10+4,1d8+4,8.0,A
6634,34,17,7,3,1d8+4,1d8+4,44,18,7,3,1d8+4,1d6+4,3.0,B
6635,35,14,7,5,1d12+4,1d8+4,42,16,7,5,1d10+4,1d8+4,0.0,B
6636,37,14,7,4,1d10+4,1d8+4,38,17,7,3,1d8+4,1d6+4,10.0,A
6637,31,17,7,5,1d12+4,1d6+4,50,18,7,5,1d10+4,1d8+4,0.0,B
6638,35,16,7,4,1d12+4,1d6+4,50,16,7,5,1d10+4,1d6+4,9.0,A
6639,45,17,7,3,1d8+4,1d8+4,47,15,7,3,1d10+4,1d6+4,3.0,A
6640,47,16,7,4,1d8+4,1d8+4,46,17,7,4,1d12+4,1d8+4,5.0,B
6641,35,18,7,4,1d8+4,1d6+4,33,17,7,3,1d12+4,1d6+4,10.0,B
6642,37,15,7,3,1d8+4,1d6+4,30,18,7,3,1d8+4,1d6+4,4.0,A
6643,44,14,7,3,1d12+4,1d6+4,31,17,7,4,1d12+4,1d8+4,6.0,B
6644,47,16,7,5,1d10+4,1d6+4,35,15,7,3,1d12+4,1d6+4,6.0,A
6645,48,14,7,3,1d10+4,1d6+4,37,17,7,3,1d12+4,1d8+4,4.0,A
6646,47,16,7,5,1d12+4,1d8+4,50,15,7,5,1d8+4,1d8+4,4.0,A
6647,50,16,7,3,1d8+4,1d8+4,49,16,7,4,1d12+4,1d6+4,2.0,A
6648,32,15,7,5,1d10+4,1d8+4,42,17,7,3,1d10+4,1d6+4,6.0,B
6649,39,15,7,5,1d10+4,1d8+4,46,15,7,3,1d12+4,1d6+4,9.0,B
6650,40,18,7,4,1d8+4,1d6+4,38,15,7,3,1d12+4,1d6+4,1.0,B
6651,49,16,7,5,1d12+4,1d8+4,41,18,7,5,1d12+4,1d8+4,3.0,A
6652,49,16,7,5,1d8+4,1d8+4,45,14,7,5,1d12+4,1d6+4,7.0,B
6653,43,16,7,5,1d10+4,1d8+4,46,15,7,5,1d12+4,1d8+4,2.0,B
6654,49,18,7,4,1d10+4,1d8+4,38,16,7,3,1d8+4,1d6+4,10.0,A
6655,48,18,7,5,1d12+4,1d6+4,37,17,7,5,1d12+4,1d8+4,4.0,B
6656,48,16,7,3,1d12+4,1d6+4,33,16,7,4,1d10+4,1d6+4,8.0,B
6657,36,14,7,3,1d12+4,1d8+4,49,15,7,5,1d8+4,1d6+4,6.0,A
6658,35,17,7,5,1d8+4,1d6+4,43,15,7,3,1d10+4,1d8+4,1.0,B
6659,42,17,7,5,1d12+4,1d6+4,34,14,7,5,1d10+4,1d6+4,3.0,B
6660,38,17,7,4,1d8+4,1d8+4,39,16,7,4,1d10+4,1d6+4,0.0,B
6661,40,14,7,4,1d10+4,1d8+4,45,14,7,3,1d10+4,1d6+4,4.0,B
6662,33,17,7,4,1d8+4,1d8+4,45,18,7,4,1d12+4,1d6+4,9.0,B
6663,43,17,7,3,1d8+4,1d6+4,36,18,7,4,1d12+4,1d8+4,4.0,B
6664,32,14,7,3,1d8+4,1d8+4,40,17,7,4,1d10+4,1d6+4,6.0,B
6665,45,17,7,5,1d10+4,1d6+4,48,16,7,3,1d8+4,1d8+4,1.0,B
6666,45,15,7,4,1d12+4,1d8+4,32,15,7,3,1d10+4,1d8+4,1.0,A
6667,43,14,7,3,1d12+4,1d8+4,31,16,7,3,1d8+4,1d8+4,0.0,B
6668,36,17,7,3,1d12+4,1d6+4,50,16,7,5,1d10+4,1d8+4,8.0,B
6669,47,17,7,5,1d10+4,1d8+4,39,16,7,5,1d12+4,1d6+4,9.0,A
6670,34,18,7,4,1d12+4,1d8+4,36,15,7,3,1d10+4,1d8+4,2.0,A
6671,42,15,7,3,1d12+4,1d8+4,40,17,7,4,1d10+4,1d8+4,4.0,B
6672,39,15,7,5,1d12+4,1d8+4,41,18,7,3,1d10+4,1d8+4,4.0,B
6673,38,14,7,3,1d8+4,1d6+4,39,14,7,3,1d8+4,1d6+4,9.0,A
6674,35,16,7,3,1d8+4,1d6+4,42,17,7,4,1d8+4,1d6+4,0.0,B
6675,43,15,7,4,1d10+4,1d6+4,49,14,7,5,1d8+4,1d8+4,2.0,A
6676,44,18,7,3,1d8+4,1d6+4,35,15,7,4,1d12+4,1d6+4,8.0,A
6677,48,16,7,4,1d10+4,1d8+4,30,14,7,4,1d8+4,1d8+4,7.0,B
6678,45,14,7,5,1d12+4,1d8+4,38,17,7,5,1d12+4,1d8+4,4.0,A
6679,42,17,7,3,1d8+4,1d6+4,39,18,7,4,1d12+4,1d6+4,10.0,B
6680,43,16,7,5,1d8+4,1d6+4,49,14,7,5,1d8+4,1d8+4,0.0,B
6681,47,15,7,5,1d12+4,1d6+4,30,14,7,5,1d10+4,1d6+4,3.0,A
6682,38,14,7,3,1d8+4,1d6+4,39,17,7,5,1d8+4,1d6+4,10.0,A
6683,48,15,7,5,1d12+4,1d6+4,38,16,7,5,1d8+4,1d8+4,9.0,A
6684,50,15,7,3,1d8+4,1d8+4,46,14,7,5,1d12+4,1d8+4,2.0,B
6685,36,18,7,3,1d10+4,1d6+4,36,14,7,3,1d12+4,1d6+4,7.0,A
6686,40,18,7,3,1d10+4,1d8+4,37,17,7,5,1d8+4,1d6+4,5.0,A
6687,35,18,7,5,1d8+4,1d6+4,50,14,7,3,1d8+4,1d8+4,3.0,A
6688,37,14,7,5,1d8+4,1d6+4,41,16,7,4,1d10+4,1d6+4,1.0,B
6689,30,17,7,5,1d12+4,1d6+4,44,18,7,3,1d8+4,1d8+4,2.0,A
6690,31,16,7,4,1d8+4,1d6+4,43,17,7,4,1d10+4,1d8+4,2.0,B
6691,32,17,7,4,1d8+4,1d8+4,43,15,7,5,1d8+4,1d6+4,2.0,B
6692,43,17,7,4,1d12+4,1d8+4,32,14,7,3,1d8+4,1d6+4,2.0,A
6693,40,14,7,5,1d10+4,1d8+4,49,14,7,5,1d10+4,1d6+4,1.0,B
6694,30,18,7,3,1d12+4,1d6+4,44,16,7,3,1d10+4,1d6+4,2.0,B
6695,37,15,7,4,1d8+4,1d8+4,31,17,7,5,1d12+4,1d8+4,0.0,A
6696,36,15,7,5,1d10+4,1d6+4,44,14,7,4,1d8+4,1d6+4,1.0,A
6697,31,18,7,4,1d8+4,1d6+4,45,16,7,3,1d8+4,1d8+4,3.0,B
6698,47,18,7,3,1d10+4,1d6+4,43,14,7,5,1d8+4,1d6+4,7.0,B
6699,44,16,7,3,1d8+4,1d6+4,50,17,7,4,1d8+4,1d8+4,6.0,B
6700,36,16,7,4,1d12+4,1d6+4,30,17,7,5,1d8+4,1d6+4,6.0,A
6701,47,18,7,3,1d8+4,1d8+4,33,14,7,4,1d10+4,1d8+4,7.0,A
6702,40,15,7,3,1d10+4,1d8+4,38,14,7,5,1d10+4,1d6+4,2.0,A
6703,42,16,7,3,1d12+4,1d8+4,47,15,7,3,1d12+4,1d8+4,3.0,B
6704,46,15,7,5,1d8+4,1d6+4,38,18,7,3,1d10+4,1d8+4,7.0,A
6705,31,15,7,4,1d8+4,1d6+4,45,16,7,4,1d10+4,1d8+4,4.0,B
6706,41,14,7,5,1d12+4,1d6+4,38,15,7,3,1d12+4,1d8+4,2.0,B
6707,41,14,7,3,1d8+4,1d6+4,43,17,7,3,1d10+4,1d6+4,4.0,B
6708,49,17,7,3,1d10+4,1d6+4,50,15,7,4,1d10+4,1d6+4,9.0,B
6709,33,18,7,5,1d10+4,1d6+4,30,16,7,5,1d10+4,1d6+4,3.0,B
6710,47,17,7,4,1d8+4,1d8+4,50,17,7,5,1d8+4,1d6+4,4.0,B
6711,32,17,7,5,1d8+4,1d6+4,47,16,7,5,1d8+4,1d8+4,4.0,B
6712,49,18,7,3,1d12+4,1d8+4,31,15,7,4,1d8+4,1d6+4,8.0,A
6713,46,15,7,5,1d8+4,1d6+4,31,14,7,5,1d10+4,1d6+4,6.0,A
6714,49,18,7,3,1d10+4,1d8+4,35,16,7,3,1d10+4,1d8+4,5.0,A
6715,49,17,7,3,1d8+4,1d6+4,50,17,7,4,1d8+4,1d6+4,1.0,A
6716,46,15,7,3,1d8+4,1d6+4,44,17,7,4,1d10+4,1d6+4,6.0,B
6717,44,14,7,4,1d8+4,1d8+4,42,16,7,5,1d12+4,1d8+4,10.0,A
6718,39,14,7,3,1d10+4,1d6+4,36,17,7,3,1d8+4,1d6+4,5.0,B
6719,30,18,7,5,1d12+4,1d6+4,30,15,7,3,1d12+4,1d6+4,9.0,A
6720,45,18,7,4,1d10+4,1d6+4,46,17,7,3,1d12+4,1d8+4,3.0,B
6721,35,17,7,4,1d12+4,1d6+4,50,17,7,5,1d10+4,1d6+4,3.0,B
6722,42,18,7,5,1d12+4,1d8+4,33,14,7,5,1d10+4,1d6+4,6.0,A
6723,49,16,7,3,1d10+4,1d8+4,44,15,7,5,1d10+4,1d8+4,2.0,B
6724,41,15,7,4,1d8+4,1d8+4,33,17,7,5,1d12+4,1d6+4,7.0,A
6725,42,16,7,5,1d10+4,1d8+4,48,16,7,5,1d8+4,1d8+4,1.0,A
6726,33,15,7,3,1d10+4,1d6+4,42,16,7,3,1d12+4,1d6+4,5.0,A
6727,37,16,7,4,1d12+4,1d8+4,38,17,7,3,1d12+4,1d6+4,3.0,A
6728,45,17,7,5,1d12+4,1d8+4,46,16,7,4,1d8+4,1d8+4,7.0,A
6729,48,18,7,4,1d8+4,1d8+4,42,18,7,5,1d8+4,1d6+4,1.0,B
6730,46,18,7,3,1d10+4,1d8+4,35,15,7,4,1d8+4,1d6+4,4.0,A
6731,36,18,7,5,1d10+4,1d8+4,38,15,7,3,1d12+4,1d6+4,9.0,B
6732,39,16,7,3,1d8+4,1d8+4,35,17,7,4,1d10+4,1d8+4,4.0,A
6733,47,15,7,4,1d8+4,1d6+4,39,17,7,4,1d12+4,1d8+4,5.0,A
6734,44,17,7,4,1d12+4,1d8+4,47,18,7,5,1d12+4,1d6+4,0.0,A
6735,36,14,7,3,1d10+4,1d8+4,34,18,7,4,1d8+4,1d8+4,7.0,A
6736,36,18,7,5,1d12+4,1d6+4,36,17,7,3,1d8+4,1d8+4,6.0,A
6737,35,17,7,3,1d10+4,1d6+4,50,16,7,4,1d12+4,1d6+4,6.0,A
6738,40,14,7,5,1d8+4,1d8+4,46,14,7,5,1d10+4,1d8+4,7.0,A
6739,42,18,7,4,1d8+4,1d8+4,31,16,7,3,1d10+4,1d8+4,0.0,A
6740,49,17,7,5,1d10+4,1d6+4,30,17,7,5,1d8+4,1d8+4,3.0,A
6741,45,14,7,3,1d12+4,1d6+4,30,15,7,4,1d8+4,1d8+4,2.0,A
6742,46,14,7,4,1d8+4,1d8+4,49,16,7,4,1d8+4,1d8+4,6.0,A
6743,49,18,7,4,1d12+4,1d6+4,37,17,7,5,1d12+4,1d8+4,7.0,A
6744,49,16,7,3,1d12+4,1d8+4,44,17,7,5,1d8+4,1d6+4,10.0,A
6745,48,17,7,3,1d10+4,1d6+4,36,14,7,5,1d12+4,1d6+4,9.0,A
6746,47,16,7,5,1d10+4,1d6+4,47,18,7,3,1d12+4,1d6+4,9.0,A
6747,39,18,7,3,1d8+4,1d6+4,35,15,7,4,1d12+4,1d6+4,1.0,A
6748,50,16,7,4,1d12+4,1d6+4,44,14,7,4,1d12+4,1d8+4,0.0,B
6749,37,17,7,3,1d8+4,1d6+4,30,17,7,3,1d12+4,1d8+4,3.0,B
6750,49,16,7,4,1d8+4,1d8+4,50,18,7,5,1d12+4,1d6+4,3.0,B
6751,35,18,7,4,1d8+4,1d8+4,33,16,7,5,1d8+4,1d6+4,7.0,A
6752,42,14,7,4,1d8+4,1d8+4,30,15,7,5,1d12+4,1d8+4,1.0,A
6753,40,17,7,4,1d8+4,1d8+4,32,18,7,5,1d12+4,1d8+4,9.0,B
6754,41,14,7,4,1d10+4,1d8+4,49,18,7,4,1d10+4,1d8+4,2.0,B
6755,41,17,7,3,1d10+4,1d6+4,32,17,7,5,1d12+4,1d8+4,10.0,A
6756,47,18,7,4,1d8+4,1d8+4,49,18,7,3,1d8+4,1d6+4,8.0,A
6757,47,17,7,4,1d10+4,1d8+4,41,17,7,4,1d12+4,1d6+4,8.0,B
6758,42,16,7,3,1d12+4,1d6+4,32,15,7,4,1d12+4,1d8+4,6.0,A
6759,39,14,7,5,1d8+4,1d8+4,31,15,7,4,1d12+4,1d8+4,7.0,A
6760,47,14,7,4,1d10+4,1d6+4,37,14,7,3,1d10+4,1d6+4,1.0,A
6761,38,14,7,4,1d10+4,1d8+4,39,15,7,3,1d12+4,1d6+4,2.0,A
6762,49,16,7,5,1d8+4,1d6+4,34,17,7,4,1d8+4,1d8+4,1.0,A
6763,38,14,7,4,1d8+4,1d6+4,34,15,7,4,1d12+4,1d8+4,2.0,B
6764,38,14,7,5,1d8+4,1d8+4,40,17,7,3,1d8+4,1d6+4,4.0,A
6765,44,15,7,5,1d12+4,1d6+4,30,18,7,3,1d10+4,1d8+4,10.0,B
6766,43,15,7,5,1d12+4,1d6+4,32,17,7,5,1d10+4,1d6+4,9.0,A
6767,30,15,7,3,1d12+4,1d8+4,48,15,7,3,1d12+4,1d6+4,5.0,A
6768,32,14,7,4,1d12+4,1d8+4,41,14,7,5,1d10+4,1d8+4,1.0,B
6769,36,14,7,3,1d8+4,1d8+4,35,15,7,5,1d8+4,1d8+4,6.0,A
6770,41,18,7,3,1d10+4,1d8+4,50,16,7,5,1d12+4,1d8+4,6.0,B
6771,39,14,7,4,1d8+4,1d8+4,40,17,7,4,1d12+4,1d6+4,1.0,B
6772,30,17,7,3,1d12+4,1d6+4,40,15,7,3,1d8+4,1d6+4,9.0,B
6773,47,16,7,3,1d10+4,1d6+4,43,18,7,4,1d8+4,1d8+4,7.0,B
6774,32,18,7,4,1d12+4,1d6+4,30,17,7,3,1d8+4,1d8+4,4.0,A
6775,34,17,7,4,1d12+4,1d8+4,35,14,7,5,1d10+4,1d6+4,7.0,B
6776,49,18,7,3,1d8+4,1d8+4,45,14,7,4,1d8+4,1d6+4,1.0,B
6777,30,17,7,3,1d10+4,1d6+4,46,18,7,3,1d12+4,1d6+4,3.0,B
6778,43,18,7,3,1d12+4,1d6+4,45,17,7,3,1d10+4,1d8+4,1.0,A
6779,33,15,7,4,1d10+4,1d6+4,47,16,7,4,1d10+4,1d8+4,10.0,A
6780,49,17,7,3,1d8+4,1d8+4,49,18,7,4,1d12+4,1d8+4,0.0,B
6781,41,14,7,5,1d8+4,1d8+4,42,15,7,3,1d8+4,1d8+4,9.0,B
6782,41,18,7,3,1d12+4,1d6+4,30,17,7,4,1d8+4,1d8+4,3.0,A
6783,36,16,7,3,1d10+4,1d8+4,35,16,7,3,1d10+4,1d8+4,3.0,A
6784,37,16,7,5,1d12+4,1d6+4,34,17,7,4,1d10+4,1d6+4,5.0,A
6785,39,14,7,3,1d10+4,1d8+4,44,16,7,4,1d12+4,1d6+4,3.0,B
6786,31,14,7,3,1d10+4,1d8+4,43,14,7,4,1d12+4,1d6+4,8.0,A
6787,33,17,7,3,1d10+4,1d6+4,34,17,7,4,1d10+4,1d8+4,7.0,A
6788,32,17,7,3,1d8+4,1d6+4,41,17,7,4,1d8+4,1d6+4,3.0,B
6789,37,16,7,5,1d8+4,1d8+4,37,15,7,5,1d12+4,1d8+4,2.0,B
6790,36,14,7,4,1d12+4,1d6+4,38,17,7,4,1d12+4,1d6+4,9.0,A
6791,35,14,7,4,1d8+4,1d6+4,31,16,7,3,1d10+4,1d8+4,6.0,A
6792,36,15,7,3,1d8+4,1d6+4,48,15,7,5,1d10+4,1d8+4,1.0,B
6793,39,16,7,3,1d10+4,1d6+4,49,17,7,4,1d8+4,1d8+4,8.0,A
6794,44,16,7,4,1d8+4,1d8+4,48,15,7,4,1d12+4,1d8+4,3.0,B
6795,36,15,7,3,1d12+4,1d8+4,30,14,7,5,1d10+4,1d6+4,7.0,A
6796,50,14,7,4,1d8+4,1d8+4,45,17,7,3,1d10+4,1d8+4,3.0,B
6797,49,14,7,3,1d12+4,1d8+4,42,18,7,5,1d12+4,1d8+4,5.0,A
6798,45,16,7,3,1d10+4,1d6+4,39,14,7,4,1d10+4,1d6+4,10.0,B
6799,50,18,7,4,1d8+4,1d6+4,50,14,7,4,1d12+4,1d8+4,5.0,B
6800,45,15,7,3,1d12+4,1d8+4,36,15,7,3,1d8+4,1d8+4,5.0,A
6801,45,16,7,4,1d12+4,1d8+4,39,18,7,5,1d8+4,1d8+4,7.0,A
6802,34,18,7,4,1d8+4,1d6+4,38,15,7,5,1d8+4,1d8+4,9.0,A
6803,40,17,7,3,1d10+4,1d8+4,50,14,7,4,1d8+4,1d8+4,6.0,A
6804,46,15,7,5,1d10+4,1d6+4,42,17,7,5,1d8+4,1d8+4,0.0,A
6805,50,18,7,4,1d8+4,1d8+4,46,16,7,4,1d12+4,1d6+4,4.0,A
6806,42,14,7,5,1d10+4,1d6+4,45,17,7,3,1d12+4,1d8+4,7.0,B
6807,45,18,7,4,1d12+4,1d6+4,48,15,7,5,1d8+4,1d6+4,5.0,A
6808,37,17,7,4,1d12+4,1d6+4,40,14,7,3,1d12+4,1d8+4,6.0,A
6809,40,16,7,3,1d8+4,1d8+4,41,18,7,4,1d10+4,1d6+4,10.0,A
6810,45,15,7,4,1d8+4,1d8+4,40,14,7,5,1d8+4,1d8+4,4.0,B
6811,46,15,7,4,1d8+4,1d8+4,37,17,7,3,1d12+4,1d6+4,5.0,A
6812,43,16,7,3,1d12+4,1d8+4,47,14,7,5,1d8+4,1d8+4,7.0,A
6813,34,18,7,5,1d10+4,1d6+4,45,16,7,3,1d12+4,1d8+4,8.0,B
6814,48,17,7,3,1d10+4,1d8+4,43,16,7,5,1d10+4,1d6+4,6.0,A
6815,48,14,7,4,1d8+4,1d6+4,31,14,7,5,1d12+4,1d6+4,7.0,B
6816,37,18,7,4,1d12+4,1d6+4,49,15,7,5,1d8+4,1d6+4,8.0,B
6817,45,18,7,5,1d8+4,1d6+4,50,18,7,5,1d12+4,1d6+4,5.0,B
6818,46,14,7,4,1d10+4,1d8+4,46,15,7,4,1d12+4,1d6+4,0.0,A
6819,47,17,7,4,1d12+4,1d6+4,39,16,7,4,1d10+4,1d6+4,3.0,A
6820,35,18,7,4,1d10+4,1d6+4,50,17,7,3,1d8+4,1d8+4,4.0,A
6821,32,15,7,3,1d8+4,1d6+4,43,17,7,3,1d10+4,1d8+4,8.0,B
6822,34,14,7,3,1d10+4,1d6+4,38,17,7,5,1d10+4,1d6+4,4.0,A
6823,33,18,7,5,1d10+4,1d6+4,39,18,7,4,1d10+4,1d6+4,4.0,B
6824,38,14,7,3,1d12+4,1d6+4,34,18,7,4,1d12+4,1d6+4,1.0,A
6825,47,16,7,5,1d8+4,1d6+4,44,16,7,3,1d10+4,1d6+4,6.0,B
6826,34,15,7,4,1d10+4,1d8+4,34,18,7,5,1d10+4,1d8+4,10.0,A
6827,48,18,7,3,1d10+4,1d8+4,50,17,7,3,1d10+4,1d8+4,2.0,B
6828,42,16,7,4,1d10+4,1d8+4,50,15,7,4,1d10+4,1d6+4,3.0,A
6829,40,16,7,5,1d10+4,1d6+4,44,15,7,4,1d12+4,1d8+4,4.0,B
6830,41,17,7,3,1d10+4,1d8+4,36,17,7,5,1d10+4,1d8+4,1.0,B
6831,34,16,7,3,1d10+4,1d8+4,33,15,7,4,1d12+4,1d8+4,5.0,A
6832,45,15,7,5,1d12+4,1d8+4,37,17,7,4,1d12+4,1d8+4,5.0,A
6833,42,14,7,4,1d12+4,1d6+4,33,14,7,4,1d12+4,1d8+4,0.0,A
6834,48,17,7,3,1d10+4,1d8+4,42,15,7,5,1d10+4,1d8+4,5.0,B
6835,34,16,7,5,1d10+4,1d8+4,33,18,7,3,1d10+4,1d8+4,2.0,A
6836,49,16,7,4,1d8+4,1d6+4,44,16,7,3,1d10+4,1d8+4,8.0,A
6837,40,17,7,5,1d10+4,1d8+4,42,18,7,4,1d8+4,1d8+4,1.0,B
6838,45,17,7,4,1d10+4,1d6+4,49,18,7,5,1d10+4,1d6+4,1.0,B
6839,41,15,7,4,1d10+4,1d8+4,31,18,7,4,1d10+4,1d8+4,1.0,B
6840,34,16,7,4,1d8+4,1d8+4,44,16,7,4,1d12+4,1d8+4,7.0,A
6841,32,16,7,5,1d12+4,1d6+4,50,14,7,5,1d8+4,1d8+4,4.0,A
6842,31,15,7,4,1d8+4,1d6+4,40,16,7,3,1d12+4,1d8+4,2.0,B
6843,38,16,7,4,1d12+4,1d8+4,38,14,7,3,1d10+4,1d6+4,4.0,A
6844,36,18,7,3,1d12+4,1d8+4,32,14,7,4,1d12+4,1d8+4,1.0,B
6845,43,15,7,5,1d12+4,1d6+4,49,18,7,5,1d10+4,1d6+4,3.0,A
6846,32,17,7,4,1d12+4,1d8+4,40,16,7,4,1d12+4,1d6+4,7.0,B
6847,41,18,7,3,1d10+4,1d8+4,31,17,7,5,1d12+4,1d6+4,8.0,A
6848,43,14,7,3,1d10+4,1d6+4,32,18,7,3,1d8+4,1d8+4,4.0,A
6849,48,16,7,5,1d12+4,1d8+4,50,17,7,4,1d8+4,1d8+4,4.0,A
6850,36,14,7,4,1d10+4,1d8+4,49,16,7,5,1d12+4,1d8+4,6.0,B
6851,47,15,7,5,1d12+4,1d8+4,39,18,7,4,1d10+4,1d6+4,6.0,A
6852,34,15,7,5,1d8+4,1d8+4,44,16,7,5,1d10+4,1d8+4,6.0,B
6853,42,14,7,3,1d8+4,1d8+4,39,14,7,5,1d8+4,1d8+4,4.0,A
6854,40,15,7,4,1d10+4,1d6+4,42,14,7,5,1d8+4,1d8+4,1.0,A
6855,47,14,7,3,1d12+4,1d8+4,47,15,7,3,1d10+4,1d8+4,2.0,A
6856,44,15,7,3,1d10+4,1d8+4,50,17,7,3,1d8+4,1d8+4,4.0,A
6857,38,14,7,4,1d8+4,1d6+4,45,16,7,5,1d8+4,1d6+4,10.0,A
6858,45,17,7,4,1d8+4,1d8+4,40,15,7,3,1d12+4,1d6+4,4.0,A
6859,36,15,7,5,1d8+4,1d6+4,40,14,7,5,1d10+4,1d8+4,8.0,B
6860,40,17,7,3,1d8+4,1d8+4,47,17,7,3,1d12+4,1d8+4,3.0,B
6861,37,15,7,5,1d12+4,1d8+4,46,16,7,4,1d12+4,1d8+4,1.0,B
6862,47,17,7,5,1d10+4,1d8+4,47,14,7,4,1d10+4,1d8+4,10.0,A
6863,37,14,7,5,1d10+4,1d8+4,38,17,7,3,1d8+4,1d8+4,5.0,B
6864,44,15,7,3,1d10+4,1d6+4,36,18,7,3,1d8+4,1d6+4,10.0,B
6865,50,17,7,5,1d8+4,1d8+4,50,15,7,3,1d10+4,1d6+4,1.0,A
6866,44,18,7,3,1d8+4,1d8+4,34,18,7,3,1d8+4,1d8+4,3.0,B
6867,33,14,7,4,1d12+4,1d6+4,40,15,7,5,1d8+4,1d8+4,0.0,A
6868,37,18,7,4,1d10+4,1d6+4,34,14,7,5,1d10+4,1d8+4,6.0,A
6869,35,15,7,3,1d8+4,1d8+4,45,15,7,5,1d12+4,1d8+4,1.0,B
6870,35,18,7,3,1d8+4,1d8+4,31,18,7,3,1d10+4,1d6+4,0.0,A
6871,37,15,7,5,1d8+4,1d6+4,40,16,7,3,1d12+4,1d6+4,3.0,A
6872,50,17,7,5,1d8+4,1d6+4,32,14,7,4,1d8+4,1d6+4,4.0,A
6873,36,14,7,4,1d12+4,1d6+4,35,15,7,5,1d12+4,1d8+4,8.0,B
6874,33,15,7,4,1d10+4,1d6+4,37,14,7,3,1d12+4,1d8+4,7.0,B
6875,46,18,7,5,1d8+4,1d6+4,31,17,7,3,1d8+4,1d6+4,7.0,A
6876,50,15,7,3,1d8+4,1d6+4,42,14,7,3,1d8+4,1d8+4,9.0,B
6877,42,15,7,3,1d12+4,1d8+4,47,14,7,5,1d10+4,1d8+4,4.0,B
6878,50,14,7,5,1d8+4,1d8+4,32,17,7,3,1d12+4,1d8+4,6.0,A
6879,44,17,7,4,1d10+4,1d8+4,34,14,7,5,1d10+4,1d6+4,6.0,A
6880,40,16,7,4,1d12+4,1d6+4,46,18,7,3,1d12+4,1d6+4,6.0,A
6881,34,18,7,3,1d12+4,1d8+4,33,14,7,3,1d10+4,1d6+4,9.0,A
6882,50,14,7,3,1d8+4,1d6+4,41,14,7,3,1d8+4,1d8+4,4.0,B
6883,41,14,7,4,1d12+4,1d6+4,37,14,7,3,1d10+4,1d8+4,10.0,B
6884,31,14,7,5,1d10+4,1d6+4,30,17,7,4,1d10+4,1d6+4,0.0,A
6885,44,18,7,3,1d10+4,1d6+4,44,18,7,4,1d8+4,1d6+4,5.0,A
6886,50,18,7,3,1d10+4,1d8+4,47,18,7,5,1d10+4,1d6+4,7.0,B
6887,41,14,7,4,1d10+4,1d8+4,43,17,7,3,1d8+4,1d8+4,6.0,A
6888,48,14,7,4,1d10+4,1d6+4,49,15,7,5,1d10+4,1d8+4,7.0,B
6889,35,17,7,5,1d8+4,1d8+4,49,17,7,4,1d12+4,1d8+4,2.0,A
6890,37,15,7,3,1d12+4,1d6+4,47,17,7,4,1d10+4,1d8+4,1.0,B
6891,32,16,7,3,1d12+4,1d6+4,42,18,7,5,1d8+4,1d8+4,3.0,A
6892,38,15,7,4,1d8+4,1d6+4,34,15,7,5,1d10+4,1d8+4,9.0,B
6893,49,16,7,3,1d10+4,1d6+4,33,14,7,3,1d10+4,1d6+4,0.0,A
6894,40,14,7,3,1d10+4,1d6+4,49,14,7,5,1d12+4,1d8+4,5.0,B
6895,50,15,7,3,1d10+4,1d6+4,34,18,7,3,1d8+4,1d8+4,10.0,A
6896,34,16,7,5,1d8+4,1d8+4,49,14,7,3,1d12+4,1d6+4,7.0,B
6897,38,18,7,3,1d12+4,1d6+4,48,17,7,5,1d12+4,1d8+4,9.0,B
6898,46,16,7,3,1d10+4,1d8+4,41,15,7,3,1d12+4,1d6+4,9.0,A
6899,35,18,7,5,1d12+4,1d8+4,39,14,7,4,1d8+4,1d6+4,10.0,A
6900,35,14,7,5,1d8+4,1d6+4,45,16,7,5,1d10+4,1d6+4,0.0,B
6901,35,16,7,3,1d8+4,1d8+4,32,15,7,3,1d10+4,1d8+4,10.0,A
6902,34,14,7,4,1d12+4,1d6+4,44,17,7,3,1d10+4,1d6+4,0.0,B
6903,41,15,7,4,1d8+4,1d6+4,47,18,7,3,1d12+4,1d6+4,0.0,B
6904,43,17,7,3,1d8+4,1d8+4,41,18,7,4,1d8+4,1d8+4,9.0,A
6905,46,16,7,4,1d8+4,1d6+4,34,14,7,4,1d12+4,1d6+4,2.0,A
6906,34,16,7,4,1d10+4,1d8+4,34,17,7,4,1d12+4,1d6+4,6.0,B
6907,34,17,7,3,1d8+4,1d8+4,36,18,7,4,1d8+4,1d6+4,7.0,B
6908,39,17,7,4,1d8+4,1d6+4,34,18,7,5,1d10+4,1d6+4,6.0,A
6909,31,16,7,5,1d10+4,1d8+4,35,18,7,3,1d8+4,1d8+4,8.0,A
6910,31,16,7,3,1d12+4,1d6+4,35,15,7,4,1d8+4,1d8+4,10.0,A
6911,49,14,7,3,1d12+4,1d8+4,33,18,7,4,1d10+4,1d8+4,2.0,B
6912,39,14,7,3,1d8+4,1d8+4,39,14,7,3,1d8+4,1d8+4,9.0,A
6913,45,15,7,4,1d10+4,1d6+4,39,14,7,4,1d8+4,1d8+4,8.0,A
6914,40,17,7,4,1d10+4,1d6+4,32,17,7,4,1d12+4,1d8+4,1.0,B
6915,34,16,7,3,1d8+4,1d6+4,33,18,7,5,1d8+4,1d6+4,9.0,A
6916,41,18,7,5,1d8+4,1d6+4,31,15,7,4,1d8+4,1d8+4,7.0,A
6917,30,15,7,3,1d12+4,1d6+4,38,15,7,5,1d12+4,1d6+4,8.0,B
6918,31,17,7,5,1d12+4,1d6+4,46,14,7,4,1d8+4,1d6+4,0.0,B
6919,38,14,7,4,1d8+4,1d8+4,41,17,7,5,1d10+4,1d8+4,7.0,B
6920,40,18,7,4,1d10+4,1d6+4,48,16,7,5,1d10+4,1d8+4,6.0,B
6921,40,15,7,4,1d12+4,1d6+4,35,17,7,4,1d8+4,1d6+4,10.0,B
6922,42,16,7,4,1d12+4,1d8+4,45,18,7,3,1d8+4,1d6+4,8.0,B
6923,44,17,7,3,1d12+4,1d6+4,38,17,7,5,1d12+4,1d6+4,9.0,B
6924,31,17,7,5,1d10+4,1d8+4,46,15,7,4,1d8+4,1d6+4,6.0,B
6925,38,14,7,5,1d8+4,1d8+4,39,15,7,5,1d8+4,1d6+4,5.0,A
6926,38,17,7,3,1d12+4,1d8+4,37,16,7,3,1d12+4,1d8+4,9.0,A
6927,43,15,7,4,1d12+4,1d8+4,50,16,7,4,1d8+4,1d8+4,4.0,B
6928,31,16,7,5,1d12+4,1d8+4,49,17,7,4,1d8+4,1d6+4,7.0,B
6929,48,15,7,4,1d8+4,1d6+4,33,15,7,4,1d10+4,1d6+4,0.0,B
6930,46,18,7,4,1d10+4,1d8+4,30,14,7,3,1d10+4,1d6+4,9.0,A
6931,42,14,7,3,1d8+4,1d8+4,30,16,7,4,1d12+4,1d8+4,0.0,A
6932,35,18,7,5,1d8+4,1d8+4,35,16,7,3,1d12+4,1d8+4,3.0,A
6933,46,14,7,5,1d12+4,1d8+4,36,17,7,4,1d10+4,1d8+4,3.0,B
6934,43,14,7,4,1d12+4,1d8+4,38,17,7,5,1d12+4,1d8+4,9.0,A
6935,40,14,7,4,1d8+4,1d8+4,36,14,7,3,1d10+4,1d8+4,9.0,B
6936,49,16,7,5,1d8+4,1d6+4,43,16,7,3,1d12+4,1d6+4,9.0,B
6937,36,18,7,4,1d12+4,1d8+4,45,17,7,4,1d10+4,1d6+4,2.0,A
6938,40,17,7,5,1d12+4,1d8+4,47,15,7,5,1d10+4,1d8+4,0.0,A
6939,42,14,7,4,1d12+4,1d8+4,45,18,7,3,1d12+4,1d8+4,4.0,B
6940,37,15,7,4,1d8+4,1d6+4,30,16,7,5,1d8+4,1d6+4,4.0,B
6941,47,17,7,5,1d8+4,1d8+4,49,14,7,4,1d12+4,1d8+4,0.0,A
6942,50,15,7,5,1d10+4,1d8+4,32,18,7,3,1d12+4,1d6+4,1.0,B
6943,33,15,7,3,1d8+4,1d8+4,30,15,7,3,1d12+4,1d6+4,5.0,A
6944,49,18,7,5,1d12+4,1d8+4,35,16,7,4,1d12+4,1d8+4,1.0,A
6945,40,17,7,3,1d8+4,1d6+4,46,14,7,5,1d10+4,1d6+4,8.0,B
6946,48,15,7,4,1d8+4,1d8+4,40,15,7,5,1d12+4,1d6+4,7.0,A
6947,39,15,7,5,1d12+4,1d6+4,33,14,7,3,1d8+4,1d8+4,0.0,A
6948,50,15,7,5,1d10+4,1d6+4,49,18,7,3,1d12+4,1d8+4,9.0,B
6949,40,14,7,5,1d12+4,1d6+4,41,17,7,4,1d8+4,1d8+4,2.0,A
6950,39,16,7,5,1d10+4,1d6+4,45,14,7,5,1d8+4,1d6+4,8.0,A
6951,50,17,7,3,1d10+4,1d8+4,48,15,7,4,1d12+4,1d6+4,9.0,A
6952,44,15,7,5,1d12+4,1d6+4,44,18,7,3,1d8+4,1d8+4,1.0,A
6953,35,16,7,3,1d8+4,1d8+4,35,16,7,4,1d8+4,1d6+4,1.0,B
6954,36,18,7,4,1d10+4,1d8+4,34,17,7,5,1d8+4,1d8+4,9.0,A
6955,45,18,7,5,1d10+4,1d8+4,44,18,7,3,1d10+4,1d6+4,2.0,A
6956,40,16,7,3,1d12+4,1d8+4,30,18,7,3,1d8+4,1d8+4,8.0,A
6957,33,16,7,3,1d10+4,1d8+4,50,17,7,3,1d10+4,1d8+4,6.0,B
6958,50,18,7,5,1d12+4,1d6+4,40,17,7,5,1d10+4,1d6+4,5.0,A
6959,36,17,7,4,1d10+4,1d6+4,41,14,7,4,1d8+4,1d8+4,0.0,A
6960,47,14,7,3,1d10+4,1d8+4,33,18,7,3,1d10+4,1d6+4,6.0,A
6961,42,14,7,5,1d8+4,1d8+4,49,18,7,5,1d8+4,1d8+4,7.0,A
6962,39,18,7,5,1d10+4,1d8+4,48,16,7,3,1d8+4,1d6+4,7.0,A
6963,39,16,7,5,1d8+4,1d6+4,37,17,7,3,1d8+4,1d8+4,1.0,A
6964,38,18,7,5,1d12+4,1d6+4,33,14,7,4,1d12+4,1d6+4,3.0,B
6965,40,18,7,3,1d10+4,1d6+4,39,15,7,5,1d10+4,1d8+4,4.0,B
6966,38,16,7,3,1d8+4,1d6+4,42,18,7,5,1d12+4,1d6+4,4.0,A
6967,34,17,7,5,1d8+4,1d6+4,35,14,7,5,1d12+4,1d6+4,0.0,A
6968,37,18,7,3,1d10+4,1d8+4,37,15,7,4,1d12+4,1d8+4,4.0,B
6969,32,17,7,4,1d8+4,1d8+4,43,17,7,5,1d8+4,1d6+4,5.0,B
6970,45,16,7,3,1d10+4,1d6+4,48,16,7,3,1d10+4,1d6+4,2.0,A
6971,40,16,7,3,1d12+4,1d8+4,49,14,7,5,1d12+4,1d6+4,9.0,A
6972,37,18,7,5,1d10+4,1d6+4,33,14,7,3,1d8+4,1d8+4,7.0,B
6973,30,15,7,3,1d8+4,1d8+4,48,17,7,3,1d12+4,1d6+4,1.0,B
6974,46,18,7,3,1d12+4,1d6+4,31,16,7,5,1d8+4,1d8+4,6.0,B
6975,47,18,7,4,1d8+4,1d8+4,40,15,7,4,1d10+4,1d8+4,3.0,A
6976,48,14,7,3,1d8+4,1d6+4,33,15,7,4,1d12+4,1d8+4,9.0,A
6977,36,14,7,5,1d12+4,1d6+4,39,15,7,3,1d12+4,1d8+4,8.0,B
6978,35,18,7,4,1d10+4,1d6+4,47,14,7,5,1d10+4,1d6+4,8.0,A
6979,42,18,7,3,1d10+4,1d8+4,33,18,7,5,1d8+4,1d8+4,0.0,A
6980,46,16,7,3,1d8+4,1d6+4,38,17,7,5,1d12+4,1d8+4,4.0,A
6981,40,17,7,3,1d8+4,1d8+4,43,18,7,4,1d10+4,1d8+4,3.0,B
6982,45,14,7,5,1d8+4,1d8+4,34,16,7,5,1d10+4,1d6+4,5.0,B
6983,36,17,7,3,1d12+4,1d6+4,33,17,7,5,1d10+4,1d6+4,8.0,A
6984,38,16,7,3,1d10+4,1d6+4,42,14,7,3,1d12+4,1d6+4,0.0,A
6985,49,17,7,4,1d8+4,1d8+4,48,17,7,5,1d12+4,1d6+4,5.0,A
6986,38,14,7,4,1d12+4,1d8+4,47,14,7,4,1d12+4,1d6+4,9.0,B
6987,42,18,7,3,1d8+4,1d8+4,46,17,7,5,1d10+4,1d8+4,7.0,B
6988,36,17,7,5,1d10+4,1d8+4,45,17,7,5,1d8+4,1d6+4,7.0,A
6989,33,15,7,4,1d8+4,1d8+4,39,17,7,3,1d12+4,1d8+4,1.0,B
6990,35,18,7,5,1d8+4,1d8+4,45,18,7,3,1d10+4,1d6+4,9.0,B
6991,44,18,7,4,1d10+4,1d6+4,50,16,7,3,1d12+4,1d6+4,2.0,A
6992,34,14,7,3,1d8+4,1d8+4,44,17,7,4,1d8+4,1d6+4,3.0,B
6993,49,18,7,3,1d8+4,1d6+4,48,16,7,4,1d12+4,1d6+4,0.0,B
6994,30,15,7,5,1d8+4,1d6+4,30,18,7,5,1d12+4,1d8+4,0.0,B
6995,34,15,7,4,1d8+4,1d6+4,43,18,7,4,1d10+4,1d6+4,8.0,A
6996,37,17,7,3,1d12+4,1d6+4,32,14,7,4,1d12+4,1d6+4,4.0,A
6997,44,17,7,5,1d12+4,1d6+4,42,14,7,5,1d10+4,1d8+4,1.0,A
6998,40,17,7,4,1d8+4,1d6+4,48,16,7,5,1d12+4,1d8+4,6.0,B
6999,39,14,7,3,1d12+4,1d6+4,38,16,7,3,1d12+4,1d8+4,2.0,B
7000,39,17,7,5,1d10+4,1d6+4,36,18,7,5,1d10+4,1d6+4,5.0,A
7001,46,16,7,4,1d12+4,1d8+4,32,17,7,4,1d10+4,1d8+4,10.0,B
7002,46,18,7,5,1d8+4,1d6+4,41,16,7,3,1d10+4,1d8+4,2.0,A
7003,45,17,7,5,1d10+4,1d6+4,50,15,7,4,1d8+4,1d8+4,9.0,A
7004,47,18,7,5,1d12+4,1d6+4,42,16,7,4,1d12+4,1d6+4,6.0,A
7005,32,16,7,5,1d10+4,1d8+4,45,15,7,3,1d8+4,1d8+4,6.0,A
7006,38,14,7,5,1d8+4,1d6+4,44,18,7,5,1d10+4,1d6+4,8.0,B
7007,50,16,7,5,1d8+4,1d6+4,46,17,7,4,1d8+4,1d6+4,3.0,A
7008,37,18,7,4,1d10+4,1d6+4,39,17,7,5,1d10+4,1d6+4,1.0,B
7009,50,18,7,5,1d12+4,1d6+4,39,16,7,3,1d8+4,1d6+4,6.0,A
7010,41,17,7,3,1d10+4,1d6+4,36,18,7,5,1d10+4,1d6+4,2.0,A
7011,43,18,7,3,1d12+4,1d8+4,36,17,7,3,1d12+4,1d6+4,8.0,A
7012,30,18,7,4,1d10+4,1d8+4,31,17,7,5,1d8+4,1d6+4,9.0,B
7013,41,18,7,4,1d8+4,1d6+4,48,14,7,3,1d12+4,1d6+4,3.0,B
7014,32,18,7,4,1d10+4,1d8+4,36,16,7,3,1d8+4,1d6+4,10.0,A
7015,48,18,7,5,1d8+4,1d6+4,37,14,7,4,1d10+4,1d8+4,1.0,A
7016,44,18,7,3,1d8+4,1d8+4,44,17,7,5,1d8+4,1d6+4,6.0,A
7017,40,16,7,4,1d12+4,1d6+4,49,18,7,3,1d10+4,1d8+4,5.0,B
7018,30,18,7,3,1d10+4,1d6+4,32,14,7,3,1d8+4,1d6+4,7.0,A
7019,41,18,7,3,1d8+4,1d6+4,39,18,7,3,1d12+4,1d8+4,10.0,A
7020,31,18,7,3,1d12+4,1d8+4,32,17,7,4,1d8+4,1d6+4,10.0,A
7021,37,18,7,5,1d12+4,1d8+4,36,15,7,3,1d12+4,1d8+4,9.0,A
7022,34,16,7,5,1d8+4,1d8+4,49,16,7,5,1d10+4,1d8+4,9.0,A
7023,31,15,7,4,1d12+4,1d8+4,48,14,7,4,1d12+4,1d6+4,10.0,B
7024,42,18,7,5,1d8+4,1d6+4,30,18,7,5,1d8+4,1d8+4,8.0,A
7025,49,16,7,3,1d8+4,1d6+4,35,18,7,4,1d12+4,1d8+4,2.0,A
7026,34,15,7,3,1d8+4,1d6+4,37,17,7,5,1d12+4,1d6+4,3.0,B
7027,33,16,7,5,1d12+4,1d8+4,45,16,7,4,1d10+4,1d6+4,5.0,B
7028,48,16,7,4,1d8+4,1d8+4,46,17,7,5,1d12+4,1d8+4,5.0,A
7029,32,18,7,5,1d10+4,1d8+4,43,17,7,4,1d12+4,1d8+4,3.0,B
7030,42,16,7,3,1d12+4,1d6+4,47,15,7,5,1d8+4,1d8+4,3.0,A
7031,32,14,7,5,1d8+4,1d8+4,44,16,7,3,1d8+4,1d6+4,6.0,B
7032,47,16,7,3,1d12+4,1d6+4,50,14,7,4,1d10+4,1d6+4,6.0,A
7033,43,17,7,4,1d8+4,1d6+4,50,17,7,5,1d12+4,1d8+4,8.0,B
7034,33,16,7,4,1d12+4,1d6+4,35,16,7,3,1d10+4,1d8+4,3.0,B
7035,37,18,7,5,1d12+4,1d8+4,37,16,7,3,1d8+4,1d6+4,5.0,A
7036,48,16,7,3,1d8+4,1d8+4,34,14,7,3,1d10+4,1d8+4,7.0,B
7037,34,17,7,3,1d10+4,1d6+4,40,16,7,5,1d8+4,1d6+4,0.0,A
7038,38,14,7,5,1d8+4,1d6+4,41,17,7,5,1d12+4,1d6+4,1.0,B
7039,44,14,7,3,1d10+4,1d8+4,45,15,7,4,1d12+4,1d6+4,2.0,B
7040,33,14,7,4,1d10+4,1d6+4,36,16,7,3,1d12+4,1d8+4,9.0,B
7041,41,17,7,5,1d10+4,1d8+4,33,17,7,5,1d12+4,1d6+4,1.0,A
7042,30,18,7,4,1d12+4,1d6+4,49,14,7,5,1d10+4,1d8+4,0.0,B
7043,31,18,7,3,1d8+4,1d6+4,36,15,7,5,1d8+4,1d8+4,8.0,B
7044,34,18,7,4,1d12+4,1d8+4,46,15,7,5,1d8+4,1d6+4,7.0,B
7045,48,14,7,5,1d10+4,1d8+4,49,14,7,4,1d10+4,1d8+4,9.0,A
7046,33,14,7,3,1d10+4,1d6+4,40,18,7,3,1d12+4,1d8+4,10.0,B
7047,32,18,7,3,1d10+4,1d8+4,49,15,7,5,1d12+4,1d6+4,7.0,B
7048,37,18,7,4,1d10+4,1d8+4,33,17,7,3,1d12+4,1d8+4,2.0,B
7049,33,14,7,3,1d12+4,1d6+4,34,14,7,5,1d8+4,1d8+4,1.0,B
7050,46,15,7,5,1d10+4,1d6+4,43,15,7,4,1d12+4,1d8+4,10.0,A
7051,36,17,7,3,1d8+4,1d6+4,36,18,7,3,1d10+4,1d8+4,3.0,A
7052,32,14,7,3,1d8+4,1d6+4,36,16,7,3,1d10+4,1d8+4,8.0,A
7053,41,15,7,3,1d8+4,1d8+4,40,17,7,4,1d10+4,1d6+4,4.0,B
7054,34,15,7,5,1d12+4,1d6+4,32,15,7,3,1d8+4,1d8+4,3.0,A
7055,36,16,7,3,1d12+4,1d6+4,41,14,7,4,1d12+4,1d6+4,9.0,B
7056,41,15,7,5,1d8+4,1d6+4,42,15,7,4,1d10+4,1d6+4,0.0,A
7057,41,18,7,5,1d8+4,1d6+4,34,14,7,5,1d12+4,1d6+4,5.0,B
7058,31,15,7,3,1d8+4,1d8+4,35,14,7,5,1d10+4,1d6+4,4.0,B
7059,39,16,7,4,1d8+4,1d6+4,39,17,7,3,1d10+4,1d8+4,0.0,B
7060,35,16,7,3,1d10+4,1d6+4,30,16,7,3,1d12+4,1d8+4,3.0,A
7061,43,14,7,5,1d10+4,1d6+4,48,15,7,4,1d8+4,1d6+4,7.0,B
7062,46,18,7,5,1d10+4,1d6+4,50,16,7,4,1d12+4,1d8+4,8.0,B
7063,30,15,7,4,1d12+4,1d6+4,31,16,7,4,1d8+4,1d8+4,10.0,B
7064,32,17,7,5,1d10+4,1d8+4,39,16,7,4,1d12+4,1d8+4,10.0,A
7065,36,15,7,4,1d8+4,1d8+4,35,16,7,4,1d10+4,1d6+4,3.0,B
7066,40,15,7,5,1d8+4,1d8+4,31,17,7,3,1d12+4,1d6+4,8.0,B
7067,35,18,7,4,1d12+4,1d6+4,30,14,7,5,1d10+4,1d6+4,3.0,A
7068,48,16,7,3,1d8+4,1d6+4,33,15,7,5,1d8+4,1d6+4,1.0,A
7069,35,16,7,5,1d8+4,1d6+4,36,15,7,5,1d8+4,1d8+4,2.0,B
7070,36,17,7,5,1d10+4,1d8+4,40,14,7,4,1d12+4,1d8+4,1.0,A
7071,43,14,7,3,1d12+4,1d8+4,38,18,7,5,1d10+4,1d8+4,2.0,A
7072,48,16,7,4,1d12+4,1d6+4,44,15,7,4,1d10+4,1d6+4,6.0,A
7073,44,16,7,4,1d8+4,1d8+4,33,17,7,5,1d10+4,1d6+4,0.0,A
7074,44,17,7,5,1d8+4,1d6+4,46,18,7,3,1d12+4,1d8+4,9.0,B
7075,32,17,7,4,1d12+4,1d8+4,48,17,7,5,1d10+4,1d8+4,2.0,B
7076,33,17,7,5,1d12+4,1d6+4,44,14,7,4,1d12+4,1d6+4,10.0,A
7077,50,15,7,5,1d12+4,1d6+4,35,15,7,4,1d10+4,1d6+4,1.0,A
7078,30,14,7,3,1d10+4,1d8+4,46,16,7,4,1d8+4,1d8+4,4.0,B
7079,48,18,7,3,1d8+4,1d8+4,50,16,7,4,1d12+4,1d6+4,10.0,B
7080,35,17,7,5,1d12+4,1d6+4,33,17,7,4,1d12+4,1d8+4,1.0,B
7081,41,15,7,4,1d8+4,1d8+4,39,18,7,4,1d10+4,1d8+4,0.0,B
7082,36,17,7,4,1d10+4,1d6+4,40,18,7,3,1d8+4,1d8+4,3.0,A
7083,34,15,7,5,1d10+4,1d6+4,50,16,7,3,1d12+4,1d6+4,6.0,B
7084,36,14,7,3,1d10+4,1d8+4,35,17,7,3,1d8+4,1d8+4,5.0,B
7085,34,15,7,5,1d8+4,1d6+4,42,18,7,5,1d12+4,1d6+4,9.0,B
7086,42,18,7,5,1d8+4,1d6+4,39,17,7,4,1d8+4,1d6+4,5.0,A
7087,45,16,7,3,1d10+4,1d8+4,36,16,7,5,1d8+4,1d8+4,6.0,B
7088,37,15,7,3,1d12+4,1d8+4,47,18,7,3,1d12+4,1d8+4,5.0,B
7089,37,17,7,3,1d8+4,1d8+4,44,16,7,3,1d12+4,1d6+4,6.0,A
7090,41,16,7,4,1d10+4,1d8+4,40,16,7,4,1d12+4,1d6+4,4.0,B
7091,44,15,7,3,1d12+4,1d8+4,36,16,7,3,1d8+4,1d8+4,7.0,A
7092,30,15,7,3,1d10+4,1d8+4,49,15,7,5,1d8+4,1d6+4,5.0,A
7093,49,14,7,5,1d12+4,1d6+4,41,15,7,3,1d10+4,1d6+4,4.0,B
7094,38,18,7,3,1d12+4,1d8+4,30,14,7,4,1d10+4,1d8+4,3.0,B
7095,49,16,7,5,1d12+4,1d8+4,39,17,7,5,1d12+4,1d6+4,4.0,A
7096,39,15,7,3,1d10+4,1d8+4,32,15,7,3,1d12+4,1d8+4,1.0,A
7097,39,16,7,3,1d10+4,1d8+4,45,18,7,3,1d10+4,1d6+4,1.0,A
7098,36,15,7,3,1d12+4,1d8+4,49,18,7,5,1d10+4,1d6+4,0.0,B
7099,45,17,7,5,1d12+4,1d8+4,41,18,7,4,1d12+4,1d6+4,10.0,B
7100,50,18,7,5,1d8+4,1d8+4,42,18,7,3,1d12+4,1d8+4,2.0,A
7101,33,17,7,3,1d10+4,1d8+4,39,14,7,3,1d8+4,1d8+4,1.0,A
7102,31,18,7,4,1d10+4,1d8+4,30,17,7,5,1d12+4,1d6+4,1.0,B
7103,32,17,7,3,1d8+4,1d8+4,38,14,7,5,1d10+4,1d6+4,2.0,B
7104,41,16,7,3,1d12+4,1d8+4,41,15,7,3,1d12+4,1d8+4,1.0,B
7105,50,14,7,4,1d8+4,1d8+4,46,18,7,5,1d12+4,1d6+4,1.0,B
7106,42,16,7,3,1d10+4,1d6+4,50,17,7,5,1d12+4,1d6+4,2.0,B
7107,41,14,7,4,1d12+4,1d6+4,38,17,7,4,1d12+4,1d8+4,4.0,B
7108,40,14,7,4,1d12+4,1d6+4,42,18,7,5,1d12+4,1d6+4,9.0,B
7109,43,16,7,5,1d10+4,1d6+4,45,17,7,4,1d10+4,1d6+4,7.0,B
7110,31,17,7,3,1d12+4,1d8+4,40,14,7,3,1d8+4,1d6+4,9.0,A
7111,46,15,7,3,1d12+4,1d8+4,32,15,7,3,1d8+4,1d6+4,6.0,A
7112,43,16,7,3,1d12+4,1d6+4,44,18,7,5,1d8+4,1d6+4,7.0,A
7113,40,17,7,4,1d10+4,1d8+4,47,15,7,5,1d8+4,1d8+4,6.0,A
7114,45,15,7,4,1d8+4,1d6+4,40,16,7,4,1d12+4,1d6+4,0.0,A
7115,32,17,7,3,1d12+4,1d8+4,40,15,7,4,1d8+4,1d6+4,1.0,A
7116,50,18,7,3,1d12+4,1d8+4,45,15,7,3,1d10+4,1d6+4,1.0,A
7117,50,17,7,3,1d12+4,1d6+4,47,14,7,4,1d12+4,1d6+4,8.0,B
7118,42,16,7,4,1d8+4,1d6+4,33,15,7,5,1d8+4,1d8+4,6.0,A
7119,30,17,7,4,1d8+4,1d8+4,32,17,7,5,1d12+4,1d8+4,0.0,A
7120,49,14,7,5,1d12+4,1d8+4,47,15,7,3,1d8+4,1d6+4,3.0,B
7121,50,16,7,3,1d10+4,1d8+4,30,14,7,5,1d8+4,1d8+4,6.0,A
7122,46,14,7,4,1d10+4,1d8+4,48,16,7,5,1d8+4,1d8+4,2.0,B
7123,34,15,7,3,1d12+4,1d6+4,41,17,7,3,1d10+4,1d8+4,4.0,B
7124,41,15,7,3,1d10+4,1d6+4,46,15,7,5,1d12+4,1d6+4,10.0,B
7125,50,18,7,3,1d8+4,1d6+4,37,14,7,3,1d8+4,1d6+4,4.0,A
7126,41,15,7,5,1d12+4,1d8+4,42,15,7,5,1d8+4,1d8+4,8.0,A
7127,34,14,7,5,1d12+4,1d6+4,49,16,7,3,1d10+4,1d6+4,0.0,B
7128,33,18,7,5,1d8+4,1d8+4,33,14,7,3,1d12+4,1d6+4,3.0,B
7129,44,15,7,4,1d12+4,1d8+4,41,18,7,3,1d10+4,1d8+4,5.0,B
7130,38,14,7,4,1d8+4,1d8+4,47,15,7,3,1d12+4,1d8+4,6.0,B
7131,32,16,7,4,1d8+4,1d8+4,32,18,7,4,1d10+4,1d6+4,2.0,B
7132,36,15,7,4,1d8+4,1d6+4,35,16,7,3,1d12+4,1d8+4,5.0,B
7133,47,15,7,4,1d12+4,1d8+4,38,17,7,5,1d10+4,1d6+4,6.0,B
7134,50,18,7,5,1d8+4,1d6+4,30,15,7,4,1d12+4,1d8+4,5.0,A
7135,49,16,7,3,1d12+4,1d6+4,45,14,7,3,1d8+4,1d8+4,4.0,B
7136,35,15,7,3,1d12+4,1d8+4,31,14,7,4,1d12+4,1d8+4,4.0,A
7137,44,17,7,4,1d8+4,1d8+4,33,16,7,4,1d8+4,1d6+4,5.0,A
7138,33,17,7,3,1d10+4,1d8+4,34,14,7,4,1d12+4,1d8+4,6.0,B
7139,44,15,7,5,1d12+4,1d8+4,37,17,7,3,1d12+4,1d8+4,2.0,A
7140,49,16,7,3,1d12+4,1d8+4,41,15,7,3,1d12+4,1d8+4,5.0,A
7141,35,18,7,3,1d10+4,1d8+4,47,15,7,5,1d10+4,1d6+4,5.0,B
7142,49,18,7,5,1d10+4,1d8+4,44,16,7,4,1d8+4,1d8+4,5.0,A
7143,33,15,7,4,1d10+4,1d8+4,34,14,7,3,1d10+4,1d8+4,6.0,B
7144,43,16,7,5,1d12+4,1d6+4,36,18,7,5,1d8+4,1d8+4,6.0,A
7145,32,16,7,3,1d8+4,1d8+4,45,15,7,5,1d10+4,1d6+4,9.0,A
7146,49,17,7,5,1d8+4,1d8+4,34,18,7,4,1d8+4,1d6+4,5.0,A
7147,41,14,7,4,1d10+4,1d8+4,37,16,7,5,1d12+4,1d8+4,4.0,A
7148,30,17,7,3,1d10+4,1d8+4,41,18,7,4,1d12+4,1d8+4,6.0,B
7149,41,16,7,5,1d10+4,1d6+4,46,16,7,4,1d10+4,1d8+4,5.0,B
7150,43,16,7,4,1d10+4,1d6+4,33,17,7,4,1d8+4,1d6+4,2.0,B
7151,36,16,7,5,1d10+4,1d6+4,47,16,7,3,1d10+4,1d6+4,10.0,B
7152,48,17,7,3,1d8+4,1d6+4,36,14,7,3,1d12+4,1d6+4,8.0,B
7153,43,18,7,3,1d8+4,1d6+4,50,17,7,5,1d10+4,1d8+4,8.0,B
7154,46,17,7,3,1d12+4,1d8+4,41,18,7,4,1d8+4,1d8+4,10.0,B
7155,35,14,7,4,1d8+4,1d8+4,41,18,7,5,1d8+4,1d8+4,2.0,A
7156,33,14,7,4,1d12+4,1d8+4,37,16,7,4,1d8+4,1d8+4,3.0,A
7157,40,16,7,5,1d12+4,1d6+4,39,16,7,4,1d8+4,1d8+4,1.0,B
7158,40,18,7,5,1d12+4,1d6+4,48,18,7,3,1d12+4,1d6+4,7.0,A
7159,35,14,7,5,1d12+4,1d6+4,42,15,7,3,1d12+4,1d6+4,6.0,A
7160,50,15,7,5,1d8+4,1d6+4,32,18,7,3,1d10+4,1d6+4,8.0,A
7161,35,14,7,4,1d10+4,1d8+4,41,14,7,3,1d8+4,1d8+4,5.0,A
7162,46,18,7,4,1d12+4,1d8+4,32,17,7,3,1d10+4,1d8+4,5.0,A
7163,47,18,7,3,1d8+4,1d6+4,37,17,7,4,1d10+4,1d8+4,0.0,A
7164,32,17,7,4,1d10+4,1d6+4,32,14,7,3,1d12+4,1d6+4,1.0,A
7165,33,16,7,4,1d12+4,1d6+4,33,14,7,3,1d8+4,1d8+4,10.0,A
7166,50,17,7,5,1d12+4,1d8+4,45,17,7,4,1d10+4,1d6+4,2.0,A
7167,43,16,7,5,1d8+4,1d6+4,42,15,7,5,1d10+4,1d6+4,8.0,B
7168,48,16,7,3,1d8+4,1d8+4,39,16,7,5,1d12+4,1d8+4,3.0,A
7169,36,15,7,3,1d10+4,1d6+4,35,18,7,4,1d8+4,1d8+4,0.0,A
7170,42,16,7,5,1d10+4,1d6+4,47,18,7,5,1d12+4,1d6+4,3.0,B
7171,42,18,7,4,1d10+4,1d6+4,43,14,7,5,1d12+4,1d6+4,8.0,A
7172,44,16,7,5,1d8+4,1d8+4,44,15,7,3,1d12+4,1d8+4,9.0,B
7173,37,18,7,5,1d10+4,1d8+4,39,17,7,3,1d10+4,1d6+4,10.0,A
7174,41,15,7,3,1d10+4,1d8+4,37,18,7,4,1d8+4,1d8+4,7.0,B
7175,30,17,7,5,1d8+4,1d6+4,31,16,7,5,1d10+4,1d8+4,2.0,A
7176,33,18,7,3,1d8+4,1d6+4,37,14,7,3,1d12+4,1d6+4,1.0,A
7177,47,14,7,5,1d8+4,1d6+4,49,15,7,3,1d12+4,1d8+4,9.0,A
7178,43,17,7,3,1d8+4,1d6+4,42,18,7,3,1d10+4,1d8+4,0.0,B
7179,48,15,7,4,1d10+4,1d6+4,37,16,7,4,1d8+4,1d6+4,2.0,B
7180,45,18,7,5,1d12+4,1d8+4,41,17,7,3,1d10+4,1d8+4,0.0,B
7181,35,17,7,3,1d12+4,1d6+4,48,15,7,3,1d8+4,1d8+4,4.0,B
7182,33,17,7,4,1d12+4,1d8+4,32,17,7,5,1d12+4,1d6+4,1.0,B
7183,33,18,7,5,1d10+4,1d8+4,32,18,7,3,1d8+4,1d8+4,4.0,A
7184,35,17,7,4,1d8+4,1d6+4,34,18,7,3,1d10+4,1d8+4,5.0,A
7185,48,14,7,3,1d8+4,1d8+4,36,14,7,5,1d12+4,1d6+4,2.0,A
7186,30,15,7,4,1d10+4,1d8+4,36,16,7,4,1d12+4,1d8+4,5.0,B
7187,49,14,7,3,1d10+4,1d6+4,39,15,7,3,1d10+4,1d6+4,2.0,B
7188,32,14,7,4,1d8+4,1d6+4,35,18,7,4,1d10+4,1d8+4,4.0,B
7189,35,17,7,4,1d8+4,1d8+4,50,14,7,3,1d8+4,1d6+4,3.0,A
7190,31,16,7,5,1d10+4,1d6+4,42,15,7,4,1d10+4,1d6+4,3.0,A
7191,39,14,7,4,1d12+4,1d8+4,48,17,7,3,1d12+4,1d8+4,2.0,B
7192,48,18,7,3,1d12+4,1d8+4,50,18,7,5,1d10+4,1d8+4,8.0,A
7193,49,15,7,4,1d8+4,1d8+4,49,15,7,3,1d12+4,1d6+4,0.0,B
7194,40,18,7,4,1d8+4,1d8+4,37,18,7,5,1d8+4,1d8+4,1.0,B
7195,40,18,7,5,1d8+4,1d6+4,50,16,7,3,1d10+4,1d8+4,6.0,A
7196,45,17,7,5,1d10+4,1d8+4,50,17,7,3,1d10+4,1d6+4,5.0,A
7197,39,15,7,3,1d8+4,1d6+4,33,16,7,5,1d8+4,1d6+4,0.0,A
7198,37,16,7,5,1d10+4,1d8+4,41,17,7,4,1d10+4,1d6+4,5.0,A
7199,48,16,7,3,1d8+4,1d6+4,38,18,7,4,1d12+4,1d8+4,5.0,A
7200,35,18,7,3,1d8+4,1d8+4,48,16,7,4,1d8+4,1d6+4,7.0,B
7201,49,17,7,4,1d8+4,1d8+4,32,14,7,4,1d8+4,1d6+4,10.0,A
7202,48,16,7,4,1d8+4,1d6+4,40,17,7,5,1d10+4,1d6+4,7.0,A
7203,48,15,7,4,1d12+4,1d8+4,45,17,7,5,1d12+4,1d8+4,10.0,A
7204,48,17,7,4,1d8+4,1d8+4,34,17,7,5,1d10+4,1d8+4,10.0,A
7205,43,18,7,5,1d10+4,1d8+4,32,14,7,5,1d8+4,1d8+4,1.0,A
7206,33,17,7,4,1d12+4,1d8+4,43,14,7,4,1d10+4,1d6+4,6.0,B
7207,40,17,7,5,1d8+4,1d6+4,40,14,7,5,1d8+4,1d8+4,8.0,B
7208,47,14,7,3,1d10+4,1d8+4,40,15,7,4,1d8+4,1d8+4,3.0,A
7209,50,18,7,3,1d10+4,1d8+4,33,18,7,3,1d10+4,1d6+4,0.0,A
7210,34,16,7,3,1d8+4,1d6+4,44,16,7,4,1d12+4,1d6+4,3.0,B
7211,30,16,7,3,1d10+4,1d6+4,44,18,7,4,1d10+4,1d6+4,0.0,B
7212,39,18,7,5,1d10+4,1d6+4,35,17,7,5,1d10+4,1d8+4,1.0,A
7213,50,16,7,4,1d10+4,1d8+4,49,14,7,4,1d10+4,1d8+4,6.0,B
7214,30,17,7,3,1d12+4,1d8+4,39,17,7,4,1d10+4,1d6+4,10.0,B
7215,45,17,7,4,1d8+4,1d8+4,40,18,7,3,1d10+4,1d8+4,2.0,A
7216,39,17,7,4,1d10+4,1d6+4,43,16,7,5,1d10+4,1d8+4,2.0,A
7217,30,16,7,4,1d12+4,1d6+4,38,18,7,5,1d8+4,1d8+4,9.0,B
7218,41,15,7,3,1d8+4,1d8+4,36,15,7,4,1d8+4,1d6+4,10.0,B
7219,41,18,7,5,1d10+4,1d6+4,49,16,7,3,1d12+4,1d8+4,6.0,B
7220,41,14,7,4,1d8+4,1d6+4,38,14,7,5,1d10+4,1d6+4,8.0,A
7221,44,18,7,3,1d8+4,1d6+4,46,15,7,4,1d12+4,1d6+4,3.0,A
7222,34,18,7,5,1d12+4,1d6+4,35,18,7,4,1d12+4,1d8+4,7.0,A
7223,42,16,7,5,1d12+4,1d8+4,39,18,7,3,1d12+4,1d6+4,7.0,A
7224,50,14,7,4,1d10+4,1d6+4,43,18,7,4,1d10+4,1d6+4,5.0,B
7225,43,14,7,3,1d10+4,1d6+4,48,15,7,3,1d10+4,1d6+4,9.0,B
7226,49,16,7,3,1d10+4,1d8+4,30,18,7,4,1d10+4,1d6+4,4.0,A
7227,30,17,7,4,1d12+4,1d8+4,41,14,7,4,1d12+4,1d6+4,2.0,A
7228,30,18,7,4,1d12+4,1d6+4,42,17,7,5,1d8+4,1d8+4,10.0,A
7229,44,18,7,3,1d12+4,1d6+4,35,14,7,5,1d8+4,1d6+4,8.0,A
7230,34,15,7,4,1d12+4,1d8+4,31,15,7,5,1d8+4,1d6+4,8.0,A
7231,33,15,7,4,1d12+4,1d8+4,33,15,7,4,1d8+4,1d6+4,1.0,B
7232,31,16,7,4,1d10+4,1d8+4,44,16,7,4,1d10+4,1d6+4,4.0,B
7233,47,15,7,3,1d12+4,1d8+4,47,18,7,3,1d12+4,1d6+4,5.0,A
7234,47,17,7,3,1d8+4,1d8+4,48,14,7,3,1d12+4,1d8+4,2.0,B
7235,50,17,7,4,1d12+4,1d6+4,43,15,7,3,1d10+4,1d8+4,10.0,A
7236,46,17,7,4,1d10+4,1d8+4,34,15,7,5,1d10+4,1d8+4,10.0,A
7237,37,18,7,3,1d12+4,1d8+4,43,15,7,3,1d12+4,1d6+4,10.0,B
7238,41,18,7,4,1d12+4,1d8+4,35,15,7,4,1d12+4,1d6+4,3.0,A
7239,35,14,7,5,1d10+4,1d6+4,45,17,7,3,1d10+4,1d6+4,7.0,A
7240,44,14,7,4,1d8+4,1d6+4,43,14,7,3,1d8+4,1d6+4,5.0,A
7241,46,14,7,4,1d12+4,1d6+4,41,18,7,5,1d10+4,1d8+4,10.0,A
7242,40,15,7,4,1d12+4,1d8+4,39,15,7,5,1d10+4,1d6+4,10.0,A
7243,30,17,7,3,1d12+4,1d8+4,47,15,7,4,1d12+4,1d8+4,6.0,A
7244,47,16,7,5,1d10+4,1d6+4,39,16,7,3,1d8+4,1d8+4,0.0,A
7245,45,14,7,4,1d10+4,1d8+4,30,16,7,4,1d12+4,1d6+4,5.0,B
7246,50,18,7,5,1d12+4,1d6+4,34,15,7,5,1d10+4,1d8+4,1.0,A
7247,44,14,7,4,1d8+4,1d6+4,37,18,7,5,1d12+4,1d8+4,7.0,B
7248,37,14,7,4,1d12+4,1d6+4,43,16,7,3,1d12+4,1d6+4,1.0,B
7249,36,14,7,4,1d10+4,1d8+4,35,17,7,4,1d10+4,1d6+4,6.0,B
7250,47,15,7,5,1d8+4,1d8+4,35,16,7,3,1d10+4,1d6+4,10.0,A
7251,37,14,7,5,1d12+4,1d8+4,42,17,7,3,1d10+4,1d6+4,8.0,A
7252,32,15,7,4,1d12+4,1d6+4,31,17,7,4,1d10+4,1d8+4,3.0,A
7253,48,16,7,3,1d10+4,1d6+4,34,16,7,4,1d8+4,1d6+4,8.0,B
7254,50,17,7,5,1d8+4,1d8+4,40,17,7,3,1d12+4,1d8+4,7.0,A
7255,37,16,7,3,1d10+4,1d6+4,35,16,7,5,1d10+4,1d6+4,1.0,A
7256,49,14,7,4,1d12+4,1d6+4,32,17,7,3,1d8+4,1d6+4,5.0,A
7257,34,15,7,4,1d10+4,1d6+4,33,17,7,3,1d10+4,1d6+4,5.0,A
7258,44,15,7,4,1d10+4,1d6+4,36,18,7,3,1d12+4,1d8+4,4.0,B
7259,48,16,7,4,1d10+4,1d6+4,48,14,7,3,1d12+4,1d8+4,5.0,B
7260,47,16,7,3,1d12+4,1d8+4,39,16,7,4,1d8+4,1d8+4,8.0,B
7261,34,18,7,4,1d12+4,1d6+4,44,17,7,3,1d10+4,1d8+4,7.0,A
7262,39,16,7,3,1d10+4,1d6+4,45,17,7,3,1d10+4,1d8+4,6.0,A
7263,32,18,7,5,1d10+4,1d8+4,47,14,7,5,1d10+4,1d6+4,6.0,A
7264,41,14,7,4,1d10+4,1d6+4,41,17,7,4,1d12+4,1d6+4,8.0,A
7265,49,18,7,4,1d8+4,1d8+4,49,18,7,3,1d8+4,1d6+4,10.0,A
7266,48,17,7,4,1d8+4,1d6+4,39,17,7,4,1d12+4,1d6+4,10.0,B
7267,41,15,7,5,1d12+4,1d6+4,45,14,7,4,1d10+4,1d8+4,0.0,B
7268,43,14,7,4,1d10+4,1d8+4,46,15,7,5,1d10+4,1d8+4,10.0,A
7269,35,16,7,3,1d8+4,1d8+4,40,18,7,3,1d10+4,1d8+4,4.0,B
7270,34,17,7,3,1d12+4,1d6+4,47,18,7,4,1d10+4,1d8+4,3.0,B
7271,38,16,7,3,1d8+4,1d6+4,48,15,7,5,1d8+4,1d6+4,7.0,B
7272,34,18,7,3,1d8+4,1d8+4,39,18,7,3,1d12+4,1d8+4,7.0,B
7273,45,17,7,3,1d8+4,1d6+4,30,15,7,5,1d12+4,1d8+4,1.0,A
7274,50,17,7,5,1d8+4,1d8+4,47,17,7,5,1d12+4,1d8+4,0.0,B
7275,40,15,7,5,1d10+4,1d6+4,47,17,7,5,1d12+4,1d6+4,8.0,B
7276,35,18,7,3,1d10+4,1d8+4,50,17,7,3,1d10+4,1d8+4,9.0,B
7277,32,14,7,5,1d12+4,1d8+4,36,15,7,3,1d12+4,1d6+4,5.0,B
7278,30,17,7,5,1d12+4,1d6+4,38,17,7,3,1d12+4,1d6+4,5.0,A
7279,32,14,7,5,1d8+4,1d6+4,30,17,7,3,1d8+4,1d6+4,6.0,A
7280,40,15,7,3,1d10+4,1d8+4,41,17,7,3,1d12+4,1d6+4,0.0,A
7281,42,16,7,5,1d8+4,1d8+4,38,18,7,3,1d12+4,1d8+4,0.0,A
7282,47,16,7,3,1d10+4,1d6+4,44,18,7,5,1d12+4,1d8+4,10.0,B
7283,30,15,7,3,1d10+4,1d6+4,38,16,7,4,1d8+4,1d8+4,10.0,A
7284,41,15,7,3,1d8+4,1d8+4,47,16,7,4,1d10+4,1d6+4,9.0,A
7285,45,18,7,3,1d10+4,1d8+4,43,18,7,5,1d8+4,1d8+4,8.0,A
7286,48,17,7,3,1d8+4,1d8+4,34,16,7,5,1d10+4,1d6+4,6.0,A
7287,39,17,7,5,1d12+4,1d6+4,43,17,7,4,1d8+4,1d6+4,6.0,A
7288,33,15,7,5,1d12+4,1d8+4,38,17,7,3,1d10+4,1d8+4,1.0,A
7289,46,16,7,3,1d8+4,1d6+4,34,17,7,5,1d8+4,1d6+4,6.0,A
7290,30,14,7,5,1d10+4,1d6+4,41,18,7,4,1d12+4,1d6+4,0.0,B
7291,43,17,7,5,1d10+4,1d8+4,45,15,7,5,1d12+4,1d8+4,8.0,A
7292,41,16,7,5,1d12+4,1d6+4,38,18,7,5,1d12+4,1d6+4,8.0,B
7293,35,17,7,5,1d12+4,1d8+4,38,14,7,4,1d8+4,1d6+4,10.0,A
7294,45,16,7,5,1d12+4,1d8+4,43,14,7,4,1d8+4,1d8+4,7.0,A
7295,48,16,7,3,1d12+4,1d6+4,42,14,7,5,1d8+4,1d8+4,10.0,B
7296,41,14,7,5,1d10+4,1d8+4,43,16,7,5,1d8+4,1d6+4,2.0,B
7297,39,18,7,3,1d12+4,1d6+4,32,18,7,5,1d12+4,1d8+4,6.0,B
7298,39,18,7,5,1d10+4,1d6+4,37,15,7,4,1d8+4,1d6+4,5.0,A
7299,39,15,7,3,1d10+4,1d8+4,35,15,7,5,1d10+4,1d8+4,5.0,A
7300,49,17,7,3,1d10+4,1d6+4,39,15,7,3,1d10+4,1d6+4,8.0,B
7301,30,18,7,5,1d8+4,1d6+4,46,15,7,4,1d12+4,1d8+4,0.0,A
7302,50,18,7,5,1d8+4,1d8+4,45,16,7,3,1d12+4,1d8+4,2.0,A
7303,34,17,7,5,1d12+4,1d6+4,33,17,7,5,1d12+4,1d6+4,4.0,B
7304,46,16,7,3,1d8+4,1d6+4,30,14,7,5,1d12+4,1d6+4,6.0,B
7305,40,14,7,5,1d10+4,1d6+4,32,15,7,5,1d8+4,1d8+4,4.0,B
7306,41,16,7,5,1d10+4,1d6+4,40,15,7,3,1d12+4,1d8+4,8.0,B
7307,40,18,7,5,1d12+4,1d8+4,41,18,7,4,1d8+4,1d8+4,8.0,B
7308,48,15,7,4,1d12+4,1d8+4,39,14,7,4,1d10+4,1d6+4,4.0,A
7309,31,16,7,3,1d8+4,1d6+4,31,17,7,3,1d8+4,1d8+4,1.0,B
7310,30,17,7,5,1d12+4,1d8+4,48,16,7,4,1d10+4,1d8+4,1.0,B
7311,44,16,7,5,1d10+4,1d8+4,45,14,7,5,1d10+4,1d6+4,7.0,A
7312,36,18,7,3,1d10+4,1d6+4,32,16,7,3,1d8+4,1d6+4,5.0,A
7313,40,15,7,4,1d10+4,1d8+4,50,18,7,3,1d8+4,1d8+4,9.0,A
7314,43,15,7,3,1d12+4,1d8+4,43,14,7,3,1d12+4,1d6+4,9.0,B
7315,50,16,7,5,1d10+4,1d8+4,38,16,7,5,1d10+4,1d6+4,8.0,A
7316,36,15,7,4,1d10+4,1d6+4,41,17,7,3,1d8+4,1d8+4,6.0,B
7317,48,16,7,3,1d12+4,1d8+4,33,16,7,3,1d10+4,1d8+4,2.0,A
7318,31,18,7,4,1d10+4,1d8+4,46,16,7,5,1d12+4,1d6+4,3.0,A
7319,40,17,7,3,1d8+4,1d6+4,47,18,7,5,1d8+4,1d6+4,10.0,A
7320,45,18,7,5,1d10+4,1d6+4,41,16,7,5,1d8+4,1d6+4,4.0,A
7321,36,15,7,5,1d12+4,1d6+4,38,18,7,5,1d12+4,1d6+4,3.0,B
7322,40,17,7,3,1d12+4,1d8+4,43,18,7,5,1d8+4,1d6+4,8.0,B
7323,41,17,7,5,1d12+4,1d8+4,30,15,7,4,1d8+4,1d8+4,7.0,A
7324,42,14,7,3,1d12+4,1d8+4,44,18,7,4,1d10+4,1d8+4,3.0,B
7325,30,17,7,5,1d10+4,1d6+4,41,17,7,3,1d10+4,1d6+4,10.0,A
7326,35,16,7,5,1d8+4,1d6+4,40,18,7,4,1d8+4,1d6+4,4.0,A
7327,36,16,7,3,1d8+4,1d8+4,35,17,7,5,1d8+4,1d6+4,3.0,A
7328,45,14,7,3,1d10+4,1d6+4,44,14,7,3,1d10+4,1d6+4,3.0,B
7329,40,15,7,3,1d10+4,1d8+4,31,14,7,4,1d10+4,1d6+4,0.0,B
7330,33,14,7,4,1d10+4,1d8+4,43,16,7,3,1d12+4,1d8+4,8.0,B
7331,34,14,7,5,1d8+4,1d6+4,50,18,7,3,1d8+4,1d6+4,7.0,B
7332,39,16,7,4,1d12+4,1d8+4,47,14,7,3,1d12+4,1d6+4,5.0,B
7333,44,17,7,3,1d12+4,1d6+4,36,16,7,4,1d8+4,1d8+4,10.0,B
7334,47,18,7,4,1d10+4,1d8+4,50,18,7,5,1d10+4,1d8+4,2.0,A
7335,36,17,7,5,1d8+4,1d6+4,50,14,7,5,1d10+4,1d8+4,0.0,B
7336,31,14,7,4,1d10+4,1d8+4,36,17,7,3,1d10+4,1d6+4,0.0,B
7337,50,18,7,5,1d12+4,1d6+4,47,16,7,4,1d12+4,1d6+4,1.0,B
7338,36,15,7,4,1d12+4,1d8+4,39,15,7,5,1d8+4,1d6+4,5.0,A
7339,39,18,7,3,1d10+4,1d8+4,44,17,7,4,1d8+4,1d6+4,0.0,A
7340,39,17,7,4,1d12+4,1d8+4,49,17,7,4,1d10+4,1d6+4,5.0,B
7341,32,17,7,4,1d8+4,1d6+4,40,17,7,3,1d8+4,1d6+4,9.0,A
7342,37,16,7,3,1d10+4,1d8+4,48,15,7,4,1d12+4,1d6+4,7.0,B
7343,36,17,7,4,1d12+4,1d8+4,35,18,7,3,1d8+4,1d6+4,3.0,A
7344,41,16,7,5,1d12+4,1d8+4,48,14,7,5,1d8+4,1d6+4,2.0,A
7345,37,16,7,5,1d12+4,1d8+4,48,15,7,4,1d8+4,1d6+4,8.0,B
7346,43,15,7,3,1d8+4,1d8+4,40,14,7,4,1d10+4,1d6+4,10.0,B
7347,31,17,7,5,1d12+4,1d6+4,35,16,7,4,1d12+4,1d6+4,0.0,B
7348,50,17,7,4,1d10+4,1d6+4,36,15,7,4,1d8+4,1d8+4,5.0,A
7349,39,17,7,4,1d8+4,1d6+4,49,14,7,3,1d10+4,1d8+4,7.0,B
7350,50,15,7,4,1d8+4,1d8+4,50,18,7,5,1d8+4,1d6+4,7.0,A
7351,37,18,7,3,1d12+4,1d6+4,31,16,7,3,1d10+4,1d8+4,10.0,A
7352,37,15,7,5,1d12+4,1d8+4,49,14,7,3,1d10+4,1d6+4,5.0,B
7353,45,16,7,5,1d10+4,1d8+4,43,15,7,3,1d10+4,1d8+4,10.0,A
7354,48,18,7,5,1d8+4,1d6+4,31,17,7,5,1d10+4,1d6+4,8.0,A
7355,42,15,7,4,1d10+4,1d8+4,34,16,7,4,1d10+4,1d6+4,9.0,A
7356,42,17,7,3,1d8+4,1d6+4,32,16,7,5,1d12+4,1d8+4,9.0,B
7357,50,14,7,5,1d10+4,1d8+4,34,14,7,3,1d12+4,1d8+4,8.0,A
7358,44,16,7,4,1d12+4,1d6+4,46,14,7,3,1d12+4,1d8+4,7.0,A
7359,50,14,7,3,1d12+4,1d6+4,30,15,7,5,1d12+4,1d6+4,3.0,A
7360,40,14,7,5,1d12+4,1d8+4,32,18,7,3,1d8+4,1d6+4,2.0,B
7361,33,18,7,5,1d12+4,1d6+4,44,14,7,3,1d8+4,1d8+4,6.0,A
7362,40,15,7,5,1d12+4,1d8+4,39,17,7,5,1d12+4,1d6+4,1.0,B
7363,38,17,7,3,1d8+4,1d6+4,41,15,7,3,1d8+4,1d8+4,0.0,B
7364,47,15,7,4,1d8+4,1d8+4,30,18,7,5,1d10+4,1d8+4,5.0,A
7365,43,18,7,3,1d8+4,1d6+4,45,15,7,3,1d8+4,1d6+4,4.0,B
7366,40,18,7,3,1d12+4,1d8+4,46,18,7,3,1d8+4,1d6+4,0.0,A
7367,31,14,7,4,1d12+4,1d8+4,46,17,7,4,1d10+4,1d8+4,3.0,B
7368,50,18,7,5,1d10+4,1d8+4,42,14,7,5,1d10+4,1d8+4,5.0,A
7369,47,16,7,3,1d10+4,1d8+4,35,16,7,5,1d10+4,1d6+4,0.0,A
7370,42,18,7,5,1d8+4,1d8+4,44,18,7,5,1d10+4,1d8+4,5.0,A
7371,34,17,7,3,1d8+4,1d8+4,37,18,7,3,1d10+4,1d8+4,5.0,B
7372,42,14,7,3,1d8+4,1d6+4,37,17,7,5,1d12+4,1d8+4,7.0,B
7373,43,17,7,5,1d10+4,1d6+4,41,18,7,4,1d10+4,1d8+4,5.0,A
7374,38,17,7,3,1d12+4,1d8+4,32,16,7,5,1d10+4,1d8+4,10.0,A
7375,36,15,7,4,1d10+4,1d6+4,41,14,7,4,1d8+4,1d8+4,3.0,A
7376,49,18,7,3,1d12+4,1d6+4,44,18,7,4,1d8+4,1d6+4,2.0,B
7377,50,15,7,4,1d12+4,1d8+4,41,14,7,4,1d12+4,1d6+4,6.0,B
7378,42,18,7,3,1d10+4,1d8+4,48,17,7,5,1d10+4,1d8+4,6.0,A
7379,35,15,7,4,1d8+4,1d6+4,44,16,7,5,1d8+4,1d6+4,10.0,A
7380,38,17,7,4,1d12+4,1d8+4,46,14,7,3,1d10+4,1d8+4,10.0,A
7381,45,15,7,3,1d10+4,1d8+4,38,18,7,4,1d10+4,1d8+4,2.0,A
7382,33,17,7,3,1d8+4,1d8+4,49,15,7,5,1d12+4,1d8+4,7.0,A
7383,35,17,7,4,1d8+4,1d8+4,40,15,7,3,1d12+4,1d8+4,7.0,B
7384,39,14,7,5,1d10+4,1d8+4,34,18,7,4,1d8+4,1d6+4,10.0,A
7385,36,14,7,4,1d10+4,1d6+4,37,17,7,3,1d12+4,1d6+4,1.0,A
7386,35,18,7,4,1d12+4,1d8+4,38,15,7,3,1d8+4,1d8+4,2.0,A
7387,41,14,7,5,1d10+4,1d8+4,30,17,7,5,1d12+4,1d8+4,9.0,A
7388,41,16,7,3,1d10+4,1d8+4,30,16,7,3,1d8+4,1d6+4,5.0,A
7389,44,16,7,5,1d12+4,1d8+4,45,17,7,3,1d12+4,1d6+4,4.0,A
7390,47,14,7,5,1d8+4,1d8+4,43,18,7,3,1d8+4,1d6+4,8.0,A
7391,41,14,7,4,1d12+4,1d8+4,33,15,7,5,1d12+4,1d6+4,9.0,A
7392,49,15,7,3,1d12+4,1d6+4,43,18,7,4,1d12+4,1d8+4,10.0,B
7393,41,15,7,5,1d10+4,1d8+4,37,18,7,5,1d8+4,1d8+4,5.0,B
7394,47,16,7,4,1d10+4,1d6+4,49,15,7,5,1d10+4,1d6+4,6.0,B
7395,47,16,7,3,1d12+4,1d8+4,41,16,7,3,1d10+4,1d6+4,5.0,A
7396,49,18,7,5,1d10+4,1d6+4,31,16,7,4,1d12+4,1d6+4,3.0,A
7397,46,16,7,5,1d10+4,1d6+4,41,14,7,4,1d10+4,1d8+4,2.0,A
7398,39,14,7,5,1d10+4,1d8+4,44,15,7,3,1d12+4,1d8+4,8.0,A
7399,39,14,7,5,1d10+4,1d6+4,37,17,7,5,1d10+4,1d6+4,1.0,A
7400,45,17,7,4,1d8+4,1d8+4,40,18,7,3,1d12+4,1d6+4,4.0,A
7401,46,17,7,5,1d12+4,1d8+4,31,14,7,5,1d10+4,1d6+4,1.0,B
7402,37,18,7,3,1d12+4,1d6+4,40,16,7,4,1d12+4,1d6+4,2.0,B
7403,37,17,7,5,1d12+4,1d6+4,35,17,7,3,1d10+4,1d8+4,3.0,B
7404,43,17,7,4,1d8+4,1d8+4,40,16,7,4,1d8+4,1d8+4,1.0,A
7405,48,14,7,3,1d10+4,1d8+4,39,18,7,3,1d8+4,1d6+4,6.0,A
7406,30,17,7,4,1d8+4,1d6+4,43,15,7,5,1d8+4,1d6+4,4.0,B
7407,36,17,7,4,1d8+4,1d6+4,40,14,7,3,1d10+4,1d6+4,4.0,B
7408,48,17,7,3,1d8+4,1d8+4,48,16,7,4,1d12+4,1d6+4,5.0,B
7409,46,14,7,4,1d8+4,1d6+4,37,14,7,4,1d12+4,1d6+4,4.0,A
7410,43,15,7,4,1d10+4,1d8+4,30,17,7,3,1d12+4,1d8+4,10.0,B
7411,38,16,7,5,1d10+4,1d8+4,36,15,7,5,1d8+4,1d6+4,6.0,A
7412,48,17,7,4,1d10+4,1d6+4,35,14,7,3,1d10+4,1d8+4,8.0,A
7413,42,14,7,4,1d10+4,1d8+4,48,18,7,5,1d10+4,1d8+4,0.0,B
7414,43,14,7,3,1d8+4,1d6+4,30,16,7,4,1d10+4,1d6+4,1.0,A
7415,40,18,7,3,1d8+4,1d8+4,30,18,7,5,1d8+4,1d6+4,10.0,A
7416,45,16,7,4,1d12+4,1d6+4,34,15,7,3,1d10+4,1d8+4,6.0,A
7417,49,17,7,4,1d10+4,1d6+4,43,16,7,4,1d8+4,1d6+4,2.0,A
7418,37,15,7,5,1d10+4,1d6+4,32,14,7,4,1d8+4,1d8+4,3.0,A
7419,32,18,7,4,1d12+4,1d6+4,36,15,7,5,1d10+4,1d6+4,2.0,B
7420,43,18,7,4,1d10+4,1d6+4,37,16,7,3,1d8+4,1d6+4,9.0,A
7421,43,16,7,4,1d12+4,1d6+4,35,15,7,3,1d12+4,1d6+4,9.0,A
7422,50,16,7,4,1d10+4,1d6+4,38,18,7,3,1d12+4,1d8+4,8.0,A
7423,39,17,7,5,1d10+4,1d8+4,48,16,7,4,1d8+4,1d8+4,4.0,A
7424,33,16,7,4,1d10+4,1d6+4,32,16,7,5,1d8+4,1d6+4,1.0,B
7425,45,14,7,3,1d8+4,1d6+4,38,15,7,5,1d8+4,1d8+4,2.0,A
7426,50,17,7,4,1d10+4,1d6+4,37,17,7,3,1d10+4,1d6+4,2.0,A
7427,46,14,7,3,1d10+4,1d6+4,33,18,7,5,1d8+4,1d8+4,7.0,A
7428,30,16,7,3,1d12+4,1d6+4,32,18,7,4,1d10+4,1d8+4,4.0,B
7429,43,16,7,5,1d12+4,1d6+4,37,18,7,3,1d10+4,1d6+4,9.0,B
7430,32,18,7,5,1d12+4,1d6+4,31,18,7,5,1d12+4,1d6+4,2.0,B
7431,36,16,7,5,1d12+4,1d8+4,32,14,7,5,1d10+4,1d8+4,10.0,A
7432,46,14,7,5,1d10+4,1d8+4,32,14,7,5,1d12+4,1d8+4,0.0,B
7433,36,18,7,3,1d12+4,1d8+4,31,16,7,4,1d12+4,1d6+4,7.0,A
7434,35,16,7,5,1d8+4,1d8+4,33,17,7,3,1d8+4,1d6+4,3.0,A
7435,38,18,7,5,1d12+4,1d6+4,39,14,7,3,1d8+4,1d8+4,5.0,A
7436,33,14,7,5,1d10+4,1d6+4,44,18,7,3,1d10+4,1d8+4,9.0,B
7437,34,14,7,5,1d12+4,1d6+4,33,14,7,4,1d10+4,1d6+4,3.0,A
7438,42,16,7,3,1d12+4,1d8+4,34,15,7,4,1d10+4,1d8+4,2.0,A
7439,35,14,7,5,1d12+4,1d8+4,47,16,7,4,1d10+4,1d6+4,2.0,B
7440,43,16,7,4,1d8+4,1d8+4,33,15,7,5,1d10+4,1d6+4,10.0,A
7441,33,14,7,5,1d12+4,1d8+4,44,16,7,5,1d8+4,1d8+4,9.0,B
7442,40,16,7,5,1d8+4,1d6+4,34,14,7,4,1d8+4,1d6+4,7.0,B
7443,35,17,7,5,1d10+4,1d6+4,30,15,7,3,1d12+4,1d6+4,2.0,B
7444,42,14,7,4,1d8+4,1d8+4,43,16,7,4,1d12+4,1d6+4,3.0,B
7445,48,17,7,3,1d10+4,1d8+4,40,18,7,3,1d10+4,1d6+4,2.0,B
7446,30,16,7,4,1d8+4,1d8+4,40,14,7,4,1d10+4,1d8+4,3.0,B
7447,44,15,7,3,1d10+4,1d6+4,43,14,7,3,1d10+4,1d6+4,0.0,A
7448,35,16,7,5,1d10+4,1d6+4,49,16,7,3,1d12+4,1d6+4,6.0,B
7449,46,15,7,3,1d12+4,1d6+4,39,15,7,3,1d8+4,1d6+4,3.0,A
7450,47,14,7,5,1d8+4,1d6+4,35,17,7,4,1d10+4,1d8+4,8.0,A
7451,30,15,7,5,1d8+4,1d8+4,34,16,7,3,1d8+4,1d8+4,6.0,B
7452,47,15,7,5,1d8+4,1d6+4,37,18,7,3,1d12+4,1d6+4,2.0,B
7453,37,17,7,5,1d12+4,1d8+4,37,15,7,5,1d8+4,1d8+4,6.0,A
7454,50,18,7,5,1d12+4,1d8+4,46,15,7,3,1d12+4,1d8+4,9.0,B
7455,46,15,7,3,1d10+4,1d8+4,37,15,7,3,1d10+4,1d6+4,1.0,A
7456,35,17,7,5,1d10+4,1d6+4,39,15,7,4,1d10+4,1d6+4,4.0,B
7457,38,18,7,4,1d10+4,1d6+4,46,17,7,4,1d8+4,1d8+4,3.0,A
7458,41,16,7,4,1d8+4,1d8+4,35,16,7,5,1d8+4,1d8+4,2.0,A
7459,36,17,7,5,1d12+4,1d6+4,34,18,7,5,1d10+4,1d8+4,1.0,B
7460,45,18,7,3,1d8+4,1d6+4,43,14,7,3,1d8+4,1d8+4,5.0,A
7461,31,15,7,5,1d12+4,1d8+4,49,18,7,4,1d8+4,1d8+4,0.0,B
7462,49,17,7,4,1d12+4,1d8+4,40,17,7,5,1d8+4,1d6+4,10.0,A
7463,30,15,7,5,1d10+4,1d8+4,43,15,7,4,1d10+4,1d8+4,10.0,B
7464,45,15,7,4,1d12+4,1d6+4,30,18,7,5,1d12+4,1d6+4,9.0,B
7465,47,17,7,3,1d8+4,1d6+4,46,15,7,4,1d10+4,1d6+4,3.0,A
7466,46,17,7,3,1d10+4,1d8+4,37,17,7,4,1d12+4,1d8+4,6.0,B
7467,34,15,7,4,1d12+4,1d6+4,35,16,7,3,1d10+4,1d8+4,2.0,A
7468,39,15,7,4,1d8+4,1d8+4,41,17,7,4,1d10+4,1d6+4,3.0,A
7469,30,16,7,4,1d12+4,1d6+4,30,18,7,4,1d12+4,1d8+4,5.0,A
7470,48,18,7,4,1d8+4,1d8+4,46,16,7,3,1d12+4,1d8+4,3.0,B
7471,30,16,7,5,1d8+4,1d8+4,38,17,7,4,1d12+4,1d6+4,2.0,B
7472,35,18,7,4,1d12+4,1d8+4,33,15,7,3,1d12+4,1d8+4,3.0,A
7473,48,15,7,4,1d10+4,1d6+4,36,15,7,4,1d10+4,1d8+4,0.0,A
7474,47,17,7,4,1d12+4,1d8+4,49,18,7,3,1d8+4,1d6+4,1.0,B
7475,36,16,7,4,1d10+4,1d8+4,33,14,7,3,1d10+4,1d6+4,1.0,B
7476,42,15,7,3,1d12+4,1d8+4,40,14,7,3,1d8+4,1d6+4,3.0,A
7477,38,17,7,4,1d8+4,1d6+4,36,17,7,4,1d10+4,1d6+4,9.0,B
7478,45,14,7,3,1d12+4,1d6+4,39,17,7,4,1d8+4,1d6+4,7.0,A
7479,44,16,7,4,1d8+4,1d8+4,41,16,7,3,1d10+4,1d6+4,9.0,B
7480,38,15,7,3,1d12+4,1d6+4,37,14,7,3,1d12+4,1d8+4,4.0,A
7481,30,16,7,3,1d12+4,1d6+4,40,15,7,4,1d8+4,1d8+4,7.0,B
7482,49,18,7,4,1d12+4,1d8+4,48,17,7,3,1d12+4,1d6+4,0.0,A
7483,47,15,7,4,1d8+4,1d8+4,47,18,7,4,1d8+4,1d8+4,7.0,B
7484,42,15,7,5,1d12+4,1d6+4,33,18,7,4,1d10+4,1d8+4,1.0,B
7485,48,18,7,3,1d12+4,1d6+4,36,15,7,4,1d10+4,1d8+4,1.0,A
7486,49,15,7,3,1d10+4,1d6+4,49,17,7,5,1d12+4,1d8+4,6.0,B
7487,47,17,7,4,1d8+4,1d8+4,48,17,7,4,1d12+4,1d8+4,6.0,B
7488,34,17,7,3,1d12+4,1d8+4,43,15,7,4,1d10+4,1d6+4,10.0,A
7489,33,14,7,3,1d8+4,1d6+4,40,18,7,4,1d8+4,1d6+4,6.0,B
7490,48,18,7,4,1d10+4,1d8+4,36,16,7,3,1d8+4,1d8+4,10.0,A
7491,31,17,7,3,1d10+4,1d8+4,35,18,7,3,1d12+4,1d6+4,0.0,A
7492,40,17,7,4,1d10+4,1d8+4,41,15,7,4,1d10+4,1d8+4,7.0,B
7493,33,16,7,5,1d8+4,1d6+4,44,15,7,3,1d12+4,1d6+4,5.0,B
7494,42,14,7,4,1d8+4,1d8+4,43,18,7,5,1d10+4,1d6+4,9.0,B
7495,47,15,7,3,1d8+4,1d6+4,43,16,7,4,1d8+4,1d6+4,7.0,A
7496,36,18,7,3,1d12+4,1d6+4,30,14,7,5,1d10+4,1d8+4,9.0,A
7497,34,15,7,3,1d12+4,1d6+4,47,17,7,4,1d10+4,1d6+4,7.0,B
7498,50,18,7,3,1d10+4,1d6+4,37,15,7,4,1d12+4,1d8+4,6.0,A
7499,38,16,7,5,1d10+4,1d8+4,33,17,7,5,1d8+4,1d8+4,2.0,A
7500,38,14,7,4,1d8+4,1d8+4,32,18,7,3,1d12+4,1d8+4,1.0,A
7501,45,16,7,4,1d8+4,1d8+4,45,18,7,3,1d12+4,1d6+4,2.0,A
7502,47,15,7,4,1d10+4,1d6+4,36,17,7,4,1d12+4,1d6+4,4.0,B
7503,30,17,7,5,1d10+4,1d8+4,38,16,7,5,1d8+4,1d8+4,2.0,A
7504,41,18,7,3,1d12+4,1d6+4,39,17,7,5,1d8+4,1d8+4,8.0,A
7505,39,14,7,3,1d12+4,1d6+4,33,15,7,5,1d12+4,1d6+4,6.0,A
7506,48,17,7,4,1d10+4,1d6+4,43,16,7,5,1d12+4,1d8+4,1.0,A
7507,42,17,7,5,1d8+4,1d6+4,34,14,7,3,1d8+4,1d8+4,1.0,B
7508,32,17,7,4,1d12+4,1d8+4,30,17,7,5,1d10+4,1d8+4,7.0,B
7509,34,15,7,5,1d8+4,1d8+4,49,14,7,3,1d12+4,1d6+4,0.0,B
7510,38,16,7,4,1d10+4,1d6+4,47,16,7,3,1d8+4,1d8+4,8.0,A
7511,46,17,7,4,1d12+4,1d6+4,50,14,7,3,1d10+4,1d8+4,5.0,A
7512,46,18,7,5,1d8+4,1d6+4,47,17,7,4,1d10+4,1d8+4,9.0,A
7513,38,15,7,5,1d10+4,1d6+4,44,14,7,3,1d12+4,1d8+4,2.0,B
7514,33,15,7,5,1d12+4,1d6+4,47,18,7,5,1d12+4,1d6+4,3.0,B
7515,45,17,7,4,1d12+4,1d8+4,42,18,7,5,1d12+4,1d6+4,9.0,B
7516,40,17,7,5,1d8+4,1d6+4,49,17,7,5,1d8+4,1d6+4,3.0,A
7517,50,15,7,4,1d12+4,1d6+4,37,17,7,5,1d8+4,1d6+4,0.0,A
7518,43,17,7,4,1d8+4,1d6+4,46,15,7,4,1d12+4,1d6+4,8.0,B
7519,50,14,7,4,1d8+4,1d6+4,50,14,7,5,1d8+4,1d6+4,9.0,A
7520,44,15,7,5,1d12+4,1d8+4,49,17,7,4,1d10+4,1d6+4,2.0,A
7521,35,15,7,4,1d12+4,1d6+4,32,14,7,3,1d12+4,1d8+4,4.0,A
7522,50,14,7,5,1d8+4,1d8+4,37,18,7,5,1d12+4,1d8+4,3.0,B
7523,43,18,7,4,1d12+4,1d6+4,43,18,7,3,1d8+4,1d8+4,5.0,A
7524,46,14,7,3,1d8+4,1d6+4,42,17,7,5,1d8+4,1d8+4,4.0,A
7525,32,14,7,4,1d10+4,1d6+4,33,15,7,4,1d8+4,1d8+4,1.0,A
7526,34,17,7,4,1d12+4,1d8+4,32,16,7,4,1d12+4,1d8+4,3.0,A
7527,49,15,7,4,1d8+4,1d8+4,37,15,7,4,1d12+4,1d6+4,5.0,A
7528,36,17,7,5,1d12+4,1d8+4,50,14,7,4,1d10+4,1d8+4,6.0,A
7529,36,15,7,3,1d12+4,1d6+4,46,18,7,5,1d10+4,1d8+4,9.0,B
7530,39,17,7,5,1d10+4,1d8+4,35,17,7,3,1d10+4,1d6+4,8.0,A
7531,47,17,7,4,1d8+4,1d6+4,32,16,7,5,1d12+4,1d6+4,6.0,B
7532,32,17,7,3,1d10+4,1d6+4,31,16,7,5,1d8+4,1d8+4,0.0,A
7533,47,17,7,5,1d8+4,1d8+4,47,15,7,5,1d12+4,1d8+4,6.0,B
7534,31,18,7,4,1d8+4,1d6+4,37,18,7,5,1d12+4,1d6+4,5.0,B
7535,49,15,7,5,1d8+4,1d6+4,36,16,7,4,1d10+4,1d6+4,7.0,A
7536,31,18,7,5,1d12+4,1d6+4,43,16,7,4,1d10+4,1d8+4,3.0,A
7537,44,17,7,4,1d12+4,1d6+4,38,16,7,5,1d12+4,1d6+4,5.0,A
7538,32,15,7,4,1d10+4,1d8+4,48,14,7,3,1d10+4,1d6+4,10.0,B
7539,45,18,7,4,1d10+4,1d8+4,40,15,7,4,1d8+4,1d8+4,7.0,A
7540,34,17,7,5,1d10+4,1d8+4,33,17,7,4,1d8+4,1d6+4,3.0,A
7541,32,14,7,3,1d12+4,1d8+4,43,17,7,5,1d8+4,1d8+4,10.0,B
7542,41,17,7,3,1d10+4,1d6+4,48,15,7,5,1d10+4,1d6+4,0.0,A
7543,40,16,7,4,1d8+4,1d8+4,34,16,7,5,1d12+4,1d8+4,10.0,A
7544,33,17,7,4,1d10+4,1d6+4,50,14,7,4,1d10+4,1d8+4,3.0,B
7545,43,14,7,3,1d8+4,1d8+4,40,17,7,5,1d12+4,1d8+4,5.0,B
7546,42,14,7,4,1d12+4,1d8+4,50,15,7,3,1d8+4,1d8+4,6.0,A
7547,44,18,7,4,1d10+4,1d8+4,45,14,7,3,1d12+4,1d8+4,1.0,A
7548,44,17,7,4,1d10+4,1d6+4,49,16,7,5,1d10+4,1d6+4,6.0,B
7549,50,14,7,5,1d12+4,1d6+4,33,17,7,4,1d10+4,1d8+4,10.0,A
7550,45,18,7,5,1d8+4,1d6+4,36,15,7,3,1d10+4,1d8+4,7.0,A
7551,48,15,7,3,1d8+4,1d8+4,46,17,7,4,1d12+4,1d6+4,6.0,A
7552,49,14,7,4,1d12+4,1d8+4,37,17,7,5,1d8+4,1d8+4,7.0,A
7553,32,18,7,3,1d8+4,1d6+4,34,18,7,3,1d12+4,1d8+4,8.0,B
7554,50,16,7,3,1d8+4,1d6+4,39,16,7,3,1d8+4,1d6+4,10.0,A
7555,37,17,7,5,1d12+4,1d8+4,48,17,7,3,1d10+4,1d8+4,3.0,B
7556,39,17,7,4,1d12+4,1d8+4,41,17,7,4,1d12+4,1d6+4,10.0,A
7557,43,15,7,5,1d12+4,1d6+4,31,14,7,5,1d8+4,1d6+4,4.0,B
7558,37,18,7,4,1d10+4,1d8+4,46,14,7,5,1d12+4,1d6+4,1.0,A
7559,30,17,7,3,1d12+4,1d8+4,39,14,7,4,1d12+4,1d6+4,4.0,B
7560,40,14,7,4,1d10+4,1d8+4,31,15,7,4,1d8+4,1d6+4,10.0,A
7561,46,16,7,3,1d10+4,1d6+4,39,17,7,5,1d8+4,1d8+4,8.0,A
7562,42,14,7,5,1d10+4,1d8+4,32,14,7,3,1d8+4,1d6+4,6.0,A
7563,34,18,7,4,1d12+4,1d6+4,34,14,7,4,1d8+4,1d8+4,4.0,A
7564,34,15,7,5,1d8+4,1d6+4,43,14,7,4,1d12+4,1d6+4,4.0,B
7565,42,15,7,3,1d12+4,1d6+4,47,17,7,4,1d10+4,1d8+4,2.0,B
7566,43,17,7,3,1d10+4,1d8+4,49,17,7,3,1d12+4,1d8+4,0.0,A
7567,36,15,7,5,1d8+4,1d6+4,33,17,7,3,1d10+4,1d8+4,6.0,B
7568,31,14,7,5,1d12+4,1d6+4,44,17,7,3,1d12+4,1d6+4,4.0,B
7569,34,14,7,5,1d12+4,1d8+4,41,16,7,3,1d10+4,1d8+4,7.0,A
7570,36,18,7,3,1d10+4,1d8+4,39,16,7,5,1d8+4,1d6+4,8.0,A
7571,50,16,7,5,1d10+4,1d8+4,36,17,7,3,1d8+4,1d8+4,8.0,A
7572,30,15,7,5,1d12+4,1d6+4,47,18,7,4,1d12+4,1d6+4,6.0,B
7573,34,15,7,4,1d12+4,1d8+4,40,17,7,5,1d12+4,1d6+4,1.0,A
7574,38,18,7,3,1d12+4,1d8+4,36,14,7,5,1d8+4,1d6+4,7.0,A
7575,47,14,7,5,1d8+4,1d8+4,37,17,7,5,1d12+4,1d6+4,3.0,A
7576,39,17,7,3,1d12+4,1d6+4,36,16,7,4,1d12+4,1d6+4,8.0,A
7577,43,16,7,4,1d8+4,1d6+4,39,17,7,5,1d12+4,1d6+4,10.0,A
7578,45,16,7,3,1d12+4,1d8+4,36,15,7,3,1d8+4,1d6+4,2.0,A
7579,48,17,7,3,1d8+4,1d6+4,44,14,7,5,1d8+4,1d8+4,0.0,A
7580,40,18,7,3,1d10+4,1d8+4,40,16,7,5,1d10+4,1d8+4,2.0,A
7581,41,15,7,4,1d8+4,1d6+4,47,15,7,4,1d10+4,1d8+4,8.0,B
7582,41,15,7,4,1d8+4,1d8+4,45,14,7,3,1d12+4,1d6+4,2.0,B
7583,42,16,7,3,1d10+4,1d6+4,32,16,7,4,1d8+4,1d8+4,6.0,A
7584,50,18,7,3,1d12+4,1d8+4,31,15,7,4,1d12+4,1d6+4,1.0,A
7585,47,14,7,4,1d10+4,1d8+4,37,16,7,4,1d8+4,1d8+4,4.0,B
7586,43,14,7,3,1d10+4,1d6+4,40,15,7,4,1d8+4,1d8+4,7.0,A
7587,38,18,7,3,1d8+4,1d6+4,33,16,7,5,1d8+4,1d6+4,10.0,A
7588,40,15,7,5,1d8+4,1d6+4,36,17,7,3,1d12+4,1d6+4,8.0,A
7589,37,16,7,3,1d10+4,1d8+4,43,15,7,4,1d10+4,1d8+4,7.0,A
7590,32,14,7,5,1d10+4,1d8+4,50,18,7,3,1d10+4,1d8+4,7.0,A
7591,45,18,7,4,1d8+4,1d6+4,43,16,7,3,1d10+4,1d8+4,7.0,B
7592,31,16,7,3,1d8+4,1d8+4,36,16,7,5,1d12+4,1d8+4,5.0,B
7593,44,15,7,3,1d10+4,1d6+4,49,17,7,3,1d10+4,1d8+4,4.0,B
7594,40,14,7,4,1d10+4,1d6+4,31,17,7,4,1d8+4,1d6+4,6.0,B
7595,31,17,7,3,1d8+4,1d8+4,34,15,7,5,1d8+4,1d6+4,8.0,B
7596,43,15,7,4,1d8+4,1d6+4,46,17,7,3,1d12+4,1d8+4,0.0,B
7597,36,17,7,3,1d12+4,1d8+4,39,15,7,3,1d12+4,1d8+4,4.0,B
7598,41,14,7,4,1d8+4,1d8+4,39,16,7,5,1d10+4,1d8+4,2.0,A
7599,48,16,7,3,1d10+4,1d6+4,50,18,7,5,1d8+4,1d8+4,2.0,A
7600,36,17,7,3,1d10+4,1d6+4,36,14,7,4,1d12+4,1d6+4,4.0,A
7601,38,18,7,3,1d12+4,1d6+4,46,16,7,4,1d10+4,1d6+4,9.0,A
7602,35,17,7,5,1d12+4,1d8+4,30,14,7,5,1d10+4,1d8+4,2.0,B
7603,50,18,7,4,1d12+4,1d8+4,39,15,7,3,1d10+4,1d8+4,5.0,B
7604,43,16,7,4,1d12+4,1d8+4,49,14,7,5,1d10+4,1d6+4,10.0,A
7605,41,16,7,5,1d8+4,1d6+4,37,16,7,3,1d12+4,1d8+4,6.0,B
7606,35,18,7,4,1d10+4,1d6+4,50,15,7,5,1d8+4,1d6+4,7.0,B
7607,40,18,7,3,1d8+4,1d6+4,49,16,7,5,1d12+4,1d8+4,0.0,A
7608,45,14,7,4,1d8+4,1d6+4,30,18,7,5,1d8+4,1d8+4,0.0,A
7609,38,17,7,5,1d12+4,1d6+4,49,16,7,4,1d8+4,1d6+4,2.0,A
7610,40,14,7,5,1d12+4,1d8+4,39,15,7,3,1d8+4,1d8+4,5.0,B
7611,42,16,7,3,1d8+4,1d6+4,39,15,7,3,1d10+4,1d6+4,8.0,A
7612,44,18,7,4,1d12+4,1d6+4,36,14,7,3,1d12+4,1d6+4,5.0,B
7613,39,17,7,3,1d12+4,1d8+4,46,14,7,3,1d10+4,1d8+4,8.0,A
7614,46,14,7,3,1d12+4,1d8+4,40,18,7,5,1d12+4,1d6+4,6.0,B
7615,50,15,7,5,1d10+4,1d6+4,46,17,7,5,1d10+4,1d8+4,6.0,A
7616,49,15,7,5,1d8+4,1d6+4,38,14,7,3,1d12+4,1d8+4,4.0,A
7617,36,18,7,5,1d12+4,1d8+4,46,16,7,5,1d12+4,1d8+4,3.0,A
7618,39,15,7,4,1d12+4,1d6+4,35,14,7,5,1d10+4,1d6+4,3.0,A
7619,33,18,7,5,1d12+4,1d6+4,45,14,7,4,1d12+4,1d6+4,9.0,B
7620,37,17,7,3,1d10+4,1d6+4,33,15,7,5,1d8+4,1d8+4,9.0,A
7621,43,17,7,3,1d12+4,1d8+4,44,16,7,3,1d8+4,1d8+4,4.0,A
7622,48,18,7,4,1d10+4,1d8+4,46,16,7,4,1d10+4,1d8+4,4.0,A
7623,32,15,7,5,1d10+4,1d8+4,42,14,7,3,1d12+4,1d8+4,5.0,A
7624,46,15,7,3,1d12+4,1d8+4,47,16,7,4,1d8+4,1d8+4,9.0,A
7625,45,16,7,3,1d10+4,1d8+4,44,17,7,5,1d8+4,1d8+4,3.0,A
7626,38,16,7,4,1d12+4,1d8+4,48,16,7,3,1d8+4,1d8+4,5.0,B
7627,40,16,7,5,1d10+4,1d6+4,45,17,7,4,1d12+4,1d6+4,2.0,A
7628,30,14,7,3,1d8+4,1d8+4,31,16,7,4,1d12+4,1d6+4,4.0,A
7629,46,15,7,4,1d8+4,1d6+4,37,16,7,3,1d10+4,1d6+4,3.0,B
7630,47,17,7,3,1d8+4,1d8+4,37,18,7,4,1d10+4,1d6+4,8.0,B
7631,42,14,7,4,1d10+4,1d6+4,48,18,7,5,1d8+4,1d8+4,5.0,A
7632,47,14,7,4,1d8+4,1d8+4,31,17,7,5,1d12+4,1d6+4,8.0,A
7633,34,18,7,5,1d12+4,1d8+4,40,16,7,3,1d12+4,1d6+4,8.0,A
7634,42,14,7,4,1d12+4,1d6+4,38,14,7,4,1d12+4,1d8+4,0.0,A
7635,36,18,7,3,1d8+4,1d8+4,49,18,7,5,1d8+4,1d8+4,8.0,A
7636,50,17,7,4,1d10+4,1d6+4,46,17,7,5,1d8+4,1d6+4,10.0,B
7637,43,17,7,4,1d12+4,1d8+4,49,15,7,3,1d8+4,1d6+4,5.0,B
7638,50,18,7,4,1d8+4,1d6+4,49,14,7,3,1d10+4,1d6+4,0.0,A
7639,30,15,7,3,1d10+4,1d6+4,32,16,7,4,1d10+4,1d6+4,7.0,B
7640,44,17,7,4,1d8+4,1d6+4,50,18,7,3,1d8+4,1d6+4,1.0,A
7641,43,15,7,5,1d8+4,1d8+4,43,14,7,4,1d12+4,1d6+4,6.0,A
7642,38,16,7,3,1d10+4,1d8+4,48,15,7,4,1d8+4,1d6+4,2.0,B
7643,47,16,7,3,1d10+4,1d8+4,45,16,7,5,1d10+4,1d8+4,8.0,A
7644,40,18,7,3,1d12+4,1d8+4,30,16,7,3,1d12+4,1d6+4,0.0,A
7645,45,14,7,3,1d12+4,1d6+4,45,14,7,3,1d8+4,1d8+4,3.0,B
7646,45,14,7,4,1d8+4,1d6+4,41,17,7,3,1d12+4,1d6+4,2.0,A
7647,30,15,7,3,1d12+4,1d6+4,33,16,7,4,1d8+4,1d8+4,9.0,A
7648,32,14,7,5,1d12+4,1d6+4,49,15,7,5,1d10+4,1d6+4,10.0,A
7649,36,17,7,3,1d8+4,1d6+4,38,14,7,5,1d10+4,1d6+4,10.0,B
7650,44,18,7,3,1d10+4,1d8+4,32,15,7,4,1d8+4,1d6+4,1.0,A
7651,32,17,7,5,1d12+4,1d8+4,43,18,7,4,1d8+4,1d8+4,10.0,B
7652,37,14,7,5,1d10+4,1d6+4,38,17,7,5,1d10+4,1d6+4,10.0,B
7653,43,16,7,3,1d12+4,1d6+4,47,17,7,3,1d8+4,1d6+4,2.0,B
7654,45,15,7,3,1d10+4,1d8+4,30,17,7,4,1d12+4,1d8+4,10.0,A
7655,43,17,7,3,1d12+4,1d8+4,30,17,7,3,1d10+4,1d8+4,2.0,B
7656,39,16,7,3,1d10+4,1d6+4,49,17,7,4,1d12+4,1d6+4,7.0,B
7657,45,14,7,4,1d12+4,1d8+4,35,18,7,3,1d8+4,1d6+4,10.0,A
7658,33,18,7,4,1d12+4,1d8+4,41,18,7,3,1d8+4,1d6+4,5.0,A
7659,36,16,7,3,1d8+4,1d8+4,32,17,7,5,1d10+4,1d6+4,6.0,A
7660,47,17,7,4,1d10+4,1d8+4,34,14,7,4,1d10+4,1d6+4,7.0,A
7661,32,16,7,5,1d8+4,1d8+4,32,16,7,3,1d12+4,1d6+4,6.0,A
7662,39,18,7,3,1d12+4,1d8+4,30,15,7,4,1d12+4,1d6+4,7.0,A
7663,32,17,7,3,1d8+4,1d6+4,47,15,7,3,1d8+4,1d8+4,6.0,A
7664,43,14,7,5,1d12+4,1d8+4,42,18,7,4,1d10+4,1d8+4,7.0,B
7665,49,14,7,3,1d12+4,1d8+4,45,18,7,3,1d8+4,1d8+4,3.0,B
7666,44,15,7,5,1d8+4,1d6+4,48,15,7,5,1d10+4,1d8+4,5.0,A
7667,41,15,7,4,1d10+4,1d8+4,49,14,7,4,1d10+4,1d8+4,5.0,A
7668,49,18,7,4,1d12+4,1d8+4,40,17,7,5,1d8+4,1d8+4,7.0,B
7669,31,18,7,3,1d10+4,1d8+4,33,18,7,5,1d10+4,1d6+4,7.0,A
7670,36,14,7,3,1d12+4,1d8+4,36,14,7,5,1d10+4,1d6+4,2.0,A
7671,33,17,7,4,1d10+4,1d6+4,37,17,7,5,1d10+4,1d6+4,9.0,A
7672,38,14,7,5,1d8+4,1d6+4,40,16,7,4,1d12+4,1d6+4,6.0,A
7673,36,16,7,3,1d10+4,1d8+4,50,14,7,3,1d12+4,1d6+4,4.0,B
7674,31,15,7,4,1d10+4,1d6+4,50,18,7,4,1d12+4,1d6+4,2.0,B
7675,44,15,7,5,1d8+4,1d6+4,33,14,7,3,1d10+4,1d8+4,1.0,A
7676,35,14,7,3,1d8+4,1d6+4,42,16,7,4,1d10+4,1d8+4,10.0,B
7677,38,15,7,3,1d8+4,1d8+4,44,14,7,4,1d8+4,1d6+4,8.0,A
7678,31,14,7,4,1d12+4,1d8+4,40,18,7,3,1d8+4,1d8+4,3.0,A
7679,45,16,7,4,1d12+4,1d6+4,39,15,7,5,1d8+4,1d8+4,7.0,A
7680,31,14,7,3,1d8+4,1d8+4,36,18,7,5,1d10+4,1d8+4,5.0,B
7681,45,18,7,4,1d8+4,1d6+4,39,18,7,4,1d8+4,1d8+4,0.0,B
7682,45,17,7,5,1d8+4,1d6+4,30,15,7,3,1d12+4,1d6+4,9.0,A
7683,33,17,7,5,1d12+4,1d8+4,37,18,7,5,1d12+4,1d8+4,2.0,A
7684,32,15,7,3,1d10+4,1d6+4,40,16,7,3,1d10+4,1d8+4,7.0,B
7685,45,17,7,3,1d10+4,1d6+4,34,15,7,5,1d10+4,1d6+4,7.0,B
7686,45,18,7,3,1d10+4,1d6+4,42,17,7,3,1d8+4,1d6+4,8.0,B
7687,34,15,7,3,1d12+4,1d8+4,30,15,7,4,1d12+4,1d6+4,5.0,B
7688,50,18,7,4,1d12+4,1d6+4,33,17,7,5,1d8+4,1d8+4,6.0,A
7689,40,18,7,4,1d12+4,1d6+4,39,16,7,5,1d12+4,1d6+4,6.0,A
7690,34,15,7,4,1d12+4,1d6+4,47,17,7,5,1d12+4,1d6+4,0.0,B
7691,45,17,7,4,1d12+4,1d8+4,38,15,7,4,1d12+4,1d8+4,2.0,B
7692,36,17,7,4,1d10+4,1d6+4,45,17,7,5,1d12+4,1d6+4,4.0,A
7693,34,14,7,4,1d10+4,1d8+4,31,14,7,4,1d8+4,1d8+4,5.0,A
7694,38,15,7,4,1d10+4,1d8+4,41,15,7,4,1d10+4,1d6+4,0.0,B
7695,49,18,7,5,1d10+4,1d8+4,31,15,7,3,1d10+4,1d6+4,4.0,A
7696,46,18,7,5,1d10+4,1d8+4,30,17,7,4,1d8+4,1d6+4,1.0,A
7697,45,17,7,3,1d12+4,1d8+4,48,15,7,3,1d10+4,1d8+4,4.0,B
7698,30,14,7,5,1d10+4,1d6+4,33,16,7,4,1d10+4,1d6+4,4.0,B
7699,49,15,7,3,1d10+4,1d8+4,41,15,7,3,1d12+4,1d8+4,2.0,A
7700,50,15,7,3,1d8+4,1d6+4,34,17,7,5,1d8+4,1d6+4,6.0,A
7701,30,17,7,5,1d12+4,1d6+4,45,16,7,4,1d12+4,1d6+4,9.0,B
7702,48,16,7,5,1d12+4,1d8+4,41,17,7,4,1d12+4,1d8+4,4.0,A
7703,33,16,7,5,1d10+4,1d6+4,31,15,7,5,1d10+4,1d6+4,1.0,A
7704,44,18,7,5,1d8+4,1d8+4,33,16,7,3,1d10+4,1d8+4,4.0,A
7705,38,15,7,4,1d8+4,1d8+4,30,18,7,5,1d10+4,1d6+4,0.0,A
7706,37,14,7,5,1d8+4,1d8+4,31,14,7,3,1d12+4,1d6+4,9.0,A
7707,34,16,7,3,1d12+4,1d8+4,48,17,7,4,1d10+4,1d6+4,3.0,A
7708,33,18,7,5,1d12+4,1d8+4,33,18,7,4,1d12+4,1d6+4,0.0,A
7709,30,18,7,3,1d12+4,1d6+4,39,17,7,3,1d10+4,1d6+4,3.0,A
7710,31,16,7,4,1d10+4,1d6+4,33,16,7,4,1d12+4,1d6+4,2.0,B
7711,45,18,7,5,1d8+4,1d6+4,40,16,7,4,1d12+4,1d8+4,6.0,A
7712,37,15,7,4,1d12+4,1d6+4,49,17,7,5,1d10+4,1d6+4,10.0,B
7713,50,17,7,4,1d10+4,1d6+4,49,16,7,4,1d12+4,1d6+4,10.0,A
7714,39,14,7,4,1d12+4,1d6+4,31,16,7,5,1d10+4,1d8+4,4.0,A
7715,30,17,7,5,1d8+4,1d6+4,33,15,7,4,1d8+4,1d6+4,1.0,A
7716,49,15,7,5,1d12+4,1d6+4,49,15,7,4,1d12+4,1d8+4,1.0,A
7717,47,15,7,4,1d12+4,1d6+4,38,17,7,4,1d10+4,1d6+4,6.0,A
7718,37,15,7,5,1d12+4,1d8+4,40,15,7,5,1d12+4,1d8+4,1.0,A
7719,38,14,7,5,1d8+4,1d6+4,35,15,7,4,1d8+4,1d6+4,0.0,A
7720,42,16,7,5,1d10+4,1d8+4,47,14,7,3,1d12+4,1d8+4,4.0,B
7721,37,18,7,4,1d10+4,1d6+4,31,17,7,5,1d12+4,1d6+4,6.0,B
7722,37,16,7,3,1d8+4,1d6+4,33,16,7,3,1d12+4,1d8+4,0.0,B
7723,48,18,7,4,1d10+4,1d8+4,43,15,7,3,1d10+4,1d8+4,5.0,A
7724,43,17,7,5,1d10+4,1d6+4,48,17,7,3,1d12+4,1d8+4,6.0,B
7725,48,15,7,4,1d8+4,1d8+4,40,16,7,3,1d8+4,1d6+4,5.0,B
7726,42,18,7,4,1d10+4,1d6+4,31,18,7,4,1d8+4,1d8+4,6.0,A
7727,32,15,7,4,1d8+4,1d6+4,40,16,7,5,1d8+4,1d6+4,1.0,A
7728,49,17,7,4,1d10+4,1d8+4,42,16,7,4,1d8+4,1d8+4,8.0,A
7729,39,17,7,4,1d10+4,1d6+4,42,17,7,4,1d8+4,1d6+4,5.0,A
7730,50,16,7,5,1d8+4,1d6+4,34,18,7,5,1d10+4,1d6+4,5.0,A
7731,50,14,7,5,1d8+4,1d8+4,43,14,7,3,1d8+4,1d8+4,7.0,A
7732,35,15,7,3,1d10+4,1d8+4,42,18,7,4,1d12+4,1d8+4,4.0,B
7733,49,14,7,4,1d12+4,1d8+4,48,15,7,3,1d12+4,1d6+4,6.0,A
7734,39,15,7,5,1d12+4,1d8+4,50,14,7,4,1d8+4,1d8+4,0.0,A
7735,32,14,7,4,1d8+4,1d6+4,40,14,7,5,1d12+4,1d8+4,10.0,B
7736,44,18,7,3,1d10+4,1d8+4,45,15,7,4,1d10+4,1d6+4,1.0,B
7737,48,17,7,5,1d10+4,1d6+4,43,15,7,3,1d10+4,1d6+4,10.0,B
7738,38,15,7,4,1d10+4,1d6+4,50,17,7,4,1d8+4,1d8+4,5.0,B
7739,32,16,7,4,1d8+4,1d6+4,33,15,7,4,1d10+4,1d8+4,10.0,A
7740,34,16,7,4,1d10+4,1d8+4,31,15,7,4,1d8+4,1d8+4,9.0,A
7741,39,15,7,5,1d8+4,1d8+4,46,17,7,4,1d10+4,1d6+4,0.0,A
7742,35,18,7,3,1d12+4,1d6+4,40,14,7,4,1d10+4,1d8+4,0.0,A
7743,32,17,7,5,1d10+4,1d8+4,48,17,7,3,1d8+4,1d6+4,4.0,B
7744,50,14,7,3,1d12+4,1d6+4,44,14,7,4,1d12+4,1d8+4,4.0,A
7745,33,16,7,3,1d8+4,1d8+4,43,14,7,5,1d12+4,1d8+4,6.0,B
7746,37,15,7,3,1d10+4,1d8+4,39,15,7,4,1d12+4,1d6+4,6.0,A
7747,45,14,7,4,1d10+4,1d8+4,35,17,7,3,1d8+4,1d8+4,8.0,B
7748,38,18,7,3,1d8+4,1d8+4,38,16,7,3,1d10+4,1d8+4,7.0,A
7749,32,15,7,5,1d8+4,1d6+4,49,15,7,5,1d8+4,1d6+4,3.0,B
7750,35,14,7,5,1d10+4,1d6+4,42,15,7,5,1d10+4,1d8+4,9.0,A
7751,45,14,7,5,1d8+4,1d6+4,32,15,7,5,1d10+4,1d8+4,1.0,A
7752,39,14,7,3,1d8+4,1d6+4,35,16,7,3,1d12+4,1d6+4,9.0,B
7753,34,16,7,3,1d12+4,1d6+4,30,14,7,5,1d12+4,1d6+4,4.0,B
7754,45,16,7,4,1d8+4,1d8+4,36,14,7,3,1d8+4,1d6+4,0.0,A
7755,49,16,7,4,1d10+4,1d6+4,36,17,7,4,1d10+4,1d8+4,3.0,B
7756,34,18,7,5,1d8+4,1d6+4,40,14,7,5,1d8+4,1d6+4,2.0,A
7757,42,15,7,4,1d10+4,1d6+4,43,17,7,5,1d8+4,1d6+4,7.0,A
7758,32,15,7,3,1d12+4,1d6+4,41,17,7,5,1d8+4,1d6+4,2.0,B
7759,33,14,7,4,1d10+4,1d8+4,31,18,7,5,1d10+4,1d8+4,6.0,B
7760,49,16,7,3,1d8+4,1d6+4,40,15,7,4,1d8+4,1d8+4,6.0,B
7761,39,15,7,3,1d8+4,1d6+4,43,16,7,3,1d12+4,1d6+4,9.0,B
7762,48,17,7,4,1d10+4,1d8+4,36,18,7,4,1d12+4,1d8+4,5.0,A
7763,36,15,7,5,1d12+4,1d6+4,50,17,7,3,1d8+4,1d8+4,0.0,B
7764,33,17,7,5,1d12+4,1d8+4,47,14,7,5,1d10+4,1d8+4,5.0,A
7765,36,18,7,5,1d12+4,1d8+4,48,18,7,4,1d8+4,1d8+4,1.0,A
7766,41,14,7,4,1d8+4,1d8+4,35,18,7,4,1d12+4,1d6+4,9.0,B
7767,42,18,7,3,1d8+4,1d6+4,46,18,7,4,1d8+4,1d6+4,6.0,A
7768,41,18,7,3,1d12+4,1d8+4,44,14,7,3,1d12+4,1d6+4,9.0,A
7769,43,15,7,3,1d8+4,1d6+4,31,16,7,5,1d10+4,1d6+4,8.0,B
7770,33,16,7,5,1d10+4,1d8+4,46,18,7,4,1d12+4,1d6+4,1.0,B
7771,37,18,7,5,1d12+4,1d8+4,44,15,7,4,1d10+4,1d8+4,1.0,A
7772,49,15,7,3,1d8+4,1d8+4,40,15,7,4,1d8+4,1d6+4,1.0,B
7773,46,14,7,3,1d10+4,1d8+4,37,16,7,3,1d8+4,1d6+4,4.0,A
7774,36,18,7,4,1d8+4,1d6+4,46,17,7,4,1d12+4,1d6+4,3.0,B
7775,35,16,7,5,1d12+4,1d6+4,44,16,7,5,1d12+4,1d6+4,0.0,B
7776,35,17,7,4,1d10+4,1d8+4,49,14,7,4,1d12+4,1d8+4,4.0,B
7777,38,17,7,4,1d8+4,1d8+4,36,16,7,4,1d10+4,1d6+4,9.0,A
7778,49,14,7,4,1d10+4,1d8+4,49,15,7,3,1d12+4,1d6+4,5.0,B
7779,35,18,7,5,1d10+4,1d6+4,33,14,7,4,1d10+4,1d8+4,2.0,A
7780,30,16,7,4,1d12+4,1d8+4,32,18,7,5,1d12+4,1d8+4,6.0,B
7781,44,15,7,4,1d8+4,1d8+4,37,18,7,3,1d10+4,1d6+4,6.0,B
7782,48,16,7,4,1d12+4,1d8+4,45,15,7,3,1d10+4,1d8+4,8.0,B
7783,50,17,7,4,1d12+4,1d8+4,49,18,7,4,1d8+4,1d8+4,1.0,A
7784,35,14,7,3,1d12+4,1d8+4,41,17,7,5,1d12+4,1d6+4,0.0,B
7785,42,18,7,3,1d10+4,1d6+4,30,18,7,3,1d10+4,1d6+4,8.0,A
7786,30,17,7,3,1d12+4,1d8+4,35,17,7,5,1d12+4,1d8+4,4.0,B
7787,38,17,7,3,1d12+4,1d8+4,38,15,7,3,1d10+4,1d8+4,2.0,B
7788,40,17,7,3,1d10+4,1d6+4,31,17,7,4,1d8+4,1d6+4,5.0,A
7789,44,15,7,4,1d8+4,1d8+4,31,15,7,5,1d8+4,1d8+4,7.0,A
7790,49,16,7,3,1d10+4,1d8+4,33,15,7,5,1d8+4,1d6+4,4.0,B
7791,34,15,7,5,1d8+4,1d8+4,44,16,7,4,1d8+4,1d6+4,7.0,A
7792,34,18,7,5,1d10+4,1d6+4,44,15,7,5,1d10+4,1d6+4,7.0,B
7793,36,15,7,5,1d10+4,1d8+4,30,17,7,3,1d10+4,1d6+4,6.0,A
7794,35,16,7,5,1d10+4,1d8+4,35,16,7,4,1d12+4,1d6+4,8.0,A
7795,48,18,7,5,1d8+4,1d6+4,49,16,7,5,1d8+4,1d6+4,3.0,A
7796,43,17,7,4,1d10+4,1d6+4,50,17,7,5,1d8+4,1d8+4,5.0,B
7797,34,16,7,3,1d10+4,1d6+4,33,18,7,5,1d12+4,1d8+4,7.0,B
7798,46,17,7,4,1d10+4,1d8+4,40,17,7,5,1d12+4,1d8+4,6.0,A
7799,32,17,7,3,1d12+4,1d8+4,34,16,7,5,1d12+4,1d6+4,5.0,A
7800,39,18,7,3,1d10+4,1d8+4,41,18,7,5,1d8+4,1d6+4,7.0,B
7801,49,18,7,5,1d10+4,1d6+4,44,15,7,4,1d8+4,1d8+4,0.0,B
7802,46,16,7,5,1d10+4,1d8+4,36,18,7,5,1d10+4,1d6+4,4.0,A
7803,37,15,7,4,1d12+4,1d8+4,40,15,7,3,1d10+4,1d6+4,1.0,B
7804,36,16,7,3,1d8+4,1d8+4,31,18,7,5,1d12+4,1d8+4,0.0,A
7805,32,16,7,4,1d10+4,1d6+4,43,16,7,5,1d10+4,1d8+4,3.0,B
7806,40,15,7,5,1d8+4,1d8+4,33,16,7,3,1d8+4,1d8+4,9.0,B
7807,42,17,7,3,1d12+4,1d6+4,48,18,7,3,1d8+4,1d6+4,2.0,A
7808,43,18,7,5,1d10+4,1d6+4,41,17,7,5,1d8+4,1d6+4,8.0,B
7809,38,16,7,3,1d10+4,1d6+4,47,16,7,4,1d8+4,1d8+4,0.0,A
7810,32,17,7,5,1d12+4,1d8+4,40,16,7,3,1d8+4,1d6+4,2.0,A
7811,30,18,7,5,1d12+4,1d6+4,40,15,7,5,1d10+4,1d8+4,7.0,B
7812,41,16,7,4,1d10+4,1d6+4,32,18,7,4,1d12+4,1d8+4,1.0,B
7813,43,15,7,3,1d10+4,1d6+4,48,17,7,3,1d12+4,1d8+4,5.0,A
7814,45,18,7,5,1d8+4,1d6+4,37,18,7,3,1d12+4,1d8+4,9.0,B
7815,31,18,7,5,1d12+4,1d8+4,32,16,7,4,1d10+4,1d8+4,1.0,A
7816,35,16,7,3,1d8+4,1d6+4,31,17,7,4,1d8+4,1d6+4,8.0,B
7817,36,16,7,4,1d12+4,1d8+4,50,14,7,4,1d12+4,1d6+4,1.0,A
7818,40,17,7,5,1d8+4,1d6+4,38,18,7,5,1d8+4,1d6+4,10.0,B
7819,37,17,7,4,1d10+4,1d6+4,42,17,7,4,1d8+4,1d6+4,3.0,B
7820,45,18,7,3,1d8+4,1d8+4,43,14,7,4,1d8+4,1d6+4,3.0,A
7821,49,14,7,3,1d8+4,1d6+4,31,14,7,4,1d8+4,1d6+4,0.0,B
7822,42,17,7,5,1d10+4,1d6+4,47,14,7,5,1d8+4,1d8+4,7.0,B
7823,41,18,7,5,1d12+4,1d6+4,38,14,7,4,1d10+4,1d6+4,6.0,A
7824,35,14,7,3,1d12+4,1d6+4,49,16,7,5,1d10+4,1d6+4,9.0,A
7825,47,15,7,3,1d10+4,1d6+4,32,15,7,5,1d10+4,1d8+4,2.0,A
7826,32,17,7,3,1d8+4,1d6+4,42,15,7,3,1d8+4,1d6+4,2.0,A
7827,49,15,7,5,1d12+4,1d8+4,40,15,7,3,1d8+4,1d8+4,1.0,A
7828,44,14,7,3,1d8+4,1d8+4,33,16,7,3,1d10+4,1d6+4,7.0,B
7829,41,18,7,3,1d12+4,1d6+4,30,15,7,4,1d12+4,1d6+4,5.0,A
7830,30,15,7,5,1d12+4,1d8+4,45,14,7,5,1d10+4,1d6+4,2.0,A
7831,42,16,7,4,1d12+4,1d6+4,34,18,7,5,1d10+4,1d6+4,1.0,B
7832,35,15,7,5,1d8+4,1d8+4,47,16,7,5,1d8+4,1d8+4,3.0,B
7833,44,14,7,4,1d8+4,1d6+4,30,14,7,5,1d10+4,1d6+4,0.0,B
7834,43,14,7,3,1d10+4,1d8+4,33,18,7,4,1d8+4,1d8+4,2.0,A
7835,39,16,7,4,1d8+4,1d6+4,31,14,7,3,1d12+4,1d8+4,7.0,A
7836,31,14,7,4,1d8+4,1d6+4,39,18,7,3,1d10+4,1d6+4,5.0,B
7837,39,14,7,5,1d10+4,1d8+4,31,15,7,5,1d12+4,1d8+4,7.0,A
7838,30,14,7,3,1d8+4,1d6+4,49,14,7,3,1d8+4,1d8+4,3.0,A
7839,37,16,7,5,1d12+4,1d6+4,42,14,7,5,1d10+4,1d6+4,6.0,A
7840,40,16,7,4,1d10+4,1d6+4,49,16,7,4,1d10+4,1d6+4,9.0,B
7841,36,14,7,4,1d8+4,1d6+4,44,16,7,5,1d10+4,1d6+4,9.0,A
7842,46,18,7,3,1d8+4,1d6+4,50,16,7,3,1d12+4,1d6+4,0.0,B
7843,36,15,7,3,1d12+4,1d6+4,48,15,7,3,1d12+4,1d8+4,7.0,A
7844,37,18,7,4,1d10+4,1d8+4,46,15,7,3,1d8+4,1d8+4,5.0,B
7845,44,18,7,4,1d12+4,1d6+4,40,15,7,5,1d8+4,1d6+4,4.0,A
7846,34,15,7,5,1d12+4,1d8+4,42,16,7,4,1d12+4,1d6+4,10.0,B
7847,33,15,7,3,1d8+4,1d6+4,41,18,7,3,1d10+4,1d6+4,2.0,B
7848,37,17,7,5,1d8+4,1d8+4,50,14,7,4,1d8+4,1d8+4,4.0,A
7849,44,14,7,5,1d10+4,1d6+4,44,14,7,3,1d12+4,1d8+4,0.0,A
7850,49,14,7,4,1d12+4,1d8+4,35,15,7,5,1d10+4,1d6+4,9.0,A
7851,35,17,7,4,1d10+4,1d8+4,35,15,7,4,1d12+4,1d8+4,5.0,A
7852,45,14,7,3,1d10+4,1d6+4,45,14,7,5,1d8+4,1d8+4,0.0,B
7853,42,18,7,4,1d12+4,1d6+4,48,17,7,5,1d8+4,1d8+4,3.0,A
7854,38,16,7,5,1d8+4,1d6+4,50,15,7,4,1d10+4,1d8+4,6.0,B
7855,50,14,7,3,1d8+4,1d8+4,34,14,7,5,1d12+4,1d8+4,3.0,A
7856,46,16,7,5,1d12+4,1d8+4,33,18,7,3,1d8+4,1d6+4,10.0,A
7857,45,18,7,4,1d12+4,1d6+4,31,15,7,4,1d12+4,1d8+4,6.0,A
7858,46,16,7,5,1d10+4,1d8+4,33,14,7,4,1d12+4,1d6+4,7.0,A
7859,35,14,7,3,1d12+4,1d8+4,35,14,7,3,1d10+4,1d6+4,10.0,A
7860,35,15,7,5,1d8+4,1d6+4,41,17,7,3,1d12+4,1d6+4,9.0,B
7861,30,15,7,4,1d12+4,1d6+4,33,15,7,3,1d12+4,1d8+4,0.0,B
7862,31,17,7,4,1d8+4,1d6+4,44,16,7,5,1d8+4,1d6+4,5.0,A
7863,34,17,7,4,1d8+4,1d8+4,32,18,7,4,1d8+4,1d8+4,1.0,B
7864,38,16,7,3,1d12+4,1d6+4,32,15,7,3,1d10+4,1d8+4,3.0,A
7865,34,14,7,3,1d10+4,1d6+4,31,17,7,4,1d8+4,1d8+4,0.0,B
7866,30,16,7,4,1d8+4,1d6+4,38,17,7,5,1d8+4,1d8+4,9.0,B
7867,35,14,7,5,1d8+4,1d6+4,50,16,7,5,1d10+4,1d6+4,4.0,B
7868,37,17,7,5,1d8+4,1d8+4,30,15,7,4,1d12+4,1d6+4,9.0,A
7869,37,18,7,5,1d12+4,1d6+4,46,18,7,3,1d12+4,1d8+4,5.0,B
7870,30,18,7,5,1d12+4,1d6+4,30,16,7,3,1d12+4,1d6+4,3.0,A
7871,37,15,7,5,1d12+4,1d6+4,33,18,7,4,1d10+4,1d6+4,3.0,B
7872,38,15,7,5,1d10+4,1d6+4,33,16,7,4,1d8+4,1d6+4,3.0,A
7873,40,18,7,4,1d10+4,1d6+4,48,17,7,3,1d12+4,1d6+4,9.0,B
7874,38,15,7,5,1d12+4,1d8+4,39,14,7,4,1d10+4,1d6+4,1.0,A
7875,35,18,7,4,1d8+4,1d6+4,44,16,7,4,1d8+4,1d6+4,5.0,A
7876,44,14,7,5,1d12+4,1d8+4,35,17,7,5,1d8+4,1d8+4,5.0,B
7877,31,16,7,4,1d10+4,1d6+4,36,14,7,4,1d8+4,1d6+4,4.0,A
7878,31,14,7,3,1d12+4,1d6+4,46,16,7,3,1d8+4,1d6+4,6.0,B
7879,50,18,7,4,1d12+4,1d6+4,31,15,7,5,1d10+4,1d8+4,8.0,A
7880,31,16,7,5,1d10+4,1d8+4,44,16,7,5,1d12+4,1d8+4,2.0,B
7881,49,16,7,4,1d10+4,1d8+4,33,18,7,3,1d8+4,1d8+4,4.0,A
7882,49,15,7,5,1d10+4,1d6+4,34,17,7,3,1d8+4,1d6+4,3.0,B
7883,38,15,7,4,1d12+4,1d8+4,47,15,7,3,1d8+4,1d8+4,6.0,B
7884,43,18,7,4,1d12+4,1d8+4,30,15,7,4,1d10+4,1d8+4,4.0,A
7885,50,14,7,5,1d12+4,1d6+4,47,15,7,4,1d12+4,1d8+4,6.0,B
7886,49,14,7,5,1d10+4,1d8+4,48,17,7,5,1d8+4,1d8+4,9.0,A
7887,50,14,7,4,1d8+4,1d6+4,37,17,7,5,1d12+4,1d8+4,0.0,A
7888,47,15,7,3,1d10+4,1d8+4,40,17,7,4,1d10+4,1d8+4,5.0,A
7889,40,16,7,4,1d10+4,1d6+4,42,17,7,5,1d10+4,1d6+4,10.0,B
7890,50,15,7,5,1d10+4,1d8+4,45,16,7,3,1d12+4,1d8+4,4.0,A
7891,38,15,7,5,1d12+4,1d8+4,35,18,7,4,1d10+4,1d6+4,10.0,A
7892,31,17,7,3,1d8+4,1d6+4,42,15,7,3,1d12+4,1d6+4,7.0,B
7893,32,17,7,3,1d10+4,1d6+4,41,16,7,5,1d8+4,1d6+4,9.0,A
7894,45,15,7,3,1d8+4,1d8+4,31,14,7,3,1d8+4,1d6+4,5.0,A
7895,49,17,7,5,1d10+4,1d6+4,33,18,7,5,1d10+4,1d8+4,5.0,A
7896,44,17,7,5,1d10+4,1d8+4,48,15,7,4,1d8+4,1d8+4,5.0,A
7897,31,15,7,3,1d10+4,1d8+4,33,14,7,3,1d10+4,1d8+4,0.0,A
7898,31,18,7,5,1d8+4,1d8+4,44,16,7,4,1d12+4,1d6+4,10.0,B
7899,50,14,7,3,1d8+4,1d6+4,39,16,7,4,1d8+4,1d8+4,5.0,A
7900,35,14,7,5,1d10+4,1d8+4,34,18,7,4,1d10+4,1d8+4,0.0,A
7901,44,14,7,3,1d12+4,1d8+4,46,17,7,4,1d12+4,1d8+4,4.0,B
7902,30,17,7,5,1d8+4,1d6+4,36,18,7,5,1d10+4,1d6+4,5.0,A
7903,32,15,7,5,1d8+4,1d8+4,36,18,7,5,1d8+4,1d6+4,10.0,A
7904,40,15,7,4,1d10+4,1d6+4,43,16,7,5,1d10+4,1d8+4,10.0,A
7905,44,14,7,4,1d8+4,1d8+4,32,17,7,4,1d8+4,1d8+4,6.0,B
7906,41,14,7,3,1d8+4,1d6+4,43,18,7,3,1d12+4,1d8+4,7.0,B
7907,37,18,7,5,1d12+4,1d6+4,48,15,7,5,1d10+4,1d6+4,7.0,B
7908,42,16,7,4,1d8+4,1d8+4,37,15,7,3,1d10+4,1d8+4,0.0,B
7909,41,17,7,5,1d8+4,1d6+4,43,17,7,4,1d12+4,1d6+4,7.0,B
7910,38,14,7,4,1d8+4,1d8+4,45,18,7,5,1d10+4,1d8+4,10.0,B
7911,32,18,7,4,1d12+4,1d8+4,31,18,7,3,1d10+4,1d8+4,10.0,B
7912,32,15,7,3,1d10+4,1d8+4,30,16,7,3,1d8+4,1d8+4,3.0,A
7913,38,16,7,4,1d8+4,1d6+4,37,14,7,4,1d12+4,1d6+4,7.0,A
7914,32,18,7,3,1d10+4,1d8+4,39,17,7,3,1d10+4,1d6+4,5.0,B
7915,50,15,7,3,1d10+4,1d8+4,36,14,7,5,1d8+4,1d6+4,6.0,A
7916,49,15,7,5,1d10+4,1d6+4,37,17,7,3,1d12+4,1d6+4,3.0,B
7917,33,17,7,3,1d10+4,1d6+4,41,17,7,3,1d10+4,1d6+4,6.0,B
7918,40,15,7,4,1d8+4,1d8+4,47,16,7,4,1d12+4,1d6+4,7.0,B
7919,45,14,7,4,1d10+4,1d8+4,49,15,7,3,1d10+4,1d8+4,2.0,B
7920,31,17,7,3,1d10+4,1d6+4,42,15,7,4,1d10+4,1d6+4,4.0,A
7921,48,16,7,5,1d8+4,1d6+4,33,14,7,3,1d10+4,1d6+4,10.0,A
7922,47,18,7,3,1d8+4,1d6+4,40,15,7,3,1d8+4,1d6+4,7.0,A
7923,44,18,7,4,1d8+4,1d8+4,50,14,7,3,1d12+4,1d8+4,9.0,A
7924,50,14,7,3,1d8+4,1d8+4,36,15,7,3,1d8+4,1d8+4,8.0,B
7925,34,18,7,5,1d12+4,1d8+4,39,15,7,3,1d12+4,1d6+4,1.0,A
7926,34,15,7,4,1d10+4,1d8+4,40,16,7,4,1d12+4,1d8+4,6.0,A
7927,30,15,7,4,1d12+4,1d6+4,50,17,7,4,1d10+4,1d6+4,4.0,B
7928,47,14,7,5,1d10+4,1d8+4,37,17,7,3,1d12+4,1d8+4,4.0,B
7929,42,15,7,4,1d8+4,1d6+4,33,14,7,4,1d8+4,1d8+4,3.0,B
7930,42,17,7,4,1d10+4,1d6+4,33,18,7,4,1d10+4,1d6+4,3.0,A
7931,31,16,7,5,1d12+4,1d8+4,50,17,7,3,1d10+4,1d8+4,10.0,B
7932,41,15,7,3,1d8+4,1d6+4,34,14,7,5,1d10+4,1d6+4,2.0,A
7933,49,15,7,3,1d8+4,1d6+4,43,18,7,4,1d10+4,1d8+4,7.0,B
7934,40,18,7,5,1d8+4,1d8+4,31,18,7,3,1d12+4,1d6+4,10.0,A
7935,44,15,7,5,1d12+4,1d6+4,42,17,7,5,1d8+4,1d6+4,3.0,A
7936,31,18,7,4,1d12+4,1d6+4,44,17,7,3,1d8+4,1d8+4,5.0,A
7937,41,18,7,4,1d10+4,1d8+4,43,15,7,3,1d12+4,1d8+4,4.0,B
7938,48,15,7,5,1d12+4,1d6+4,47,16,7,3,1d8+4,1d8+4,7.0,A
7939,40,15,7,3,1d12+4,1d8+4,35,14,7,3,1d12+4,1d6+4,4.0,A
7940,36,14,7,5,1d12+4,1d6+4,47,17,7,4,1d8+4,1d6+4,8.0,B
7941,39,16,7,3,1d8+4,1d6+4,35,15,7,4,1d10+4,1d8+4,8.0,A
7942,37,14,7,3,1d12+4,1d6+4,42,18,7,4,1d10+4,1d6+4,3.0,A
7943,44,15,7,5,1d8+4,1d6+4,44,18,7,5,1d8+4,1d6+4,5.0,A
7944,34,14,7,4,1d10+4,1d8+4,38,15,7,4,1d10+4,1d6+4,6.0,A
7945,30,16,7,4,1d10+4,1d6+4,49,14,7,3,1d12+4,1d6+4,4.0,B
7946,32,16,7,3,1d10+4,1d6+4,45,18,7,5,1d8+4,1d6+4,6.0,B
7947,44,14,7,4,1d8+4,1d6+4,36,14,7,3,1d10+4,1d8+4,2.0,A
7948,42,18,7,3,1d10+4,1d6+4,47,18,7,5,1d8+4,1d8+4,5.0,A
7949,50,15,7,3,1d8+4,1d6+4,49,15,7,4,1d10+4,1d6+4,0.0,A
7950,45,14,7,4,1d12+4,1d8+4,47,15,7,4,1d12+4,1d8+4,4.0,A
7951,50,16,7,5,1d10+4,1d8+4,42,16,7,5,1d10+4,1d8+4,6.0,A
7952,47,17,7,3,1d10+4,1d6+4,35,16,7,4,1d10+4,1d6+4,2.0,A
7953,30,14,7,3,1d8+4,1d8+4,37,16,7,3,1d8+4,1d6+4,6.0,A
7954,32,16,7,4,1d8+4,1d8+4,37,18,7,4,1d12+4,1d8+4,8.0,A
7955,31,17,7,4,1d12+4,1d8+4,49,17,7,5,1d10+4,1d8+4,7.0,A
7956,50,14,7,4,1d12+4,1d8+4,50,15,7,4,1d8+4,1d8+4,9.0,A
7957,49,17,7,5,1d12+4,1d8+4,31,14,7,5,1d12+4,1d8+4,6.0,A
7958,35,18,7,4,1d10+4,1d8+4,46,14,7,5,1d12+4,1d8+4,1.0,A
7959,43,14,7,5,1d8+4,1d8+4,30,15,7,5,1d12+4,1d6+4,8.0,B
7960,46,18,7,4,1d8+4,1d8+4,50,16,7,3,1d8+4,1d6+4,1.0,A
7961,37,17,7,3,1d8+4,1d8+4,36,14,7,4,1d10+4,1d6+4,4.0,A
7962,46,18,7,5,1d8+4,1d6+4,33,17,7,4,1d10+4,1d8+4,8.0,A
7963,37,14,7,4,1d8+4,1d8+4,35,15,7,5,1d8+4,1d6+4,2.0,B
7964,39,18,7,5,1d10+4,1d8+4,46,18,7,5,1d12+4,1d6+4,6.0,B
7965,37,17,7,4,1d10+4,1d8+4,30,17,7,4,1d10+4,1d6+4,2.0,A
7966,37,17,7,3,1d12+4,1d6+4,50,17,7,5,1d12+4,1d8+4,1.0,A
7967,46,17,7,4,1d12+4,1d8+4,31,17,7,3,1d12+4,1d8+4,4.0,A
7968,40,16,7,5,1d12+4,1d6+4,37,15,7,5,1d12+4,1d6+4,4.0,B
7969,44,17,7,5,1d8+4,1d8+4,34,14,7,5,1d12+4,1d8+4,6.0,B
7970,39,18,7,3,1d12+4,1d8+4,30,17,7,3,1d8+4,1d6+4,5.0,A
7971,41,18,7,3,1d8+4,1d6+4,47,16,7,5,1d8+4,1d8+4,5.0,B
7972,37,18,7,5,1d10+4,1d6+4,39,18,7,5,1d8+4,1d8+4,4.0,B
7973,37,16,7,5,1d8+4,1d8+4,34,17,7,5,1d12+4,1d6+4,9.0,A
7974,43,18,7,3,1d8+4,1d6+4,33,15,7,5,1d8+4,1d8+4,0.0,A
7975,33,18,7,3,1d10+4,1d8+4,30,15,7,4,1d10+4,1d6+4,3.0,A
7976,43,14,7,4,1d8+4,1d8+4,41,17,7,4,1d12+4,1d8+4,7.0,B
7977,46,18,7,5,1d8+4,1d8+4,38,14,7,5,1d12+4,1d6+4,7.0,B
7978,31,15,7,4,1d10+4,1d8+4,44,17,7,4,1d8+4,1d6+4,4.0,B
7979,49,18,7,4,1d12+4,1d8+4,43,15,7,4,1d10+4,1d8+4,8.0,A
7980,34,18,7,4,1d8+4,1d8+4,50,16,7,4,1d8+4,1d8+4,6.0,B
7981,30,16,7,5,1d8+4,1d8+4,30,18,7,4,1d8+4,1d8+4,1.0,B
7982,46,18,7,4,1d10+4,1d6+4,41,15,7,3,1d8+4,1d8+4,5.0,A
7983,50,16,7,5,1d10+4,1d6+4,49,15,7,4,1d12+4,1d6+4,1.0,A
7984,40,17,7,5,1d8+4,1d8+4,48,18,7,3,1d10+4,1d6+4,4.0,A
7985,39,15,7,4,1d8+4,1d8+4,49,17,7,4,1d12+4,1d6+4,8.0,B
7986,37,14,7,4,1d10+4,1d6+4,37,17,7,5,1d12+4,1d6+4,6.0,A
7987,40,15,7,3,1d12+4,1d6+4,31,16,7,4,1d8+4,1d8+4,8.0,A
7988,49,18,7,4,1d10+4,1d8+4,47,15,7,3,1d12+4,1d8+4,5.0,A
7989,30,14,7,4,1d8+4,1d8+4,33,17,7,5,1d8+4,1d8+4,9.0,B
7990,47,16,7,5,1d12+4,1d8+4,32,14,7,3,1d12+4,1d8+4,7.0,A
7991,50,15,7,3,1d8+4,1d8+4,39,16,7,3,1d10+4,1d6+4,9.0,B
7992,38,18,7,3,1d12+4,1d8+4,37,16,7,3,1d10+4,1d6+4,9.0,A
7993,33,16,7,5,1d10+4,1d8+4,46,15,7,3,1d10+4,1d8+4,4.0,B
7994,33,14,7,4,1d8+4,1d8+4,50,16,7,4,1d8+4,1d6+4,6.0,A
7995,34,16,7,4,1d10+4,1d8+4,33,15,7,5,1d12+4,1d8+4,4.0,B
7996,46,17,7,5,1d8+4,1d6+4,31,15,7,4,1d10+4,1d6+4,10.0,A
7997,50,16,7,3,1d12+4,1d6+4,41,16,7,5,1d8+4,1d8+4,9.0,A
7998,42,17,7,3,1d10+4,1d6+4,43,17,7,3,1d8+4,1d8+4,0.0,A
7999,39,16,7,5,1d12+4,1d8+4,45,17,7,4,1d8+4,1d6+4,5.0,B
8000,39,14,7,5,1d10+4,1d8+4,45,16,7,3,1d10+4,1d8+4,2.0,B
8001,33,16,7,4,1d10+4,1d8+4,45,16,7,4,1d10+4,1d8+4,9.0,B
8002,37,18,7,3,1d12+4,1d6+4,36,15,7,3,1d8+4,1d8+4,8.0,A
8003,33,15,7,5,1d10+4,1d6+4,50,16,7,4,1d10+4,1d8+4,3.0,B
8004,34,14,7,3,1d12+4,1d6+4,42,16,7,3,1d12+4,1d8+4,3.0,B
8005,32,17,7,3,1d10+4,1d6+4,44,18,7,4,1d10+4,1d6+4,9.0,B
8006,36,15,7,3,1d12+4,1d8+4,37,14,7,4,1d12+4,1d8+4,5.0,B
8007,35,15,7,5,1d12+4,1d8+4,48,14,7,5,1d12+4,1d8+4,0.0,A
8008,30,16,7,3,1d8+4,1d6+4,43,15,7,4,1d10+4,1d8+4,1.0,A
8009,35,16,7,4,1d8+4,1d6+4,49,15,7,5,1d10+4,1d6+4,4.0,B
8010,38,18,7,5,1d12+4,1d6+4,45,18,7,5,1d12+4,1d6+4,10.0,A
8011,33,14,7,4,1d8+4,1d8+4,35,16,7,3,1d10+4,1d6+4,9.0,A
8012,36,17,7,5,1d10+4,1d8+4,30,15,7,5,1d8+4,1d6+4,8.0,A
8013,33,17,7,3,1d12+4,1d8+4,45,14,7,3,1d12+4,1d6+4,10.0,A
8014,48,17,7,4,1d10+4,1d8+4,43,16,7,5,1d8+4,1d6+4,2.0,A
8015,50,14,7,5,1d12+4,1d8+4,46,17,7,3,1d12+4,1d6+4,10.0,A
8016,41,16,7,4,1d12+4,1d6+4,32,15,7,4,1d10+4,1d8+4,5.0,B
8017,34,15,7,5,1d12+4,1d8+4,42,15,7,5,1d10+4,1d6+4,0.0,A
8018,49,15,7,5,1d12+4,1d8+4,43,14,7,4,1d8+4,1d6+4,8.0,A
8019,36,14,7,5,1d12+4,1d6+4,50,16,7,5,1d12+4,1d8+4,4.0,B
8020,44,16,7,5,1d12+4,1d8+4,45,18,7,5,1d10+4,1d8+4,4.0,B
8021,46,17,7,3,1d10+4,1d8+4,41,15,7,5,1d12+4,1d6+4,2.0,A
8022,42,16,7,5,1d10+4,1d6+4,50,17,7,4,1d12+4,1d8+4,5.0,B
8023,48,16,7,5,1d10+4,1d8+4,48,16,7,5,1d10+4,1d6+4,8.0,A
8024,46,14,7,3,1d10+4,1d6+4,35,16,7,5,1d12+4,1d6+4,3.0,B
8025,35,14,7,5,1d12+4,1d6+4,37,17,7,3,1d10+4,1d6+4,5.0,B
8026,33,17,7,5,1d8+4,1d8+4,34,15,7,4,1d8+4,1d6+4,6.0,A
8027,47,16,7,3,1d8+4,1d8+4,35,14,7,5,1d12+4,1d6+4,1.0,A
8028,44,15,7,4,1d12+4,1d8+4,38,15,7,3,1d12+4,1d6+4,1.0,A
8029,40,15,7,5,1d12+4,1d8+4,47,15,7,3,1d12+4,1d8+4,6.0,A
8030,42,16,7,5,1d10+4,1d8+4,41,15,7,3,1d12+4,1d8+4,5.0,B
8031,33,15,7,5,1d10+4,1d6+4,30,15,7,5,1d12+4,1d6+4,6.0,B
8032,48,18,7,4,1d12+4,1d6+4,40,18,7,3,1d12+4,1d6+4,7.0,B
8033,39,16,7,3,1d10+4,1d6+4,34,18,7,3,1d12+4,1d6+4,4.0,B
8034,47,17,7,4,1d10+4,1d8+4,30,18,7,3,1d8+4,1d6+4,3.0,B
8035,36,16,7,5,1d12+4,1d6+4,50,17,7,5,1d8+4,1d8+4,5.0,B
8036,33,14,7,4,1d12+4,1d6+4,42,17,7,4,1d12+4,1d6+4,8.0,B
8037,30,18,7,3,1d12+4,1d6+4,50,16,7,5,1d10+4,1d8+4,10.0,B
8038,43,15,7,5,1d10+4,1d6+4,49,18,7,5,1d10+4,1d6+4,5.0,B
8039,30,14,7,4,1d8+4,1d8+4,37,14,7,5,1d8+4,1d8+4,6.0,B
8040,47,14,7,5,1d10+4,1d6+4,33,18,7,5,1d12+4,1d6+4,8.0,A
8041,47,16,7,4,1d10+4,1d8+4,43,15,7,4,1d8+4,1d6+4,5.0,A
8042,41,16,7,5,1d10+4,1d8+4,31,15,7,3,1d8+4,1d8+4,10.0,A
8043,43,17,7,5,1d12+4,1d8+4,41,17,7,4,1d8+4,1d6+4,6.0,A
8044,45,16,7,5,1d10+4,1d6+4,48,14,7,4,1d8+4,1d6+4,9.0,B
8045,49,16,7,4,1d10+4,1d6+4,44,15,7,5,1d10+4,1d6+4,0.0,A
8046,34,18,7,5,1d12+4,1d6+4,42,18,7,5,1d8+4,1d6+4,0.0,B
8047,31,14,7,5,1d10+4,1d8+4,39,18,7,3,1d12+4,1d6+4,3.0,B
8048,40,14,7,4,1d12+4,1d6+4,46,14,7,4,1d8+4,1d8+4,6.0,A
8049,34,15,7,4,1d8+4,1d6+4,41,15,7,4,1d10+4,1d6+4,1.0,A
8050,36,16,7,3,1d10+4,1d8+4,33,15,7,5,1d12+4,1d8+4,9.0,A
8051,42,16,7,3,1d8+4,1d6+4,36,18,7,3,1d10+4,1d6+4,8.0,B
8052,31,16,7,3,1d12+4,1d8+4,31,18,7,5,1d12+4,1d8+4,3.0,A
8053,34,18,7,3,1d10+4,1d8+4,33,18,7,4,1d10+4,1d8+4,10.0,B
8054,32,18,7,4,1d12+4,1d8+4,32,15,7,5,1d12+4,1d6+4,6.0,A
8055,38,16,7,4,1d12+4,1d8+4,35,15,7,4,1d12+4,1d6+4,1.0,A
8056,50,14,7,5,1d12+4,1d8+4,49,16,7,3,1d8+4,1d8+4,6.0,A
8057,43,18,7,3,1d10+4,1d6+4,48,17,7,4,1d12+4,1d6+4,4.0,B
8058,33,14,7,3,1d12+4,1d6+4,42,18,7,5,1d10+4,1d6+4,3.0,A
8059,50,14,7,3,1d10+4,1d8+4,34,18,7,4,1d12+4,1d6+4,9.0,B
8060,50,16,7,4,1d12+4,1d8+4,45,18,7,3,1d8+4,1d6+4,3.0,B
8061,39,17,7,4,1d8+4,1d6+4,43,15,7,5,1d8+4,1d8+4,4.0,B
8062,47,15,7,4,1d10+4,1d8+4,39,18,7,4,1d12+4,1d6+4,6.0,B
8063,33,18,7,5,1d8+4,1d8+4,40,16,7,3,1d12+4,1d6+4,5.0,A
8064,44,18,7,4,1d8+4,1d8+4,45,18,7,5,1d12+4,1d8+4,3.0,B
8065,46,14,7,3,1d10+4,1d8+4,32,14,7,5,1d10+4,1d6+4,1.0,B
8066,41,17,7,4,1d8+4,1d8+4,35,17,7,3,1d12+4,1d8+4,0.0,A
8067,48,18,7,4,1d12+4,1d8+4,46,16,7,4,1d8+4,1d8+4,8.0,A
8068,31,14,7,4,1d12+4,1d6+4,41,17,7,4,1d10+4,1d6+4,2.0,B
8069,42,18,7,4,1d12+4,1d8+4,34,17,7,3,1d12+4,1d8+4,0.0,B
8070,48,14,7,3,1d10+4,1d8+4,49,15,7,4,1d10+4,1d6+4,7.0,B
8071,41,18,7,3,1d10+4,1d6+4,47,18,7,3,1d12+4,1d6+4,5.0,A
8072,37,16,7,4,1d10+4,1d8+4,50,14,7,4,1d8+4,1d8+4,10.0,A
8073,30,14,7,5,1d8+4,1d6+4,31,15,7,5,1d10+4,1d6+4,4.0,A
8074,32,16,7,4,1d12+4,1d8+4,33,14,7,5,1d10+4,1d6+4,4.0,A
8075,41,15,7,4,1d12+4,1d8+4,31,16,7,4,1d10+4,1d8+4,8.0,A
8076,45,17,7,4,1d12+4,1d6+4,38,14,7,5,1d12+4,1d6+4,4.0,A
8077,48,17,7,3,1d8+4,1d8+4,47,16,7,5,1d8+4,1d6+4,10.0,A
8078,36,15,7,5,1d10+4,1d8+4,33,16,7,3,1d10+4,1d6+4,6.0,B
8079,50,14,7,4,1d12+4,1d8+4,33,15,7,3,1d8+4,1d6+4,6.0,A
8080,46,18,7,5,1d12+4,1d6+4,33,15,7,3,1d10+4,1d6+4,10.0,A
8081,41,14,7,5,1d10+4,1d6+4,37,16,7,3,1d12+4,1d6+4,10.0,B
8082,30,16,7,3,1d12+4,1d6+4,30,17,7,4,1d8+4,1d6+4,10.0,A
8083,47,16,7,4,1d12+4,1d8+4,34,17,7,3,1d10+4,1d6+4,1.0,A
8084,44,15,7,3,1d10+4,1d8+4,47,17,7,4,1d12+4,1d6+4,9.0,A
8085,32,14,7,4,1d8+4,1d6+4,42,17,7,4,1d8+4,1d8+4,3.0,B
8086,46,14,7,4,1d10+4,1d8+4,47,14,7,3,1d10+4,1d8+4,2.0,A
8087,32,17,7,5,1d12+4,1d8+4,37,15,7,4,1d8+4,1d8+4,8.0,B
8088,49,14,7,3,1d8+4,1d6+4,36,15,7,3,1d10+4,1d6+4,3.0,A
8089,35,17,7,5,1d12+4,1d8+4,45,17,7,4,1d8+4,1d8+4,1.0,B
8090,39,14,7,4,1d12+4,1d6+4,47,16,7,3,1d12+4,1d8+4,10.0,A
8091,42,18,7,5,1d10+4,1d6+4,38,15,7,4,1d8+4,1d8+4,6.0,A
8092,32,15,7,3,1d8+4,1d6+4,42,15,7,4,1d10+4,1d8+4,6.0,A
8093,48,15,7,5,1d12+4,1d6+4,49,16,7,4,1d8+4,1d6+4,1.0,A
8094,39,15,7,4,1d8+4,1d6+4,40,17,7,3,1d10+4,1d8+4,0.0,A
8095,36,15,7,4,1d12+4,1d8+4,45,17,7,4,1d8+4,1d6+4,8.0,A
8096,30,18,7,4,1d12+4,1d6+4,49,14,7,4,1d8+4,1d8+4,6.0,A
8097,39,16,7,3,1d8+4,1d6+4,33,15,7,4,1d8+4,1d6+4,4.0,A
8098,44,18,7,5,1d8+4,1d6+4,34,15,7,3,1d10+4,1d6+4,10.0,A
8099,49,17,7,3,1d12+4,1d6+4,46,14,7,4,1d12+4,1d6+4,2.0,A
8100,37,18,7,5,1d10+4,1d8+4,44,14,7,5,1d12+4,1d8+4,2.0,A
8101,38,18,7,4,1d12+4,1d8+4,30,15,7,4,1d8+4,1d6+4,0.0,A
8102,39,17,7,4,1d10+4,1d8+4,33,16,7,3,1d12+4,1d6+4,2.0,A
8103,47,15,7,3,1d12+4,1d8+4,50,14,7,4,1d10+4,1d8+4,5.0,A
8104,49,18,7,5,1d10+4,1d8+4,45,14,7,5,1d12+4,1d8+4,8.0,A
8105,50,17,7,5,1d10+4,1d8+4,39,17,7,5,1d12+4,1d6+4,5.0,B
8106,49,14,7,3,1d8+4,1d6+4,50,18,7,3,1d12+4,1d8+4,1.0,B
8107,41,14,7,3,1d10+4,1d6+4,38,17,7,5,1d8+4,1d6+4,8.0,B
8108,50,17,7,4,1d10+4,1d6+4,40,17,7,4,1d10+4,1d8+4,10.0,A
8109,33,18,7,4,1d8+4,1d6+4,37,14,7,3,1d8+4,1d6+4,9.0,A
8110,50,16,7,5,1d12+4,1d8+4,30,15,7,4,1d12+4,1d6+4,5.0,A
8111,36,17,7,3,1d8+4,1d8+4,38,14,7,4,1d10+4,1d8+4,9.0,A
8112,36,16,7,3,1d10+4,1d8+4,42,18,7,4,1d12+4,1d8+4,8.0,B
8113,41,18,7,3,1d8+4,1d6+4,46,15,7,3,1d10+4,1d8+4,7.0,B
8114,40,17,7,5,1d8+4,1d6+4,46,18,7,5,1d8+4,1d8+4,0.0,B
8115,30,17,7,4,1d8+4,1d8+4,48,16,7,4,1d12+4,1d8+4,2.0,B
8116,31,14,7,5,1d8+4,1d8+4,39,15,7,4,1d8+4,1d6+4,10.0,A
8117,31,17,7,3,1d10+4,1d8+4,41,14,7,5,1d12+4,1d8+4,0.0,A
8118,48,15,7,5,1d8+4,1d8+4,48,16,7,3,1d8+4,1d8+4,7.0,A
8119,47,15,7,3,1d8+4,1d8+4,34,15,7,4,1d8+4,1d8+4,1.0,B
8120,37,16,7,5,1d12+4,1d6+4,42,16,7,4,1d12+4,1d6+4,4.0,B
8121,38,16,7,5,1d10+4,1d8+4,43,18,7,5,1d10+4,1d8+4,1.0,A
8122,42,16,7,4,1d10+4,1d8+4,31,14,7,5,1d8+4,1d8+4,7.0,B
8123,35,17,7,3,1d8+4,1d8+4,44,15,7,5,1d10+4,1d8+4,2.0,A
8124,32,16,7,3,1d12+4,1d8+4,35,14,7,5,1d8+4,1d6+4,2.0,B
8125,30,18,7,4,1d10+4,1d8+4,44,14,7,4,1d8+4,1d8+4,4.0,A
8126,43,17,7,4,1d8+4,1d6+4,40,14,7,4,1d10+4,1d6+4,7.0,B
8127,50,14,7,5,1d12+4,1d8+4,41,18,7,3,1d12+4,1d6+4,7.0,A
8128,41,16,7,3,1d8+4,1d8+4,32,16,7,3,1d12+4,1d8+4,8.0,A
8129,49,14,7,5,1d10+4,1d6+4,49,14,7,5,1d8+4,1d8+4,2.0,A
8130,49,16,7,3,1d12+4,1d6+4,46,16,7,3,1d8+4,1d8+4,10.0,A
8131,46,17,7,4,1d8+4,1d8+4,48,18,7,4,1d8+4,1d6+4,6.0,A
8132,47,18,7,3,1d10+4,1d6+4,48,15,7,5,1d12+4,1d8+4,6.0,A
8133,46,18,7,3,1d10+4,1d8+4,46,16,7,4,1d12+4,1d8+4,2.0,A
8134,46,16,7,5,1d10+4,1d6+4,32,15,7,3,1d12+4,1d6+4,5.0,A
8135,38,16,7,3,1d10+4,1d6+4,35,17,7,5,1d8+4,1d8+4,7.0,A
8136,46,17,7,3,1d12+4,1d8+4,37,18,7,4,1d8+4,1d8+4,1.0,A
8137,43,15,7,4,1d10+4,1d6+4,30,15,7,3,1d12+4,1d6+4,9.0,A
8138,38,14,7,5,1d10+4,1d6+4,42,14,7,3,1d10+4,1d6+4,7.0,A
8139,44,17,7,5,1d12+4,1d8+4,37,18,7,3,1d10+4,1d8+4,10.0,B
8140,35,17,7,3,1d8+4,1d8+4,35,14,7,5,1d10+4,1d6+4,0.0,A
8141,43,15,7,5,1d8+4,1d8+4,38,14,7,5,1d10+4,1d8+4,2.0,B
8142,40,14,7,5,1d8+4,1d8+4,32,16,7,4,1d12+4,1d8+4,1.0,B
8143,30,18,7,4,1d12+4,1d6+4,50,16,7,4,1d10+4,1d6+4,2.0,A
8144,48,18,7,5,1d12+4,1d8+4,47,16,7,5,1d10+4,1d8+4,8.0,A
8145,42,14,7,5,1d12+4,1d6+4,37,15,7,4,1d8+4,1d6+4,6.0,A
8146,38,16,7,3,1d12+4,1d8+4,30,14,7,4,1d8+4,1d8+4,10.0,A
8147,47,16,7,3,1d12+4,1d8+4,38,17,7,3,1d10+4,1d6+4,0.0,A
8148,43,15,7,3,1d10+4,1d6+4,41,17,7,4,1d8+4,1d8+4,0.0,A
8149,31,16,7,5,1d10+4,1d6+4,42,18,7,5,1d10+4,1d6+4,8.0,A
8150,32,14,7,5,1d12+4,1d8+4,47,16,7,5,1d12+4,1d6+4,4.0,B
8151,42,17,7,5,1d10+4,1d6+4,47,15,7,3,1d12+4,1d8+4,4.0,A
8152,32,18,7,4,1d8+4,1d6+4,39,17,7,4,1d12+4,1d6+4,3.0,B
8153,47,16,7,3,1d10+4,1d6+4,36,17,7,5,1d12+4,1d6+4,10.0,A
8154,44,15,7,5,1d8+4,1d6+4,37,18,7,3,1d10+4,1d8+4,5.0,B
8155,39,16,7,5,1d10+4,1d8+4,35,17,7,3,1d8+4,1d8+4,3.0,B
8156,33,14,7,4,1d10+4,1d6+4,30,15,7,5,1d10+4,1d6+4,8.0,A
8157,45,16,7,3,1d12+4,1d6+4,35,17,7,4,1d8+4,1d6+4,9.0,A
8158,48,15,7,4,1d10+4,1d6+4,41,14,7,4,1d8+4,1d6+4,10.0,A
8159,34,16,7,5,1d12+4,1d8+4,31,14,7,4,1d8+4,1d8+4,9.0,A
8160,38,17,7,4,1d8+4,1d6+4,38,18,7,3,1d10+4,1d6+4,1.0,B
8161,34,17,7,5,1d10+4,1d8+4,43,15,7,3,1d12+4,1d8+4,0.0,B
8162,37,16,7,4,1d10+4,1d6+4,42,16,7,5,1d12+4,1d8+4,9.0,B
8163,30,14,7,4,1d10+4,1d8+4,35,18,7,3,1d8+4,1d6+4,9.0,A
8164,39,18,7,4,1d10+4,1d8+4,43,17,7,3,1d10+4,1d6+4,9.0,B
8165,40,16,7,5,1d12+4,1d6+4,42,14,7,4,1d12+4,1d6+4,10.0,A
8166,32,15,7,4,1d12+4,1d8+4,30,14,7,4,1d12+4,1d6+4,7.0,A
8167,45,15,7,3,1d12+4,1d8+4,45,16,7,4,1d12+4,1d6+4,3.0,B
8168,31,14,7,5,1d12+4,1d8+4,49,16,7,3,1d8+4,1d6+4,9.0,B
8169,49,15,7,5,1d10+4,1d6+4,43,16,7,3,1d8+4,1d8+4,5.0,A
8170,31,17,7,5,1d8+4,1d6+4,42,17,7,4,1d12+4,1d8+4,7.0,B
8171,31,17,7,4,1d12+4,1d6+4,42,15,7,5,1d8+4,1d8+4,3.0,B
8172,40,18,7,3,1d12+4,1d8+4,35,17,7,3,1d10+4,1d6+4,4.0,A
8173,36,14,7,5,1d10+4,1d8+4,45,16,7,5,1d8+4,1d6+4,5.0,B
8174,30,16,7,4,1d10+4,1d6+4,35,14,7,5,1d12+4,1d6+4,1.0,A
8175,48,17,7,4,1d12+4,1d6+4,39,18,7,4,1d10+4,1d8+4,5.0,A
8176,35,18,7,3,1d8+4,1d8+4,40,18,7,4,1d8+4,1d6+4,4.0,B
8177,32,16,7,5,1d8+4,1d8+4,40,18,7,3,1d8+4,1d6+4,7.0,B
8178,38,14,7,4,1d8+4,1d6+4,40,17,7,3,1d12+4,1d8+4,9.0,A
8179,49,15,7,5,1d12+4,1d8+4,47,18,7,4,1d12+4,1d8+4,7.0,B
8180,43,17,7,4,1d12+4,1d8+4,42,15,7,5,1d10+4,1d8+4,7.0,A
8181,45,17,7,5,1d10+4,1d8+4,41,14,7,3,1d10+4,1d8+4,5.0,A
8182,39,16,7,3,1d10+4,1d6+4,40,18,7,5,1d12+4,1d8+4,4.0,A
8183,35,14,7,3,1d8+4,1d6+4,42,14,7,4,1d10+4,1d6+4,10.0,A
8184,45,14,7,3,1d10+4,1d8+4,43,16,7,5,1d10+4,1d8+4,8.0,B
8185,50,15,7,4,1d10+4,1d8+4,41,18,7,3,1d12+4,1d8+4,0.0,B
8186,36,16,7,5,1d12+4,1d6+4,45,16,7,4,1d8+4,1d6+4,0.0,A
8187,32,18,7,5,1d10+4,1d6+4,39,18,7,3,1d10+4,1d6+4,9.0,A
8188,32,15,7,4,1d12+4,1d8+4,32,14,7,5,1d12+4,1d6+4,2.0,A
8189,47,18,7,5,1d10+4,1d6+4,37,17,7,5,1d10+4,1d8+4,3.0,A
8190,49,18,7,5,1d12+4,1d6+4,44,16,7,3,1d8+4,1d8+4,7.0,A
8191,41,16,7,3,1d12+4,1d6+4,33,17,7,3,1d10+4,1d6+4,3.0,A
8192,44,16,7,3,1d8+4,1d8+4,40,18,7,4,1d12+4,1d8+4,1.0,A
8193,30,17,7,3,1d12+4,1d6+4,48,16,7,5,1d10+4,1d6+4,0.0,A
8194,36,16,7,3,1d12+4,1d6+4,42,18,7,4,1d10+4,1d6+4,4.0,A
8195,30,14,7,4,1d10+4,1d8+4,44,17,7,5,1d8+4,1d8+4,0.0,B
8196,46,16,7,3,1d10+4,1d6+4,50,18,7,5,1d8+4,1d8+4,2.0,B
8197,34,18,7,4,1d12+4,1d6+4,35,16,7,5,1d10+4,1d6+4,6.0,B
8198,40,17,7,5,1d8+4,1d8+4,42,15,7,4,1d10+4,1d6+4,2.0,A
8199,30,14,7,3,1d12+4,1d8+4,40,18,7,3,1d8+4,1d8+4,2.0,A
8200,31,18,7,4,1d12+4,1d6+4,41,18,7,3,1d12+4,1d6+4,3.0,B
8201,36,16,7,3,1d10+4,1d6+4,32,15,7,4,1d8+4,1d6+4,2.0,A
8202,37,18,7,4,1d8+4,1d8+4,48,17,7,4,1d10+4,1d8+4,9.0,A
8203,46,17,7,3,1d8+4,1d6+4,43,16,7,5,1d10+4,1d6+4,10.0,B
8204,34,18,7,5,1d8+4,1d6+4,46,15,7,3,1d12+4,1d8+4,2.0,B
8205,44,16,7,3,1d10+4,1d8+4,41,15,7,4,1d10+4,1d8+4,8.0,B
8206,36,18,7,3,1d12+4,1d6+4,42,15,7,5,1d10+4,1d6+4,6.0,A
8207,39,17,7,5,1d12+4,1d6+4,46,15,7,3,1d12+4,1d6+4,3.0,A
8208,36,16,7,5,1d10+4,1d8+4,33,16,7,5,1d10+4,1d6+4,3.0,A
8209,45,18,7,3,1d8+4,1d8+4,46,14,7,4,1d10+4,1d6+4,2.0,B
8210,40,15,7,5,1d12+4,1d6+4,30,16,7,5,1d8+4,1d8+4,5.0,A
8211,30,16,7,5,1d10+4,1d8+4,38,14,7,5,1d12+4,1d8+4,0.0,B
8212,50,16,7,4,1d12+4,1d6+4,41,14,7,3,1d12+4,1d6+4,1.0,B
8213,48,18,7,5,1d10+4,1d6+4,36,15,7,4,1d12+4,1d8+4,5.0,A
8214,45,16,7,5,1d12+4,1d6+4,34,16,7,3,1d12+4,1d6+4,9.0,A
8215,39,18,7,4,1d12+4,1d8+4,38,16,7,3,1d10+4,1d8+4,6.0,A
8216,44,16,7,4,1d10+4,1d8+4,43,17,7,4,1d10+4,1d6+4,5.0,B
8217,48,16,7,5,1d12+4,1d6+4,41,14,7,5,1d10+4,1d6+4,9.0,A
8218,41,18,7,3,1d12+4,1d8+4,36,15,7,3,1d12+4,1d6+4,0.0,A
8219,42,18,7,5,1d8+4,1d6+4,46,16,7,5,1d12+4,1d8+4,0.0,B
8220,43,16,7,5,1d12+4,1d8+4,32,17,7,3,1d8+4,1d6+4,5.0,A
8221,45,16,7,4,1d12+4,1d6+4,43,15,7,5,1d8+4,1d6+4,0.0,B
8222,45,14,7,5,1d12+4,1d8+4,46,15,7,4,1d10+4,1d8+4,9.0,A
8223,33,17,7,4,1d12+4,1d8+4,35,18,7,5,1d8+4,1d8+4,8.0,B
8224,32,16,7,5,1d12+4,1d6+4,36,16,7,3,1d12+4,1d8+4,1.0,A
8225,31,18,7,4,1d8+4,1d6+4,30,18,7,5,1d8+4,1d6+4,1.0,A
8226,38,17,7,3,1d10+4,1d8+4,35,16,7,5,1d10+4,1d8+4,2.0,B
8227,42,17,7,4,1d8+4,1d6+4,31,15,7,5,1d8+4,1d6+4,8.0,A
8228,30,18,7,5,1d10+4,1d8+4,35,14,7,5,1d12+4,1d8+4,0.0,B
8229,31,16,7,5,1d12+4,1d8+4,44,15,7,5,1d12+4,1d6+4,1.0,A
8230,42,18,7,3,1d12+4,1d8+4,44,17,7,5,1d10+4,1d6+4,2.0,B
8231,45,18,7,5,1d8+4,1d8+4,42,17,7,3,1d10+4,1d6+4,6.0,A
8232,36,16,7,3,1d10+4,1d6+4,44,18,7,5,1d12+4,1d6+4,8.0,A
8233,35,14,7,3,1d8+4,1d6+4,47,14,7,4,1d8+4,1d6+4,9.0,B
8234,47,18,7,4,1d10+4,1d6+4,43,14,7,4,1d8+4,1d6+4,9.0,A
8235,38,18,7,5,1d10+4,1d6+4,44,17,7,3,1d10+4,1d8+4,6.0,B
8236,33,14,7,4,1d12+4,1d8+4,42,14,7,4,1d12+4,1d6+4,0.0,B
8237,31,14,7,3,1d10+4,1d6+4,31,16,7,3,1d12+4,1d6+4,4.0,A
8238,31,17,7,5,1d12+4,1d6+4,34,14,7,4,1d8+4,1d8+4,0.0,B
8239,32,14,7,4,1d8+4,1d8+4,43,18,7,5,1d12+4,1d8+4,8.0,B
8240,36,18,7,5,1d10+4,1d6+4,44,15,7,5,1d12+4,1d8+4,3.0,A
8241,39,17,7,5,1d10+4,1d8+4,47,16,7,4,1d10+4,1d8+4,2.0,B
8242,37,14,7,5,1d12+4,1d6+4,48,18,7,5,1d10+4,1d6+4,9.0,B
8243,33,18,7,3,1d10+4,1d6+4,30,16,7,4,1d12+4,1d6+4,9.0,A
8244,37,17,7,4,1d12+4,1d8+4,36,18,7,4,1d8+4,1d6+4,0.0,A
8245,34,18,7,3,1d10+4,1d6+4,42,17,7,3,1d12+4,1d8+4,2.0,B
8246,30,18,7,5,1d12+4,1d8+4,46,18,7,5,1d8+4,1d6+4,3.0,B
8247,48,14,7,3,1d12+4,1d8+4,45,16,7,3,1d8+4,1d6+4,10.0,A
8248,39,14,7,4,1d8+4,1d6+4,43,14,7,4,1d8+4,1d8+4,10.0,A
8249,30,17,7,3,1d10+4,1d6+4,30,14,7,5,1d12+4,1d8+4,7.0,B
8250,37,17,7,5,1d8+4,1d8+4,38,16,7,5,1d8+4,1d8+4,6.0,A
8251,33,16,7,4,1d12+4,1d8+4,43,15,7,4,1d8+4,1d8+4,9.0,A
8252,45,18,7,4,1d8+4,1d6+4,47,18,7,4,1d8+4,1d8+4,7.0,A
8253,39,14,7,5,1d8+4,1d8+4,39,16,7,3,1d12+4,1d6+4,3.0,B
8254,44,14,7,4,1d8+4,1d6+4,44,17,7,3,1d8+4,1d8+4,1.0,B
8255,37,18,7,3,1d12+4,1d8+4,40,16,7,5,1d10+4,1d6+4,5.0,A
8256,47,16,7,4,1d10+4,1d6+4,38,17,7,5,1d12+4,1d8+4,9.0,B
8257,39,17,7,3,1d12+4,1d6+4,36,16,7,4,1d10+4,1d8+4,5.0,A
8258,34,14,7,3,1d8+4,1d6+4,42,17,7,4,1d12+4,1d6+4,4.0,B
8259,31,15,7,4,1d8+4,1d8+4,34,15,7,4,1d8+4,1d8+4,5.0,B
8260,44,14,7,4,1d12+4,1d6+4,48,15,7,4,1d12+4,1d6+4,10.0,A
8261,50,14,7,4,1d10+4,1d6+4,30,14,7,5,1d12+4,1d6+4,8.0,A
8262,31,15,7,5,1d10+4,1d6+4,41,17,7,4,1d8+4,1d6+4,6.0,A
8263,32,17,7,4,1d12+4,1d6+4,50,14,7,4,1d8+4,1d6+4,1.0,A
8264,39,18,7,5,1d8+4,1d6+4,39,17,7,5,1d8+4,1d6+4,9.0,A
8265,42,16,7,4,1d12+4,1d8+4,49,16,7,3,1d8+4,1d6+4,2.0,B
8266,43,14,7,4,1d12+4,1d8+4,33,16,7,3,1d8+4,1d8+4,1.0,A
8267,39,16,7,4,1d12+4,1d6+4,36,18,7,4,1d10+4,1d8+4,4.0,B
8268,41,16,7,3,1d10+4,1d8+4,50,17,7,3,1d12+4,1d8+4,9.0,B
8269,30,17,7,4,1d10+4,1d6+4,43,14,7,5,1d12+4,1d8+4,5.0,A
8270,36,17,7,5,1d10+4,1d8+4,33,18,7,3,1d10+4,1d6+4,2.0,A
8271,49,17,7,5,1d12+4,1d8+4,42,17,7,4,1d10+4,1d6+4,6.0,A
8272,36,17,7,5,1d10+4,1d6+4,42,14,7,3,1d8+4,1d6+4,0.0,B
8273,50,14,7,3,1d12+4,1d8+4,30,16,7,5,1d10+4,1d6+4,5.0,B
8274,46,18,7,5,1d12+4,1d6+4,42,18,7,5,1d8+4,1d6+4,10.0,A
8275,48,16,7,5,1d10+4,1d6+4,31,16,7,4,1d10+4,1d8+4,10.0,A
8276,43,17,7,4,1d10+4,1d8+4,44,15,7,4,1d10+4,1d8+4,8.0,A
8277,46,16,7,4,1d10+4,1d6+4,36,14,7,3,1d8+4,1d6+4,3.0,A
8278,50,16,7,3,1d12+4,1d8+4,30,18,7,5,1d8+4,1d6+4,7.0,B
8279,49,16,7,5,1d10+4,1d6+4,47,14,7,3,1d8+4,1d8+4,9.0,B
8280,41,14,7,4,1d8+4,1d8+4,45,16,7,3,1d12+4,1d6+4,0.0,B
8281,48,14,7,3,1d12+4,1d8+4,31,14,7,3,1d12+4,1d6+4,3.0,A
8282,45,16,7,5,1d10+4,1d8+4,37,18,7,3,1d12+4,1d8+4,0.0,A
8283,37,16,7,5,1d8+4,1d8+4,35,14,7,5,1d12+4,1d6+4,1.0,A
8284,44,18,7,5,1d8+4,1d8+4,49,15,7,5,1d10+4,1d6+4,10.0,A
8285,41,16,7,4,1d12+4,1d6+4,37,14,7,3,1d12+4,1d8+4,7.0,B
8286,48,14,7,5,1d12+4,1d6+4,49,16,7,3,1d8+4,1d6+4,8.0,B
8287,43,14,7,3,1d8+4,1d8+4,45,17,7,5,1d12+4,1d8+4,3.0,A
8288,47,17,7,4,1d12+4,1d8+4,32,15,7,3,1d8+4,1d6+4,7.0,A
8289,45,18,7,4,1d8+4,1d8+4,48,14,7,4,1d12+4,1d6+4,1.0,A
8290,43,16,7,5,1d10+4,1d6+4,46,15,7,5,1d8+4,1d6+4,10.0,A
8291,46,15,7,3,1d12+4,1d6+4,41,18,7,3,1d8+4,1d8+4,5.0,A
8292,38,14,7,3,1d8+4,1d6+4,41,17,7,3,1d8+4,1d6+4,3.0,A
8293,31,18,7,4,1d10+4,1d6+4,32,15,7,4,1d10+4,1d6+4,4.0,B
8294,37,15,7,5,1d12+4,1d8+4,44,16,7,3,1d8+4,1d6+4,8.0,A
8295,37,18,7,5,1d12+4,1d8+4,45,14,7,3,1d8+4,1d6+4,1.0,B
8296,47,14,7,3,1d12+4,1d6+4,39,16,7,5,1d10+4,1d6+4,3.0,A
8297,37,18,7,5,1d12+4,1d6+4,50,17,7,3,1d8+4,1d8+4,9.0,B
8298,48,16,7,5,1d12+4,1d6+4,48,17,7,5,1d12+4,1d8+4,1.0,A
8299,50,17,7,3,1d10+4,1d6+4,36,17,7,5,1d8+4,1d8+4,1.0,A
8300,48,17,7,4,1d10+4,1d8+4,48,15,7,4,1d10+4,1d6+4,4.0,A
8301,36,15,7,4,1d10+4,1d6+4,37,14,7,5,1d10+4,1d6+4,10.0,B
8302,43,17,7,3,1d8+4,1d6+4,36,18,7,5,1d10+4,1d8+4,0.0,B
8303,39,17,7,3,1d8+4,1d6+4,44,17,7,3,1d12+4,1d8+4,6.0,B
8304,36,17,7,5,1d10+4,1d6+4,37,18,7,3,1d12+4,1d8+4,10.0,B
8305,30,15,7,4,1d10+4,1d8+4,32,15,7,3,1d8+4,1d6+4,2.0,A
8306,41,15,7,3,1d12+4,1d8+4,31,14,7,5,1d12+4,1d8+4,10.0,A
8307,41,18,7,4,1d12+4,1d6+4,48,14,7,3,1d10+4,1d8+4,7.0,A
8308,42,18,7,4,1d8+4,1d8+4,37,16,7,4,1d8+4,1d6+4,2.0,A
8309,41,14,7,4,1d10+4,1d8+4,50,14,7,4,1d12+4,1d8+4,3.0,A
8310,39,18,7,4,1d8+4,1d8+4,46,14,7,3,1d8+4,1d8+4,9.0,B
8311,40,18,7,3,1d10+4,1d8+4,47,18,7,3,1d8+4,1d8+4,7.0,B
8312,30,16,7,4,1d12+4,1d6+4,39,17,7,5,1d8+4,1d6+4,2.0,B
8313,43,16,7,4,1d10+4,1d8+4,32,15,7,5,1d10+4,1d8+4,9.0,B
8314,40,15,7,3,1d8+4,1d8+4,44,14,7,5,1d12+4,1d6+4,2.0,A
8315,37,15,7,3,1d10+4,1d8+4,42,18,7,3,1d12+4,1d8+4,1.0,A
8316,30,18,7,5,1d12+4,1d6+4,46,14,7,5,1d10+4,1d6+4,3.0,A
8317,35,16,7,3,1d12+4,1d6+4,33,16,7,4,1d12+4,1d8+4,1.0,B
8318,35,14,7,3,1d8+4,1d6+4,50,17,7,3,1d12+4,1d6+4,10.0,A
8319,45,14,7,5,1d10+4,1d8+4,47,16,7,5,1d12+4,1d6+4,1.0,A
8320,38,18,7,5,1d8+4,1d8+4,35,18,7,5,1d8+4,1d6+4,8.0,B
8321,34,15,7,3,1d10+4,1d6+4,30,18,7,4,1d12+4,1d8+4,10.0,B
8322,44,14,7,3,1d10+4,1d6+4,46,17,7,3,1d10+4,1d6+4,7.0,A
8323,35,17,7,5,1d12+4,1d6+4,42,17,7,4,1d8+4,1d8+4,7.0,A
8324,43,17,7,5,1d8+4,1d6+4,49,18,7,5,1d10+4,1d6+4,5.0,B
8325,40,17,7,4,1d12+4,1d8+4,38,17,7,4,1d12+4,1d6+4,3.0,A
8326,40,14,7,3,1d8+4,1d6+4,45,17,7,5,1d8+4,1d6+4,3.0,B
8327,46,16,7,5,1d12+4,1d6+4,35,18,7,3,1d10+4,1d8+4,4.0,A
8328,34,18,7,4,1d8+4,1d6+4,30,16,7,3,1d12+4,1d8+4,8.0,B
8329,50,14,7,5,1d8+4,1d8+4,42,15,7,3,1d10+4,1d8+4,4.0,B
8330,40,15,7,4,1d8+4,1d6+4,39,15,7,4,1d10+4,1d6+4,5.0,A
8331,35,17,7,4,1d8+4,1d8+4,39,17,7,3,1d8+4,1d6+4,0.0,A
8332,42,14,7,5,1d8+4,1d6+4,45,16,7,4,1d12+4,1d8+4,1.0,B
8333,33,18,7,5,1d8+4,1d8+4,33,15,7,5,1d10+4,1d8+4,2.0,B
8334,32,15,7,4,1d10+4,1d8+4,47,15,7,3,1d12+4,1d8+4,10.0,B
8335,39,14,7,4,1d8+4,1d8+4,35,15,7,4,1d8+4,1d6+4,1.0,B
8336,48,14,7,3,1d12+4,1d8+4,34,15,7,5,1d10+4,1d8+4,5.0,A
8337,43,15,7,4,1d12+4,1d8+4,49,14,7,3,1d10+4,1d6+4,10.0,B
8338,42,17,7,4,1d12+4,1d6+4,40,14,7,4,1d10+4,1d6+4,3.0,B
8339,48,17,7,3,1d10+4,1d8+4,39,15,7,3,1d12+4,1d8+4,1.0,A
8340,42,16,7,5,1d10+4,1d8+4,48,16,7,5,1d12+4,1d6+4,3.0,B
8341,33,14,7,5,1d12+4,1d6+4,35,14,7,3,1d8+4,1d8+4,5.0,B
8342,33,17,7,3,1d12+4,1d8+4,33,17,7,5,1d10+4,1d6+4,6.0,B
8343,34,17,7,4,1d10+4,1d8+4,44,14,7,4,1d8+4,1d6+4,2.0,A
8344,30,15,7,5,1d8+4,1d8+4,42,14,7,3,1d8+4,1d8+4,0.0,B
8345,47,15,7,3,1d12+4,1d6+4,44,16,7,4,1d10+4,1d6+4,2.0,B
8346,42,14,7,4,1d10+4,1d6+4,44,14,7,3,1d12+4,1d6+4,2.0,B
8347,48,15,7,4,1d12+4,1d6+4,44,18,7,3,1d12+4,1d6+4,9.0,A
8348,30,18,7,3,1d8+4,1d8+4,46,14,7,4,1d10+4,1d8+4,8.0,B
8349,35,18,7,5,1d8+4,1d6+4,43,14,7,5,1d8+4,1d8+4,9.0,B
8350,43,16,7,3,1d8+4,1d8+4,43,16,7,5,1d8+4,1d6+4,4.0,A
8351,48,16,7,5,1d10+4,1d8+4,37,14,7,4,1d8+4,1d8+4,7.0,A
8352,43,17,7,5,1d10+4,1d8+4,40,18,7,3,1d10+4,1d8+4,9.0,A
8353,48,14,7,3,1d12+4,1d6+4,36,14,7,4,1d8+4,1d6+4,4.0,A
8354,49,15,7,4,1d10+4,1d6+4,35,16,7,3,1d10+4,1d6+4,1.0,A
8355,35,14,7,5,1d12+4,1d6+4,31,14,7,4,1d10+4,1d6+4,6.0,B
8356,50,17,7,3,1d10+4,1d8+4,35,16,7,3,1d12+4,1d8+4,7.0,A
8357,33,17,7,3,1d8+4,1d6+4,30,18,7,5,1d12+4,1d8+4,0.0,B
8358,34,18,7,3,1d8+4,1d6+4,46,17,7,4,1d12+4,1d8+4,3.0,A
8359,50,16,7,5,1d8+4,1d6+4,48,14,7,4,1d8+4,1d8+4,1.0,A
8360,47,18,7,4,1d12+4,1d6+4,40,14,7,4,1d10+4,1d6+4,0.0,A
8361,50,16,7,5,1d12+4,1d8+4,37,14,7,5,1d12+4,1d8+4,2.0,B
8362,47,17,7,4,1d12+4,1d8+4,40,18,7,4,1d12+4,1d6+4,5.0,B
8363,44,15,7,3,1d10+4,1d8+4,32,15,7,3,1d12+4,1d6+4,7.0,A
8364,30,18,7,4,1d8+4,1d6+4,39,18,7,3,1d10+4,1d6+4,2.0,A
8365,45,16,7,3,1d8+4,1d6+4,44,18,7,4,1d8+4,1d8+4,9.0,A
8366,44,18,7,5,1d12+4,1d8+4,31,17,7,5,1d10+4,1d6+4,8.0,A
8367,38,14,7,5,1d8+4,1d8+4,39,17,7,5,1d12+4,1d6+4,2.0,B
8368,32,17,7,3,1d10+4,1d6+4,50,15,7,3,1d8+4,1d6+4,0.0,A
8369,30,17,7,5,1d12+4,1d6+4,37,15,7,5,1d8+4,1d6+4,5.0,A
8370,43,17,7,4,1d12+4,1d8+4,45,14,7,4,1d12+4,1d8+4,8.0,B
8371,43,16,7,5,1d8+4,1d6+4,45,15,7,5,1d8+4,1d6+4,2.0,B
8372,31,18,7,5,1d12+4,1d8+4,35,17,7,5,1d8+4,1d8+4,5.0,A
8373,43,15,7,3,1d12+4,1d6+4,30,15,7,5,1d10+4,1d8+4,4.0,B
8374,49,17,7,3,1d12+4,1d8+4,36,14,7,5,1d10+4,1d8+4,4.0,A
8375,36,18,7,4,1d8+4,1d8+4,36,15,7,4,1d12+4,1d8+4,3.0,B
8376,33,14,7,3,1d10+4,1d6+4,32,14,7,3,1d12+4,1d6+4,10.0,A
8377,44,18,7,5,1d12+4,1d8+4,31,18,7,5,1d10+4,1d8+4,2.0,A
8378,39,16,7,4,1d8+4,1d8+4,32,15,7,3,1d12+4,1d8+4,0.0,A
8379,30,16,7,5,1d10+4,1d8+4,41,18,7,4,1d10+4,1d8+4,10.0,B
8380,41,17,7,3,1d8+4,1d8+4,41,18,7,4,1d8+4,1d8+4,8.0,A
8381,50,15,7,4,1d8+4,1d6+4,44,14,7,3,1d12+4,1d8+4,10.0,B
8382,33,14,7,5,1d10+4,1d8+4,40,14,7,4,1d12+4,1d6+4,1.0,A
8383,50,14,7,4,1d12+4,1d6+4,32,18,7,5,1d10+4,1d8+4,8.0,B
8384,34,16,7,3,1d10+4,1d6+4,33,18,7,3,1d10+4,1d6+4,1.0,B
8385,47,17,7,3,1d8+4,1d6+4,40,18,7,3,1d10+4,1d8+4,6.0,A
8386,44,17,7,3,1d8+4,1d8+4,38,14,7,5,1d12+4,1d6+4,8.0,A
8387,45,15,7,3,1d12+4,1d6+4,41,17,7,4,1d12+4,1d6+4,1.0,B
8388,45,15,7,3,1d12+4,1d6+4,36,16,7,3,1d12+4,1d8+4,4.0,B
8389,39,17,7,4,1d12+4,1d6+4,32,16,7,4,1d10+4,1d8+4,10.0,A
8390,32,15,7,3,1d10+4,1d8+4,42,18,7,3,1d12+4,1d6+4,6.0,A
8391,35,17,7,4,1d12+4,1d8+4,44,14,7,3,1d10+4,1d6+4,9.0,B
8392,36,17,7,3,1d8+4,1d8+4,33,16,7,5,1d12+4,1d6+4,6.0,A
8393,47,15,7,3,1d12+4,1d8+4,39,16,7,4,1d10+4,1d6+4,6.0,A
8394,37,14,7,3,1d12+4,1d6+4,36,16,7,3,1d8+4,1d8+4,8.0,A
8395,32,18,7,5,1d10+4,1d8+4,43,17,7,3,1d8+4,1d6+4,7.0,B
8396,46,17,7,4,1d10+4,1d6+4,46,15,7,5,1d8+4,1d8+4,5.0,A
8397,49,17,7,5,1d8+4,1d8+4,36,15,7,3,1d12+4,1d8+4,3.0,A
8398,31,18,7,4,1d10+4,1d6+4,39,16,7,3,1d8+4,1d6+4,7.0,B
8399,48,14,7,4,1d10+4,1d6+4,48,14,7,4,1d8+4,1d8+4,4.0,A
8400,43,15,7,3,1d10+4,1d6+4,44,18,7,5,1d10+4,1d8+4,8.0,B
8401,41,15,7,3,1d8+4,1d6+4,45,16,7,4,1d10+4,1d8+4,10.0,B
8402,33,17,7,3,1d10+4,1d8+4,39,18,7,5,1d8+4,1d8+4,10.0,B
8403,42,14,7,4,1d12+4,1d6+4,34,15,7,5,1d10+4,1d8+4,3.0,A
8404,43,14,7,3,1d8+4,1d6+4,31,14,7,4,1d10+4,1d6+4,8.0,A
8405,48,17,7,3,1d8+4,1d8+4,40,16,7,4,1d12+4,1d8+4,10.0,A
8406,38,15,7,3,1d10+4,1d6+4,43,15,7,5,1d8+4,1d8+4,10.0,A
8407,40,16,7,4,1d10+4,1d8+4,48,17,7,3,1d8+4,1d8+4,9.0,B
8408,48,15,7,5,1d10+4,1d6+4,31,14,7,4,1d12+4,1d8+4,1.0,A
8409,49,14,7,5,1d12+4,1d8+4,47,14,7,3,1d10+4,1d8+4,5.0,B
8410,33,17,7,3,1d10+4,1d8+4,40,18,7,5,1d12+4,1d8+4,10.0,B
8411,34,17,7,3,1d12+4,1d8+4,50,18,7,3,1d8+4,1d8+4,9.0,B
8412,39,18,7,5,1d8+4,1d8+4,45,17,7,3,1d8+4,1d8+4,3.0,B
8413,34,14,7,3,1d12+4,1d6+4,32,15,7,4,1d12+4,1d6+4,7.0,A
8414,42,18,7,4,1d12+4,1d6+4,46,16,7,5,1d8+4,1d6+4,4.0,A
8415,43,16,7,3,1d10+4,1d8+4,37,17,7,5,1d12+4,1d6+4,9.0,B
8416,45,16,7,3,1d10+4,1d6+4,36,18,7,4,1d10+4,1d6+4,8.0,B
8417,39,16,7,3,1d8+4,1d6+4,33,16,7,5,1d8+4,1d8+4,5.0,A
8418,33,17,7,5,1d10+4,1d6+4,31,17,7,3,1d10+4,1d8+4,7.0,A
8419,41,15,7,4,1d8+4,1d8+4,44,15,7,3,1d8+4,1d6+4,0.0,B
8420,41,16,7,5,1d8+4,1d6+4,37,17,7,3,1d8+4,1d8+4,1.0,A
8421,46,14,7,4,1d10+4,1d6+4,47,17,7,3,1d8+4,1d8+4,6.0,B
8422,42,18,7,3,1d12+4,1d8+4,40,15,7,5,1d10+4,1d8+4,1.0,B
8423,34,17,7,5,1d12+4,1d6+4,40,16,7,5,1d8+4,1d6+4,6.0,A
8424,41,15,7,5,1d12+4,1d6+4,33,14,7,4,1d8+4,1d6+4,9.0,B
8425,50,14,7,5,1d12+4,1d8+4,38,17,7,4,1d10+4,1d8+4,3.0,A
8426,32,17,7,5,1d12+4,1d6+4,39,14,7,5,1d12+4,1d6+4,9.0,A
8427,41,14,7,4,1d10+4,1d8+4,44,18,7,3,1d10+4,1d6+4,7.0,B
8428,43,14,7,3,1d8+4,1d8+4,34,18,7,3,1d12+4,1d6+4,2.0,A
8429,44,14,7,3,1d10+4,1d8+4,42,18,7,5,1d10+4,1d6+4,5.0,B
8430,46,18,7,4,1d8+4,1d6+4,32,16,7,4,1d8+4,1d6+4,2.0,A
8431,30,17,7,5,1d12+4,1d8+4,44,17,7,3,1d12+4,1d6+4,0.0,B
8432,42,16,7,5,1d12+4,1d8+4,50,15,7,5,1d12+4,1d6+4,1.0,A
8433,44,15,7,3,1d12+4,1d8+4,36,16,7,3,1d10+4,1d8+4,8.0,A
8434,34,14,7,3,1d8+4,1d8+4,47,17,7,5,1d12+4,1d6+4,3.0,A
8435,40,14,7,3,1d12+4,1d8+4,50,18,7,4,1d12+4,1d8+4,7.0,B
8436,47,14,7,3,1d12+4,1d6+4,36,16,7,5,1d12+4,1d6+4,4.0,B
8437,40,18,7,3,1d10+4,1d6+4,31,18,7,5,1d10+4,1d6+4,0.0,A
8438,30,18,7,4,1d8+4,1d6+4,33,18,7,5,1d8+4,1d6+4,7.0,B
8439,49,16,7,4,1d8+4,1d8+4,43,14,7,5,1d8+4,1d8+4,3.0,A
8440,41,14,7,3,1d8+4,1d8+4,31,18,7,5,1d10+4,1d6+4,5.0,B
8441,30,15,7,4,1d8+4,1d6+4,33,14,7,5,1d10+4,1d6+4,8.0,B
8442,42,15,7,5,1d8+4,1d8+4,44,15,7,5,1d8+4,1d8+4,4.0,A
8443,43,17,7,3,1d12+4,1d8+4,39,16,7,3,1d12+4,1d8+4,5.0,A
8444,38,18,7,3,1d10+4,1d8+4,47,15,7,5,1d12+4,1d6+4,4.0,B
8445,35,15,7,3,1d8+4,1d6+4,31,16,7,4,1d8+4,1d8+4,8.0,B
8446,45,15,7,5,1d8+4,1d8+4,31,14,7,3,1d8+4,1d6+4,3.0,A
8447,36,16,7,4,1d8+4,1d8+4,46,16,7,4,1d10+4,1d6+4,3.0,B
8448,39,18,7,3,1d10+4,1d6+4,34,14,7,5,1d10+4,1d6+4,0.0,A
8449,36,16,7,5,1d8+4,1d8+4,42,17,7,5,1d8+4,1d8+4,3.0,B
8450,30,17,7,3,1d10+4,1d6+4,39,17,7,4,1d10+4,1d8+4,7.0,B
8451,44,14,7,5,1d10+4,1d6+4,31,18,7,3,1d10+4,1d6+4,4.0,A
8452,34,15,7,5,1d8+4,1d6+4,34,18,7,4,1d12+4,1d6+4,1.0,B
8453,50,15,7,5,1d10+4,1d8+4,44,16,7,3,1d12+4,1d8+4,10.0,A
8454,45,17,7,3,1d8+4,1d8+4,36,18,7,3,1d8+4,1d8+4,4.0,B
8455,43,16,7,3,1d10+4,1d6+4,43,17,7,3,1d10+4,1d8+4,3.0,A
8456,32,16,7,4,1d12+4,1d6+4,36,17,7,5,1d12+4,1d6+4,5.0,B
8457,30,17,7,5,1d10+4,1d8+4,49,17,7,5,1d12+4,1d8+4,10.0,B
8458,38,16,7,4,1d12+4,1d8+4,36,16,7,3,1d8+4,1d6+4,5.0,A
8459,35,15,7,3,1d8+4,1d6+4,47,15,7,3,1d8+4,1d8+4,2.0,A
8460,35,17,7,4,1d12+4,1d6+4,42,18,7,5,1d10+4,1d8+4,7.0,A
8461,49,18,7,5,1d8+4,1d6+4,30,15,7,3,1d8+4,1d8+4,0.0,A
8462,30,14,7,4,1d10+4,1d6+4,43,16,7,3,1d12+4,1d6+4,1.0,B
8463,31,18,7,3,1d10+4,1d6+4,46,18,7,3,1d12+4,1d6+4,0.0,B
8464,40,14,7,4,1d10+4,1d8+4,40,18,7,5,1d8+4,1d6+4,5.0,B
8465,32,15,7,3,1d12+4,1d8+4,50,15,7,3,1d12+4,1d6+4,0.0,B
8466,32,15,7,5,1d8+4,1d8+4,40,16,7,4,1d12+4,1d6+4,4.0,B
8467,50,16,7,4,1d10+4,1d8+4,34,18,7,4,1d12+4,1d6+4,2.0,A
8468,33,17,7,5,1d8+4,1d6+4,36,18,7,4,1d10+4,1d8+4,5.0,A
8469,31,18,7,5,1d12+4,1d8+4,31,14,7,4,1d12+4,1d6+4,9.0,A
8470,34,15,7,4,1d12+4,1d8+4,34,18,7,4,1d12+4,1d6+4,5.0,B
8471,30,17,7,4,1d10+4,1d6+4,39,16,7,4,1d10+4,1d8+4,1.0,B
8472,37,18,7,4,1d12+4,1d6+4,43,14,7,4,1d8+4,1d8+4,4.0,A
8473,35,18,7,3,1d12+4,1d8+4,41,14,7,5,1d8+4,1d6+4,10.0,A
8474,31,18,7,5,1d12+4,1d6+4,46,15,7,3,1d10+4,1d8+4,1.0,B
8475,49,15,7,3,1d10+4,1d6+4,39,17,7,5,1d8+4,1d6+4,5.0,A
8476,50,14,7,4,1d8+4,1d8+4,44,17,7,4,1d12+4,1d6+4,3.0,A
8477,37,17,7,5,1d10+4,1d8+4,31,14,7,4,1d12+4,1d8+4,0.0,A
8478,43,17,7,5,1d12+4,1d6+4,49,16,7,5,1d8+4,1d6+4,0.0,B
8479,44,17,7,5,1d12+4,1d8+4,40,18,7,4,1d8+4,1d6+4,0.0,A
8480,41,17,7,4,1d10+4,1d6+4,30,18,7,3,1d8+4,1d6+4,4.0,A
8481,43,18,7,4,1d8+4,1d6+4,34,14,7,5,1d12+4,1d8+4,9.0,A
8482,37,18,7,4,1d10+4,1d6+4,38,18,7,3,1d10+4,1d6+4,10.0,A
8483,41,15,7,3,1d12+4,1d6+4,49,15,7,4,1d8+4,1d6+4,8.0,A
8484,37,15,7,4,1d8+4,1d6+4,31,15,7,3,1d10+4,1d8+4,0.0,A
8485,34,15,7,5,1d8+4,1d8+4,41,17,7,3,1d10+4,1d8+4,1.0,B
8486,35,17,7,4,1d10+4,1d8+4,38,14,7,5,1d8+4,1d8+4,3.0,A
8487,31,17,7,5,1d10+4,1d8+4,36,16,7,5,1d12+4,1d6+4,5.0,B
8488,47,14,7,3,1d8+4,1d8+4,45,17,7,5,1d12+4,1d6+4,10.0,B
8489,40,14,7,3,1d12+4,1d6+4,31,17,7,5,1d10+4,1d6+4,4.0,A
8490,46,17,7,4,1d8+4,1d8+4,41,18,7,4,1d8+4,1d6+4,6.0,A
8491,33,14,7,5,1d12+4,1d6+4,45,18,7,3,1d10+4,1d8+4,5.0,B
8492,33,18,7,4,1d10+4,1d6+4,38,18,7,4,1d8+4,1d6+4,0.0,A
8493,35,17,7,5,1d8+4,1d6+4,44,16,7,4,1d12+4,1d6+4,0.0,B
8494,38,17,7,3,1d12+4,1d6+4,40,16,7,4,1d10+4,1d8+4,1.0,B
8495,46,17,7,5,1d10+4,1d8+4,45,14,7,5,1d8+4,1d8+4,3.0,B
8496,39,18,7,5,1d12+4,1d8+4,37,14,7,5,1d8+4,1d6+4,3.0,A
8497,43,14,7,4,1d12+4,1d6+4,36,15,7,5,1d10+4,1d8+4,6.0,B
8498,33,18,7,5,1d12+4,1d6+4,37,15,7,3,1d10+4,1d6+4,10.0,A
8499,46,14,7,5,1d12+4,1d6+4,42,17,7,5,1d8+4,1d8+4,7.0,A
8500,41,15,7,5,1d10+4,1d8+4,36,17,7,5,1d8+4,1d6+4,9.0,A
8501,32,16,7,4,1d12+4,1d6+4,47,18,7,5,1d12+4,1d6+4,10.0,B
8502,41,17,7,4,1d12+4,1d8+4,36,14,7,3,1d12+4,1d6+4,7.0,B
8503,31,17,7,5,1d8+4,1d8+4,43,16,7,3,1d10+4,1d6+4,8.0,B
8504,36,16,7,4,1d10+4,1d8+4,47,15,7,4,1d8+4,1d6+4,6.0,A
8505,42,16,7,5,1d8+4,1d6+4,33,14,7,4,1d8+4,1d6+4,2.0,B
8506,38,17,7,5,1d12+4,1d6+4,39,17,7,5,1d10+4,1d8+4,9.0,A
8507,38,15,7,4,1d12+4,1d6+4,36,17,7,5,1d8+4,1d6+4,0.0,B
8508,33,16,7,5,1d10+4,1d6+4,41,16,7,4,1d10+4,1d8+4,1.0,A
8509,34,16,7,4,1d8+4,1d6+4,45,15,7,4,1d12+4,1d6+4,1.0,B
8510,45,14,7,3,1d8+4,1d6+4,31,17,7,5,1d10+4,1d8+4,3.0,B
8511,43,16,7,3,1d8+4,1d6+4,31,15,7,4,1d10+4,1d8+4,5.0,A
8512,50,18,7,5,1d12+4,1d8+4,31,16,7,3,1d10+4,1d6+4,1.0,A
8513,30,18,7,3,1d10+4,1d8+4,34,18,7,3,1d12+4,1d6+4,7.0,B
8514,37,14,7,3,1d12+4,1d6+4,40,16,7,3,1d8+4,1d8+4,4.0,A
8515,44,18,7,5,1d12+4,1d6+4,41,17,7,5,1d12+4,1d6+4,9.0,A
8516,41,14,7,5,1d8+4,1d8+4,49,16,7,4,1d12+4,1d6+4,5.0,B
8517,40,17,7,3,1d12+4,1d8+4,48,18,7,3,1d8+4,1d8+4,0.0,A
8518,45,18,7,5,1d8+4,1d8+4,38,16,7,3,1d10+4,1d8+4,1.0,A
8519,47,14,7,5,1d12+4,1d8+4,30,14,7,4,1d12+4,1d8+4,8.0,A
8520,33,18,7,4,1d12+4,1d6+4,44,15,7,3,1d8+4,1d6+4,9.0,A
8521,40,14,7,5,1d12+4,1d6+4,32,15,7,3,1d10+4,1d8+4,8.0,A
8522,34,14,7,3,1d10+4,1d6+4,43,17,7,5,1d12+4,1d8+4,6.0,B
8523,49,18,7,5,1d10+4,1d6+4,32,17,7,3,1d10+4,1d8+4,5.0,A
8524,34,15,7,4,1d8+4,1d6+4,33,18,7,4,1d10+4,1d8+4,0.0,B
8525,48,18,7,5,1d8+4,1d8+4,43,18,7,3,1d12+4,1d8+4,2.0,A
8526,41,14,7,3,1d10+4,1d6+4,31,16,7,5,1d8+4,1d6+4,9.0,B
8527,49,15,7,4,1d12+4,1d6+4,30,14,7,3,1d12+4,1d8+4,9.0,A
8528,33,15,7,5,1d8+4,1d8+4,47,14,7,5,1d10+4,1d8+4,6.0,A
8529,37,14,7,4,1d8+4,1d8+4,39,18,7,5,1d8+4,1d6+4,7.0,B
8530,32,16,7,3,1d10+4,1d8+4,37,14,7,5,1d10+4,1d6+4,0.0,A
8531,32,15,7,3,1d10+4,1d8+4,36,17,7,5,1d8+4,1d6+4,9.0,A
8532,46,18,7,3,1d10+4,1d6+4,34,15,7,5,1d12+4,1d8+4,9.0,A
8533,31,18,7,4,1d12+4,1d8+4,50,18,7,3,1d8+4,1d6+4,4.0,A
8534,33,18,7,3,1d10+4,1d6+4,42,17,7,4,1d8+4,1d8+4,0.0,B
8535,32,18,7,3,1d12+4,1d6+4,34,16,7,4,1d12+4,1d8+4,7.0,A
8536,45,14,7,5,1d8+4,1d6+4,32,14,7,5,1d12+4,1d8+4,10.0,A
8537,41,15,7,3,1d10+4,1d8+4,36,18,7,4,1d10+4,1d6+4,8.0,A
8538,31,17,7,4,1d10+4,1d6+4,47,14,7,4,1d10+4,1d6+4,10.0,B
8539,32,16,7,4,1d8+4,1d6+4,48,14,7,5,1d10+4,1d6+4,5.0,B
8540,44,16,7,4,1d8+4,1d6+4,48,18,7,4,1d8+4,1d8+4,2.0,A
8541,39,15,7,3,1d8+4,1d6+4,30,16,7,4,1d10+4,1d6+4,0.0,A
8542,44,14,7,4,1d10+4,1d6+4,44,16,7,4,1d8+4,1d8+4,4.0,B
8543,38,15,7,3,1d12+4,1d6+4,42,16,7,4,1d8+4,1d6+4,5.0,A
8544,42,15,7,5,1d10+4,1d6+4,50,16,7,5,1d12+4,1d8+4,6.0,B
8545,44,15,7,5,1d8+4,1d8+4,39,14,7,3,1d12+4,1d8+4,9.0,A
8546,39,18,7,3,1d8+4,1d8+4,37,17,7,3,1d12+4,1d6+4,4.0,A
8547,31,17,7,3,1d10+4,1d8+4,40,15,7,4,1d10+4,1d8+4,4.0,A
8548,39,15,7,3,1d12+4,1d6+4,45,16,7,5,1d10+4,1d8+4,6.0,A
8549,48,17,7,4,1d8+4,1d6+4,47,15,7,5,1d8+4,1d8+4,1.0,A
8550,32,18,7,5,1d8+4,1d8+4,50,15,7,5,1d8+4,1d8+4,5.0,A
8551,41,14,7,4,1d8+4,1d6+4,32,16,7,5,1d8+4,1d6+4,0.0,B
8552,42,15,7,4,1d8+4,1d6+4,49,14,7,3,1d12+4,1d8+4,10.0,A
8553,48,18,7,3,1d12+4,1d6+4,44,14,7,5,1d10+4,1d6+4,10.0,A
8554,48,14,7,4,1d8+4,1d8+4,30,18,7,4,1d8+4,1d8+4,9.0,A
8555,33,14,7,3,1d10+4,1d6+4,42,17,7,3,1d12+4,1d8+4,10.0,B
8556,32,16,7,3,1d8+4,1d8+4,31,18,7,5,1d10+4,1d8+4,4.0,B
8557,47,14,7,5,1d10+4,1d6+4,42,18,7,5,1d8+4,1d8+4,5.0,A
8558,46,15,7,5,1d12+4,1d6+4,32,15,7,4,1d10+4,1d6+4,5.0,B
8559,46,14,7,4,1d10+4,1d6+4,45,16,7,4,1d10+4,1d6+4,2.0,B
8560,44,14,7,5,1d10+4,1d6+4,31,18,7,5,1d12+4,1d8+4,0.0,B
8561,33,17,7,3,1d10+4,1d6+4,34,15,7,3,1d10+4,1d8+4,2.0,B
8562,49,18,7,5,1d10+4,1d8+4,36,15,7,3,1d10+4,1d8+4,3.0,A
8563,45,16,7,5,1d8+4,1d6+4,49,15,7,3,1d8+4,1d6+4,1.0,A
8564,35,15,7,3,1d8+4,1d6+4,48,17,7,4,1d10+4,1d6+4,6.0,B
8565,49,18,7,3,1d10+4,1d6+4,34,16,7,4,1d10+4,1d6+4,5.0,A
8566,39,18,7,5,1d12+4,1d6+4,45,18,7,5,1d8+4,1d8+4,2.0,B
8567,47,14,7,4,1d8+4,1d6+4,40,18,7,3,1d10+4,1d6+4,6.0,A
8568,40,15,7,4,1d10+4,1d6+4,42,14,7,4,1d8+4,1d6+4,0.0,B
8569,38,14,7,4,1d8+4,1d8+4,35,15,7,3,1d12+4,1d6+4,9.0,A
8570,33,16,7,4,1d10+4,1d8+4,39,15,7,5,1d12+4,1d8+4,7.0,A
8571,37,14,7,3,1d12+4,1d6+4,30,15,7,3,1d12+4,1d8+4,3.0,A
8572,30,17,7,5,1d12+4,1d8+4,50,15,7,3,1d12+4,1d8+4,3.0,A
8573,36,14,7,4,1d8+4,1d6+4,31,17,7,3,1d8+4,1d6+4,3.0,B
8574,31,15,7,5,1d8+4,1d8+4,48,14,7,3,1d8+4,1d6+4,6.0,B
8575,34,17,7,4,1d12+4,1d8+4,37,15,7,4,1d12+4,1d8+4,2.0,B
8576,42,14,7,5,1d8+4,1d6+4,48,18,7,5,1d10+4,1d6+4,7.0,B
8577,30,17,7,3,1d8+4,1d6+4,35,16,7,4,1d8+4,1d8+4,10.0,A
8578,39,14,7,4,1d12+4,1d6+4,47,16,7,4,1d12+4,1d6+4,9.0,A
8579,49,16,7,4,1d12+4,1d8+4,44,17,7,5,1d8+4,1d6+4,7.0,A
8580,32,16,7,5,1d10+4,1d8+4,45,14,7,4,1d8+4,1d6+4,10.0,A
8581,39,15,7,3,1d10+4,1d8+4,31,15,7,5,1d12+4,1d8+4,8.0,A
8582,47,17,7,3,1d8+4,1d6+4,44,18,7,5,1d10+4,1d8+4,0.0,A
8583,41,16,7,3,1d8+4,1d8+4,48,17,7,4,1d8+4,1d6+4,3.0,B
8584,41,16,7,5,1d10+4,1d8+4,30,16,7,4,1d12+4,1d8+4,6.0,B
8585,49,17,7,5,1d10+4,1d8+4,33,15,7,4,1d8+4,1d6+4,10.0,A
8586,39,15,7,3,1d10+4,1d8+4,30,15,7,5,1d8+4,1d6+4,5.0,A
8587,32,16,7,3,1d12+4,1d8+4,48,18,7,4,1d8+4,1d8+4,0.0,A
8588,49,17,7,5,1d8+4,1d8+4,40,15,7,4,1d8+4,1d8+4,5.0,A
8589,35,14,7,4,1d8+4,1d8+4,44,15,7,5,1d12+4,1d8+4,8.0,B
8590,49,16,7,4,1d8+4,1d6+4,45,15,7,5,1d10+4,1d8+4,1.0,A
8591,43,15,7,4,1d12+4,1d6+4,36,17,7,5,1d12+4,1d6+4,7.0,A
8592,37,14,7,4,1d10+4,1d8+4,43,16,7,5,1d12+4,1d8+4,5.0,B
8593,50,15,7,3,1d12+4,1d8+4,39,16,7,3,1d10+4,1d6+4,3.0,A
8594,44,17,7,5,1d10+4,1d8+4,37,18,7,3,1d10+4,1d8+4,6.0,A
8595,50,18,7,5,1d10+4,1d6+4,46,16,7,5,1d8+4,1d8+4,5.0,B
8596,46,18,7,4,1d10+4,1d6+4,36,17,7,4,1d10+4,1d8+4,1.0,A
8597,47,14,7,5,1d10+4,1d6+4,42,17,7,4,1d12+4,1d6+4,10.0,A
8598,36,18,7,4,1d12+4,1d8+4,44,16,7,3,1d10+4,1d8+4,10.0,B
8599,35,18,7,5,1d12+4,1d6+4,41,15,7,5,1d10+4,1d8+4,8.0,A
8600,37,16,7,5,1d12+4,1d6+4,37,15,7,5,1d12+4,1d6+4,2.0,A
8601,46,14,7,3,1d12+4,1d8+4,44,17,7,4,1d12+4,1d8+4,4.0,A
8602,41,18,7,4,1d8+4,1d8+4,41,15,7,5,1d10+4,1d8+4,8.0,A
8603,34,16,7,5,1d8+4,1d6+4,42,14,7,3,1d10+4,1d8+4,0.0,B
8604,41,15,7,4,1d12+4,1d6+4,46,15,7,5,1d12+4,1d6+4,9.0,B
8605,32,15,7,3,1d12+4,1d6+4,47,17,7,3,1d10+4,1d8+4,8.0,B
8606,49,14,7,5,1d10+4,1d8+4,43,14,7,4,1d10+4,1d6+4,1.0,A
8607,44,14,7,5,1d8+4,1d6+4,31,17,7,3,1d10+4,1d8+4,9.0,A
8608,50,16,7,4,1d8+4,1d6+4,46,15,7,5,1d10+4,1d8+4,8.0,B
8609,39,18,7,3,1d8+4,1d8+4,32,14,7,3,1d8+4,1d8+4,3.0,B
8610,30,14,7,4,1d10+4,1d6+4,36,16,7,4,1d8+4,1d6+4,0.0,B
8611,36,15,7,4,1d10+4,1d8+4,41,16,7,4,1d10+4,1d8+4,7.0,A
8612,40,18,7,3,1d12+4,1d6+4,31,18,7,4,1d12+4,1d8+4,8.0,A
8613,45,16,7,3,1d12+4,1d8+4,40,16,7,5,1d10+4,1d8+4,10.0,B
8614,44,17,7,5,1d10+4,1d6+4,41,17,7,4,1d12+4,1d8+4,1.0,B
8615,45,17,7,3,1d10+4,1d6+4,48,18,7,3,1d10+4,1d6+4,1.0,A
8616,41,17,7,5,1d12+4,1d8+4,41,16,7,4,1d12+4,1d8+4,8.0,B
8617,44,16,7,3,1d12+4,1d6+4,45,14,7,3,1d8+4,1d6+4,3.0,A
8618,30,15,7,5,1d12+4,1d8+4,44,14,7,3,1d12+4,1d6+4,4.0,B
8619,38,18,7,4,1d10+4,1d8+4,47,15,7,4,1d12+4,1d6+4,10.0,A
8620,50,17,7,4,1d10+4,1d8+4,32,17,7,3,1d8+4,1d6+4,3.0,A
8621,43,18,7,5,1d12+4,1d8+4,31,15,7,4,1d10+4,1d8+4,8.0,B
8622,30,16,7,4,1d12+4,1d6+4,36,15,7,5,1d10+4,1d8+4,2.0,A
8623,44,17,7,4,1d8+4,1d8+4,41,14,7,4,1d8+4,1d8+4,7.0,A
8624,45,14,7,5,1d8+4,1d8+4,38,16,7,5,1d12+4,1d6+4,7.0,A
8625,41,16,7,3,1d12+4,1d8+4,39,14,7,4,1d8+4,1d6+4,4.0,A
8626,36,14,7,5,1d12+4,1d8+4,44,15,7,3,1d10+4,1d8+4,4.0,B
8627,31,17,7,5,1d10+4,1d6+4,38,17,7,3,1d8+4,1d8+4,10.0,B
8628,32,18,7,3,1d10+4,1d8+4,32,14,7,5,1d8+4,1d6+4,10.0,A
8629,34,14,7,5,1d10+4,1d6+4,46,18,7,5,1d10+4,1d6+4,7.0,B
8630,43,15,7,5,1d12+4,1d6+4,44,18,7,4,1d8+4,1d6+4,3.0,B
8631,36,18,7,5,1d12+4,1d8+4,48,15,7,5,1d12+4,1d8+4,2.0,A
8632,32,18,7,3,1d10+4,1d6+4,35,16,7,3,1d10+4,1d6+4,6.0,A
8633,31,16,7,3,1d8+4,1d8+4,35,18,7,5,1d10+4,1d8+4,0.0,B
8634,32,17,7,4,1d8+4,1d6+4,34,18,7,3,1d10+4,1d6+4,7.0,A
8635,43,14,7,5,1d10+4,1d8+4,43,14,7,3,1d8+4,1d8+4,0.0,B
8636,38,16,7,3,1d10+4,1d8+4,48,14,7,5,1d12+4,1d8+4,4.0,B
8637,35,17,7,4,1d8+4,1d6+4,46,18,7,4,1d8+4,1d8+4,4.0,B
8638,47,16,7,4,1d10+4,1d8+4,33,16,7,5,1d8+4,1d8+4,7.0,A
8639,43,15,7,5,1d8+4,1d6+4,30,15,7,5,1d10+4,1d6+4,10.0,B
8640,31,16,7,5,1d12+4,1d8+4,45,16,7,3,1d12+4,1d8+4,9.0,B
8641,33,14,7,3,1d12+4,1d6+4,32,18,7,3,1d12+4,1d6+4,3.0,A
8642,50,16,7,3,1d12+4,1d6+4,40,15,7,4,1d8+4,1d6+4,3.0,A
8643,42,18,7,3,1d10+4,1d8+4,37,14,7,5,1d10+4,1d6+4,5.0,A
8644,47,14,7,3,1d8+4,1d6+4,33,18,7,5,1d8+4,1d6+4,6.0,B
8645,30,18,7,3,1d10+4,1d8+4,38,17,7,4,1d10+4,1d6+4,4.0,B
8646,49,14,7,4,1d12+4,1d6+4,42,14,7,4,1d10+4,1d6+4,6.0,B
8647,39,15,7,3,1d12+4,1d6+4,31,14,7,4,1d12+4,1d6+4,10.0,B
8648,40,17,7,4,1d10+4,1d8+4,46,16,7,4,1d8+4,1d6+4,10.0,A
8649,32,18,7,3,1d10+4,1d6+4,46,16,7,5,1d10+4,1d8+4,10.0,B
8650,44,17,7,5,1d10+4,1d6+4,30,15,7,3,1d10+4,1d8+4,6.0,A
8651,40,14,7,3,1d8+4,1d8+4,46,15,7,5,1d10+4,1d6+4,4.0,A
8652,31,18,7,3,1d12+4,1d8+4,49,16,7,5,1d10+4,1d8+4,3.0,B
8653,31,15,7,3,1d8+4,1d8+4,49,14,7,4,1d12+4,1d6+4,1.0,B
8654,37,15,7,5,1d12+4,1d6+4,42,17,7,4,1d8+4,1d6+4,7.0,B
8655,43,15,7,5,1d8+4,1d8+4,45,16,7,3,1d10+4,1d6+4,4.0,B
8656,49,16,7,4,1d12+4,1d8+4,35,17,7,4,1d8+4,1d8+4,3.0,A
8657,31,18,7,5,1d12+4,1d6+4,37,15,7,4,1d12+4,1d6+4,3.0,B
8658,44,15,7,3,1d10+4,1d8+4,46,16,7,3,1d10+4,1d6+4,6.0,A
8659,48,15,7,4,1d8+4,1d8+4,45,15,7,3,1d10+4,1d6+4,4.0,B
8660,39,15,7,5,1d12+4,1d6+4,32,18,7,5,1d10+4,1d8+4,4.0,A
8661,48,18,7,3,1d10+4,1d6+4,44,17,7,5,1d12+4,1d6+4,4.0,B
8662,35,15,7,4,1d8+4,1d8+4,45,17,7,5,1d12+4,1d8+4,8.0,B
8663,44,17,7,4,1d10+4,1d6+4,30,18,7,5,1d12+4,1d6+4,0.0,A
8664,49,16,7,4,1d8+4,1d8+4,48,17,7,4,1d8+4,1d6+4,6.0,A
8665,36,18,7,3,1d8+4,1d6+4,30,17,7,3,1d10+4,1d6+4,1.0,A
8666,31,15,7,5,1d10+4,1d8+4,45,17,7,3,1d10+4,1d6+4,5.0,A
8667,32,14,7,3,1d12+4,1d6+4,45,15,7,5,1d12+4,1d6+4,5.0,B
8668,32,17,7,3,1d10+4,1d8+4,31,18,7,4,1d12+4,1d8+4,5.0,A
8669,37,17,7,3,1d12+4,1d8+4,31,18,7,5,1d8+4,1d6+4,2.0,A
8670,47,14,7,5,1d8+4,1d6+4,45,17,7,3,1d10+4,1d8+4,5.0,B
8671,36,16,7,5,1d8+4,1d6+4,34,17,7,4,1d8+4,1d8+4,0.0,A
8672,36,16,7,5,1d8+4,1d6+4,49,18,7,4,1d8+4,1d6+4,8.0,A
8673,43,15,7,3,1d12+4,1d6+4,44,14,7,3,1d8+4,1d6+4,1.0,A
8674,32,17,7,4,1d10+4,1d6+4,39,14,7,3,1d12+4,1d8+4,7.0,A
8675,30,17,7,4,1d10+4,1d8+4,44,16,7,3,1d10+4,1d6+4,0.0,A
8676,35,15,7,4,1d8+4,1d6+4,30,15,7,5,1d8+4,1d6+4,3.0,A
8677,44,16,7,3,1d10+4,1d6+4,41,17,7,5,1d10+4,1d8+4,4.0,B
8678,36,16,7,3,1d12+4,1d6+4,38,14,7,4,1d10+4,1d8+4,0.0,A
8679,38,15,7,3,1d10+4,1d8+4,32,15,7,3,1d12+4,1d6+4,4.0,B
8680,48,17,7,5,1d10+4,1d8+4,38,17,7,3,1d8+4,1d8+4,6.0,A
8681,50,17,7,5,1d8+4,1d6+4,41,15,7,5,1d10+4,1d8+4,0.0,A
8682,43,15,7,4,1d12+4,1d6+4,33,15,7,5,1d8+4,1d6+4,1.0,A
8683,31,15,7,3,1d8+4,1d6+4,42,17,7,4,1d12+4,1d6+4,8.0,B
8684,35,18,7,3,1d10+4,1d6+4,47,16,7,3,1d10+4,1d6+4,6.0,A
8685,38,15,7,5,1d12+4,1d8+4,32,17,7,5,1d8+4,1d8+4,4.0,A
8686,43,16,7,5,1d8+4,1d8+4,49,15,7,5,1d8+4,1d6+4,3.0,B
8687,46,15,7,4,1d8+4,1d8+4,43,14,7,5,1d12+4,1d8+4,1.0,A
8688,38,18,7,5,1d12+4,1d6+4,49,16,7,4,1d10+4,1d8+4,10.0,A
8689,43,16,7,4,1d12+4,1d8+4,31,17,7,4,1d8+4,1d8+4,6.0,A
8690,43,14,7,3,1d8+4,1d8+4,34,16,7,3,1d10+4,1d8+4,10.0,B
8691,37,15,7,3,1d8+4,1d6+4,36,14,7,5,1d10+4,1d6+4,0.0,A
8692,47,15,7,3,1d12+4,1d8+4,33,15,7,3,1d10+4,1d8+4,6.0,A
8693,45,18,7,3,1d12+4,1d6+4,45,18,7,3,1d8+4,1d8+4,8.0,A
8694,31,16,7,3,1d12+4,1d8+4,38,16,7,5,1d8+4,1d8+4,0.0,B
8695,32,16,7,5,1d8+4,1d8+4,38,14,7,5,1d8+4,1d6+4,9.0,A
8696,35,15,7,4,1d12+4,1d6+4,43,18,7,3,1d10+4,1d8+4,3.0,B
8697,48,16,7,3,1d12+4,1d8+4,45,18,7,3,1d8+4,1d6+4,6.0,A
8698,34,16,7,3,1d10+4,1d6+4,30,15,7,5,1d12+4,1d8+4,3.0,B
8699,41,15,7,4,1d10+4,1d6+4,43,16,7,5,1d10+4,1d8+4,10.0,A
8700,30,18,7,5,1d12+4,1d8+4,34,17,7,4,1d8+4,1d8+4,4.0,A
8701,49,18,7,4,1d10+4,1d8+4,48,14,7,5,1d12+4,1d8+4,6.0,A
8702,30,16,7,3,1d12+4,1d8+4,31,17,7,3,1d8+4,1d6+4,2.0,B
8703,41,18,7,3,1d10+4,1d6+4,45,14,7,3,1d12+4,1d6+4,10.0,A
8704,41,18,7,5,1d8+4,1d8+4,38,15,7,5,1d10+4,1d6+4,6.0,A
8705,39,18,7,3,1d10+4,1d8+4,44,14,7,3,1d10+4,1d6+4,9.0,B
8706,31,16,7,5,1d12+4,1d6+4,35,17,7,5,1d12+4,1d8+4,0.0,A
8707,37,17,7,4,1d10+4,1d6+4,46,15,7,3,1d8+4,1d6+4,4.0,A
8708,44,15,7,4,1d8+4,1d6+4,48,14,7,4,1d12+4,1d6+4,1.0,B
8709,39,14,7,4,1d12+4,1d8+4,31,16,7,3,1d8+4,1d6+4,2.0,A
8710,35,15,7,3,1d8+4,1d8+4,47,18,7,3,1d10+4,1d6+4,3.0,B
8711,45,14,7,4,1d8+4,1d8+4,46,15,7,4,1d8+4,1d6+4,0.0,A
8712,32,15,7,5,1d8+4,1d8+4,31,14,7,5,1d12+4,1d8+4,7.0,A
8713,36,14,7,4,1d12+4,1d6+4,36,15,7,4,1d8+4,1d8+4,0.0,A
8714,34,17,7,5,1d10+4,1d6+4,35,15,7,5,1d10+4,1d6+4,6.0,B
8715,42,17,7,3,1d8+4,1d6+4,42,16,7,3,1d12+4,1d6+4,3.0,A
8716,35,17,7,4,1d10+4,1d6+4,50,18,7,4,1d10+4,1d6+4,8.0,A
8717,43,16,7,3,1d8+4,1d6+4,50,17,7,4,1d8+4,1d6+4,7.0,B
8718,32,14,7,5,1d8+4,1d8+4,50,16,7,3,1d8+4,1d8+4,8.0,B
8719,38,15,7,5,1d12+4,1d8+4,47,18,7,4,1d10+4,1d8+4,2.0,B
8720,47,14,7,3,1d10+4,1d6+4,40,18,7,4,1d8+4,1d8+4,3.0,B
8721,32,17,7,3,1d10+4,1d6+4,45,18,7,4,1d8+4,1d8+4,10.0,B
8722,41,15,7,5,1d10+4,1d6+4,37,14,7,5,1d10+4,1d8+4,5.0,B
8723,42,15,7,4,1d12+4,1d8+4,31,14,7,4,1d8+4,1d6+4,7.0,A
8724,37,17,7,4,1d12+4,1d6+4,31,17,7,4,1d8+4,1d6+4,10.0,A
8725,39,16,7,3,1d8+4,1d8+4,45,17,7,4,1d8+4,1d8+4,8.0,A
8726,50,18,7,5,1d12+4,1d6+4,45,17,7,4,1d10+4,1d6+4,10.0,A
8727,30,17,7,4,1d12+4,1d6+4,39,17,7,5,1d8+4,1d6+4,1.0,B
8728,49,14,7,5,1d12+4,1d8+4,48,17,7,4,1d10+4,1d6+4,5.0,A
8729,42,14,7,5,1d10+4,1d6+4,32,17,7,5,1d10+4,1d6+4,7.0,B
8730,48,14,7,3,1d8+4,1d6+4,38,14,7,4,1d8+4,1d6+4,0.0,A
8731,35,17,7,5,1d12+4,1d6+4,41,15,7,4,1d12+4,1d8+4,10.0,A
8732,36,17,7,5,1d10+4,1d6+4,45,15,7,5,1d12+4,1d8+4,1.0,B
8733,31,14,7,5,1d12+4,1d6+4,40,14,7,5,1d10+4,1d8+4,7.0,B
8734,39,18,7,5,1d10+4,1d6+4,49,17,7,3,1d12+4,1d6+4,9.0,B
8735,36,16,7,5,1d10+4,1d8+4,48,17,7,3,1d10+4,1d6+4,9.0,B
8736,43,17,7,5,1d12+4,1d8+4,43,16,7,4,1d8+4,1d6+4,2.0,B
8737,30,15,7,4,1d12+4,1d8+4,32,15,7,3,1d10+4,1d8+4,2.0,A
8738,34,18,7,5,1d10+4,1d6+4,39,14,7,5,1d10+4,1d8+4,1.0,A
8739,47,15,7,5,1d8+4,1d8+4,41,15,7,3,1d12+4,1d6+4,6.0,B
8740,40,15,7,4,1d12+4,1d8+4,34,16,7,3,1d10+4,1d8+4,3.0,A
8741,41,17,7,5,1d10+4,1d8+4,30,14,7,3,1d8+4,1d8+4,7.0,A
8742,46,14,7,4,1d10+4,1d8+4,39,14,7,3,1d12+4,1d8+4,2.0,B
8743,33,14,7,5,1d12+4,1d8+4,37,16,7,5,1d8+4,1d8+4,0.0,B
8744,32,18,7,5,1d8+4,1d6+4,49,16,7,4,1d8+4,1d8+4,9.0,A
8745,31,17,7,5,1d12+4,1d6+4,32,14,7,4,1d10+4,1d6+4,5.0,B
8746,36,16,7,3,1d10+4,1d6+4,36,15,7,3,1d10+4,1d6+4,8.0,A
8747,42,14,7,3,1d12+4,1d6+4,47,15,7,5,1d8+4,1d6+4,10.0,B
8748,36,18,7,4,1d8+4,1d6+4,47,17,7,3,1d10+4,1d6+4,7.0,B
8749,38,16,7,5,1d10+4,1d6+4,30,14,7,3,1d8+4,1d6+4,9.0,A
8750,46,16,7,4,1d10+4,1d6+4,47,15,7,5,1d12+4,1d8+4,3.0,B
8751,40,18,7,4,1d12+4,1d8+4,45,18,7,4,1d10+4,1d6+4,0.0,B
8752,40,16,7,3,1d10+4,1d8+4,32,18,7,3,1d8+4,1d8+4,2.0,B
8753,36,17,7,4,1d12+4,1d6+4,31,16,7,3,1d10+4,1d6+4,7.0,A
8754,33,18,7,5,1d8+4,1d6+4,45,14,7,4,1d8+4,1d8+4,10.0,B
8755,38,14,7,4,1d8+4,1d8+4,37,14,7,4,1d12+4,1d6+4,7.0,A
8756,38,18,7,4,1d10+4,1d8+4,45,18,7,4,1d10+4,1d6+4,9.0,A
8757,45,15,7,3,1d10+4,1d6+4,48,18,7,4,1d12+4,1d6+4,8.0,B
8758,40,15,7,4,1d10+4,1d8+4,44,17,7,3,1d10+4,1d8+4,2.0,B
8759,46,17,7,5,1d10+4,1d6+4,37,17,7,3,1d8+4,1d6+4,4.0,A
8760,34,18,7,4,1d10+4,1d6+4,39,18,7,4,1d8+4,1d8+4,5.0,A
8761,36,18,7,5,1d8+4,1d8+4,35,17,7,4,1d10+4,1d6+4,10.0,B
8762,48,17,7,4,1d8+4,1d8+4,31,17,7,5,1d10+4,1d6+4,8.0,A
8763,45,14,7,3,1d12+4,1d6+4,32,16,7,3,1d12+4,1d8+4,2.0,A
8764,38,17,7,3,1d10+4,1d8+4,34,15,7,4,1d10+4,1d6+4,6.0,A
8765,46,14,7,4,1d12+4,1d8+4,31,18,7,4,1d12+4,1d6+4,2.0,A
8766,36,17,7,5,1d8+4,1d6+4,43,15,7,3,1d10+4,1d8+4,2.0,B
8767,30,18,7,3,1d8+4,1d8+4,50,15,7,5,1d10+4,1d8+4,10.0,A
8768,39,18,7,3,1d8+4,1d8+4,39,17,7,3,1d12+4,1d6+4,10.0,A
8769,44,16,7,3,1d12+4,1d8+4,41,16,7,5,1d8+4,1d6+4,8.0,A
8770,49,16,7,5,1d8+4,1d6+4,48,17,7,3,1d8+4,1d6+4,7.0,B
8771,37,18,7,4,1d8+4,1d6+4,44,16,7,5,1d10+4,1d6+4,4.0,B
8772,34,15,7,3,1d8+4,1d6+4,48,18,7,4,1d8+4,1d6+4,3.0,B
8773,38,16,7,4,1d12+4,1d6+4,49,15,7,5,1d8+4,1d8+4,8.0,A
8774,33,18,7,4,1d10+4,1d6+4,35,14,7,5,1d12+4,1d8+4,8.0,A
8775,33,17,7,4,1d12+4,1d6+4,30,16,7,4,1d10+4,1d6+4,2.0,B
8776,32,16,7,3,1d12+4,1d6+4,32,14,7,5,1d12+4,1d6+4,8.0,A
8777,36,17,7,3,1d12+4,1d6+4,48,18,7,5,1d10+4,1d6+4,10.0,B
8778,42,15,7,5,1d8+4,1d6+4,37,14,7,4,1d12+4,1d6+4,6.0,A
8779,49,16,7,5,1d12+4,1d6+4,44,15,7,5,1d12+4,1d8+4,8.0,A
8780,42,18,7,5,1d10+4,1d6+4,47,14,7,5,1d8+4,1d6+4,6.0,A
8781,37,18,7,5,1d10+4,1d6+4,50,16,7,5,1d8+4,1d8+4,6.0,A
8782,43,17,7,4,1d12+4,1d6+4,50,15,7,4,1d8+4,1d6+4,10.0,B
8783,39,14,7,4,1d10+4,1d6+4,37,18,7,3,1d8+4,1d8+4,4.0,B
8784,39,16,7,4,1d12+4,1d6+4,44,17,7,5,1d10+4,1d6+4,10.0,A
8785,38,15,7,5,1d12+4,1d6+4,42,14,7,5,1d10+4,1d6+4,7.0,A
8786,36,16,7,4,1d12+4,1d6+4,32,16,7,3,1d10+4,1d6+4,4.0,A
8787,49,15,7,3,1d10+4,1d6+4,37,18,7,5,1d8+4,1d8+4,3.0,B
8788,39,17,7,3,1d12+4,1d8+4,43,15,7,3,1d8+4,1d6+4,6.0,B
8789,31,15,7,5,1d12+4,1d6+4,38,17,7,5,1d12+4,1d8+4,0.0,B
8790,33,17,7,4,1d8+4,1d8+4,31,15,7,5,1d12+4,1d8+4,4.0,B
8791,33,15,7,3,1d10+4,1d8+4,36,15,7,4,1d8+4,1d8+4,0.0,B
8792,42,17,7,5,1d12+4,1d8+4,32,14,7,3,1d10+4,1d6+4,10.0,A
8793,42,17,7,4,1d8+4,1d6+4,49,14,7,5,1d10+4,1d8+4,8.0,A
8794,46,16,7,3,1d12+4,1d8+4,42,16,7,3,1d8+4,1d8+4,3.0,B
8795,48,18,7,3,1d10+4,1d8+4,44,16,7,4,1d10+4,1d6+4,9.0,A
8796,31,14,7,5,1d10+4,1d8+4,35,17,7,5,1d12+4,1d6+4,7.0,B
8797,47,15,7,4,1d12+4,1d6+4,31,18,7,4,1d10+4,1d6+4,10.0,A
8798,43,15,7,4,1d12+4,1d6+4,32,18,7,4,1d12+4,1d8+4,6.0,B
8799,45,15,7,3,1d10+4,1d6+4,39,18,7,3,1d10+4,1d6+4,6.0,A
8800,44,17,7,3,1d10+4,1d6+4,49,14,7,5,1d12+4,1d6+4,5.0,B
8801,39,16,7,5,1d10+4,1d8+4,48,18,7,3,1d12+4,1d8+4,4.0,B
8802,37,15,7,5,1d8+4,1d8+4,35,18,7,3,1d10+4,1d6+4,9.0,A
8803,39,18,7,5,1d8+4,1d6+4,30,14,7,4,1d8+4,1d6+4,5.0,A
8804,37,15,7,4,1d8+4,1d6+4,48,16,7,5,1d8+4,1d6+4,10.0,B
8805,44,16,7,4,1d10+4,1d8+4,39,17,7,4,1d8+4,1d6+4,0.0,A
8806,46,15,7,3,1d8+4,1d8+4,49,15,7,3,1d10+4,1d6+4,1.0,A
8807,36,18,7,3,1d10+4,1d6+4,30,15,7,3,1d10+4,1d8+4,10.0,A
8808,42,17,7,3,1d10+4,1d8+4,36,18,7,4,1d10+4,1d8+4,1.0,A
8809,46,16,7,3,1d12+4,1d6+4,39,18,7,3,1d8+4,1d8+4,3.0,A
8810,34,16,7,5,1d12+4,1d6+4,38,17,7,5,1d12+4,1d6+4,3.0,A
8811,45,18,7,4,1d8+4,1d8+4,39,18,7,4,1d12+4,1d8+4,9.0,A
8812,38,15,7,5,1d10+4,1d8+4,47,14,7,4,1d12+4,1d8+4,9.0,A
8813,47,18,7,5,1d8+4,1d8+4,30,15,7,4,1d10+4,1d8+4,0.0,A
8814,37,17,7,3,1d10+4,1d8+4,45,18,7,3,1d10+4,1d6+4,6.0,A
8815,47,16,7,5,1d12+4,1d8+4,40,14,7,5,1d10+4,1d8+4,0.0,B
8816,32,16,7,3,1d12+4,1d8+4,33,15,7,5,1d8+4,1d6+4,4.0,B
8817,30,15,7,5,1d8+4,1d6+4,36,18,7,5,1d8+4,1d6+4,1.0,B
8818,44,14,7,4,1d10+4,1d6+4,36,14,7,4,1d12+4,1d8+4,7.0,A
8819,30,14,7,3,1d12+4,1d8+4,31,17,7,3,1d8+4,1d6+4,0.0,B
8820,45,18,7,3,1d8+4,1d6+4,46,15,7,3,1d10+4,1d6+4,10.0,A
8821,37,15,7,3,1d8+4,1d6+4,38,15,7,3,1d12+4,1d6+4,10.0,A
8822,49,18,7,4,1d10+4,1d8+4,30,14,7,5,1d10+4,1d6+4,4.0,A
8823,36,16,7,5,1d12+4,1d8+4,37,16,7,4,1d10+4,1d8+4,1.0,A
8824,30,14,7,3,1d12+4,1d6+4,30,16,7,4,1d12+4,1d8+4,1.0,A
8825,39,17,7,5,1d8+4,1d6+4,38,16,7,3,1d12+4,1d8+4,8.0,A
8826,50,15,7,3,1d12+4,1d6+4,40,15,7,3,1d12+4,1d8+4,10.0,A
8827,38,18,7,4,1d8+4,1d8+4,37,14,7,3,1d10+4,1d6+4,8.0,B
8828,30,15,7,3,1d12+4,1d6+4,32,15,7,3,1d12+4,1d8+4,10.0,A
8829,43,14,7,5,1d10+4,1d8+4,35,15,7,5,1d12+4,1d8+4,1.0,A
8830,31,16,7,5,1d10+4,1d8+4,38,14,7,3,1d12+4,1d8+4,10.0,B
8831,47,16,7,5,1d8+4,1d6+4,34,17,7,5,1d12+4,1d6+4,2.0,A
8832,41,18,7,4,1d8+4,1d8+4,47,17,7,3,1d8+4,1d8+4,1.0,A
8833,50,15,7,4,1d10+4,1d6+4,47,16,7,4,1d8+4,1d6+4,5.0,A
8834,33,14,7,3,1d12+4,1d8+4,31,17,7,5,1d10+4,1d6+4,7.0,A
8835,34,18,7,3,1d8+4,1d8+4,41,16,7,4,1d8+4,1d8+4,4.0,B
8836,44,16,7,3,1d12+4,1d8+4,31,16,7,4,1d10+4,1d8+4,5.0,A
8837,42,15,7,3,1d12+4,1d8+4,46,15,7,4,1d8+4,1d8+4,10.0,B
8838,35,18,7,4,1d12+4,1d6+4,39,14,7,5,1d8+4,1d8+4,6.0,A
8839,39,18,7,5,1d8+4,1d6+4,34,14,7,4,1d8+4,1d8+4,8.0,A
8840,41,14,7,3,1d12+4,1d6+4,43,16,7,4,1d12+4,1d8+4,1.0,A
8841,40,14,7,3,1d8+4,1d8+4,42,15,7,3,1d8+4,1d8+4,9.0,B
8842,49,17,7,3,1d12+4,1d6+4,47,14,7,3,1d10+4,1d8+4,8.0,A
8843,41,18,7,4,1d8+4,1d8+4,38,16,7,3,1d8+4,1d8+4,10.0,A
8844,49,16,7,5,1d10+4,1d8+4,36,16,7,4,1d10+4,1d8+4,6.0,A
8845,45,18,7,4,1d8+4,1d6+4,30,18,7,5,1d10+4,1d6+4,1.0,B
8846,33,15,7,5,1d12+4,1d6+4,48,16,7,5,1d10+4,1d8+4,5.0,A
8847,33,17,7,3,1d12+4,1d6+4,36,16,7,4,1d10+4,1d8+4,4.0,A
8848,50,14,7,5,1d12+4,1d6+4,43,15,7,5,1d8+4,1d6+4,8.0,A
8849,34,16,7,4,1d12+4,1d6+4,40,15,7,3,1d12+4,1d6+4,5.0,A
8850,37,15,7,4,1d8+4,1d6+4,31,18,7,5,1d10+4,1d8+4,4.0,A
8851,38,17,7,3,1d12+4,1d8+4,30,16,7,5,1d12+4,1d6+4,2.0,A
8852,34,18,7,5,1d10+4,1d6+4,46,15,7,3,1d10+4,1d8+4,1.0,B
8853,41,18,7,3,1d12+4,1d8+4,42,15,7,4,1d12+4,1d6+4,4.0,B
8854,35,15,7,4,1d12+4,1d6+4,45,15,7,4,1d10+4,1d8+4,6.0,B
8855,42,18,7,3,1d12+4,1d8+4,49,18,7,3,1d10+4,1d6+4,9.0,A
8856,30,18,7,5,1d8+4,1d6+4,31,15,7,3,1d12+4,1d8+4,8.0,A
8857,40,18,7,4,1d12+4,1d6+4,50,17,7,5,1d8+4,1d6+4,7.0,A
8858,43,15,7,5,1d10+4,1d6+4,30,18,7,5,1d8+4,1d8+4,0.0,A
8859,35,18,7,5,1d8+4,1d8+4,40,16,7,5,1d10+4,1d8+4,3.0,A
8860,39,15,7,3,1d12+4,1d6+4,35,16,7,3,1d8+4,1d8+4,10.0,A
8861,45,15,7,3,1d10+4,1d8+4,50,15,7,5,1d8+4,1d8+4,7.0,A
8862,39,18,7,4,1d10+4,1d8+4,33,15,7,4,1d8+4,1d6+4,2.0,B
8863,34,17,7,4,1d8+4,1d6+4,30,17,7,4,1d10+4,1d8+4,3.0,B
8864,45,17,7,3,1d8+4,1d6+4,49,14,7,3,1d8+4,1d8+4,7.0,B
8865,35,18,7,3,1d8+4,1d6+4,46,14,7,4,1d10+4,1d6+4,10.0,A
8866,41,15,7,3,1d10+4,1d6+4,35,15,7,4,1d8+4,1d6+4,3.0,B
8867,46,18,7,3,1d10+4,1d6+4,46,16,7,3,1d10+4,1d8+4,4.0,A
8868,46,16,7,4,1d12+4,1d6+4,44,14,7,5,1d12+4,1d8+4,8.0,A
8869,45,17,7,5,1d12+4,1d6+4,45,14,7,3,1d8+4,1d6+4,8.0,B
8870,40,17,7,5,1d8+4,1d8+4,42,15,7,5,1d10+4,1d8+4,0.0,A
8871,30,17,7,3,1d8+4,1d6+4,34,14,7,5,1d10+4,1d6+4,7.0,B
8872,39,14,7,5,1d12+4,1d8+4,43,18,7,3,1d8+4,1d6+4,2.0,A
8873,48,15,7,3,1d8+4,1d6+4,47,17,7,4,1d10+4,1d6+4,2.0,A
8874,50,16,7,3,1d10+4,1d6+4,44,16,7,5,1d8+4,1d8+4,9.0,B
8875,50,18,7,4,1d10+4,1d8+4,31,17,7,3,1d8+4,1d6+4,8.0,A
8876,40,17,7,5,1d12+4,1d8+4,42,16,7,4,1d12+4,1d8+4,1.0,A
8877,47,14,7,5,1d12+4,1d8+4,35,17,7,4,1d10+4,1d6+4,4.0,B
8878,47,14,7,4,1d12+4,1d6+4,41,14,7,4,1d10+4,1d6+4,5.0,A
8879,42,15,7,3,1d8+4,1d6+4,44,18,7,3,1d12+4,1d8+4,6.0,B
8880,37,17,7,4,1d12+4,1d8+4,48,17,7,5,1d12+4,1d8+4,10.0,B
8881,38,17,7,4,1d10+4,1d6+4,42,18,7,4,1d12+4,1d6+4,3.0,A
8882,32,15,7,4,1d10+4,1d8+4,42,18,7,3,1d10+4,1d8+4,0.0,A
8883,41,17,7,5,1d8+4,1d6+4,31,14,7,4,1d12+4,1d6+4,5.0,A
8884,49,16,7,4,1d12+4,1d6+4,37,18,7,5,1d10+4,1d8+4,3.0,A
8885,49,18,7,3,1d12+4,1d8+4,33,15,7,4,1d8+4,1d6+4,7.0,A
8886,47,17,7,5,1d12+4,1d6+4,44,17,7,3,1d8+4,1d8+4,3.0,A
8887,30,17,7,4,1d8+4,1d8+4,46,16,7,5,1d12+4,1d8+4,1.0,B
8888,46,18,7,4,1d10+4,1d6+4,32,14,7,4,1d12+4,1d8+4,10.0,B
8889,47,15,7,4,1d12+4,1d8+4,30,14,7,3,1d10+4,1d6+4,2.0,A
8890,44,17,7,3,1d8+4,1d8+4,34,15,7,4,1d10+4,1d6+4,8.0,A
8891,48,16,7,3,1d12+4,1d6+4,45,18,7,5,1d12+4,1d8+4,8.0,A
8892,44,17,7,5,1d8+4,1d8+4,39,18,7,5,1d12+4,1d8+4,10.0,B
8893,47,17,7,4,1d10+4,1d8+4,37,16,7,3,1d10+4,1d8+4,8.0,B
8894,44,16,7,3,1d12+4,1d6+4,33,18,7,4,1d10+4,1d8+4,2.0,A
8895,33,15,7,4,1d8+4,1d6+4,45,16,7,5,1d10+4,1d8+4,9.0,A
8896,43,16,7,4,1d10+4,1d6+4,48,16,7,3,1d10+4,1d8+4,7.0,A
8897,37,18,7,4,1d10+4,1d8+4,32,17,7,5,1d8+4,1d6+4,5.0,B
8898,44,18,7,3,1d10+4,1d8+4,35,15,7,4,1d12+4,1d6+4,9.0,A
8899,40,18,7,4,1d8+4,1d6+4,45,17,7,5,1d10+4,1d6+4,5.0,A
8900,30,15,7,3,1d10+4,1d6+4,34,15,7,4,1d10+4,1d8+4,6.0,A
8901,47,18,7,5,1d10+4,1d8+4,44,14,7,3,1d12+4,1d6+4,5.0,A
8902,30,17,7,4,1d12+4,1d8+4,32,16,7,3,1d8+4,1d6+4,4.0,A
8903,36,18,7,5,1d12+4,1d6+4,43,16,7,4,1d10+4,1d6+4,10.0,A
8904,49,14,7,3,1d12+4,1d6+4,41,18,7,5,1d12+4,1d8+4,3.0,B
8905,42,15,7,5,1d10+4,1d6+4,46,17,7,5,1d12+4,1d8+4,4.0,A
8906,31,16,7,3,1d8+4,1d8+4,39,14,7,5,1d8+4,1d8+4,2.0,B
8907,43,16,7,3,1d12+4,1d6+4,44,14,7,4,1d10+4,1d6+4,8.0,B
8908,33,17,7,3,1d8+4,1d8+4,30,15,7,3,1d10+4,1d8+4,7.0,A
8909,48,14,7,3,1d8+4,1d8+4,39,15,7,5,1d8+4,1d6+4,0.0,B
8910,44,18,7,4,1d8+4,1d8+4,38,14,7,4,1d8+4,1d8+4,7.0,A
8911,36,17,7,3,1d10+4,1d8+4,49,18,7,5,1d10+4,1d8+4,5.0,A
8912,49,17,7,5,1d12+4,1d8+4,33,15,7,5,1d8+4,1d8+4,0.0,A
8913,32,14,7,5,1d8+4,1d8+4,42,14,7,3,1d8+4,1d6+4,5.0,B
8914,37,15,7,4,1d8+4,1d8+4,35,14,7,3,1d10+4,1d8+4,0.0,A
8915,48,15,7,3,1d10+4,1d8+4,35,17,7,3,1d10+4,1d6+4,1.0,B
8916,46,14,7,4,1d8+4,1d6+4,45,16,7,4,1d10+4,1d8+4,5.0,A
8917,45,18,7,5,1d12+4,1d8+4,31,15,7,4,1d8+4,1d6+4,8.0,A
8918,35,14,7,5,1d8+4,1d6+4,44,18,7,3,1d10+4,1d6+4,2.0,B
8919,42,14,7,3,1d8+4,1d8+4,43,17,7,5,1d8+4,1d8+4,5.0,B
8920,49,15,7,5,1d10+4,1d8+4,35,17,7,5,1d10+4,1d6+4,7.0,B
8921,35,18,7,4,1d8+4,1d8+4,36,15,7,3,1d8+4,1d6+4,5.0,B
8922,50,15,7,3,1d8+4,1d8+4,39,15,7,4,1d8+4,1d8+4,4.0,A
8923,36,18,7,3,1d12+4,1d6+4,36,15,7,3,1d10+4,1d6+4,9.0,A
8924,48,18,7,4,1d12+4,1d8+4,41,16,7,4,1d10+4,1d8+4,7.0,A
8925,46,16,7,3,1d10+4,1d6+4,38,14,7,4,1d12+4,1d8+4,0.0,A
8926,40,15,7,3,1d8+4,1d6+4,49,14,7,4,1d8+4,1d8+4,7.0,A
8927,40,14,7,3,1d10+4,1d6+4,40,18,7,3,1d8+4,1d6+4,7.0,A
8928,43,18,7,3,1d12+4,1d8+4,36,15,7,5,1d10+4,1d6+4,6.0,B
8929,47,15,7,4,1d12+4,1d8+4,49,18,7,4,1d12+4,1d8+4,1.0,A
8930,39,17,7,3,1d12+4,1d8+4,45,18,7,5,1d10+4,1d6+4,9.0,B
8931,30,17,7,5,1d8+4,1d6+4,48,18,7,3,1d10+4,1d6+4,9.0,B
8932,35,14,7,5,1d8+4,1d8+4,37,17,7,5,1d8+4,1d6+4,7.0,B
8933,37,17,7,5,1d8+4,1d6+4,40,15,7,5,1d8+4,1d8+4,5.0,A
8934,32,15,7,3,1d8+4,1d8+4,50,18,7,3,1d8+4,1d6+4,4.0,A
8935,42,16,7,3,1d10+4,1d6+4,41,18,7,3,1d8+4,1d6+4,7.0,A
8936,49,18,7,5,1d8+4,1d8+4,42,15,7,4,1d12+4,1d6+4,6.0,A
8937,40,16,7,3,1d12+4,1d6+4,45,17,7,5,1d10+4,1d8+4,5.0,A
8938,32,16,7,5,1d12+4,1d6+4,47,15,7,4,1d10+4,1d6+4,0.0,B
8939,44,14,7,3,1d12+4,1d6+4,33,17,7,5,1d10+4,1d6+4,5.0,B
8940,47,16,7,4,1d12+4,1d8+4,43,15,7,4,1d10+4,1d8+4,4.0,B
8941,34,15,7,3,1d10+4,1d6+4,35,17,7,5,1d8+4,1d6+4,3.0,B
8942,32,14,7,4,1d12+4,1d8+4,46,17,7,4,1d8+4,1d6+4,7.0,A
8943,50,14,7,5,1d10+4,1d6+4,35,16,7,4,1d8+4,1d6+4,3.0,A
8944,50,16,7,4,1d10+4,1d8+4,34,14,7,5,1d10+4,1d6+4,6.0,A
8945,35,17,7,4,1d12+4,1d8+4,44,14,7,4,1d10+4,1d8+4,5.0,A
8946,30,18,7,3,1d10+4,1d6+4,41,14,7,3,1d12+4,1d8+4,5.0,B
8947,33,16,7,3,1d12+4,1d6+4,36,15,7,4,1d8+4,1d6+4,9.0,A
8948,47,14,7,4,1d8+4,1d8+4,36,17,7,4,1d12+4,1d8+4,9.0,B
8949,42,14,7,5,1d10+4,1d6+4,43,15,7,5,1d12+4,1d8+4,9.0,B
8950,44,18,7,5,1d12+4,1d6+4,49,14,7,4,1d12+4,1d8+4,2.0,B
8951,50,15,7,5,1d8+4,1d8+4,30,18,7,5,1d10+4,1d8+4,1.0,B
8952,48,16,7,5,1d8+4,1d6+4,33,14,7,3,1d10+4,1d6+4,5.0,A
8953,33,14,7,3,1d10+4,1d6+4,32,14,7,4,1d12+4,1d8+4,8.0,A
8954,40,15,7,5,1d8+4,1d6+4,32,14,7,5,1d12+4,1d6+4,6.0,B
8955,49,15,7,5,1d12+4,1d6+4,31,18,7,5,1d12+4,1d6+4,10.0,B
8956,46,17,7,5,1d10+4,1d8+4,35,14,7,5,1d10+4,1d6+4,3.0,A
8957,43,14,7,4,1d8+4,1d6+4,49,15,7,3,1d8+4,1d6+4,2.0,B
8958,36,14,7,4,1d8+4,1d8+4,42,14,7,4,1d12+4,1d8+4,10.0,B
8959,45,16,7,3,1d10+4,1d8+4,35,14,7,3,1d12+4,1d8+4,6.0,A
8960,42,17,7,4,1d8+4,1d6+4,40,16,7,4,1d12+4,1d6+4,9.0,B
8961,49,14,7,5,1d8+4,1d6+4,39,18,7,3,1d10+4,1d8+4,3.0,A
8962,50,15,7,4,1d8+4,1d8+4,42,18,7,4,1d10+4,1d6+4,5.0,B
8963,42,18,7,3,1d10+4,1d8+4,42,17,7,3,1d8+4,1d6+4,0.0,B
8964,31,18,7,3,1d10+4,1d6+4,40,18,7,3,1d10+4,1d6+4,6.0,B
8965,45,17,7,5,1d8+4,1d6+4,34,14,7,5,1d12+4,1d6+4,1.0,B
8966,45,18,7,5,1d12+4,1d8+4,35,14,7,5,1d10+4,1d8+4,7.0,A
8967,36,18,7,5,1d8+4,1d8+4,50,15,7,4,1d8+4,1d8+4,4.0,B
8968,50,15,7,5,1d10+4,1d8+4,40,18,7,5,1d10+4,1d8+4,2.0,B
8969,36,15,7,4,1d12+4,1d8+4,39,16,7,5,1d10+4,1d6+4,0.0,B
8970,35,18,7,3,1d12+4,1d8+4,43,14,7,4,1d10+4,1d6+4,7.0,A
8971,42,15,7,5,1d10+4,1d6+4,36,15,7,4,1d10+4,1d8+4,4.0,A
8972,38,16,7,3,1d12+4,1d6+4,44,15,7,3,1d10+4,1d6+4,2.0,A
8973,38,16,7,3,1d12+4,1d8+4,36,17,7,4,1d10+4,1d6+4,1.0,B
8974,48,14,7,4,1d8+4,1d8+4,48,15,7,4,1d10+4,1d6+4,3.0,B
8975,50,14,7,5,1d10+4,1d8+4,49,17,7,3,1d10+4,1d8+4,2.0,B
8976,48,17,7,3,1d8+4,1d8+4,39,14,7,5,1d8+4,1d8+4,3.0,B
8977,42,14,7,3,1d8+4,1d8+4,50,16,7,5,1d8+4,1d8+4,10.0,B
8978,39,18,7,4,1d10+4,1d8+4,36,17,7,4,1d12+4,1d8+4,9.0,B
8979,38,14,7,5,1d10+4,1d8+4,49,16,7,3,1d8+4,1d6+4,6.0,B
8980,44,14,7,4,1d10+4,1d6+4,44,17,7,5,1d12+4,1d6+4,10.0,A
8981,34,15,7,4,1d12+4,1d8+4,42,17,7,5,1d8+4,1d6+4,5.0,A
8982,43,16,7,4,1d10+4,1d8+4,49,15,7,5,1d10+4,1d8+4,6.0,A
8983,32,14,7,4,1d10+4,1d8+4,49,16,7,3,1d10+4,1d6+4,8.0,B
8984,47,17,7,3,1d10+4,1d8+4,38,14,7,4,1d12+4,1d8+4,8.0,A
8985,49,14,7,5,1d8+4,1d8+4,41,14,7,4,1d10+4,1d6+4,0.0,B
8986,42,15,7,5,1d10+4,1d6+4,35,16,7,3,1d10+4,1d6+4,10.0,A
8987,31,16,7,3,1d12+4,1d6+4,34,17,7,4,1d10+4,1d6+4,6.0,A
8988,30,17,7,3,1d10+4,1d8+4,36,15,7,3,1d12+4,1d6+4,1.0,B
8989,47,17,7,3,1d10+4,1d6+4,44,16,7,4,1d10+4,1d8+4,10.0,B
8990,31,15,7,4,1d8+4,1d8+4,41,16,7,4,1d12+4,1d8+4,0.0,A
8991,50,16,7,5,1d10+4,1d8+4,43,15,7,3,1d10+4,1d6+4,7.0,A
8992,38,18,7,4,1d12+4,1d6+4,33,14,7,4,1d8+4,1d8+4,6.0,A
8993,39,18,7,3,1d12+4,1d8+4,40,16,7,3,1d8+4,1d8+4,2.0,B
8994,48,16,7,5,1d8+4,1d8+4,32,14,7,3,1d8+4,1d6+4,7.0,B
8995,46,15,7,3,1d10+4,1d8+4,44,16,7,5,1d12+4,1d6+4,1.0,B
8996,50,14,7,5,1d8+4,1d6+4,43,15,7,3,1d8+4,1d6+4,8.0,A
8997,39,14,7,4,1d8+4,1d6+4,38,14,7,3,1d12+4,1d6+4,8.0,A
8998,46,17,7,3,1d10+4,1d6+4,33,16,7,5,1d8+4,1d8+4,8.0,A
8999,38,17,7,5,1d10+4,1d8+4,41,17,7,5,1d8+4,1d6+4,5.0,A
9000,45,15,7,3,1d10+4,1d6+4,39,17,7,5,1d12+4,1d6+4,6.0,A
9001,32,18,7,3,1d10+4,1d8+4,35,15,7,5,1d8+4,1d8+4,1.0,A
9002,45,14,7,3,1d12+4,1d6+4,37,16,7,4,1d8+4,1d6+4,0.0,A
9003,31,15,7,4,1d8+4,1d8+4,40,16,7,3,1d8+4,1d6+4,8.0,B
9004,31,17,7,4,1d10+4,1d6+4,34,17,7,4,1d8+4,1d8+4,5.0,A
9005,35,14,7,3,1d8+4,1d6+4,50,17,7,3,1d12+4,1d8+4,1.0,B
9006,34,18,7,4,1d8+4,1d6+4,46,14,7,3,1d8+4,1d6+4,3.0,A
9007,47,18,7,4,1d10+4,1d8+4,41,15,7,4,1d12+4,1d6+4,1.0,A
9008,38,16,7,5,1d12+4,1d8+4,40,17,7,5,1d10+4,1d8+4,3.0,B
9009,39,16,7,3,1d12+4,1d6+4,33,14,7,5,1d8+4,1d8+4,2.0,A
9010,35,18,7,3,1d10+4,1d8+4,47,17,7,5,1d10+4,1d6+4,8.0,A
9011,36,14,7,4,1d8+4,1d8+4,45,16,7,3,1d10+4,1d6+4,4.0,B
9012,48,14,7,5,1d10+4,1d8+4,38,16,7,4,1d12+4,1d6+4,0.0,B
9013,39,18,7,4,1d10+4,1d6+4,50,14,7,3,1d8+4,1d6+4,2.0,B
9014,39,17,7,4,1d12+4,1d6+4,42,17,7,3,1d10+4,1d8+4,1.0,A
9015,38,15,7,3,1d8+4,1d6+4,30,14,7,4,1d12+4,1d8+4,9.0,B
9016,42,18,7,4,1d8+4,1d8+4,45,16,7,3,1d8+4,1d8+4,5.0,A
9017,45,14,7,4,1d12+4,1d8+4,48,18,7,3,1d10+4,1d8+4,10.0,B
9018,35,18,7,4,1d8+4,1d8+4,46,15,7,3,1d12+4,1d8+4,2.0,B
9019,39,16,7,3,1d10+4,1d8+4,50,17,7,5,1d10+4,1d6+4,8.0,B
9020,38,18,7,5,1d10+4,1d6+4,41,18,7,3,1d10+4,1d8+4,9.0,B
9021,44,17,7,3,1d12+4,1d6+4,36,18,7,4,1d8+4,1d6+4,8.0,A
9022,36,16,7,4,1d8+4,1d8+4,38,14,7,5,1d10+4,1d6+4,9.0,A
9023,39,16,7,5,1d12+4,1d6+4,45,15,7,4,1d10+4,1d8+4,1.0,A
9024,50,15,7,3,1d8+4,1d6+4,39,15,7,3,1d12+4,1d8+4,4.0,A
9025,50,17,7,3,1d12+4,1d6+4,33,15,7,4,1d12+4,1d6+4,0.0,A
9026,37,18,7,3,1d8+4,1d6+4,33,16,7,3,1d10+4,1d8+4,8.0,A
9027,33,15,7,4,1d10+4,1d6+4,41,14,7,4,1d10+4,1d6+4,7.0,A
9028,42,18,7,4,1d12+4,1d6+4,40,18,7,3,1d8+4,1d8+4,5.0,B
9029,39,17,7,4,1d12+4,1d6+4,33,17,7,3,1d12+4,1d6+4,10.0,B
9030,32,15,7,4,1d10+4,1d6+4,31,16,7,5,1d8+4,1d8+4,2.0,A
9031,45,15,7,3,1d8+4,1d8+4,41,18,7,3,1d10+4,1d6+4,7.0,B
9032,42,16,7,3,1d10+4,1d8+4,40,14,7,3,1d8+4,1d8+4,8.0,A
9033,40,18,7,3,1d12+4,1d8+4,48,16,7,4,1d12+4,1d8+4,10.0,A
9034,44,17,7,5,1d8+4,1d6+4,48,16,7,3,1d12+4,1d8+4,0.0,B
9035,30,17,7,4,1d8+4,1d8+4,43,17,7,3,1d12+4,1d8+4,6.0,A
9036,34,15,7,3,1d12+4,1d6+4,50,14,7,4,1d10+4,1d8+4,7.0,B
9037,46,17,7,3,1d12+4,1d8+4,36,18,7,5,1d12+4,1d8+4,7.0,A
9038,46,14,7,5,1d10+4,1d6+4,40,14,7,5,1d12+4,1d6+4,4.0,A
9039,33,17,7,3,1d10+4,1d8+4,49,14,7,3,1d10+4,1d8+4,6.0,B
9040,39,15,7,4,1d12+4,1d6+4,30,16,7,5,1d8+4,1d8+4,1.0,A
9041,38,18,7,3,1d12+4,1d8+4,33,18,7,5,1d8+4,1d6+4,10.0,A
9042,48,16,7,4,1d10+4,1d8+4,42,18,7,4,1d12+4,1d8+4,5.0,B
9043,32,14,7,5,1d8+4,1d6+4,34,14,7,5,1d8+4,1d8+4,9.0,B
9044,37,17,7,3,1d12+4,1d6+4,50,16,7,4,1d12+4,1d8+4,5.0,B
9045,30,15,7,5,1d10+4,1d6+4,37,16,7,3,1d12+4,1d6+4,5.0,B
9046,31,14,7,4,1d8+4,1d6+4,45,15,7,4,1d10+4,1d8+4,10.0,A
9047,46,14,7,4,1d10+4,1d6+4,35,14,7,5,1d10+4,1d6+4,7.0,A
9048,30,18,7,4,1d12+4,1d6+4,47,15,7,3,1d8+4,1d6+4,2.0,A
9049,47,14,7,3,1d8+4,1d8+4,30,14,7,4,1d10+4,1d8+4,10.0,A
9050,50,16,7,5,1d10+4,1d6+4,32,15,7,5,1d12+4,1d8+4,5.0,A
9051,49,16,7,5,1d12+4,1d6+4,44,18,7,3,1d8+4,1d8+4,10.0,B
9052,48,17,7,5,1d8+4,1d8+4,44,18,7,3,1d12+4,1d8+4,9.0,B
9053,32,18,7,3,1d12+4,1d6+4,45,18,7,5,1d8+4,1d8+4,2.0,A
9054,36,17,7,4,1d12+4,1d6+4,34,14,7,3,1d10+4,1d6+4,6.0,A
9055,36,17,7,4,1d12+4,1d8+4,49,18,7,3,1d10+4,1d8+4,9.0,A
9056,44,14,7,3,1d8+4,1d8+4,31,18,7,3,1d10+4,1d6+4,1.0,A
9057,48,15,7,4,1d8+4,1d6+4,30,18,7,3,1d8+4,1d8+4,3.0,B
9058,47,18,7,3,1d8+4,1d8+4,50,16,7,5,1d12+4,1d8+4,1.0,B
9059,43,15,7,5,1d12+4,1d8+4,50,15,7,4,1d8+4,1d8+4,3.0,A
9060,40,16,7,4,1d12+4,1d6+4,39,14,7,3,1d8+4,1d6+4,2.0,A
9061,32,18,7,3,1d8+4,1d8+4,43,15,7,3,1d12+4,1d8+4,2.0,B
9062,37,17,7,5,1d10+4,1d6+4,50,17,7,3,1d12+4,1d6+4,5.0,B
9063,37,14,7,4,1d8+4,1d6+4,39,18,7,5,1d10+4,1d6+4,5.0,A
9064,31,14,7,4,1d12+4,1d8+4,34,14,7,3,1d12+4,1d8+4,4.0,A
9065,50,15,7,3,1d10+4,1d8+4,41,16,7,3,1d10+4,1d8+4,8.0,B
9066,47,14,7,5,1d10+4,1d8+4,45,18,7,4,1d8+4,1d8+4,3.0,A
9067,42,15,7,5,1d8+4,1d8+4,47,16,7,5,1d12+4,1d8+4,9.0,B
9068,39,14,7,3,1d8+4,1d8+4,41,15,7,5,1d8+4,1d8+4,5.0,A
9069,37,14,7,5,1d12+4,1d6+4,44,17,7,3,1d12+4,1d6+4,3.0,B
9070,44,16,7,5,1d8+4,1d6+4,50,16,7,5,1d12+4,1d8+4,3.0,B
9071,40,17,7,4,1d8+4,1d8+4,42,16,7,4,1d12+4,1d6+4,6.0,A
9072,48,18,7,4,1d12+4,1d6+4,43,16,7,3,1d10+4,1d6+4,9.0,A
9073,43,18,7,3,1d12+4,1d6+4,31,17,7,4,1d8+4,1d6+4,7.0,A
9074,32,17,7,4,1d12+4,1d6+4,46,16,7,4,1d10+4,1d6+4,6.0,A
9075,35,16,7,4,1d8+4,1d6+4,42,18,7,4,1d8+4,1d6+4,10.0,B
9076,36,15,7,4,1d10+4,1d8+4,40,15,7,3,1d12+4,1d6+4,1.0,A
9077,46,15,7,4,1d12+4,1d6+4,48,18,7,3,1d10+4,1d8+4,0.0,B
9078,37,17,7,4,1d12+4,1d8+4,36,16,7,3,1d12+4,1d6+4,4.0,A
9079,49,18,7,4,1d8+4,1d6+4,33,14,7,3,1d12+4,1d8+4,9.0,A
9080,34,16,7,3,1d12+4,1d6+4,31,18,7,5,1d12+4,1d8+4,4.0,B
9081,31,14,7,4,1d8+4,1d6+4,47,17,7,3,1d12+4,1d6+4,8.0,B
9082,45,16,7,5,1d10+4,1d6+4,49,18,7,3,1d10+4,1d6+4,1.0,B
9083,40,16,7,3,1d12+4,1d6+4,41,18,7,4,1d10+4,1d6+4,4.0,A
9084,42,18,7,5,1d10+4,1d6+4,30,16,7,5,1d12+4,1d6+4,3.0,B
9085,50,18,7,4,1d8+4,1d6+4,49,18,7,4,1d10+4,1d8+4,1.0,B
9086,42,17,7,5,1d10+4,1d6+4,39,14,7,4,1d12+4,1d6+4,2.0,A
9087,39,18,7,4,1d12+4,1d8+4,42,16,7,4,1d12+4,1d8+4,8.0,A
9088,49,15,7,3,1d10+4,1d8+4,32,15,7,4,1d12+4,1d6+4,2.0,A
9089,32,18,7,5,1d8+4,1d8+4,30,15,7,3,1d8+4,1d6+4,1.0,A
9090,34,17,7,5,1d12+4,1d8+4,32,15,7,4,1d8+4,1d8+4,6.0,A
9091,47,15,7,5,1d8+4,1d6+4,30,16,7,3,1d10+4,1d8+4,5.0,A
9092,48,15,7,3,1d10+4,1d6+4,45,17,7,4,1d12+4,1d8+4,2.0,B
9093,42,16,7,4,1d8+4,1d8+4,30,16,7,3,1d10+4,1d6+4,0.0,A
9094,35,15,7,5,1d8+4,1d6+4,45,18,7,4,1d10+4,1d8+4,2.0,B
9095,46,16,7,3,1d12+4,1d6+4,38,14,7,5,1d8+4,1d6+4,2.0,A
9096,35,15,7,4,1d8+4,1d8+4,46,18,7,4,1d8+4,1d8+4,7.0,B
9097,40,14,7,4,1d8+4,1d6+4,31,17,7,3,1d12+4,1d6+4,7.0,B
9098,50,17,7,5,1d8+4,1d8+4,41,18,7,3,1d12+4,1d6+4,3.0,A
9099,41,16,7,3,1d10+4,1d6+4,36,18,7,4,1d8+4,1d6+4,2.0,A
9100,49,18,7,4,1d10+4,1d8+4,33,18,7,5,1d12+4,1d8+4,1.0,A
9101,39,14,7,3,1d10+4,1d8+4,35,18,7,4,1d12+4,1d8+4,8.0,B
9102,40,17,7,5,1d12+4,1d8+4,32,17,7,3,1d12+4,1d8+4,8.0,B
9103,43,17,7,5,1d10+4,1d8+4,31,15,7,4,1d10+4,1d8+4,8.0,A
9104,50,15,7,4,1d10+4,1d8+4,31,16,7,5,1d8+4,1d8+4,8.0,A
9105,49,16,7,3,1d12+4,1d6+4,35,14,7,5,1d10+4,1d6+4,5.0,A
9106,32,17,7,3,1d8+4,1d8+4,47,16,7,3,1d10+4,1d8+4,9.0,B
9107,31,18,7,5,1d8+4,1d8+4,40,17,7,3,1d8+4,1d8+4,5.0,B
9108,34,15,7,5,1d10+4,1d8+4,36,15,7,3,1d10+4,1d6+4,2.0,A
9109,38,17,7,5,1d8+4,1d8+4,44,15,7,3,1d8+4,1d6+4,3.0,A
9110,50,17,7,4,1d10+4,1d8+4,44,15,7,5,1d10+4,1d8+4,0.0,A
9111,50,15,7,4,1d10+4,1d8+4,41,16,7,5,1d10+4,1d8+4,5.0,A
9112,44,15,7,3,1d12+4,1d8+4,39,14,7,3,1d10+4,1d8+4,4.0,A
9113,33,17,7,5,1d8+4,1d8+4,37,14,7,4,1d12+4,1d6+4,8.0,B
9114,34,16,7,3,1d10+4,1d6+4,42,14,7,3,1d12+4,1d8+4,8.0,B
9115,38,17,7,5,1d8+4,1d8+4,32,15,7,4,1d12+4,1d6+4,0.0,B
9116,35,15,7,5,1d8+4,1d8+4,47,17,7,4,1d8+4,1d8+4,1.0,B
9117,42,16,7,5,1d10+4,1d8+4,39,17,7,5,1d8+4,1d8+4,10.0,A
9118,43,15,7,3,1d8+4,1d6+4,49,18,7,4,1d12+4,1d8+4,6.0,B
9119,49,14,7,5,1d12+4,1d6+4,35,16,7,3,1d10+4,1d6+4,10.0,A
9120,41,16,7,5,1d12+4,1d8+4,41,17,7,5,1d10+4,1d8+4,7.0,B
9121,33,18,7,5,1d10+4,1d8+4,40,15,7,4,1d12+4,1d6+4,5.0,B
9122,33,17,7,5,1d12+4,1d6+4,31,17,7,4,1d8+4,1d6+4,5.0,A
9123,31,16,7,3,1d12+4,1d6+4,50,15,7,5,1d10+4,1d6+4,7.0,B
9124,31,14,7,4,1d12+4,1d6+4,50,15,7,5,1d8+4,1d6+4,4.0,B
9125,44,18,7,3,1d10+4,1d8+4,33,14,7,4,1d8+4,1d8+4,4.0,A
9126,33,16,7,4,1d8+4,1d8+4,35,16,7,4,1d12+4,1d8+4,7.0,B
9127,34,18,7,5,1d8+4,1d6+4,31,17,7,4,1d8+4,1d8+4,5.0,A
9128,42,16,7,4,1d10+4,1d6+4,44,16,7,3,1d12+4,1d8+4,7.0,A
9129,32,18,7,4,1d8+4,1d8+4,48,17,7,4,1d8+4,1d8+4,1.0,A
9130,30,17,7,4,1d12+4,1d6+4,36,17,7,5,1d12+4,1d6+4,2.0,B
9131,30,17,7,3,1d10+4,1d8+4,32,14,7,3,1d8+4,1d8+4,0.0,B
9132,44,16,7,5,1d10+4,1d8+4,33,17,7,3,1d12+4,1d6+4,1.0,B
9133,49,18,7,4,1d12+4,1d6+4,48,17,7,5,1d10+4,1d6+4,6.0,B
9134,39,15,7,5,1d10+4,1d8+4,36,18,7,4,1d10+4,1d6+4,4.0,A
9135,33,16,7,3,1d12+4,1d8+4,31,16,7,3,1d8+4,1d8+4,4.0,A
9136,39,15,7,3,1d8+4,1d8+4,46,18,7,4,1d10+4,1d8+4,0.0,A
9137,40,15,7,3,1d8+4,1d6+4,46,16,7,4,1d12+4,1d6+4,8.0,B
9138,50,18,7,5,1d12+4,1d8+4,48,18,7,4,1d8+4,1d8+4,2.0,B
9139,48,17,7,4,1d10+4,1d6+4,47,17,7,4,1d12+4,1d8+4,6.0,A
9140,46,16,7,5,1d12+4,1d6+4,41,14,7,3,1d8+4,1d8+4,8.0,A
9141,42,16,7,5,1d12+4,1d8+4,34,14,7,3,1d10+4,1d6+4,10.0,A
9142,45,18,7,4,1d8+4,1d8+4,45,16,7,5,1d10+4,1d8+4,6.0,A
9143,38,14,7,4,1d8+4,1d6+4,37,18,7,4,1d8+4,1d6+4,5.0,A
9144,40,18,7,5,1d12+4,1d6+4,40,14,7,4,1d8+4,1d6+4,9.0,A
9145,36,16,7,3,1d8+4,1d6+4,48,16,7,3,1d12+4,1d8+4,6.0,A
9146,30,14,7,4,1d12+4,1d8+4,34,15,7,3,1d12+4,1d8+4,5.0,B
9147,42,14,7,3,1d8+4,1d8+4,40,17,7,4,1d12+4,1d8+4,1.0,B
9148,41,17,7,5,1d8+4,1d8+4,48,15,7,4,1d12+4,1d6+4,9.0,A
9149,45,16,7,3,1d12+4,1d8+4,33,18,7,4,1d8+4,1d8+4,9.0,B
9150,39,14,7,5,1d8+4,1d6+4,46,15,7,4,1d8+4,1d6+4,2.0,A
9151,45,18,7,5,1d12+4,1d6+4,37,18,7,3,1d12+4,1d8+4,6.0,A
9152,39,16,7,5,1d12+4,1d8+4,48,17,7,5,1d12+4,1d6+4,7.0,B
9153,39,14,7,4,1d12+4,1d6+4,45,18,7,4,1d10+4,1d8+4,2.0,B
9154,40,18,7,3,1d10+4,1d8+4,32,18,7,5,1d10+4,1d6+4,5.0,B
9155,50,17,7,3,1d12+4,1d6+4,34,17,7,3,1d10+4,1d8+4,9.0,B
9156,42,15,7,3,1d10+4,1d8+4,39,15,7,5,1d12+4,1d6+4,6.0,B
9157,30,14,7,5,1d12+4,1d6+4,31,14,7,4,1d10+4,1d6+4,4.0,A
9158,30,15,7,5,1d8+4,1d8+4,46,17,7,3,1d10+4,1d6+4,6.0,B
9159,41,14,7,4,1d12+4,1d8+4,49,18,7,3,1d12+4,1d6+4,5.0,B
9160,41,15,7,5,1d8+4,1d8+4,47,18,7,4,1d10+4,1d8+4,3.0,B
9161,44,17,7,5,1d8+4,1d8+4,40,17,7,4,1d8+4,1d8+4,5.0,A
9162,33,17,7,3,1d12+4,1d8+4,47,18,7,5,1d8+4,1d8+4,0.0,B
9163,41,17,7,5,1d8+4,1d8+4,39,16,7,5,1d10+4,1d8+4,0.0,B
9164,42,17,7,4,1d10+4,1d8+4,48,18,7,5,1d8+4,1d8+4,2.0,B
9165,49,18,7,3,1d10+4,1d8+4,49,18,7,4,1d12+4,1d8+4,5.0,B
9166,50,14,7,5,1d12+4,1d6+4,41,14,7,3,1d10+4,1d8+4,9.0,B
9167,48,15,7,3,1d12+4,1d6+4,47,14,7,3,1d8+4,1d6+4,10.0,A
9168,35,18,7,4,1d12+4,1d6+4,30,16,7,4,1d8+4,1d6+4,3.0,A
9169,30,15,7,5,1d12+4,1d8+4,39,17,7,4,1d10+4,1d8+4,9.0,A
9170,35,17,7,4,1d10+4,1d8+4,37,14,7,4,1d10+4,1d8+4,7.0,B
9171,30,15,7,3,1d10+4,1d6+4,39,17,7,5,1d12+4,1d6+4,9.0,A
9172,32,15,7,4,1d10+4,1d8+4,31,16,7,5,1d10+4,1d8+4,2.0,B
9173,42,15,7,3,1d10+4,1d8+4,48,16,7,4,1d8+4,1d8+4,2.0,A
9174,43,17,7,3,1d8+4,1d8+4,35,17,7,3,1d10+4,1d8+4,10.0,A
9175,40,16,7,4,1d12+4,1d6+4,30,14,7,3,1d8+4,1d6+4,3.0,A
9176,44,15,7,5,1d12+4,1d6+4,45,14,7,4,1d10+4,1d6+4,2.0,B
9177,45,17,7,5,1d8+4,1d6+4,50,18,7,5,1d8+4,1d8+4,8.0,B
9178,37,18,7,5,1d10+4,1d6+4,47,14,7,3,1d12+4,1d6+4,10.0,A
9179,45,14,7,3,1d12+4,1d6+4,46,14,7,4,1d8+4,1d8+4,4.0,A
9180,46,15,7,4,1d8+4,1d6+4,46,14,7,4,1d12+4,1d8+4,3.0,A
9181,40,17,7,4,1d10+4,1d6+4,43,15,7,3,1d8+4,1d6+4,6.0,B
9182,34,16,7,5,1d12+4,1d6+4,38,17,7,3,1d12+4,1d6+4,5.0,B
9183,39,14,7,5,1d12+4,1d8+4,36,16,7,3,1d10+4,1d8+4,1.0,A
9184,31,16,7,5,1d10+4,1d6+4,40,18,7,5,1d10+4,1d6+4,0.0,A
9185,39,15,7,5,1d10+4,1d8+4,50,18,7,5,1d10+4,1d6+4,3.0,A
9186,41,18,7,5,1d12+4,1d6+4,49,18,7,5,1d8+4,1d8+4,8.0,A
9187,45,17,7,5,1d8+4,1d8+4,47,17,7,4,1d8+4,1d8+4,0.0,A
9188,36,16,7,5,1d12+4,1d6+4,30,14,7,3,1d8+4,1d8+4,5.0,B
9189,31,18,7,5,1d8+4,1d6+4,45,15,7,3,1d12+4,1d6+4,7.0,A
9190,37,18,7,3,1d10+4,1d6+4,46,15,7,4,1d10+4,1d6+4,7.0,B
9191,40,18,7,5,1d12+4,1d8+4,47,16,7,4,1d12+4,1d8+4,10.0,B
9192,35,16,7,3,1d8+4,1d8+4,39,17,7,5,1d10+4,1d8+4,8.0,B
9193,30,17,7,4,1d10+4,1d8+4,41,16,7,5,1d12+4,1d6+4,9.0,A
9194,34,15,7,4,1d12+4,1d6+4,34,14,7,5,1d8+4,1d8+4,7.0,A
9195,34,17,7,4,1d10+4,1d6+4,45,15,7,5,1d10+4,1d8+4,4.0,B
9196,40,16,7,3,1d8+4,1d6+4,38,17,7,4,1d12+4,1d8+4,9.0,B
9197,40,18,7,4,1d10+4,1d6+4,31,16,7,5,1d10+4,1d8+4,1.0,B
9198,48,16,7,3,1d12+4,1d8+4,44,16,7,5,1d8+4,1d6+4,9.0,A
9199,49,15,7,4,1d8+4,1d8+4,42,14,7,4,1d10+4,1d8+4,0.0,B
9200,44,14,7,4,1d8+4,1d6+4,38,17,7,5,1d10+4,1d8+4,10.0,B
9201,38,14,7,5,1d10+4,1d6+4,41,17,7,3,1d10+4,1d6+4,7.0,A
9202,35,17,7,3,1d8+4,1d6+4,32,18,7,3,1d8+4,1d8+4,8.0,A
9203,42,18,7,3,1d12+4,1d6+4,33,17,7,4,1d12+4,1d8+4,9.0,B
9204,35,18,7,4,1d10+4,1d6+4,48,18,7,3,1d10+4,1d8+4,8.0,A
9205,30,18,7,3,1d10+4,1d8+4,33,17,7,4,1d12+4,1d6+4,10.0,B
9206,47,18,7,4,1d8+4,1d6+4,50,16,7,3,1d8+4,1d8+4,10.0,A
9207,46,18,7,5,1d12+4,1d6+4,50,17,7,5,1d12+4,1d6+4,2.0,A
9208,48,14,7,4,1d12+4,1d8+4,35,18,7,3,1d12+4,1d6+4,6.0,A
9209,40,14,7,5,1d12+4,1d6+4,39,17,7,4,1d10+4,1d6+4,8.0,B
9210,36,16,7,5,1d10+4,1d6+4,40,14,7,5,1d8+4,1d6+4,3.0,A
9211,46,18,7,5,1d12+4,1d6+4,39,18,7,5,1d8+4,1d8+4,10.0,A
9212,40,18,7,4,1d12+4,1d6+4,33,18,7,5,1d8+4,1d6+4,5.0,A
9213,42,14,7,3,1d12+4,1d8+4,35,18,7,5,1d8+4,1d6+4,0.0,A
9214,44,18,7,3,1d12+4,1d6+4,32,14,7,5,1d10+4,1d8+4,1.0,A
9215,35,14,7,3,1d12+4,1d6+4,36,15,7,4,1d8+4,1d6+4,9.0,A
9216,36,18,7,3,1d8+4,1d6+4,40,17,7,5,1d10+4,1d8+4,2.0,B
9217,50,14,7,3,1d12+4,1d6+4,43,15,7,3,1d12+4,1d6+4,2.0,B
9218,34,16,7,3,1d8+4,1d8+4,36,14,7,5,1d8+4,1d8+4,8.0,B
9219,31,15,7,4,1d12+4,1d8+4,49,16,7,5,1d8+4,1d8+4,9.0,B
9220,43,18,7,4,1d12+4,1d8+4,32,14,7,4,1d12+4,1d8+4,1.0,A
9221,32,14,7,3,1d8+4,1d8+4,30,14,7,4,1d10+4,1d8+4,5.0,A
9222,31,16,7,4,1d10+4,1d8+4,50,17,7,3,1d8+4,1d8+4,6.0,B
9223,36,15,7,3,1d8+4,1d6+4,38,14,7,4,1d10+4,1d6+4,5.0,A
9224,33,17,7,5,1d10+4,1d8+4,32,14,7,3,1d12+4,1d8+4,8.0,B
9225,38,17,7,3,1d8+4,1d8+4,33,14,7,5,1d12+4,1d8+4,3.0,B
9226,47,15,7,3,1d10+4,1d8+4,34,15,7,3,1d12+4,1d6+4,10.0,A
9227,35,17,7,3,1d8+4,1d8+4,32,15,7,5,1d10+4,1d8+4,2.0,A
9228,44,16,7,4,1d12+4,1d6+4,48,17,7,4,1d10+4,1d6+4,1.0,A
9229,34,18,7,3,1d12+4,1d6+4,41,18,7,5,1d10+4,1d6+4,10.0,B
9230,35,18,7,4,1d8+4,1d8+4,39,14,7,4,1d8+4,1d8+4,5.0,A
9231,33,14,7,3,1d10+4,1d8+4,42,17,7,4,1d10+4,1d8+4,10.0,B
9232,46,15,7,5,1d10+4,1d8+4,50,18,7,5,1d12+4,1d8+4,3.0,A
9233,40,16,7,4,1d12+4,1d6+4,34,18,7,5,1d10+4,1d6+4,8.0,A
9234,33,15,7,4,1d8+4,1d8+4,40,15,7,5,1d8+4,1d6+4,2.0,A
9235,35,14,7,4,1d10+4,1d6+4,37,16,7,5,1d10+4,1d6+4,9.0,A
9236,44,17,7,3,1d8+4,1d8+4,49,16,7,5,1d8+4,1d8+4,7.0,B
9237,33,17,7,4,1d10+4,1d6+4,40,18,7,4,1d8+4,1d6+4,1.0,A
9238,44,18,7,5,1d10+4,1d6+4,45,18,7,4,1d10+4,1d8+4,9.0,B
9239,34,17,7,4,1d12+4,1d8+4,46,14,7,4,1d8+4,1d6+4,3.0,B
9240,32,16,7,3,1d8+4,1d8+4,31,14,7,5,1d10+4,1d8+4,2.0,A
9241,34,14,7,3,1d12+4,1d6+4,50,15,7,3,1d12+4,1d6+4,8.0,B
9242,32,15,7,3,1d12+4,1d6+4,47,16,7,4,1d8+4,1d6+4,0.0,A
9243,47,14,7,5,1d12+4,1d8+4,38,16,7,5,1d8+4,1d6+4,4.0,A
9244,50,16,7,5,1d8+4,1d6+4,34,17,7,5,1d10+4,1d8+4,5.0,B
9245,30,14,7,5,1d12+4,1d8+4,43,18,7,4,1d8+4,1d8+4,7.0,A
9246,45,18,7,3,1d12+4,1d6+4,30,17,7,3,1d10+4,1d6+4,6.0,B
9247,39,17,7,3,1d12+4,1d8+4,45,17,7,3,1d8+4,1d6+4,6.0,B
9248,38,18,7,4,1d8+4,1d8+4,41,18,7,5,1d10+4,1d8+4,8.0,A
9249,32,18,7,3,1d12+4,1d6+4,32,14,7,4,1d10+4,1d8+4,0.0,A
9250,50,14,7,4,1d12+4,1d6+4,40,14,7,4,1d12+4,1d8+4,0.0,B
9251,30,16,7,3,1d12+4,1d6+4,35,16,7,4,1d8+4,1d6+4,2.0,A
9252,38,18,7,5,1d8+4,1d6+4,37,18,7,5,1d10+4,1d8+4,3.0,B
9253,50,16,7,5,1d12+4,1d6+4,44,15,7,3,1d8+4,1d8+4,10.0,A
9254,32,16,7,4,1d8+4,1d8+4,47,18,7,4,1d10+4,1d8+4,5.0,A
9255,31,18,7,4,1d8+4,1d8+4,42,17,7,3,1d8+4,1d8+4,4.0,B
9256,33,17,7,4,1d8+4,1d8+4,33,14,7,3,1d10+4,1d8+4,10.0,A
9257,40,15,7,3,1d12+4,1d8+4,40,16,7,3,1d8+4,1d8+4,4.0,B
9258,46,15,7,3,1d10+4,1d8+4,39,14,7,3,1d10+4,1d6+4,10.0,A
9259,44,18,7,4,1d12+4,1d6+4,48,16,7,5,1d12+4,1d6+4,4.0,B
9260,49,16,7,3,1d8+4,1d6+4,40,17,7,5,1d10+4,1d8+4,0.0,B
9261,33,17,7,4,1d12+4,1d8+4,35,16,7,4,1d10+4,1d6+4,9.0,B
9262,38,14,7,3,1d8+4,1d8+4,50,16,7,5,1d8+4,1d6+4,7.0,B
9263,48,18,7,5,1d10+4,1d6+4,31,18,7,5,1d8+4,1d8+4,5.0,A
9264,41,17,7,5,1d12+4,1d8+4,40,16,7,4,1d10+4,1d6+4,3.0,A
9265,34,15,7,4,1d8+4,1d8+4,45,15,7,5,1d8+4,1d8+4,8.0,B
9266,31,18,7,4,1d8+4,1d8+4,41,18,7,3,1d12+4,1d6+4,5.0,B
9267,37,14,7,5,1d8+4,1d6+4,38,16,7,5,1d10+4,1d6+4,7.0,B
9268,41,17,7,5,1d10+4,1d6+4,43,15,7,3,1d10+4,1d8+4,6.0,A
9269,38,16,7,4,1d8+4,1d6+4,30,16,7,4,1d10+4,1d8+4,1.0,A
9270,30,17,7,4,1d8+4,1d6+4,41,15,7,5,1d10+4,1d8+4,8.0,A
9271,45,15,7,4,1d12+4,1d6+4,37,17,7,3,1d12+4,1d6+4,9.0,B
9272,44,17,7,5,1d12+4,1d6+4,38,16,7,4,1d12+4,1d6+4,1.0,A
9273,34,16,7,3,1d12+4,1d6+4,34,14,7,5,1d10+4,1d6+4,2.0,B
9274,38,14,7,4,1d10+4,1d8+4,33,18,7,3,1d10+4,1d8+4,7.0,B
9275,31,18,7,3,1d12+4,1d8+4,35,14,7,3,1d8+4,1d8+4,0.0,B
9276,40,14,7,4,1d12+4,1d8+4,42,18,7,4,1d12+4,1d6+4,5.0,B
9277,39,16,7,4,1d8+4,1d6+4,50,16,7,3,1d12+4,1d6+4,4.0,A
9278,48,14,7,5,1d12+4,1d6+4,39,18,7,3,1d8+4,1d6+4,8.0,A
9279,48,17,7,3,1d8+4,1d8+4,39,18,7,3,1d8+4,1d6+4,3.0,B
9280,43,17,7,4,1d12+4,1d6+4,32,17,7,3,1d12+4,1d8+4,0.0,A
9281,45,18,7,3,1d12+4,1d6+4,30,15,7,3,1d12+4,1d6+4,0.0,A
9282,40,16,7,4,1d12+4,1d8+4,37,18,7,4,1d12+4,1d6+4,9.0,B
9283,48,15,7,4,1d8+4,1d8+4,48,16,7,3,1d8+4,1d6+4,3.0,B
9284,41,18,7,4,1d10+4,1d8+4,46,17,7,3,1d8+4,1d6+4,8.0,A
9285,35,15,7,4,1d8+4,1d6+4,43,18,7,3,1d10+4,1d6+4,5.0,A
9286,40,16,7,4,1d10+4,1d8+4,49,18,7,5,1d10+4,1d6+4,1.0,A
9287,42,16,7,3,1d8+4,1d6+4,44,14,7,5,1d10+4,1d6+4,1.0,B
9288,34,16,7,3,1d8+4,1d6+4,40,17,7,4,1d12+4,1d6+4,4.0,B
9289,34,15,7,3,1d10+4,1d8+4,41,18,7,4,1d10+4,1d8+4,10.0,B
9290,50,17,7,3,1d10+4,1d6+4,34,17,7,4,1d10+4,1d6+4,6.0,A
9291,33,15,7,4,1d12+4,1d6+4,39,14,7,3,1d10+4,1d8+4,0.0,B
9292,34,15,7,5,1d10+4,1d8+4,50,15,7,4,1d10+4,1d8+4,6.0,A
9293,34,16,7,5,1d10+4,1d6+4,30,17,7,4,1d12+4,1d6+4,1.0,A
9294,38,17,7,4,1d12+4,1d6+4,42,17,7,3,1d8+4,1d6+4,4.0,A
9295,48,15,7,3,1d8+4,1d8+4,44,16,7,3,1d10+4,1d8+4,3.0,A
9296,49,15,7,3,1d12+4,1d8+4,31,17,7,3,1d12+4,1d6+4,2.0,A
9297,42,15,7,4,1d8+4,1d6+4,40,17,7,5,1d12+4,1d8+4,5.0,B
9298,35,18,7,5,1d12+4,1d8+4,48,18,7,4,1d10+4,1d8+4,2.0,B
9299,37,18,7,5,1d8+4,1d8+4,32,14,7,5,1d12+4,1d6+4,4.0,A
9300,46,15,7,3,1d8+4,1d8+4,40,18,7,3,1d10+4,1d8+4,9.0,B
9301,43,15,7,4,1d10+4,1d8+4,42,16,7,5,1d8+4,1d8+4,8.0,B
9302,34,17,7,4,1d8+4,1d6+4,31,14,7,5,1d8+4,1d6+4,5.0,A
9303,35,14,7,5,1d12+4,1d8+4,48,15,7,5,1d12+4,1d8+4,4.0,B
9304,36,15,7,3,1d8+4,1d6+4,49,17,7,5,1d10+4,1d8+4,10.0,B
9305,33,17,7,4,1d10+4,1d8+4,33,16,7,4,1d10+4,1d6+4,0.0,A
9306,43,15,7,5,1d10+4,1d8+4,34,17,7,5,1d8+4,1d8+4,6.0,A
9307,34,14,7,3,1d10+4,1d6+4,45,15,7,5,1d10+4,1d8+4,2.0,B
9308,46,15,7,3,1d12+4,1d8+4,47,15,7,5,1d8+4,1d6+4,6.0,B
9309,45,18,7,5,1d10+4,1d6+4,49,17,7,3,1d8+4,1d8+4,5.0,A
9310,38,18,7,4,1d8+4,1d6+4,50,17,7,4,1d8+4,1d8+4,5.0,B
9311,39,16,7,4,1d10+4,1d8+4,30,16,7,5,1d10+4,1d6+4,4.0,B
9312,48,16,7,5,1d12+4,1d8+4,43,16,7,4,1d12+4,1d8+4,7.0,A
9313,40,16,7,3,1d12+4,1d8+4,42,15,7,5,1d8+4,1d6+4,4.0,A
9314,44,18,7,4,1d10+4,1d6+4,42,17,7,3,1d12+4,1d8+4,7.0,A
9315,48,17,7,3,1d10+4,1d6+4,32,16,7,5,1d10+4,1d8+4,7.0,A
9316,47,14,7,3,1d10+4,1d6+4,43,16,7,3,1d10+4,1d6+4,6.0,B
9317,42,14,7,3,1d10+4,1d8+4,34,17,7,4,1d10+4,1d6+4,6.0,B
9318,30,18,7,4,1d10+4,1d6+4,47,15,7,3,1d12+4,1d8+4,5.0,B
9319,50,17,7,3,1d10+4,1d6+4,36,15,7,3,1d8+4,1d6+4,10.0,B
9320,42,15,7,5,1d8+4,1d8+4,33,14,7,5,1d8+4,1d6+4,2.0,A
9321,40,14,7,5,1d12+4,1d6+4,49,14,7,3,1d10+4,1d8+4,3.0,A
9322,36,17,7,4,1d12+4,1d8+4,35,18,7,5,1d10+4,1d6+4,9.0,A
9323,49,14,7,4,1d10+4,1d6+4,38,14,7,5,1d10+4,1d6+4,10.0,A
9324,36,16,7,5,1d8+4,1d8+4,45,17,7,4,1d8+4,1d8+4,4.0,A
9325,41,16,7,4,1d12+4,1d6+4,32,14,7,5,1d10+4,1d6+4,2.0,B
9326,33,16,7,3,1d10+4,1d6+4,42,14,7,5,1d10+4,1d6+4,1.0,B
9327,46,14,7,5,1d8+4,1d8+4,36,15,7,4,1d10+4,1d8+4,7.0,A
9328,39,15,7,3,1d10+4,1d6+4,35,17,7,5,1d10+4,1d8+4,2.0,A
9329,36,17,7,3,1d10+4,1d8+4,45,18,7,3,1d12+4,1d6+4,10.0,A
9330,34,18,7,4,1d8+4,1d8+4,30,14,7,3,1d12+4,1d8+4,4.0,A
9331,38,16,7,5,1d12+4,1d8+4,36,18,7,3,1d12+4,1d8+4,2.0,A
9332,32,14,7,3,1d10+4,1d6+4,45,15,7,5,1d8+4,1d6+4,10.0,A
9333,48,18,7,3,1d8+4,1d8+4,43,17,7,4,1d10+4,1d6+4,0.0,B
9334,31,14,7,4,1d8+4,1d6+4,46,18,7,3,1d8+4,1d8+4,10.0,B
9335,31,17,7,3,1d10+4,1d6+4,49,15,7,4,1d12+4,1d6+4,9.0,A
9336,46,16,7,5,1d8+4,1d8+4,39,14,7,4,1d12+4,1d8+4,9.0,B
9337,40,15,7,3,1d8+4,1d8+4,45,16,7,4,1d12+4,1d8+4,5.0,B
9338,30,14,7,5,1d12+4,1d8+4,43,16,7,4,1d12+4,1d8+4,6.0,A
9339,40,15,7,4,1d8+4,1d6+4,39,17,7,3,1d8+4,1d6+4,4.0,B
9340,43,15,7,5,1d8+4,1d6+4,38,17,7,4,1d12+4,1d8+4,10.0,B
9341,30,16,7,3,1d12+4,1d8+4,49,14,7,3,1d12+4,1d6+4,5.0,A
9342,35,16,7,5,1d8+4,1d8+4,41,16,7,3,1d12+4,1d8+4,9.0,B
9343,41,16,7,4,1d8+4,1d6+4,48,14,7,5,1d8+4,1d6+4,7.0,A
9344,35,15,7,4,1d8+4,1d8+4,47,17,7,4,1d8+4,1d6+4,4.0,B
9345,41,17,7,4,1d12+4,1d6+4,50,15,7,3,1d8+4,1d8+4,7.0,A
9346,44,16,7,3,1d12+4,1d8+4,37,16,7,4,1d12+4,1d6+4,6.0,A
9347,48,15,7,3,1d8+4,1d8+4,37,14,7,4,1d12+4,1d8+4,6.0,A
9348,50,17,7,3,1d10+4,1d8+4,42,17,7,4,1d8+4,1d6+4,2.0,B
9349,33,18,7,3,1d8+4,1d6+4,39,18,7,4,1d12+4,1d6+4,4.0,A
9350,43,16,7,3,1d12+4,1d6+4,45,16,7,3,1d8+4,1d8+4,2.0,B
9351,34,18,7,3,1d8+4,1d6+4,33,14,7,5,1d12+4,1d8+4,0.0,B
9352,49,15,7,3,1d12+4,1d8+4,49,18,7,3,1d8+4,1d8+4,6.0,B
9353,44,14,7,3,1d12+4,1d8+4,42,16,7,3,1d12+4,1d6+4,9.0,A
9354,47,18,7,4,1d8+4,1d6+4,35,15,7,4,1d10+4,1d6+4,8.0,A
9355,42,16,7,5,1d10+4,1d6+4,45,17,7,3,1d8+4,1d8+4,6.0,B
9356,42,17,7,4,1d8+4,1d8+4,44,15,7,3,1d8+4,1d6+4,8.0,A
9357,34,16,7,5,1d8+4,1d8+4,32,14,7,3,1d8+4,1d8+4,1.0,B
9358,50,18,7,5,1d12+4,1d8+4,42,17,7,3,1d12+4,1d8+4,4.0,A
9359,32,15,7,5,1d12+4,1d6+4,40,15,7,4,1d12+4,1d8+4,8.0,A
9360,31,14,7,4,1d10+4,1d6+4,33,14,7,5,1d12+4,1d8+4,3.0,A
9361,48,15,7,4,1d8+4,1d6+4,32,16,7,3,1d8+4,1d6+4,1.0,B
9362,50,16,7,5,1d10+4,1d6+4,50,14,7,4,1d8+4,1d8+4,0.0,B
9363,37,15,7,3,1d10+4,1d8+4,43,18,7,5,1d10+4,1d6+4,7.0,A
9364,39,18,7,3,1d12+4,1d6+4,33,15,7,5,1d12+4,1d6+4,4.0,A
9365,38,16,7,5,1d12+4,1d6+4,33,14,7,5,1d8+4,1d6+4,10.0,B
9366,37,14,7,3,1d10+4,1d6+4,43,18,7,5,1d8+4,1d6+4,5.0,B
9367,39,18,7,4,1d10+4,1d6+4,44,17,7,3,1d8+4,1d6+4,6.0,A
9368,36,17,7,4,1d8+4,1d8+4,41,17,7,5,1d12+4,1d6+4,6.0,B
9369,32,14,7,4,1d10+4,1d8+4,30,18,7,5,1d10+4,1d6+4,3.0,B
9370,37,17,7,3,1d8+4,1d8+4,50,17,7,3,1d8+4,1d8+4,4.0,A
9371,45,16,7,4,1d12+4,1d8+4,50,18,7,5,1d8+4,1d8+4,1.0,A
9372,44,17,7,3,1d12+4,1d8+4,45,17,7,4,1d8+4,1d8+4,4.0,A
9373,30,15,7,3,1d10+4,1d8+4,35,15,7,5,1d10+4,1d8+4,1.0,B
9374,42,16,7,3,1d12+4,1d6+4,36,16,7,3,1d8+4,1d6+4,8.0,A
9375,33,14,7,3,1d10+4,1d8+4,45,16,7,5,1d10+4,1d6+4,8.0,B
9376,44,18,7,4,1d10+4,1d8+4,32,17,7,4,1d10+4,1d8+4,10.0,A
9377,49,17,7,5,1d8+4,1d8+4,37,14,7,3,1d8+4,1d6+4,8.0,A
9378,32,15,7,3,1d8+4,1d6+4,40,18,7,3,1d10+4,1d6+4,8.0,B
9379,33,14,7,3,1d8+4,1d8+4,49,14,7,5,1d8+4,1d6+4,0.0,B
9380,43,16,7,5,1d10+4,1d6+4,41,15,7,5,1d12+4,1d6+4,0.0,A
9381,46,18,7,3,1d12+4,1d6+4,41,14,7,5,1d12+4,1d8+4,9.0,A
9382,45,16,7,3,1d8+4,1d8+4,41,16,7,4,1d12+4,1d6+4,10.0,B
9383,37,16,7,4,1d10+4,1d6+4,30,17,7,5,1d8+4,1d8+4,4.0,A
9384,30,18,7,5,1d8+4,1d6+4,35,18,7,5,1d12+4,1d8+4,5.0,A
9385,36,17,7,5,1d10+4,1d8+4,33,17,7,4,1d8+4,1d8+4,4.0,A
9386,50,17,7,4,1d10+4,1d8+4,39,17,7,4,1d12+4,1d8+4,9.0,A
9387,48,15,7,3,1d10+4,1d8+4,32,15,7,4,1d8+4,1d6+4,7.0,A
9388,47,16,7,5,1d8+4,1d8+4,38,15,7,3,1d10+4,1d6+4,9.0,B
9389,31,17,7,5,1d8+4,1d8+4,32,18,7,5,1d12+4,1d8+4,2.0,B
9390,46,15,7,5,1d12+4,1d8+4,33,15,7,3,1d8+4,1d6+4,9.0,B
9391,45,16,7,5,1d8+4,1d6+4,35,14,7,4,1d8+4,1d6+4,6.0,A
9392,48,17,7,5,1d8+4,1d8+4,34,18,7,4,1d8+4,1d8+4,8.0,A
9393,32,18,7,3,1d10+4,1d8+4,46,16,7,5,1d12+4,1d8+4,4.0,B
9394,39,16,7,4,1d8+4,1d6+4,44,15,7,5,1d10+4,1d8+4,0.0,B
9395,44,15,7,5,1d12+4,1d6+4,46,14,7,3,1d10+4,1d6+4,3.0,A
9396,50,18,7,3,1d12+4,1d6+4,47,15,7,3,1d12+4,1d8+4,0.0,A
9397,36,16,7,5,1d10+4,1d6+4,38,15,7,4,1d12+4,1d8+4,1.0,A
9398,35,17,7,4,1d10+4,1d6+4,42,16,7,4,1d8+4,1d8+4,5.0,A
9399,33,15,7,4,1d8+4,1d6+4,48,16,7,5,1d10+4,1d8+4,6.0,B
9400,33,18,7,4,1d8+4,1d6+4,50,15,7,5,1d10+4,1d8+4,6.0,A
9401,35,18,7,5,1d10+4,1d6+4,36,14,7,3,1d12+4,1d6+4,5.0,B
9402,45,15,7,5,1d8+4,1d8+4,46,14,7,5,1d12+4,1d6+4,7.0,A
9403,34,14,7,4,1d12+4,1d8+4,43,15,7,4,1d8+4,1d6+4,9.0,A
9404,30,18,7,3,1d8+4,1d8+4,42,14,7,4,1d8+4,1d8+4,10.0,B
9405,48,18,7,3,1d8+4,1d6+4,42,14,7,5,1d8+4,1d6+4,6.0,A
9406,49,16,7,4,1d8+4,1d6+4,30,17,7,4,1d10+4,1d8+4,7.0,A
9407,35,18,7,5,1d12+4,1d6+4,50,15,7,4,1d12+4,1d6+4,3.0,A
9408,32,16,7,4,1d10+4,1d6+4,45,16,7,5,1d10+4,1d6+4,6.0,B
9409,34,14,7,4,1d8+4,1d8+4,49,18,7,4,1d12+4,1d6+4,3.0,B
9410,45,18,7,4,1d10+4,1d8+4,44,16,7,4,1d8+4,1d8+4,3.0,B
9411,47,17,7,5,1d10+4,1d8+4,50,14,7,3,1d10+4,1d6+4,6.0,A
9412,50,18,7,4,1d8+4,1d8+4,40,15,7,5,1d12+4,1d8+4,7.0,A
9413,45,17,7,3,1d12+4,1d8+4,32,15,7,5,1d10+4,1d8+4,7.0,A
9414,44,15,7,4,1d8+4,1d8+4,31,14,7,5,1d10+4,1d8+4,1.0,B
9415,39,18,7,4,1d12+4,1d6+4,40,16,7,3,1d12+4,1d6+4,4.0,A
9416,32,16,7,4,1d10+4,1d6+4,47,16,7,3,1d12+4,1d6+4,4.0,B
9417,45,15,7,3,1d10+4,1d6+4,42,15,7,3,1d8+4,1d6+4,3.0,A
9418,33,17,7,5,1d10+4,1d8+4,34,16,7,3,1d8+4,1d8+4,0.0,A
9419,47,16,7,3,1d10+4,1d6+4,35,16,7,4,1d8+4,1d6+4,7.0,A
9420,41,18,7,5,1d12+4,1d8+4,34,17,7,5,1d8+4,1d6+4,10.0,A
9421,33,16,7,5,1d10+4,1d8+4,35,16,7,4,1d10+4,1d6+4,2.0,B
9422,40,17,7,5,1d10+4,1d8+4,49,18,7,4,1d12+4,1d8+4,5.0,A
9423,36,17,7,5,1d12+4,1d6+4,50,14,7,5,1d12+4,1d8+4,10.0,A
9424,49,18,7,5,1d8+4,1d6+4,42,16,7,4,1d8+4,1d8+4,6.0,B
9425,46,15,7,5,1d8+4,1d8+4,37,14,7,4,1d8+4,1d8+4,10.0,B
9426,34,17,7,5,1d12+4,1d8+4,33,16,7,3,1d10+4,1d8+4,4.0,B
9427,37,18,7,3,1d8+4,1d6+4,50,16,7,4,1d10+4,1d8+4,1.0,B
9428,45,15,7,3,1d10+4,1d6+4,48,14,7,4,1d8+4,1d6+4,0.0,B
9429,38,15,7,4,1d12+4,1d8+4,30,18,7,4,1d10+4,1d8+4,1.0,A
9430,38,14,7,3,1d12+4,1d8+4,44,14,7,3,1d8+4,1d8+4,1.0,A
9431,45,15,7,5,1d12+4,1d8+4,38,17,7,4,1d10+4,1d6+4,8.0,A
9432,38,17,7,5,1d10+4,1d8+4,39,17,7,4,1d8+4,1d8+4,0.0,B
9433,48,18,7,5,1d12+4,1d8+4,50,18,7,5,1d8+4,1d6+4,7.0,A
9434,31,16,7,3,1d12+4,1d6+4,30,16,7,5,1d12+4,1d8+4,1.0,A
9435,33,15,7,5,1d10+4,1d8+4,41,14,7,3,1d8+4,1d8+4,5.0,A
9436,31,18,7,3,1d10+4,1d8+4,40,14,7,4,1d8+4,1d6+4,9.0,B
9437,37,16,7,3,1d8+4,1d8+4,42,17,7,3,1d8+4,1d6+4,3.0,B
9438,45,16,7,3,1d8+4,1d6+4,30,14,7,5,1d10+4,1d6+4,6.0,A
9439,37,17,7,4,1d8+4,1d8+4,43,14,7,3,1d8+4,1d6+4,10.0,A
9440,35,18,7,3,1d10+4,1d6+4,32,15,7,5,1d10+4,1d8+4,1.0,B
9441,40,18,7,4,1d8+4,1d6+4,50,16,7,3,1d8+4,1d8+4,2.0,B
9442,47,14,7,4,1d8+4,1d8+4,48,17,7,5,1d10+4,1d6+4,5.0,B
9443,44,17,7,3,1d10+4,1d6+4,43,16,7,5,1d10+4,1d8+4,10.0,A
9444,40,14,7,5,1d8+4,1d8+4,38,17,7,5,1d8+4,1d8+4,7.0,A
9445,34,17,7,4,1d8+4,1d8+4,37,15,7,5,1d10+4,1d6+4,10.0,B
9446,40,16,7,4,1d12+4,1d6+4,37,14,7,3,1d8+4,1d8+4,8.0,A
9447,30,14,7,4,1d10+4,1d8+4,47,17,7,3,1d10+4,1d6+4,9.0,B
9448,39,15,7,4,1d10+4,1d6+4,35,14,7,5,1d8+4,1d6+4,10.0,B
9449,42,17,7,3,1d8+4,1d6+4,50,17,7,3,1d10+4,1d6+4,1.0,A
9450,49,17,7,3,1d8+4,1d8+4,34,15,7,4,1d10+4,1d6+4,4.0,A
9451,40,18,7,3,1d12+4,1d8+4,38,14,7,3,1d10+4,1d8+4,8.0,A
9452,48,17,7,3,1d12+4,1d6+4,34,14,7,4,1d12+4,1d6+4,4.0,A
9453,49,14,7,3,1d12+4,1d6+4,38,18,7,4,1d10+4,1d8+4,8.0,A
9454,32,16,7,4,1d8+4,1d6+4,49,16,7,5,1d10+4,1d8+4,6.0,B
9455,44,14,7,3,1d8+4,1d6+4,34,14,7,5,1d12+4,1d6+4,10.0,B
9456,36,15,7,3,1d8+4,1d8+4,33,17,7,5,1d8+4,1d8+4,0.0,A
9457,38,18,7,5,1d8+4,1d8+4,49,18,7,4,1d12+4,1d8+4,3.0,B
9458,42,14,7,3,1d8+4,1d8+4,42,14,7,3,1d10+4,1d8+4,1.0,A
9459,36,18,7,3,1d12+4,1d6+4,36,15,7,4,1d8+4,1d6+4,9.0,A
9460,49,14,7,3,1d12+4,1d8+4,42,15,7,5,1d10+4,1d8+4,8.0,B
9461,33,16,7,3,1d10+4,1d8+4,40,16,7,4,1d10+4,1d8+4,1.0,B
9462,47,14,7,4,1d10+4,1d6+4,47,15,7,4,1d12+4,1d8+4,5.0,A
9463,30,18,7,4,1d12+4,1d8+4,45,15,7,4,1d10+4,1d8+4,0.0,B
9464,33,16,7,3,1d8+4,1d6+4,44,15,7,5,1d10+4,1d6+4,1.0,A
9465,47,15,7,3,1d8+4,1d6+4,50,16,7,4,1d8+4,1d8+4,3.0,B
9466,48,17,7,5,1d12+4,1d6+4,41,18,7,3,1d12+4,1d8+4,5.0,B
9467,44,16,7,4,1d12+4,1d8+4,39,16,7,4,1d8+4,1d6+4,10.0,B
9468,45,18,7,3,1d12+4,1d6+4,49,17,7,4,1d8+4,1d8+4,3.0,B
9469,48,16,7,4,1d8+4,1d8+4,33,15,7,5,1d8+4,1d8+4,3.0,A
9470,35,15,7,5,1d10+4,1d6+4,42,16,7,3,1d10+4,1d6+4,5.0,B
9471,34,14,7,5,1d12+4,1d6+4,44,17,7,5,1d8+4,1d8+4,2.0,B
9472,47,17,7,4,1d10+4,1d8+4,34,18,7,5,1d12+4,1d6+4,0.0,B
9473,38,14,7,3,1d12+4,1d8+4,30,18,7,4,1d12+4,1d8+4,10.0,A
9474,46,18,7,3,1d8+4,1d6+4,42,15,7,3,1d12+4,1d6+4,8.0,B
9475,47,14,7,3,1d8+4,1d6+4,48,16,7,3,1d8+4,1d6+4,10.0,A
9476,44,14,7,5,1d10+4,1d8+4,44,14,7,5,1d12+4,1d6+4,4.0,B
9477,39,16,7,4,1d12+4,1d8+4,38,14,7,3,1d12+4,1d6+4,7.0,A
9478,34,14,7,3,1d8+4,1d8+4,31,16,7,4,1d10+4,1d6+4,8.0,B
9479,44,17,7,3,1d8+4,1d6+4,38,17,7,3,1d10+4,1d8+4,8.0,A
9480,32,16,7,3,1d10+4,1d6+4,42,18,7,4,1d8+4,1d6+4,2.0,B
9481,37,18,7,3,1d10+4,1d6+4,41,14,7,3,1d10+4,1d6+4,0.0,A
9482,48,16,7,4,1d12+4,1d6+4,49,18,7,3,1d8+4,1d6+4,4.0,B
9483,40,14,7,4,1d12+4,1d8+4,38,17,7,3,1d8+4,1d8+4,8.0,B
9484,33,15,7,3,1d8+4,1d8+4,42,18,7,5,1d8+4,1d6+4,9.0,B
9485,47,15,7,3,1d12+4,1d6+4,35,18,7,5,1d10+4,1d8+4,8.0,A
9486,40,15,7,3,1d12+4,1d6+4,46,15,7,5,1d12+4,1d6+4,0.0,A
9487,40,18,7,3,1d12+4,1d6+4,50,14,7,3,1d8+4,1d8+4,8.0,A
9488,31,16,7,5,1d10+4,1d6+4,34,15,7,3,1d12+4,1d6+4,10.0,B
9489,42,16,7,4,1d8+4,1d8+4,40,14,7,4,1d10+4,1d6+4,1.0,B
9490,43,16,7,3,1d10+4,1d8+4,44,15,7,3,1d12+4,1d8+4,5.0,A
9491,39,18,7,4,1d12+4,1d6+4,45,14,7,4,1d12+4,1d6+4,5.0,A
9492,32,17,7,3,1d8+4,1d6+4,48,14,7,3,1d10+4,1d8+4,8.0,A
9493,34,15,7,5,1d12+4,1d6+4,37,14,7,4,1d10+4,1d6+4,7.0,A
9494,45,15,7,4,1d8+4,1d8+4,31,14,7,3,1d8+4,1d8+4,8.0,A
9495,32,17,7,3,1d10+4,1d8+4,35,17,7,5,1d12+4,1d6+4,7.0,A
9496,44,18,7,4,1d10+4,1d6+4,48,15,7,4,1d12+4,1d6+4,1.0,B
9497,50,16,7,3,1d10+4,1d8+4,48,17,7,3,1d10+4,1d6+4,7.0,A
9498,34,17,7,3,1d12+4,1d8+4,37,14,7,5,1d12+4,1d8+4,8.0,A
9499,47,18,7,5,1d10+4,1d8+4,38,14,7,4,1d8+4,1d6+4,0.0,A
9500,43,16,7,4,1d12+4,1d8+4,38,14,7,5,1d8+4,1d6+4,3.0,A
9501,42,18,7,3,1d8+4,1d6+4,39,16,7,4,1d12+4,1d8+4,3.0,A
9502,43,15,7,4,1d8+4,1d8+4,35,16,7,3,1d10+4,1d8+4,0.0,A
9503,47,18,7,3,1d10+4,1d6+4,36,17,7,3,1d12+4,1d6+4,5.0,A
9504,48,16,7,3,1d10+4,1d8+4,46,14,7,5,1d12+4,1d6+4,0.0,B
9505,46,18,7,4,1d10+4,1d6+4,38,16,7,3,1d8+4,1d8+4,8.0,A
9506,38,14,7,4,1d10+4,1d8+4,41,17,7,5,1d10+4,1d8+4,5.0,A
9507,40,16,7,3,1d8+4,1d8+4,42,18,7,5,1d10+4,1d6+4,0.0,A
9508,41,17,7,5,1d10+4,1d8+4,33,16,7,3,1d10+4,1d6+4,10.0,A
9509,40,15,7,5,1d10+4,1d8+4,46,14,7,3,1d10+4,1d6+4,7.0,B
9510,40,14,7,3,1d10+4,1d6+4,47,15,7,5,1d10+4,1d6+4,9.0,B
9511,49,17,7,3,1d10+4,1d6+4,31,16,7,4,1d8+4,1d6+4,1.0,A
9512,50,18,7,4,1d12+4,1d8+4,30,14,7,4,1d10+4,1d8+4,2.0,A
9513,34,15,7,5,1d8+4,1d8+4,45,17,7,5,1d8+4,1d6+4,8.0,B
9514,32,15,7,5,1d10+4,1d6+4,45,16,7,3,1d10+4,1d6+4,3.0,B
9515,42,15,7,5,1d8+4,1d8+4,37,16,7,3,1d12+4,1d8+4,7.0,A
9516,48,16,7,3,1d10+4,1d8+4,35,17,7,5,1d12+4,1d6+4,9.0,B
9517,36,15,7,3,1d10+4,1d6+4,39,15,7,4,1d10+4,1d8+4,2.0,B
9518,43,14,7,3,1d12+4,1d6+4,45,15,7,4,1d12+4,1d6+4,3.0,A
9519,38,17,7,4,1d10+4,1d6+4,44,18,7,5,1d10+4,1d6+4,1.0,A
9520,50,16,7,5,1d10+4,1d6+4,36,17,7,4,1d12+4,1d8+4,2.0,A
9521,40,15,7,5,1d8+4,1d6+4,39,16,7,3,1d12+4,1d8+4,2.0,B
9522,30,16,7,3,1d10+4,1d6+4,36,15,7,3,1d8+4,1d6+4,7.0,A
9523,47,17,7,3,1d8+4,1d8+4,48,16,7,4,1d10+4,1d8+4,5.0,B
9524,35,16,7,3,1d10+4,1d6+4,49,17,7,5,1d8+4,1d8+4,3.0,B
9525,33,17,7,3,1d8+4,1d6+4,30,16,7,3,1d10+4,1d6+4,7.0,B
9526,41,17,7,3,1d8+4,1d6+4,49,18,7,5,1d10+4,1d8+4,7.0,A
9527,31,14,7,3,1d8+4,1d8+4,47,15,7,3,1d12+4,1d8+4,9.0,B
9528,46,18,7,5,1d12+4,1d8+4,45,15,7,5,1d12+4,1d6+4,10.0,B
9529,46,17,7,4,1d8+4,1d8+4,31,18,7,4,1d10+4,1d6+4,5.0,A
9530,49,14,7,3,1d10+4,1d8+4,45,14,7,4,1d8+4,1d6+4,6.0,A
9531,37,18,7,3,1d10+4,1d8+4,35,16,7,4,1d10+4,1d6+4,7.0,A
9532,41,17,7,4,1d10+4,1d6+4,32,18,7,3,1d12+4,1d8+4,5.0,B
9533,34,15,7,3,1d10+4,1d6+4,46,14,7,4,1d12+4,1d6+4,1.0,B
9534,42,14,7,3,1d12+4,1d8+4,50,16,7,4,1d10+4,1d6+4,8.0,A
9535,40,14,7,3,1d8+4,1d8+4,40,16,7,3,1d12+4,1d6+4,9.0,B
9536,48,16,7,3,1d8+4,1d8+4,40,17,7,4,1d10+4,1d6+4,7.0,A
9537,46,16,7,4,1d8+4,1d6+4,47,17,7,3,1d10+4,1d6+4,2.0,A
9538,35,17,7,4,1d8+4,1d8+4,38,16,7,4,1d10+4,1d8+4,0.0,A
9539,49,18,7,5,1d10+4,1d8+4,41,16,7,5,1d8+4,1d8+4,3.0,B
9540,41,16,7,3,1d8+4,1d8+4,43,15,7,5,1d8+4,1d8+4,7.0,A
9541,37,17,7,5,1d10+4,1d6+4,48,18,7,3,1d8+4,1d8+4,9.0,B
9542,31,18,7,4,1d10+4,1d6+4,50,17,7,3,1d12+4,1d8+4,5.0,B
9543,46,15,7,4,1d8+4,1d6+4,32,16,7,4,1d10+4,1d8+4,8.0,A
9544,43,15,7,4,1d10+4,1d6+4,30,14,7,3,1d8+4,1d8+4,3.0,B
9545,33,17,7,4,1d8+4,1d6+4,31,18,7,3,1d12+4,1d8+4,4.0,B
9546,32,18,7,5,1d10+4,1d6+4,37,16,7,3,1d12+4,1d6+4,5.0,A
9547,39,17,7,3,1d12+4,1d6+4,44,17,7,5,1d12+4,1d6+4,8.0,B
9548,37,18,7,3,1d8+4,1d6+4,34,18,7,4,1d10+4,1d6+4,2.0,A
9549,39,16,7,4,1d10+4,1d8+4,49,17,7,3,1d12+4,1d8+4,3.0,B
9550,37,17,7,5,1d12+4,1d8+4,47,18,7,5,1d12+4,1d6+4,2.0,A
9551,48,16,7,4,1d10+4,1d6+4,41,14,7,4,1d12+4,1d8+4,7.0,A
9552,43,18,7,3,1d10+4,1d8+4,34,17,7,5,1d8+4,1d8+4,2.0,A
9553,43,14,7,3,1d12+4,1d6+4,47,17,7,3,1d12+4,1d6+4,4.0,A
9554,44,16,7,4,1d8+4,1d6+4,32,18,7,3,1d8+4,1d6+4,10.0,A
9555,40,15,7,5,1d10+4,1d8+4,50,14,7,4,1d12+4,1d6+4,6.0,A
9556,37,18,7,3,1d10+4,1d6+4,30,16,7,4,1d10+4,1d6+4,2.0,A
9557,47,15,7,3,1d10+4,1d6+4,50,16,7,4,1d8+4,1d8+4,2.0,A
9558,48,18,7,5,1d10+4,1d6+4,43,17,7,4,1d12+4,1d8+4,10.0,A
9559,43,16,7,4,1d12+4,1d8+4,35,14,7,4,1d12+4,1d8+4,5.0,A
9560,37,17,7,3,1d8+4,1d8+4,33,14,7,5,1d8+4,1d8+4,10.0,A
9561,45,15,7,3,1d12+4,1d8+4,42,17,7,3,1d10+4,1d8+4,4.0,B
9562,48,18,7,5,1d8+4,1d6+4,38,17,7,3,1d10+4,1d8+4,9.0,B
9563,50,17,7,4,1d10+4,1d6+4,33,17,7,4,1d8+4,1d8+4,1.0,A
9564,30,17,7,5,1d8+4,1d6+4,41,16,7,3,1d12+4,1d8+4,4.0,B
9565,49,17,7,3,1d10+4,1d6+4,35,15,7,5,1d12+4,1d6+4,3.0,A
9566,48,15,7,4,1d12+4,1d6+4,45,18,7,4,1d12+4,1d6+4,5.0,B
9567,49,16,7,5,1d8+4,1d6+4,36,18,7,3,1d10+4,1d6+4,3.0,A
9568,50,14,7,4,1d12+4,1d8+4,36,18,7,3,1d10+4,1d8+4,7.0,A
9569,35,16,7,3,1d12+4,1d6+4,47,15,7,5,1d12+4,1d8+4,2.0,B
9570,45,18,7,4,1d12+4,1d6+4,50,16,7,4,1d12+4,1d6+4,10.0,A
9571,49,16,7,4,1d10+4,1d8+4,47,18,7,5,1d12+4,1d6+4,1.0,B
9572,36,18,7,4,1d8+4,1d6+4,34,17,7,3,1d10+4,1d6+4,1.0,A
9573,47,16,7,3,1d12+4,1d6+4,42,14,7,4,1d12+4,1d8+4,8.0,B
9574,45,15,7,5,1d10+4,1d6+4,43,15,7,4,1d8+4,1d8+4,8.0,A
9575,31,15,7,3,1d12+4,1d6+4,32,14,7,4,1d10+4,1d8+4,10.0,A
9576,30,17,7,5,1d8+4,1d8+4,46,14,7,3,1d12+4,1d8+4,3.0,B
9577,42,18,7,4,1d10+4,1d6+4,36,17,7,3,1d8+4,1d6+4,8.0,A
9578,39,16,7,3,1d8+4,1d6+4,31,16,7,5,1d12+4,1d8+4,0.0,A
9579,34,15,7,3,1d10+4,1d6+4,39,15,7,4,1d10+4,1d6+4,1.0,A
9580,41,18,7,5,1d10+4,1d8+4,49,15,7,5,1d8+4,1d6+4,5.0,A
9581,39,15,7,4,1d12+4,1d6+4,38,17,7,4,1d12+4,1d8+4,1.0,B
9582,45,14,7,5,1d10+4,1d6+4,37,17,7,3,1d8+4,1d6+4,9.0,A
9583,45,15,7,3,1d12+4,1d8+4,33,16,7,3,1d8+4,1d6+4,5.0,B
9584,33,15,7,3,1d10+4,1d6+4,49,18,7,5,1d10+4,1d8+4,6.0,A
9585,31,15,7,3,1d12+4,1d6+4,31,15,7,3,1d10+4,1d6+4,6.0,A
9586,30,16,7,4,1d10+4,1d6+4,49,18,7,4,1d10+4,1d6+4,0.0,B
9587,43,17,7,4,1d12+4,1d8+4,41,16,7,3,1d12+4,1d6+4,10.0,B
9588,34,17,7,3,1d10+4,1d6+4,42,17,7,4,1d10+4,1d8+4,9.0,A
9589,35,17,7,4,1d8+4,1d8+4,35,18,7,4,1d12+4,1d8+4,7.0,B
9590,44,16,7,3,1d12+4,1d8+4,31,17,7,5,1d10+4,1d6+4,3.0,B
9591,42,18,7,4,1d10+4,1d6+4,43,17,7,4,1d12+4,1d6+4,0.0,B
9592,46,15,7,4,1d10+4,1d8+4,31,18,7,3,1d10+4,1d8+4,4.0,A
9593,39,16,7,5,1d12+4,1d8+4,49,14,7,4,1d10+4,1d8+4,0.0,B
9594,43,17,7,5,1d8+4,1d6+4,44,15,7,4,1d12+4,1d6+4,5.0,A
9595,45,18,7,4,1d8+4,1d6+4,38,15,7,4,1d12+4,1d6+4,1.0,A
9596,45,17,7,5,1d10+4,1d6+4,34,17,7,5,1d8+4,1d6+4,7.0,A
9597,48,14,7,5,1d10+4,1d6+4,33,16,7,5,1d12+4,1d6+4,5.0,A
9598,39,18,7,3,1d12+4,1d8+4,38,18,7,3,1d10+4,1d6+4,1.0,A
9599,49,18,7,3,1d12+4,1d8+4,40,15,7,4,1d8+4,1d8+4,7.0,A
9600,35,14,7,3,1d12+4,1d8+4,39,17,7,5,1d8+4,1d8+4,1.0,A
9601,38,17,7,3,1d12+4,1d6+4,47,18,7,4,1d8+4,1d8+4,6.0,A
9602,31,18,7,4,1d10+4,1d8+4,43,18,7,3,1d12+4,1d8+4,5.0,B
9603,40,16,7,5,1d8+4,1d8+4,34,15,7,3,1d12+4,1d8+4,0.0,A
9604,34,18,7,3,1d12+4,1d8+4,42,16,7,5,1d10+4,1d6+4,3.0,A
9605,49,15,7,3,1d12+4,1d8+4,30,18,7,3,1d10+4,1d6+4,7.0,A
9606,37,18,7,5,1d10+4,1d8+4,47,15,7,3,1d8+4,1d8+4,2.0,A
9607,31,15,7,4,1d8+4,1d8+4,34,14,7,5,1d8+4,1d8+4,6.0,A
9608,30,14,7,5,1d8+4,1d6+4,33,15,7,4,1d8+4,1d6+4,7.0,B
9609,40,16,7,3,1d12+4,1d6+4,33,15,7,4,1d8+4,1d6+4,3.0,A
9610,33,17,7,3,1d10+4,1d8+4,37,14,7,5,1d12+4,1d8+4,1.0,A
9611,40,17,7,4,1d10+4,1d8+4,39,15,7,3,1d8+4,1d6+4,10.0,B
9612,41,17,7,5,1d8+4,1d6+4,49,15,7,4,1d8+4,1d8+4,7.0,A
9613,50,14,7,4,1d12+4,1d8+4,46,17,7,3,1d10+4,1d6+4,7.0,B
9614,47,14,7,5,1d12+4,1d8+4,39,18,7,5,1d8+4,1d6+4,6.0,A
9615,36,17,7,5,1d8+4,1d6+4,46,14,7,3,1d12+4,1d6+4,10.0,A
9616,33,16,7,3,1d8+4,1d8+4,47,16,7,3,1d8+4,1d8+4,9.0,A
9617,33,17,7,4,1d10+4,1d6+4,36,16,7,3,1d10+4,1d6+4,6.0,A
9618,47,18,7,3,1d10+4,1d8+4,33,18,7,5,1d10+4,1d8+4,6.0,B
9619,37,16,7,4,1d12+4,1d6+4,40,17,7,4,1d10+4,1d6+4,2.0,B
9620,38,14,7,5,1d12+4,1d8+4,45,14,7,4,1d10+4,1d8+4,8.0,A
9621,36,14,7,5,1d10+4,1d6+4,35,17,7,3,1d8+4,1d8+4,5.0,A
9622,47,14,7,5,1d12+4,1d6+4,38,15,7,5,1d8+4,1d8+4,10.0,A
9623,43,16,7,5,1d8+4,1d8+4,33,15,7,5,1d10+4,1d6+4,4.0,A
9624,36,16,7,5,1d12+4,1d6+4,50,14,7,5,1d10+4,1d6+4,9.0,A
9625,40,16,7,3,1d8+4,1d6+4,42,14,7,3,1d10+4,1d8+4,1.0,A
9626,50,16,7,4,1d10+4,1d8+4,47,14,7,4,1d10+4,1d6+4,4.0,B
9627,39,16,7,5,1d12+4,1d6+4,32,17,7,3,1d8+4,1d6+4,3.0,B
9628,50,17,7,3,1d12+4,1d6+4,50,17,7,4,1d8+4,1d8+4,8.0,A
9629,44,18,7,5,1d10+4,1d6+4,40,17,7,5,1d10+4,1d6+4,8.0,A
9630,34,14,7,5,1d12+4,1d8+4,39,18,7,5,1d10+4,1d8+4,6.0,A
9631,36,17,7,4,1d10+4,1d8+4,39,14,7,3,1d10+4,1d6+4,9.0,B
9632,42,17,7,5,1d10+4,1d6+4,37,18,7,5,1d8+4,1d8+4,6.0,A
9633,40,14,7,4,1d8+4,1d8+4,44,17,7,4,1d8+4,1d8+4,2.0,A
9634,39,18,7,3,1d8+4,1d6+4,40,17,7,5,1d10+4,1d8+4,2.0,A
9635,40,18,7,4,1d8+4,1d6+4,42,17,7,3,1d10+4,1d6+4,7.0,B
9636,50,18,7,4,1d8+4,1d6+4,31,18,7,5,1d8+4,1d8+4,8.0,A
9637,37,15,7,3,1d8+4,1d6+4,30,16,7,4,1d8+4,1d6+4,1.0,B
9638,47,16,7,4,1d10+4,1d8+4,40,14,7,5,1d12+4,1d8+4,5.0,B
9639,30,15,7,3,1d8+4,1d8+4,49,15,7,3,1d12+4,1d8+4,3.0,B
9640,38,18,7,3,1d12+4,1d6+4,48,15,7,4,1d10+4,1d6+4,8.0,A
9641,42,15,7,5,1d10+4,1d8+4,41,17,7,3,1d8+4,1d6+4,5.0,B
9642,33,14,7,5,1d10+4,1d6+4,30,16,7,4,1d12+4,1d8+4,10.0,A
9643,31,15,7,3,1d10+4,1d6+4,36,17,7,4,1d8+4,1d8+4,6.0,B
9644,41,15,7,4,1d10+4,1d8+4,41,17,7,5,1d12+4,1d6+4,3.0,B
9645,50,15,7,3,1d10+4,1d8+4,38,16,7,3,1d12+4,1d6+4,2.0,B
9646,43,16,7,5,1d10+4,1d6+4,45,18,7,3,1d12+4,1d6+4,7.0,B
9647,32,14,7,3,1d8+4,1d6+4,42,16,7,3,1d12+4,1d8+4,7.0,B
9648,45,14,7,4,1d10+4,1d8+4,31,14,7,5,1d12+4,1d6+4,5.0,A
9649,47,18,7,5,1d12+4,1d6+4,34,16,7,4,1d8+4,1d8+4,10.0,A
9650,43,18,7,4,1d8+4,1d6+4,37,15,7,5,1d12+4,1d6+4,1.0,A
9651,43,17,7,4,1d12+4,1d6+4,41,14,7,3,1d12+4,1d8+4,5.0,A
9652,37,17,7,5,1d12+4,1d6+4,48,18,7,4,1d12+4,1d8+4,2.0,B
9653,44,17,7,4,1d8+4,1d6+4,50,17,7,4,1d12+4,1d8+4,7.0,B
9654,43,15,7,5,1d8+4,1d6+4,45,17,7,3,1d12+4,1d8+4,7.0,B
9655,45,18,7,5,1d8+4,1d6+4,48,15,7,4,1d8+4,1d6+4,3.0,A
9656,45,14,7,4,1d12+4,1d8+4,36,14,7,5,1d12+4,1d8+4,2.0,A
9657,37,18,7,4,1d12+4,1d8+4,38,17,7,5,1d8+4,1d8+4,9.0,A
9658,37,18,7,4,1d10+4,1d6+4,47,17,7,4,1d10+4,1d8+4,2.0,A
9659,42,18,7,5,1d12+4,1d6+4,38,16,7,5,1d8+4,1d6+4,3.0,A
9660,34,16,7,3,1d8+4,1d8+4,47,18,7,3,1d8+4,1d6+4,7.0,A
9661,42,17,7,3,1d8+4,1d8+4,45,17,7,3,1d12+4,1d6+4,2.0,A
9662,33,18,7,4,1d12+4,1d8+4,41,17,7,4,1d12+4,1d6+4,0.0,A
9663,39,14,7,3,1d12+4,1d6+4,49,17,7,3,1d10+4,1d6+4,6.0,A
9664,33,16,7,4,1d10+4,1d8+4,36,18,7,3,1d12+4,1d6+4,4.0,A
9665,40,17,7,4,1d10+4,1d6+4,42,16,7,3,1d12+4,1d6+4,2.0,B
9666,36,14,7,4,1d10+4,1d6+4,46,15,7,3,1d8+4,1d6+4,3.0,A
9667,43,15,7,4,1d8+4,1d8+4,42,14,7,5,1d12+4,1d6+4,4.0,A
9668,43,14,7,4,1d10+4,1d8+4,34,15,7,5,1d12+4,1d8+4,4.0,B
9669,31,15,7,3,1d8+4,1d6+4,33,14,7,4,1d10+4,1d8+4,6.0,A
9670,48,15,7,5,1d12+4,1d6+4,44,18,7,4,1d10+4,1d6+4,9.0,B
9671,32,18,7,3,1d8+4,1d6+4,31,14,7,4,1d10+4,1d6+4,10.0,A
9672,36,14,7,5,1d8+4,1d6+4,37,14,7,5,1d12+4,1d8+4,7.0,B
9673,31,14,7,3,1d12+4,1d8+4,39,15,7,3,1d10+4,1d8+4,7.0,A
9674,46,16,7,4,1d12+4,1d8+4,42,16,7,3,1d12+4,1d6+4,4.0,B
9675,37,18,7,5,1d12+4,1d6+4,47,16,7,3,1d12+4,1d8+4,9.0,B
9676,46,14,7,5,1d12+4,1d6+4,48,16,7,4,1d10+4,1d8+4,8.0,A
9677,49,17,7,5,1d8+4,1d6+4,39,14,7,4,1d8+4,1d6+4,3.0,B
9678,43,16,7,5,1d10+4,1d8+4,50,16,7,4,1d10+4,1d6+4,4.0,B
9679,32,14,7,4,1d8+4,1d6+4,39,15,7,4,1d12+4,1d8+4,0.0,B
9680,44,16,7,4,1d12+4,1d6+4,42,16,7,3,1d10+4,1d8+4,3.0,A
9681,43,14,7,3,1d10+4,1d8+4,41,16,7,4,1d12+4,1d6+4,0.0,A
9682,34,14,7,5,1d12+4,1d6+4,34,18,7,4,1d12+4,1d8+4,7.0,A
9683,36,17,7,4,1d12+4,1d6+4,43,15,7,3,1d12+4,1d6+4,9.0,B
9684,48,17,7,5,1d12+4,1d6+4,43,15,7,4,1d10+4,1d8+4,3.0,A
9685,36,18,7,5,1d8+4,1d8+4,49,15,7,3,1d8+4,1d8+4,1.0,B
9686,38,18,7,3,1d8+4,1d8+4,46,15,7,3,1d12+4,1d8+4,7.0,B
9687,41,14,7,3,1d8+4,1d6+4,41,15,7,3,1d10+4,1d6+4,1.0,B
9688,47,18,7,3,1d8+4,1d6+4,30,18,7,5,1d8+4,1d8+4,5.0,A
9689,32,15,7,4,1d10+4,1d6+4,42,18,7,3,1d12+4,1d6+4,0.0,A
9690,32,15,7,4,1d12+4,1d6+4,50,15,7,5,1d8+4,1d8+4,5.0,A
9691,47,18,7,4,1d8+4,1d6+4,47,14,7,4,1d10+4,1d8+4,7.0,A
9692,31,17,7,3,1d12+4,1d8+4,47,15,7,3,1d10+4,1d6+4,9.0,A
9693,37,14,7,5,1d12+4,1d8+4,47,15,7,5,1d10+4,1d6+4,1.0,A
9694,49,17,7,3,1d12+4,1d6+4,32,16,7,4,1d8+4,1d6+4,6.0,A
9695,36,18,7,4,1d8+4,1d6+4,31,18,7,4,1d8+4,1d8+4,2.0,B
9696,46,18,7,5,1d10+4,1d6+4,35,17,7,5,1d8+4,1d8+4,1.0,A
9697,38,17,7,3,1d12+4,1d8+4,47,14,7,4,1d8+4,1d6+4,0.0,A
9698,40,18,7,4,1d8+4,1d6+4,36,15,7,4,1d10+4,1d8+4,9.0,A
9699,49,17,7,4,1d10+4,1d6+4,44,17,7,5,1d12+4,1d8+4,0.0,A
9700,43,18,7,5,1d12+4,1d8+4,43,16,7,4,1d10+4,1d6+4,5.0,A
9701,32,17,7,4,1d10+4,1d8+4,43,16,7,5,1d10+4,1d8+4,6.0,A
9702,43,15,7,3,1d10+4,1d8+4,49,14,7,4,1d10+4,1d6+4,4.0,A
9703,36,15,7,3,1d8+4,1d6+4,33,18,7,3,1d12+4,1d8+4,5.0,B
9704,46,16,7,3,1d10+4,1d6+4,31,15,7,3,1d10+4,1d6+4,7.0,A
9705,40,18,7,5,1d8+4,1d8+4,30,17,7,3,1d10+4,1d6+4,8.0,B
9706,36,14,7,4,1d8+4,1d6+4,43,18,7,5,1d12+4,1d8+4,1.0,B
9707,35,15,7,3,1d10+4,1d8+4,49,15,7,5,1d12+4,1d6+4,1.0,B
9708,36,18,7,3,1d8+4,1d8+4,30,14,7,3,1d8+4,1d8+4,5.0,A
9709,33,17,7,4,1d12+4,1d6+4,36,17,7,4,1d12+4,1d8+4,3.0,B
9710,47,15,7,5,1d12+4,1d8+4,33,16,7,3,1d8+4,1d8+4,4.0,A
9711,49,16,7,4,1d8+4,1d8+4,34,17,7,5,1d10+4,1d8+4,3.0,A
9712,43,15,7,5,1d8+4,1d8+4,47,15,7,5,1d10+4,1d6+4,5.0,A
9713,46,15,7,4,1d12+4,1d6+4,30,16,7,3,1d10+4,1d8+4,3.0,A
9714,50,17,7,5,1d12+4,1d6+4,47,15,7,5,1d10+4,1d6+4,0.0,A
9715,49,17,7,4,1d12+4,1d8+4,43,18,7,5,1d12+4,1d8+4,2.0,B
9716,40,14,7,4,1d10+4,1d6+4,41,15,7,3,1d10+4,1d6+4,0.0,B
9717,40,16,7,4,1d8+4,1d6+4,42,18,7,4,1d12+4,1d6+4,5.0,A
9718,39,15,7,5,1d8+4,1d6+4,30,14,7,3,1d8+4,1d6+4,6.0,B
9719,42,16,7,5,1d12+4,1d8+4,31,14,7,4,1d10+4,1d8+4,4.0,B
9720,46,15,7,5,1d10+4,1d6+4,44,17,7,5,1d8+4,1d6+4,0.0,A
9721,41,18,7,4,1d12+4,1d8+4,36,16,7,3,1d10+4,1d6+4,8.0,A
9722,42,15,7,4,1d12+4,1d8+4,30,18,7,3,1d8+4,1d8+4,1.0,A
9723,31,15,7,3,1d10+4,1d6+4,38,15,7,4,1d8+4,1d8+4,4.0,B
9724,42,17,7,4,1d8+4,1d6+4,35,15,7,4,1d8+4,1d8+4,0.0,A
9725,41,18,7,4,1d8+4,1d6+4,42,16,7,5,1d12+4,1d8+4,5.0,B
9726,35,17,7,3,1d10+4,1d8+4,39,14,7,3,1d12+4,1d6+4,6.0,B
9727,45,14,7,3,1d12+4,1d8+4,38,16,7,4,1d10+4,1d6+4,6.0,A
9728,49,17,7,4,1d12+4,1d6+4,49,16,7,5,1d8+4,1d6+4,2.0,A
9729,36,18,7,5,1d10+4,1d8+4,30,16,7,4,1d12+4,1d8+4,6.0,A
9730,44,17,7,5,1d10+4,1d6+4,35,16,7,4,1d8+4,1d6+4,4.0,A
9731,30,15,7,5,1d12+4,1d8+4,31,14,7,5,1d8+4,1d8+4,2.0,B
9732,46,15,7,3,1d10+4,1d6+4,40,14,7,4,1d10+4,1d6+4,6.0,A
9733,50,17,7,3,1d12+4,1d6+4,38,14,7,4,1d8+4,1d6+4,1.0,A
9734,30,16,7,5,1d10+4,1d8+4,37,17,7,3,1d8+4,1d6+4,8.0,B
9735,32,17,7,3,1d8+4,1d6+4,49,15,7,3,1d12+4,1d8+4,6.0,B
9736,43,17,7,3,1d10+4,1d6+4,44,16,7,4,1d8+4,1d6+4,3.0,A
9737,44,15,7,4,1d12+4,1d8+4,39,18,7,3,1d8+4,1d6+4,10.0,B
9738,33,18,7,5,1d8+4,1d8+4,44,15,7,3,1d12+4,1d8+4,0.0,B
9739,33,14,7,4,1d8+4,1d8+4,34,15,7,5,1d12+4,1d8+4,9.0,B
9740,34,17,7,4,1d12+4,1d6+4,50,14,7,4,1d8+4,1d6+4,3.0,A
9741,48,17,7,4,1d12+4,1d6+4,45,17,7,4,1d8+4,1d8+4,7.0,B
9742,36,15,7,3,1d10+4,1d6+4,43,18,7,3,1d12+4,1d6+4,1.0,A
9743,48,14,7,5,1d10+4,1d8+4,30,16,7,5,1d12+4,1d6+4,5.0,A
9744,33,17,7,5,1d10+4,1d6+4,43,16,7,5,1d8+4,1d6+4,9.0,B
9745,33,15,7,5,1d8+4,1d8+4,45,14,7,3,1d12+4,1d8+4,5.0,B
9746,42,14,7,3,1d12+4,1d6+4,40,15,7,3,1d12+4,1d6+4,5.0,A
9747,35,15,7,4,1d8+4,1d8+4,48,18,7,3,1d8+4,1d8+4,10.0,A
9748,49,17,7,5,1d12+4,1d6+4,41,15,7,5,1d8+4,1d6+4,0.0,A
9749,41,17,7,5,1d12+4,1d6+4,31,16,7,3,1d12+4,1d6+4,9.0,A
9750,31,15,7,5,1d8+4,1d6+4,46,15,7,3,1d12+4,1d6+4,3.0,B
9751,45,16,7,4,1d10+4,1d8+4,30,14,7,5,1d8+4,1d8+4,3.0,A
9752,32,18,7,3,1d8+4,1d6+4,40,16,7,5,1d8+4,1d8+4,1.0,B
9753,45,14,7,3,1d10+4,1d8+4,39,17,7,5,1d12+4,1d8+4,0.0,A
9754,35,15,7,4,1d8+4,1d6+4,33,16,7,3,1d12+4,1d6+4,8.0,B
9755,30,18,7,4,1d10+4,1d6+4,30,18,7,4,1d8+4,1d8+4,7.0,A
9756,37,16,7,3,1d12+4,1d8+4,44,18,7,5,1d12+4,1d8+4,2.0,A
9757,42,17,7,4,1d10+4,1d6+4,42,14,7,5,1d8+4,1d6+4,10.0,A
9758,43,15,7,4,1d8+4,1d8+4,42,17,7,4,1d10+4,1d8+4,3.0,A
9759,44,15,7,5,1d12+4,1d6+4,43,15,7,5,1d10+4,1d8+4,6.0,A
9760,50,17,7,5,1d8+4,1d6+4,31,14,7,3,1d10+4,1d6+4,1.0,A
9761,34,14,7,5,1d8+4,1d8+4,36,18,7,4,1d10+4,1d8+4,10.0,A
9762,37,15,7,3,1d10+4,1d6+4,45,14,7,3,1d12+4,1d6+4,6.0,A
9763,39,16,7,4,1d8+4,1d8+4,34,16,7,4,1d8+4,1d6+4,9.0,A
9764,35,15,7,3,1d8+4,1d6+4,49,15,7,3,1d12+4,1d6+4,3.0,B
9765,39,16,7,5,1d10+4,1d8+4,35,16,7,5,1d10+4,1d8+4,6.0,B
9766,39,16,7,4,1d8+4,1d6+4,47,16,7,4,1d10+4,1d8+4,1.0,B
9767,49,15,7,4,1d8+4,1d6+4,49,16,7,5,1d10+4,1d8+4,3.0,B
9768,32,16,7,3,1d8+4,1d6+4,35,18,7,5,1d12+4,1d6+4,2.0,B
9769,34,14,7,3,1d10+4,1d6+4,34,15,7,5,1d12+4,1d6+4,6.0,A
9770,46,17,7,3,1d12+4,1d6+4,34,17,7,4,1d8+4,1d8+4,1.0,A
9771,49,17,7,5,1d10+4,1d6+4,31,15,7,3,1d12+4,1d6+4,9.0,B
9772,47,14,7,4,1d12+4,1d6+4,34,14,7,3,1d8+4,1d8+4,8.0,B
9773,33,14,7,3,1d10+4,1d8+4,30,16,7,3,1d8+4,1d8+4,9.0,A
9774,47,18,7,5,1d12+4,1d6+4,32,18,7,4,1d8+4,1d8+4,1.0,A
9775,50,18,7,5,1d12+4,1d8+4,33,16,7,3,1d8+4,1d6+4,3.0,A
9776,47,16,7,5,1d12+4,1d8+4,42,15,7,5,1d8+4,1d8+4,0.0,A
9777,33,17,7,5,1d10+4,1d6+4,37,16,7,5,1d8+4,1d6+4,4.0,B
9778,50,16,7,4,1d12+4,1d8+4,31,18,7,5,1d12+4,1d8+4,1.0,A
9779,30,14,7,5,1d12+4,1d6+4,47,15,7,3,1d10+4,1d8+4,10.0,B
9780,50,18,7,5,1d12+4,1d6+4,38,18,7,3,1d10+4,1d6+4,2.0,A
9781,44,18,7,3,1d10+4,1d6+4,48,14,7,3,1d12+4,1d8+4,9.0,A
9782,35,14,7,3,1d10+4,1d8+4,31,18,7,4,1d8+4,1d8+4,7.0,A
9783,42,14,7,4,1d10+4,1d6+4,31,16,7,3,1d8+4,1d8+4,1.0,A
9784,34,14,7,5,1d12+4,1d6+4,37,16,7,3,1d12+4,1d8+4,4.0,B
9785,41,18,7,5,1d8+4,1d8+4,38,15,7,4,1d10+4,1d6+4,4.0,B
9786,47,18,7,4,1d10+4,1d6+4,48,18,7,3,1d10+4,1d6+4,5.0,B
9787,39,18,7,4,1d8+4,1d8+4,30,15,7,4,1d10+4,1d6+4,7.0,A
9788,36,17,7,5,1d10+4,1d8+4,35,14,7,4,1d8+4,1d8+4,6.0,A
9789,46,15,7,4,1d12+4,1d8+4,45,18,7,3,1d12+4,1d8+4,5.0,A
9790,46,18,7,5,1d12+4,1d8+4,31,18,7,3,1d12+4,1d8+4,5.0,A
9791,35,18,7,4,1d12+4,1d8+4,44,16,7,5,1d12+4,1d6+4,5.0,A
9792,45,16,7,4,1d8+4,1d8+4,32,15,7,3,1d8+4,1d6+4,5.0,A
9793,44,18,7,5,1d12+4,1d6+4,35,18,7,5,1d12+4,1d6+4,8.0,B
9794,36,15,7,3,1d8+4,1d8+4,37,15,7,4,1d10+4,1d6+4,5.0,A
9795,38,16,7,3,1d8+4,1d8+4,47,18,7,3,1d10+4,1d8+4,1.0,B
9796,38,14,7,5,1d8+4,1d8+4,36,14,7,5,1d12+4,1d6+4,10.0,A
9797,48,16,7,4,1d12+4,1d6+4,39,18,7,4,1d10+4,1d6+4,2.0,B
9798,37,16,7,3,1d12+4,1d6+4,30,16,7,4,1d10+4,1d6+4,8.0,A
9799,34,15,7,4,1d12+4,1d8+4,49,14,7,5,1d8+4,1d6+4,1.0,B
9800,45,15,7,5,1d8+4,1d8+4,42,14,7,3,1d10+4,1d6+4,5.0,A
9801,48,18,7,3,1d12+4,1d6+4,50,15,7,4,1d12+4,1d8+4,2.0,B
9802,33,17,7,3,1d8+4,1d6+4,43,17,7,3,1d10+4,1d6+4,0.0,B
9803,50,18,7,4,1d10+4,1d6+4,49,16,7,5,1d10+4,1d6+4,9.0,A
9804,48,15,7,4,1d12+4,1d6+4,47,14,7,3,1d12+4,1d6+4,7.0,A
9805,45,14,7,4,1d12+4,1d6+4,32,14,7,4,1d10+4,1d6+4,5.0,A
9806,36,14,7,4,1d10+4,1d8+4,39,17,7,4,1d12+4,1d6+4,3.0,B
9807,34,18,7,5,1d10+4,1d6+4,47,18,7,4,1d12+4,1d8+4,10.0,B
9808,46,17,7,4,1d10+4,1d6+4,46,17,7,5,1d10+4,1d6+4,5.0,B
9809,40,14,7,3,1d12+4,1d8+4,39,14,7,5,1d12+4,1d6+4,3.0,A
9810,47,16,7,3,1d8+4,1d8+4,46,17,7,5,1d12+4,1d8+4,9.0,B
9811,30,14,7,4,1d8+4,1d8+4,34,16,7,5,1d12+4,1d8+4,10.0,A
9812,38,17,7,5,1d8+4,1d8+4,49,16,7,4,1d12+4,1d8+4,10.0,B
9813,33,17,7,3,1d10+4,1d8+4,48,17,7,3,1d10+4,1d6+4,6.0,A
9814,42,15,7,4,1d10+4,1d6+4,41,16,7,3,1d10+4,1d6+4,2.0,B
9815,39,14,7,3,1d10+4,1d6+4,48,16,7,3,1d10+4,1d6+4,0.0,B
9816,37,16,7,3,1d12+4,1d8+4,47,16,7,5,1d12+4,1d6+4,0.0,B
9817,36,14,7,5,1d12+4,1d8+4,48,16,7,5,1d8+4,1d6+4,0.0,A
9818,36,16,7,5,1d12+4,1d6+4,49,17,7,3,1d12+4,1d8+4,1.0,B
9819,39,16,7,5,1d8+4,1d6+4,46,14,7,3,1d10+4,1d6+4,9.0,B
9820,36,16,7,4,1d10+4,1d6+4,44,14,7,5,1d10+4,1d6+4,4.0,B
9821,48,18,7,3,1d10+4,1d6+4,48,18,7,4,1d8+4,1d6+4,7.0,B
9822,49,16,7,3,1d12+4,1d8+4,46,14,7,5,1d10+4,1d8+4,9.0,B
9823,31,18,7,3,1d10+4,1d6+4,31,18,7,4,1d12+4,1d8+4,4.0,A
9824,41,17,7,3,1d8+4,1d8+4,33,17,7,5,1d8+4,1d6+4,2.0,A
9825,34,17,7,5,1d12+4,1d8+4,30,14,7,3,1d12+4,1d6+4,7.0,B
9826,33,17,7,4,1d10+4,1d8+4,37,15,7,4,1d12+4,1d8+4,1.0,B
9827,48,17,7,4,1d12+4,1d6+4,37,17,7,4,1d8+4,1d8+4,0.0,A
9828,43,15,7,3,1d10+4,1d8+4,50,14,7,5,1d12+4,1d6+4,0.0,A
9829,39,17,7,4,1d12+4,1d8+4,44,14,7,4,1d12+4,1d8+4,5.0,A
9830,32,18,7,5,1d8+4,1d6+4,35,15,7,3,1d8+4,1d6+4,9.0,A
9831,38,17,7,3,1d10+4,1d6+4,39,18,7,3,1d12+4,1d6+4,10.0,B
9832,46,18,7,5,1d12+4,1d8+4,30,17,7,3,1d12+4,1d6+4,10.0,A
9833,47,14,7,4,1d12+4,1d8+4,47,15,7,5,1d12+4,1d8+4,3.0,A
9834,49,18,7,3,1d12+4,1d8+4,31,15,7,5,1d12+4,1d6+4,6.0,A
9835,46,16,7,3,1d10+4,1d6+4,50,16,7,4,1d8+4,1d8+4,2.0,A
9836,40,17,7,4,1d8+4,1d6+4,47,14,7,4,1d8+4,1d8+4,10.0,B
9837,50,18,7,4,1d10+4,1d8+4,36,14,7,3,1d8+4,1d8+4,1.0,A
9838,45,17,7,3,1d10+4,1d8+4,33,16,7,4,1d10+4,1d6+4,10.0,A
9839,40,16,7,4,1d12+4,1d6+4,35,14,7,5,1d8+4,1d8+4,7.0,B
9840,43,14,7,3,1d12+4,1d6+4,50,14,7,5,1d10+4,1d8+4,9.0,B
9841,41,17,7,5,1d12+4,1d8+4,38,17,7,3,1d10+4,1d6+4,2.0,A
9842,46,14,7,5,1d8+4,1d6+4,46,15,7,3,1d12+4,1d6+4,0.0,A
9843,50,14,7,3,1d10+4,1d8+4,37,15,7,5,1d10+4,1d6+4,10.0,A
9844,34,14,7,4,1d12+4,1d6+4,34,18,7,3,1d10+4,1d6+4,2.0,B
9845,35,18,7,4,1d12+4,1d6+4,39,17,7,3,1d10+4,1d8+4,10.0,A
9846,38,14,7,5,1d10+4,1d6+4,42,17,7,4,1d10+4,1d8+4,1.0,B
9847,41,16,7,5,1d8+4,1d6+4,35,16,7,4,1d12+4,1d8+4,1.0,A
9848,34,17,7,5,1d10+4,1d6+4,35,17,7,5,1d12+4,1d6+4,8.0,B
9849,44,15,7,3,1d12+4,1d6+4,44,17,7,5,1d12+4,1d8+4,0.0,A
9850,41,17,7,3,1d8+4,1d8+4,38,17,7,4,1d8+4,1d8+4,6.0,A
9851,43,17,7,5,1d8+4,1d6+4,37,17,7,3,1d10+4,1d6+4,0.0,A
9852,33,15,7,3,1d12+4,1d8+4,40,14,7,3,1d12+4,1d6+4,6.0,B
9853,48,14,7,4,1d10+4,1d6+4,47,14,7,4,1d12+4,1d8+4,4.0,B
9854,40,18,7,5,1d10+4,1d8+4,30,18,7,3,1d8+4,1d8+4,10.0,A
9855,30,15,7,3,1d10+4,1d8+4,44,14,7,4,1d10+4,1d6+4,4.0,B
9856,31,17,7,3,1d12+4,1d6+4,37,16,7,4,1d10+4,1d8+4,0.0,B
9857,33,18,7,3,1d8+4,1d6+4,41,15,7,5,1d10+4,1d6+4,6.0,A
9858,37,16,7,4,1d8+4,1d8+4,47,16,7,5,1d12+4,1d8+4,5.0,A
9859,36,14,7,4,1d10+4,1d6+4,46,16,7,5,1d12+4,1d8+4,6.0,B
9860,41,15,7,5,1d10+4,1d8+4,32,17,7,4,1d12+4,1d8+4,6.0,A
9861,45,18,7,5,1d8+4,1d6+4,33,17,7,5,1d12+4,1d6+4,3.0,A
9862,34,18,7,3,1d12+4,1d6+4,33,17,7,3,1d12+4,1d8+4,9.0,A
9863,32,15,7,3,1d8+4,1d6+4,39,15,7,3,1d8+4,1d8+4,7.0,B
9864,45,15,7,5,1d12+4,1d6+4,37,18,7,5,1d12+4,1d6+4,8.0,A
9865,45,16,7,4,1d12+4,1d8+4,39,16,7,5,1d10+4,1d6+4,10.0,A
9866,35,18,7,3,1d12+4,1d6+4,30,14,7,5,1d10+4,1d6+4,1.0,A
9867,46,17,7,4,1d8+4,1d8+4,47,16,7,3,1d8+4,1d8+4,10.0,B
9868,36,16,7,3,1d12+4,1d8+4,43,14,7,3,1d8+4,1d6+4,4.0,A
9869,45,16,7,5,1d10+4,1d6+4,50,17,7,3,1d8+4,1d8+4,6.0,B
9870,48,17,7,3,1d12+4,1d8+4,39,15,7,3,1d8+4,1d8+4,0.0,A
9871,42,16,7,5,1d12+4,1d6+4,42,15,7,4,1d12+4,1d6+4,3.0,B
9872,33,16,7,5,1d12+4,1d8+4,36,14,7,3,1d10+4,1d8+4,2.0,A
9873,36,16,7,3,1d12+4,1d8+4,35,16,7,3,1d8+4,1d8+4,4.0,A
9874,32,18,7,5,1d12+4,1d8+4,39,14,7,4,1d8+4,1d8+4,1.0,A
9875,34,15,7,5,1d12+4,1d8+4,32,17,7,5,1d12+4,1d8+4,10.0,B
9876,48,15,7,4,1d10+4,1d6+4,38,18,7,5,1d10+4,1d6+4,10.0,A
9877,48,14,7,5,1d12+4,1d8+4,38,17,7,4,1d8+4,1d8+4,10.0,A
9878,30,16,7,3,1d8+4,1d8+4,43,17,7,3,1d8+4,1d6+4,3.0,B
9879,46,14,7,5,1d8+4,1d8+4,46,14,7,5,1d10+4,1d8+4,10.0,B
9880,30,16,7,4,1d8+4,1d6+4,47,18,7,3,1d10+4,1d8+4,6.0,B
9881,38,16,7,4,1d10+4,1d6+4,50,15,7,5,1d8+4,1d6+4,1.0,A
9882,47,16,7,3,1d8+4,1d8+4,46,14,7,3,1d8+4,1d6+4,3.0,A
9883,30,18,7,4,1d10+4,1d8+4,32,16,7,3,1d12+4,1d8+4,3.0,A
9884,49,18,7,5,1d10+4,1d8+4,50,18,7,5,1d12+4,1d8+4,5.0,B
9885,50,18,7,5,1d8+4,1d8+4,36,18,7,5,1d10+4,1d8+4,2.0,B
9886,48,14,7,3,1d10+4,1d8+4,42,17,7,4,1d10+4,1d8+4,0.0,A
9887,47,16,7,4,1d10+4,1d6+4,47,16,7,5,1d10+4,1d6+4,3.0,A
9888,43,18,7,4,1d8+4,1d8+4,41,17,7,4,1d10+4,1d6+4,6.0,B
9889,46,15,7,5,1d10+4,1d6+4,32,14,7,3,1d12+4,1d6+4,3.0,B
9890,44,16,7,4,1d10+4,1d8+4,45,16,7,3,1d12+4,1d6+4,7.0,B
9891,39,16,7,4,1d10+4,1d8+4,37,18,7,5,1d10+4,1d6+4,5.0,A
9892,45,14,7,3,1d10+4,1d6+4,49,16,7,4,1d10+4,1d8+4,7.0,B
9893,30,18,7,3,1d12+4,1d8+4,32,18,7,5,1d8+4,1d6+4,4.0,A
9894,33,15,7,5,1d12+4,1d6+4,48,18,7,4,1d8+4,1d6+4,4.0,B
9895,37,17,7,4,1d8+4,1d6+4,36,18,7,3,1d8+4,1d8+4,7.0,B
9896,37,16,7,3,1d12+4,1d8+4,37,16,7,5,1d12+4,1d6+4,4.0,A
9897,47,18,7,4,1d12+4,1d6+4,34,15,7,5,1d12+4,1d6+4,9.0,B
9898,39,17,7,4,1d12+4,1d8+4,49,17,7,4,1d12+4,1d6+4,1.0,B
9899,39,17,7,4,1d8+4,1d8+4,46,15,7,4,1d10+4,1d8+4,0.0,A
9900,44,14,7,4,1d12+4,1d6+4,46,17,7,3,1d12+4,1d6+4,2.0,B
9901,50,14,7,5,1d8+4,1d8+4,47,17,7,5,1d10+4,1d6+4,4.0,A
9902,30,18,7,5,1d12+4,1d8+4,50,17,7,5,1d8+4,1d8+4,4.0,B
9903,38,14,7,3,1d10+4,1d6+4,50,17,7,5,1d10+4,1d8+4,6.0,B
9904,35,17,7,4,1d8+4,1d6+4,35,14,7,5,1d8+4,1d6+4,0.0,A
9905,41,15,7,4,1d8+4,1d8+4,36,17,7,5,1d8+4,1d6+4,9.0,A
9906,49,18,7,5,1d12+4,1d8+4,46,18,7,3,1d8+4,1d8+4,5.0,A
9907,47,17,7,5,1d8+4,1d8+4,41,17,7,3,1d10+4,1d6+4,2.0,A
9908,35,16,7,4,1d8+4,1d6+4,43,14,7,4,1d8+4,1d6+4,2.0,A
9909,45,14,7,4,1d8+4,1d6+4,39,18,7,3,1d8+4,1d8+4,6.0,B
9910,39,14,7,4,1d12+4,1d8+4,34,15,7,3,1d8+4,1d6+4,9.0,A
9911,35,14,7,4,1d10+4,1d6+4,43,15,7,5,1d10+4,1d8+4,3.0,B
9912,36,14,7,4,1d10+4,1d8+4,37,14,7,5,1d8+4,1d8+4,7.0,A
9913,48,15,7,3,1d12+4,1d6+4,44,18,7,5,1d12+4,1d8+4,10.0,A
9914,30,14,7,3,1d8+4,1d8+4,35,17,7,5,1d12+4,1d8+4,5.0,B
9915,35,18,7,3,1d12+4,1d8+4,43,17,7,4,1d10+4,1d8+4,8.0,A
9916,39,15,7,4,1d8+4,1d8+4,34,17,7,4,1d12+4,1d6+4,7.0,B
9917,34,18,7,4,1d10+4,1d8+4,32,18,7,4,1d8+4,1d6+4,6.0,B
9918,46,14,7,4,1d10+4,1d8+4,31,14,7,3,1d10+4,1d6+4,2.0,A
9919,35,18,7,4,1d10+4,1d8+4,42,14,7,3,1d10+4,1d8+4,10.0,A
9920,31,15,7,5,1d10+4,1d6+4,36,16,7,4,1d10+4,1d6+4,2.0,A
9921,50,16,7,3,1d12+4,1d6+4,48,15,7,5,1d8+4,1d8+4,0.0,A
9922,40,18,7,4,1d10+4,1d8+4,33,15,7,5,1d12+4,1d8+4,0.0,A
9923,31,16,7,3,1d12+4,1d8+4,48,16,7,4,1d12+4,1d6+4,0.0,A
9924,49,18,7,3,1d10+4,1d6+4,33,16,7,5,1d12+4,1d6+4,7.0,A
9925,42,18,7,4,1d10+4,1d6+4,31,16,7,4,1d8+4,1d6+4,8.0,A
9926,47,14,7,4,1d12+4,1d6+4,38,18,7,5,1d12+4,1d8+4,4.0,A
9927,41,15,7,3,1d10+4,1d6+4,37,17,7,3,1d8+4,1d6+4,9.0,A
9928,44,17,7,4,1d10+4,1d8+4,38,18,7,3,1d12+4,1d8+4,3.0,B
9929,40,18,7,3,1d8+4,1d6+4,30,18,7,5,1d12+4,1d8+4,6.0,B
9930,35,15,7,3,1d12+4,1d8+4,36,15,7,3,1d12+4,1d8+4,10.0,B
9931,46,16,7,4,1d12+4,1d6+4,47,15,7,3,1d10+4,1d8+4,8.0,A
9932,33,18,7,3,1d12+4,1d6+4,33,15,7,4,1d12+4,1d8+4,8.0,B
9933,36,16,7,3,1d12+4,1d8+4,33,16,7,4,1d12+4,1d6+4,10.0,A
9934,47,15,7,5,1d12+4,1d6+4,35,14,7,4,1d8+4,1d8+4,4.0,A
9935,33,14,7,4,1d10+4,1d8+4,48,18,7,4,1d8+4,1d6+4,2.0,B
9936,46,14,7,5,1d12+4,1d8+4,45,18,7,3,1d12+4,1d8+4,8.0,B
9937,49,18,7,4,1d12+4,1d6+4,33,14,7,3,1d12+4,1d8+4,2.0,B
9938,32,18,7,5,1d10+4,1d6+4,33,16,7,3,1d10+4,1d8+4,3.0,A
9939,33,18,7,3,1d8+4,1d8+4,32,14,7,5,1d12+4,1d6+4,1.0,B
9940,41,16,7,4,1d10+4,1d8+4,44,17,7,3,1d12+4,1d6+4,1.0,A
9941,38,18,7,4,1d12+4,1d8+4,31,17,7,3,1d8+4,1d6+4,4.0,A
9942,48,17,7,3,1d12+4,1d8+4,32,17,7,4,1d8+4,1d8+4,10.0,A
9943,30,16,7,4,1d12+4,1d6+4,36,18,7,3,1d10+4,1d6+4,8.0,A
9944,30,17,7,3,1d10+4,1d8+4,48,14,7,5,1d10+4,1d8+4,1.0,A
9945,33,17,7,5,1d10+4,1d8+4,35,17,7,4,1d8+4,1d8+4,3.0,B
9946,44,15,7,4,1d12+4,1d8+4,32,18,7,5,1d8+4,1d6+4,5.0,B
9947,37,17,7,5,1d10+4,1d6+4,42,16,7,3,1d12+4,1d8+4,7.0,B
9948,47,16,7,5,1d12+4,1d6+4,43,14,7,4,1d12+4,1d6+4,3.0,A
9949,34,16,7,5,1d8+4,1d6+4,41,14,7,5,1d12+4,1d6+4,8.0,B
9950,44,16,7,4,1d8+4,1d6+4,37,15,7,5,1d10+4,1d8+4,10.0,A
9951,47,18,7,4,1d10+4,1d8+4,33,16,7,3,1d10+4,1d6+4,8.0,B
9952,48,18,7,4,1d12+4,1d8+4,35,15,7,4,1d8+4,1d8+4,6.0,A
9953,42,18,7,5,1d10+4,1d8+4,48,16,7,4,1d8+4,1d6+4,2.0,A
9954,47,17,7,4,1d12+4,1d8+4,30,17,7,3,1d12+4,1d6+4,1.0,A
9955,46,18,7,3,1d12+4,1d8+4,47,17,7,4,1d10+4,1d6+4,10.0,A
9956,36,15,7,5,1d12+4,1d8+4,36,14,7,5,1d12+4,1d6+4,1.0,B
9957,33,18,7,4,1d12+4,1d8+4,39,14,7,3,1d8+4,1d6+4,7.0,B
9958,44,18,7,4,1d8+4,1d6+4,36,18,7,4,1d12+4,1d8+4,5.0,A
9959,45,15,7,3,1d8+4,1d6+4,49,15,7,4,1d8+4,1d8+4,1.0,B
9960,44,18,7,5,1d12+4,1d6+4,43,17,7,3,1d10+4,1d8+4,3.0,B
9961,43,18,7,3,1d12+4,1d6+4,46,17,7,4,1d8+4,1d6+4,8.0,B
9962,30,15,7,4,1d8+4,1d8+4,45,18,7,4,1d12+4,1d6+4,4.0,B
9963,43,15,7,3,1d8+4,1d8+4,42,15,7,3,1d8+4,1d6+4,5.0,B
9964,42,15,7,3,1d12+4,1d6+4,30,16,7,3,1d12+4,1d8+4,0.0,A
9965,30,14,7,3,1d12+4,1d6+4,50,15,7,3,1d8+4,1d6+4,7.0,B
9966,30,16,7,5,1d10+4,1d8+4,40,18,7,4,1d10+4,1d8+4,5.0,B
9967,40,15,7,4,1d12+4,1d6+4,40,18,7,5,1d12+4,1d6+4,10.0,B
9968,46,18,7,4,1d10+4,1d8+4,34,15,7,3,1d10+4,1d6+4,7.0,B
9969,49,15,7,3,1d10+4,1d6+4,41,14,7,4,1d10+4,1d6+4,1.0,A
9970,34,18,7,5,1d12+4,1d8+4,36,17,7,4,1d8+4,1d6+4,9.0,A
9971,42,16,7,4,1d12+4,1d6+4,48,14,7,4,1d12+4,1d6+4,7.0,A
9972,30,18,7,3,1d10+4,1d6+4,47,16,7,3,1d12+4,1d6+4,7.0,B
9973,40,16,7,5,1d8+4,1d6+4,32,15,7,4,1d12+4,1d8+4,7.0,B
9974,38,16,7,5,1d12+4,1d6+4,31,17,7,4,1d8+4,1d6+4,9.0,A
9975,48,17,7,5,1d10+4,1d6+4,50,18,7,5,1d8+4,1d8+4,7.0,A
9976,41,17,7,4,1d12+4,1d8+4,43,16,7,3,1d10+4,1d8+4,2.0,B
9977,32,18,7,4,1d10+4,1d6+4,39,14,7,4,1d8+4,1d6+4,6.0,B
9978,33,18,7,3,1d8+4,1d6+4,44,18,7,4,1d12+4,1d8+4,3.0,A
9979,48,15,7,5,1d12+4,1d6+4,40,18,7,3,1d8+4,1d8+4,4.0,A
9980,39,17,7,4,1d10+4,1d6+4,49,17,7,3,1d12+4,1d8+4,6.0,B
9981,47,18,7,3,1d8+4,1d8+4,35,16,7,4,1d10+4,1d6+4,6.0,A
9982,37,18,7,5,1d10+4,1d6+4,34,17,7,3,1d8+4,1d6+4,3.0,A
9983,50,18,7,5,1d8+4,1d8+4,34,16,7,5,1d10+4,1d6+4,2.0,A
9984,37,17,7,3,1d10+4,1d6+4,32,16,7,3,1d12+4,1d8+4,1.0,A
9985,37,16,7,3,1d8+4,1d8+4,31,18,7,4,1d12+4,1d6+4,2.0,A
9986,32,17,7,5,1d8+4,1d8+4,44,17,7,5,1d8+4,1d8+4,5.0,B
9987,36,17,7,4,1d8+4,1d8+4,35,15,7,3,1d8+4,1d6+4,9.0,A
9988,33,14,7,4,1d10+4,1d6+4,31,17,7,3,1d12+4,1d6+4,10.0,B
9989,35,15,7,4,1d8+4,1d6+4,49,14,7,3,1d10+4,1d8+4,2.0,B
9990,33,18,7,5,1d10+4,1d8+4,34,16,7,4,1d12+4,1d6+4,3.0,A
9991,32,17,7,3,1d8+4,1d8+4,44,15,7,3,1d10+4,1d8+4,10.0,A
9992,45,14,7,3,1d10+4,1d8+4,48,18,7,3,1d12+4,1d8+4,7.0,B
9993,34,14,7,4,1d12+4,1d8+4,46,18,7,4,1d8+4,1d6+4,6.0,A
9994,41,16,7,5,1d8+4,1d8+4,37,14,7,4,1d12+4,1d8+4,4.0,B
9995,35,16,7,4,1d12+4,1d6+4,33,15,7,4,1d8+4,1d8+4,1.0,A
9996,31,14,7,3,1d12+4,1d8+4,47,14,7,5,1d12+4,1d8+4,10.0,B
9997,40,14,7,3,1d12+4,1d8+4,45,14,7,4,1d8+4,1d6+4,0.0,A
9998,40,15,7,4,1d8+4,1d6+4,38,18,7,4,1d8+4,1d6+4,3.0,A
9999,43,16,7,5,1d8+4,1d6+4,35,17,7,4,1d12+4,1d8+4,8.0,A
10000,38,17,7,3,1d10+4,1d8+4,40,17,7,5,1d8+4,1d8+4,5.0,A
