fight_id,A_hp,A_ac,A_attack_bonus,A_speed,A_dmg_main,A_dmg_backup,B_hp,B_ac,B_attack_bonus,B_speed,B_dmg_main,B_dmg_backup,starting_distance,winner
1,48,17,5,4,1d10+4,1d8+4,43,17,8,4,1d10+4,1d8+4,9.0,B
2,46,17,8,4,1d8+4,1d8+4,31,14,5,4,1d10+4,1d6+4,10.0,A
3,44,17,8,4,1d8+4,1d6+4,36,17,5,4,1d12+4,1d6+4,5.0,B
4,35,16,6,4,1d10+4,1d6+4,47,15,6,4,1d8+4,1d8+4,9.0,B
5,49,16,7,4,1d10+4,1d8+4,48,14,6,4,1d8+4,1d6+4,6.0,A
6,36,15,5,4,1d10+4,1d8+4,46,16,8,4,1d12+4,1d6+4,6.0,B
7,43,15,6,4,1d10+4,1d8+4,50,16,7,4,1d12+4,1d8+4,1.0,B
8,30,14,7,4,1d12+4,1d6+4,32,18,8,4,1d12+4,1d6+4,4.0,B
9,30,18,5,4,1d10+4,1d8+4,48,14,6,4,1d8+4,1d8+4,5.0,B
10,32,18,6,4,1d12+4,1d8+4,32,16,7,4,1d10+4,1d8+4,7.0,B
11,43,17,5,4,1d12+4,1d6+4,42,16,6,4,1d12+4,1d8+4,10.0,B
12,48,17,7,4,1d8+4,1d6+4,32,16,5,4,1d12+4,1d8+4,1.0,A
13,39,16,6,4,1d12+4,1d8+4,36,17,8,4,1d10+4,1d8+4,8.0,B
14,45,18,7,4,1d8+4,1d6+4,43,16,7,4,1d12+4,1d6+4,5.0,A
15,39,17,7,4,1d10+4,1d8+4,34,15,6,4,1d8+4,1d6+4,4.0,A
16,35,14,7,4,1d8+4,1d8+4,36,16,7,4,1d12+4,1d8+4,9.0,B
17,30,14,5,4,1d8+4,1d8+4,47,14,6,4,1d8+4,1d8+4,10.0,A
18,38,17,6,4,1d8+4,1d8+4,40,17,8,4,1d12+4,1d8+4,9.0,B
19,36,16,7,4,1d10+4,1d8+4,38,18,6,4,1d10+4,1d6+4,10.0,A
20,33,16,6,4,1d10+4,1d8+4,45,14,7,4,1d8+4,1d6+4,7.0,B
21,38,15,6,4,1d8+4,1d6+4,43,14,8,4,1d12+4,1d8+4,4.0,A
22,42,15,6,4,1d8+4,1d6+4,50,14,6,4,1d10+4,1d8+4,6.0,A
23,35,18,8,4,1d8+4,1d6+4,41,18,5,4,1d8+4,1d8+4,10.0,B
24,41,18,6,4,1d12+4,1d6+4,38,14,5,4,1d8+4,1d8+4,4.0,A
25,41,15,5,4,1d10+4,1d6+4,30,18,5,4,1d12+4,1d6+4,0.0,B
26,36,16,8,4,1d12+4,1d6+4,42,18,8,4,1d8+4,1d6+4,10.0,A
27,50,18,8,4,1d10+4,1d6+4,38,16,5,4,1d8+4,1d6+4,2.0,A
28,46,14,8,4,1d10+4,1d6+4,44,14,7,4,1d8+4,1d8+4,1.0,B
29,35,15,5,4,1d12+4,1d6+4,30,15,8,4,1d8+4,1d6+4,2.0,B
30,39,18,6,4,1d8+4,1d6+4,35,17,5,4,1d10+4,1d8+4,10.0,A
31,33,16,7,4,1d8+4,1d8+4,45,16,7,4,1d12+4,1d6+4,7.0,A
32,50,17,7,4,1d10+4,1d8+4,36,18,6,4,1d8+4,1d6+4,3.0,A
33,50,18,8,4,1d8+4,1d8+4,47,14,6,4,1d8+4,1d8+4,0.0,A
34,45,16,6,4,1d8+4,1d6+4,32,15,8,4,1d8+4,1d8+4,9.0,A
35,38,16,7,4,1d10+4,1d6+4,50,14,7,4,1d12+4,1d6+4,1.0,B
36,48,16,5,4,1d10+4,1d6+4,36,17,5,4,1d12+4,1d8+4,9.0,A
37,43,18,6,4,1d8+4,1d8+4,35,17,5,4,1d10+4,1d6+4,8.0,A
38,45,15,6,4,1d12+4,1d8+4,31,18,7,4,1d8+4,1d8+4,2.0,A
39,32,16,5,4,1d10+4,1d8+4,41,14,8,4,1d8+4,1d6+4,4.0,A
40,37,17,7,4,1d12+4,1d8+4,34,18,8,4,1d8+4,1d6+4,4.0,A
41,40,16,8,4,1d12+4,1d6+4,41,17,8,4,1d12+4,1d6+4,5.0,A
42,37,15,5,4,1d10+4,1d8+4,35,14,5,4,1d8+4,1d8+4,4.0,A
43,30,18,7,4,1d8+4,1d6+4,50,14,7,4,1d10+4,1d6+4,9.0,B
44,42,18,7,4,1d12+4,1d6+4,43,17,6,4,1d10+4,1d8+4,3.0,A
45,40,17,8,4,1d8+4,1d6+4,38,15,8,4,1d12+4,1d8+4,5.0,A
46,34,17,8,4,1d10+4,1d8+4,30,17,7,4,1d8+4,1d6+4,3.0,A
47,30,16,8,4,1d10+4,1d8+4,31,18,5,4,1d8+4,1d6+4,1.0,B
48,50,18,5,4,1d10+4,1d8+4,41,16,6,4,1d10+4,1d8+4,7.0,A
49,42,17,8,4,1d8+4,1d8+4,39,17,7,4,1d8+4,1d6+4,1.0,A
50,44,16,7,4,1d12+4,1d6+4,47,16,5,4,1d8+4,1d6+4,1.0,B
51,37,16,6,4,1d10+4,1d6+4,32,16,7,4,1d12+4,1d6+4,9.0,A
52,40,16,5,4,1d12+4,1d8+4,39,18,6,4,1d12+4,1d8+4,3.0,A
53,44,14,8,4,1d12+4,1d6+4,31,15,5,4,1d8+4,1d6+4,10.0,B
54,47,15,7,4,1d12+4,1d6+4,40,14,7,4,1d8+4,1d8+4,2.0,B
55,45,18,8,4,1d8+4,1d6+4,34,18,8,4,1d12+4,1d8+4,5.0,A
56,33,17,7,4,1d8+4,1d8+4,33,18,8,4,1d10+4,1d6+4,7.0,A
57,39,14,5,4,1d8+4,1d8+4,41,17,6,4,1d10+4,1d6+4,8.0,B
58,36,18,8,4,1d8+4,1d6+4,41,18,6,4,1d10+4,1d6+4,6.0,B
59,43,16,8,4,1d12+4,1d6+4,43,16,8,4,1d10+4,1d6+4,4.0,A
60,40,15,8,4,1d10+4,1d8+4,40,14,5,4,1d12+4,1d6+4,1.0,B
61,42,16,7,4,1d10+4,1d8+4,33,14,5,4,1d10+4,1d8+4,0.0,B
62,42,17,8,4,1d10+4,1d6+4,33,14,7,4,1d12+4,1d8+4,3.0,B
63,46,14,7,4,1d10+4,1d6+4,50,16,6,4,1d8+4,1d6+4,7.0,B
64,35,17,6,4,1d10+4,1d6+4,40,17,8,4,1d10+4,1d8+4,6.0,B
65,38,17,5,4,1d10+4,1d8+4,37,16,7,4,1d10+4,1d8+4,8.0,B
66,47,14,6,4,1d10+4,1d6+4,44,14,6,4,1d8+4,1d8+4,9.0,B
67,33,15,7,4,1d12+4,1d8+4,35,16,5,4,1d12+4,1d6+4,5.0,A
68,39,16,5,4,1d12+4,1d6+4,43,17,8,4,1d8+4,1d8+4,2.0,A
69,39,18,5,4,1d12+4,1d8+4,41,15,5,4,1d12+4,1d6+4,4.0,A
70,31,17,5,4,1d10+4,1d6+4,37,18,6,4,1d8+4,1d6+4,5.0,A
71,32,14,8,4,1d8+4,1d8+4,36,16,6,4,1d10+4,1d8+4,6.0,A
72,32,16,7,4,1d12+4,1d6+4,37,15,7,4,1d12+4,1d8+4,7.0,B
73,39,14,6,4,1d12+4,1d8+4,45,18,7,4,1d10+4,1d8+4,9.0,A
74,49,16,5,4,1d10+4,1d8+4,38,14,5,4,1d10+4,1d6+4,0.0,A
75,43,17,8,4,1d12+4,1d6+4,49,16,5,4,1d8+4,1d8+4,9.0,A
76,39,15,6,4,1d8+4,1d8+4,34,14,5,4,1d12+4,1d6+4,8.0,A
77,44,18,5,4,1d8+4,1d8+4,47,15,7,4,1d12+4,1d6+4,0.0,B
78,39,16,6,4,1d8+4,1d8+4,47,14,7,4,1d12+4,1d8+4,4.0,B
79,50,16,5,4,1d12+4,1d8+4,35,16,7,4,1d12+4,1d6+4,9.0,A
80,43,14,6,4,1d10+4,1d6+4,39,15,6,4,1d8+4,1d8+4,9.0,B
81,48,16,6,4,1d8+4,1d8+4,33,14,6,4,1d10+4,1d8+4,7.0,A
82,33,15,7,4,1d8+4,1d6+4,46,14,8,4,1d12+4,1d6+4,8.0,A
83,35,18,8,4,1d8+4,1d8+4,50,17,8,4,1d10+4,1d8+4,10.0,B
84,41,14,8,4,1d10+4,1d8+4,49,17,7,4,1d8+4,1d6+4,10.0,B
85,33,16,6,4,1d10+4,1d6+4,34,17,6,4,1d10+4,1d6+4,5.0,A
86,39,15,7,4,1d10+4,1d8+4,47,15,7,4,1d10+4,1d6+4,5.0,B
87,44,16,8,4,1d8+4,1d6+4,50,18,6,4,1d10+4,1d6+4,3.0,B
88,50,15,8,4,1d10+4,1d8+4,40,14,8,4,1d8+4,1d8+4,7.0,B
89,46,15,6,4,1d10+4,1d6+4,43,17,8,4,1d8+4,1d8+4,9.0,A
90,34,16,7,4,1d8+4,1d6+4,48,14,5,4,1d10+4,1d8+4,4.0,A
91,39,16,5,4,1d12+4,1d6+4,38,14,6,4,1d8+4,1d8+4,6.0,A
92,36,16,5,4,1d12+4,1d8+4,31,16,7,4,1d12+4,1d6+4,10.0,B
93,41,18,8,4,1d8+4,1d6+4,49,14,7,4,1d12+4,1d6+4,0.0,B
94,32,14,7,4,1d8+4,1d8+4,41,14,7,4,1d10+4,1d6+4,2.0,B
95,45,16,8,4,1d12+4,1d6+4,31,16,7,4,1d10+4,1d6+4,3.0,A
96,32,14,8,4,1d10+4,1d8+4,41,14,8,4,1d10+4,1d8+4,3.0,A
97,35,14,7,4,1d10+4,1d8+4,43,15,6,4,1d8+4,1d6+4,5.0,A
98,36,18,7,4,1d12+4,1d8+4,42,18,8,4,1d12+4,1d6+4,2.0,B
99,32,14,5,4,1d10+4,1d8+4,50,18,8,4,1d12+4,1d8+4,0.0,B
100,35,17,7,4,1d8+4,1d6+4,40,14,6,4,1d10+4,1d8+4,4.0,B
101,46,15,8,4,1d10+4,1d6+4,47,17,7,4,1d8+4,1d6+4,8.0,B
102,38,17,5,4,1d10+4,1d6+4,30,16,6,4,1d10+4,1d8+4,0.0,A
103,39,14,6,4,1d8+4,1d8+4,34,14,8,4,1d10+4,1d8+4,0.0,A
104,33,14,6,4,1d8+4,1d6+4,50,15,6,4,1d10+4,1d6+4,6.0,A
105,42,16,7,4,1d8+4,1d6+4,32,16,5,4,1d10+4,1d6+4,7.0,A
106,42,18,5,4,1d10+4,1d8+4,37,16,6,4,1d8+4,1d8+4,8.0,A
107,36,18,5,4,1d10+4,1d8+4,30,15,8,4,1d12+4,1d8+4,2.0,B
108,37,17,8,4,1d8+4,1d8+4,49,15,7,4,1d10+4,1d8+4,1.0,A
109,35,16,6,4,1d12+4,1d6+4,30,18,7,4,1d10+4,1d6+4,3.0,A
110,48,18,7,4,1d12+4,1d8+4,33,15,7,4,1d12+4,1d6+4,3.0,A
111,50,18,5,4,1d10+4,1d6+4,41,17,8,4,1d8+4,1d8+4,0.0,A
112,39,16,6,4,1d12+4,1d8+4,46,16,5,4,1d10+4,1d6+4,9.0,A
113,47,14,8,4,1d8+4,1d6+4,42,17,6,4,1d8+4,1d6+4,8.0,B
114,32,15,5,4,1d10+4,1d8+4,41,14,5,4,1d12+4,1d6+4,1.0,B
115,38,16,7,4,1d10+4,1d6+4,33,18,8,4,1d12+4,1d6+4,8.0,B
116,40,17,8,4,1d10+4,1d8+4,31,18,7,4,1d10+4,1d8+4,0.0,A
117,43,18,8,4,1d8+4,1d6+4,50,14,7,4,1d8+4,1d8+4,0.0,A
118,44,18,5,4,1d10+4,1d6+4,41,15,5,4,1d12+4,1d8+4,0.0,A
119,34,16,5,4,1d10+4,1d6+4,48,15,6,4,1d10+4,1d6+4,7.0,B
120,33,16,5,4,1d8+4,1d8+4,31,18,8,4,1d8+4,1d8+4,1.0,B
121,39,14,6,4,1d8+4,1d6+4,35,18,6,4,1d10+4,1d8+4,7.0,B
122,37,15,8,4,1d10+4,1d6+4,50,18,8,4,1d10+4,1d6+4,10.0,A
123,49,18,6,4,1d10+4,1d8+4,40,16,5,4,1d10+4,1d6+4,7.0,A
124,49,18,7,4,1d12+4,1d6+4,37,18,8,4,1d10+4,1d6+4,5.0,A
125,36,16,7,4,1d8+4,1d8+4,35,16,7,4,1d10+4,1d8+4,3.0,B
126,42,16,8,4,1d8+4,1d8+4,32,18,6,4,1d8+4,1d8+4,9.0,A
127,31,14,5,4,1d10+4,1d8+4,49,15,8,4,1d10+4,1d8+4,4.0,B
128,39,14,7,4,1d10+4,1d6+4,30,18,7,4,1d12+4,1d6+4,10.0,B
129,38,17,5,4,1d12+4,1d8+4,33,15,6,4,1d12+4,1d8+4,8.0,A
130,45,18,5,4,1d8+4,1d8+4,47,15,8,4,1d8+4,1d8+4,10.0,B
131,49,15,8,4,1d12+4,1d6+4,37,18,6,4,1d8+4,1d6+4,10.0,A
132,49,18,8,4,1d8+4,1d8+4,49,16,7,4,1d12+4,1d8+4,6.0,A
133,47,18,7,4,1d10+4,1d6+4,43,18,5,4,1d12+4,1d6+4,5.0,A
134,40,18,7,4,1d10+4,1d6+4,42,18,8,4,1d10+4,1d8+4,9.0,B
135,47,17,5,4,1d8+4,1d6+4,44,14,7,4,1d10+4,1d8+4,10.0,A
136,39,14,7,4,1d12+4,1d6+4,35,17,5,4,1d8+4,1d6+4,7.0,A
137,43,14,8,4,1d10+4,1d6+4,35,14,7,4,1d10+4,1d8+4,6.0,B
138,46,17,5,4,1d12+4,1d8+4,38,15,6,4,1d8+4,1d8+4,7.0,A
139,30,15,7,4,1d10+4,1d8+4,47,16,6,4,1d12+4,1d6+4,10.0,A
140,36,16,8,4,1d8+4,1d6+4,32,14,8,4,1d8+4,1d8+4,7.0,A
141,49,17,7,4,1d12+4,1d6+4,36,15,5,4,1d12+4,1d6+4,2.0,A
142,49,17,8,4,1d10+4,1d6+4,39,17,5,4,1d8+4,1d6+4,6.0,A
143,50,15,7,4,1d12+4,1d8+4,33,18,5,4,1d10+4,1d8+4,1.0,A
144,35,18,6,4,1d8+4,1d8+4,42,15,5,4,1d10+4,1d6+4,9.0,A
145,44,16,6,4,1d8+4,1d6+4,43,17,6,4,1d12+4,1d6+4,3.0,B
146,49,14,7,4,1d8+4,1d6+4,46,15,8,4,1d10+4,1d6+4,5.0,B
147,47,16,7,4,1d8+4,1d6+4,34,14,7,4,1d10+4,1d6+4,8.0,A
148,49,14,6,4,1d8+4,1d8+4,49,14,5,4,1d8+4,1d6+4,2.0,A
149,36,16,8,4,1d8+4,1d8+4,30,16,5,4,1d8+4,1d6+4,5.0,A
150,45,16,5,4,1d8+4,1d8+4,40,18,6,4,1d8+4,1d8+4,5.0,B
151,34,17,8,4,1d10+4,1d6+4,32,17,6,4,1d10+4,1d6+4,8.0,B
152,46,16,8,4,1d8+4,1d6+4,36,17,6,4,1d12+4,1d8+4,7.0,B
153,40,18,8,4,1d10+4,1d6+4,43,17,6,4,1d8+4,1d6+4,10.0,A
154,46,14,6,4,1d10+4,1d8+4,50,17,8,4,1d12+4,1d8+4,8.0,B
155,32,15,7,4,1d12+4,1d6+4,35,16,7,4,1d10+4,1d8+4,6.0,A
156,30,16,5,4,1d10+4,1d8+4,38,16,8,4,1d8+4,1d6+4,7.0,B
157,40,15,8,4,1d12+4,1d6+4,45,14,5,4,1d10+4,1d6+4,3.0,A
158,40,16,7,4,1d12+4,1d8+4,32,14,5,4,1d10+4,1d8+4,1.0,B
159,45,16,5,4,1d10+4,1d8+4,49,15,5,4,1d10+4,1d8+4,7.0,A
160,34,15,7,4,1d10+4,1d6+4,37,14,5,4,1d10+4,1d6+4,6.0,A
161,31,18,6,4,1d12+4,1d6+4,45,15,8,4,1d10+4,1d6+4,4.0,A
162,41,16,8,4,1d12+4,1d6+4,43,15,8,4,1d8+4,1d8+4,10.0,B
163,30,14,5,4,1d10+4,1d6+4,35,17,6,4,1d8+4,1d6+4,4.0,B
164,44,17,5,4,1d8+4,1d6+4,46,17,5,4,1d8+4,1d8+4,5.0,A
165,41,14,7,4,1d10+4,1d6+4,35,17,6,4,1d10+4,1d6+4,7.0,A
166,50,16,7,4,1d12+4,1d6+4,38,15,7,4,1d8+4,1d6+4,8.0,A
167,40,15,6,4,1d12+4,1d6+4,32,15,8,4,1d10+4,1d6+4,9.0,A
168,37,16,8,4,1d10+4,1d6+4,38,14,8,4,1d10+4,1d6+4,7.0,B
169,42,16,7,4,1d10+4,1d8+4,45,17,5,4,1d8+4,1d8+4,0.0,A
170,49,16,7,4,1d12+4,1d6+4,37,17,5,4,1d12+4,1d8+4,5.0,A
171,40,14,8,4,1d8+4,1d6+4,34,16,6,4,1d12+4,1d8+4,4.0,A
172,38,16,5,4,1d10+4,1d8+4,40,17,5,4,1d10+4,1d6+4,3.0,B
173,47,16,7,4,1d10+4,1d8+4,43,15,7,4,1d12+4,1d8+4,10.0,B
174,30,17,5,4,1d12+4,1d6+4,33,15,6,4,1d10+4,1d8+4,0.0,A
175,45,15,6,4,1d12+4,1d6+4,47,18,6,4,1d8+4,1d6+4,4.0,A
176,34,16,6,4,1d10+4,1d8+4,33,18,7,4,1d8+4,1d6+4,6.0,A
177,38,18,6,4,1d10+4,1d6+4,30,17,5,4,1d10+4,1d8+4,3.0,A
178,35,15,5,4,1d12+4,1d6+4,44,18,8,4,1d10+4,1d6+4,5.0,B
179,47,14,8,4,1d8+4,1d6+4,46,14,6,4,1d12+4,1d6+4,1.0,B
180,32,18,6,4,1d10+4,1d6+4,35,16,8,4,1d12+4,1d6+4,3.0,B
181,48,14,6,4,1d8+4,1d6+4,39,15,6,4,1d10+4,1d8+4,7.0,B
182,37,17,6,4,1d8+4,1d8+4,40,17,5,4,1d10+4,1d8+4,6.0,B
183,45,17,5,4,1d12+4,1d6+4,39,17,5,4,1d12+4,1d6+4,3.0,A
184,33,18,5,4,1d10+4,1d8+4,45,15,7,4,1d10+4,1d8+4,7.0,B
185,32,15,7,4,1d10+4,1d8+4,36,14,5,4,1d12+4,1d6+4,7.0,A
186,48,14,8,4,1d8+4,1d6+4,50,16,7,4,1d12+4,1d6+4,0.0,B
187,39,18,8,4,1d12+4,1d6+4,42,18,5,4,1d12+4,1d8+4,6.0,A
188,36,14,7,4,1d12+4,1d8+4,40,15,7,4,1d10+4,1d6+4,5.0,A
189,48,16,7,4,1d12+4,1d6+4,38,17,5,4,1d8+4,1d6+4,4.0,A
190,47,16,6,4,1d12+4,1d8+4,31,16,8,4,1d8+4,1d8+4,2.0,A
191,50,18,7,4,1d12+4,1d6+4,30,15,8,4,1d10+4,1d8+4,2.0,A
192,44,18,8,4,1d8+4,1d6+4,33,16,8,4,1d10+4,1d8+4,8.0,A
193,37,14,5,4,1d12+4,1d6+4,48,17,6,4,1d8+4,1d8+4,5.0,B
194,30,18,7,4,1d8+4,1d6+4,36,14,7,4,1d8+4,1d8+4,8.0,A
195,34,15,8,4,1d10+4,1d6+4,39,18,8,4,1d12+4,1d8+4,8.0,B
196,39,17,5,4,1d12+4,1d6+4,50,18,8,4,1d12+4,1d6+4,7.0,B
197,44,17,7,4,1d12+4,1d6+4,49,16,7,4,1d8+4,1d6+4,1.0,A
198,33,17,7,4,1d10+4,1d6+4,45,14,5,4,1d10+4,1d8+4,8.0,B
199,46,16,8,4,1d8+4,1d6+4,38,17,8,4,1d10+4,1d8+4,5.0,B
200,49,14,8,4,1d8+4,1d8+4,49,14,8,4,1d10+4,1d6+4,9.0,B
201,47,16,7,4,1d10+4,1d6+4,49,18,7,4,1d10+4,1d8+4,0.0,A
202,39,16,8,4,1d12+4,1d8+4,31,18,6,4,1d12+4,1d6+4,1.0,A
203,35,15,7,4,1d8+4,1d8+4,42,17,8,4,1d8+4,1d6+4,8.0,B
204,39,14,6,4,1d12+4,1d8+4,42,15,8,4,1d8+4,1d6+4,1.0,B
205,40,18,6,4,1d12+4,1d8+4,43,16,6,4,1d10+4,1d6+4,1.0,A
206,36,14,8,4,1d12+4,1d6+4,39,16,5,4,1d8+4,1d6+4,2.0,B
207,31,15,7,4,1d8+4,1d8+4,40,17,7,4,1d8+4,1d8+4,6.0,B
208,49,15,7,4,1d8+4,1d8+4,40,17,6,4,1d8+4,1d8+4,4.0,B
209,42,15,7,4,1d12+4,1d6+4,45,18,7,4,1d8+4,1d6+4,3.0,A
210,46,14,8,4,1d10+4,1d6+4,46,17,5,4,1d12+4,1d8+4,5.0,A
211,48,14,8,4,1d8+4,1d6+4,48,15,8,4,1d8+4,1d8+4,4.0,A
212,50,18,6,4,1d12+4,1d8+4,38,16,5,4,1d10+4,1d6+4,6.0,A
213,37,15,5,4,1d10+4,1d6+4,35,14,6,4,1d10+4,1d8+4,10.0,B
214,47,18,5,4,1d10+4,1d6+4,50,17,5,4,1d12+4,1d6+4,5.0,B
215,50,14,5,4,1d8+4,1d6+4,34,14,6,4,1d10+4,1d8+4,5.0,B
216,49,16,6,4,1d10+4,1d8+4,45,15,6,4,1d12+4,1d8+4,0.0,B
217,35,17,5,4,1d12+4,1d6+4,45,16,6,4,1d8+4,1d8+4,1.0,A
218,35,17,8,4,1d8+4,1d6+4,34,15,7,4,1d12+4,1d6+4,8.0,A
219,31,18,6,4,1d10+4,1d6+4,34,16,5,4,1d8+4,1d8+4,1.0,A
220,47,16,8,4,1d12+4,1d6+4,41,15,8,4,1d8+4,1d6+4,9.0,A
221,33,17,6,4,1d8+4,1d6+4,34,16,6,4,1d12+4,1d8+4,8.0,A
222,42,14,8,4,1d10+4,1d8+4,43,14,8,4,1d10+4,1d8+4,7.0,A
223,44,17,5,4,1d8+4,1d6+4,33,16,8,4,1d8+4,1d6+4,5.0,A
224,39,14,8,4,1d10+4,1d8+4,35,15,7,4,1d12+4,1d8+4,10.0,B
225,42,17,5,4,1d10+4,1d8+4,35,16,5,4,1d8+4,1d6+4,6.0,A
226,33,17,6,4,1d8+4,1d8+4,38,18,8,4,1d8+4,1d8+4,8.0,B
227,40,14,5,4,1d12+4,1d8+4,42,14,8,4,1d8+4,1d8+4,2.0,B
228,43,15,6,4,1d10+4,1d8+4,47,14,7,4,1d12+4,1d8+4,0.0,B
229,47,14,6,4,1d12+4,1d8+4,41,14,8,4,1d8+4,1d8+4,7.0,B
230,42,17,7,4,1d12+4,1d8+4,33,14,5,4,1d12+4,1d6+4,0.0,A
231,35,14,5,4,1d12+4,1d6+4,41,16,8,4,1d12+4,1d8+4,9.0,A
232,30,14,8,4,1d10+4,1d6+4,40,17,8,4,1d8+4,1d8+4,4.0,A
233,34,18,5,4,1d12+4,1d8+4,48,14,8,4,1d10+4,1d8+4,1.0,B
234,46,18,6,4,1d12+4,1d8+4,50,18,6,4,1d12+4,1d6+4,7.0,B
235,38,17,7,4,1d12+4,1d8+4,45,14,5,4,1d10+4,1d6+4,6.0,B
236,36,16,5,4,1d12+4,1d8+4,36,15,6,4,1d12+4,1d6+4,8.0,B
237,47,14,8,4,1d8+4,1d8+4,47,16,5,4,1d12+4,1d8+4,3.0,A
238,39,16,7,4,1d8+4,1d6+4,40,16,7,4,1d12+4,1d8+4,2.0,A
239,37,14,6,4,1d10+4,1d6+4,42,14,6,4,1d8+4,1d6+4,7.0,A
240,40,16,6,4,1d12+4,1d8+4,50,15,6,4,1d12+4,1d6+4,1.0,B
241,45,18,6,4,1d8+4,1d8+4,43,17,8,4,1d12+4,1d6+4,0.0,B
242,47,15,5,4,1d10+4,1d6+4,43,15,8,4,1d8+4,1d6+4,1.0,A
243,49,18,7,4,1d12+4,1d6+4,38,16,5,4,1d10+4,1d8+4,8.0,A
244,34,18,7,4,1d8+4,1d8+4,47,17,6,4,1d12+4,1d8+4,4.0,B
245,30,15,6,4,1d12+4,1d8+4,50,15,5,4,1d8+4,1d8+4,7.0,A
246,32,18,5,4,1d10+4,1d8+4,42,17,5,4,1d8+4,1d8+4,2.0,B
247,34,16,6,4,1d12+4,1d8+4,46,15,6,4,1d8+4,1d8+4,6.0,B
248,31,15,5,4,1d8+4,1d8+4,39,15,5,4,1d12+4,1d6+4,2.0,B
249,49,18,8,4,1d8+4,1d8+4,37,14,8,4,1d12+4,1d6+4,8.0,A
250,40,16,8,4,1d8+4,1d6+4,42,18,6,4,1d10+4,1d8+4,3.0,B
251,37,17,7,4,1d8+4,1d6+4,35,15,8,4,1d10+4,1d6+4,7.0,B
252,39,15,6,4,1d10+4,1d8+4,47,17,7,4,1d12+4,1d6+4,9.0,B
253,48,17,8,4,1d8+4,1d6+4,40,16,6,4,1d8+4,1d6+4,9.0,B
254,39,18,8,4,1d8+4,1d6+4,46,16,8,4,1d12+4,1d6+4,4.0,B
255,41,18,5,4,1d8+4,1d8+4,49,18,6,4,1d10+4,1d6+4,6.0,A
256,44,15,6,4,1d10+4,1d6+4,30,15,7,4,1d10+4,1d6+4,5.0,B
257,34,18,6,4,1d12+4,1d6+4,30,14,7,4,1d10+4,1d6+4,8.0,A
258,44,18,7,4,1d10+4,1d6+4,36,15,8,4,1d8+4,1d8+4,0.0,A
259,44,17,6,4,1d10+4,1d8+4,40,17,7,4,1d8+4,1d8+4,9.0,A
260,46,15,7,4,1d12+4,1d8+4,33,17,7,4,1d12+4,1d8+4,9.0,B
261,35,16,6,4,1d12+4,1d6+4,38,15,6,4,1d12+4,1d8+4,5.0,B
262,46,16,7,4,1d12+4,1d6+4,31,14,5,4,1d8+4,1d8+4,1.0,A
263,42,16,8,4,1d8+4,1d6+4,35,17,8,4,1d8+4,1d6+4,4.0,A
264,49,17,6,4,1d8+4,1d8+4,33,14,6,4,1d12+4,1d6+4,8.0,A
265,47,17,5,4,1d10+4,1d8+4,38,18,6,4,1d8+4,1d6+4,9.0,A
266,36,18,6,4,1d10+4,1d6+4,35,18,6,4,1d12+4,1d6+4,4.0,A
267,36,14,5,4,1d10+4,1d6+4,40,17,5,4,1d8+4,1d8+4,5.0,A
268,35,18,6,4,1d8+4,1d8+4,41,17,7,4,1d8+4,1d8+4,8.0,B
269,47,16,6,4,1d8+4,1d6+4,49,18,6,4,1d8+4,1d6+4,10.0,B
270,31,17,8,4,1d12+4,1d6+4,35,18,6,4,1d10+4,1d6+4,6.0,A
271,45,17,6,4,1d8+4,1d8+4,43,14,5,4,1d8+4,1d8+4,6.0,A
272,30,18,8,4,1d8+4,1d6+4,34,16,6,4,1d8+4,1d6+4,3.0,A
273,30,17,7,4,1d10+4,1d8+4,30,15,5,4,1d12+4,1d6+4,4.0,B
274,37,18,5,4,1d10+4,1d8+4,48,17,8,4,1d10+4,1d6+4,1.0,B
275,49,14,5,4,1d10+4,1d6+4,41,18,7,4,1d10+4,1d8+4,7.0,B
276,36,18,5,4,1d12+4,1d6+4,38,16,6,4,1d8+4,1d8+4,0.0,B
277,37,17,5,4,1d12+4,1d8+4,31,18,7,4,1d8+4,1d6+4,7.0,A
278,50,18,7,4,1d8+4,1d6+4,37,18,7,4,1d8+4,1d8+4,6.0,A
279,46,15,6,4,1d8+4,1d6+4,40,15,7,4,1d12+4,1d6+4,3.0,A
280,48,17,8,4,1d12+4,1d8+4,37,14,7,4,1d10+4,1d8+4,10.0,A
281,41,16,5,4,1d12+4,1d8+4,41,16,6,4,1d10+4,1d6+4,6.0,B
282,36,14,5,4,1d8+4,1d8+4,31,16,6,4,1d10+4,1d8+4,7.0,B
283,35,17,7,4,1d8+4,1d8+4,39,18,6,4,1d10+4,1d8+4,4.0,B
284,34,14,6,4,1d8+4,1d8+4,50,18,6,4,1d10+4,1d8+4,8.0,B
285,45,14,8,4,1d10+4,1d8+4,36,14,8,4,1d12+4,1d6+4,8.0,B
286,30,18,5,4,1d8+4,1d6+4,36,14,8,4,1d8+4,1d6+4,1.0,B
287,47,17,7,4,1d12+4,1d6+4,48,15,6,4,1d12+4,1d8+4,5.0,A
288,44,18,8,4,1d8+4,1d6+4,37,15,6,4,1d10+4,1d8+4,10.0,A
289,37,17,6,4,1d8+4,1d6+4,40,17,7,4,1d10+4,1d6+4,7.0,B
290,37,16,7,4,1d12+4,1d8+4,30,16,8,4,1d8+4,1d6+4,5.0,A
291,47,17,6,4,1d10+4,1d8+4,34,15,5,4,1d8+4,1d8+4,9.0,A
292,34,14,5,4,1d10+4,1d8+4,44,14,7,4,1d10+4,1d6+4,3.0,B
293,44,14,8,4,1d8+4,1d8+4,33,16,8,4,1d8+4,1d6+4,0.0,A
294,48,15,8,4,1d12+4,1d6+4,33,16,8,4,1d12+4,1d8+4,2.0,A
295,31,17,6,4,1d12+4,1d6+4,49,15,5,4,1d8+4,1d8+4,9.0,A
296,37,15,6,4,1d8+4,1d8+4,43,15,5,4,1d8+4,1d6+4,1.0,A
297,43,14,6,4,1d10+4,1d6+4,30,15,8,4,1d8+4,1d6+4,0.0,A
298,41,16,5,4,1d12+4,1d6+4,43,16,7,4,1d8+4,1d6+4,5.0,A
299,46,16,6,4,1d10+4,1d6+4,50,14,7,4,1d8+4,1d6+4,10.0,A
300,36,17,8,4,1d8+4,1d6+4,31,18,7,4,1d10+4,1d8+4,0.0,B
301,43,14,8,4,1d12+4,1d6+4,42,18,7,4,1d12+4,1d8+4,7.0,B
302,44,16,5,4,1d10+4,1d8+4,47,17,6,4,1d8+4,1d6+4,7.0,A
303,36,17,6,4,1d8+4,1d8+4,33,14,8,4,1d10+4,1d8+4,4.0,A
304,40,16,5,4,1d10+4,1d8+4,40,14,6,4,1d12+4,1d8+4,1.0,B
305,43,15,5,4,1d8+4,1d8+4,48,18,8,4,1d8+4,1d6+4,2.0,B
306,33,17,6,4,1d12+4,1d8+4,39,15,8,4,1d8+4,1d6+4,0.0,A
307,34,17,8,4,1d8+4,1d8+4,39,16,5,4,1d10+4,1d6+4,6.0,A
308,30,15,7,4,1d8+4,1d6+4,41,15,7,4,1d8+4,1d8+4,9.0,A
309,49,15,5,4,1d8+4,1d6+4,43,16,7,4,1d10+4,1d8+4,6.0,B
310,44,15,7,4,1d10+4,1d8+4,37,16,6,4,1d12+4,1d8+4,10.0,B
311,49,14,5,4,1d8+4,1d8+4,45,16,7,4,1d8+4,1d6+4,6.0,B
312,34,18,6,4,1d12+4,1d8+4,40,15,6,4,1d8+4,1d6+4,9.0,A
313,41,15,8,4,1d10+4,1d6+4,35,14,7,4,1d12+4,1d8+4,1.0,A
314,37,17,6,4,1d10+4,1d6+4,45,17,5,4,1d8+4,1d6+4,2.0,A
315,37,17,8,4,1d12+4,1d6+4,35,18,6,4,1d10+4,1d6+4,0.0,A
316,40,15,8,4,1d8+4,1d6+4,30,16,7,4,1d12+4,1d8+4,0.0,A
317,46,18,7,4,1d12+4,1d8+4,30,18,8,4,1d10+4,1d8+4,1.0,A
318,32,18,5,4,1d12+4,1d6+4,38,16,7,4,1d10+4,1d8+4,1.0,A
319,39,15,6,4,1d12+4,1d8+4,30,14,6,4,1d12+4,1d8+4,10.0,A
320,48,18,8,4,1d10+4,1d6+4,41,14,7,4,1d12+4,1d8+4,9.0,A
321,40,17,8,4,1d12+4,1d6+4,37,14,5,4,1d8+4,1d8+4,2.0,A
322,46,14,5,4,1d12+4,1d6+4,50,14,8,4,1d8+4,1d6+4,0.0,A
323,46,18,8,4,1d8+4,1d8+4,38,16,6,4,1d8+4,1d8+4,1.0,A
324,36,17,5,4,1d10+4,1d8+4,49,15,7,4,1d10+4,1d6+4,2.0,B
325,42,16,6,4,1d10+4,1d8+4,48,18,7,4,1d8+4,1d8+4,6.0,B
326,50,16,7,4,1d8+4,1d8+4,38,17,7,4,1d8+4,1d8+4,0.0,B
327,49,18,6,4,1d12+4,1d6+4,36,14,6,4,1d10+4,1d6+4,2.0,A
328,40,17,7,4,1d8+4,1d6+4,49,17,8,4,1d12+4,1d8+4,2.0,B
329,49,15,6,4,1d12+4,1d8+4,38,15,5,4,1d10+4,1d6+4,8.0,A
330,30,18,5,4,1d8+4,1d6+4,32,16,7,4,1d8+4,1d8+4,5.0,A
331,47,14,8,4,1d12+4,1d6+4,37,17,8,4,1d12+4,1d8+4,9.0,A
332,34,15,7,4,1d12+4,1d6+4,32,17,5,4,1d12+4,1d6+4,8.0,A
333,35,14,8,4,1d8+4,1d6+4,43,17,7,4,1d10+4,1d8+4,1.0,A
334,48,14,5,4,1d12+4,1d8+4,48,17,8,4,1d8+4,1d6+4,2.0,A
335,40,15,6,4,1d8+4,1d6+4,49,15,8,4,1d10+4,1d8+4,10.0,B
336,38,18,5,4,1d8+4,1d8+4,31,15,5,4,1d12+4,1d8+4,1.0,A
337,30,15,5,4,1d10+4,1d8+4,39,17,6,4,1d12+4,1d8+4,5.0,B
338,35,15,7,4,1d8+4,1d6+4,40,17,5,4,1d12+4,1d6+4,3.0,A
339,42,16,7,4,1d12+4,1d8+4,30,15,7,4,1d8+4,1d6+4,5.0,B
340,38,15,8,4,1d8+4,1d6+4,42,16,7,4,1d12+4,1d6+4,6.0,A
341,48,18,5,4,1d10+4,1d8+4,47,17,5,4,1d10+4,1d6+4,0.0,A
342,37,17,5,4,1d12+4,1d8+4,41,14,6,4,1d12+4,1d6+4,3.0,A
343,34,15,8,4,1d12+4,1d8+4,36,14,7,4,1d10+4,1d6+4,2.0,A
344,32,18,8,4,1d10+4,1d8+4,46,16,7,4,1d8+4,1d8+4,4.0,B
345,38,14,6,4,1d10+4,1d6+4,32,18,7,4,1d8+4,1d8+4,9.0,B
346,45,17,7,4,1d8+4,1d6+4,33,17,6,4,1d8+4,1d6+4,3.0,A
347,45,15,5,4,1d8+4,1d6+4,46,16,7,4,1d8+4,1d6+4,1.0,B
348,34,14,5,4,1d12+4,1d8+4,48,15,5,4,1d12+4,1d8+4,8.0,B
349,33,15,5,4,1d12+4,1d6+4,34,17,8,4,1d10+4,1d8+4,6.0,B
350,30,14,8,4,1d8+4,1d8+4,42,16,5,4,1d8+4,1d6+4,1.0,A
351,49,18,5,4,1d10+4,1d6+4,32,16,5,4,1d10+4,1d8+4,1.0,A
352,32,14,6,4,1d10+4,1d8+4,47,14,8,4,1d10+4,1d6+4,4.0,A
353,44,14,6,4,1d10+4,1d8+4,30,14,6,4,1d8+4,1d8+4,9.0,A
354,43,14,5,4,1d10+4,1d8+4,41,15,5,4,1d10+4,1d6+4,3.0,A
355,50,17,8,4,1d12+4,1d6+4,42,17,6,4,1d12+4,1d6+4,1.0,A
356,43,14,6,4,1d8+4,1d8+4,45,17,7,4,1d10+4,1d6+4,9.0,B
357,47,17,8,4,1d8+4,1d8+4,42,17,6,4,1d8+4,1d6+4,4.0,A
358,41,18,8,4,1d10+4,1d6+4,47,17,5,4,1d10+4,1d6+4,6.0,A
359,37,16,5,4,1d10+4,1d6+4,41,15,8,4,1d12+4,1d8+4,10.0,B
360,37,16,8,4,1d12+4,1d8+4,31,14,5,4,1d8+4,1d6+4,2.0,B
361,33,14,8,4,1d12+4,1d8+4,34,18,6,4,1d10+4,1d8+4,8.0,A
362,35,15,5,4,1d10+4,1d8+4,39,15,7,4,1d8+4,1d6+4,3.0,B
363,49,17,6,4,1d12+4,1d8+4,40,14,6,4,1d10+4,1d8+4,9.0,A
364,43,15,6,4,1d10+4,1d8+4,37,14,7,4,1d12+4,1d6+4,0.0,A
365,35,16,7,4,1d12+4,1d8+4,41,14,7,4,1d8+4,1d6+4,4.0,A
366,38,18,7,4,1d12+4,1d6+4,45,17,6,4,1d8+4,1d6+4,7.0,B
367,41,18,5,4,1d12+4,1d6+4,38,18,7,4,1d12+4,1d6+4,3.0,B
368,35,14,8,4,1d12+4,1d8+4,39,14,8,4,1d12+4,1d8+4,0.0,A
369,40,18,7,4,1d8+4,1d6+4,32,18,8,4,1d8+4,1d6+4,0.0,A
370,45,16,7,4,1d12+4,1d6+4,35,17,7,4,1d8+4,1d8+4,0.0,B
371,45,17,7,4,1d10+4,1d8+4,39,17,6,4,1d10+4,1d8+4,8.0,B
372,48,17,7,4,1d12+4,1d8+4,46,15,6,4,1d8+4,1d6+4,10.0,A
373,49,17,8,4,1d8+4,1d8+4,44,16,7,4,1d10+4,1d8+4,1.0,A
374,48,17,7,4,1d12+4,1d8+4,47,16,7,4,1d12+4,1d6+4,3.0,A
375,41,15,6,4,1d12+4,1d8+4,45,15,6,4,1d8+4,1d8+4,2.0,A
376,49,18,5,4,1d8+4,1d8+4,50,18,7,4,1d8+4,1d6+4,3.0,A
377,36,18,6,4,1d12+4,1d6+4,30,16,7,4,1d12+4,1d8+4,2.0,A
378,38,18,6,4,1d8+4,1d6+4,34,15,8,4,1d12+4,1d8+4,7.0,B
379,49,17,7,4,1d10+4,1d6+4,39,14,6,4,1d8+4,1d6+4,6.0,A
380,39,18,8,4,1d12+4,1d8+4,46,17,7,4,1d10+4,1d8+4,2.0,A
381,46,14,6,4,1d12+4,1d6+4,48,16,7,4,1d12+4,1d6+4,6.0,A
382,45,15,6,4,1d8+4,1d8+4,32,15,8,4,1d12+4,1d6+4,0.0,B
383,39,18,6,4,1d10+4,1d8+4,49,15,7,4,1d12+4,1d8+4,2.0,B
384,32,18,7,4,1d12+4,1d8+4,39,17,6,4,1d8+4,1d8+4,3.0,B
385,35,16,7,4,1d10+4,1d6+4,43,15,5,4,1d10+4,1d6+4,7.0,A
386,32,14,8,4,1d10+4,1d6+4,39,14,5,4,1d12+4,1d8+4,7.0,B
387,33,16,7,4,1d12+4,1d6+4,35,14,8,4,1d12+4,1d8+4,6.0,A
388,36,16,5,4,1d8+4,1d6+4,41,18,5,4,1d12+4,1d8+4,3.0,B
389,35,14,8,4,1d10+4,1d6+4,35,15,7,4,1d10+4,1d6+4,8.0,A
390,35,17,8,4,1d8+4,1d6+4,41,17,5,4,1d8+4,1d6+4,6.0,A
391,37,18,7,4,1d10+4,1d8+4,33,18,6,4,1d10+4,1d6+4,6.0,A
392,30,18,6,4,1d8+4,1d6+4,39,18,7,4,1d10+4,1d6+4,9.0,B
393,41,15,8,4,1d12+4,1d6+4,38,16,5,4,1d12+4,1d8+4,0.0,A
394,34,17,7,4,1d12+4,1d6+4,38,14,7,4,1d12+4,1d8+4,4.0,A
395,31,17,5,4,1d12+4,1d8+4,30,18,6,4,1d8+4,1d6+4,9.0,B
396,47,14,8,4,1d8+4,1d8+4,34,15,7,4,1d8+4,1d6+4,5.0,A
397,42,17,7,4,1d12+4,1d6+4,39,18,5,4,1d10+4,1d8+4,6.0,A
398,40,15,6,4,1d12+4,1d6+4,30,17,7,4,1d10+4,1d6+4,5.0,B
399,38,18,6,4,1d10+4,1d6+4,31,16,8,4,1d8+4,1d8+4,1.0,B
400,40,16,7,4,1d8+4,1d6+4,45,17,6,4,1d12+4,1d8+4,4.0,B
401,38,16,8,4,1d12+4,1d6+4,31,17,6,4,1d12+4,1d8+4,0.0,B
402,38,15,8,4,1d8+4,1d8+4,36,18,7,4,1d8+4,1d8+4,9.0,B
403,38,16,8,4,1d8+4,1d6+4,49,17,7,4,1d10+4,1d8+4,8.0,B
404,47,18,7,4,1d10+4,1d6+4,45,18,5,4,1d8+4,1d6+4,2.0,A
405,47,18,8,4,1d12+4,1d8+4,46,15,5,4,1d8+4,1d8+4,6.0,A
406,48,14,5,4,1d10+4,1d6+4,43,15,7,4,1d12+4,1d8+4,7.0,A
407,37,18,5,4,1d10+4,1d8+4,48,15,5,4,1d10+4,1d8+4,9.0,A
408,30,16,5,4,1d8+4,1d8+4,30,14,6,4,1d8+4,1d6+4,1.0,B
409,44,15,8,4,1d12+4,1d8+4,31,16,8,4,1d10+4,1d6+4,5.0,A
410,30,15,6,4,1d12+4,1d6+4,32,14,7,4,1d10+4,1d8+4,3.0,A
411,41,14,7,4,1d10+4,1d6+4,36,18,8,4,1d12+4,1d8+4,7.0,B
412,44,16,7,4,1d12+4,1d8+4,38,15,5,4,1d8+4,1d8+4,8.0,A
413,32,14,7,4,1d12+4,1d6+4,32,18,6,4,1d12+4,1d6+4,8.0,B
414,30,14,5,4,1d10+4,1d6+4,37,17,5,4,1d12+4,1d6+4,6.0,B
415,30,14,5,4,1d10+4,1d8+4,46,17,6,4,1d12+4,1d6+4,3.0,B
416,32,17,8,4,1d8+4,1d6+4,44,17,5,4,1d10+4,1d8+4,6.0,B
417,37,16,8,4,1d8+4,1d8+4,32,17,6,4,1d12+4,1d8+4,1.0,B
418,34,17,6,4,1d8+4,1d6+4,36,17,5,4,1d10+4,1d8+4,7.0,A
419,34,17,8,4,1d10+4,1d8+4,45,16,5,4,1d8+4,1d8+4,8.0,A
420,46,16,5,4,1d8+4,1d6+4,46,16,7,4,1d8+4,1d8+4,1.0,A
421,46,15,6,4,1d8+4,1d6+4,40,18,5,4,1d8+4,1d6+4,8.0,B
422,40,18,6,4,1d12+4,1d8+4,50,16,5,4,1d12+4,1d6+4,10.0,B
423,44,16,5,4,1d10+4,1d6+4,32,14,5,4,1d10+4,1d8+4,9.0,A
424,36,18,7,4,1d8+4,1d6+4,31,14,5,4,1d10+4,1d8+4,2.0,B
425,43,17,6,4,1d8+4,1d6+4,36,14,7,4,1d12+4,1d6+4,3.0,A
426,44,15,8,4,1d8+4,1d6+4,36,17,7,4,1d10+4,1d6+4,5.0,A
427,47,14,5,4,1d8+4,1d6+4,35,15,6,4,1d8+4,1d8+4,3.0,B
428,50,18,5,4,1d8+4,1d6+4,37,14,8,4,1d10+4,1d8+4,4.0,A
429,43,14,6,4,1d10+4,1d8+4,49,17,5,4,1d12+4,1d6+4,1.0,A
430,49,16,5,4,1d12+4,1d8+4,38,18,5,4,1d8+4,1d6+4,5.0,A
431,34,16,7,4,1d8+4,1d8+4,37,16,7,4,1d8+4,1d8+4,7.0,A
432,44,17,7,4,1d12+4,1d8+4,34,17,7,4,1d8+4,1d6+4,7.0,A
433,45,14,5,4,1d12+4,1d8+4,40,16,8,4,1d8+4,1d6+4,7.0,A
434,35,14,6,4,1d12+4,1d8+4,41,16,7,4,1d8+4,1d6+4,0.0,A
435,38,16,8,4,1d12+4,1d8+4,30,18,6,4,1d10+4,1d8+4,2.0,B
436,32,15,6,4,1d12+4,1d8+4,41,16,8,4,1d10+4,1d6+4,3.0,B
437,34,15,8,4,1d12+4,1d8+4,47,18,8,4,1d10+4,1d6+4,0.0,B
438,48,18,5,4,1d8+4,1d6+4,38,14,7,4,1d12+4,1d8+4,2.0,A
439,37,18,7,4,1d10+4,1d8+4,44,15,6,4,1d12+4,1d6+4,1.0,B
440,37,16,7,4,1d10+4,1d6+4,48,16,7,4,1d8+4,1d6+4,1.0,A
441,47,18,5,4,1d10+4,1d8+4,33,15,7,4,1d12+4,1d6+4,5.0,A
442,39,15,8,4,1d12+4,1d6+4,49,18,7,4,1d12+4,1d6+4,2.0,B
443,37,17,7,4,1d12+4,1d8+4,35,15,6,4,1d8+4,1d8+4,2.0,A
444,37,15,6,4,1d8+4,1d6+4,46,14,8,4,1d12+4,1d8+4,6.0,A
445,39,14,7,4,1d10+4,1d6+4,42,14,7,4,1d10+4,1d6+4,6.0,A
446,36,16,5,4,1d8+4,1d8+4,40,16,7,4,1d12+4,1d8+4,10.0,A
447,35,14,8,4,1d12+4,1d6+4,35,15,5,4,1d10+4,1d8+4,4.0,A
448,38,18,5,4,1d8+4,1d6+4,45,16,8,4,1d8+4,1d8+4,6.0,A
449,39,14,6,4,1d12+4,1d8+4,36,18,8,4,1d12+4,1d6+4,2.0,B
450,32,15,6,4,1d8+4,1d6+4,40,14,8,4,1d12+4,1d8+4,9.0,B
451,46,16,5,4,1d10+4,1d6+4,42,18,6,4,1d8+4,1d6+4,3.0,B
452,42,17,6,4,1d12+4,1d6+4,44,16,6,4,1d12+4,1d8+4,7.0,A
453,34,16,8,4,1d12+4,1d6+4,37,15,5,4,1d12+4,1d8+4,2.0,B
454,36,15,7,4,1d8+4,1d6+4,41,14,7,4,1d8+4,1d8+4,3.0,A
455,42,15,8,4,1d8+4,1d6+4,30,15,5,4,1d10+4,1d8+4,6.0,A
456,36,15,8,4,1d12+4,1d6+4,40,16,6,4,1d12+4,1d8+4,8.0,B
457,33,16,8,4,1d12+4,1d8+4,30,14,5,4,1d10+4,1d6+4,5.0,A
458,38,16,7,4,1d10+4,1d8+4,34,16,6,4,1d12+4,1d8+4,0.0,A
459,47,14,8,4,1d12+4,1d6+4,46,14,6,4,1d8+4,1d6+4,0.0,A
460,49,16,8,4,1d8+4,1d8+4,31,14,7,4,1d8+4,1d8+4,9.0,A
461,43,17,6,4,1d12+4,1d6+4,47,14,7,4,1d12+4,1d6+4,0.0,B
462,37,16,6,4,1d12+4,1d8+4,37,17,5,4,1d8+4,1d6+4,5.0,B
463,33,16,6,4,1d10+4,1d6+4,40,15,5,4,1d8+4,1d6+4,1.0,B
464,37,14,8,4,1d10+4,1d6+4,41,15,8,4,1d12+4,1d8+4,9.0,A
465,45,16,8,4,1d10+4,1d8+4,31,15,6,4,1d12+4,1d8+4,0.0,B
466,42,17,5,4,1d12+4,1d8+4,35,16,5,4,1d12+4,1d8+4,10.0,B
467,36,17,6,4,1d10+4,1d6+4,31,18,8,4,1d10+4,1d8+4,0.0,B
468,41,15,5,4,1d10+4,1d6+4,41,14,6,4,1d12+4,1d8+4,1.0,B
469,32,18,6,4,1d10+4,1d8+4,41,14,8,4,1d12+4,1d6+4,2.0,A
470,43,16,5,4,1d8+4,1d8+4,34,14,6,4,1d8+4,1d8+4,2.0,B
471,45,16,6,4,1d12+4,1d8+4,37,14,6,4,1d8+4,1d8+4,7.0,B
472,37,17,5,4,1d10+4,1d6+4,30,15,8,4,1d8+4,1d6+4,1.0,B
473,48,18,5,4,1d12+4,1d6+4,43,16,8,4,1d8+4,1d6+4,0.0,A
474,47,18,8,4,1d8+4,1d8+4,40,18,8,4,1d10+4,1d6+4,6.0,B
475,49,14,7,4,1d8+4,1d8+4,32,15,6,4,1d12+4,1d6+4,5.0,B
476,32,17,8,4,1d12+4,1d8+4,33,17,7,4,1d8+4,1d6+4,7.0,A
477,40,18,6,4,1d12+4,1d6+4,38,16,5,4,1d10+4,1d6+4,1.0,B
478,30,14,6,4,1d12+4,1d6+4,45,15,6,4,1d10+4,1d6+4,1.0,B
479,42,15,8,4,1d12+4,1d8+4,33,18,8,4,1d10+4,1d8+4,9.0,A
480,36,15,8,4,1d8+4,1d6+4,50,15,7,4,1d12+4,1d8+4,6.0,B
481,50,15,6,4,1d10+4,1d6+4,34,15,8,4,1d10+4,1d6+4,0.0,B
482,37,14,8,4,1d8+4,1d6+4,38,17,6,4,1d12+4,1d6+4,7.0,B
483,44,15,6,4,1d10+4,1d6+4,44,17,5,4,1d12+4,1d6+4,7.0,B
484,32,15,6,4,1d12+4,1d6+4,48,15,8,4,1d8+4,1d6+4,0.0,B
485,48,18,6,4,1d8+4,1d6+4,44,14,6,4,1d8+4,1d6+4,3.0,B
486,37,15,8,4,1d10+4,1d8+4,49,16,5,4,1d12+4,1d8+4,0.0,A
487,34,16,7,4,1d10+4,1d6+4,50,17,7,4,1d12+4,1d6+4,3.0,A
488,34,16,8,4,1d10+4,1d6+4,30,14,8,4,1d8+4,1d8+4,8.0,A
489,50,14,8,4,1d10+4,1d6+4,40,15,6,4,1d12+4,1d8+4,7.0,A
490,34,16,7,4,1d10+4,1d8+4,32,17,5,4,1d8+4,1d8+4,5.0,B
491,39,17,5,4,1d8+4,1d6+4,45,17,7,4,1d10+4,1d6+4,8.0,A
492,45,14,6,4,1d12+4,1d8+4,30,16,5,4,1d12+4,1d8+4,2.0,A
493,42,16,8,4,1d8+4,1d6+4,32,16,8,4,1d10+4,1d6+4,8.0,A
494,42,14,8,4,1d8+4,1d8+4,39,14,5,4,1d12+4,1d8+4,9.0,A
495,40,16,8,4,1d10+4,1d8+4,36,14,8,4,1d8+4,1d8+4,10.0,A
496,32,14,8,4,1d10+4,1d8+4,37,18,5,4,1d12+4,1d8+4,9.0,A
497,30,14,6,4,1d12+4,1d8+4,32,15,7,4,1d10+4,1d8+4,8.0,B
498,31,17,7,4,1d12+4,1d6+4,43,16,5,4,1d10+4,1d6+4,2.0,B
499,37,18,7,4,1d8+4,1d8+4,35,15,8,4,1d12+4,1d8+4,9.0,A
500,38,17,8,4,1d10+4,1d6+4,31,18,6,4,1d10+4,1d6+4,8.0,B
501,44,18,8,4,1d12+4,1d6+4,39,17,5,4,1d10+4,1d6+4,10.0,A
502,39,14,7,4,1d12+4,1d8+4,41,14,6,4,1d12+4,1d6+4,8.0,A
503,38,18,6,4,1d12+4,1d8+4,39,15,5,4,1d8+4,1d8+4,7.0,A
504,30,16,7,4,1d8+4,1d6+4,37,17,8,4,1d12+4,1d6+4,3.0,B
505,48,16,8,4,1d8+4,1d6+4,35,15,6,4,1d8+4,1d6+4,7.0,A
506,48,14,5,4,1d8+4,1d8+4,41,18,7,4,1d8+4,1d6+4,8.0,B
507,33,14,7,4,1d10+4,1d6+4,37,18,8,4,1d8+4,1d8+4,9.0,B
508,30,14,7,4,1d10+4,1d8+4,31,15,8,4,1d10+4,1d8+4,5.0,A
509,48,16,7,4,1d10+4,1d6+4,44,17,5,4,1d8+4,1d6+4,1.0,A
510,48,15,6,4,1d8+4,1d8+4,41,14,7,4,1d10+4,1d8+4,6.0,B
511,45,18,6,4,1d10+4,1d6+4,34,17,6,4,1d8+4,1d6+4,8.0,A
512,30,17,7,4,1d10+4,1d6+4,43,14,5,4,1d12+4,1d6+4,3.0,B
513,43,18,6,4,1d10+4,1d6+4,41,17,8,4,1d8+4,1d8+4,5.0,B
514,45,17,5,4,1d12+4,1d8+4,32,18,8,4,1d12+4,1d8+4,6.0,A
515,31,15,5,4,1d8+4,1d6+4,43,17,6,4,1d12+4,1d8+4,5.0,B
516,33,16,8,4,1d10+4,1d8+4,49,17,5,4,1d12+4,1d6+4,0.0,B
517,45,15,7,4,1d10+4,1d8+4,48,18,7,4,1d10+4,1d6+4,0.0,B
518,38,14,7,4,1d12+4,1d8+4,47,14,7,4,1d10+4,1d6+4,4.0,A
519,31,16,8,4,1d10+4,1d6+4,44,17,5,4,1d10+4,1d6+4,10.0,A
520,38,14,7,4,1d8+4,1d6+4,45,15,8,4,1d12+4,1d6+4,3.0,A
521,46,14,6,4,1d12+4,1d8+4,42,16,7,4,1d12+4,1d6+4,7.0,A
522,35,18,7,4,1d10+4,1d8+4,47,14,6,4,1d12+4,1d6+4,4.0,B
523,32,16,7,4,1d8+4,1d6+4,44,15,5,4,1d10+4,1d8+4,0.0,B
524,34,16,6,4,1d12+4,1d6+4,48,16,7,4,1d10+4,1d6+4,0.0,B
525,47,18,5,4,1d12+4,1d6+4,42,17,5,4,1d10+4,1d6+4,6.0,B
526,41,16,6,4,1d10+4,1d6+4,34,14,5,4,1d12+4,1d8+4,0.0,A
527,42,14,5,4,1d10+4,1d8+4,42,15,5,4,1d10+4,1d6+4,6.0,B
528,31,16,8,4,1d12+4,1d8+4,44,18,6,4,1d10+4,1d8+4,0.0,A
529,50,18,5,4,1d8+4,1d8+4,33,15,6,4,1d8+4,1d8+4,9.0,B
530,37,14,7,4,1d10+4,1d6+4,32,18,5,4,1d10+4,1d6+4,0.0,A
531,38,14,6,4,1d8+4,1d8+4,35,17,7,4,1d10+4,1d6+4,9.0,A
532,46,15,8,4,1d12+4,1d6+4,46,15,7,4,1d12+4,1d6+4,1.0,B
533,49,17,6,4,1d12+4,1d6+4,39,18,8,4,1d12+4,1d6+4,8.0,A
534,50,14,7,4,1d12+4,1d8+4,48,18,7,4,1d8+4,1d6+4,4.0,B
535,46,14,5,4,1d12+4,1d6+4,45,14,8,4,1d8+4,1d6+4,10.0,A
536,47,18,6,4,1d12+4,1d6+4,36,14,6,4,1d10+4,1d8+4,0.0,A
537,43,16,8,4,1d10+4,1d8+4,40,17,5,4,1d10+4,1d6+4,6.0,B
538,37,17,5,4,1d8+4,1d8+4,34,18,7,4,1d12+4,1d8+4,0.0,A
539,38,15,5,4,1d10+4,1d6+4,38,18,5,4,1d10+4,1d6+4,5.0,A
540,46,18,7,4,1d12+4,1d6+4,46,18,6,4,1d8+4,1d6+4,1.0,A
541,44,15,7,4,1d10+4,1d6+4,44,15,8,4,1d12+4,1d6+4,5.0,B
542,38,18,6,4,1d12+4,1d8+4,39,18,7,4,1d8+4,1d6+4,5.0,A
543,47,18,6,4,1d8+4,1d6+4,49,16,7,4,1d10+4,1d8+4,0.0,A
544,43,14,8,4,1d10+4,1d8+4,43,16,8,4,1d12+4,1d8+4,9.0,A
545,42,14,6,4,1d10+4,1d8+4,50,18,7,4,1d12+4,1d8+4,8.0,B
546,40,15,6,4,1d12+4,1d8+4,33,15,5,4,1d12+4,1d6+4,5.0,B
547,46,15,6,4,1d10+4,1d6+4,48,18,8,4,1d8+4,1d8+4,4.0,A
548,38,17,8,4,1d10+4,1d6+4,41,14,8,4,1d10+4,1d6+4,0.0,B
549,39,17,7,4,1d8+4,1d8+4,43,15,7,4,1d8+4,1d6+4,1.0,A
550,44,17,6,4,1d8+4,1d6+4,35,14,6,4,1d10+4,1d8+4,2.0,A
551,43,15,6,4,1d8+4,1d6+4,37,15,6,4,1d10+4,1d6+4,8.0,B
552,45,17,8,4,1d12+4,1d8+4,33,16,8,4,1d10+4,1d8+4,8.0,B
553,37,17,5,4,1d8+4,1d6+4,48,14,8,4,1d12+4,1d6+4,9.0,B
554,32,17,5,4,1d10+4,1d8+4,36,14,6,4,1d12+4,1d8+4,6.0,B
555,37,18,7,4,1d8+4,1d6+4,31,18,5,4,1d10+4,1d6+4,10.0,B
556,47,14,5,4,1d8+4,1d8+4,49,15,8,4,1d8+4,1d8+4,3.0,B
557,35,18,6,4,1d8+4,1d6+4,30,14,8,4,1d8+4,1d8+4,9.0,B
558,41,18,7,4,1d12+4,1d8+4,33,17,5,4,1d10+4,1d8+4,9.0,A
559,46,18,6,4,1d10+4,1d6+4,42,16,8,4,1d12+4,1d8+4,3.0,A
560,49,16,5,4,1d8+4,1d8+4,40,16,7,4,1d12+4,1d6+4,8.0,B
561,34,15,6,4,1d10+4,1d6+4,31,16,8,4,1d8+4,1d6+4,3.0,B
562,46,15,6,4,1d8+4,1d6+4,31,16,6,4,1d12+4,1d6+4,5.0,A
563,41,14,7,4,1d12+4,1d6+4,41,14,8,4,1d8+4,1d6+4,2.0,A
564,49,14,8,4,1d8+4,1d6+4,37,16,8,4,1d10+4,1d8+4,10.0,A
565,42,17,6,4,1d10+4,1d6+4,39,18,5,4,1d8+4,1d8+4,10.0,A
566,32,15,7,4,1d8+4,1d6+4,33,15,6,4,1d12+4,1d8+4,10.0,B
567,47,18,6,4,1d8+4,1d8+4,47,16,5,4,1d8+4,1d8+4,7.0,B
568,45,14,6,4,1d12+4,1d6+4,48,14,7,4,1d8+4,1d8+4,1.0,A
569,37,17,5,4,1d8+4,1d6+4,42,14,5,4,1d12+4,1d8+4,0.0,A
570,49,14,8,4,1d12+4,1d8+4,44,18,6,4,1d10+4,1d6+4,6.0,A
571,37,17,7,4,1d10+4,1d8+4,46,16,6,4,1d12+4,1d8+4,9.0,B
572,34,16,7,4,1d12+4,1d6+4,46,14,5,4,1d12+4,1d6+4,6.0,B
573,30,17,8,4,1d12+4,1d8+4,50,18,6,4,1d10+4,1d8+4,9.0,A
574,50,17,6,4,1d10+4,1d8+4,34,15,6,4,1d10+4,1d8+4,10.0,B
575,30,17,7,4,1d12+4,1d8+4,39,14,7,4,1d12+4,1d6+4,4.0,A
576,48,14,5,4,1d10+4,1d6+4,44,18,8,4,1d8+4,1d6+4,5.0,B
577,46,18,8,4,1d12+4,1d8+4,32,15,8,4,1d8+4,1d6+4,10.0,A
578,36,15,8,4,1d12+4,1d8+4,44,17,8,4,1d8+4,1d8+4,10.0,B
579,49,16,7,4,1d10+4,1d8+4,35,14,5,4,1d8+4,1d6+4,2.0,A
580,50,16,7,4,1d12+4,1d8+4,46,15,6,4,1d12+4,1d6+4,8.0,A
581,46,17,6,4,1d8+4,1d8+4,43,16,6,4,1d8+4,1d8+4,6.0,B
582,33,17,7,4,1d8+4,1d6+4,50,16,7,4,1d10+4,1d6+4,0.0,A
583,43,15,8,4,1d8+4,1d6+4,44,14,5,4,1d12+4,1d6+4,3.0,A
584,32,14,6,4,1d12+4,1d8+4,45,17,5,4,1d12+4,1d6+4,7.0,B
585,41,18,6,4,1d12+4,1d8+4,36,16,5,4,1d8+4,1d8+4,6.0,B
586,44,18,7,4,1d12+4,1d6+4,45,14,7,4,1d8+4,1d6+4,1.0,A
587,33,14,6,4,1d8+4,1d6+4,38,15,7,4,1d8+4,1d8+4,3.0,A
588,34,16,6,4,1d12+4,1d6+4,34,17,7,4,1d8+4,1d6+4,9.0,A
589,45,16,7,4,1d10+4,1d8+4,47,18,5,4,1d8+4,1d6+4,4.0,B
590,35,15,7,4,1d12+4,1d6+4,46,17,8,4,1d8+4,1d6+4,4.0,B
591,31,18,8,4,1d12+4,1d8+4,46,16,8,4,1d10+4,1d6+4,8.0,A
592,41,15,8,4,1d10+4,1d8+4,33,16,8,4,1d8+4,1d6+4,3.0,A
593,36,15,7,4,1d8+4,1d6+4,50,15,7,4,1d8+4,1d8+4,10.0,B
594,41,18,5,4,1d10+4,1d8+4,48,18,6,4,1d8+4,1d8+4,0.0,A
595,33,14,5,4,1d10+4,1d8+4,36,16,5,4,1d8+4,1d8+4,10.0,B
596,38,14,6,4,1d8+4,1d8+4,35,15,8,4,1d12+4,1d6+4,0.0,B
597,41,16,6,4,1d8+4,1d8+4,41,17,7,4,1d12+4,1d6+4,5.0,B
598,42,18,8,4,1d8+4,1d8+4,33,16,5,4,1d10+4,1d6+4,6.0,A
599,47,18,5,4,1d12+4,1d8+4,38,17,7,4,1d10+4,1d6+4,6.0,A
600,30,17,7,4,1d12+4,1d6+4,36,17,6,4,1d8+4,1d8+4,10.0,A
601,37,15,6,4,1d12+4,1d8+4,42,16,5,4,1d10+4,1d8+4,6.0,B
602,35,18,5,4,1d10+4,1d8+4,43,17,5,4,1d12+4,1d6+4,10.0,A
603,34,17,6,4,1d10+4,1d6+4,49,14,8,4,1d12+4,1d8+4,4.0,B
604,36,15,5,4,1d12+4,1d6+4,46,15,5,4,1d10+4,1d6+4,6.0,B
605,47,18,8,4,1d10+4,1d6+4,32,16,7,4,1d10+4,1d8+4,1.0,A
606,48,16,7,4,1d8+4,1d6+4,45,18,5,4,1d10+4,1d8+4,5.0,A
607,46,14,5,4,1d10+4,1d6+4,33,16,7,4,1d10+4,1d6+4,2.0,B
608,50,18,5,4,1d8+4,1d8+4,30,17,6,4,1d10+4,1d6+4,0.0,A
609,37,18,6,4,1d8+4,1d8+4,32,17,7,4,1d12+4,1d6+4,9.0,A
610,32,15,5,4,1d12+4,1d6+4,40,16,6,4,1d10+4,1d8+4,6.0,B
611,40,17,7,4,1d12+4,1d8+4,49,15,8,4,1d12+4,1d6+4,10.0,A
612,44,17,5,4,1d10+4,1d8+4,43,18,5,4,1d10+4,1d6+4,9.0,A
613,35,14,6,4,1d10+4,1d6+4,49,17,8,4,1d8+4,1d8+4,8.0,B
614,35,14,7,4,1d10+4,1d8+4,48,18,6,4,1d10+4,1d8+4,7.0,B
615,35,16,7,4,1d8+4,1d8+4,47,16,5,4,1d8+4,1d6+4,7.0,B
616,48,14,8,4,1d10+4,1d6+4,41,18,5,4,1d10+4,1d8+4,10.0,B
617,33,17,5,4,1d12+4,1d6+4,37,18,7,4,1d10+4,1d6+4,6.0,B
618,35,18,6,4,1d12+4,1d8+4,44,14,7,4,1d12+4,1d6+4,9.0,B
619,34,16,5,4,1d8+4,1d6+4,37,14,5,4,1d12+4,1d8+4,1.0,B
620,50,15,5,4,1d10+4,1d6+4,47,15,6,4,1d12+4,1d6+4,7.0,A
621,38,16,8,4,1d12+4,1d8+4,36,17,5,4,1d8+4,1d6+4,10.0,A
622,37,18,6,4,1d12+4,1d8+4,40,17,7,4,1d8+4,1d6+4,10.0,A
623,37,15,8,4,1d8+4,1d6+4,44,18,5,4,1d8+4,1d6+4,4.0,A
624,46,16,7,4,1d12+4,1d8+4,44,14,8,4,1d8+4,1d6+4,0.0,B
625,43,16,5,4,1d10+4,1d6+4,32,16,5,4,1d12+4,1d8+4,2.0,A
626,49,14,5,4,1d10+4,1d8+4,32,18,6,4,1d12+4,1d8+4,4.0,A
627,30,17,6,4,1d8+4,1d6+4,33,16,8,4,1d12+4,1d8+4,9.0,B
628,37,14,7,4,1d8+4,1d6+4,30,14,8,4,1d10+4,1d6+4,10.0,A
629,45,17,7,4,1d12+4,1d6+4,35,17,6,4,1d8+4,1d6+4,8.0,A
630,36,15,7,4,1d10+4,1d8+4,44,18,6,4,1d10+4,1d6+4,3.0,A
631,37,14,5,4,1d10+4,1d8+4,49,16,5,4,1d12+4,1d8+4,10.0,B
632,36,17,6,4,1d12+4,1d8+4,44,18,8,4,1d8+4,1d8+4,7.0,B
633,31,14,7,4,1d8+4,1d6+4,47,15,8,4,1d8+4,1d8+4,4.0,B
634,33,17,6,4,1d12+4,1d8+4,46,14,8,4,1d10+4,1d8+4,8.0,B
635,32,15,5,4,1d10+4,1d8+4,36,14,7,4,1d12+4,1d8+4,5.0,A
636,40,15,8,4,1d12+4,1d6+4,48,15,6,4,1d8+4,1d6+4,7.0,B
637,48,15,7,4,1d8+4,1d8+4,45,14,5,4,1d12+4,1d6+4,10.0,B
638,35,16,6,4,1d10+4,1d6+4,40,17,8,4,1d12+4,1d8+4,10.0,B
639,34,17,8,4,1d12+4,1d8+4,37,15,7,4,1d12+4,1d6+4,10.0,A
640,30,14,6,4,1d12+4,1d6+4,44,15,8,4,1d10+4,1d6+4,7.0,B
641,32,15,8,4,1d8+4,1d8+4,41,14,7,4,1d10+4,1d8+4,1.0,B
642,31,15,5,4,1d12+4,1d8+4,37,17,8,4,1d8+4,1d8+4,2.0,A
643,41,14,7,4,1d12+4,1d8+4,50,17,7,4,1d12+4,1d8+4,7.0,B
644,39,15,8,4,1d10+4,1d8+4,35,15,5,4,1d10+4,1d8+4,9.0,A
645,32,15,6,4,1d8+4,1d6+4,43,17,7,4,1d12+4,1d8+4,5.0,B
646,38,16,6,4,1d8+4,1d8+4,44,15,8,4,1d12+4,1d6+4,2.0,B
647,49,15,7,4,1d8+4,1d8+4,40,17,7,4,1d12+4,1d6+4,6.0,A
648,37,17,6,4,1d8+4,1d6+4,35,18,8,4,1d10+4,1d8+4,1.0,A
649,44,17,6,4,1d12+4,1d6+4,47,14,7,4,1d10+4,1d8+4,10.0,B
650,49,16,7,4,1d8+4,1d6+4,47,17,7,4,1d12+4,1d8+4,5.0,B
651,44,16,6,4,1d8+4,1d8+4,33,17,5,4,1d10+4,1d6+4,6.0,B
652,38,16,5,4,1d8+4,1d6+4,41,14,8,4,1d12+4,1d8+4,8.0,B
653,48,14,8,4,1d10+4,1d6+4,38,17,7,4,1d8+4,1d6+4,10.0,B
654,48,15,6,4,1d8+4,1d6+4,47,17,8,4,1d8+4,1d6+4,0.0,B
655,36,14,6,4,1d12+4,1d8+4,50,14,7,4,1d12+4,1d6+4,10.0,B
656,31,15,5,4,1d8+4,1d8+4,39,15,8,4,1d10+4,1d6+4,0.0,A
657,48,15,6,4,1d8+4,1d6+4,40,15,5,4,1d10+4,1d6+4,6.0,A
658,48,16,8,4,1d12+4,1d8+4,48,14,7,4,1d12+4,1d8+4,8.0,B
659,38,16,6,4,1d8+4,1d6+4,39,17,6,4,1d8+4,1d6+4,7.0,A
660,30,17,8,4,1d12+4,1d6+4,39,16,8,4,1d10+4,1d8+4,10.0,B
661,44,14,7,4,1d8+4,1d8+4,46,16,5,4,1d8+4,1d8+4,7.0,A
662,34,16,5,4,1d10+4,1d8+4,37,14,5,4,1d12+4,1d6+4,9.0,B
663,41,18,6,4,1d8+4,1d6+4,43,15,6,4,1d12+4,1d8+4,0.0,B
664,49,14,8,4,1d10+4,1d6+4,40,18,5,4,1d12+4,1d6+4,5.0,A
665,33,14,6,4,1d12+4,1d6+4,42,17,7,4,1d8+4,1d8+4,3.0,A
666,45,16,5,4,1d12+4,1d8+4,45,15,8,4,1d12+4,1d8+4,8.0,A
667,34,15,8,4,1d10+4,1d8+4,31,17,5,4,1d12+4,1d6+4,0.0,A
668,45,16,6,4,1d10+4,1d6+4,44,16,8,4,1d8+4,1d6+4,4.0,B
669,35,18,7,4,1d8+4,1d8+4,33,17,7,4,1d8+4,1d6+4,7.0,A
670,50,18,6,4,1d12+4,1d6+4,49,15,6,4,1d10+4,1d8+4,6.0,A
671,40,15,8,4,1d10+4,1d6+4,30,18,7,4,1d10+4,1d8+4,2.0,A
672,42,14,6,4,1d10+4,1d6+4,34,16,5,4,1d10+4,1d8+4,3.0,A
673,38,18,5,4,1d10+4,1d6+4,38,14,6,4,1d12+4,1d6+4,1.0,A
674,40,16,5,4,1d12+4,1d6+4,39,15,6,4,1d8+4,1d6+4,9.0,A
675,44,14,8,4,1d12+4,1d6+4,50,17,8,4,1d8+4,1d8+4,1.0,B
676,32,16,6,4,1d12+4,1d8+4,36,15,6,4,1d12+4,1d6+4,0.0,B
677,34,15,5,4,1d12+4,1d6+4,31,17,6,4,1d8+4,1d6+4,6.0,B
678,34,15,5,4,1d10+4,1d8+4,47,16,5,4,1d10+4,1d6+4,9.0,B
679,35,16,8,4,1d12+4,1d6+4,48,18,7,4,1d8+4,1d6+4,1.0,A
680,37,16,7,4,1d10+4,1d8+4,30,15,7,4,1d8+4,1d6+4,9.0,B
681,32,16,7,4,1d12+4,1d8+4,47,15,7,4,1d12+4,1d8+4,7.0,B
682,41,17,5,4,1d8+4,1d8+4,44,14,5,4,1d10+4,1d8+4,1.0,A
683,33,16,8,4,1d10+4,1d8+4,31,17,6,4,1d8+4,1d8+4,1.0,A
684,48,16,5,4,1d10+4,1d6+4,50,16,8,4,1d12+4,1d8+4,7.0,B
685,41,16,8,4,1d8+4,1d6+4,47,18,5,4,1d12+4,1d6+4,10.0,A
686,34,17,8,4,1d12+4,1d8+4,35,17,5,4,1d8+4,1d6+4,9.0,A
687,45,18,8,4,1d8+4,1d8+4,42,17,6,4,1d12+4,1d8+4,8.0,A
688,44,18,6,4,1d10+4,1d8+4,30,16,6,4,1d8+4,1d6+4,0.0,A
689,41,16,6,4,1d8+4,1d6+4,40,16,5,4,1d10+4,1d8+4,2.0,B
690,39,14,5,4,1d8+4,1d6+4,46,14,7,4,1d12+4,1d8+4,9.0,B
691,47,14,8,4,1d10+4,1d6+4,37,14,8,4,1d8+4,1d6+4,1.0,B
692,43,14,7,4,1d10+4,1d8+4,43,18,7,4,1d8+4,1d6+4,3.0,A
693,46,16,8,4,1d8+4,1d8+4,31,16,7,4,1d12+4,1d8+4,3.0,B
694,38,18,7,4,1d12+4,1d6+4,41,18,6,4,1d10+4,1d8+4,3.0,B
695,32,14,5,4,1d8+4,1d6+4,40,15,5,4,1d8+4,1d6+4,7.0,A
696,42,16,7,4,1d8+4,1d6+4,40,14,7,4,1d10+4,1d8+4,6.0,A
697,32,18,8,4,1d12+4,1d8+4,30,16,8,4,1d8+4,1d8+4,5.0,B
698,50,16,7,4,1d12+4,1d8+4,34,17,6,4,1d12+4,1d8+4,6.0,B
699,50,17,5,4,1d12+4,1d6+4,34,16,8,4,1d8+4,1d8+4,8.0,A
700,44,15,7,4,1d12+4,1d6+4,37,15,6,4,1d8+4,1d6+4,10.0,A
701,35,14,7,4,1d10+4,1d6+4,50,16,7,4,1d8+4,1d8+4,2.0,B
702,31,14,5,4,1d10+4,1d6+4,49,17,7,4,1d8+4,1d6+4,7.0,A
703,48,14,7,4,1d10+4,1d6+4,37,16,7,4,1d8+4,1d8+4,0.0,A
704,50,16,7,4,1d12+4,1d8+4,42,17,6,4,1d10+4,1d8+4,5.0,A
705,37,15,8,4,1d12+4,1d6+4,33,16,5,4,1d10+4,1d6+4,5.0,A
706,32,15,8,4,1d10+4,1d8+4,39,16,5,4,1d12+4,1d8+4,9.0,A
707,39,16,7,4,1d12+4,1d8+4,45,15,5,4,1d8+4,1d8+4,9.0,B
708,48,18,6,4,1d10+4,1d8+4,30,15,7,4,1d10+4,1d6+4,2.0,A
709,44,15,8,4,1d8+4,1d6+4,49,14,5,4,1d8+4,1d8+4,4.0,A
710,42,18,5,4,1d12+4,1d8+4,36,17,7,4,1d12+4,1d6+4,4.0,B
711,33,16,5,4,1d8+4,1d8+4,44,18,6,4,1d8+4,1d6+4,7.0,B
712,43,15,6,4,1d10+4,1d8+4,44,15,7,4,1d12+4,1d8+4,3.0,B
713,47,17,5,4,1d8+4,1d6+4,45,15,7,4,1d8+4,1d8+4,10.0,A
714,41,14,7,4,1d8+4,1d8+4,47,15,7,4,1d10+4,1d8+4,1.0,B
715,38,15,7,4,1d10+4,1d6+4,48,14,6,4,1d8+4,1d8+4,7.0,B
716,50,18,5,4,1d10+4,1d8+4,34,16,6,4,1d12+4,1d6+4,10.0,A
717,32,17,5,4,1d8+4,1d6+4,43,16,8,4,1d8+4,1d6+4,9.0,B
718,42,18,7,4,1d10+4,1d6+4,42,17,6,4,1d10+4,1d8+4,6.0,B
719,44,16,8,4,1d8+4,1d6+4,46,16,7,4,1d12+4,1d6+4,7.0,A
720,33,15,8,4,1d8+4,1d8+4,44,16,7,4,1d12+4,1d8+4,10.0,B
721,40,15,7,4,1d10+4,1d6+4,40,18,7,4,1d8+4,1d8+4,1.0,B
722,31,15,6,4,1d12+4,1d8+4,39,14,8,4,1d12+4,1d6+4,5.0,B
723,49,17,7,4,1d12+4,1d6+4,39,17,6,4,1d12+4,1d6+4,7.0,A
724,35,17,5,4,1d10+4,1d8+4,36,17,6,4,1d12+4,1d8+4,5.0,A
725,46,15,5,4,1d10+4,1d8+4,47,17,7,4,1d12+4,1d8+4,10.0,B
726,33,18,8,4,1d10+4,1d6+4,45,18,6,4,1d10+4,1d6+4,9.0,A
727,48,15,7,4,1d10+4,1d8+4,35,18,7,4,1d12+4,1d8+4,6.0,B
728,38,17,7,4,1d10+4,1d6+4,32,15,8,4,1d10+4,1d8+4,10.0,B
729,37,14,5,4,1d8+4,1d6+4,35,16,5,4,1d10+4,1d8+4,5.0,A
730,37,16,6,4,1d10+4,1d6+4,38,15,8,4,1d10+4,1d6+4,1.0,A
731,45,14,7,4,1d8+4,1d6+4,35,18,6,4,1d8+4,1d8+4,4.0,A
732,47,15,6,4,1d12+4,1d8+4,44,18,8,4,1d8+4,1d6+4,4.0,A
733,50,15,5,4,1d12+4,1d6+4,49,18,5,4,1d10+4,1d6+4,1.0,B
734,40,14,8,4,1d8+4,1d6+4,36,18,5,4,1d12+4,1d6+4,2.0,A
735,40,18,7,4,1d8+4,1d8+4,30,14,7,4,1d8+4,1d8+4,6.0,A
736,47,16,6,4,1d10+4,1d8+4,47,18,8,4,1d8+4,1d8+4,2.0,A
737,41,15,6,4,1d12+4,1d8+4,32,14,8,4,1d8+4,1d8+4,5.0,A
738,47,15,5,4,1d12+4,1d8+4,34,18,7,4,1d10+4,1d8+4,10.0,A
739,50,17,6,4,1d10+4,1d6+4,49,18,7,4,1d12+4,1d8+4,2.0,B
740,44,15,6,4,1d12+4,1d8+4,46,15,8,4,1d12+4,1d6+4,10.0,A
741,30,18,7,4,1d12+4,1d6+4,48,14,7,4,1d12+4,1d8+4,9.0,A
742,43,18,6,4,1d10+4,1d8+4,44,17,8,4,1d10+4,1d6+4,7.0,A
743,38,14,7,4,1d10+4,1d8+4,49,17,7,4,1d12+4,1d6+4,10.0,B
744,41,16,6,4,1d12+4,1d8+4,42,18,8,4,1d8+4,1d6+4,6.0,B
745,31,18,6,4,1d8+4,1d8+4,32,15,5,4,1d12+4,1d8+4,3.0,A
746,43,16,8,4,1d8+4,1d8+4,36,14,5,4,1d10+4,1d8+4,5.0,A
747,31,18,6,4,1d12+4,1d8+4,44,17,5,4,1d10+4,1d8+4,6.0,B
748,30,14,7,4,1d10+4,1d8+4,30,14,5,4,1d12+4,1d8+4,5.0,B
749,45,18,8,4,1d10+4,1d6+4,33,14,7,4,1d10+4,1d8+4,5.0,A
750,36,16,7,4,1d8+4,1d6+4,34,14,8,4,1d12+4,1d6+4,3.0,A
751,39,15,7,4,1d10+4,1d8+4,32,16,6,4,1d10+4,1d8+4,6.0,A
752,38,16,6,4,1d12+4,1d8+4,37,14,7,4,1d8+4,1d6+4,8.0,A
753,32,15,5,4,1d12+4,1d6+4,50,16,7,4,1d10+4,1d8+4,1.0,A
754,39,15,5,4,1d10+4,1d8+4,33,18,7,4,1d12+4,1d6+4,2.0,B
755,47,15,6,4,1d10+4,1d8+4,37,17,6,4,1d10+4,1d6+4,7.0,A
756,45,14,5,4,1d12+4,1d8+4,49,16,6,4,1d12+4,1d6+4,7.0,B
757,41,17,5,4,1d12+4,1d8+4,44,14,8,4,1d12+4,1d6+4,10.0,B
758,49,17,8,4,1d8+4,1d6+4,30,14,6,4,1d10+4,1d6+4,1.0,A
759,37,18,8,4,1d12+4,1d8+4,44,17,5,4,1d10+4,1d6+4,4.0,B
760,35,17,6,4,1d10+4,1d6+4,36,18,8,4,1d10+4,1d8+4,2.0,A
761,46,15,6,4,1d10+4,1d8+4,30,14,5,4,1d8+4,1d8+4,1.0,A
762,31,14,5,4,1d8+4,1d6+4,44,15,8,4,1d12+4,1d8+4,4.0,B
763,31,16,8,4,1d10+4,1d8+4,47,15,5,4,1d10+4,1d8+4,4.0,A
764,47,17,7,4,1d8+4,1d6+4,48,17,6,4,1d12+4,1d6+4,6.0,A
765,48,17,7,4,1d12+4,1d8+4,46,18,8,4,1d12+4,1d6+4,9.0,A
766,30,18,7,4,1d10+4,1d8+4,34,15,5,4,1d8+4,1d8+4,10.0,A
767,33,15,7,4,1d12+4,1d6+4,41,16,6,4,1d12+4,1d6+4,9.0,B
768,40,14,6,4,1d12+4,1d6+4,50,16,8,4,1d10+4,1d8+4,2.0,B
769,34,16,5,4,1d10+4,1d6+4,30,17,8,4,1d8+4,1d8+4,6.0,A
770,42,16,8,4,1d8+4,1d6+4,37,14,5,4,1d10+4,1d8+4,8.0,A
771,50,16,8,4,1d12+4,1d6+4,46,18,6,4,1d10+4,1d8+4,5.0,A
772,37,16,7,4,1d8+4,1d8+4,41,18,6,4,1d8+4,1d8+4,8.0,A
773,38,16,6,4,1d12+4,1d8+4,43,16,8,4,1d12+4,1d6+4,9.0,A
774,47,15,7,4,1d10+4,1d6+4,41,14,5,4,1d8+4,1d8+4,0.0,A
775,30,18,8,4,1d8+4,1d6+4,41,14,5,4,1d12+4,1d6+4,7.0,A
776,48,15,5,4,1d12+4,1d8+4,46,17,8,4,1d8+4,1d8+4,6.0,B
777,48,14,6,4,1d8+4,1d6+4,38,17,7,4,1d8+4,1d8+4,10.0,B
778,50,16,6,4,1d12+4,1d8+4,39,16,8,4,1d10+4,1d6+4,3.0,A
779,48,17,7,4,1d10+4,1d6+4,37,16,5,4,1d10+4,1d6+4,5.0,B
780,43,18,6,4,1d8+4,1d8+4,34,14,5,4,1d8+4,1d8+4,9.0,A
781,44,18,5,4,1d12+4,1d8+4,30,18,8,4,1d12+4,1d8+4,4.0,A
782,49,15,7,4,1d12+4,1d6+4,45,17,7,4,1d10+4,1d6+4,5.0,A
783,38,18,5,4,1d10+4,1d6+4,43,18,6,4,1d12+4,1d8+4,10.0,B
784,31,15,6,4,1d8+4,1d8+4,43,15,5,4,1d8+4,1d8+4,5.0,B
785,40,16,6,4,1d8+4,1d8+4,44,16,8,4,1d12+4,1d6+4,4.0,A
786,44,16,5,4,1d10+4,1d6+4,31,14,7,4,1d8+4,1d8+4,10.0,A
787,47,16,6,4,1d8+4,1d8+4,46,14,7,4,1d8+4,1d8+4,9.0,B
788,50,17,7,4,1d10+4,1d6+4,32,17,6,4,1d12+4,1d6+4,2.0,B
789,32,18,5,4,1d12+4,1d8+4,44,15,7,4,1d12+4,1d6+4,9.0,B
790,36,17,5,4,1d10+4,1d6+4,37,16,7,4,1d10+4,1d6+4,6.0,B
791,42,18,8,4,1d8+4,1d6+4,39,15,5,4,1d12+4,1d8+4,8.0,B
792,36,18,7,4,1d12+4,1d6+4,30,18,6,4,1d8+4,1d8+4,6.0,A
793,33,16,7,4,1d8+4,1d6+4,48,18,7,4,1d10+4,1d6+4,6.0,A
794,38,17,7,4,1d8+4,1d8+4,42,18,6,4,1d12+4,1d6+4,10.0,B
795,35,18,6,4,1d12+4,1d6+4,37,14,5,4,1d12+4,1d6+4,0.0,B
796,40,15,6,4,1d12+4,1d6+4,41,15,5,4,1d8+4,1d6+4,6.0,A
797,31,16,7,4,1d8+4,1d8+4,32,17,6,4,1d12+4,1d6+4,9.0,A
798,37,14,8,4,1d8+4,1d8+4,48,16,6,4,1d10+4,1d6+4,4.0,B
799,49,14,8,4,1d8+4,1d6+4,32,14,8,4,1d8+4,1d6+4,10.0,A
800,32,15,5,4,1d12+4,1d6+4,38,15,6,4,1d8+4,1d8+4,2.0,A
801,41,14,5,4,1d12+4,1d8+4,37,18,6,4,1d10+4,1d6+4,9.0,B
802,43,16,8,4,1d12+4,1d8+4,31,18,5,4,1d10+4,1d6+4,0.0,B
803,35,17,6,4,1d12+4,1d6+4,43,15,5,4,1d12+4,1d6+4,0.0,A
804,41,17,7,4,1d8+4,1d8+4,33,18,5,4,1d10+4,1d6+4,5.0,A
805,42,18,7,4,1d10+4,1d8+4,45,15,7,4,1d8+4,1d8+4,4.0,B
806,50,16,8,4,1d8+4,1d6+4,43,17,6,4,1d8+4,1d8+4,7.0,A
807,48,14,7,4,1d12+4,1d6+4,50,14,8,4,1d8+4,1d6+4,4.0,A
808,45,18,5,4,1d10+4,1d8+4,34,17,8,4,1d12+4,1d6+4,6.0,A
809,38,16,8,4,1d12+4,1d6+4,48,15,5,4,1d8+4,1d6+4,6.0,A
810,40,16,8,4,1d10+4,1d8+4,31,15,5,4,1d10+4,1d6+4,6.0,A
811,49,16,8,4,1d12+4,1d8+4,38,17,8,4,1d12+4,1d8+4,4.0,A
812,47,16,7,4,1d10+4,1d6+4,42,16,5,4,1d10+4,1d8+4,10.0,B
813,43,16,8,4,1d8+4,1d6+4,39,17,7,4,1d10+4,1d8+4,3.0,B
814,39,14,8,4,1d8+4,1d8+4,42,18,8,4,1d8+4,1d8+4,3.0,B
815,34,16,7,4,1d10+4,1d8+4,36,17,7,4,1d8+4,1d6+4,1.0,A
816,39,15,5,4,1d12+4,1d8+4,30,15,6,4,1d8+4,1d6+4,9.0,A
817,31,18,6,4,1d8+4,1d6+4,44,14,5,4,1d8+4,1d8+4,0.0,A
818,47,16,6,4,1d12+4,1d6+4,43,18,6,4,1d12+4,1d8+4,9.0,B
819,38,16,6,4,1d12+4,1d6+4,37,14,6,4,1d10+4,1d8+4,4.0,A
820,43,16,6,4,1d12+4,1d8+4,49,15,6,4,1d10+4,1d8+4,4.0,A
821,37,18,8,4,1d10+4,1d6+4,31,15,8,4,1d8+4,1d6+4,3.0,A
822,33,18,6,4,1d10+4,1d8+4,41,14,8,4,1d12+4,1d6+4,1.0,A
823,35,17,7,4,1d8+4,1d8+4,45,14,6,4,1d8+4,1d6+4,0.0,B
824,31,15,7,4,1d10+4,1d8+4,42,15,8,4,1d10+4,1d8+4,7.0,B
825,50,15,7,4,1d12+4,1d8+4,38,17,8,4,1d12+4,1d6+4,5.0,A
826,44,14,5,4,1d8+4,1d6+4,32,14,6,4,1d8+4,1d8+4,10.0,A
827,42,14,8,4,1d12+4,1d6+4,46,15,7,4,1d8+4,1d6+4,7.0,A
828,41,15,7,4,1d8+4,1d6+4,43,14,5,4,1d10+4,1d8+4,9.0,B
829,43,14,6,4,1d12+4,1d8+4,48,14,7,4,1d12+4,1d8+4,3.0,B
830,32,14,5,4,1d12+4,1d6+4,40,14,6,4,1d12+4,1d8+4,2.0,B
831,49,14,7,4,1d12+4,1d8+4,38,14,7,4,1d10+4,1d6+4,10.0,B
832,42,14,6,4,1d10+4,1d6+4,43,17,5,4,1d10+4,1d6+4,5.0,A
833,45,14,7,4,1d10+4,1d6+4,36,18,7,4,1d10+4,1d6+4,8.0,A
834,33,18,8,4,1d12+4,1d8+4,41,17,8,4,1d8+4,1d6+4,1.0,B
835,45,15,5,4,1d8+4,1d8+4,35,16,8,4,1d10+4,1d6+4,8.0,A
836,31,14,8,4,1d12+4,1d6+4,37,15,5,4,1d10+4,1d8+4,7.0,B
837,46,14,8,4,1d10+4,1d6+4,36,14,5,4,1d10+4,1d8+4,5.0,B
838,34,17,5,4,1d10+4,1d6+4,35,17,8,4,1d10+4,1d8+4,5.0,B
839,44,16,6,4,1d12+4,1d6+4,35,14,7,4,1d10+4,1d8+4,7.0,A
840,31,18,7,4,1d10+4,1d6+4,32,18,5,4,1d12+4,1d8+4,4.0,A
841,50,17,8,4,1d12+4,1d8+4,47,14,7,4,1d8+4,1d8+4,0.0,A
842,30,17,8,4,1d10+4,1d8+4,46,17,8,4,1d10+4,1d6+4,5.0,B
843,41,17,6,4,1d8+4,1d8+4,37,17,7,4,1d12+4,1d6+4,9.0,A
844,33,14,7,4,1d12+4,1d8+4,43,14,8,4,1d12+4,1d8+4,7.0,B
845,32,14,8,4,1d12+4,1d8+4,34,18,6,4,1d12+4,1d8+4,3.0,B
846,49,17,5,4,1d8+4,1d6+4,44,17,7,4,1d10+4,1d8+4,2.0,A
847,42,14,6,4,1d10+4,1d8+4,49,16,8,4,1d8+4,1d8+4,0.0,B
848,48,18,7,4,1d12+4,1d8+4,30,14,8,4,1d8+4,1d8+4,5.0,A
849,39,15,8,4,1d12+4,1d6+4,44,15,6,4,1d8+4,1d8+4,7.0,B
850,41,18,7,4,1d8+4,1d6+4,43,16,6,4,1d12+4,1d8+4,5.0,B
851,47,18,7,4,1d8+4,1d6+4,30,18,6,4,1d8+4,1d8+4,0.0,A
852,49,17,6,4,1d10+4,1d8+4,44,17,7,4,1d10+4,1d6+4,4.0,A
853,37,15,7,4,1d10+4,1d6+4,33,16,8,4,1d10+4,1d6+4,3.0,A
854,47,17,6,4,1d12+4,1d6+4,32,17,8,4,1d10+4,1d8+4,7.0,A
855,36,17,7,4,1d12+4,1d6+4,46,18,8,4,1d8+4,1d8+4,2.0,B
856,45,17,8,4,1d12+4,1d8+4,42,16,7,4,1d12+4,1d6+4,2.0,B
857,43,16,6,4,1d12+4,1d6+4,36,18,8,4,1d8+4,1d6+4,0.0,A
858,44,17,8,4,1d10+4,1d6+4,50,17,5,4,1d10+4,1d8+4,10.0,A
859,47,16,6,4,1d10+4,1d8+4,48,17,5,4,1d8+4,1d8+4,2.0,B
860,48,15,5,4,1d10+4,1d8+4,39,16,5,4,1d12+4,1d8+4,0.0,A
861,31,16,5,4,1d12+4,1d8+4,34,14,8,4,1d12+4,1d6+4,7.0,B
862,38,14,7,4,1d8+4,1d6+4,35,15,8,4,1d8+4,1d6+4,8.0,B
863,30,18,6,4,1d10+4,1d6+4,35,18,8,4,1d8+4,1d6+4,1.0,B
864,47,15,6,4,1d12+4,1d8+4,44,16,8,4,1d8+4,1d6+4,8.0,A
865,39,18,6,4,1d10+4,1d8+4,30,18,8,4,1d10+4,1d8+4,9.0,B
866,40,17,6,4,1d8+4,1d6+4,48,14,7,4,1d10+4,1d8+4,4.0,A
867,36,14,7,4,1d8+4,1d6+4,48,16,5,4,1d8+4,1d8+4,4.0,A
868,40,17,7,4,1d12+4,1d6+4,33,17,6,4,1d12+4,1d8+4,6.0,A
869,42,17,5,4,1d8+4,1d6+4,38,14,6,4,1d10+4,1d6+4,0.0,B
870,34,18,5,4,1d8+4,1d6+4,48,15,8,4,1d10+4,1d6+4,2.0,B
871,34,16,8,4,1d12+4,1d6+4,31,14,6,4,1d8+4,1d8+4,9.0,A
872,41,14,8,4,1d12+4,1d6+4,50,14,6,4,1d8+4,1d6+4,3.0,A
873,43,16,8,4,1d8+4,1d6+4,41,15,6,4,1d8+4,1d6+4,1.0,A
874,36,15,8,4,1d8+4,1d6+4,32,16,5,4,1d10+4,1d8+4,3.0,B
875,44,18,8,4,1d10+4,1d8+4,38,16,7,4,1d10+4,1d6+4,9.0,B
876,35,16,5,4,1d12+4,1d6+4,41,14,5,4,1d8+4,1d6+4,0.0,B
877,41,16,7,4,1d12+4,1d8+4,36,17,7,4,1d10+4,1d6+4,8.0,A
878,40,18,5,4,1d12+4,1d8+4,45,15,7,4,1d10+4,1d8+4,3.0,A
879,44,17,5,4,1d10+4,1d8+4,31,14,6,4,1d10+4,1d8+4,3.0,A
880,38,16,5,4,1d12+4,1d6+4,45,16,7,4,1d8+4,1d8+4,4.0,B
881,35,15,6,4,1d12+4,1d8+4,40,14,5,4,1d8+4,1d8+4,10.0,A
882,44,18,8,4,1d12+4,1d8+4,48,17,6,4,1d10+4,1d6+4,4.0,B
883,50,14,8,4,1d8+4,1d6+4,39,14,7,4,1d10+4,1d8+4,9.0,B
884,40,16,5,4,1d12+4,1d8+4,33,15,7,4,1d8+4,1d6+4,6.0,B
885,43,17,5,4,1d8+4,1d6+4,34,14,6,4,1d8+4,1d8+4,0.0,A
886,33,18,8,4,1d8+4,1d8+4,34,14,7,4,1d12+4,1d6+4,3.0,A
887,46,15,7,4,1d10+4,1d8+4,34,15,8,4,1d10+4,1d6+4,5.0,A
888,42,17,8,4,1d8+4,1d8+4,38,17,7,4,1d8+4,1d6+4,1.0,B
889,34,17,6,4,1d12+4,1d6+4,43,14,7,4,1d8+4,1d8+4,5.0,A
890,38,18,7,4,1d8+4,1d8+4,45,17,5,4,1d12+4,1d8+4,7.0,A
891,33,17,8,4,1d8+4,1d6+4,50,14,7,4,1d12+4,1d8+4,5.0,B
892,49,18,7,4,1d10+4,1d6+4,31,17,6,4,1d8+4,1d6+4,7.0,A
893,35,14,5,4,1d12+4,1d6+4,46,15,5,4,1d10+4,1d6+4,6.0,A
894,38,18,7,4,1d10+4,1d8+4,33,17,8,4,1d10+4,1d8+4,10.0,A
895,30,15,7,4,1d10+4,1d8+4,30,17,7,4,1d8+4,1d8+4,8.0,A
896,49,15,6,4,1d10+4,1d8+4,39,18,8,4,1d10+4,1d8+4,10.0,A
897,32,15,5,4,1d8+4,1d6+4,43,16,6,4,1d12+4,1d8+4,0.0,B
898,32,15,7,4,1d10+4,1d6+4,31,14,5,4,1d10+4,1d8+4,10.0,B
899,45,18,5,4,1d8+4,1d6+4,32,15,8,4,1d8+4,1d6+4,3.0,B
900,34,17,8,4,1d12+4,1d8+4,36,18,8,4,1d8+4,1d8+4,6.0,B
901,42,14,6,4,1d8+4,1d6+4,47,16,7,4,1d8+4,1d6+4,1.0,B
902,39,16,5,4,1d10+4,1d6+4,44,15,7,4,1d8+4,1d8+4,3.0,B
903,45,14,7,4,1d12+4,1d8+4,35,17,8,4,1d10+4,1d6+4,4.0,B
904,32,18,8,4,1d10+4,1d6+4,38,14,5,4,1d10+4,1d8+4,0.0,A
905,44,17,6,4,1d10+4,1d8+4,31,15,7,4,1d12+4,1d6+4,0.0,A
906,30,17,6,4,1d10+4,1d6+4,41,17,8,4,1d8+4,1d8+4,0.0,B
907,41,14,8,4,1d8+4,1d6+4,49,18,7,4,1d10+4,1d6+4,9.0,B
908,47,14,8,4,1d8+4,1d6+4,44,18,7,4,1d10+4,1d8+4,9.0,A
909,49,17,6,4,1d12+4,1d8+4,41,17,5,4,1d10+4,1d8+4,1.0,A
910,30,17,5,4,1d8+4,1d8+4,32,17,7,4,1d10+4,1d6+4,4.0,A
911,30,14,5,4,1d10+4,1d6+4,40,14,6,4,1d8+4,1d6+4,3.0,B
912,42,16,8,4,1d12+4,1d8+4,40,14,7,4,1d12+4,1d6+4,3.0,A
913,46,18,7,4,1d12+4,1d8+4,33,14,8,4,1d8+4,1d6+4,9.0,A
914,34,17,5,4,1d8+4,1d6+4,43,17,7,4,1d12+4,1d8+4,6.0,B
915,44,14,5,4,1d12+4,1d6+4,38,17,7,4,1d12+4,1d8+4,8.0,B
916,37,17,6,4,1d8+4,1d8+4,45,17,8,4,1d10+4,1d8+4,4.0,B
917,30,15,7,4,1d12+4,1d8+4,39,16,5,4,1d12+4,1d6+4,9.0,B
918,49,15,6,4,1d12+4,1d8+4,50,16,7,4,1d12+4,1d8+4,4.0,B
919,45,16,8,4,1d12+4,1d6+4,43,14,7,4,1d8+4,1d8+4,9.0,A
920,40,14,7,4,1d10+4,1d6+4,44,17,6,4,1d12+4,1d6+4,9.0,A
921,45,14,7,4,1d8+4,1d6+4,44,18,5,4,1d12+4,1d8+4,2.0,B
922,41,15,7,4,1d10+4,1d8+4,33,14,7,4,1d10+4,1d8+4,9.0,A
923,31,14,8,4,1d8+4,1d6+4,31,16,5,4,1d12+4,1d8+4,0.0,A
924,34,15,5,4,1d10+4,1d6+4,34,14,5,4,1d12+4,1d8+4,0.0,A
925,38,17,6,4,1d10+4,1d8+4,48,15,7,4,1d10+4,1d6+4,3.0,B
926,50,18,5,4,1d10+4,1d6+4,39,18,6,4,1d12+4,1d6+4,3.0,B
927,45,15,7,4,1d10+4,1d6+4,48,14,6,4,1d8+4,1d8+4,8.0,B
928,50,17,6,4,1d10+4,1d8+4,39,17,8,4,1d8+4,1d8+4,4.0,A
929,31,15,8,4,1d12+4,1d6+4,35,16,7,4,1d8+4,1d6+4,10.0,B
930,32,15,7,4,1d8+4,1d8+4,49,18,5,4,1d8+4,1d8+4,3.0,B
931,39,15,8,4,1d12+4,1d6+4,47,15,8,4,1d12+4,1d6+4,7.0,B
932,39,18,8,4,1d10+4,1d6+4,37,14,6,4,1d8+4,1d8+4,2.0,A
933,40,17,7,4,1d8+4,1d6+4,39,15,6,4,1d10+4,1d8+4,3.0,B
934,49,18,7,4,1d12+4,1d6+4,34,16,7,4,1d10+4,1d8+4,0.0,A
935,50,16,6,4,1d8+4,1d8+4,36,16,8,4,1d12+4,1d8+4,4.0,B
936,38,15,8,4,1d10+4,1d6+4,35,18,6,4,1d12+4,1d6+4,8.0,A
937,40,18,7,4,1d8+4,1d8+4,42,16,5,4,1d10+4,1d8+4,7.0,A
938,45,15,6,4,1d12+4,1d6+4,41,15,7,4,1d8+4,1d6+4,0.0,A
939,38,16,8,4,1d12+4,1d8+4,31,16,8,4,1d10+4,1d8+4,2.0,A
940,40,15,7,4,1d10+4,1d6+4,45,16,6,4,1d12+4,1d8+4,2.0,B
941,38,14,6,4,1d12+4,1d6+4,33,18,8,4,1d8+4,1d6+4,9.0,A
942,34,16,7,4,1d8+4,1d6+4,40,17,5,4,1d12+4,1d6+4,0.0,A
943,46,16,7,4,1d8+4,1d6+4,33,18,6,4,1d10+4,1d6+4,1.0,A
944,47,18,8,4,1d8+4,1d6+4,35,16,5,4,1d8+4,1d6+4,1.0,A
945,50,15,7,4,1d8+4,1d8+4,42,14,5,4,1d8+4,1d8+4,7.0,B
946,39,17,6,4,1d12+4,1d8+4,36,14,5,4,1d12+4,1d6+4,1.0,A
947,33,18,5,4,1d10+4,1d6+4,32,17,7,4,1d8+4,1d8+4,9.0,A
948,49,15,6,4,1d10+4,1d8+4,37,16,8,4,1d8+4,1d6+4,4.0,A
949,38,14,8,4,1d10+4,1d6+4,30,17,6,4,1d12+4,1d8+4,3.0,A
950,49,16,7,4,1d12+4,1d6+4,50,16,6,4,1d10+4,1d6+4,0.0,A
951,37,15,8,4,1d12+4,1d8+4,36,15,6,4,1d8+4,1d6+4,7.0,A
952,37,18,7,4,1d12+4,1d6+4,39,15,8,4,1d12+4,1d8+4,0.0,A
953,41,14,7,4,1d8+4,1d6+4,36,18,6,4,1d10+4,1d8+4,10.0,A
954,32,17,5,4,1d12+4,1d8+4,37,14,5,4,1d8+4,1d6+4,0.0,A
955,34,15,8,4,1d12+4,1d6+4,45,14,8,4,1d12+4,1d8+4,6.0,A
956,40,16,8,4,1d8+4,1d8+4,30,16,6,4,1d10+4,1d6+4,5.0,A
957,30,17,5,4,1d12+4,1d8+4,36,14,5,4,1d12+4,1d8+4,5.0,A
958,41,14,8,4,1d10+4,1d6+4,32,14,5,4,1d8+4,1d8+4,4.0,B
959,34,14,7,4,1d10+4,1d8+4,34,17,5,4,1d10+4,1d8+4,4.0,B
960,35,15,5,4,1d8+4,1d8+4,49,14,6,4,1d10+4,1d6+4,5.0,B
961,36,15,6,4,1d8+4,1d8+4,43,14,8,4,1d8+4,1d6+4,4.0,B
962,33,15,6,4,1d8+4,1d8+4,33,15,5,4,1d10+4,1d8+4,3.0,B
963,50,17,7,4,1d10+4,1d8+4,50,18,7,4,1d8+4,1d6+4,2.0,B
964,46,16,7,4,1d12+4,1d8+4,49,15,5,4,1d10+4,1d6+4,1.0,A
965,39,15,8,4,1d8+4,1d6+4,34,14,8,4,1d12+4,1d6+4,1.0,A
966,46,16,6,4,1d8+4,1d8+4,30,15,7,4,1d10+4,1d8+4,10.0,B
967,35,15,5,4,1d10+4,1d6+4,41,17,8,4,1d12+4,1d8+4,10.0,B
968,31,17,6,4,1d8+4,1d8+4,44,18,6,4,1d12+4,1d6+4,6.0,B
969,37,18,5,4,1d10+4,1d8+4,36,14,5,4,1d8+4,1d8+4,1.0,A
970,50,18,6,4,1d8+4,1d6+4,42,15,6,4,1d10+4,1d6+4,8.0,A
971,48,17,6,4,1d10+4,1d8+4,36,17,6,4,1d8+4,1d8+4,1.0,A
972,36,17,8,4,1d8+4,1d8+4,39,14,6,4,1d12+4,1d6+4,3.0,A
973,40,16,7,4,1d12+4,1d6+4,37,14,8,4,1d10+4,1d6+4,10.0,A
974,45,17,8,4,1d10+4,1d6+4,41,18,8,4,1d10+4,1d6+4,6.0,B
975,42,17,8,4,1d10+4,1d6+4,46,15,6,4,1d12+4,1d8+4,6.0,B
976,32,16,5,4,1d12+4,1d8+4,33,14,7,4,1d12+4,1d8+4,5.0,A
977,42,18,6,4,1d12+4,1d6+4,41,18,6,4,1d12+4,1d6+4,10.0,B
978,36,18,8,4,1d8+4,1d8+4,40,17,7,4,1d8+4,1d8+4,6.0,B
979,45,15,5,4,1d12+4,1d6+4,39,15,8,4,1d12+4,1d6+4,7.0,B
980,48,15,5,4,1d10+4,1d6+4,39,16,6,4,1d10+4,1d6+4,4.0,B
981,41,16,7,4,1d10+4,1d8+4,37,16,5,4,1d8+4,1d6+4,0.0,B
982,32,18,6,4,1d10+4,1d8+4,47,16,8,4,1d8+4,1d8+4,7.0,A
983,40,17,6,4,1d10+4,1d6+4,35,16,5,4,1d12+4,1d8+4,0.0,A
984,42,15,6,4,1d8+4,1d6+4,45,16,7,4,1d12+4,1d8+4,2.0,B
985,40,15,7,4,1d8+4,1d8+4,46,14,8,4,1d8+4,1d8+4,7.0,B
986,32,16,5,4,1d12+4,1d8+4,39,15,6,4,1d8+4,1d6+4,2.0,A
987,41,14,6,4,1d10+4,1d6+4,39,16,6,4,1d10+4,1d8+4,1.0,A
988,32,14,5,4,1d8+4,1d8+4,47,16,7,4,1d12+4,1d8+4,1.0,B
989,47,17,5,4,1d10+4,1d6+4,38,14,7,4,1d10+4,1d8+4,1.0,A
990,40,15,5,4,1d12+4,1d8+4,39,15,8,4,1d10+4,1d8+4,8.0,A
991,43,14,8,4,1d10+4,1d6+4,37,18,8,4,1d10+4,1d8+4,10.0,B
992,38,16,7,4,1d8+4,1d6+4,34,18,6,4,1d8+4,1d6+4,5.0,B
993,43,17,5,4,1d12+4,1d6+4,38,17,8,4,1d10+4,1d6+4,9.0,B
994,37,16,8,4,1d8+4,1d6+4,50,16,6,4,1d12+4,1d8+4,2.0,A
995,30,18,5,4,1d10+4,1d8+4,50,17,7,4,1d8+4,1d8+4,5.0,B
996,40,14,8,4,1d8+4,1d6+4,34,17,5,4,1d12+4,1d8+4,2.0,B
997,40,16,7,4,1d8+4,1d6+4,47,16,8,4,1d8+4,1d8+4,2.0,B
998,48,14,6,4,1d12+4,1d8+4,49,18,7,4,1d12+4,1d8+4,7.0,B
999,38,14,6,4,1d12+4,1d6+4,44,16,6,4,1d10+4,1d8+4,2.0,A
1000,37,15,5,4,1d10+4,1d8+4,44,17,7,4,1d8+4,1d8+4,6.0,B
1001,37,16,5,4,1d8+4,1d6+4,44,17,6,4,1d10+4,1d8+4,2.0,A
1002,45,16,7,4,1d10+4,1d8+4,30,16,6,4,1d8+4,1d8+4,4.0,A
1003,46,18,6,4,1d8+4,1d6+4,38,17,6,4,1d10+4,1d8+4,1.0,A
1004,45,15,8,4,1d8+4,1d8+4,46,14,5,4,1d10+4,1d8+4,8.0,B
1005,37,15,6,4,1d10+4,1d8+4,37,17,5,4,1d10+4,1d8+4,0.0,B
1006,32,18,5,4,1d12+4,1d8+4,36,16,8,4,1d10+4,1d6+4,10.0,A
1007,48,17,7,4,1d12+4,1d6+4,49,14,6,4,1d10+4,1d6+4,1.0,A
1008,40,16,8,4,1d10+4,1d8+4,41,17,6,4,1d8+4,1d8+4,3.0,B
1009,34,17,6,4,1d10+4,1d8+4,31,17,7,4,1d10+4,1d8+4,2.0,B
1010,48,17,6,4,1d10+4,1d8+4,47,17,8,4,1d12+4,1d8+4,0.0,B
1011,30,16,7,4,1d10+4,1d6+4,38,14,5,4,1d12+4,1d6+4,1.0,A
1012,45,15,8,4,1d10+4,1d6+4,32,18,7,4,1d8+4,1d8+4,6.0,A
1013,32,17,6,4,1d12+4,1d6+4,32,18,7,4,1d10+4,1d8+4,2.0,A
1014,31,17,8,4,1d8+4,1d6+4,47,14,6,4,1d12+4,1d6+4,6.0,B
1015,45,16,6,4,1d10+4,1d8+4,43,17,8,4,1d12+4,1d8+4,4.0,B
1016,44,15,5,4,1d10+4,1d6+4,32,17,6,4,1d12+4,1d6+4,6.0,B
1017,48,14,7,4,1d8+4,1d8+4,50,17,7,4,1d10+4,1d6+4,9.0,B
1018,38,14,8,4,1d10+4,1d6+4,44,15,7,4,1d8+4,1d8+4,7.0,A
1019,50,18,6,4,1d10+4,1d8+4,49,18,7,4,1d12+4,1d6+4,5.0,A
1020,35,17,7,4,1d8+4,1d8+4,34,18,7,4,1d12+4,1d6+4,2.0,A
1021,44,16,8,4,1d8+4,1d8+4,42,16,7,4,1d12+4,1d8+4,2.0,A
1022,31,18,5,4,1d10+4,1d6+4,48,15,8,4,1d8+4,1d8+4,2.0,B
1023,32,17,7,4,1d12+4,1d6+4,32,14,6,4,1d8+4,1d8+4,8.0,A
1024,42,14,6,4,1d8+4,1d8+4,42,17,8,4,1d10+4,1d8+4,6.0,A
1025,43,14,7,4,1d8+4,1d6+4,45,14,5,4,1d8+4,1d8+4,9.0,A
1026,37,18,8,4,1d10+4,1d6+4,34,17,5,4,1d12+4,1d6+4,2.0,A
1027,42,16,6,4,1d8+4,1d8+4,35,17,8,4,1d12+4,1d8+4,8.0,A
1028,30,16,5,4,1d10+4,1d6+4,42,17,8,4,1d12+4,1d6+4,8.0,A
1029,35,16,5,4,1d8+4,1d8+4,43,16,7,4,1d8+4,1d6+4,9.0,B
1030,34,15,8,4,1d8+4,1d8+4,37,16,8,4,1d8+4,1d6+4,2.0,A
1031,36,14,8,4,1d12+4,1d8+4,36,16,7,4,1d12+4,1d6+4,10.0,B
1032,48,18,6,4,1d8+4,1d8+4,38,15,7,4,1d10+4,1d6+4,2.0,A
1033,43,15,6,4,1d10+4,1d8+4,50,18,7,4,1d12+4,1d6+4,9.0,A
1034,40,17,6,4,1d10+4,1d8+4,50,14,8,4,1d12+4,1d8+4,1.0,B
1035,41,17,7,4,1d8+4,1d6+4,42,16,6,4,1d8+4,1d6+4,8.0,A
1036,45,14,8,4,1d8+4,1d6+4,37,18,5,4,1d12+4,1d6+4,9.0,B
1037,30,18,8,4,1d8+4,1d8+4,39,17,5,4,1d8+4,1d6+4,1.0,A
1038,36,15,8,4,1d10+4,1d8+4,50,17,6,4,1d10+4,1d6+4,8.0,B
1039,47,15,7,4,1d12+4,1d6+4,40,14,7,4,1d12+4,1d8+4,8.0,A
1040,39,14,8,4,1d10+4,1d6+4,44,16,7,4,1d12+4,1d6+4,5.0,A
1041,42,18,8,4,1d12+4,1d6+4,48,18,8,4,1d12+4,1d6+4,10.0,B
1042,48,18,8,4,1d12+4,1d6+4,34,17,6,4,1d10+4,1d8+4,1.0,A
1043,45,16,7,4,1d8+4,1d6+4,50,16,7,4,1d8+4,1d6+4,5.0,B
1044,44,16,5,4,1d10+4,1d6+4,43,15,5,4,1d12+4,1d8+4,4.0,B
1045,36,15,7,4,1d8+4,1d8+4,47,16,6,4,1d10+4,1d8+4,5.0,B
1046,47,16,8,4,1d10+4,1d6+4,39,14,5,4,1d12+4,1d8+4,2.0,B
1047,31,15,5,4,1d8+4,1d6+4,31,18,7,4,1d8+4,1d8+4,0.0,B
1048,42,14,7,4,1d8+4,1d6+4,41,14,5,4,1d8+4,1d6+4,5.0,B
1049,46,14,6,4,1d12+4,1d8+4,46,15,5,4,1d10+4,1d8+4,9.0,A
1050,33,17,7,4,1d10+4,1d8+4,43,14,8,4,1d12+4,1d8+4,6.0,B
1051,46,18,6,4,1d10+4,1d8+4,43,17,5,4,1d8+4,1d8+4,8.0,A
1052,30,15,5,4,1d10+4,1d6+4,44,16,8,4,1d10+4,1d8+4,5.0,B
1053,45,18,5,4,1d8+4,1d6+4,43,17,7,4,1d8+4,1d8+4,2.0,B
1054,44,17,5,4,1d12+4,1d8+4,35,17,7,4,1d8+4,1d6+4,1.0,A
1055,37,14,7,4,1d12+4,1d6+4,46,16,5,4,1d10+4,1d6+4,6.0,B
1056,41,18,6,4,1d8+4,1d8+4,35,14,6,4,1d12+4,1d6+4,10.0,A
1057,37,16,7,4,1d10+4,1d8+4,38,17,5,4,1d8+4,1d6+4,2.0,A
1058,32,16,7,4,1d12+4,1d6+4,37,16,6,4,1d8+4,1d8+4,7.0,B
1059,44,16,6,4,1d8+4,1d6+4,44,17,5,4,1d12+4,1d8+4,8.0,B
1060,47,18,8,4,1d10+4,1d6+4,38,15,8,4,1d10+4,1d8+4,4.0,B
1061,38,15,8,4,1d10+4,1d8+4,35,16,6,4,1d12+4,1d8+4,5.0,A
1062,38,14,6,4,1d10+4,1d6+4,34,16,7,4,1d10+4,1d8+4,8.0,B
1063,42,14,6,4,1d8+4,1d6+4,48,17,6,4,1d12+4,1d8+4,0.0,B
1064,49,16,8,4,1d12+4,1d6+4,34,15,7,4,1d8+4,1d8+4,8.0,A
1065,30,18,8,4,1d8+4,1d8+4,38,16,6,4,1d12+4,1d8+4,8.0,B
1066,36,17,7,4,1d8+4,1d6+4,36,17,5,4,1d10+4,1d6+4,10.0,A
1067,31,18,6,4,1d12+4,1d6+4,37,17,7,4,1d8+4,1d8+4,1.0,B
1068,31,15,5,4,1d8+4,1d8+4,32,16,5,4,1d8+4,1d6+4,2.0,B
1069,46,18,5,4,1d8+4,1d8+4,37,15,6,4,1d10+4,1d8+4,10.0,A
1070,33,15,6,4,1d8+4,1d8+4,33,15,8,4,1d12+4,1d6+4,8.0,B
1071,40,17,7,4,1d12+4,1d6+4,43,14,6,4,1d10+4,1d8+4,6.0,A
1072,45,17,8,4,1d8+4,1d8+4,39,18,6,4,1d10+4,1d6+4,3.0,A
1073,38,16,8,4,1d12+4,1d6+4,50,14,6,4,1d10+4,1d6+4,0.0,B
1074,37,15,8,4,1d10+4,1d6+4,32,14,6,4,1d8+4,1d8+4,9.0,A
1075,35,15,8,4,1d10+4,1d8+4,37,14,6,4,1d10+4,1d8+4,10.0,A
1076,39,17,5,4,1d12+4,1d6+4,46,14,6,4,1d8+4,1d8+4,8.0,A
1077,36,15,5,4,1d12+4,1d6+4,48,18,6,4,1d10+4,1d6+4,8.0,B
1078,31,14,8,4,1d10+4,1d8+4,35,17,7,4,1d12+4,1d6+4,7.0,A
1079,38,15,6,4,1d8+4,1d8+4,41,15,5,4,1d10+4,1d6+4,2.0,B
1080,49,17,7,4,1d10+4,1d6+4,49,17,7,4,1d10+4,1d8+4,2.0,A
1081,40,18,8,4,1d8+4,1d6+4,47,18,7,4,1d10+4,1d6+4,3.0,A
1082,32,16,7,4,1d8+4,1d6+4,43,17,7,4,1d10+4,1d8+4,5.0,B
1083,39,16,7,4,1d8+4,1d6+4,50,16,6,4,1d10+4,1d6+4,7.0,A
1084,32,17,6,4,1d12+4,1d6+4,47,18,8,4,1d10+4,1d8+4,2.0,A
1085,41,16,6,4,1d12+4,1d6+4,50,16,7,4,1d12+4,1d8+4,7.0,B
1086,37,14,6,4,1d12+4,1d6+4,32,16,8,4,1d10+4,1d8+4,5.0,A
1087,33,15,8,4,1d10+4,1d6+4,42,18,8,4,1d10+4,1d8+4,7.0,B
1088,37,14,6,4,1d10+4,1d8+4,40,15,5,4,1d8+4,1d6+4,9.0,B
1089,47,17,8,4,1d10+4,1d6+4,42,14,5,4,1d10+4,1d6+4,2.0,A
1090,39,17,7,4,1d10+4,1d6+4,49,17,5,4,1d8+4,1d8+4,7.0,B
1091,33,16,8,4,1d8+4,1d8+4,47,14,6,4,1d12+4,1d6+4,6.0,A
1092,33,15,5,4,1d12+4,1d6+4,39,17,8,4,1d12+4,1d6+4,8.0,A
1093,34,14,8,4,1d10+4,1d8+4,33,16,5,4,1d12+4,1d8+4,5.0,A
1094,31,18,7,4,1d8+4,1d8+4,30,18,7,4,1d12+4,1d8+4,8.0,B
1095,39,14,8,4,1d8+4,1d6+4,36,17,6,4,1d12+4,1d6+4,2.0,A
1096,32,14,6,4,1d8+4,1d8+4,32,16,8,4,1d10+4,1d8+4,6.0,B
1097,44,16,8,4,1d8+4,1d6+4,45,17,7,4,1d12+4,1d6+4,6.0,B
1098,47,16,8,4,1d12+4,1d8+4,45,18,5,4,1d12+4,1d8+4,1.0,B
1099,46,16,8,4,1d10+4,1d6+4,47,14,5,4,1d12+4,1d8+4,4.0,A
1100,35,17,8,4,1d12+4,1d6+4,35,18,6,4,1d12+4,1d6+4,9.0,A
1101,30,16,5,4,1d12+4,1d6+4,44,17,7,4,1d10+4,1d6+4,6.0,A
1102,31,17,6,4,1d10+4,1d6+4,35,16,8,4,1d8+4,1d6+4,3.0,B
1103,48,17,8,4,1d8+4,1d6+4,32,15,8,4,1d12+4,1d6+4,7.0,B
1104,39,17,6,4,1d12+4,1d8+4,50,15,5,4,1d12+4,1d6+4,5.0,B
1105,34,17,8,4,1d8+4,1d6+4,47,14,7,4,1d10+4,1d6+4,10.0,B
1106,30,14,5,4,1d12+4,1d8+4,34,17,5,4,1d12+4,1d8+4,9.0,A
1107,35,16,7,4,1d12+4,1d8+4,46,15,8,4,1d10+4,1d6+4,3.0,A
1108,32,16,5,4,1d8+4,1d6+4,47,15,6,4,1d10+4,1d6+4,1.0,A
1109,38,18,7,4,1d10+4,1d8+4,47,17,8,4,1d10+4,1d8+4,7.0,B
1110,45,17,7,4,1d8+4,1d8+4,34,16,7,4,1d8+4,1d8+4,8.0,A
1111,42,16,6,4,1d8+4,1d8+4,40,17,6,4,1d12+4,1d6+4,10.0,B
1112,40,14,7,4,1d10+4,1d8+4,36,16,6,4,1d10+4,1d6+4,0.0,A
1113,36,17,8,4,1d8+4,1d6+4,37,18,8,4,1d8+4,1d8+4,0.0,B
1114,34,14,5,4,1d12+4,1d8+4,40,18,8,4,1d10+4,1d8+4,9.0,B
1115,37,18,7,4,1d10+4,1d8+4,35,16,6,4,1d10+4,1d8+4,1.0,A
1116,32,15,6,4,1d8+4,1d8+4,50,16,5,4,1d12+4,1d6+4,4.0,B
1117,47,14,6,4,1d10+4,1d6+4,45,14,7,4,1d12+4,1d6+4,6.0,B
1118,43,16,6,4,1d10+4,1d6+4,37,14,7,4,1d10+4,1d8+4,9.0,B
1119,44,14,5,4,1d10+4,1d6+4,46,16,7,4,1d10+4,1d8+4,8.0,B
1120,36,17,6,4,1d12+4,1d6+4,37,16,8,4,1d12+4,1d6+4,2.0,A
1121,48,15,8,4,1d8+4,1d6+4,47,17,5,4,1d10+4,1d6+4,3.0,B
1122,38,14,6,4,1d8+4,1d8+4,41,16,7,4,1d12+4,1d8+4,2.0,B
1123,35,15,8,4,1d12+4,1d6+4,36,16,7,4,1d8+4,1d8+4,0.0,B
1124,35,17,8,4,1d8+4,1d6+4,45,15,5,4,1d12+4,1d8+4,5.0,B
1125,32,14,6,4,1d10+4,1d8+4,40,14,6,4,1d10+4,1d6+4,8.0,B
1126,41,14,6,4,1d8+4,1d8+4,34,15,6,4,1d12+4,1d6+4,8.0,A
1127,47,18,6,4,1d10+4,1d6+4,34,17,5,4,1d10+4,1d8+4,2.0,A
1128,38,18,7,4,1d10+4,1d6+4,37,18,8,4,1d12+4,1d6+4,0.0,A
1129,49,18,5,4,1d8+4,1d8+4,40,17,5,4,1d10+4,1d8+4,2.0,A
1130,38,17,8,4,1d12+4,1d8+4,42,16,7,4,1d10+4,1d8+4,5.0,A
1131,43,16,8,4,1d8+4,1d6+4,48,17,5,4,1d10+4,1d8+4,0.0,A
1132,44,18,5,4,1d12+4,1d6+4,36,14,8,4,1d10+4,1d6+4,7.0,A
1133,47,16,7,4,1d12+4,1d8+4,44,15,6,4,1d10+4,1d6+4,2.0,B
1134,31,16,6,4,1d8+4,1d6+4,36,15,8,4,1d8+4,1d8+4,4.0,B
1135,40,17,6,4,1d12+4,1d8+4,39,14,8,4,1d8+4,1d8+4,2.0,A
1136,31,14,6,4,1d10+4,1d8+4,50,18,7,4,1d10+4,1d8+4,3.0,B
1137,50,14,8,4,1d8+4,1d6+4,37,18,6,4,1d8+4,1d6+4,10.0,A
1138,49,16,6,4,1d8+4,1d8+4,42,15,7,4,1d8+4,1d8+4,3.0,A
1139,49,16,7,4,1d12+4,1d8+4,46,15,7,4,1d12+4,1d8+4,2.0,A
1140,41,15,7,4,1d12+4,1d6+4,31,16,7,4,1d8+4,1d8+4,10.0,A
1141,39,15,6,4,1d8+4,1d6+4,32,17,8,4,1d8+4,1d8+4,4.0,A
1142,43,15,6,4,1d12+4,1d8+4,44,17,8,4,1d10+4,1d8+4,7.0,A
1143,48,16,6,4,1d10+4,1d6+4,32,14,8,4,1d8+4,1d8+4,1.0,A
1144,48,16,8,4,1d12+4,1d6+4,31,15,6,4,1d8+4,1d8+4,7.0,A
1145,41,16,7,4,1d10+4,1d8+4,45,15,8,4,1d10+4,1d6+4,1.0,A
1146,43,16,6,4,1d12+4,1d6+4,41,15,8,4,1d10+4,1d8+4,9.0,B
1147,43,14,8,4,1d12+4,1d8+4,47,17,6,4,1d12+4,1d8+4,7.0,A
1148,34,15,5,4,1d12+4,1d8+4,45,16,6,4,1d10+4,1d8+4,9.0,B
1149,37,17,7,4,1d10+4,1d8+4,49,17,5,4,1d12+4,1d8+4,5.0,B
1150,34,18,8,4,1d10+4,1d8+4,34,15,5,4,1d8+4,1d6+4,4.0,A
1151,45,18,6,4,1d8+4,1d8+4,49,14,5,4,1d12+4,1d6+4,8.0,A
1152,50,16,8,4,1d10+4,1d8+4,49,14,5,4,1d8+4,1d6+4,0.0,A
1153,50,16,8,4,1d10+4,1d8+4,40,18,5,4,1d12+4,1d6+4,1.0,A
1154,42,18,8,4,1d12+4,1d8+4,34,16,7,4,1d12+4,1d8+4,2.0,B
1155,41,16,7,4,1d10+4,1d6+4,37,16,6,4,1d12+4,1d8+4,7.0,B
1156,30,14,8,4,1d8+4,1d6+4,35,17,8,4,1d8+4,1d6+4,10.0,A
1157,44,14,7,4,1d12+4,1d8+4,44,14,6,4,1d12+4,1d8+4,6.0,A
1158,46,17,5,4,1d12+4,1d6+4,39,17,6,4,1d12+4,1d8+4,10.0,A
1159,38,18,7,4,1d12+4,1d8+4,32,17,6,4,1d12+4,1d8+4,1.0,A
1160,34,17,7,4,1d12+4,1d8+4,40,15,5,4,1d12+4,1d8+4,7.0,A
1161,38,17,5,4,1d8+4,1d6+4,48,16,6,4,1d8+4,1d8+4,2.0,B
1162,32,18,6,4,1d10+4,1d8+4,39,17,6,4,1d10+4,1d6+4,8.0,A
1163,47,16,5,4,1d12+4,1d6+4,42,18,7,4,1d12+4,1d6+4,5.0,B
1164,38,17,6,4,1d10+4,1d8+4,43,15,5,4,1d10+4,1d6+4,5.0,A
1165,43,17,8,4,1d12+4,1d8+4,44,15,6,4,1d8+4,1d6+4,1.0,A
1166,47,18,5,4,1d12+4,1d8+4,38,17,6,4,1d10+4,1d6+4,7.0,A
1167,50,18,7,4,1d12+4,1d8+4,36,15,6,4,1d10+4,1d8+4,0.0,A
1168,33,18,8,4,1d10+4,1d8+4,47,17,6,4,1d8+4,1d8+4,7.0,A
1169,33,16,5,4,1d8+4,1d6+4,32,17,5,4,1d8+4,1d8+4,1.0,A
1170,46,14,6,4,1d10+4,1d6+4,46,16,6,4,1d10+4,1d8+4,2.0,B
1171,37,15,5,4,1d8+4,1d8+4,43,17,8,4,1d8+4,1d6+4,0.0,A
1172,39,14,8,4,1d12+4,1d6+4,38,15,5,4,1d10+4,1d8+4,3.0,B
1173,37,18,6,4,1d10+4,1d8+4,34,17,7,4,1d10+4,1d8+4,3.0,A
1174,35,17,6,4,1d10+4,1d6+4,35,17,5,4,1d12+4,1d8+4,10.0,A
1175,35,15,6,4,1d8+4,1d6+4,41,14,8,4,1d8+4,1d6+4,2.0,B
1176,36,14,6,4,1d12+4,1d6+4,32,16,5,4,1d10+4,1d6+4,2.0,A
1177,46,15,8,4,1d12+4,1d8+4,48,18,6,4,1d12+4,1d8+4,9.0,B
1178,41,15,8,4,1d12+4,1d8+4,44,16,7,4,1d8+4,1d8+4,8.0,A
1179,49,17,7,4,1d12+4,1d8+4,44,15,7,4,1d8+4,1d8+4,0.0,A
1180,48,17,8,4,1d12+4,1d8+4,35,15,7,4,1d12+4,1d6+4,7.0,A
1181,34,17,5,4,1d12+4,1d8+4,49,18,5,4,1d10+4,1d8+4,2.0,B
1182,33,18,8,4,1d10+4,1d6+4,40,14,7,4,1d10+4,1d6+4,7.0,A
1183,43,18,6,4,1d12+4,1d8+4,37,16,8,4,1d10+4,1d8+4,0.0,B
1184,37,15,6,4,1d12+4,1d6+4,38,15,8,4,1d8+4,1d8+4,4.0,B
1185,41,18,7,4,1d8+4,1d8+4,35,16,8,4,1d8+4,1d6+4,3.0,B
1186,35,16,6,4,1d12+4,1d8+4,48,17,5,4,1d12+4,1d6+4,3.0,A
1187,50,15,7,4,1d12+4,1d6+4,34,16,7,4,1d8+4,1d8+4,7.0,A
1188,39,15,6,4,1d8+4,1d6+4,40,16,6,4,1d12+4,1d8+4,9.0,B
1189,41,15,8,4,1d12+4,1d6+4,34,18,6,4,1d8+4,1d6+4,8.0,A
1190,48,16,5,4,1d10+4,1d8+4,48,15,5,4,1d12+4,1d8+4,0.0,A
1191,33,15,6,4,1d8+4,1d6+4,46,14,5,4,1d10+4,1d6+4,0.0,A
1192,47,15,5,4,1d12+4,1d6+4,31,16,6,4,1d12+4,1d6+4,2.0,A
1193,38,14,8,4,1d12+4,1d8+4,47,17,6,4,1d10+4,1d8+4,0.0,B
1194,32,18,7,4,1d10+4,1d6+4,37,14,6,4,1d12+4,1d8+4,7.0,B
1195,40,15,6,4,1d12+4,1d6+4,46,16,8,4,1d8+4,1d8+4,8.0,B
1196,33,18,5,4,1d12+4,1d6+4,30,14,7,4,1d12+4,1d8+4,1.0,A
1197,50,16,8,4,1d12+4,1d6+4,30,17,6,4,1d12+4,1d6+4,2.0,A
1198,50,17,5,4,1d10+4,1d6+4,34,15,8,4,1d10+4,1d8+4,1.0,A
1199,38,15,6,4,1d10+4,1d6+4,45,14,8,4,1d12+4,1d8+4,9.0,B
1200,39,14,6,4,1d8+4,1d8+4,41,15,8,4,1d8+4,1d8+4,8.0,A
1201,47,15,7,4,1d10+4,1d8+4,49,18,8,4,1d12+4,1d6+4,1.0,B
1202,33,14,6,4,1d10+4,1d8+4,42,16,5,4,1d8+4,1d8+4,4.0,A
1203,31,16,5,4,1d12+4,1d6+4,47,14,5,4,1d12+4,1d8+4,5.0,B
1204,48,18,5,4,1d8+4,1d8+4,32,14,6,4,1d8+4,1d6+4,5.0,A
1205,39,15,6,4,1d8+4,1d8+4,30,18,8,4,1d12+4,1d6+4,3.0,B
1206,50,17,8,4,1d8+4,1d8+4,49,18,5,4,1d10+4,1d8+4,1.0,A
1207,44,15,5,4,1d8+4,1d8+4,37,17,7,4,1d8+4,1d8+4,2.0,A
1208,36,18,8,4,1d12+4,1d8+4,32,14,7,4,1d8+4,1d6+4,5.0,A
1209,31,15,8,4,1d8+4,1d8+4,31,17,8,4,1d12+4,1d8+4,0.0,B
1210,32,15,6,4,1d8+4,1d6+4,50,17,8,4,1d10+4,1d8+4,8.0,B
1211,43,18,8,4,1d8+4,1d6+4,40,17,7,4,1d8+4,1d8+4,8.0,B
1212,30,16,8,4,1d12+4,1d8+4,46,15,8,4,1d8+4,1d8+4,0.0,B
1213,48,15,8,4,1d10+4,1d6+4,50,17,5,4,1d10+4,1d8+4,4.0,A
1214,48,17,6,4,1d8+4,1d8+4,39,16,5,4,1d12+4,1d8+4,10.0,A
1215,34,17,8,4,1d10+4,1d8+4,47,15,8,4,1d8+4,1d8+4,2.0,A
1216,42,16,5,4,1d12+4,1d8+4,49,17,6,4,1d8+4,1d8+4,10.0,B
1217,41,18,6,4,1d10+4,1d6+4,37,15,5,4,1d12+4,1d6+4,5.0,B
1218,50,15,5,4,1d10+4,1d6+4,33,16,6,4,1d8+4,1d6+4,10.0,A
1219,43,17,5,4,1d8+4,1d8+4,37,17,6,4,1d8+4,1d8+4,4.0,A
1220,33,14,5,4,1d12+4,1d6+4,30,18,7,4,1d8+4,1d8+4,3.0,B
1221,47,17,8,4,1d8+4,1d6+4,44,15,6,4,1d10+4,1d8+4,1.0,A
1222,46,16,7,4,1d12+4,1d8+4,43,14,7,4,1d8+4,1d8+4,10.0,A
1223,43,18,7,4,1d12+4,1d8+4,47,15,7,4,1d12+4,1d8+4,2.0,B
1224,44,14,6,4,1d12+4,1d6+4,45,14,6,4,1d12+4,1d8+4,1.0,A
1225,30,16,6,4,1d12+4,1d6+4,33,14,6,4,1d12+4,1d6+4,7.0,B
1226,50,16,5,4,1d10+4,1d8+4,46,17,8,4,1d8+4,1d6+4,2.0,A
1227,45,18,7,4,1d8+4,1d8+4,33,18,8,4,1d8+4,1d6+4,4.0,B
1228,47,15,8,4,1d12+4,1d8+4,40,14,7,4,1d12+4,1d6+4,1.0,B
1229,33,16,8,4,1d8+4,1d8+4,49,16,6,4,1d8+4,1d8+4,0.0,B
1230,34,17,5,4,1d8+4,1d6+4,50,14,7,4,1d12+4,1d6+4,0.0,B
1231,48,14,5,4,1d12+4,1d6+4,33,18,7,4,1d12+4,1d6+4,8.0,A
1232,31,18,6,4,1d10+4,1d6+4,32,18,6,4,1d12+4,1d8+4,5.0,B
1233,33,15,7,4,1d12+4,1d8+4,33,16,6,4,1d12+4,1d6+4,0.0,B
1234,48,15,6,4,1d10+4,1d8+4,31,15,8,4,1d8+4,1d8+4,9.0,A
1235,39,18,6,4,1d8+4,1d8+4,33,15,5,4,1d8+4,1d8+4,0.0,A
1236,46,14,5,4,1d10+4,1d8+4,40,15,5,4,1d10+4,1d6+4,0.0,A
1237,35,17,6,4,1d12+4,1d6+4,43,14,8,4,1d10+4,1d8+4,7.0,B
1238,37,15,7,4,1d10+4,1d6+4,36,16,7,4,1d8+4,1d8+4,8.0,B
1239,33,14,6,4,1d12+4,1d6+4,47,18,8,4,1d8+4,1d6+4,9.0,B
1240,37,14,8,4,1d10+4,1d6+4,32,14,6,4,1d12+4,1d8+4,7.0,A
1241,36,17,5,4,1d12+4,1d6+4,45,16,5,4,1d10+4,1d6+4,5.0,B
1242,42,18,7,4,1d8+4,1d8+4,50,14,6,4,1d8+4,1d6+4,4.0,B
1243,38,16,8,4,1d12+4,1d8+4,32,16,5,4,1d10+4,1d8+4,8.0,B
1244,50,16,8,4,1d8+4,1d8+4,48,16,8,4,1d10+4,1d6+4,6.0,A
1245,34,14,5,4,1d10+4,1d8+4,35,17,8,4,1d8+4,1d6+4,8.0,B
1246,39,18,8,4,1d8+4,1d6+4,40,15,6,4,1d10+4,1d6+4,6.0,B
1247,45,14,7,4,1d8+4,1d8+4,35,15,8,4,1d12+4,1d6+4,0.0,A
1248,32,14,7,4,1d10+4,1d6+4,32,17,8,4,1d8+4,1d8+4,1.0,B
1249,43,14,7,4,1d10+4,1d8+4,36,16,8,4,1d8+4,1d6+4,4.0,A
1250,33,18,8,4,1d10+4,1d6+4,40,18,6,4,1d12+4,1d8+4,2.0,A
1251,33,17,7,4,1d12+4,1d6+4,45,18,5,4,1d10+4,1d8+4,4.0,A
1252,30,18,8,4,1d10+4,1d6+4,37,14,5,4,1d12+4,1d8+4,0.0,A
1253,45,14,8,4,1d10+4,1d8+4,41,16,5,4,1d10+4,1d6+4,3.0,A
1254,30,14,6,4,1d8+4,1d8+4,39,15,7,4,1d8+4,1d6+4,7.0,B
1255,44,16,6,4,1d12+4,1d8+4,31,18,8,4,1d10+4,1d6+4,1.0,A
1256,49,18,8,4,1d10+4,1d8+4,48,16,5,4,1d10+4,1d6+4,8.0,A
1257,50,15,6,4,1d12+4,1d6+4,35,15,6,4,1d12+4,1d6+4,8.0,A
1258,44,18,6,4,1d10+4,1d6+4,39,17,5,4,1d12+4,1d6+4,10.0,A
1259,44,17,6,4,1d8+4,1d6+4,50,14,7,4,1d8+4,1d8+4,0.0,A
1260,34,17,5,4,1d10+4,1d8+4,48,15,5,4,1d8+4,1d6+4,10.0,B
1261,46,18,8,4,1d10+4,1d6+4,30,17,6,4,1d12+4,1d8+4,4.0,A
1262,32,16,5,4,1d8+4,1d6+4,41,14,8,4,1d12+4,1d8+4,0.0,B
1263,31,15,6,4,1d10+4,1d6+4,40,15,5,4,1d12+4,1d8+4,9.0,A
1264,30,17,6,4,1d12+4,1d6+4,30,15,6,4,1d10+4,1d8+4,2.0,A
1265,32,18,5,4,1d10+4,1d8+4,45,18,6,4,1d8+4,1d8+4,10.0,B
1266,46,16,7,4,1d12+4,1d8+4,41,14,7,4,1d10+4,1d8+4,9.0,B
1267,34,16,8,4,1d8+4,1d8+4,48,18,5,4,1d12+4,1d6+4,7.0,B
1268,48,15,8,4,1d12+4,1d6+4,50,17,7,4,1d10+4,1d8+4,1.0,B
1269,30,15,8,4,1d12+4,1d6+4,41,18,5,4,1d10+4,1d6+4,7.0,A
1270,32,14,6,4,1d8+4,1d8+4,44,18,6,4,1d12+4,1d8+4,5.0,B
1271,36,15,5,4,1d12+4,1d6+4,38,18,5,4,1d12+4,1d8+4,8.0,B
1272,35,17,5,4,1d10+4,1d6+4,50,16,7,4,1d10+4,1d8+4,0.0,B
1273,49,17,8,4,1d10+4,1d6+4,40,14,8,4,1d10+4,1d6+4,5.0,A
1274,31,16,7,4,1d8+4,1d8+4,45,14,5,4,1d12+4,1d6+4,10.0,A
1275,42,14,6,4,1d10+4,1d6+4,48,15,6,4,1d8+4,1d8+4,1.0,A
1276,39,16,7,4,1d8+4,1d8+4,30,17,7,4,1d8+4,1d6+4,10.0,A
1277,39,16,8,4,1d10+4,1d6+4,40,16,7,4,1d12+4,1d8+4,2.0,A
1278,45,14,6,4,1d10+4,1d6+4,36,14,6,4,1d8+4,1d8+4,10.0,A
1279,47,15,5,4,1d10+4,1d6+4,48,18,7,4,1d8+4,1d6+4,2.0,B
1280,45,16,5,4,1d10+4,1d8+4,34,17,5,4,1d8+4,1d8+4,2.0,B
1281,33,16,7,4,1d10+4,1d6+4,41,16,8,4,1d12+4,1d8+4,1.0,B
1282,32,16,8,4,1d8+4,1d8+4,42,18,8,4,1d12+4,1d8+4,3.0,B
1283,31,18,6,4,1d8+4,1d8+4,38,16,7,4,1d10+4,1d6+4,0.0,A
1284,37,15,6,4,1d12+4,1d6+4,50,16,8,4,1d8+4,1d6+4,0.0,B
1285,38,14,8,4,1d12+4,1d6+4,35,18,6,4,1d10+4,1d6+4,1.0,B
1286,45,14,8,4,1d10+4,1d8+4,33,18,7,4,1d8+4,1d6+4,9.0,A
1287,30,18,5,4,1d10+4,1d8+4,44,14,5,4,1d12+4,1d8+4,2.0,A
1288,48,16,8,4,1d10+4,1d6+4,45,17,6,4,1d8+4,1d8+4,7.0,B
1289,43,16,7,4,1d10+4,1d8+4,37,18,8,4,1d12+4,1d8+4,4.0,B
1290,40,14,7,4,1d12+4,1d6+4,42,16,5,4,1d10+4,1d6+4,8.0,B
1291,31,14,8,4,1d8+4,1d6+4,41,18,6,4,1d8+4,1d8+4,2.0,B
1292,35,16,6,4,1d10+4,1d6+4,33,16,7,4,1d8+4,1d6+4,1.0,A
1293,43,14,7,4,1d10+4,1d6+4,36,17,7,4,1d8+4,1d6+4,9.0,A
1294,39,18,5,4,1d8+4,1d8+4,40,17,7,4,1d8+4,1d6+4,6.0,B
1295,43,18,5,4,1d12+4,1d6+4,34,15,5,4,1d8+4,1d8+4,4.0,A
1296,35,18,6,4,1d10+4,1d6+4,40,15,6,4,1d12+4,1d8+4,3.0,A
1297,38,17,8,4,1d10+4,1d8+4,45,16,5,4,1d10+4,1d8+4,9.0,A
1298,43,14,6,4,1d12+4,1d8+4,33,14,7,4,1d12+4,1d6+4,10.0,B
1299,36,16,6,4,1d10+4,1d6+4,50,17,8,4,1d8+4,1d8+4,4.0,B
1300,47,14,7,4,1d8+4,1d8+4,45,14,5,4,1d12+4,1d8+4,6.0,B
1301,41,14,5,4,1d12+4,1d6+4,36,16,7,4,1d8+4,1d8+4,10.0,A
1302,44,18,6,4,1d12+4,1d6+4,47,18,8,4,1d10+4,1d6+4,8.0,A
1303,50,15,5,4,1d10+4,1d6+4,43,15,8,4,1d12+4,1d8+4,7.0,A
1304,44,15,5,4,1d10+4,1d6+4,31,14,8,4,1d12+4,1d6+4,2.0,A
1305,42,18,7,4,1d10+4,1d6+4,39,17,8,4,1d10+4,1d6+4,8.0,B
1306,35,15,6,4,1d12+4,1d6+4,42,17,8,4,1d10+4,1d8+4,5.0,B
1307,46,14,8,4,1d10+4,1d6+4,34,17,5,4,1d12+4,1d8+4,4.0,A
1308,34,17,8,4,1d8+4,1d8+4,39,17,6,4,1d10+4,1d6+4,8.0,A
1309,34,14,8,4,1d10+4,1d6+4,49,18,8,4,1d8+4,1d6+4,6.0,B
1310,31,18,7,4,1d10+4,1d6+4,47,17,7,4,1d8+4,1d6+4,9.0,A
1311,32,18,7,4,1d10+4,1d8+4,48,15,5,4,1d12+4,1d6+4,5.0,A
1312,42,15,5,4,1d8+4,1d8+4,37,18,6,4,1d10+4,1d8+4,9.0,B
1313,48,16,6,4,1d8+4,1d8+4,32,14,6,4,1d8+4,1d6+4,0.0,A
1314,48,15,7,4,1d10+4,1d6+4,30,15,5,4,1d12+4,1d6+4,10.0,A
1315,45,18,8,4,1d12+4,1d8+4,34,18,8,4,1d10+4,1d6+4,5.0,A
1316,39,15,7,4,1d10+4,1d6+4,39,17,7,4,1d12+4,1d6+4,4.0,B
1317,48,15,6,4,1d12+4,1d6+4,44,16,5,4,1d10+4,1d8+4,10.0,B
1318,45,16,6,4,1d10+4,1d6+4,47,14,5,4,1d8+4,1d6+4,8.0,A
1319,41,18,8,4,1d10+4,1d6+4,34,18,5,4,1d12+4,1d8+4,4.0,A
1320,50,18,7,4,1d10+4,1d8+4,49,16,5,4,1d8+4,1d6+4,4.0,A
1321,38,17,6,4,1d8+4,1d6+4,50,14,6,4,1d12+4,1d6+4,7.0,B
1322,31,14,8,4,1d12+4,1d6+4,47,15,6,4,1d12+4,1d6+4,4.0,B
1323,48,15,5,4,1d12+4,1d8+4,36,15,8,4,1d10+4,1d6+4,6.0,B
1324,41,17,5,4,1d12+4,1d6+4,46,17,6,4,1d12+4,1d8+4,3.0,B
1325,40,15,5,4,1d10+4,1d6+4,37,18,8,4,1d12+4,1d6+4,5.0,A
1326,30,17,8,4,1d12+4,1d6+4,39,15,5,4,1d8+4,1d6+4,4.0,A
1327,32,15,7,4,1d8+4,1d6+4,50,14,8,4,1d12+4,1d6+4,6.0,A
1328,46,17,6,4,1d8+4,1d8+4,30,14,8,4,1d8+4,1d6+4,8.0,A
1329,39,14,6,4,1d8+4,1d6+4,35,15,7,4,1d12+4,1d8+4,1.0,A
1330,44,15,5,4,1d10+4,1d6+4,38,18,6,4,1d10+4,1d6+4,3.0,A
1331,36,16,8,4,1d10+4,1d8+4,34,15,5,4,1d8+4,1d6+4,9.0,A
1332,30,17,5,4,1d8+4,1d8+4,31,15,7,4,1d12+4,1d6+4,4.0,B
1333,48,16,7,4,1d8+4,1d8+4,44,16,8,4,1d10+4,1d8+4,4.0,B
1334,35,17,8,4,1d8+4,1d6+4,31,18,8,4,1d10+4,1d6+4,2.0,A
1335,35,16,8,4,1d8+4,1d8+4,43,17,7,4,1d12+4,1d6+4,10.0,A
1336,41,17,7,4,1d12+4,1d6+4,35,18,6,4,1d10+4,1d8+4,10.0,A
1337,42,18,7,4,1d10+4,1d6+4,44,18,6,4,1d10+4,1d6+4,7.0,A
1338,49,14,7,4,1d10+4,1d6+4,42,15,7,4,1d12+4,1d6+4,1.0,B
1339,42,16,8,4,1d12+4,1d8+4,40,15,7,4,1d12+4,1d8+4,8.0,A
1340,42,17,8,4,1d8+4,1d6+4,31,16,5,4,1d8+4,1d6+4,5.0,B
1341,49,15,5,4,1d10+4,1d6+4,42,15,7,4,1d12+4,1d6+4,7.0,A
1342,40,17,6,4,1d12+4,1d8+4,50,16,6,4,1d12+4,1d6+4,6.0,B
1343,42,14,5,4,1d10+4,1d8+4,35,15,5,4,1d12+4,1d8+4,7.0,A
1344,46,15,8,4,1d12+4,1d8+4,34,14,7,4,1d10+4,1d8+4,8.0,B
1345,41,17,5,4,1d10+4,1d6+4,31,16,7,4,1d8+4,1d8+4,8.0,B
1346,30,18,8,4,1d10+4,1d8+4,42,14,5,4,1d10+4,1d8+4,5.0,B
1347,45,16,6,4,1d12+4,1d8+4,31,17,8,4,1d8+4,1d6+4,3.0,A
1348,49,18,6,4,1d10+4,1d8+4,30,17,8,4,1d12+4,1d6+4,1.0,A
1349,48,15,8,4,1d10+4,1d6+4,45,16,5,4,1d10+4,1d8+4,0.0,A
1350,44,14,7,4,1d12+4,1d8+4,43,18,7,4,1d10+4,1d8+4,8.0,A
1351,33,15,5,4,1d10+4,1d6+4,40,17,6,4,1d12+4,1d6+4,1.0,A
1352,34,18,8,4,1d8+4,1d8+4,48,15,8,4,1d10+4,1d6+4,5.0,B
1353,40,18,5,4,1d10+4,1d6+4,41,18,6,4,1d8+4,1d8+4,5.0,A
1354,50,16,6,4,1d12+4,1d6+4,40,17,5,4,1d12+4,1d8+4,8.0,B
1355,34,17,7,4,1d10+4,1d6+4,43,16,7,4,1d8+4,1d8+4,6.0,A
1356,44,16,7,4,1d10+4,1d8+4,37,17,8,4,1d12+4,1d8+4,10.0,A
1357,40,16,7,4,1d12+4,1d8+4,42,14,8,4,1d8+4,1d8+4,7.0,A
1358,48,17,5,4,1d12+4,1d6+4,40,16,5,4,1d10+4,1d6+4,8.0,B
1359,47,17,5,4,1d8+4,1d8+4,34,16,7,4,1d10+4,1d6+4,9.0,A
1360,39,18,7,4,1d12+4,1d8+4,32,16,7,4,1d8+4,1d6+4,9.0,A
1361,35,18,5,4,1d10+4,1d6+4,37,18,7,4,1d10+4,1d6+4,6.0,B
1362,41,15,8,4,1d8+4,1d6+4,39,16,5,4,1d12+4,1d8+4,0.0,A
1363,48,14,6,4,1d10+4,1d8+4,46,18,7,4,1d10+4,1d8+4,4.0,B
1364,38,15,8,4,1d8+4,1d6+4,34,15,7,4,1d12+4,1d8+4,8.0,B
1365,42,14,5,4,1d8+4,1d8+4,40,14,7,4,1d12+4,1d8+4,7.0,B
1366,39,14,8,4,1d12+4,1d8+4,35,15,7,4,1d8+4,1d8+4,9.0,A
1367,48,18,5,4,1d10+4,1d6+4,40,15,6,4,1d10+4,1d6+4,1.0,A
1368,33,16,5,4,1d10+4,1d8+4,42,18,7,4,1d12+4,1d6+4,4.0,B
1369,37,16,8,4,1d10+4,1d6+4,32,14,8,4,1d12+4,1d8+4,2.0,B
1370,34,15,6,4,1d12+4,1d6+4,50,15,5,4,1d8+4,1d8+4,5.0,A
1371,35,16,6,4,1d12+4,1d8+4,39,18,6,4,1d8+4,1d8+4,9.0,B
1372,49,17,5,4,1d10+4,1d6+4,50,15,7,4,1d8+4,1d6+4,9.0,B
1373,39,18,6,4,1d10+4,1d8+4,35,18,7,4,1d8+4,1d6+4,3.0,B
1374,41,14,5,4,1d12+4,1d8+4,42,14,5,4,1d12+4,1d6+4,0.0,B
1375,33,17,8,4,1d8+4,1d8+4,39,16,5,4,1d12+4,1d6+4,7.0,A
1376,48,17,8,4,1d10+4,1d8+4,37,17,7,4,1d10+4,1d6+4,4.0,A
1377,39,16,6,4,1d10+4,1d6+4,41,15,8,4,1d8+4,1d8+4,5.0,B
1378,44,16,6,4,1d12+4,1d6+4,30,16,8,4,1d12+4,1d6+4,8.0,B
1379,35,16,5,4,1d8+4,1d6+4,30,18,5,4,1d10+4,1d6+4,7.0,B
1380,48,17,6,4,1d12+4,1d6+4,47,16,6,4,1d12+4,1d8+4,7.0,B
1381,45,14,8,4,1d10+4,1d6+4,32,16,7,4,1d10+4,1d8+4,2.0,A
1382,33,15,7,4,1d8+4,1d6+4,42,18,6,4,1d10+4,1d8+4,3.0,A
1383,37,15,7,4,1d8+4,1d6+4,31,14,6,4,1d8+4,1d6+4,4.0,A
1384,36,17,5,4,1d12+4,1d8+4,39,17,7,4,1d12+4,1d8+4,8.0,B
1385,48,16,7,4,1d12+4,1d6+4,45,17,8,4,1d10+4,1d8+4,6.0,B
1386,33,17,6,4,1d10+4,1d6+4,35,18,8,4,1d12+4,1d6+4,9.0,B
1387,44,14,8,4,1d10+4,1d8+4,48,16,7,4,1d10+4,1d8+4,10.0,B
1388,37,16,6,4,1d8+4,1d6+4,30,16,5,4,1d12+4,1d8+4,2.0,B
1389,37,14,6,4,1d12+4,1d8+4,42,14,5,4,1d12+4,1d6+4,9.0,B
1390,36,18,7,4,1d10+4,1d8+4,30,18,6,4,1d10+4,1d8+4,9.0,A
1391,50,15,6,4,1d8+4,1d6+4,32,17,7,4,1d8+4,1d6+4,6.0,A
1392,37,18,7,4,1d12+4,1d8+4,45,16,8,4,1d8+4,1d8+4,1.0,A
1393,37,18,6,4,1d12+4,1d8+4,35,17,8,4,1d8+4,1d8+4,6.0,A
1394,32,14,6,4,1d12+4,1d8+4,40,15,6,4,1d12+4,1d8+4,8.0,B
1395,30,17,8,4,1d12+4,1d8+4,46,18,7,4,1d10+4,1d8+4,2.0,A
1396,35,17,7,4,1d8+4,1d8+4,46,14,7,4,1d12+4,1d6+4,2.0,B
1397,44,15,8,4,1d8+4,1d6+4,33,18,6,4,1d8+4,1d6+4,8.0,A
1398,35,17,6,4,1d10+4,1d8+4,36,15,8,4,1d8+4,1d8+4,6.0,B
1399,42,16,6,4,1d10+4,1d6+4,49,18,8,4,1d8+4,1d6+4,4.0,B
1400,42,18,8,4,1d12+4,1d8+4,38,16,7,4,1d8+4,1d6+4,8.0,A
1401,40,17,5,4,1d8+4,1d8+4,32,14,8,4,1d12+4,1d8+4,9.0,A
1402,49,15,8,4,1d12+4,1d6+4,50,14,7,4,1d8+4,1d8+4,7.0,A
1403,47,17,5,4,1d10+4,1d8+4,49,14,6,4,1d8+4,1d8+4,2.0,A
1404,40,14,8,4,1d8+4,1d8+4,45,16,7,4,1d10+4,1d8+4,8.0,A
1405,34,18,5,4,1d10+4,1d6+4,46,16,8,4,1d10+4,1d6+4,1.0,B
1406,44,17,7,4,1d8+4,1d8+4,40,16,6,4,1d12+4,1d6+4,4.0,A
1407,35,17,7,4,1d10+4,1d8+4,43,17,8,4,1d8+4,1d6+4,10.0,A
1408,45,15,5,4,1d12+4,1d6+4,46,17,8,4,1d10+4,1d6+4,10.0,B
1409,42,18,5,4,1d8+4,1d6+4,47,16,8,4,1d10+4,1d6+4,7.0,A
1410,31,14,8,4,1d8+4,1d6+4,49,18,5,4,1d12+4,1d6+4,6.0,B
1411,36,16,7,4,1d8+4,1d6+4,48,15,7,4,1d12+4,1d6+4,10.0,B
1412,38,17,8,4,1d10+4,1d6+4,36,14,7,4,1d12+4,1d6+4,4.0,B
1413,45,17,7,4,1d12+4,1d8+4,45,18,5,4,1d8+4,1d6+4,10.0,A
1414,39,18,5,4,1d10+4,1d8+4,46,14,5,4,1d10+4,1d6+4,5.0,A
1415,42,14,8,4,1d12+4,1d6+4,40,14,7,4,1d8+4,1d8+4,4.0,A
1416,40,16,6,4,1d8+4,1d6+4,48,18,8,4,1d8+4,1d8+4,4.0,B
1417,34,16,6,4,1d12+4,1d6+4,43,15,6,4,1d8+4,1d6+4,0.0,B
1418,40,18,6,4,1d8+4,1d6+4,48,14,7,4,1d10+4,1d8+4,5.0,B
1419,47,16,7,4,1d12+4,1d8+4,50,16,7,4,1d12+4,1d8+4,4.0,A
1420,35,15,6,4,1d10+4,1d6+4,41,14,7,4,1d10+4,1d6+4,3.0,B
1421,49,16,6,4,1d10+4,1d8+4,38,16,8,4,1d10+4,1d6+4,3.0,B
1422,36,16,6,4,1d8+4,1d6+4,43,16,6,4,1d12+4,1d8+4,1.0,B
1423,37,16,6,4,1d8+4,1d6+4,46,16,7,4,1d8+4,1d6+4,9.0,B
1424,33,14,5,4,1d10+4,1d8+4,41,17,7,4,1d12+4,1d8+4,4.0,B
1425,32,16,5,4,1d12+4,1d8+4,30,18,5,4,1d10+4,1d8+4,3.0,A
1426,38,14,6,4,1d12+4,1d6+4,50,14,5,4,1d12+4,1d6+4,2.0,A
1427,47,17,6,4,1d10+4,1d8+4,37,17,7,4,1d12+4,1d6+4,6.0,A
1428,48,16,6,4,1d12+4,1d6+4,31,16,7,4,1d10+4,1d8+4,4.0,A
1429,43,17,5,4,1d10+4,1d8+4,37,17,5,4,1d8+4,1d6+4,6.0,A
1430,39,17,8,4,1d8+4,1d8+4,44,15,8,4,1d12+4,1d8+4,1.0,B
1431,37,14,6,4,1d12+4,1d6+4,35,17,7,4,1d10+4,1d8+4,9.0,A
1432,41,15,7,4,1d10+4,1d6+4,36,17,7,4,1d12+4,1d8+4,7.0,A
1433,35,18,8,4,1d12+4,1d8+4,36,17,7,4,1d10+4,1d8+4,8.0,B
1434,41,15,7,4,1d12+4,1d8+4,42,14,7,4,1d10+4,1d6+4,7.0,A
1435,48,17,5,4,1d10+4,1d6+4,37,14,8,4,1d10+4,1d8+4,9.0,B
1436,35,16,5,4,1d12+4,1d6+4,40,14,5,4,1d8+4,1d6+4,8.0,B
1437,31,17,6,4,1d10+4,1d6+4,43,16,5,4,1d12+4,1d8+4,8.0,A
1438,38,15,8,4,1d8+4,1d6+4,44,18,5,4,1d8+4,1d6+4,10.0,A
1439,34,17,8,4,1d12+4,1d8+4,37,15,7,4,1d12+4,1d6+4,0.0,A
1440,32,15,7,4,1d12+4,1d6+4,50,16,6,4,1d10+4,1d6+4,4.0,A
1441,37,15,5,4,1d12+4,1d6+4,30,18,5,4,1d12+4,1d8+4,0.0,A
1442,43,18,8,4,1d8+4,1d6+4,31,14,5,4,1d8+4,1d6+4,5.0,A
1443,36,18,5,4,1d10+4,1d8+4,48,16,5,4,1d8+4,1d6+4,1.0,B
1444,33,16,6,4,1d8+4,1d6+4,36,16,7,4,1d12+4,1d6+4,4.0,A
1445,35,16,8,4,1d12+4,1d6+4,36,17,6,4,1d10+4,1d6+4,1.0,B
1446,31,18,6,4,1d10+4,1d6+4,33,18,5,4,1d8+4,1d6+4,6.0,A
1447,46,15,5,4,1d10+4,1d6+4,48,17,5,4,1d10+4,1d8+4,3.0,B
1448,42,17,8,4,1d10+4,1d6+4,45,16,5,4,1d12+4,1d8+4,3.0,A
1449,42,14,6,4,1d10+4,1d6+4,34,16,6,4,1d12+4,1d8+4,0.0,B
1450,34,14,7,4,1d12+4,1d6+4,38,18,7,4,1d10+4,1d6+4,4.0,B
1451,44,15,6,4,1d12+4,1d6+4,30,18,7,4,1d10+4,1d8+4,6.0,B
1452,34,15,8,4,1d8+4,1d6+4,50,18,5,4,1d8+4,1d6+4,9.0,B
1453,38,14,8,4,1d12+4,1d8+4,43,18,5,4,1d8+4,1d6+4,3.0,B
1454,31,18,8,4,1d10+4,1d6+4,36,17,8,4,1d8+4,1d6+4,7.0,A
1455,38,17,5,4,1d10+4,1d8+4,32,18,7,4,1d12+4,1d8+4,0.0,A
1456,47,16,6,4,1d8+4,1d8+4,34,15,6,4,1d8+4,1d8+4,5.0,A
1457,34,17,5,4,1d12+4,1d8+4,49,18,7,4,1d10+4,1d8+4,0.0,B
1458,43,15,6,4,1d8+4,1d6+4,32,16,5,4,1d8+4,1d8+4,0.0,B
1459,36,17,6,4,1d10+4,1d6+4,40,18,6,4,1d8+4,1d6+4,3.0,A
1460,47,16,5,4,1d8+4,1d8+4,40,15,6,4,1d10+4,1d8+4,1.0,B
1461,47,14,7,4,1d12+4,1d8+4,49,16,7,4,1d10+4,1d8+4,1.0,A
1462,39,16,7,4,1d12+4,1d6+4,47,18,5,4,1d8+4,1d6+4,9.0,A
1463,41,15,5,4,1d10+4,1d8+4,41,16,5,4,1d10+4,1d6+4,1.0,B
1464,35,18,8,4,1d10+4,1d6+4,34,17,5,4,1d8+4,1d8+4,10.0,A
1465,49,16,6,4,1d8+4,1d8+4,41,16,8,4,1d10+4,1d8+4,7.0,B
1466,47,15,6,4,1d10+4,1d6+4,31,16,6,4,1d8+4,1d6+4,3.0,A
1467,49,15,6,4,1d10+4,1d6+4,48,16,6,4,1d8+4,1d6+4,5.0,B
1468,33,16,5,4,1d12+4,1d6+4,31,16,8,4,1d12+4,1d6+4,0.0,A
1469,50,16,5,4,1d10+4,1d8+4,41,15,5,4,1d8+4,1d8+4,3.0,A
1470,40,18,6,4,1d12+4,1d6+4,35,14,6,4,1d12+4,1d6+4,6.0,B
1471,42,15,8,4,1d10+4,1d8+4,31,15,6,4,1d8+4,1d8+4,5.0,A
1472,46,16,6,4,1d12+4,1d6+4,46,17,7,4,1d10+4,1d6+4,3.0,B
1473,41,15,5,4,1d12+4,1d6+4,45,14,7,4,1d12+4,1d8+4,0.0,B
1474,39,18,8,4,1d8+4,1d6+4,36,18,6,4,1d10+4,1d8+4,6.0,A
1475,45,16,5,4,1d12+4,1d8+4,30,16,6,4,1d10+4,1d8+4,1.0,A
1476,40,14,5,4,1d8+4,1d8+4,48,15,7,4,1d10+4,1d6+4,4.0,B
1477,32,14,7,4,1d10+4,1d6+4,39,15,6,4,1d12+4,1d6+4,6.0,B
1478,47,15,6,4,1d8+4,1d6+4,48,16,6,4,1d10+4,1d6+4,1.0,A
1479,49,18,7,4,1d12+4,1d8+4,32,14,6,4,1d8+4,1d8+4,9.0,A
1480,42,15,6,4,1d12+4,1d8+4,34,17,6,4,1d8+4,1d6+4,1.0,A
1481,39,15,5,4,1d12+4,1d6+4,40,16,7,4,1d8+4,1d6+4,1.0,A
1482,48,14,5,4,1d12+4,1d8+4,49,17,6,4,1d12+4,1d8+4,8.0,B
1483,40,14,7,4,1d10+4,1d8+4,38,15,8,4,1d12+4,1d8+4,7.0,A
1484,44,18,5,4,1d10+4,1d8+4,43,18,5,4,1d12+4,1d6+4,0.0,B
1485,34,14,7,4,1d10+4,1d6+4,36,18,7,4,1d12+4,1d6+4,4.0,B
1486,48,18,8,4,1d12+4,1d8+4,44,17,6,4,1d12+4,1d6+4,3.0,A
1487,50,18,5,4,1d10+4,1d6+4,39,15,6,4,1d12+4,1d8+4,0.0,A
1488,45,14,5,4,1d8+4,1d8+4,48,14,7,4,1d10+4,1d6+4,3.0,B
1489,41,14,7,4,1d10+4,1d6+4,37,16,6,4,1d8+4,1d6+4,5.0,B
1490,44,17,5,4,1d8+4,1d8+4,34,16,7,4,1d12+4,1d8+4,3.0,A
1491,34,18,8,4,1d12+4,1d8+4,36,14,8,4,1d12+4,1d8+4,6.0,B
1492,36,18,7,4,1d12+4,1d6+4,47,16,7,4,1d8+4,1d6+4,9.0,B
1493,45,16,7,4,1d8+4,1d8+4,39,15,6,4,1d12+4,1d6+4,8.0,A
1494,42,15,7,4,1d10+4,1d8+4,30,17,7,4,1d10+4,1d6+4,9.0,B
1495,44,17,6,4,1d12+4,1d6+4,38,16,6,4,1d10+4,1d6+4,8.0,A
1496,31,15,6,4,1d8+4,1d8+4,38,17,7,4,1d8+4,1d6+4,4.0,B
1497,40,14,5,4,1d8+4,1d6+4,50,18,5,4,1d12+4,1d8+4,8.0,B
1498,34,15,5,4,1d8+4,1d8+4,33,14,6,4,1d10+4,1d6+4,1.0,A
1499,43,16,5,4,1d10+4,1d6+4,32,18,6,4,1d8+4,1d6+4,0.0,B
1500,45,18,5,4,1d12+4,1d8+4,39,15,5,4,1d10+4,1d6+4,10.0,A
1501,38,14,6,4,1d12+4,1d8+4,45,14,5,4,1d12+4,1d8+4,0.0,A
1502,36,15,6,4,1d12+4,1d8+4,30,18,7,4,1d8+4,1d6+4,5.0,A
1503,36,16,5,4,1d12+4,1d8+4,42,16,5,4,1d10+4,1d6+4,3.0,A
1504,36,18,5,4,1d12+4,1d8+4,33,15,7,4,1d12+4,1d8+4,1.0,A
1505,34,15,7,4,1d8+4,1d6+4,35,17,6,4,1d10+4,1d6+4,4.0,A
1506,50,17,7,4,1d8+4,1d8+4,32,15,6,4,1d8+4,1d6+4,4.0,A
1507,43,17,7,4,1d10+4,1d6+4,47,16,5,4,1d12+4,1d6+4,4.0,A
1508,30,16,5,4,1d12+4,1d6+4,39,16,5,4,1d10+4,1d6+4,6.0,A
1509,43,17,6,4,1d10+4,1d6+4,44,18,8,4,1d10+4,1d8+4,1.0,B
1510,42,17,8,4,1d10+4,1d6+4,41,16,6,4,1d10+4,1d8+4,10.0,B
1511,49,14,5,4,1d10+4,1d6+4,31,14,6,4,1d12+4,1d8+4,5.0,A
1512,42,17,6,4,1d10+4,1d8+4,42,18,8,4,1d10+4,1d6+4,4.0,A
1513,33,15,5,4,1d8+4,1d6+4,49,18,6,4,1d12+4,1d6+4,5.0,A
1514,36,15,7,4,1d10+4,1d8+4,36,16,8,4,1d10+4,1d6+4,6.0,B
1515,47,17,8,4,1d8+4,1d8+4,48,15,7,4,1d12+4,1d8+4,7.0,A
1516,35,15,6,4,1d8+4,1d8+4,35,18,6,4,1d12+4,1d8+4,8.0,A
1517,46,17,7,4,1d12+4,1d8+4,50,16,6,4,1d10+4,1d6+4,7.0,A
1518,40,16,8,4,1d12+4,1d6+4,50,14,5,4,1d10+4,1d8+4,8.0,A
1519,49,14,5,4,1d8+4,1d8+4,49,15,6,4,1d8+4,1d8+4,3.0,B
1520,36,17,5,4,1d10+4,1d8+4,48,15,8,4,1d8+4,1d8+4,1.0,A
1521,45,16,6,4,1d12+4,1d8+4,32,18,5,4,1d8+4,1d8+4,7.0,B
1522,45,15,8,4,1d8+4,1d8+4,40,17,7,4,1d10+4,1d8+4,3.0,B
1523,36,14,5,4,1d8+4,1d8+4,45,15,6,4,1d8+4,1d6+4,5.0,B
1524,44,16,7,4,1d12+4,1d6+4,33,16,7,4,1d8+4,1d6+4,2.0,A
1525,47,16,7,4,1d10+4,1d6+4,42,15,8,4,1d10+4,1d6+4,2.0,B
1526,42,17,7,4,1d12+4,1d6+4,45,18,5,4,1d12+4,1d8+4,10.0,B
1527,35,16,8,4,1d12+4,1d6+4,38,18,8,4,1d12+4,1d8+4,9.0,B
1528,34,18,6,4,1d10+4,1d8+4,37,17,8,4,1d8+4,1d6+4,9.0,B
1529,40,16,8,4,1d10+4,1d6+4,50,15,5,4,1d8+4,1d6+4,0.0,B
1530,32,17,7,4,1d8+4,1d8+4,33,14,6,4,1d12+4,1d6+4,6.0,A
1531,39,14,5,4,1d12+4,1d6+4,47,14,6,4,1d12+4,1d8+4,5.0,A
1532,31,18,8,4,1d12+4,1d8+4,37,14,7,4,1d10+4,1d8+4,1.0,A
1533,43,16,6,4,1d12+4,1d8+4,48,18,6,4,1d12+4,1d6+4,6.0,B
1534,50,16,5,4,1d12+4,1d8+4,38,18,7,4,1d12+4,1d8+4,10.0,B
1535,42,18,7,4,1d12+4,1d6+4,39,14,7,4,1d12+4,1d8+4,8.0,A
1536,37,16,5,4,1d10+4,1d8+4,42,14,6,4,1d12+4,1d6+4,6.0,A
1537,46,15,7,4,1d12+4,1d6+4,43,15,6,4,1d10+4,1d6+4,7.0,A
1538,50,16,8,4,1d12+4,1d6+4,46,14,8,4,1d10+4,1d8+4,7.0,B
1539,36,15,7,4,1d10+4,1d6+4,40,16,7,4,1d8+4,1d8+4,7.0,A
1540,47,16,8,4,1d12+4,1d6+4,36,15,7,4,1d8+4,1d8+4,5.0,A
1541,49,17,5,4,1d12+4,1d8+4,31,16,7,4,1d8+4,1d6+4,3.0,B
1542,32,15,5,4,1d10+4,1d8+4,41,18,8,4,1d12+4,1d6+4,0.0,B
1543,30,18,7,4,1d12+4,1d8+4,30,17,6,4,1d8+4,1d6+4,7.0,A
1544,37,15,8,4,1d12+4,1d6+4,34,18,8,4,1d12+4,1d6+4,7.0,A
1545,41,17,5,4,1d8+4,1d6+4,39,16,6,4,1d12+4,1d8+4,10.0,B
1546,30,17,7,4,1d12+4,1d8+4,46,16,6,4,1d10+4,1d6+4,4.0,B
1547,38,17,7,4,1d10+4,1d8+4,35,17,6,4,1d12+4,1d8+4,10.0,A
1548,44,15,7,4,1d10+4,1d8+4,38,15,5,4,1d10+4,1d8+4,8.0,A
1549,50,14,7,4,1d10+4,1d8+4,43,18,7,4,1d12+4,1d6+4,7.0,B
1550,40,16,5,4,1d10+4,1d6+4,44,17,5,4,1d12+4,1d8+4,3.0,B
1551,40,16,5,4,1d12+4,1d8+4,41,15,8,4,1d10+4,1d6+4,8.0,B
1552,42,17,6,4,1d8+4,1d8+4,39,15,5,4,1d10+4,1d8+4,2.0,B
1553,49,17,8,4,1d10+4,1d8+4,38,16,6,4,1d10+4,1d8+4,1.0,A
1554,47,16,5,4,1d10+4,1d6+4,45,17,7,4,1d8+4,1d8+4,2.0,A
1555,49,18,7,4,1d8+4,1d6+4,44,17,5,4,1d10+4,1d6+4,2.0,B
1556,40,16,7,4,1d12+4,1d6+4,50,16,8,4,1d8+4,1d6+4,6.0,B
1557,48,18,7,4,1d12+4,1d6+4,30,18,6,4,1d12+4,1d6+4,9.0,B
1558,32,18,6,4,1d8+4,1d6+4,41,17,7,4,1d8+4,1d8+4,3.0,A
1559,50,15,7,4,1d8+4,1d8+4,40,17,6,4,1d10+4,1d8+4,5.0,B
1560,42,14,5,4,1d12+4,1d8+4,31,15,7,4,1d10+4,1d8+4,7.0,A
1561,46,15,8,4,1d10+4,1d8+4,40,17,8,4,1d8+4,1d6+4,3.0,A
1562,35,16,8,4,1d12+4,1d6+4,38,15,5,4,1d8+4,1d6+4,2.0,A
1563,50,17,5,4,1d8+4,1d8+4,32,18,6,4,1d8+4,1d8+4,7.0,A
1564,49,17,8,4,1d12+4,1d8+4,40,16,6,4,1d12+4,1d8+4,7.0,B
1565,35,17,5,4,1d12+4,1d6+4,38,14,7,4,1d12+4,1d8+4,7.0,B
1566,35,16,7,4,1d12+4,1d6+4,33,16,5,4,1d10+4,1d8+4,4.0,A
1567,40,16,7,4,1d8+4,1d8+4,48,14,5,4,1d12+4,1d6+4,9.0,B
1568,35,17,8,4,1d10+4,1d6+4,38,17,5,4,1d8+4,1d8+4,6.0,A
1569,39,14,6,4,1d10+4,1d8+4,38,14,8,4,1d10+4,1d6+4,5.0,A
1570,44,17,8,4,1d8+4,1d6+4,30,14,5,4,1d10+4,1d6+4,2.0,A
1571,34,17,7,4,1d12+4,1d6+4,35,17,6,4,1d12+4,1d8+4,6.0,A
1572,43,14,8,4,1d10+4,1d6+4,50,17,6,4,1d12+4,1d8+4,3.0,B
1573,44,14,6,4,1d10+4,1d6+4,40,17,8,4,1d10+4,1d8+4,3.0,B
1574,47,17,5,4,1d12+4,1d6+4,49,18,7,4,1d8+4,1d6+4,6.0,B
1575,45,16,8,4,1d8+4,1d6+4,45,16,6,4,1d12+4,1d8+4,8.0,A
1576,43,17,8,4,1d10+4,1d8+4,36,17,5,4,1d12+4,1d6+4,2.0,A
1577,48,17,6,4,1d8+4,1d8+4,49,17,6,4,1d12+4,1d8+4,9.0,A
1578,46,18,7,4,1d10+4,1d6+4,44,15,5,4,1d12+4,1d8+4,8.0,A
1579,37,16,8,4,1d8+4,1d8+4,41,15,8,4,1d10+4,1d8+4,3.0,B
1580,47,18,6,4,1d12+4,1d8+4,44,14,5,4,1d8+4,1d6+4,4.0,A
1581,35,15,5,4,1d10+4,1d6+4,36,16,8,4,1d10+4,1d8+4,5.0,B
1582,36,14,8,4,1d8+4,1d8+4,37,16,5,4,1d10+4,1d6+4,6.0,A
1583,30,16,5,4,1d12+4,1d6+4,47,17,8,4,1d12+4,1d8+4,1.0,B
1584,34,14,5,4,1d12+4,1d8+4,33,14,5,4,1d8+4,1d8+4,8.0,A
1585,32,18,5,4,1d10+4,1d6+4,30,14,6,4,1d8+4,1d8+4,2.0,A
1586,46,17,8,4,1d12+4,1d8+4,46,16,6,4,1d10+4,1d8+4,10.0,B
1587,37,15,7,4,1d12+4,1d6+4,37,14,7,4,1d12+4,1d8+4,3.0,A
1588,46,15,6,4,1d8+4,1d6+4,43,16,5,4,1d8+4,1d6+4,4.0,A
1589,40,18,5,4,1d10+4,1d8+4,34,18,7,4,1d8+4,1d8+4,7.0,B
1590,45,17,6,4,1d12+4,1d8+4,31,16,6,4,1d12+4,1d8+4,6.0,A
1591,47,18,8,4,1d8+4,1d6+4,40,14,5,4,1d8+4,1d6+4,2.0,A
1592,48,18,6,4,1d10+4,1d8+4,42,16,7,4,1d12+4,1d6+4,2.0,A
1593,33,15,6,4,1d12+4,1d6+4,43,18,7,4,1d10+4,1d8+4,0.0,B
1594,40,18,8,4,1d12+4,1d8+4,50,16,6,4,1d10+4,1d8+4,1.0,B
1595,48,14,7,4,1d10+4,1d6+4,48,14,5,4,1d12+4,1d6+4,3.0,B
1596,32,17,6,4,1d8+4,1d6+4,35,16,7,4,1d8+4,1d6+4,0.0,B
1597,48,18,5,4,1d10+4,1d8+4,48,18,8,4,1d10+4,1d8+4,10.0,B
1598,35,16,5,4,1d10+4,1d6+4,46,18,7,4,1d12+4,1d6+4,2.0,B
1599,40,16,7,4,1d10+4,1d8+4,50,15,5,4,1d10+4,1d8+4,9.0,A
1600,44,16,7,4,1d10+4,1d8+4,47,14,5,4,1d8+4,1d6+4,1.0,B
1601,32,18,7,4,1d10+4,1d6+4,44,17,8,4,1d8+4,1d8+4,8.0,B
1602,30,18,7,4,1d10+4,1d8+4,33,18,5,4,1d8+4,1d8+4,5.0,A
1603,41,16,5,4,1d12+4,1d8+4,37,15,6,4,1d10+4,1d6+4,5.0,B
1604,30,16,5,4,1d10+4,1d6+4,49,15,6,4,1d8+4,1d8+4,7.0,B
1605,47,18,6,4,1d10+4,1d8+4,31,18,7,4,1d10+4,1d6+4,10.0,A
1606,43,16,6,4,1d8+4,1d8+4,35,15,5,4,1d8+4,1d8+4,1.0,A
1607,47,14,6,4,1d10+4,1d6+4,39,16,6,4,1d10+4,1d8+4,1.0,B
1608,39,15,5,4,1d8+4,1d8+4,32,14,7,4,1d12+4,1d6+4,4.0,A
1609,33,18,7,4,1d8+4,1d6+4,37,16,7,4,1d12+4,1d8+4,9.0,A
1610,34,15,5,4,1d12+4,1d8+4,35,17,7,4,1d10+4,1d8+4,7.0,A
1611,41,16,8,4,1d8+4,1d6+4,33,18,5,4,1d12+4,1d8+4,5.0,B
1612,40,15,5,4,1d10+4,1d8+4,33,16,5,4,1d12+4,1d8+4,2.0,B
1613,31,14,6,4,1d8+4,1d6+4,41,16,5,4,1d8+4,1d8+4,7.0,B
1614,43,17,8,4,1d8+4,1d8+4,41,16,5,4,1d12+4,1d6+4,7.0,A
1615,42,17,6,4,1d10+4,1d8+4,41,18,6,4,1d12+4,1d8+4,9.0,B
1616,37,17,5,4,1d10+4,1d6+4,47,14,7,4,1d12+4,1d8+4,1.0,B
1617,37,14,7,4,1d10+4,1d8+4,48,14,5,4,1d10+4,1d8+4,6.0,A
1618,49,15,7,4,1d12+4,1d6+4,39,15,7,4,1d10+4,1d8+4,0.0,A
1619,40,16,6,4,1d8+4,1d6+4,48,16,8,4,1d12+4,1d6+4,3.0,B
1620,48,18,7,4,1d8+4,1d6+4,44,16,6,4,1d12+4,1d6+4,3.0,A
1621,46,14,7,4,1d12+4,1d8+4,33,17,8,4,1d8+4,1d6+4,5.0,A
1622,31,14,8,4,1d12+4,1d8+4,37,16,5,4,1d8+4,1d8+4,5.0,A
1623,40,18,8,4,1d8+4,1d6+4,48,14,6,4,1d10+4,1d8+4,8.0,A
1624,50,18,5,4,1d10+4,1d8+4,37,17,8,4,1d12+4,1d8+4,6.0,B
1625,50,18,5,4,1d10+4,1d8+4,31,16,8,4,1d10+4,1d8+4,0.0,A
1626,34,16,5,4,1d8+4,1d8+4,32,17,7,4,1d10+4,1d8+4,10.0,B
1627,49,14,6,4,1d12+4,1d8+4,46,17,8,4,1d10+4,1d6+4,2.0,A
1628,42,18,8,4,1d10+4,1d6+4,46,15,7,4,1d8+4,1d8+4,10.0,A
1629,39,17,7,4,1d12+4,1d6+4,32,18,5,4,1d8+4,1d8+4,0.0,A
1630,50,18,7,4,1d10+4,1d8+4,36,14,8,4,1d10+4,1d6+4,6.0,B
1631,48,15,6,4,1d12+4,1d6+4,37,16,8,4,1d12+4,1d6+4,9.0,A
1632,44,17,7,4,1d12+4,1d8+4,30,17,7,4,1d8+4,1d6+4,5.0,A
1633,44,16,5,4,1d12+4,1d8+4,37,18,8,4,1d12+4,1d8+4,3.0,B
1634,30,17,6,4,1d8+4,1d8+4,37,17,7,4,1d12+4,1d8+4,7.0,B
1635,34,18,7,4,1d10+4,1d8+4,32,15,7,4,1d8+4,1d6+4,5.0,A
1636,46,14,5,4,1d12+4,1d6+4,34,18,8,4,1d8+4,1d8+4,5.0,B
1637,44,18,5,4,1d10+4,1d6+4,33,18,5,4,1d12+4,1d6+4,3.0,B
1638,30,18,5,4,1d12+4,1d6+4,31,17,5,4,1d10+4,1d8+4,9.0,A
1639,42,18,6,4,1d10+4,1d8+4,39,15,6,4,1d12+4,1d6+4,0.0,A
1640,42,17,6,4,1d10+4,1d6+4,43,18,5,4,1d10+4,1d6+4,1.0,A
1641,49,14,6,4,1d10+4,1d6+4,31,15,6,4,1d8+4,1d8+4,6.0,B
1642,32,14,5,4,1d10+4,1d6+4,43,17,6,4,1d8+4,1d8+4,2.0,B
1643,46,16,5,4,1d8+4,1d6+4,45,15,8,4,1d8+4,1d6+4,0.0,A
1644,50,16,7,4,1d12+4,1d6+4,42,18,6,4,1d10+4,1d6+4,0.0,A
1645,33,16,6,4,1d12+4,1d8+4,45,18,7,4,1d12+4,1d6+4,6.0,B
1646,50,15,5,4,1d12+4,1d8+4,36,15,6,4,1d8+4,1d6+4,6.0,A
1647,50,14,5,4,1d10+4,1d6+4,46,16,8,4,1d12+4,1d6+4,8.0,B
1648,42,14,5,4,1d10+4,1d8+4,39,16,6,4,1d8+4,1d6+4,0.0,A
1649,40,17,7,4,1d8+4,1d8+4,39,16,8,4,1d8+4,1d6+4,3.0,B
1650,32,15,6,4,1d10+4,1d6+4,41,14,5,4,1d8+4,1d8+4,9.0,A
1651,45,17,6,4,1d8+4,1d8+4,44,17,8,4,1d12+4,1d6+4,3.0,B
1652,41,16,8,4,1d12+4,1d8+4,48,18,8,4,1d10+4,1d6+4,9.0,A
1653,35,18,6,4,1d12+4,1d8+4,34,18,5,4,1d10+4,1d8+4,5.0,B
1654,47,15,7,4,1d12+4,1d6+4,44,14,5,4,1d8+4,1d8+4,6.0,A
1655,44,17,6,4,1d12+4,1d6+4,35,18,8,4,1d12+4,1d6+4,9.0,A
1656,30,14,6,4,1d8+4,1d8+4,45,17,8,4,1d10+4,1d6+4,1.0,B
1657,42,18,6,4,1d12+4,1d8+4,34,16,7,4,1d12+4,1d6+4,10.0,A
1658,36,14,7,4,1d10+4,1d8+4,45,14,5,4,1d12+4,1d8+4,4.0,B
1659,50,17,5,4,1d12+4,1d6+4,47,16,6,4,1d8+4,1d6+4,6.0,A
1660,31,17,6,4,1d8+4,1d6+4,36,14,6,4,1d12+4,1d8+4,0.0,B
1661,45,15,7,4,1d8+4,1d8+4,31,18,6,4,1d10+4,1d6+4,2.0,A
1662,36,18,8,4,1d12+4,1d6+4,41,14,6,4,1d12+4,1d6+4,0.0,A
1663,34,17,6,4,1d10+4,1d6+4,34,17,5,4,1d12+4,1d6+4,8.0,A
1664,40,16,5,4,1d8+4,1d8+4,48,16,8,4,1d12+4,1d6+4,2.0,B
1665,49,17,7,4,1d10+4,1d6+4,39,16,7,4,1d8+4,1d8+4,4.0,A
1666,45,17,8,4,1d8+4,1d8+4,40,14,7,4,1d8+4,1d8+4,5.0,A
1667,32,18,7,4,1d8+4,1d6+4,37,18,6,4,1d8+4,1d6+4,7.0,A
1668,35,17,6,4,1d8+4,1d6+4,38,15,7,4,1d12+4,1d6+4,3.0,B
1669,38,16,6,4,1d10+4,1d6+4,42,15,6,4,1d12+4,1d6+4,0.0,B
1670,38,18,7,4,1d12+4,1d8+4,36,17,8,4,1d8+4,1d6+4,0.0,B
1671,30,17,7,4,1d10+4,1d8+4,47,16,8,4,1d10+4,1d8+4,4.0,A
1672,30,17,6,4,1d10+4,1d6+4,42,15,8,4,1d10+4,1d8+4,0.0,B
1673,44,15,5,4,1d8+4,1d8+4,47,17,7,4,1d12+4,1d8+4,10.0,B
1674,44,15,6,4,1d12+4,1d8+4,46,16,5,4,1d8+4,1d8+4,6.0,A
1675,40,15,8,4,1d8+4,1d6+4,31,18,5,4,1d12+4,1d8+4,4.0,A
1676,37,14,5,4,1d10+4,1d6+4,46,14,8,4,1d10+4,1d8+4,5.0,A
1677,44,16,5,4,1d12+4,1d6+4,30,15,8,4,1d8+4,1d8+4,4.0,A
1678,30,15,7,4,1d12+4,1d6+4,36,17,5,4,1d12+4,1d8+4,5.0,A
1679,48,16,7,4,1d8+4,1d6+4,44,17,5,4,1d8+4,1d8+4,9.0,A
1680,37,17,8,4,1d12+4,1d6+4,48,16,8,4,1d12+4,1d8+4,4.0,B
1681,43,18,5,4,1d10+4,1d6+4,48,18,6,4,1d8+4,1d6+4,6.0,B
1682,47,18,6,4,1d12+4,1d6+4,36,14,7,4,1d12+4,1d6+4,3.0,A
1683,35,14,8,4,1d10+4,1d6+4,49,17,5,4,1d8+4,1d6+4,1.0,A
1684,37,16,7,4,1d12+4,1d8+4,34,14,6,4,1d8+4,1d6+4,3.0,B
1685,30,18,5,4,1d10+4,1d8+4,49,18,5,4,1d12+4,1d6+4,0.0,B
1686,48,17,7,4,1d8+4,1d6+4,42,16,8,4,1d12+4,1d6+4,8.0,B
1687,32,14,5,4,1d10+4,1d6+4,48,18,6,4,1d10+4,1d8+4,7.0,B
1688,36,15,6,4,1d12+4,1d8+4,30,14,6,4,1d12+4,1d6+4,1.0,A
1689,47,18,8,4,1d10+4,1d8+4,40,18,7,4,1d8+4,1d6+4,7.0,B
1690,43,17,5,4,1d8+4,1d6+4,42,14,7,4,1d8+4,1d8+4,2.0,A
1691,46,15,7,4,1d10+4,1d8+4,47,14,8,4,1d8+4,1d6+4,6.0,A
1692,44,18,7,4,1d8+4,1d8+4,46,18,5,4,1d10+4,1d8+4,0.0,B
1693,40,17,6,4,1d10+4,1d6+4,40,18,8,4,1d12+4,1d8+4,2.0,A
1694,34,15,5,4,1d10+4,1d6+4,33,16,8,4,1d12+4,1d8+4,7.0,B
1695,34,17,5,4,1d8+4,1d8+4,45,14,8,4,1d12+4,1d6+4,4.0,B
1696,33,17,8,4,1d8+4,1d6+4,35,15,5,4,1d8+4,1d8+4,8.0,A
1697,41,15,8,4,1d8+4,1d8+4,41,18,8,4,1d10+4,1d8+4,7.0,B
1698,50,18,7,4,1d8+4,1d8+4,44,14,7,4,1d10+4,1d8+4,1.0,A
1699,45,16,7,4,1d10+4,1d8+4,50,14,6,4,1d8+4,1d6+4,8.0,A
1700,47,18,7,4,1d8+4,1d8+4,35,14,7,4,1d12+4,1d6+4,8.0,B
1701,45,17,6,4,1d10+4,1d8+4,49,18,6,4,1d8+4,1d6+4,9.0,B
1702,49,15,5,4,1d12+4,1d8+4,32,17,6,4,1d8+4,1d6+4,0.0,B
1703,43,17,8,4,1d10+4,1d6+4,38,16,8,4,1d8+4,1d6+4,3.0,B
1704,49,15,8,4,1d10+4,1d6+4,45,16,5,4,1d12+4,1d6+4,0.0,A
1705,46,15,7,4,1d10+4,1d6+4,41,15,5,4,1d12+4,1d8+4,5.0,A
1706,48,14,7,4,1d10+4,1d8+4,49,15,8,4,1d12+4,1d6+4,0.0,A
1707,36,16,6,4,1d10+4,1d6+4,36,14,6,4,1d8+4,1d6+4,5.0,B
1708,49,17,6,4,1d12+4,1d8+4,30,18,5,4,1d12+4,1d8+4,10.0,B
1709,37,18,7,4,1d8+4,1d8+4,44,15,8,4,1d12+4,1d6+4,10.0,A
1710,47,17,7,4,1d8+4,1d8+4,43,16,5,4,1d8+4,1d8+4,8.0,B
1711,42,15,7,4,1d8+4,1d6+4,38,18,5,4,1d12+4,1d8+4,0.0,A
1712,45,16,7,4,1d10+4,1d8+4,39,17,8,4,1d8+4,1d6+4,10.0,A
1713,49,15,8,4,1d8+4,1d6+4,49,14,5,4,1d8+4,1d6+4,4.0,A
1714,48,14,5,4,1d10+4,1d8+4,33,18,7,4,1d12+4,1d6+4,1.0,B
1715,37,15,6,4,1d8+4,1d6+4,30,16,6,4,1d8+4,1d8+4,1.0,B
1716,36,17,6,4,1d10+4,1d6+4,33,15,5,4,1d8+4,1d8+4,0.0,A
1717,50,17,8,4,1d10+4,1d8+4,37,18,6,4,1d8+4,1d6+4,8.0,A
1718,41,18,6,4,1d12+4,1d6+4,33,18,8,4,1d10+4,1d6+4,3.0,A
1719,39,18,7,4,1d12+4,1d6+4,45,17,6,4,1d8+4,1d8+4,0.0,B
1720,35,16,6,4,1d8+4,1d8+4,48,16,6,4,1d10+4,1d6+4,2.0,B
1721,37,15,7,4,1d12+4,1d8+4,36,15,8,4,1d8+4,1d8+4,0.0,A
1722,32,15,5,4,1d10+4,1d6+4,34,14,8,4,1d10+4,1d6+4,7.0,A
1723,40,18,5,4,1d8+4,1d8+4,36,15,7,4,1d12+4,1d6+4,2.0,A
1724,34,18,5,4,1d12+4,1d6+4,45,18,8,4,1d8+4,1d6+4,5.0,A
1725,35,15,6,4,1d10+4,1d6+4,49,17,7,4,1d10+4,1d6+4,1.0,B
1726,35,17,5,4,1d12+4,1d6+4,49,14,7,4,1d12+4,1d8+4,0.0,B
1727,37,17,7,4,1d12+4,1d6+4,30,14,6,4,1d10+4,1d6+4,1.0,A
1728,40,14,6,4,1d8+4,1d6+4,34,17,6,4,1d12+4,1d6+4,9.0,B
1729,41,14,8,4,1d10+4,1d8+4,31,15,7,4,1d8+4,1d6+4,3.0,B
1730,46,16,6,4,1d10+4,1d8+4,32,17,5,4,1d12+4,1d8+4,0.0,A
1731,45,18,7,4,1d10+4,1d6+4,34,15,5,4,1d8+4,1d6+4,0.0,A
1732,32,17,7,4,1d10+4,1d6+4,48,16,8,4,1d8+4,1d8+4,3.0,B
1733,34,16,8,4,1d10+4,1d8+4,49,14,8,4,1d8+4,1d6+4,10.0,B
1734,42,18,7,4,1d12+4,1d6+4,34,17,7,4,1d12+4,1d8+4,1.0,A
1735,41,18,7,4,1d12+4,1d8+4,38,14,7,4,1d8+4,1d8+4,9.0,A
1736,43,16,8,4,1d8+4,1d6+4,47,17,7,4,1d10+4,1d6+4,0.0,A
1737,31,16,7,4,1d10+4,1d8+4,37,16,5,4,1d12+4,1d8+4,0.0,B
1738,49,16,8,4,1d12+4,1d8+4,50,16,6,4,1d8+4,1d6+4,0.0,A
1739,44,14,7,4,1d10+4,1d8+4,36,18,5,4,1d10+4,1d8+4,9.0,B
1740,44,15,7,4,1d12+4,1d6+4,39,16,5,4,1d8+4,1d8+4,5.0,A
1741,31,14,8,4,1d10+4,1d6+4,47,14,5,4,1d10+4,1d6+4,7.0,B
1742,34,18,7,4,1d10+4,1d8+4,35,14,5,4,1d10+4,1d6+4,8.0,B
1743,48,16,5,4,1d12+4,1d8+4,32,16,7,4,1d8+4,1d6+4,4.0,B
1744,47,17,8,4,1d12+4,1d6+4,45,17,6,4,1d8+4,1d8+4,10.0,A
1745,42,18,5,4,1d8+4,1d8+4,50,17,5,4,1d10+4,1d6+4,0.0,B
1746,34,18,7,4,1d8+4,1d6+4,42,14,6,4,1d10+4,1d6+4,4.0,A
1747,41,16,5,4,1d10+4,1d6+4,32,16,5,4,1d8+4,1d6+4,0.0,A
1748,36,14,8,4,1d10+4,1d8+4,37,18,8,4,1d8+4,1d8+4,10.0,B
1749,46,18,8,4,1d10+4,1d8+4,34,17,5,4,1d12+4,1d6+4,1.0,A
1750,44,18,5,4,1d10+4,1d8+4,45,16,8,4,1d8+4,1d8+4,3.0,A
1751,33,17,6,4,1d8+4,1d6+4,33,17,7,4,1d8+4,1d6+4,6.0,A
1752,30,17,8,4,1d10+4,1d6+4,35,15,8,4,1d10+4,1d6+4,7.0,A
1753,44,14,6,4,1d10+4,1d6+4,45,18,6,4,1d8+4,1d6+4,1.0,B
1754,40,17,6,4,1d10+4,1d6+4,34,18,8,4,1d10+4,1d8+4,3.0,B
1755,44,14,6,4,1d12+4,1d8+4,50,16,5,4,1d10+4,1d6+4,6.0,A
1756,44,18,8,4,1d12+4,1d6+4,43,18,5,4,1d12+4,1d6+4,9.0,A
1757,30,18,7,4,1d10+4,1d8+4,49,16,6,4,1d12+4,1d6+4,6.0,A
1758,47,17,7,4,1d8+4,1d6+4,37,15,6,4,1d8+4,1d6+4,8.0,A
1759,36,17,5,4,1d10+4,1d8+4,32,14,8,4,1d10+4,1d6+4,3.0,A
1760,44,18,6,4,1d10+4,1d8+4,38,15,6,4,1d12+4,1d8+4,6.0,A
1761,39,16,7,4,1d10+4,1d8+4,30,15,5,4,1d8+4,1d6+4,8.0,A
1762,37,15,5,4,1d10+4,1d6+4,44,14,7,4,1d12+4,1d8+4,4.0,B
1763,41,14,7,4,1d10+4,1d8+4,38,17,6,4,1d12+4,1d8+4,9.0,A
1764,42,14,6,4,1d10+4,1d8+4,31,18,6,4,1d8+4,1d6+4,4.0,B
1765,36,15,6,4,1d10+4,1d8+4,36,16,5,4,1d10+4,1d8+4,2.0,B
1766,44,16,5,4,1d12+4,1d8+4,46,17,8,4,1d8+4,1d8+4,1.0,A
1767,47,15,5,4,1d10+4,1d8+4,46,15,5,4,1d12+4,1d8+4,4.0,A
1768,47,15,7,4,1d10+4,1d8+4,36,15,6,4,1d10+4,1d8+4,6.0,A
1769,36,15,6,4,1d12+4,1d8+4,37,15,7,4,1d8+4,1d8+4,4.0,A
1770,40,16,7,4,1d12+4,1d6+4,44,14,5,4,1d8+4,1d8+4,3.0,A
1771,34,15,6,4,1d8+4,1d8+4,50,16,5,4,1d8+4,1d8+4,5.0,B
1772,33,16,7,4,1d8+4,1d8+4,30,16,7,4,1d12+4,1d6+4,4.0,B
1773,43,17,7,4,1d10+4,1d8+4,47,18,6,4,1d10+4,1d6+4,4.0,B
1774,34,14,7,4,1d8+4,1d8+4,47,14,6,4,1d12+4,1d6+4,6.0,B
1775,46,16,5,4,1d8+4,1d8+4,39,15,7,4,1d10+4,1d8+4,7.0,A
1776,50,14,8,4,1d10+4,1d6+4,33,15,6,4,1d10+4,1d6+4,8.0,A
1777,43,14,8,4,1d8+4,1d6+4,31,17,5,4,1d12+4,1d6+4,5.0,B
1778,39,17,8,4,1d10+4,1d6+4,38,15,6,4,1d8+4,1d6+4,8.0,B
1779,48,18,5,4,1d8+4,1d6+4,43,16,7,4,1d10+4,1d6+4,2.0,A
1780,30,14,8,4,1d8+4,1d6+4,36,17,6,4,1d12+4,1d8+4,6.0,A
1781,35,14,8,4,1d8+4,1d6+4,35,14,5,4,1d8+4,1d6+4,6.0,B
1782,30,15,8,4,1d8+4,1d6+4,45,14,7,4,1d10+4,1d6+4,3.0,B
1783,50,15,7,4,1d10+4,1d6+4,42,15,6,4,1d10+4,1d8+4,0.0,A
1784,44,16,5,4,1d10+4,1d8+4,39,15,8,4,1d10+4,1d6+4,0.0,A
1785,49,15,5,4,1d8+4,1d8+4,41,17,8,4,1d10+4,1d6+4,1.0,B
1786,32,15,6,4,1d8+4,1d6+4,32,17,7,4,1d12+4,1d6+4,10.0,A
1787,33,15,6,4,1d10+4,1d6+4,33,17,8,4,1d8+4,1d8+4,6.0,A
1788,40,17,5,4,1d12+4,1d6+4,42,15,8,4,1d8+4,1d6+4,3.0,A
1789,46,18,8,4,1d8+4,1d6+4,30,17,8,4,1d10+4,1d6+4,10.0,A
1790,48,14,7,4,1d8+4,1d8+4,32,16,5,4,1d10+4,1d6+4,3.0,A
1791,49,17,6,4,1d10+4,1d6+4,43,17,5,4,1d10+4,1d8+4,6.0,A
1792,37,17,6,4,1d10+4,1d6+4,46,14,6,4,1d10+4,1d8+4,0.0,B
1793,46,17,8,4,1d8+4,1d6+4,47,16,7,4,1d12+4,1d6+4,7.0,B
1794,36,18,8,4,1d8+4,1d8+4,32,15,8,4,1d12+4,1d8+4,10.0,A
1795,45,14,7,4,1d8+4,1d6+4,48,14,8,4,1d10+4,1d6+4,6.0,B
1796,41,15,6,4,1d12+4,1d8+4,39,18,6,4,1d12+4,1d6+4,6.0,B
1797,44,16,6,4,1d10+4,1d8+4,46,17,8,4,1d8+4,1d8+4,10.0,B
1798,45,18,8,4,1d8+4,1d6+4,35,15,7,4,1d12+4,1d6+4,4.0,A
1799,35,14,6,4,1d8+4,1d8+4,50,18,6,4,1d10+4,1d8+4,6.0,B
1800,37,17,5,4,1d8+4,1d6+4,36,14,6,4,1d10+4,1d8+4,3.0,A
1801,34,15,6,4,1d10+4,1d6+4,34,17,7,4,1d8+4,1d8+4,2.0,B
1802,37,14,7,4,1d12+4,1d6+4,42,15,6,4,1d10+4,1d6+4,10.0,B
1803,43,16,8,4,1d12+4,1d6+4,47,16,6,4,1d12+4,1d8+4,2.0,B
1804,50,18,7,4,1d10+4,1d8+4,35,16,8,4,1d8+4,1d8+4,5.0,A
1805,44,15,8,4,1d8+4,1d8+4,39,15,8,4,1d10+4,1d8+4,7.0,A
1806,47,17,5,4,1d8+4,1d6+4,50,18,7,4,1d8+4,1d8+4,2.0,B
1807,49,15,5,4,1d12+4,1d6+4,32,18,8,4,1d8+4,1d8+4,0.0,A
1808,42,16,7,4,1d8+4,1d8+4,34,17,6,4,1d12+4,1d8+4,5.0,B
1809,32,16,8,4,1d8+4,1d8+4,41,17,7,4,1d10+4,1d8+4,1.0,A
1810,44,14,8,4,1d8+4,1d6+4,46,18,8,4,1d10+4,1d8+4,2.0,B
1811,48,14,5,4,1d8+4,1d6+4,50,14,6,4,1d8+4,1d6+4,5.0,B
1812,38,17,7,4,1d12+4,1d8+4,36,15,8,4,1d12+4,1d6+4,5.0,A
1813,47,15,5,4,1d12+4,1d6+4,37,16,8,4,1d10+4,1d6+4,10.0,B
1814,34,17,6,4,1d8+4,1d6+4,45,14,8,4,1d10+4,1d8+4,6.0,A
1815,35,17,6,4,1d8+4,1d8+4,46,14,8,4,1d8+4,1d8+4,7.0,A
1816,42,14,5,4,1d10+4,1d8+4,45,17,6,4,1d10+4,1d8+4,10.0,B
1817,41,14,5,4,1d10+4,1d6+4,39,15,8,4,1d10+4,1d8+4,3.0,A
1818,37,17,7,4,1d10+4,1d6+4,30,18,6,4,1d12+4,1d6+4,6.0,B
1819,48,18,7,4,1d8+4,1d8+4,30,16,8,4,1d10+4,1d8+4,8.0,A
1820,37,17,5,4,1d10+4,1d8+4,41,14,8,4,1d8+4,1d6+4,9.0,B
1821,31,17,6,4,1d10+4,1d6+4,39,17,5,4,1d12+4,1d8+4,5.0,B
1822,37,14,6,4,1d12+4,1d8+4,40,14,7,4,1d10+4,1d8+4,5.0,A
1823,36,15,8,4,1d12+4,1d8+4,50,14,8,4,1d8+4,1d8+4,0.0,A
1824,30,15,7,4,1d10+4,1d6+4,44,14,6,4,1d8+4,1d6+4,10.0,B
1825,35,16,7,4,1d12+4,1d8+4,49,18,7,4,1d12+4,1d6+4,9.0,B
1826,46,15,7,4,1d12+4,1d8+4,48,18,6,4,1d10+4,1d6+4,1.0,B
1827,32,18,7,4,1d12+4,1d6+4,44,16,7,4,1d12+4,1d8+4,5.0,A
1828,42,16,7,4,1d8+4,1d8+4,41,15,7,4,1d12+4,1d8+4,7.0,A
1829,40,15,6,4,1d8+4,1d8+4,47,17,5,4,1d12+4,1d8+4,2.0,B
1830,39,17,7,4,1d10+4,1d6+4,36,15,5,4,1d8+4,1d8+4,10.0,A
1831,48,18,5,4,1d8+4,1d6+4,45,15,8,4,1d12+4,1d6+4,8.0,B
1832,44,18,7,4,1d8+4,1d8+4,44,17,7,4,1d8+4,1d6+4,1.0,A
1833,49,14,8,4,1d8+4,1d8+4,43,17,8,4,1d8+4,1d8+4,6.0,A
1834,32,18,6,4,1d8+4,1d6+4,35,17,5,4,1d12+4,1d6+4,8.0,B
1835,42,15,8,4,1d10+4,1d8+4,40,16,7,4,1d10+4,1d6+4,7.0,B
1836,41,18,7,4,1d8+4,1d8+4,48,14,6,4,1d8+4,1d8+4,5.0,B
1837,41,18,8,4,1d12+4,1d8+4,34,15,8,4,1d12+4,1d8+4,8.0,A
1838,32,18,8,4,1d8+4,1d6+4,48,16,8,4,1d8+4,1d8+4,1.0,B
1839,44,17,6,4,1d12+4,1d6+4,49,14,7,4,1d8+4,1d6+4,0.0,A
1840,30,14,8,4,1d12+4,1d8+4,31,18,6,4,1d10+4,1d8+4,3.0,B
1841,35,16,8,4,1d12+4,1d6+4,50,15,7,4,1d8+4,1d6+4,5.0,A
1842,42,14,5,4,1d10+4,1d6+4,38,18,7,4,1d8+4,1d8+4,10.0,B
1843,42,15,7,4,1d8+4,1d8+4,41,16,6,4,1d12+4,1d6+4,4.0,B
1844,46,15,5,4,1d8+4,1d6+4,48,14,5,4,1d8+4,1d8+4,6.0,A
1845,47,17,6,4,1d12+4,1d8+4,38,16,7,4,1d8+4,1d8+4,7.0,A
1846,41,16,7,4,1d10+4,1d8+4,41,18,6,4,1d10+4,1d8+4,3.0,B
1847,42,17,5,4,1d8+4,1d8+4,33,14,6,4,1d8+4,1d6+4,9.0,A
1848,42,15,6,4,1d10+4,1d8+4,38,14,8,4,1d8+4,1d8+4,0.0,A
1849,35,17,5,4,1d10+4,1d8+4,35,15,5,4,1d10+4,1d6+4,10.0,A
1850,48,17,6,4,1d8+4,1d8+4,46,15,8,4,1d10+4,1d6+4,8.0,A
1851,42,14,6,4,1d12+4,1d6+4,47,17,5,4,1d8+4,1d8+4,9.0,A
1852,30,15,5,4,1d12+4,1d8+4,33,17,7,4,1d8+4,1d6+4,2.0,A
1853,47,14,5,4,1d10+4,1d8+4,40,16,5,4,1d12+4,1d6+4,1.0,A
1854,38,17,5,4,1d8+4,1d6+4,44,14,7,4,1d12+4,1d6+4,9.0,B
1855,48,17,8,4,1d8+4,1d8+4,34,15,5,4,1d12+4,1d8+4,8.0,A
1856,33,15,5,4,1d8+4,1d8+4,32,14,6,4,1d8+4,1d6+4,4.0,A
1857,39,17,6,4,1d8+4,1d6+4,47,16,7,4,1d8+4,1d8+4,10.0,A
1858,44,16,7,4,1d8+4,1d8+4,35,15,5,4,1d8+4,1d6+4,0.0,A
1859,40,18,5,4,1d12+4,1d6+4,42,17,8,4,1d8+4,1d6+4,5.0,B
1860,35,14,7,4,1d12+4,1d6+4,34,17,8,4,1d10+4,1d6+4,2.0,A
1861,47,15,7,4,1d10+4,1d6+4,43,14,5,4,1d10+4,1d6+4,8.0,A
1862,45,18,5,4,1d8+4,1d6+4,36,14,7,4,1d10+4,1d6+4,10.0,A
1863,34,16,6,4,1d12+4,1d6+4,44,14,5,4,1d10+4,1d6+4,7.0,A
1864,50,18,7,4,1d8+4,1d6+4,42,14,7,4,1d10+4,1d6+4,6.0,A
1865,31,17,6,4,1d8+4,1d8+4,42,16,7,4,1d8+4,1d8+4,1.0,B
1866,40,15,7,4,1d10+4,1d6+4,33,18,5,4,1d10+4,1d8+4,9.0,B
1867,35,14,7,4,1d12+4,1d6+4,44,14,8,4,1d10+4,1d8+4,9.0,B
1868,37,18,7,4,1d8+4,1d6+4,33,16,6,4,1d8+4,1d6+4,8.0,A
1869,31,14,8,4,1d10+4,1d6+4,42,15,6,4,1d10+4,1d8+4,2.0,A
1870,31,18,6,4,1d8+4,1d8+4,46,18,8,4,1d8+4,1d6+4,5.0,B
1871,42,15,8,4,1d8+4,1d8+4,35,16,5,4,1d12+4,1d8+4,9.0,A
1872,46,18,8,4,1d8+4,1d6+4,47,14,7,4,1d10+4,1d8+4,1.0,B
1873,49,16,5,4,1d8+4,1d8+4,30,15,8,4,1d8+4,1d8+4,10.0,B
1874,43,14,8,4,1d8+4,1d6+4,33,16,7,4,1d8+4,1d8+4,9.0,B
1875,44,14,5,4,1d8+4,1d6+4,33,18,6,4,1d12+4,1d8+4,10.0,A
1876,36,15,7,4,1d12+4,1d6+4,44,14,5,4,1d10+4,1d6+4,3.0,A
1877,31,14,5,4,1d10+4,1d6+4,42,16,7,4,1d8+4,1d6+4,10.0,B
1878,30,14,6,4,1d10+4,1d8+4,30,17,6,4,1d10+4,1d8+4,1.0,B
1879,40,14,6,4,1d8+4,1d6+4,48,18,8,4,1d10+4,1d6+4,5.0,B
1880,46,17,5,4,1d10+4,1d6+4,50,18,7,4,1d12+4,1d6+4,1.0,A
1881,36,16,6,4,1d10+4,1d6+4,39,16,8,4,1d8+4,1d6+4,1.0,B
1882,38,15,5,4,1d12+4,1d8+4,45,17,8,4,1d10+4,1d6+4,1.0,B
1883,35,18,7,4,1d8+4,1d6+4,46,14,6,4,1d12+4,1d8+4,3.0,A
1884,36,14,5,4,1d8+4,1d6+4,48,17,6,4,1d8+4,1d6+4,9.0,B
1885,32,16,5,4,1d10+4,1d6+4,47,14,6,4,1d10+4,1d8+4,10.0,A
1886,30,16,7,4,1d12+4,1d6+4,47,17,7,4,1d10+4,1d8+4,5.0,B
1887,38,16,5,4,1d12+4,1d8+4,39,14,6,4,1d10+4,1d6+4,1.0,A
1888,41,18,7,4,1d12+4,1d6+4,37,16,6,4,1d8+4,1d6+4,8.0,A
1889,36,17,5,4,1d12+4,1d8+4,48,16,7,4,1d12+4,1d6+4,4.0,B
1890,41,18,8,4,1d8+4,1d6+4,34,15,5,4,1d10+4,1d6+4,9.0,A
1891,48,17,7,4,1d12+4,1d6+4,46,18,5,4,1d12+4,1d6+4,5.0,A
1892,40,15,8,4,1d12+4,1d8+4,37,18,5,4,1d12+4,1d6+4,2.0,B
1893,31,14,7,4,1d12+4,1d8+4,49,16,6,4,1d10+4,1d6+4,9.0,B
1894,50,15,5,4,1d10+4,1d8+4,38,18,5,4,1d12+4,1d6+4,8.0,B
1895,41,18,8,4,1d12+4,1d8+4,49,15,5,4,1d12+4,1d6+4,10.0,A
1896,36,17,5,4,1d8+4,1d8+4,47,15,6,4,1d12+4,1d6+4,7.0,A
1897,31,15,5,4,1d8+4,1d8+4,41,17,5,4,1d12+4,1d6+4,4.0,B
1898,48,15,7,4,1d8+4,1d8+4,41,17,8,4,1d8+4,1d6+4,10.0,A
1899,32,18,5,4,1d10+4,1d6+4,35,16,6,4,1d12+4,1d6+4,8.0,A
1900,42,16,7,4,1d10+4,1d6+4,33,18,5,4,1d12+4,1d6+4,5.0,A
1901,31,14,7,4,1d8+4,1d6+4,34,18,6,4,1d12+4,1d8+4,3.0,B
1902,47,17,7,4,1d8+4,1d6+4,40,17,5,4,1d12+4,1d6+4,4.0,B
1903,36,16,5,4,1d12+4,1d8+4,37,18,6,4,1d12+4,1d8+4,10.0,A
1904,37,18,7,4,1d10+4,1d6+4,46,16,7,4,1d10+4,1d8+4,6.0,B
1905,44,18,5,4,1d12+4,1d6+4,37,14,8,4,1d10+4,1d8+4,9.0,A
1906,33,16,7,4,1d12+4,1d8+4,32,15,5,4,1d8+4,1d8+4,5.0,A
1907,44,18,7,4,1d8+4,1d6+4,47,14,7,4,1d10+4,1d8+4,5.0,A
1908,43,14,6,4,1d10+4,1d6+4,43,16,7,4,1d10+4,1d8+4,8.0,A
1909,33,18,7,4,1d12+4,1d8+4,47,18,8,4,1d8+4,1d8+4,1.0,A
1910,47,15,7,4,1d12+4,1d8+4,35,18,5,4,1d12+4,1d8+4,4.0,B
1911,50,14,8,4,1d8+4,1d8+4,35,15,7,4,1d10+4,1d6+4,3.0,A
1912,49,14,5,4,1d12+4,1d8+4,43,18,5,4,1d8+4,1d6+4,2.0,A
1913,34,15,6,4,1d10+4,1d8+4,30,17,6,4,1d12+4,1d8+4,4.0,B
1914,48,14,6,4,1d10+4,1d6+4,38,16,6,4,1d12+4,1d6+4,7.0,B
1915,42,14,8,4,1d10+4,1d8+4,31,17,6,4,1d10+4,1d8+4,9.0,B
1916,33,15,7,4,1d10+4,1d6+4,49,15,8,4,1d10+4,1d8+4,1.0,B
1917,35,16,6,4,1d8+4,1d6+4,34,17,8,4,1d10+4,1d8+4,9.0,B
1918,38,17,6,4,1d12+4,1d6+4,35,15,5,4,1d12+4,1d6+4,3.0,A
1919,33,18,5,4,1d8+4,1d6+4,36,15,8,4,1d10+4,1d6+4,4.0,A
1920,35,17,5,4,1d10+4,1d8+4,31,17,8,4,1d10+4,1d6+4,5.0,A
1921,33,16,5,4,1d8+4,1d8+4,43,15,8,4,1d10+4,1d6+4,0.0,B
1922,47,15,6,4,1d8+4,1d6+4,44,16,6,4,1d8+4,1d6+4,7.0,A
1923,38,16,6,4,1d10+4,1d6+4,46,17,5,4,1d10+4,1d8+4,3.0,B
1924,50,15,6,4,1d10+4,1d6+4,36,14,8,4,1d10+4,1d8+4,4.0,B
1925,36,18,7,4,1d12+4,1d8+4,43,16,6,4,1d12+4,1d8+4,3.0,A
1926,45,14,6,4,1d8+4,1d6+4,31,16,6,4,1d12+4,1d8+4,1.0,B
1927,39,15,6,4,1d12+4,1d6+4,39,17,7,4,1d12+4,1d8+4,1.0,B
1928,34,16,7,4,1d10+4,1d6+4,40,17,5,4,1d12+4,1d8+4,3.0,B
1929,31,14,7,4,1d8+4,1d8+4,39,17,7,4,1d12+4,1d6+4,10.0,A
1930,34,16,6,4,1d8+4,1d8+4,43,17,7,4,1d12+4,1d6+4,9.0,B
1931,50,15,6,4,1d10+4,1d8+4,40,18,5,4,1d8+4,1d8+4,7.0,A
1932,42,17,5,4,1d8+4,1d6+4,42,16,5,4,1d10+4,1d8+4,10.0,B
1933,44,18,7,4,1d8+4,1d8+4,41,18,8,4,1d12+4,1d8+4,2.0,B
1934,49,17,5,4,1d8+4,1d6+4,37,18,5,4,1d8+4,1d6+4,4.0,A
1935,39,15,6,4,1d10+4,1d6+4,43,14,8,4,1d8+4,1d8+4,1.0,A
1936,38,18,7,4,1d10+4,1d6+4,46,15,6,4,1d12+4,1d6+4,8.0,A
1937,45,15,5,4,1d10+4,1d8+4,35,16,5,4,1d12+4,1d6+4,8.0,A
1938,48,15,6,4,1d10+4,1d8+4,41,16,7,4,1d10+4,1d6+4,7.0,B
1939,43,16,5,4,1d12+4,1d8+4,45,15,8,4,1d12+4,1d6+4,10.0,A
1940,50,18,7,4,1d10+4,1d8+4,49,18,7,4,1d12+4,1d8+4,7.0,A
1941,30,17,7,4,1d12+4,1d8+4,35,18,5,4,1d12+4,1d8+4,8.0,A
1942,31,18,8,4,1d12+4,1d6+4,49,14,8,4,1d10+4,1d8+4,10.0,B
1943,31,17,5,4,1d10+4,1d6+4,43,14,8,4,1d10+4,1d8+4,8.0,A
1944,45,18,7,4,1d12+4,1d6+4,34,14,8,4,1d8+4,1d6+4,3.0,B
1945,40,18,8,4,1d8+4,1d8+4,33,17,7,4,1d10+4,1d8+4,5.0,A
1946,30,18,8,4,1d8+4,1d6+4,41,18,6,4,1d10+4,1d8+4,1.0,B
1947,40,14,6,4,1d10+4,1d8+4,36,18,7,4,1d12+4,1d8+4,2.0,A
1948,40,15,8,4,1d8+4,1d6+4,46,16,7,4,1d12+4,1d6+4,5.0,B
1949,38,16,5,4,1d8+4,1d6+4,49,18,6,4,1d10+4,1d6+4,9.0,B
1950,41,18,8,4,1d12+4,1d8+4,30,16,5,4,1d12+4,1d8+4,0.0,A
1951,41,18,7,4,1d10+4,1d6+4,41,17,6,4,1d8+4,1d8+4,9.0,A
1952,44,17,6,4,1d12+4,1d6+4,34,18,5,4,1d12+4,1d6+4,0.0,A
1953,47,15,7,4,1d12+4,1d6+4,33,15,6,4,1d12+4,1d6+4,3.0,A
1954,47,15,7,4,1d8+4,1d8+4,45,17,5,4,1d12+4,1d6+4,7.0,B
1955,32,17,7,4,1d12+4,1d6+4,43,15,5,4,1d8+4,1d8+4,3.0,A
1956,43,14,5,4,1d10+4,1d6+4,48,14,7,4,1d12+4,1d6+4,3.0,A
1957,44,14,8,4,1d8+4,1d6+4,34,15,7,4,1d8+4,1d8+4,1.0,B
1958,46,15,5,4,1d10+4,1d8+4,45,14,5,4,1d10+4,1d8+4,6.0,A
1959,31,16,6,4,1d10+4,1d6+4,38,17,6,4,1d10+4,1d8+4,6.0,A
1960,39,17,6,4,1d8+4,1d6+4,41,17,8,4,1d8+4,1d8+4,0.0,A
1961,40,15,8,4,1d8+4,1d6+4,31,15,5,4,1d10+4,1d8+4,4.0,A
1962,36,16,6,4,1d10+4,1d8+4,38,18,7,4,1d12+4,1d6+4,5.0,B
1963,32,15,5,4,1d10+4,1d6+4,41,17,6,4,1d8+4,1d8+4,5.0,B
1964,44,18,8,4,1d8+4,1d8+4,42,18,8,4,1d10+4,1d8+4,2.0,A
1965,37,14,6,4,1d10+4,1d6+4,49,17,7,4,1d10+4,1d6+4,10.0,B
1966,45,17,7,4,1d10+4,1d8+4,50,17,6,4,1d12+4,1d6+4,3.0,A
1967,41,18,5,4,1d12+4,1d6+4,33,18,6,4,1d10+4,1d8+4,10.0,A
1968,35,17,5,4,1d8+4,1d8+4,40,18,7,4,1d10+4,1d6+4,7.0,B
1969,31,18,7,4,1d10+4,1d8+4,44,18,7,4,1d12+4,1d8+4,4.0,B
1970,49,14,5,4,1d8+4,1d8+4,37,14,7,4,1d12+4,1d8+4,4.0,B
1971,35,14,7,4,1d8+4,1d6+4,49,15,6,4,1d12+4,1d8+4,5.0,A
1972,49,16,5,4,1d8+4,1d6+4,43,15,7,4,1d10+4,1d8+4,3.0,B
1973,41,14,7,4,1d12+4,1d8+4,45,18,8,4,1d12+4,1d6+4,4.0,B
1974,32,16,5,4,1d10+4,1d8+4,44,14,7,4,1d8+4,1d6+4,5.0,A
1975,41,14,6,4,1d12+4,1d8+4,50,14,8,4,1d12+4,1d8+4,9.0,A
1976,31,14,8,4,1d8+4,1d6+4,34,16,5,4,1d12+4,1d6+4,8.0,B
1977,45,14,5,4,1d10+4,1d8+4,40,16,6,4,1d12+4,1d8+4,3.0,A
1978,40,15,6,4,1d10+4,1d6+4,40,15,7,4,1d10+4,1d6+4,2.0,A
1979,39,16,7,4,1d10+4,1d6+4,40,14,6,4,1d8+4,1d6+4,7.0,A
1980,49,14,7,4,1d12+4,1d8+4,50,16,8,4,1d12+4,1d6+4,6.0,A
1981,48,14,7,4,1d8+4,1d8+4,42,18,7,4,1d12+4,1d8+4,1.0,B
1982,32,15,6,4,1d8+4,1d6+4,39,17,8,4,1d12+4,1d8+4,1.0,B
1983,36,17,8,4,1d12+4,1d8+4,43,16,7,4,1d10+4,1d8+4,5.0,A
1984,44,15,8,4,1d10+4,1d8+4,47,17,7,4,1d12+4,1d6+4,1.0,A
1985,36,16,8,4,1d12+4,1d6+4,42,16,6,4,1d8+4,1d8+4,0.0,B
1986,36,18,8,4,1d8+4,1d6+4,41,14,6,4,1d10+4,1d8+4,5.0,A
1987,46,16,8,4,1d10+4,1d6+4,37,17,5,4,1d8+4,1d8+4,2.0,A
1988,40,18,7,4,1d10+4,1d8+4,36,14,6,4,1d8+4,1d6+4,1.0,A
1989,37,16,5,4,1d12+4,1d8+4,44,18,5,4,1d12+4,1d8+4,5.0,A
1990,40,18,6,4,1d10+4,1d6+4,36,17,8,4,1d12+4,1d8+4,6.0,B
1991,46,18,6,4,1d10+4,1d6+4,40,18,7,4,1d10+4,1d6+4,4.0,A
1992,36,14,5,4,1d10+4,1d8+4,46,14,5,4,1d12+4,1d6+4,9.0,B
1993,36,16,7,4,1d8+4,1d8+4,49,16,8,4,1d8+4,1d6+4,5.0,B
1994,45,14,5,4,1d12+4,1d8+4,42,17,6,4,1d12+4,1d6+4,3.0,B
1995,49,18,8,4,1d8+4,1d8+4,44,15,6,4,1d12+4,1d6+4,6.0,B
1996,37,16,6,4,1d12+4,1d6+4,39,15,8,4,1d10+4,1d8+4,5.0,B
1997,50,18,8,4,1d12+4,1d8+4,50,15,8,4,1d10+4,1d6+4,0.0,A
1998,34,17,5,4,1d8+4,1d8+4,35,17,6,4,1d12+4,1d8+4,1.0,B
1999,47,18,6,4,1d10+4,1d6+4,33,18,8,4,1d8+4,1d8+4,7.0,A
2000,36,16,5,4,1d10+4,1d6+4,33,14,7,4,1d12+4,1d6+4,6.0,A
2001,45,18,6,4,1d12+4,1d8+4,37,14,8,4,1d10+4,1d6+4,9.0,A
2002,30,16,6,4,1d12+4,1d6+4,41,15,8,4,1d8+4,1d6+4,5.0,A
2003,42,15,7,4,1d12+4,1d8+4,32,17,7,4,1d12+4,1d8+4,2.0,A
2004,41,18,6,4,1d8+4,1d8+4,47,17,5,4,1d12+4,1d6+4,7.0,B
2005,50,18,6,4,1d8+4,1d8+4,31,15,7,4,1d10+4,1d8+4,1.0,A
2006,42,16,6,4,1d12+4,1d6+4,32,17,7,4,1d12+4,1d6+4,8.0,A
2007,39,18,5,4,1d8+4,1d6+4,45,15,6,4,1d10+4,1d8+4,4.0,A
2008,32,14,5,4,1d10+4,1d8+4,50,18,8,4,1d10+4,1d8+4,0.0,B
2009,30,15,8,4,1d8+4,1d8+4,41,17,7,4,1d12+4,1d6+4,2.0,B
2010,34,15,5,4,1d10+4,1d8+4,41,17,8,4,1d12+4,1d6+4,7.0,B
2011,39,18,8,4,1d10+4,1d8+4,47,17,8,4,1d10+4,1d8+4,8.0,B
2012,42,17,8,4,1d10+4,1d8+4,43,14,7,4,1d10+4,1d6+4,1.0,A
2013,40,17,7,4,1d10+4,1d8+4,50,15,7,4,1d8+4,1d8+4,3.0,A
2014,41,18,5,4,1d10+4,1d8+4,46,18,8,4,1d12+4,1d6+4,8.0,B
2015,42,14,8,4,1d12+4,1d6+4,39,15,7,4,1d10+4,1d8+4,10.0,B
2016,45,15,8,4,1d8+4,1d6+4,32,15,8,4,1d12+4,1d6+4,6.0,B
2017,48,15,6,4,1d12+4,1d8+4,31,18,7,4,1d8+4,1d8+4,7.0,A
2018,39,17,5,4,1d12+4,1d6+4,49,15,6,4,1d12+4,1d6+4,10.0,A
2019,38,16,6,4,1d8+4,1d8+4,39,16,8,4,1d8+4,1d8+4,10.0,B
2020,45,18,8,4,1d12+4,1d8+4,50,14,8,4,1d12+4,1d8+4,1.0,A
2021,31,18,8,4,1d8+4,1d6+4,41,18,6,4,1d8+4,1d8+4,8.0,B
2022,43,15,6,4,1d12+4,1d6+4,46,14,6,4,1d12+4,1d8+4,4.0,B
2023,45,16,5,4,1d10+4,1d8+4,40,18,6,4,1d8+4,1d6+4,1.0,A
2024,48,15,8,4,1d10+4,1d8+4,50,18,7,4,1d12+4,1d6+4,4.0,B
2025,46,16,7,4,1d10+4,1d6+4,45,15,6,4,1d8+4,1d6+4,6.0,A
2026,47,16,7,4,1d10+4,1d6+4,42,16,8,4,1d10+4,1d6+4,8.0,B
2027,31,17,7,4,1d10+4,1d8+4,30,16,8,4,1d12+4,1d6+4,9.0,B
2028,37,18,8,4,1d10+4,1d6+4,38,18,6,4,1d8+4,1d6+4,4.0,B
2029,36,15,5,4,1d10+4,1d6+4,47,15,6,4,1d8+4,1d6+4,7.0,B
2030,47,14,6,4,1d10+4,1d6+4,34,17,8,4,1d8+4,1d6+4,8.0,B
2031,30,18,5,4,1d12+4,1d8+4,36,15,6,4,1d12+4,1d8+4,2.0,B
2032,42,17,6,4,1d10+4,1d6+4,45,16,7,4,1d12+4,1d6+4,3.0,A
2033,42,15,5,4,1d12+4,1d6+4,38,15,5,4,1d10+4,1d6+4,6.0,A
2034,34,16,5,4,1d8+4,1d6+4,49,16,6,4,1d12+4,1d8+4,2.0,B
2035,37,14,5,4,1d8+4,1d6+4,46,16,7,4,1d12+4,1d6+4,2.0,B
2036,42,17,7,4,1d10+4,1d6+4,40,16,6,4,1d10+4,1d8+4,2.0,B
2037,37,17,8,4,1d12+4,1d6+4,39,14,7,4,1d8+4,1d6+4,4.0,A
2038,40,14,8,4,1d8+4,1d8+4,35,18,7,4,1d10+4,1d6+4,8.0,B
2039,45,17,6,4,1d8+4,1d6+4,43,14,6,4,1d8+4,1d6+4,2.0,A
2040,30,18,6,4,1d12+4,1d8+4,40,18,7,4,1d8+4,1d8+4,4.0,A
2041,45,14,5,4,1d12+4,1d8+4,38,14,5,4,1d12+4,1d6+4,5.0,A
2042,33,18,7,4,1d12+4,1d8+4,31,15,8,4,1d12+4,1d6+4,7.0,A
2043,39,14,8,4,1d8+4,1d6+4,37,17,8,4,1d8+4,1d8+4,8.0,A
2044,49,17,7,4,1d8+4,1d8+4,33,17,8,4,1d10+4,1d6+4,3.0,A
2045,33,17,5,4,1d10+4,1d6+4,36,18,6,4,1d10+4,1d6+4,8.0,A
2046,50,15,8,4,1d12+4,1d6+4,45,16,6,4,1d8+4,1d6+4,2.0,A
2047,50,15,5,4,1d12+4,1d6+4,31,15,5,4,1d12+4,1d6+4,8.0,A
2048,40,17,5,4,1d12+4,1d8+4,44,17,6,4,1d8+4,1d6+4,5.0,B
2049,48,15,5,4,1d8+4,1d6+4,49,16,8,4,1d8+4,1d6+4,3.0,A
2050,32,15,7,4,1d8+4,1d6+4,40,15,5,4,1d10+4,1d6+4,2.0,B
2051,36,18,8,4,1d10+4,1d6+4,48,15,7,4,1d8+4,1d8+4,9.0,A
2052,41,17,6,4,1d8+4,1d8+4,31,17,8,4,1d10+4,1d8+4,4.0,A
2053,49,18,8,4,1d8+4,1d8+4,30,16,6,4,1d8+4,1d8+4,8.0,A
2054,39,16,7,4,1d8+4,1d8+4,42,16,7,4,1d10+4,1d6+4,2.0,B
2055,35,17,6,4,1d12+4,1d8+4,41,17,6,4,1d10+4,1d6+4,5.0,A
2056,42,18,8,4,1d12+4,1d6+4,30,17,5,4,1d10+4,1d8+4,10.0,A
2057,46,17,8,4,1d10+4,1d8+4,44,14,6,4,1d12+4,1d6+4,9.0,A
2058,44,18,7,4,1d8+4,1d6+4,47,16,8,4,1d10+4,1d8+4,3.0,A
2059,32,16,8,4,1d8+4,1d6+4,46,17,7,4,1d12+4,1d6+4,4.0,A
2060,30,15,8,4,1d12+4,1d6+4,44,15,7,4,1d10+4,1d8+4,10.0,B
2061,47,15,6,4,1d8+4,1d8+4,37,15,8,4,1d8+4,1d8+4,7.0,B
2062,48,15,6,4,1d12+4,1d6+4,46,17,5,4,1d12+4,1d8+4,3.0,A
2063,35,18,6,4,1d10+4,1d6+4,45,15,5,4,1d12+4,1d8+4,5.0,B
2064,50,16,8,4,1d8+4,1d6+4,49,17,8,4,1d10+4,1d8+4,8.0,A
2065,50,15,5,4,1d12+4,1d8+4,38,15,8,4,1d12+4,1d6+4,8.0,B
2066,34,16,5,4,1d10+4,1d8+4,36,15,6,4,1d12+4,1d8+4,1.0,A
2067,31,14,6,4,1d12+4,1d6+4,50,14,7,4,1d10+4,1d8+4,10.0,A
2068,44,15,7,4,1d10+4,1d8+4,31,16,5,4,1d10+4,1d6+4,0.0,A
2069,48,14,8,4,1d8+4,1d6+4,31,17,8,4,1d10+4,1d8+4,4.0,B
2070,42,15,8,4,1d8+4,1d6+4,50,14,5,4,1d10+4,1d6+4,2.0,A
2071,49,17,5,4,1d12+4,1d6+4,44,14,8,4,1d10+4,1d8+4,5.0,B
2072,45,14,6,4,1d10+4,1d8+4,30,18,7,4,1d10+4,1d8+4,3.0,A
2073,33,14,8,4,1d12+4,1d8+4,44,16,8,4,1d8+4,1d8+4,4.0,B
2074,50,14,6,4,1d10+4,1d6+4,49,16,5,4,1d12+4,1d6+4,6.0,B
2075,32,16,6,4,1d12+4,1d6+4,33,17,5,4,1d12+4,1d6+4,6.0,B
2076,32,14,5,4,1d8+4,1d8+4,33,16,6,4,1d8+4,1d8+4,3.0,B
2077,41,15,7,4,1d8+4,1d8+4,41,14,7,4,1d8+4,1d6+4,8.0,B
2078,39,16,5,4,1d10+4,1d8+4,43,17,6,4,1d12+4,1d6+4,3.0,B
2079,48,16,8,4,1d12+4,1d8+4,31,17,7,4,1d8+4,1d8+4,0.0,A
2080,38,17,7,4,1d12+4,1d8+4,44,17,6,4,1d12+4,1d8+4,2.0,A
2081,39,14,7,4,1d10+4,1d6+4,46,15,8,4,1d8+4,1d6+4,7.0,B
2082,50,17,5,4,1d10+4,1d8+4,37,17,8,4,1d10+4,1d6+4,6.0,B
2083,40,18,6,4,1d10+4,1d6+4,50,17,8,4,1d8+4,1d6+4,1.0,B
2084,40,18,7,4,1d10+4,1d6+4,44,16,5,4,1d10+4,1d8+4,6.0,A
2085,50,15,6,4,1d12+4,1d6+4,36,15,5,4,1d8+4,1d6+4,0.0,A
2086,35,16,5,4,1d8+4,1d6+4,37,16,6,4,1d12+4,1d8+4,8.0,B
2087,39,14,5,4,1d12+4,1d6+4,36,16,5,4,1d10+4,1d6+4,1.0,A
2088,36,15,6,4,1d10+4,1d6+4,34,17,6,4,1d8+4,1d6+4,10.0,A
2089,35,14,8,4,1d8+4,1d8+4,44,17,5,4,1d12+4,1d6+4,7.0,B
2090,33,17,5,4,1d10+4,1d6+4,45,15,8,4,1d12+4,1d8+4,2.0,B
2091,35,18,6,4,1d8+4,1d6+4,31,17,5,4,1d10+4,1d6+4,5.0,A
2092,50,15,8,4,1d12+4,1d8+4,48,15,8,4,1d8+4,1d6+4,0.0,B
2093,45,16,8,4,1d10+4,1d6+4,40,15,8,4,1d12+4,1d8+4,1.0,B
2094,44,17,7,4,1d8+4,1d6+4,49,16,6,4,1d10+4,1d6+4,8.0,B
2095,43,15,7,4,1d8+4,1d6+4,49,18,7,4,1d12+4,1d8+4,5.0,B
2096,37,16,6,4,1d8+4,1d8+4,48,16,5,4,1d8+4,1d8+4,6.0,B
2097,38,14,7,4,1d8+4,1d8+4,40,15,8,4,1d12+4,1d6+4,10.0,A
2098,49,18,5,4,1d8+4,1d8+4,35,14,8,4,1d10+4,1d6+4,9.0,B
2099,47,16,8,4,1d10+4,1d6+4,48,15,5,4,1d12+4,1d8+4,0.0,A
2100,33,17,6,4,1d10+4,1d6+4,41,15,5,4,1d12+4,1d8+4,7.0,A
2101,47,16,8,4,1d8+4,1d6+4,48,18,7,4,1d12+4,1d6+4,3.0,B
2102,32,17,8,4,1d10+4,1d6+4,46,18,7,4,1d12+4,1d6+4,9.0,B
2103,30,14,6,4,1d12+4,1d6+4,38,17,7,4,1d10+4,1d6+4,8.0,B
2104,30,17,8,4,1d10+4,1d6+4,32,16,8,4,1d12+4,1d6+4,7.0,B
2105,38,14,5,4,1d8+4,1d8+4,42,15,5,4,1d10+4,1d8+4,2.0,B
2106,46,18,6,4,1d12+4,1d6+4,36,16,5,4,1d8+4,1d8+4,4.0,A
2107,33,15,6,4,1d10+4,1d6+4,37,14,5,4,1d8+4,1d8+4,0.0,A
2108,50,17,7,4,1d10+4,1d6+4,37,17,6,4,1d8+4,1d8+4,10.0,B
2109,50,17,7,4,1d12+4,1d8+4,37,16,8,4,1d12+4,1d8+4,7.0,B
2110,31,14,7,4,1d8+4,1d6+4,37,18,8,4,1d8+4,1d6+4,9.0,B
2111,34,18,7,4,1d8+4,1d6+4,30,17,7,4,1d10+4,1d6+4,4.0,A
2112,49,17,8,4,1d8+4,1d8+4,32,17,8,4,1d10+4,1d8+4,7.0,A
2113,35,14,6,4,1d8+4,1d8+4,49,15,7,4,1d10+4,1d6+4,7.0,B
2114,33,14,7,4,1d12+4,1d8+4,34,16,5,4,1d12+4,1d6+4,3.0,B
2115,42,14,8,4,1d12+4,1d6+4,32,15,8,4,1d8+4,1d6+4,5.0,A
2116,31,14,8,4,1d10+4,1d6+4,50,17,5,4,1d12+4,1d8+4,10.0,A
2117,36,15,5,4,1d12+4,1d8+4,44,15,8,4,1d10+4,1d8+4,9.0,B
2118,38,18,6,4,1d8+4,1d6+4,44,17,6,4,1d12+4,1d6+4,10.0,B
2119,43,14,5,4,1d8+4,1d6+4,30,17,7,4,1d10+4,1d8+4,2.0,A
2120,34,15,5,4,1d8+4,1d6+4,40,15,7,4,1d8+4,1d6+4,0.0,B
2121,36,15,8,4,1d12+4,1d6+4,48,18,5,4,1d8+4,1d6+4,4.0,B
2122,50,17,5,4,1d10+4,1d6+4,37,16,7,4,1d10+4,1d8+4,1.0,A
2123,45,14,8,4,1d10+4,1d6+4,39,15,6,4,1d10+4,1d8+4,8.0,B
2124,45,18,6,4,1d8+4,1d6+4,36,17,7,4,1d12+4,1d6+4,4.0,B
2125,37,14,8,4,1d8+4,1d6+4,44,15,6,4,1d12+4,1d6+4,7.0,B
2126,38,16,8,4,1d10+4,1d8+4,33,16,8,4,1d10+4,1d6+4,8.0,A
2127,42,15,8,4,1d8+4,1d8+4,42,14,5,4,1d8+4,1d8+4,6.0,A
2128,39,14,6,4,1d12+4,1d8+4,47,15,7,4,1d10+4,1d6+4,1.0,A
2129,50,16,5,4,1d8+4,1d6+4,48,16,6,4,1d12+4,1d8+4,3.0,B
2130,32,16,5,4,1d8+4,1d6+4,50,15,5,4,1d12+4,1d6+4,0.0,B
2131,34,17,6,4,1d12+4,1d8+4,32,14,5,4,1d8+4,1d6+4,7.0,A
2132,44,14,5,4,1d12+4,1d8+4,34,16,6,4,1d10+4,1d6+4,2.0,B
2133,32,16,5,4,1d10+4,1d8+4,32,18,7,4,1d8+4,1d6+4,1.0,B
2134,43,17,6,4,1d8+4,1d6+4,45,16,7,4,1d12+4,1d6+4,1.0,B
2135,49,17,6,4,1d8+4,1d6+4,44,14,6,4,1d12+4,1d8+4,9.0,A
2136,36,14,5,4,1d8+4,1d8+4,37,17,5,4,1d10+4,1d6+4,5.0,B
2137,50,16,8,4,1d12+4,1d8+4,41,17,8,4,1d12+4,1d6+4,7.0,B
2138,41,14,5,4,1d10+4,1d8+4,39,18,7,4,1d10+4,1d8+4,4.0,A
2139,39,17,7,4,1d8+4,1d8+4,46,18,8,4,1d12+4,1d6+4,2.0,B
2140,30,17,6,4,1d8+4,1d8+4,30,14,5,4,1d12+4,1d8+4,7.0,A
2141,47,14,5,4,1d8+4,1d8+4,46,17,7,4,1d12+4,1d8+4,6.0,B
2142,43,17,6,4,1d8+4,1d8+4,45,18,6,4,1d8+4,1d6+4,9.0,A
2143,42,14,7,4,1d8+4,1d6+4,31,18,5,4,1d12+4,1d8+4,0.0,B
2144,33,15,6,4,1d8+4,1d8+4,41,14,6,4,1d8+4,1d6+4,6.0,A
2145,42,14,8,4,1d10+4,1d6+4,34,14,8,4,1d8+4,1d8+4,10.0,A
2146,40,14,6,4,1d12+4,1d6+4,33,16,6,4,1d12+4,1d8+4,4.0,B
2147,39,15,5,4,1d12+4,1d8+4,33,17,6,4,1d10+4,1d8+4,2.0,A
2148,49,17,7,4,1d10+4,1d8+4,33,17,6,4,1d12+4,1d8+4,3.0,A
2149,49,17,7,4,1d12+4,1d8+4,45,18,5,4,1d12+4,1d6+4,1.0,A
2150,30,16,5,4,1d8+4,1d6+4,45,14,6,4,1d10+4,1d6+4,7.0,A
2151,31,17,7,4,1d12+4,1d6+4,40,17,7,4,1d10+4,1d6+4,6.0,A
2152,43,17,8,4,1d10+4,1d6+4,40,18,5,4,1d12+4,1d6+4,7.0,A
2153,46,15,5,4,1d8+4,1d6+4,36,15,7,4,1d12+4,1d6+4,9.0,A
2154,40,18,5,4,1d8+4,1d8+4,39,16,8,4,1d10+4,1d6+4,6.0,B
2155,34,18,8,4,1d12+4,1d6+4,50,16,8,4,1d8+4,1d8+4,7.0,A
2156,42,18,5,4,1d10+4,1d6+4,46,18,7,4,1d10+4,1d6+4,8.0,B
2157,49,18,7,4,1d10+4,1d8+4,50,16,5,4,1d10+4,1d6+4,9.0,A
2158,47,14,8,4,1d8+4,1d6+4,42,18,5,4,1d10+4,1d6+4,1.0,A
2159,33,17,7,4,1d8+4,1d6+4,47,16,6,4,1d10+4,1d8+4,0.0,A
2160,35,15,7,4,1d12+4,1d6+4,34,14,5,4,1d10+4,1d8+4,10.0,B
2161,50,15,6,4,1d10+4,1d6+4,31,17,5,4,1d10+4,1d8+4,3.0,B
2162,35,17,6,4,1d8+4,1d8+4,47,16,5,4,1d10+4,1d8+4,9.0,B
2163,30,14,7,4,1d12+4,1d8+4,43,16,7,4,1d8+4,1d8+4,3.0,A
2164,36,15,7,4,1d10+4,1d8+4,31,16,5,4,1d10+4,1d8+4,5.0,A
2165,48,15,5,4,1d8+4,1d8+4,34,18,5,4,1d12+4,1d8+4,10.0,A
2166,32,16,8,4,1d8+4,1d6+4,41,16,8,4,1d10+4,1d6+4,0.0,B
2167,33,18,7,4,1d8+4,1d8+4,48,18,6,4,1d8+4,1d8+4,2.0,B
2168,40,15,6,4,1d10+4,1d8+4,33,14,5,4,1d10+4,1d6+4,7.0,B
2169,38,17,6,4,1d8+4,1d8+4,35,14,8,4,1d12+4,1d6+4,9.0,B
2170,40,14,5,4,1d8+4,1d6+4,50,14,6,4,1d10+4,1d8+4,4.0,B
2171,30,16,8,4,1d12+4,1d8+4,42,17,7,4,1d12+4,1d8+4,2.0,B
2172,38,15,8,4,1d8+4,1d6+4,35,17,7,4,1d8+4,1d8+4,9.0,A
2173,48,18,8,4,1d10+4,1d6+4,33,18,7,4,1d10+4,1d6+4,8.0,A
2174,47,18,5,4,1d12+4,1d6+4,49,14,8,4,1d10+4,1d8+4,6.0,B
2175,39,16,8,4,1d10+4,1d8+4,31,17,7,4,1d8+4,1d8+4,1.0,A
2176,46,16,8,4,1d10+4,1d6+4,44,17,6,4,1d12+4,1d8+4,6.0,A
2177,47,15,5,4,1d12+4,1d6+4,37,14,8,4,1d12+4,1d8+4,2.0,B
2178,48,15,5,4,1d12+4,1d6+4,35,15,5,4,1d8+4,1d6+4,6.0,A
2179,47,16,5,4,1d12+4,1d6+4,47,15,8,4,1d10+4,1d6+4,10.0,B
2180,50,17,5,4,1d10+4,1d6+4,43,18,7,4,1d8+4,1d6+4,6.0,B
2181,34,15,5,4,1d8+4,1d8+4,38,17,7,4,1d12+4,1d8+4,10.0,A
2182,30,16,6,4,1d8+4,1d8+4,50,14,8,4,1d8+4,1d6+4,0.0,B
2183,33,14,8,4,1d8+4,1d8+4,33,14,7,4,1d10+4,1d6+4,8.0,A
2184,41,17,6,4,1d10+4,1d8+4,38,14,5,4,1d12+4,1d6+4,8.0,A
2185,32,16,7,4,1d10+4,1d6+4,45,18,6,4,1d8+4,1d8+4,4.0,B
2186,41,18,7,4,1d8+4,1d6+4,30,14,5,4,1d10+4,1d8+4,1.0,A
2187,30,18,7,4,1d8+4,1d8+4,33,18,8,4,1d12+4,1d8+4,10.0,B
2188,33,15,8,4,1d12+4,1d8+4,31,18,6,4,1d12+4,1d6+4,3.0,B
2189,31,18,8,4,1d10+4,1d6+4,32,17,7,4,1d12+4,1d8+4,3.0,B
2190,49,16,5,4,1d12+4,1d6+4,39,17,8,4,1d12+4,1d8+4,8.0,B
2191,47,17,8,4,1d10+4,1d6+4,31,16,7,4,1d8+4,1d6+4,9.0,B
2192,40,18,6,4,1d10+4,1d6+4,49,16,7,4,1d8+4,1d6+4,2.0,A
2193,31,18,6,4,1d12+4,1d6+4,42,15,8,4,1d12+4,1d6+4,9.0,B
2194,31,14,7,4,1d12+4,1d6+4,31,18,7,4,1d10+4,1d6+4,10.0,A
2195,41,16,6,4,1d12+4,1d8+4,31,14,6,4,1d10+4,1d8+4,6.0,A
2196,43,15,7,4,1d8+4,1d8+4,42,18,7,4,1d10+4,1d6+4,8.0,A
2197,40,14,5,4,1d10+4,1d6+4,43,14,5,4,1d8+4,1d6+4,6.0,B
2198,45,16,7,4,1d12+4,1d6+4,31,18,6,4,1d10+4,1d6+4,3.0,A
2199,37,16,5,4,1d10+4,1d8+4,47,14,6,4,1d12+4,1d8+4,8.0,B
2200,50,17,5,4,1d8+4,1d6+4,40,16,7,4,1d10+4,1d8+4,1.0,B
2201,43,14,7,4,1d10+4,1d8+4,47,18,5,4,1d8+4,1d6+4,1.0,A
2202,42,16,7,4,1d8+4,1d6+4,40,17,7,4,1d10+4,1d8+4,5.0,B
2203,49,17,5,4,1d8+4,1d8+4,36,17,7,4,1d8+4,1d6+4,8.0,A
2204,35,17,7,4,1d10+4,1d6+4,43,16,6,4,1d12+4,1d8+4,2.0,A
2205,40,14,6,4,1d8+4,1d6+4,40,15,6,4,1d10+4,1d6+4,3.0,A
2206,50,17,5,4,1d8+4,1d6+4,33,18,5,4,1d8+4,1d6+4,10.0,A
2207,41,14,8,4,1d10+4,1d6+4,33,15,8,4,1d8+4,1d6+4,7.0,A
2208,41,18,6,4,1d10+4,1d8+4,46,14,8,4,1d12+4,1d6+4,9.0,A
2209,36,15,6,4,1d10+4,1d8+4,44,14,7,4,1d12+4,1d6+4,9.0,B
2210,35,14,8,4,1d8+4,1d8+4,41,18,6,4,1d10+4,1d8+4,10.0,A
2211,47,15,8,4,1d10+4,1d6+4,36,17,8,4,1d10+4,1d6+4,0.0,B
2212,46,14,8,4,1d12+4,1d6+4,32,15,6,4,1d8+4,1d8+4,9.0,A
2213,50,15,8,4,1d10+4,1d6+4,40,18,6,4,1d8+4,1d8+4,2.0,A
2214,50,16,8,4,1d8+4,1d6+4,50,17,5,4,1d10+4,1d8+4,2.0,B
2215,31,14,8,4,1d12+4,1d8+4,48,18,7,4,1d8+4,1d6+4,7.0,B
2216,31,14,7,4,1d8+4,1d6+4,37,14,5,4,1d8+4,1d8+4,2.0,B
2217,36,16,7,4,1d8+4,1d6+4,37,16,8,4,1d12+4,1d8+4,3.0,A
2218,42,18,8,4,1d12+4,1d8+4,44,17,6,4,1d10+4,1d8+4,10.0,A
2219,42,15,7,4,1d12+4,1d8+4,44,14,8,4,1d8+4,1d8+4,9.0,A
2220,31,17,5,4,1d12+4,1d8+4,30,18,8,4,1d8+4,1d8+4,1.0,B
2221,39,17,6,4,1d8+4,1d6+4,33,14,6,4,1d10+4,1d6+4,7.0,A
2222,41,17,6,4,1d10+4,1d8+4,31,17,6,4,1d12+4,1d6+4,8.0,A
2223,44,16,5,4,1d10+4,1d6+4,32,14,5,4,1d10+4,1d8+4,6.0,A
2224,40,17,7,4,1d8+4,1d8+4,35,17,5,4,1d12+4,1d8+4,2.0,B
2225,32,17,8,4,1d10+4,1d6+4,47,18,8,4,1d12+4,1d8+4,2.0,A
2226,43,18,7,4,1d12+4,1d8+4,31,16,6,4,1d8+4,1d6+4,7.0,A
2227,38,15,5,4,1d8+4,1d6+4,30,14,7,4,1d10+4,1d8+4,0.0,B
2228,38,17,8,4,1d8+4,1d8+4,47,16,7,4,1d12+4,1d8+4,8.0,B
2229,33,17,7,4,1d10+4,1d8+4,32,16,8,4,1d10+4,1d8+4,5.0,B
2230,31,16,8,4,1d8+4,1d8+4,30,18,6,4,1d12+4,1d6+4,4.0,B
2231,35,15,5,4,1d12+4,1d6+4,36,17,7,4,1d10+4,1d8+4,9.0,A
2232,36,17,8,4,1d8+4,1d8+4,30,18,7,4,1d8+4,1d8+4,3.0,B
2233,30,18,5,4,1d8+4,1d6+4,48,17,5,4,1d8+4,1d8+4,9.0,B
2234,35,17,5,4,1d12+4,1d8+4,30,18,5,4,1d12+4,1d6+4,4.0,A
2235,45,14,6,4,1d12+4,1d6+4,31,14,7,4,1d12+4,1d8+4,0.0,A
2236,37,14,5,4,1d12+4,1d6+4,47,14,6,4,1d10+4,1d6+4,7.0,A
2237,31,15,6,4,1d10+4,1d6+4,45,15,6,4,1d8+4,1d6+4,5.0,B
2238,46,17,8,4,1d8+4,1d6+4,49,14,6,4,1d12+4,1d6+4,3.0,A
2239,48,14,5,4,1d12+4,1d8+4,40,14,8,4,1d10+4,1d8+4,6.0,B
2240,49,17,6,4,1d10+4,1d8+4,34,18,7,4,1d8+4,1d6+4,1.0,A
2241,38,17,6,4,1d10+4,1d8+4,34,14,5,4,1d8+4,1d8+4,8.0,A
2242,32,17,7,4,1d8+4,1d6+4,30,15,7,4,1d8+4,1d6+4,9.0,A
2243,33,16,8,4,1d8+4,1d8+4,43,15,8,4,1d10+4,1d8+4,8.0,B
2244,37,15,6,4,1d12+4,1d8+4,37,17,6,4,1d12+4,1d6+4,1.0,B
2245,38,15,6,4,1d8+4,1d6+4,44,15,5,4,1d12+4,1d6+4,5.0,B
2246,36,14,6,4,1d10+4,1d8+4,50,14,8,4,1d8+4,1d6+4,10.0,A
2247,39,16,8,4,1d10+4,1d8+4,42,16,5,4,1d10+4,1d6+4,5.0,A
2248,49,14,7,4,1d8+4,1d8+4,47,14,6,4,1d12+4,1d6+4,3.0,B
2249,48,14,7,4,1d10+4,1d6+4,45,17,6,4,1d10+4,1d6+4,4.0,A
2250,42,15,7,4,1d12+4,1d8+4,39,17,5,4,1d8+4,1d8+4,5.0,A
2251,32,17,8,4,1d12+4,1d6+4,38,17,5,4,1d12+4,1d6+4,9.0,A
2252,42,14,8,4,1d12+4,1d8+4,39,18,7,4,1d8+4,1d6+4,0.0,B
2253,31,15,8,4,1d8+4,1d8+4,34,14,7,4,1d8+4,1d6+4,0.0,A
2254,30,17,5,4,1d12+4,1d8+4,40,15,7,4,1d8+4,1d6+4,10.0,B
2255,36,15,7,4,1d12+4,1d8+4,31,17,8,4,1d12+4,1d6+4,6.0,A
2256,50,15,8,4,1d12+4,1d6+4,40,18,5,4,1d12+4,1d8+4,9.0,B
2257,40,16,7,4,1d8+4,1d6+4,33,15,7,4,1d8+4,1d8+4,3.0,A
2258,36,18,5,4,1d10+4,1d6+4,33,15,6,4,1d8+4,1d6+4,3.0,B
2259,44,14,6,4,1d8+4,1d6+4,32,14,8,4,1d12+4,1d6+4,6.0,B
2260,43,17,5,4,1d10+4,1d6+4,49,16,7,4,1d12+4,1d8+4,4.0,B
2261,49,14,5,4,1d8+4,1d8+4,41,14,8,4,1d12+4,1d6+4,0.0,A
2262,46,15,8,4,1d10+4,1d6+4,44,14,8,4,1d12+4,1d6+4,0.0,B
2263,45,16,8,4,1d8+4,1d8+4,50,18,6,4,1d12+4,1d6+4,1.0,A
2264,49,16,8,4,1d10+4,1d6+4,39,15,5,4,1d10+4,1d6+4,2.0,A
2265,44,15,8,4,1d12+4,1d8+4,37,15,5,4,1d8+4,1d8+4,2.0,A
2266,49,15,8,4,1d12+4,1d6+4,46,15,7,4,1d8+4,1d6+4,0.0,A
2267,44,15,7,4,1d10+4,1d6+4,40,16,8,4,1d8+4,1d6+4,7.0,A
2268,36,14,5,4,1d8+4,1d8+4,48,17,7,4,1d8+4,1d8+4,9.0,A
2269,42,15,6,4,1d8+4,1d8+4,40,18,8,4,1d8+4,1d6+4,1.0,B
2270,50,17,8,4,1d8+4,1d6+4,41,17,6,4,1d10+4,1d8+4,7.0,A
2271,47,15,8,4,1d8+4,1d6+4,36,17,7,4,1d8+4,1d6+4,3.0,A
2272,50,18,8,4,1d12+4,1d8+4,33,14,7,4,1d8+4,1d8+4,1.0,A
2273,39,17,6,4,1d8+4,1d6+4,31,16,6,4,1d8+4,1d8+4,5.0,B
2274,41,18,8,4,1d12+4,1d6+4,37,17,8,4,1d10+4,1d6+4,4.0,A
2275,33,18,6,4,1d8+4,1d6+4,34,17,5,4,1d12+4,1d8+4,1.0,B
2276,40,18,7,4,1d10+4,1d6+4,34,18,8,4,1d12+4,1d6+4,10.0,A
2277,43,18,8,4,1d10+4,1d8+4,38,17,6,4,1d8+4,1d6+4,8.0,A
2278,39,14,6,4,1d10+4,1d8+4,40,17,7,4,1d8+4,1d8+4,6.0,A
2279,42,17,5,4,1d10+4,1d8+4,50,14,8,4,1d10+4,1d8+4,7.0,B
2280,49,15,7,4,1d8+4,1d6+4,36,16,8,4,1d10+4,1d8+4,2.0,A
2281,49,18,7,4,1d10+4,1d6+4,46,15,5,4,1d8+4,1d8+4,9.0,A
2282,38,16,8,4,1d8+4,1d6+4,31,18,5,4,1d12+4,1d8+4,6.0,B
2283,42,14,5,4,1d8+4,1d6+4,43,18,7,4,1d8+4,1d8+4,9.0,B
2284,30,15,7,4,1d12+4,1d8+4,38,17,5,4,1d12+4,1d6+4,8.0,A
2285,33,18,6,4,1d12+4,1d8+4,41,16,8,4,1d12+4,1d6+4,7.0,A
2286,39,16,8,4,1d12+4,1d8+4,40,15,7,4,1d10+4,1d8+4,3.0,A
2287,40,15,6,4,1d12+4,1d6+4,43,16,7,4,1d12+4,1d6+4,2.0,B
2288,30,17,5,4,1d10+4,1d6+4,30,17,8,4,1d10+4,1d8+4,3.0,B
2289,36,18,8,4,1d8+4,1d8+4,35,17,6,4,1d8+4,1d8+4,0.0,A
2290,40,14,5,4,1d8+4,1d6+4,37,17,7,4,1d12+4,1d6+4,6.0,B
2291,47,14,7,4,1d8+4,1d8+4,32,18,7,4,1d10+4,1d6+4,0.0,B
2292,39,17,8,4,1d12+4,1d6+4,39,15,6,4,1d8+4,1d8+4,0.0,A
2293,34,17,8,4,1d10+4,1d8+4,39,18,8,4,1d8+4,1d6+4,3.0,A
2294,46,14,6,4,1d12+4,1d8+4,50,15,8,4,1d8+4,1d6+4,3.0,B
2295,32,14,7,4,1d8+4,1d6+4,46,17,8,4,1d12+4,1d8+4,1.0,B
2296,47,15,6,4,1d12+4,1d8+4,49,17,8,4,1d12+4,1d8+4,10.0,A
2297,30,17,5,4,1d8+4,1d6+4,31,15,6,4,1d10+4,1d8+4,1.0,B
2298,39,16,6,4,1d12+4,1d8+4,44,18,5,4,1d10+4,1d6+4,10.0,A
2299,32,15,8,4,1d8+4,1d8+4,47,17,5,4,1d8+4,1d8+4,0.0,B
2300,31,14,6,4,1d10+4,1d6+4,34,17,6,4,1d12+4,1d8+4,1.0,A
2301,32,18,5,4,1d8+4,1d8+4,40,14,8,4,1d8+4,1d8+4,7.0,B
2302,44,17,6,4,1d12+4,1d6+4,39,15,6,4,1d8+4,1d8+4,0.0,A
2303,42,17,8,4,1d10+4,1d6+4,42,16,7,4,1d8+4,1d6+4,9.0,B
2304,35,14,7,4,1d10+4,1d6+4,47,17,6,4,1d10+4,1d8+4,9.0,B
2305,38,18,6,4,1d8+4,1d6+4,38,14,7,4,1d10+4,1d6+4,4.0,A
2306,37,17,7,4,1d12+4,1d6+4,41,18,7,4,1d12+4,1d6+4,5.0,A
2307,32,15,6,4,1d12+4,1d6+4,37,14,6,4,1d8+4,1d8+4,8.0,B
2308,44,14,8,4,1d8+4,1d8+4,45,18,8,4,1d12+4,1d8+4,0.0,A
2309,36,18,7,4,1d10+4,1d8+4,42,15,6,4,1d12+4,1d8+4,4.0,A
2310,37,16,8,4,1d10+4,1d6+4,40,15,6,4,1d10+4,1d6+4,6.0,B
2311,44,17,8,4,1d10+4,1d6+4,47,16,6,4,1d8+4,1d6+4,6.0,A
2312,46,16,5,4,1d8+4,1d8+4,38,14,5,4,1d10+4,1d8+4,8.0,A
2313,37,18,8,4,1d10+4,1d8+4,31,14,6,4,1d12+4,1d6+4,7.0,B
2314,39,14,7,4,1d12+4,1d8+4,32,16,8,4,1d8+4,1d6+4,10.0,A
2315,50,16,6,4,1d8+4,1d8+4,30,16,6,4,1d10+4,1d8+4,0.0,A
2316,36,18,8,4,1d12+4,1d6+4,42,14,8,4,1d10+4,1d6+4,2.0,B
2317,48,18,8,4,1d8+4,1d8+4,35,18,8,4,1d10+4,1d8+4,2.0,A
2318,43,15,6,4,1d10+4,1d8+4,36,15,8,4,1d8+4,1d6+4,8.0,B
2319,34,15,8,4,1d10+4,1d6+4,34,18,7,4,1d12+4,1d8+4,1.0,A
2320,38,17,8,4,1d12+4,1d8+4,50,17,5,4,1d10+4,1d6+4,4.0,A
2321,30,14,6,4,1d8+4,1d8+4,39,14,6,4,1d8+4,1d8+4,6.0,B
2322,41,15,7,4,1d12+4,1d8+4,37,18,8,4,1d8+4,1d8+4,2.0,A
2323,32,18,5,4,1d12+4,1d8+4,32,18,8,4,1d12+4,1d6+4,2.0,A
2324,32,14,8,4,1d12+4,1d8+4,43,14,6,4,1d12+4,1d6+4,3.0,A
2325,37,17,6,4,1d8+4,1d6+4,48,18,8,4,1d10+4,1d6+4,5.0,B
2326,36,17,5,4,1d10+4,1d8+4,30,14,6,4,1d10+4,1d8+4,5.0,A
2327,38,15,5,4,1d10+4,1d6+4,33,15,6,4,1d8+4,1d8+4,0.0,A
2328,37,17,5,4,1d8+4,1d6+4,32,15,8,4,1d12+4,1d6+4,7.0,B
2329,41,15,5,4,1d10+4,1d8+4,48,15,8,4,1d12+4,1d8+4,5.0,B
2330,46,18,8,4,1d12+4,1d6+4,49,14,6,4,1d12+4,1d6+4,10.0,A
2331,46,15,5,4,1d8+4,1d8+4,33,14,7,4,1d10+4,1d8+4,8.0,A
2332,32,15,7,4,1d12+4,1d6+4,42,14,6,4,1d10+4,1d6+4,0.0,A
2333,32,16,8,4,1d8+4,1d8+4,50,18,8,4,1d12+4,1d6+4,2.0,A
2334,39,14,7,4,1d8+4,1d6+4,44,17,6,4,1d10+4,1d8+4,1.0,B
2335,49,17,8,4,1d10+4,1d8+4,38,17,5,4,1d8+4,1d8+4,8.0,A
2336,34,17,7,4,1d8+4,1d8+4,41,18,6,4,1d8+4,1d8+4,6.0,A
2337,41,16,5,4,1d12+4,1d8+4,45,15,8,4,1d12+4,1d6+4,6.0,A
2338,36,16,5,4,1d8+4,1d6+4,36,17,6,4,1d10+4,1d8+4,8.0,B
2339,49,14,7,4,1d8+4,1d8+4,35,17,8,4,1d12+4,1d6+4,2.0,B
2340,47,16,7,4,1d12+4,1d6+4,46,15,6,4,1d8+4,1d6+4,0.0,A
2341,43,17,6,4,1d12+4,1d6+4,46,18,7,4,1d8+4,1d8+4,7.0,A
2342,47,14,7,4,1d12+4,1d8+4,31,18,8,4,1d8+4,1d8+4,4.0,B
2343,36,17,5,4,1d10+4,1d8+4,45,17,8,4,1d12+4,1d6+4,2.0,B
2344,46,15,5,4,1d8+4,1d8+4,42,16,7,4,1d8+4,1d6+4,5.0,B
2345,37,15,6,4,1d10+4,1d8+4,40,14,8,4,1d8+4,1d8+4,8.0,B
2346,46,16,5,4,1d12+4,1d6+4,50,15,5,4,1d10+4,1d8+4,3.0,A
2347,50,15,7,4,1d10+4,1d6+4,37,15,5,4,1d10+4,1d6+4,10.0,A
2348,46,16,6,4,1d10+4,1d8+4,43,15,6,4,1d10+4,1d8+4,8.0,A
2349,46,14,8,4,1d8+4,1d8+4,30,15,5,4,1d8+4,1d8+4,0.0,A
2350,41,16,7,4,1d12+4,1d8+4,37,18,5,4,1d8+4,1d8+4,1.0,A
2351,33,14,7,4,1d12+4,1d6+4,48,17,8,4,1d8+4,1d6+4,4.0,B
2352,37,18,8,4,1d12+4,1d6+4,38,14,8,4,1d8+4,1d6+4,6.0,A
2353,32,18,6,4,1d12+4,1d8+4,43,15,6,4,1d12+4,1d8+4,3.0,B
2354,30,17,6,4,1d12+4,1d8+4,41,14,5,4,1d10+4,1d8+4,5.0,A
2355,44,17,8,4,1d12+4,1d8+4,37,15,6,4,1d8+4,1d8+4,7.0,A
2356,47,18,5,4,1d8+4,1d8+4,46,16,5,4,1d10+4,1d8+4,7.0,A
2357,30,18,8,4,1d12+4,1d8+4,50,16,6,4,1d8+4,1d8+4,10.0,A
2358,34,18,5,4,1d8+4,1d6+4,48,18,7,4,1d12+4,1d6+4,3.0,B
2359,41,17,7,4,1d10+4,1d8+4,36,17,6,4,1d10+4,1d6+4,9.0,A
2360,42,15,7,4,1d10+4,1d8+4,47,15,5,4,1d12+4,1d8+4,6.0,A
2361,39,16,5,4,1d8+4,1d8+4,30,14,7,4,1d12+4,1d6+4,2.0,A
2362,39,18,7,4,1d10+4,1d6+4,46,16,7,4,1d12+4,1d6+4,0.0,A
2363,30,17,7,4,1d8+4,1d6+4,41,17,7,4,1d10+4,1d6+4,10.0,B
2364,36,17,6,4,1d10+4,1d8+4,48,15,7,4,1d8+4,1d6+4,4.0,B
2365,45,17,5,4,1d10+4,1d6+4,34,16,5,4,1d12+4,1d8+4,3.0,A
2366,32,18,7,4,1d8+4,1d6+4,38,17,5,4,1d10+4,1d6+4,3.0,B
2367,47,14,7,4,1d8+4,1d6+4,48,14,8,4,1d10+4,1d8+4,1.0,A
2368,31,16,6,4,1d10+4,1d6+4,44,15,5,4,1d8+4,1d6+4,10.0,B
2369,47,16,7,4,1d10+4,1d8+4,44,18,6,4,1d12+4,1d6+4,5.0,A
2370,33,15,6,4,1d10+4,1d8+4,40,18,5,4,1d10+4,1d8+4,8.0,B
2371,50,14,6,4,1d8+4,1d6+4,36,18,5,4,1d8+4,1d6+4,10.0,B
2372,35,18,7,4,1d10+4,1d6+4,40,17,5,4,1d12+4,1d8+4,6.0,B
2373,34,17,8,4,1d10+4,1d6+4,31,15,5,4,1d10+4,1d6+4,8.0,A
2374,39,14,8,4,1d8+4,1d8+4,42,18,6,4,1d10+4,1d6+4,2.0,B
2375,42,14,5,4,1d10+4,1d6+4,30,14,8,4,1d12+4,1d6+4,0.0,B
2376,41,16,6,4,1d12+4,1d8+4,33,18,6,4,1d12+4,1d6+4,10.0,B
2377,50,14,5,4,1d10+4,1d6+4,43,18,5,4,1d12+4,1d8+4,6.0,A
2378,33,16,6,4,1d12+4,1d8+4,42,17,7,4,1d10+4,1d6+4,5.0,B
2379,30,17,7,4,1d8+4,1d8+4,42,15,6,4,1d12+4,1d8+4,9.0,B
2380,30,14,8,4,1d8+4,1d6+4,36,15,6,4,1d10+4,1d6+4,3.0,B
2381,47,15,6,4,1d10+4,1d6+4,44,18,6,4,1d12+4,1d6+4,9.0,B
2382,35,16,5,4,1d10+4,1d6+4,37,14,8,4,1d12+4,1d6+4,10.0,A
2383,47,17,8,4,1d10+4,1d8+4,43,15,7,4,1d10+4,1d8+4,2.0,B
2384,31,15,6,4,1d12+4,1d8+4,33,18,8,4,1d8+4,1d8+4,0.0,B
2385,41,18,8,4,1d10+4,1d8+4,38,14,7,4,1d8+4,1d6+4,2.0,A
2386,49,14,6,4,1d12+4,1d8+4,38,14,5,4,1d12+4,1d8+4,1.0,B
2387,34,15,5,4,1d12+4,1d6+4,41,17,5,4,1d10+4,1d6+4,10.0,B
2388,34,18,6,4,1d12+4,1d6+4,33,18,7,4,1d12+4,1d8+4,6.0,B
2389,48,14,7,4,1d10+4,1d6+4,33,14,5,4,1d10+4,1d8+4,0.0,A
2390,33,17,8,4,1d12+4,1d6+4,49,18,5,4,1d10+4,1d8+4,2.0,B
2391,47,14,8,4,1d10+4,1d8+4,33,15,5,4,1d12+4,1d8+4,2.0,A
2392,30,18,7,4,1d10+4,1d6+4,44,18,7,4,1d8+4,1d8+4,0.0,B
2393,48,14,5,4,1d10+4,1d8+4,47,18,5,4,1d12+4,1d6+4,4.0,A
2394,38,15,6,4,1d8+4,1d6+4,32,17,8,4,1d12+4,1d6+4,4.0,B
2395,34,14,6,4,1d8+4,1d8+4,31,15,6,4,1d8+4,1d6+4,3.0,A
2396,45,15,5,4,1d12+4,1d6+4,40,16,7,4,1d12+4,1d6+4,4.0,A
2397,45,17,8,4,1d12+4,1d8+4,42,14,7,4,1d12+4,1d8+4,5.0,B
2398,48,14,5,4,1d12+4,1d8+4,49,16,8,4,1d8+4,1d8+4,9.0,A
2399,44,17,6,4,1d10+4,1d6+4,41,15,7,4,1d8+4,1d6+4,0.0,B
2400,35,16,5,4,1d8+4,1d6+4,45,17,6,4,1d10+4,1d6+4,0.0,B
2401,46,14,8,4,1d8+4,1d6+4,44,16,7,4,1d8+4,1d6+4,2.0,A
2402,34,16,6,4,1d12+4,1d6+4,43,14,7,4,1d12+4,1d8+4,5.0,A
2403,42,16,7,4,1d8+4,1d6+4,50,15,7,4,1d12+4,1d6+4,1.0,A
2404,48,15,5,4,1d12+4,1d8+4,36,16,8,4,1d10+4,1d6+4,2.0,B
2405,34,18,8,4,1d12+4,1d6+4,34,17,5,4,1d8+4,1d6+4,0.0,B
2406,32,16,6,4,1d8+4,1d8+4,41,15,5,4,1d10+4,1d6+4,6.0,B
2407,50,17,6,4,1d8+4,1d6+4,49,16,7,4,1d12+4,1d6+4,4.0,A
2408,46,14,7,4,1d12+4,1d8+4,30,16,7,4,1d8+4,1d8+4,7.0,A
2409,46,15,5,4,1d12+4,1d6+4,36,17,7,4,1d12+4,1d8+4,3.0,A
2410,42,18,6,4,1d12+4,1d8+4,35,18,5,4,1d10+4,1d8+4,10.0,A
2411,34,15,8,4,1d8+4,1d8+4,38,18,6,4,1d8+4,1d8+4,1.0,A
2412,30,18,5,4,1d8+4,1d6+4,42,18,7,4,1d12+4,1d6+4,2.0,B
2413,50,14,6,4,1d8+4,1d8+4,33,14,8,4,1d10+4,1d8+4,10.0,A
2414,43,18,6,4,1d12+4,1d6+4,49,16,7,4,1d8+4,1d6+4,3.0,A
2415,44,15,8,4,1d12+4,1d6+4,37,16,6,4,1d10+4,1d8+4,5.0,B
2416,42,17,6,4,1d8+4,1d8+4,47,18,7,4,1d8+4,1d8+4,5.0,A
2417,47,17,7,4,1d10+4,1d8+4,42,18,6,4,1d8+4,1d8+4,3.0,A
2418,46,14,8,4,1d12+4,1d8+4,38,16,7,4,1d8+4,1d6+4,2.0,B
2419,49,15,8,4,1d12+4,1d6+4,37,17,5,4,1d12+4,1d6+4,2.0,B
2420,44,17,8,4,1d10+4,1d6+4,44,18,7,4,1d12+4,1d6+4,3.0,B
2421,30,18,6,4,1d12+4,1d8+4,39,16,5,4,1d12+4,1d8+4,8.0,A
2422,36,18,6,4,1d10+4,1d6+4,36,14,6,4,1d12+4,1d6+4,2.0,A
2423,32,14,8,4,1d10+4,1d8+4,41,15,6,4,1d10+4,1d8+4,3.0,A
2424,38,15,7,4,1d8+4,1d6+4,38,18,6,4,1d10+4,1d8+4,8.0,A
2425,49,17,7,4,1d8+4,1d8+4,33,18,6,4,1d8+4,1d8+4,4.0,A
2426,40,16,7,4,1d8+4,1d6+4,30,17,5,4,1d12+4,1d8+4,10.0,A
2427,33,15,8,4,1d12+4,1d6+4,36,17,6,4,1d12+4,1d8+4,10.0,B
2428,50,14,5,4,1d8+4,1d6+4,49,16,5,4,1d10+4,1d8+4,10.0,A
2429,30,18,7,4,1d12+4,1d8+4,30,14,8,4,1d8+4,1d6+4,9.0,B
2430,30,16,6,4,1d12+4,1d6+4,41,15,8,4,1d12+4,1d6+4,3.0,B
2431,42,18,6,4,1d12+4,1d6+4,45,17,5,4,1d12+4,1d6+4,2.0,B
2432,48,18,7,4,1d8+4,1d6+4,41,17,8,4,1d8+4,1d8+4,1.0,A
2433,30,17,6,4,1d12+4,1d8+4,49,16,8,4,1d12+4,1d8+4,1.0,B
2434,33,18,5,4,1d10+4,1d8+4,47,14,8,4,1d8+4,1d8+4,1.0,B
2435,42,14,6,4,1d10+4,1d6+4,31,15,8,4,1d10+4,1d8+4,8.0,A
2436,47,15,5,4,1d8+4,1d8+4,32,14,8,4,1d8+4,1d6+4,5.0,A
2437,31,16,6,4,1d12+4,1d8+4,46,17,6,4,1d8+4,1d6+4,8.0,B
2438,30,14,7,4,1d12+4,1d6+4,42,14,5,4,1d10+4,1d8+4,10.0,B
2439,45,15,8,4,1d8+4,1d6+4,34,14,5,4,1d8+4,1d6+4,6.0,A
2440,30,15,7,4,1d12+4,1d6+4,43,17,8,4,1d10+4,1d6+4,7.0,B
2441,37,14,6,4,1d10+4,1d6+4,37,14,5,4,1d8+4,1d6+4,6.0,A
2442,46,14,5,4,1d12+4,1d8+4,48,18,7,4,1d12+4,1d8+4,5.0,B
2443,31,18,7,4,1d10+4,1d8+4,48,16,5,4,1d12+4,1d6+4,10.0,B
2444,45,15,6,4,1d12+4,1d8+4,47,18,5,4,1d10+4,1d6+4,0.0,B
2445,46,14,7,4,1d10+4,1d6+4,33,18,6,4,1d10+4,1d8+4,4.0,A
2446,48,14,5,4,1d12+4,1d8+4,36,15,7,4,1d10+4,1d6+4,6.0,A
2447,31,18,8,4,1d10+4,1d8+4,34,17,7,4,1d12+4,1d6+4,4.0,A
2448,37,18,7,4,1d12+4,1d8+4,32,16,7,4,1d10+4,1d8+4,0.0,A
2449,37,15,5,4,1d8+4,1d8+4,43,18,6,4,1d10+4,1d8+4,9.0,A
2450,38,17,8,4,1d10+4,1d8+4,40,14,8,4,1d10+4,1d6+4,9.0,A
2451,42,14,5,4,1d10+4,1d8+4,36,14,6,4,1d8+4,1d6+4,4.0,B
2452,50,16,8,4,1d8+4,1d6+4,43,15,6,4,1d10+4,1d8+4,3.0,A
2453,30,16,7,4,1d8+4,1d6+4,44,18,5,4,1d10+4,1d8+4,9.0,B
2454,38,15,8,4,1d8+4,1d6+4,33,17,6,4,1d10+4,1d8+4,1.0,A
2455,47,16,6,4,1d10+4,1d6+4,43,14,6,4,1d10+4,1d6+4,6.0,B
2456,50,17,6,4,1d10+4,1d6+4,49,17,8,4,1d8+4,1d6+4,10.0,A
2457,38,18,8,4,1d8+4,1d8+4,46,18,8,4,1d10+4,1d8+4,4.0,A
2458,40,14,8,4,1d8+4,1d8+4,37,16,6,4,1d8+4,1d8+4,8.0,A
2459,40,16,5,4,1d10+4,1d6+4,36,15,8,4,1d10+4,1d6+4,9.0,A
2460,48,18,5,4,1d10+4,1d6+4,47,14,5,4,1d12+4,1d8+4,5.0,B
2461,47,18,7,4,1d8+4,1d8+4,33,16,7,4,1d10+4,1d8+4,0.0,A
2462,36,16,5,4,1d10+4,1d6+4,42,17,5,4,1d12+4,1d8+4,4.0,B
2463,34,14,6,4,1d12+4,1d6+4,33,17,5,4,1d12+4,1d8+4,4.0,A
2464,30,16,7,4,1d8+4,1d8+4,35,17,8,4,1d8+4,1d6+4,1.0,A
2465,39,14,5,4,1d12+4,1d6+4,40,17,8,4,1d10+4,1d6+4,7.0,B
2466,30,18,8,4,1d8+4,1d8+4,48,15,5,4,1d8+4,1d6+4,9.0,A
2467,43,16,7,4,1d8+4,1d6+4,43,16,5,4,1d8+4,1d8+4,10.0,A
2468,46,15,7,4,1d10+4,1d8+4,50,14,6,4,1d12+4,1d6+4,7.0,B
2469,47,14,6,4,1d8+4,1d6+4,44,16,8,4,1d8+4,1d6+4,6.0,A
2470,47,14,6,4,1d10+4,1d6+4,47,15,7,4,1d8+4,1d8+4,8.0,B
2471,43,14,6,4,1d10+4,1d6+4,32,18,5,4,1d12+4,1d8+4,5.0,A
2472,50,18,6,4,1d12+4,1d6+4,34,16,7,4,1d12+4,1d8+4,9.0,B
2473,32,14,7,4,1d8+4,1d6+4,49,15,6,4,1d10+4,1d8+4,1.0,A
2474,48,18,8,4,1d8+4,1d8+4,31,14,7,4,1d10+4,1d6+4,2.0,A
2475,48,15,5,4,1d12+4,1d8+4,46,15,6,4,1d12+4,1d8+4,10.0,A
2476,42,14,6,4,1d8+4,1d6+4,30,18,5,4,1d8+4,1d8+4,10.0,A
2477,42,17,8,4,1d8+4,1d6+4,47,18,8,4,1d10+4,1d8+4,10.0,B
2478,45,15,7,4,1d12+4,1d8+4,42,16,5,4,1d8+4,1d8+4,4.0,A
2479,47,18,5,4,1d10+4,1d8+4,47,17,7,4,1d8+4,1d8+4,7.0,A
2480,41,18,7,4,1d12+4,1d8+4,32,17,8,4,1d10+4,1d6+4,7.0,A
2481,39,18,7,4,1d12+4,1d8+4,47,14,6,4,1d10+4,1d6+4,3.0,A
2482,39,18,5,4,1d10+4,1d6+4,42,16,5,4,1d12+4,1d8+4,8.0,B
2483,30,17,5,4,1d12+4,1d8+4,46,15,7,4,1d8+4,1d6+4,8.0,A
2484,35,14,7,4,1d8+4,1d6+4,39,14,8,4,1d12+4,1d8+4,2.0,B
2485,33,15,8,4,1d12+4,1d6+4,31,18,8,4,1d12+4,1d8+4,3.0,B
2486,36,17,5,4,1d10+4,1d8+4,50,16,7,4,1d8+4,1d8+4,8.0,A
2487,38,18,7,4,1d12+4,1d6+4,48,17,6,4,1d12+4,1d8+4,10.0,A
2488,38,16,5,4,1d12+4,1d6+4,40,18,7,4,1d8+4,1d6+4,0.0,A
2489,36,16,6,4,1d8+4,1d6+4,47,14,8,4,1d8+4,1d8+4,2.0,B
2490,36,15,7,4,1d8+4,1d6+4,44,17,6,4,1d12+4,1d6+4,3.0,B
2491,37,16,7,4,1d10+4,1d6+4,46,18,5,4,1d10+4,1d8+4,1.0,B
2492,35,15,6,4,1d10+4,1d6+4,39,14,5,4,1d10+4,1d6+4,10.0,A
2493,41,15,7,4,1d8+4,1d8+4,49,14,6,4,1d10+4,1d6+4,4.0,A
2494,30,14,7,4,1d8+4,1d6+4,39,14,5,4,1d12+4,1d6+4,8.0,B
2495,37,17,8,4,1d12+4,1d8+4,38,16,7,4,1d8+4,1d8+4,0.0,A
2496,41,17,7,4,1d8+4,1d8+4,39,16,8,4,1d8+4,1d8+4,4.0,A
2497,37,16,6,4,1d12+4,1d6+4,43,18,5,4,1d12+4,1d6+4,9.0,B
2498,44,18,5,4,1d12+4,1d6+4,41,16,7,4,1d8+4,1d6+4,0.0,A
2499,50,18,6,4,1d10+4,1d8+4,43,14,8,4,1d12+4,1d6+4,7.0,A
2500,32,17,8,4,1d10+4,1d8+4,36,17,7,4,1d12+4,1d6+4,10.0,A
2501,47,18,7,4,1d12+4,1d8+4,34,18,7,4,1d10+4,1d8+4,4.0,A
2502,43,16,8,4,1d8+4,1d6+4,38,14,5,4,1d12+4,1d8+4,4.0,A
2503,34,16,5,4,1d10+4,1d8+4,36,17,8,4,1d12+4,1d6+4,10.0,A
2504,32,16,5,4,1d12+4,1d8+4,32,18,8,4,1d12+4,1d8+4,4.0,A
2505,34,17,8,4,1d8+4,1d6+4,49,18,5,4,1d8+4,1d8+4,7.0,B
2506,37,16,5,4,1d12+4,1d6+4,47,14,5,4,1d12+4,1d6+4,6.0,B
2507,30,17,5,4,1d12+4,1d8+4,30,15,7,4,1d8+4,1d8+4,9.0,A
2508,40,15,7,4,1d12+4,1d6+4,41,18,8,4,1d12+4,1d8+4,2.0,B
2509,39,14,8,4,1d10+4,1d6+4,46,15,6,4,1d10+4,1d6+4,8.0,B
2510,44,15,7,4,1d10+4,1d6+4,47,17,8,4,1d12+4,1d6+4,2.0,B
2511,30,14,8,4,1d10+4,1d8+4,32,17,5,4,1d10+4,1d8+4,7.0,B
2512,40,16,7,4,1d10+4,1d6+4,46,16,8,4,1d8+4,1d6+4,10.0,A
2513,47,18,7,4,1d10+4,1d8+4,33,14,7,4,1d8+4,1d6+4,3.0,A
2514,38,15,5,4,1d10+4,1d6+4,39,14,7,4,1d12+4,1d8+4,0.0,B
2515,50,15,6,4,1d8+4,1d8+4,41,16,6,4,1d8+4,1d8+4,8.0,B
2516,40,14,5,4,1d10+4,1d8+4,30,15,8,4,1d10+4,1d8+4,5.0,A
2517,40,16,8,4,1d10+4,1d8+4,36,15,5,4,1d8+4,1d6+4,9.0,A
2518,50,16,8,4,1d8+4,1d6+4,44,18,8,4,1d10+4,1d8+4,2.0,B
2519,43,15,6,4,1d10+4,1d6+4,39,14,7,4,1d10+4,1d8+4,4.0,A
2520,33,16,5,4,1d8+4,1d6+4,34,18,7,4,1d8+4,1d8+4,0.0,A
2521,38,17,6,4,1d12+4,1d8+4,30,18,7,4,1d12+4,1d6+4,2.0,B
2522,36,15,7,4,1d10+4,1d8+4,39,15,6,4,1d10+4,1d8+4,4.0,A
2523,46,14,6,4,1d12+4,1d6+4,32,17,7,4,1d8+4,1d6+4,8.0,B
2524,49,15,6,4,1d12+4,1d6+4,33,16,8,4,1d10+4,1d6+4,5.0,A
2525,31,17,8,4,1d8+4,1d6+4,50,16,8,4,1d12+4,1d8+4,5.0,B
2526,49,17,5,4,1d8+4,1d8+4,32,15,6,4,1d10+4,1d8+4,6.0,A
2527,47,15,7,4,1d10+4,1d8+4,39,17,7,4,1d12+4,1d8+4,7.0,A
2528,35,18,8,4,1d8+4,1d6+4,45,14,6,4,1d8+4,1d8+4,7.0,A
2529,41,15,6,4,1d10+4,1d6+4,42,15,8,4,1d12+4,1d8+4,2.0,B
2530,43,16,5,4,1d8+4,1d6+4,39,17,5,4,1d10+4,1d8+4,2.0,B
2531,47,16,7,4,1d10+4,1d8+4,34,15,6,4,1d12+4,1d6+4,1.0,A
2532,46,15,6,4,1d12+4,1d6+4,42,16,5,4,1d10+4,1d6+4,7.0,A
2533,39,14,7,4,1d10+4,1d6+4,39,16,6,4,1d12+4,1d6+4,10.0,B
2534,31,15,6,4,1d8+4,1d6+4,45,18,8,4,1d12+4,1d8+4,7.0,B
2535,44,17,7,4,1d12+4,1d8+4,30,18,7,4,1d10+4,1d8+4,4.0,A
2536,35,15,7,4,1d10+4,1d8+4,36,16,6,4,1d12+4,1d8+4,4.0,B
2537,43,16,6,4,1d12+4,1d8+4,33,15,7,4,1d12+4,1d6+4,10.0,A
2538,45,16,5,4,1d12+4,1d8+4,41,14,6,4,1d8+4,1d8+4,6.0,A
2539,42,16,6,4,1d8+4,1d8+4,42,16,8,4,1d10+4,1d8+4,10.0,A
2540,32,14,7,4,1d10+4,1d8+4,45,18,6,4,1d10+4,1d8+4,7.0,B
2541,37,18,7,4,1d10+4,1d8+4,43,16,7,4,1d12+4,1d8+4,9.0,B
2542,30,16,5,4,1d10+4,1d8+4,34,16,8,4,1d12+4,1d8+4,6.0,A
2543,47,14,5,4,1d12+4,1d8+4,34,14,8,4,1d8+4,1d6+4,10.0,A
2544,35,14,5,4,1d8+4,1d8+4,39,17,8,4,1d12+4,1d6+4,10.0,B
2545,47,18,7,4,1d8+4,1d8+4,31,16,7,4,1d8+4,1d6+4,6.0,A
2546,42,14,5,4,1d12+4,1d6+4,37,14,8,4,1d10+4,1d8+4,5.0,B
2547,43,16,5,4,1d8+4,1d8+4,41,14,7,4,1d12+4,1d6+4,0.0,A
2548,47,14,8,4,1d12+4,1d8+4,39,14,6,4,1d8+4,1d8+4,9.0,A
2549,38,16,8,4,1d8+4,1d8+4,39,16,8,4,1d12+4,1d6+4,5.0,B
2550,30,18,7,4,1d8+4,1d6+4,41,18,5,4,1d12+4,1d6+4,10.0,B
2551,45,18,8,4,1d10+4,1d8+4,37,18,8,4,1d12+4,1d8+4,4.0,B
2552,37,16,8,4,1d10+4,1d8+4,32,17,5,4,1d12+4,1d8+4,4.0,B
2553,48,18,7,4,1d8+4,1d8+4,39,18,5,4,1d12+4,1d8+4,0.0,B
2554,49,14,6,4,1d8+4,1d8+4,39,15,6,4,1d10+4,1d6+4,3.0,A
2555,40,16,8,4,1d12+4,1d8+4,43,15,8,4,1d8+4,1d8+4,0.0,A
2556,34,14,6,4,1d10+4,1d6+4,39,17,6,4,1d8+4,1d6+4,0.0,B
2557,49,14,7,4,1d8+4,1d8+4,50,17,8,4,1d10+4,1d8+4,1.0,B
2558,50,14,8,4,1d12+4,1d6+4,36,16,5,4,1d12+4,1d6+4,3.0,A
2559,40,18,7,4,1d8+4,1d6+4,48,18,5,4,1d8+4,1d8+4,1.0,B
2560,31,16,8,4,1d10+4,1d6+4,47,17,7,4,1d8+4,1d8+4,1.0,B
2561,42,15,8,4,1d12+4,1d6+4,43,15,8,4,1d10+4,1d8+4,9.0,B
2562,33,16,6,4,1d12+4,1d6+4,44,14,5,4,1d10+4,1d8+4,0.0,B
2563,34,14,7,4,1d12+4,1d8+4,40,18,7,4,1d10+4,1d8+4,10.0,B
2564,33,15,5,4,1d10+4,1d6+4,38,18,5,4,1d10+4,1d6+4,0.0,B
2565,43,17,8,4,1d10+4,1d8+4,41,14,7,4,1d8+4,1d8+4,6.0,A
2566,34,17,7,4,1d8+4,1d6+4,37,18,7,4,1d10+4,1d8+4,5.0,A
2567,45,15,6,4,1d12+4,1d6+4,39,15,7,4,1d8+4,1d8+4,5.0,A
2568,49,14,5,4,1d8+4,1d8+4,37,17,6,4,1d12+4,1d6+4,6.0,B
2569,32,15,5,4,1d12+4,1d8+4,50,18,7,4,1d12+4,1d6+4,5.0,B
2570,47,18,7,4,1d10+4,1d8+4,36,14,5,4,1d10+4,1d6+4,2.0,B
2571,43,14,8,4,1d8+4,1d6+4,44,16,8,4,1d10+4,1d6+4,9.0,A
2572,44,18,8,4,1d10+4,1d8+4,43,18,6,4,1d10+4,1d6+4,7.0,B
2573,49,17,5,4,1d8+4,1d6+4,41,14,6,4,1d8+4,1d6+4,8.0,A
2574,33,17,6,4,1d10+4,1d6+4,47,15,8,4,1d12+4,1d8+4,0.0,B
2575,34,15,6,4,1d8+4,1d6+4,40,16,8,4,1d10+4,1d8+4,8.0,B
2576,33,18,5,4,1d12+4,1d6+4,36,14,8,4,1d10+4,1d6+4,4.0,B
2577,42,18,5,4,1d10+4,1d6+4,32,15,8,4,1d12+4,1d6+4,1.0,A
2578,32,18,6,4,1d8+4,1d8+4,42,14,7,4,1d12+4,1d8+4,10.0,B
2579,32,14,5,4,1d12+4,1d8+4,38,17,8,4,1d12+4,1d6+4,9.0,B
2580,31,15,7,4,1d12+4,1d8+4,47,16,5,4,1d8+4,1d6+4,10.0,A
2581,50,14,8,4,1d10+4,1d8+4,43,17,8,4,1d8+4,1d8+4,0.0,B
2582,46,14,5,4,1d10+4,1d8+4,39,17,5,4,1d12+4,1d8+4,0.0,B
2583,41,16,6,4,1d8+4,1d6+4,39,18,5,4,1d8+4,1d6+4,0.0,A
2584,42,16,7,4,1d8+4,1d6+4,46,15,5,4,1d12+4,1d8+4,4.0,B
2585,32,17,6,4,1d12+4,1d6+4,43,14,7,4,1d12+4,1d8+4,0.0,B
2586,38,18,5,4,1d12+4,1d8+4,49,18,8,4,1d10+4,1d6+4,9.0,B
2587,47,17,6,4,1d8+4,1d8+4,41,17,7,4,1d8+4,1d6+4,10.0,B
2588,44,16,6,4,1d10+4,1d6+4,44,16,8,4,1d8+4,1d8+4,1.0,B
2589,47,17,7,4,1d8+4,1d6+4,39,14,5,4,1d8+4,1d8+4,10.0,A
2590,30,17,8,4,1d10+4,1d6+4,47,17,6,4,1d10+4,1d6+4,8.0,B
2591,47,14,8,4,1d10+4,1d6+4,41,18,7,4,1d10+4,1d8+4,7.0,B
2592,34,17,6,4,1d10+4,1d6+4,31,14,6,4,1d12+4,1d6+4,3.0,A
2593,43,18,8,4,1d12+4,1d6+4,50,15,5,4,1d8+4,1d8+4,1.0,A
2594,37,14,7,4,1d12+4,1d8+4,49,17,7,4,1d12+4,1d6+4,9.0,A
2595,48,14,7,4,1d10+4,1d8+4,46,17,5,4,1d10+4,1d8+4,9.0,B
2596,36,15,6,4,1d12+4,1d6+4,33,14,5,4,1d12+4,1d6+4,6.0,B
2597,50,16,7,4,1d8+4,1d8+4,31,16,6,4,1d8+4,1d8+4,5.0,A
2598,43,14,5,4,1d10+4,1d6+4,44,16,7,4,1d12+4,1d6+4,8.0,A
2599,31,17,5,4,1d12+4,1d8+4,38,15,7,4,1d10+4,1d6+4,8.0,A
2600,50,15,8,4,1d8+4,1d8+4,43,15,7,4,1d12+4,1d8+4,10.0,B
2601,42,17,6,4,1d8+4,1d6+4,34,14,6,4,1d10+4,1d8+4,5.0,A
2602,37,14,5,4,1d8+4,1d8+4,43,16,6,4,1d12+4,1d8+4,7.0,A
2603,32,15,8,4,1d10+4,1d8+4,43,18,8,4,1d10+4,1d6+4,10.0,B
2604,49,17,7,4,1d12+4,1d8+4,44,14,5,4,1d10+4,1d6+4,2.0,A
2605,36,16,5,4,1d10+4,1d6+4,33,15,5,4,1d12+4,1d6+4,7.0,B
2606,41,17,6,4,1d8+4,1d6+4,40,18,8,4,1d12+4,1d6+4,10.0,A
2607,38,16,7,4,1d8+4,1d8+4,34,17,5,4,1d10+4,1d6+4,9.0,A
2608,41,18,7,4,1d8+4,1d6+4,45,14,8,4,1d12+4,1d8+4,5.0,B
2609,39,16,6,4,1d8+4,1d6+4,34,16,6,4,1d10+4,1d8+4,10.0,B
2610,33,16,8,4,1d10+4,1d6+4,44,15,6,4,1d10+4,1d6+4,2.0,B
2611,48,18,7,4,1d10+4,1d6+4,32,14,7,4,1d10+4,1d6+4,0.0,A
2612,33,18,5,4,1d12+4,1d8+4,43,18,8,4,1d12+4,1d8+4,3.0,B
2613,39,14,8,4,1d8+4,1d6+4,50,14,5,4,1d8+4,1d8+4,2.0,B
2614,43,16,7,4,1d12+4,1d6+4,33,16,6,4,1d12+4,1d6+4,7.0,A
2615,32,17,5,4,1d8+4,1d6+4,43,15,5,4,1d12+4,1d6+4,6.0,B
2616,35,15,5,4,1d12+4,1d8+4,46,14,7,4,1d10+4,1d8+4,3.0,B
2617,48,14,5,4,1d8+4,1d6+4,47,17,5,4,1d12+4,1d8+4,5.0,B
2618,39,18,5,4,1d8+4,1d8+4,45,15,7,4,1d8+4,1d8+4,5.0,A
2619,43,16,7,4,1d12+4,1d6+4,45,16,5,4,1d8+4,1d8+4,1.0,A
2620,48,15,6,4,1d12+4,1d6+4,32,16,8,4,1d10+4,1d6+4,2.0,A
2621,36,16,7,4,1d10+4,1d8+4,36,14,8,4,1d12+4,1d8+4,2.0,A
2622,44,15,7,4,1d12+4,1d6+4,40,17,8,4,1d8+4,1d6+4,0.0,B
2623,31,14,5,4,1d10+4,1d6+4,44,18,8,4,1d10+4,1d8+4,5.0,B
2624,33,18,5,4,1d12+4,1d6+4,46,16,7,4,1d10+4,1d8+4,0.0,B
2625,43,16,7,4,1d10+4,1d6+4,32,14,6,4,1d8+4,1d8+4,7.0,A
2626,32,14,6,4,1d10+4,1d8+4,33,16,8,4,1d10+4,1d8+4,7.0,B
2627,34,18,5,4,1d12+4,1d6+4,37,15,5,4,1d10+4,1d6+4,10.0,B
2628,33,15,7,4,1d12+4,1d8+4,46,14,7,4,1d10+4,1d6+4,9.0,B
2629,36,17,5,4,1d10+4,1d6+4,33,14,5,4,1d12+4,1d8+4,6.0,B
2630,50,14,7,4,1d12+4,1d8+4,35,16,5,4,1d10+4,1d8+4,5.0,A
2631,45,16,7,4,1d12+4,1d8+4,30,18,5,4,1d10+4,1d8+4,1.0,A
2632,32,14,5,4,1d8+4,1d6+4,46,18,6,4,1d12+4,1d6+4,1.0,B
2633,47,18,6,4,1d10+4,1d6+4,43,16,7,4,1d10+4,1d8+4,6.0,A
2634,39,14,7,4,1d10+4,1d8+4,44,15,6,4,1d8+4,1d8+4,5.0,A
2635,32,14,6,4,1d12+4,1d6+4,30,15,7,4,1d12+4,1d6+4,9.0,A
2636,43,17,5,4,1d8+4,1d6+4,32,16,5,4,1d8+4,1d8+4,2.0,A
2637,44,16,8,4,1d12+4,1d6+4,45,15,7,4,1d10+4,1d6+4,8.0,B
2638,39,18,5,4,1d10+4,1d8+4,46,14,8,4,1d10+4,1d6+4,0.0,A
2639,43,18,7,4,1d8+4,1d6+4,47,14,7,4,1d12+4,1d6+4,3.0,A
2640,34,14,8,4,1d10+4,1d6+4,31,16,5,4,1d12+4,1d8+4,3.0,A
2641,50,16,5,4,1d8+4,1d8+4,44,17,7,4,1d10+4,1d8+4,8.0,A
2642,46,15,7,4,1d12+4,1d6+4,36,14,6,4,1d12+4,1d8+4,1.0,A
2643,45,16,8,4,1d8+4,1d8+4,37,15,8,4,1d8+4,1d8+4,6.0,A
2644,33,15,7,4,1d12+4,1d6+4,35,15,7,4,1d8+4,1d6+4,5.0,B
2645,35,14,8,4,1d12+4,1d8+4,33,15,5,4,1d8+4,1d8+4,6.0,A
2646,39,18,6,4,1d10+4,1d8+4,43,15,5,4,1d10+4,1d8+4,3.0,A
2647,42,14,7,4,1d12+4,1d6+4,35,17,6,4,1d10+4,1d8+4,5.0,A
2648,31,17,6,4,1d12+4,1d8+4,38,15,7,4,1d12+4,1d8+4,5.0,B
2649,50,18,8,4,1d12+4,1d8+4,30,17,8,4,1d10+4,1d8+4,0.0,A
2650,42,14,8,4,1d8+4,1d6+4,39,18,6,4,1d8+4,1d6+4,7.0,A
2651,45,15,7,4,1d12+4,1d6+4,42,14,8,4,1d8+4,1d6+4,5.0,A
2652,39,16,6,4,1d12+4,1d8+4,42,14,6,4,1d12+4,1d6+4,7.0,B
2653,48,14,5,4,1d12+4,1d8+4,45,16,8,4,1d12+4,1d8+4,7.0,B
2654,45,14,5,4,1d10+4,1d6+4,41,17,8,4,1d12+4,1d8+4,6.0,B
2655,43,17,8,4,1d12+4,1d8+4,39,17,5,4,1d10+4,1d8+4,9.0,A
2656,32,15,8,4,1d10+4,1d8+4,39,15,7,4,1d8+4,1d6+4,0.0,B
2657,32,14,5,4,1d12+4,1d6+4,40,14,7,4,1d8+4,1d6+4,9.0,A
2658,30,17,7,4,1d10+4,1d6+4,38,17,5,4,1d12+4,1d8+4,0.0,B
2659,32,17,5,4,1d8+4,1d6+4,47,17,7,4,1d12+4,1d8+4,3.0,B
2660,40,17,8,4,1d8+4,1d6+4,35,15,5,4,1d12+4,1d6+4,9.0,A
2661,40,17,7,4,1d12+4,1d6+4,50,15,7,4,1d12+4,1d6+4,7.0,B
2662,37,16,6,4,1d8+4,1d6+4,45,18,7,4,1d10+4,1d6+4,0.0,B
2663,32,14,6,4,1d12+4,1d8+4,44,16,5,4,1d10+4,1d8+4,5.0,B
2664,30,16,6,4,1d8+4,1d6+4,46,15,6,4,1d8+4,1d6+4,1.0,B
2665,48,15,6,4,1d8+4,1d8+4,37,15,7,4,1d12+4,1d8+4,2.0,B
2666,50,16,8,4,1d10+4,1d8+4,49,16,6,4,1d10+4,1d6+4,10.0,A
2667,41,15,8,4,1d12+4,1d6+4,44,14,8,4,1d8+4,1d8+4,10.0,A
2668,35,18,8,4,1d8+4,1d8+4,34,15,7,4,1d8+4,1d6+4,9.0,A
2669,34,17,5,4,1d12+4,1d8+4,38,16,6,4,1d12+4,1d8+4,9.0,A
2670,34,15,7,4,1d10+4,1d6+4,41,18,5,4,1d8+4,1d8+4,8.0,A
2671,35,16,8,4,1d10+4,1d6+4,41,18,5,4,1d8+4,1d6+4,0.0,B
2672,43,18,7,4,1d10+4,1d8+4,31,14,8,4,1d12+4,1d6+4,2.0,A
2673,50,16,8,4,1d12+4,1d8+4,46,17,7,4,1d12+4,1d6+4,7.0,B
2674,44,18,6,4,1d10+4,1d6+4,39,18,6,4,1d12+4,1d6+4,9.0,A
2675,49,16,5,4,1d12+4,1d6+4,34,18,5,4,1d10+4,1d8+4,1.0,A
2676,32,15,8,4,1d12+4,1d8+4,33,17,7,4,1d8+4,1d8+4,9.0,B
2677,44,17,7,4,1d12+4,1d8+4,48,15,5,4,1d10+4,1d6+4,10.0,A
2678,31,17,6,4,1d10+4,1d8+4,39,15,6,4,1d8+4,1d8+4,7.0,A
2679,46,14,7,4,1d8+4,1d8+4,46,18,7,4,1d12+4,1d8+4,7.0,B
2680,34,18,5,4,1d8+4,1d6+4,38,17,7,4,1d12+4,1d6+4,6.0,A
2681,37,15,7,4,1d10+4,1d6+4,30,18,6,4,1d10+4,1d8+4,0.0,A
2682,50,17,6,4,1d10+4,1d6+4,50,15,6,4,1d8+4,1d6+4,10.0,B
2683,48,17,5,4,1d12+4,1d6+4,34,18,7,4,1d8+4,1d6+4,2.0,B
2684,34,18,8,4,1d8+4,1d8+4,31,14,7,4,1d8+4,1d6+4,6.0,A
2685,44,17,6,4,1d12+4,1d8+4,49,15,6,4,1d8+4,1d8+4,7.0,A
2686,39,14,5,4,1d12+4,1d6+4,44,18,7,4,1d12+4,1d8+4,10.0,A
2687,40,17,8,4,1d10+4,1d6+4,34,15,6,4,1d12+4,1d8+4,1.0,B
2688,37,16,8,4,1d8+4,1d6+4,43,14,7,4,1d10+4,1d8+4,8.0,B
2689,35,14,6,4,1d8+4,1d8+4,40,17,7,4,1d12+4,1d8+4,9.0,A
2690,46,15,5,4,1d10+4,1d6+4,39,16,5,4,1d12+4,1d6+4,0.0,A
2691,39,18,8,4,1d8+4,1d8+4,42,15,7,4,1d10+4,1d6+4,7.0,A
2692,35,15,5,4,1d8+4,1d6+4,39,17,8,4,1d12+4,1d8+4,10.0,B
2693,37,16,6,4,1d12+4,1d6+4,31,16,8,4,1d8+4,1d6+4,8.0,A
2694,45,18,6,4,1d8+4,1d6+4,48,15,8,4,1d10+4,1d6+4,6.0,A
2695,32,16,7,4,1d8+4,1d8+4,45,18,6,4,1d12+4,1d6+4,6.0,A
2696,33,14,8,4,1d12+4,1d6+4,40,15,5,4,1d12+4,1d8+4,8.0,A
2697,30,14,6,4,1d8+4,1d8+4,45,18,6,4,1d8+4,1d8+4,0.0,B
2698,42,14,8,4,1d8+4,1d8+4,40,15,7,4,1d12+4,1d6+4,1.0,B
2699,33,18,5,4,1d12+4,1d6+4,46,14,8,4,1d12+4,1d8+4,0.0,A
2700,49,15,6,4,1d8+4,1d6+4,45,14,8,4,1d10+4,1d6+4,2.0,B
2701,40,15,7,4,1d10+4,1d8+4,39,17,7,4,1d8+4,1d6+4,2.0,B
2702,35,14,7,4,1d8+4,1d8+4,39,18,5,4,1d8+4,1d8+4,8.0,B
2703,36,18,8,4,1d12+4,1d6+4,30,17,7,4,1d12+4,1d6+4,3.0,A
2704,47,16,7,4,1d10+4,1d8+4,38,14,6,4,1d8+4,1d8+4,3.0,A
2705,41,18,6,4,1d8+4,1d6+4,42,15,5,4,1d10+4,1d8+4,3.0,A
2706,47,18,8,4,1d12+4,1d6+4,35,14,6,4,1d10+4,1d6+4,0.0,A
2707,39,18,7,4,1d12+4,1d6+4,35,15,8,4,1d8+4,1d8+4,1.0,A
2708,48,18,5,4,1d10+4,1d6+4,35,14,5,4,1d8+4,1d6+4,5.0,A
2709,43,14,6,4,1d10+4,1d6+4,49,18,7,4,1d12+4,1d8+4,0.0,B
2710,47,15,8,4,1d8+4,1d6+4,46,18,6,4,1d8+4,1d6+4,8.0,A
2711,37,14,8,4,1d12+4,1d8+4,42,15,6,4,1d12+4,1d6+4,5.0,A
2712,48,14,7,4,1d8+4,1d6+4,33,16,8,4,1d8+4,1d8+4,5.0,A
2713,48,18,5,4,1d8+4,1d8+4,37,16,6,4,1d10+4,1d6+4,0.0,B
2714,43,15,5,4,1d8+4,1d8+4,36,18,7,4,1d10+4,1d6+4,1.0,A
2715,33,15,8,4,1d12+4,1d8+4,49,17,5,4,1d8+4,1d8+4,5.0,A
2716,40,18,5,4,1d10+4,1d6+4,42,15,5,4,1d8+4,1d8+4,6.0,A
2717,37,14,8,4,1d12+4,1d6+4,48,16,8,4,1d10+4,1d6+4,5.0,B
2718,49,15,5,4,1d8+4,1d8+4,41,17,6,4,1d10+4,1d8+4,7.0,B
2719,41,16,6,4,1d8+4,1d8+4,30,18,6,4,1d8+4,1d8+4,8.0,B
2720,36,14,6,4,1d10+4,1d6+4,37,15,5,4,1d8+4,1d8+4,9.0,A
2721,35,15,7,4,1d12+4,1d8+4,41,17,7,4,1d12+4,1d8+4,4.0,B
2722,31,18,8,4,1d10+4,1d6+4,33,17,8,4,1d8+4,1d8+4,6.0,A
2723,49,18,8,4,1d8+4,1d8+4,48,16,8,4,1d8+4,1d8+4,6.0,A
2724,41,17,6,4,1d10+4,1d6+4,47,14,7,4,1d12+4,1d8+4,8.0,A
2725,49,16,6,4,1d12+4,1d6+4,47,14,5,4,1d12+4,1d6+4,5.0,A
2726,44,18,7,4,1d12+4,1d6+4,31,15,5,4,1d8+4,1d8+4,10.0,A
2727,42,15,6,4,1d12+4,1d8+4,49,17,7,4,1d12+4,1d8+4,2.0,A
2728,38,15,6,4,1d12+4,1d8+4,34,15,8,4,1d10+4,1d6+4,1.0,A
2729,46,18,5,4,1d8+4,1d8+4,34,18,8,4,1d12+4,1d8+4,4.0,A
2730,39,14,8,4,1d12+4,1d8+4,49,14,6,4,1d10+4,1d8+4,10.0,B
2731,36,15,5,4,1d8+4,1d6+4,32,14,8,4,1d10+4,1d8+4,6.0,A
2732,42,18,7,4,1d8+4,1d8+4,47,18,6,4,1d12+4,1d6+4,9.0,B
2733,43,17,8,4,1d10+4,1d8+4,46,16,8,4,1d10+4,1d8+4,4.0,A
2734,30,15,6,4,1d10+4,1d6+4,50,18,6,4,1d10+4,1d8+4,9.0,B
2735,33,16,5,4,1d12+4,1d8+4,30,18,6,4,1d10+4,1d6+4,3.0,A
2736,50,18,7,4,1d10+4,1d6+4,34,15,6,4,1d8+4,1d8+4,5.0,A
2737,44,18,6,4,1d10+4,1d8+4,39,18,5,4,1d8+4,1d8+4,6.0,A
2738,36,17,5,4,1d10+4,1d6+4,44,14,6,4,1d12+4,1d8+4,2.0,A
2739,31,14,8,4,1d8+4,1d8+4,37,14,5,4,1d10+4,1d6+4,10.0,A
2740,45,17,6,4,1d10+4,1d8+4,43,14,6,4,1d10+4,1d8+4,9.0,A
2741,45,17,6,4,1d8+4,1d8+4,33,14,7,4,1d8+4,1d8+4,3.0,A
2742,50,17,8,4,1d12+4,1d6+4,48,17,5,4,1d12+4,1d6+4,1.0,B
2743,34,17,6,4,1d10+4,1d6+4,35,18,8,4,1d8+4,1d6+4,10.0,B
2744,40,15,7,4,1d8+4,1d6+4,36,18,5,4,1d8+4,1d6+4,3.0,A
2745,39,17,6,4,1d10+4,1d6+4,49,16,8,4,1d10+4,1d6+4,0.0,A
2746,37,17,6,4,1d8+4,1d8+4,41,18,7,4,1d8+4,1d6+4,7.0,B
2747,44,16,5,4,1d10+4,1d6+4,32,18,7,4,1d10+4,1d8+4,5.0,B
2748,36,18,6,4,1d10+4,1d8+4,38,17,7,4,1d8+4,1d8+4,7.0,B
2749,46,18,6,4,1d12+4,1d6+4,32,15,6,4,1d10+4,1d6+4,2.0,A
2750,33,18,7,4,1d8+4,1d6+4,45,15,7,4,1d8+4,1d8+4,2.0,B
2751,48,17,7,4,1d10+4,1d8+4,41,17,5,4,1d12+4,1d6+4,9.0,B
2752,48,15,7,4,1d12+4,1d6+4,48,17,6,4,1d12+4,1d8+4,8.0,A
2753,46,14,7,4,1d8+4,1d6+4,43,16,8,4,1d12+4,1d6+4,10.0,B
2754,47,16,8,4,1d12+4,1d8+4,46,14,5,4,1d10+4,1d6+4,1.0,B
2755,34,16,8,4,1d10+4,1d8+4,45,14,6,4,1d10+4,1d6+4,1.0,B
2756,37,16,7,4,1d12+4,1d8+4,48,17,5,4,1d8+4,1d8+4,7.0,B
2757,46,18,8,4,1d8+4,1d6+4,39,15,7,4,1d8+4,1d8+4,1.0,B
2758,30,17,5,4,1d8+4,1d8+4,49,18,8,4,1d12+4,1d8+4,9.0,B
2759,47,16,5,4,1d12+4,1d8+4,32,16,8,4,1d10+4,1d8+4,2.0,A
2760,47,16,5,4,1d10+4,1d8+4,41,14,7,4,1d8+4,1d6+4,0.0,A
2761,49,18,5,4,1d10+4,1d6+4,39,18,6,4,1d10+4,1d6+4,8.0,A
2762,45,17,7,4,1d12+4,1d6+4,40,16,5,4,1d8+4,1d6+4,3.0,B
2763,33,17,5,4,1d12+4,1d6+4,43,17,6,4,1d12+4,1d8+4,1.0,B
2764,32,17,8,4,1d10+4,1d6+4,42,17,6,4,1d8+4,1d6+4,2.0,A
2765,47,17,7,4,1d10+4,1d8+4,48,16,8,4,1d12+4,1d6+4,6.0,B
2766,48,16,7,4,1d12+4,1d8+4,33,14,8,4,1d10+4,1d8+4,9.0,B
2767,40,17,8,4,1d8+4,1d6+4,41,15,6,4,1d12+4,1d6+4,7.0,B
2768,49,18,6,4,1d10+4,1d8+4,42,18,6,4,1d12+4,1d6+4,1.0,A
2769,37,14,5,4,1d12+4,1d6+4,32,16,5,4,1d12+4,1d6+4,5.0,A
2770,33,18,7,4,1d12+4,1d6+4,45,16,6,4,1d10+4,1d6+4,2.0,A
2771,33,14,7,4,1d10+4,1d8+4,36,14,7,4,1d12+4,1d6+4,6.0,B
2772,43,15,8,4,1d10+4,1d8+4,33,16,5,4,1d10+4,1d8+4,0.0,A
2773,42,18,8,4,1d10+4,1d8+4,35,14,8,4,1d8+4,1d6+4,5.0,A
2774,34,15,6,4,1d12+4,1d6+4,48,15,5,4,1d10+4,1d8+4,9.0,A
2775,31,14,5,4,1d12+4,1d8+4,45,15,6,4,1d10+4,1d6+4,6.0,A
2776,41,15,8,4,1d12+4,1d6+4,36,17,5,4,1d10+4,1d6+4,7.0,A
2777,50,17,5,4,1d10+4,1d8+4,30,14,7,4,1d8+4,1d8+4,9.0,A
2778,32,14,7,4,1d10+4,1d6+4,34,17,6,4,1d10+4,1d8+4,1.0,A
2779,40,16,5,4,1d10+4,1d8+4,39,18,8,4,1d8+4,1d6+4,7.0,B
2780,46,15,8,4,1d10+4,1d6+4,44,14,5,4,1d12+4,1d8+4,7.0,A
2781,40,14,8,4,1d8+4,1d6+4,46,14,8,4,1d12+4,1d6+4,7.0,B
2782,43,15,8,4,1d10+4,1d8+4,30,18,8,4,1d10+4,1d8+4,2.0,A
2783,30,18,5,4,1d10+4,1d8+4,47,16,5,4,1d12+4,1d8+4,1.0,B
2784,34,15,6,4,1d8+4,1d6+4,48,16,5,4,1d8+4,1d6+4,1.0,B
2785,45,18,7,4,1d10+4,1d6+4,50,18,5,4,1d8+4,1d8+4,2.0,B
2786,40,18,8,4,1d12+4,1d6+4,45,14,8,4,1d8+4,1d8+4,4.0,A
2787,30,14,6,4,1d12+4,1d6+4,49,15,5,4,1d10+4,1d8+4,8.0,B
2788,38,16,5,4,1d8+4,1d8+4,35,15,5,4,1d12+4,1d6+4,7.0,B
2789,43,15,6,4,1d12+4,1d8+4,42,15,5,4,1d8+4,1d8+4,2.0,A
2790,45,18,6,4,1d8+4,1d6+4,32,17,7,4,1d10+4,1d6+4,6.0,A
2791,34,14,5,4,1d8+4,1d8+4,32,14,5,4,1d8+4,1d8+4,9.0,A
2792,49,15,6,4,1d8+4,1d8+4,39,18,5,4,1d10+4,1d6+4,4.0,B
2793,36,15,7,4,1d10+4,1d6+4,42,15,8,4,1d8+4,1d8+4,7.0,A
2794,45,17,5,4,1d12+4,1d8+4,44,15,7,4,1d10+4,1d8+4,9.0,A
2795,45,16,6,4,1d10+4,1d6+4,46,16,7,4,1d8+4,1d8+4,0.0,B
2796,45,18,7,4,1d10+4,1d6+4,48,17,8,4,1d10+4,1d6+4,4.0,A
2797,45,18,5,4,1d12+4,1d6+4,49,18,7,4,1d8+4,1d8+4,0.0,A
2798,48,17,7,4,1d10+4,1d8+4,50,14,5,4,1d10+4,1d6+4,5.0,B
2799,30,16,7,4,1d10+4,1d6+4,41,17,7,4,1d8+4,1d8+4,5.0,B
2800,49,15,5,4,1d12+4,1d6+4,43,16,8,4,1d8+4,1d6+4,7.0,A
2801,44,18,7,4,1d8+4,1d6+4,47,18,5,4,1d8+4,1d8+4,4.0,A
2802,49,18,7,4,1d10+4,1d8+4,38,14,5,4,1d10+4,1d8+4,9.0,A
2803,48,14,7,4,1d8+4,1d6+4,38,18,7,4,1d10+4,1d6+4,9.0,B
2804,49,16,7,4,1d8+4,1d8+4,41,16,8,4,1d8+4,1d8+4,10.0,B
2805,37,14,5,4,1d12+4,1d6+4,43,16,8,4,1d12+4,1d8+4,10.0,B
2806,46,15,6,4,1d12+4,1d6+4,36,17,8,4,1d8+4,1d6+4,2.0,A
2807,32,17,6,4,1d8+4,1d8+4,41,14,7,4,1d10+4,1d8+4,7.0,B
2808,35,16,5,4,1d10+4,1d6+4,47,17,8,4,1d12+4,1d6+4,2.0,B
2809,49,17,7,4,1d8+4,1d6+4,33,17,7,4,1d12+4,1d8+4,6.0,A
2810,32,14,6,4,1d12+4,1d8+4,30,14,8,4,1d12+4,1d8+4,6.0,B
2811,36,15,8,4,1d8+4,1d6+4,30,18,6,4,1d12+4,1d6+4,3.0,A
2812,46,18,6,4,1d12+4,1d8+4,47,18,8,4,1d12+4,1d8+4,1.0,B
2813,40,17,5,4,1d12+4,1d6+4,32,16,8,4,1d12+4,1d6+4,9.0,A
2814,39,14,8,4,1d10+4,1d6+4,49,15,5,4,1d12+4,1d6+4,9.0,A
2815,31,16,5,4,1d12+4,1d6+4,35,14,6,4,1d12+4,1d6+4,4.0,A
2816,31,15,7,4,1d10+4,1d8+4,42,17,6,4,1d10+4,1d6+4,0.0,B
2817,43,15,7,4,1d12+4,1d8+4,41,17,8,4,1d10+4,1d6+4,0.0,B
2818,30,14,7,4,1d12+4,1d8+4,43,18,5,4,1d8+4,1d6+4,4.0,A
2819,50,16,6,4,1d12+4,1d6+4,44,15,7,4,1d10+4,1d6+4,6.0,A
2820,44,17,7,4,1d12+4,1d6+4,39,18,5,4,1d8+4,1d8+4,10.0,B
2821,38,16,7,4,1d8+4,1d8+4,32,18,7,4,1d8+4,1d8+4,7.0,A
2822,35,15,8,4,1d12+4,1d6+4,48,18,5,4,1d8+4,1d6+4,5.0,B
2823,39,17,8,4,1d8+4,1d6+4,46,16,6,4,1d12+4,1d8+4,3.0,A
2824,38,18,7,4,1d12+4,1d8+4,35,18,7,4,1d12+4,1d6+4,9.0,B
2825,36,17,5,4,1d8+4,1d6+4,33,14,6,4,1d8+4,1d6+4,1.0,A
2826,48,18,7,4,1d10+4,1d8+4,45,15,8,4,1d10+4,1d6+4,7.0,B
2827,36,16,7,4,1d8+4,1d8+4,46,16,8,4,1d10+4,1d8+4,9.0,B
2828,31,16,5,4,1d8+4,1d6+4,32,14,7,4,1d12+4,1d6+4,7.0,A
2829,34,17,5,4,1d10+4,1d8+4,42,14,8,4,1d8+4,1d6+4,0.0,B
2830,35,15,7,4,1d12+4,1d6+4,50,16,7,4,1d12+4,1d6+4,9.0,A
2831,31,16,8,4,1d12+4,1d6+4,49,16,5,4,1d8+4,1d6+4,9.0,A
2832,39,18,6,4,1d8+4,1d8+4,44,15,5,4,1d8+4,1d8+4,2.0,A
2833,48,17,6,4,1d12+4,1d8+4,40,17,5,4,1d10+4,1d6+4,5.0,A
2834,43,17,5,4,1d10+4,1d6+4,35,17,6,4,1d12+4,1d8+4,4.0,A
2835,45,15,8,4,1d12+4,1d6+4,39,16,8,4,1d10+4,1d6+4,5.0,A
2836,48,18,7,4,1d10+4,1d6+4,42,14,7,4,1d8+4,1d6+4,9.0,A
2837,33,18,8,4,1d10+4,1d6+4,47,14,8,4,1d12+4,1d6+4,5.0,A
2838,30,14,7,4,1d10+4,1d8+4,34,16,6,4,1d10+4,1d6+4,4.0,B
2839,38,15,7,4,1d12+4,1d8+4,50,14,8,4,1d12+4,1d8+4,5.0,B
2840,30,18,5,4,1d12+4,1d8+4,35,15,8,4,1d12+4,1d6+4,2.0,A
2841,38,15,6,4,1d10+4,1d8+4,42,17,7,4,1d10+4,1d6+4,2.0,B
2842,40,18,7,4,1d8+4,1d6+4,34,17,8,4,1d10+4,1d8+4,10.0,B
2843,37,17,6,4,1d12+4,1d8+4,40,15,8,4,1d12+4,1d8+4,5.0,B
2844,50,18,8,4,1d10+4,1d6+4,40,18,8,4,1d12+4,1d8+4,10.0,A
2845,32,15,8,4,1d8+4,1d8+4,43,14,8,4,1d8+4,1d6+4,10.0,A
2846,42,15,7,4,1d10+4,1d6+4,39,15,8,4,1d10+4,1d8+4,1.0,B
2847,38,18,7,4,1d8+4,1d8+4,49,18,6,4,1d12+4,1d8+4,10.0,B
2848,42,17,7,4,1d10+4,1d8+4,48,14,6,4,1d10+4,1d6+4,8.0,A
2849,36,14,5,4,1d10+4,1d6+4,39,14,7,4,1d10+4,1d6+4,6.0,B
2850,32,14,6,4,1d10+4,1d6+4,46,15,6,4,1d12+4,1d8+4,0.0,B
2851,36,17,7,4,1d10+4,1d6+4,44,17,6,4,1d12+4,1d6+4,8.0,B
2852,35,17,5,4,1d12+4,1d8+4,41,15,6,4,1d12+4,1d8+4,9.0,B
2853,32,15,7,4,1d12+4,1d6+4,39,14,8,4,1d8+4,1d8+4,8.0,A
2854,38,14,8,4,1d10+4,1d8+4,50,18,6,4,1d12+4,1d6+4,0.0,B
2855,32,15,7,4,1d8+4,1d6+4,30,14,8,4,1d12+4,1d6+4,5.0,A
2856,36,15,7,4,1d12+4,1d8+4,48,15,8,4,1d8+4,1d8+4,5.0,B
2857,43,14,5,4,1d10+4,1d8+4,38,18,5,4,1d8+4,1d6+4,4.0,B
2858,33,16,6,4,1d8+4,1d6+4,35,16,5,4,1d8+4,1d8+4,4.0,B
2859,48,15,7,4,1d10+4,1d8+4,43,14,6,4,1d12+4,1d8+4,2.0,A
2860,41,16,5,4,1d12+4,1d6+4,46,16,7,4,1d10+4,1d6+4,6.0,B
2861,37,16,5,4,1d12+4,1d8+4,32,14,8,4,1d10+4,1d8+4,1.0,A
2862,37,16,5,4,1d10+4,1d8+4,41,18,5,4,1d8+4,1d6+4,7.0,B
2863,42,17,8,4,1d8+4,1d8+4,37,15,8,4,1d12+4,1d6+4,1.0,B
2864,33,18,8,4,1d10+4,1d8+4,35,15,8,4,1d10+4,1d6+4,3.0,B
2865,33,16,7,4,1d10+4,1d8+4,34,14,8,4,1d12+4,1d6+4,0.0,B
2866,36,15,5,4,1d12+4,1d6+4,43,17,5,4,1d12+4,1d6+4,9.0,B
2867,49,15,5,4,1d8+4,1d6+4,36,18,6,4,1d10+4,1d8+4,9.0,A
2868,34,16,5,4,1d8+4,1d8+4,41,18,5,4,1d12+4,1d8+4,10.0,B
2869,32,15,5,4,1d12+4,1d8+4,34,18,8,4,1d10+4,1d6+4,5.0,B
2870,38,15,6,4,1d12+4,1d6+4,47,17,8,4,1d10+4,1d8+4,7.0,B
2871,41,14,8,4,1d8+4,1d8+4,44,15,6,4,1d10+4,1d8+4,0.0,B
2872,39,14,8,4,1d12+4,1d6+4,38,16,8,4,1d12+4,1d8+4,0.0,A
2873,45,15,8,4,1d12+4,1d6+4,36,18,7,4,1d12+4,1d8+4,6.0,A
2874,36,17,8,4,1d10+4,1d8+4,33,18,6,4,1d8+4,1d6+4,7.0,A
2875,31,15,8,4,1d10+4,1d6+4,34,18,8,4,1d8+4,1d6+4,9.0,A
2876,37,14,7,4,1d10+4,1d8+4,48,14,7,4,1d8+4,1d8+4,8.0,A
2877,50,17,8,4,1d10+4,1d8+4,47,18,8,4,1d12+4,1d8+4,1.0,A
2878,32,16,8,4,1d8+4,1d6+4,33,18,8,4,1d10+4,1d8+4,4.0,B
2879,30,15,7,4,1d8+4,1d6+4,43,16,6,4,1d10+4,1d8+4,4.0,B
2880,35,14,6,4,1d8+4,1d6+4,37,14,8,4,1d12+4,1d6+4,2.0,B
2881,36,17,6,4,1d12+4,1d8+4,39,16,8,4,1d12+4,1d6+4,3.0,A
2882,48,14,8,4,1d10+4,1d8+4,40,18,7,4,1d8+4,1d8+4,6.0,B
2883,43,14,6,4,1d12+4,1d6+4,44,18,7,4,1d8+4,1d6+4,3.0,A
2884,44,18,5,4,1d10+4,1d8+4,46,14,7,4,1d12+4,1d8+4,10.0,A
2885,43,14,5,4,1d12+4,1d8+4,50,14,7,4,1d10+4,1d8+4,8.0,B
2886,47,18,7,4,1d12+4,1d8+4,50,14,6,4,1d8+4,1d8+4,7.0,A
2887,49,15,8,4,1d12+4,1d8+4,39,16,8,4,1d10+4,1d6+4,9.0,B
2888,50,14,6,4,1d12+4,1d8+4,43,14,8,4,1d8+4,1d6+4,2.0,A
2889,38,18,5,4,1d12+4,1d8+4,49,15,8,4,1d12+4,1d6+4,3.0,A
2890,44,14,6,4,1d8+4,1d6+4,49,18,5,4,1d12+4,1d6+4,6.0,B
2891,34,15,5,4,1d8+4,1d6+4,49,18,5,4,1d12+4,1d6+4,6.0,B
2892,37,17,7,4,1d8+4,1d6+4,35,16,6,4,1d10+4,1d6+4,2.0,A
2893,37,15,5,4,1d12+4,1d8+4,49,16,5,4,1d10+4,1d8+4,5.0,B
2894,30,16,5,4,1d12+4,1d8+4,37,15,5,4,1d8+4,1d6+4,6.0,B
2895,32,18,5,4,1d10+4,1d6+4,43,17,6,4,1d8+4,1d8+4,8.0,A
2896,47,14,8,4,1d8+4,1d8+4,42,18,6,4,1d8+4,1d8+4,3.0,B
2897,38,14,7,4,1d12+4,1d8+4,45,15,7,4,1d10+4,1d8+4,2.0,A
2898,44,15,8,4,1d10+4,1d8+4,42,15,8,4,1d10+4,1d6+4,6.0,B
2899,38,18,6,4,1d12+4,1d8+4,38,17,8,4,1d10+4,1d6+4,6.0,B
2900,38,15,8,4,1d10+4,1d8+4,40,16,7,4,1d12+4,1d8+4,3.0,B
2901,49,17,7,4,1d12+4,1d6+4,33,18,8,4,1d12+4,1d8+4,6.0,B
2902,41,17,5,4,1d10+4,1d6+4,39,14,5,4,1d12+4,1d6+4,3.0,A
2903,39,14,6,4,1d8+4,1d8+4,39,14,7,4,1d12+4,1d6+4,0.0,A
2904,39,15,6,4,1d12+4,1d8+4,31,18,5,4,1d10+4,1d6+4,7.0,A
2905,37,17,5,4,1d8+4,1d6+4,36,18,8,4,1d10+4,1d6+4,10.0,A
2906,45,17,8,4,1d10+4,1d8+4,42,15,6,4,1d10+4,1d6+4,3.0,B
2907,40,15,6,4,1d8+4,1d6+4,32,15,7,4,1d8+4,1d8+4,9.0,A
2908,34,14,8,4,1d12+4,1d8+4,44,15,7,4,1d8+4,1d8+4,6.0,B
2909,41,16,7,4,1d12+4,1d8+4,35,16,5,4,1d10+4,1d8+4,7.0,B
2910,45,15,6,4,1d12+4,1d8+4,31,17,8,4,1d8+4,1d8+4,6.0,A
2911,43,17,8,4,1d12+4,1d8+4,48,18,8,4,1d10+4,1d6+4,5.0,A
2912,44,18,5,4,1d8+4,1d8+4,41,16,7,4,1d10+4,1d6+4,8.0,A
2913,32,18,6,4,1d8+4,1d6+4,45,15,7,4,1d12+4,1d6+4,1.0,A
2914,33,14,6,4,1d10+4,1d6+4,37,14,6,4,1d12+4,1d6+4,2.0,B
2915,42,14,7,4,1d12+4,1d8+4,36,18,7,4,1d10+4,1d8+4,5.0,A
2916,48,14,6,4,1d12+4,1d8+4,30,16,8,4,1d12+4,1d6+4,1.0,A
2917,33,16,8,4,1d12+4,1d6+4,50,18,7,4,1d8+4,1d8+4,6.0,A
2918,36,18,8,4,1d10+4,1d6+4,38,18,6,4,1d12+4,1d8+4,10.0,A
2919,41,17,5,4,1d12+4,1d6+4,31,14,8,4,1d12+4,1d6+4,6.0,A
2920,38,18,5,4,1d12+4,1d6+4,37,15,7,4,1d12+4,1d8+4,10.0,A
2921,39,16,6,4,1d12+4,1d6+4,39,14,8,4,1d8+4,1d8+4,7.0,B
2922,39,14,7,4,1d8+4,1d8+4,41,15,7,4,1d8+4,1d6+4,3.0,B
2923,30,17,6,4,1d10+4,1d6+4,38,14,5,4,1d12+4,1d6+4,4.0,B
2924,39,18,7,4,1d8+4,1d6+4,37,17,6,4,1d12+4,1d8+4,10.0,A
2925,31,16,8,4,1d12+4,1d6+4,46,18,5,4,1d10+4,1d8+4,10.0,A
2926,43,18,7,4,1d8+4,1d8+4,37,17,7,4,1d10+4,1d8+4,4.0,A
2927,37,14,7,4,1d12+4,1d8+4,48,16,8,4,1d12+4,1d8+4,3.0,B
2928,33,16,8,4,1d10+4,1d6+4,44,15,5,4,1d8+4,1d8+4,7.0,A
2929,50,14,7,4,1d8+4,1d6+4,47,15,7,4,1d12+4,1d6+4,1.0,B
2930,43,14,5,4,1d10+4,1d8+4,48,17,6,4,1d8+4,1d6+4,3.0,A
2931,30,16,5,4,1d10+4,1d8+4,37,15,7,4,1d12+4,1d6+4,0.0,B
2932,31,17,7,4,1d8+4,1d6+4,40,14,6,4,1d10+4,1d6+4,3.0,A
2933,37,17,5,4,1d8+4,1d8+4,30,18,5,4,1d12+4,1d6+4,6.0,B
2934,39,15,5,4,1d12+4,1d6+4,46,14,5,4,1d8+4,1d8+4,1.0,A
2935,33,18,5,4,1d8+4,1d8+4,39,14,8,4,1d10+4,1d8+4,2.0,B
2936,31,15,5,4,1d8+4,1d8+4,33,17,7,4,1d10+4,1d8+4,2.0,B
2937,35,15,7,4,1d10+4,1d8+4,49,18,6,4,1d10+4,1d6+4,1.0,B
2938,40,18,5,4,1d8+4,1d6+4,34,14,6,4,1d12+4,1d8+4,8.0,A
2939,48,18,8,4,1d10+4,1d6+4,30,15,6,4,1d12+4,1d6+4,8.0,A
2940,35,18,6,4,1d10+4,1d8+4,44,18,8,4,1d8+4,1d6+4,5.0,A
2941,32,15,6,4,1d12+4,1d6+4,40,15,5,4,1d8+4,1d8+4,5.0,B
2942,36,15,8,4,1d12+4,1d6+4,50,17,6,4,1d10+4,1d6+4,7.0,A
2943,36,15,8,4,1d8+4,1d8+4,35,15,6,4,1d10+4,1d8+4,0.0,B
2944,43,18,6,4,1d10+4,1d8+4,33,18,5,4,1d10+4,1d8+4,6.0,A
2945,40,18,7,4,1d12+4,1d6+4,41,14,8,4,1d10+4,1d6+4,1.0,A
2946,31,17,5,4,1d12+4,1d8+4,38,17,5,4,1d10+4,1d6+4,3.0,B
2947,36,14,8,4,1d12+4,1d8+4,30,14,8,4,1d10+4,1d6+4,10.0,A
2948,44,16,5,4,1d12+4,1d8+4,47,17,8,4,1d12+4,1d8+4,4.0,A
2949,47,16,8,4,1d12+4,1d6+4,37,18,8,4,1d12+4,1d6+4,5.0,B
2950,39,14,7,4,1d12+4,1d8+4,45,16,7,4,1d8+4,1d8+4,9.0,B
2951,36,14,7,4,1d10+4,1d8+4,39,14,5,4,1d10+4,1d6+4,1.0,A
2952,40,18,7,4,1d10+4,1d6+4,49,17,5,4,1d8+4,1d6+4,7.0,B
2953,31,15,5,4,1d8+4,1d6+4,37,15,5,4,1d8+4,1d6+4,1.0,B
2954,39,16,5,4,1d12+4,1d8+4,40,18,8,4,1d8+4,1d8+4,0.0,B
2955,39,15,8,4,1d8+4,1d8+4,32,17,8,4,1d8+4,1d8+4,4.0,A
2956,46,18,6,4,1d12+4,1d6+4,35,14,5,4,1d10+4,1d6+4,9.0,B
2957,30,15,7,4,1d10+4,1d6+4,44,15,5,4,1d12+4,1d8+4,9.0,B
2958,43,18,5,4,1d8+4,1d6+4,34,18,8,4,1d12+4,1d8+4,5.0,A
2959,39,18,5,4,1d10+4,1d8+4,34,17,7,4,1d10+4,1d8+4,5.0,B
2960,31,16,8,4,1d10+4,1d6+4,45,14,8,4,1d8+4,1d8+4,8.0,B
2961,37,16,5,4,1d12+4,1d8+4,38,17,8,4,1d8+4,1d6+4,2.0,A
2962,43,17,8,4,1d12+4,1d6+4,32,18,8,4,1d12+4,1d6+4,10.0,A
2963,45,17,7,4,1d12+4,1d8+4,32,18,7,4,1d8+4,1d6+4,6.0,A
2964,35,14,8,4,1d12+4,1d8+4,39,15,5,4,1d8+4,1d8+4,3.0,B
2965,34,18,5,4,1d10+4,1d8+4,40,18,7,4,1d8+4,1d6+4,2.0,B
2966,37,15,8,4,1d8+4,1d8+4,39,14,8,4,1d10+4,1d6+4,9.0,A
2967,50,14,8,4,1d8+4,1d6+4,35,16,5,4,1d12+4,1d8+4,10.0,A
2968,37,14,5,4,1d12+4,1d8+4,45,17,5,4,1d12+4,1d6+4,10.0,B
2969,46,16,8,4,1d12+4,1d6+4,47,15,5,4,1d8+4,1d6+4,5.0,A
2970,47,17,8,4,1d8+4,1d8+4,45,16,6,4,1d12+4,1d8+4,5.0,A
2971,39,18,7,4,1d8+4,1d8+4,48,14,5,4,1d12+4,1d6+4,7.0,B
2972,43,14,6,4,1d10+4,1d8+4,47,16,7,4,1d8+4,1d6+4,3.0,B
2973,41,14,8,4,1d10+4,1d8+4,41,15,7,4,1d12+4,1d6+4,1.0,A
2974,35,15,5,4,1d10+4,1d8+4,45,14,5,4,1d10+4,1d6+4,6.0,B
2975,38,15,6,4,1d12+4,1d6+4,40,18,6,4,1d10+4,1d6+4,7.0,A
2976,41,15,7,4,1d8+4,1d8+4,40,17,5,4,1d8+4,1d6+4,10.0,B
2977,45,17,7,4,1d8+4,1d6+4,38,14,5,4,1d12+4,1d6+4,10.0,A
2978,31,15,5,4,1d12+4,1d6+4,42,18,6,4,1d10+4,1d6+4,0.0,B
2979,45,18,8,4,1d12+4,1d8+4,41,17,8,4,1d10+4,1d8+4,8.0,A
2980,49,16,6,4,1d10+4,1d8+4,34,15,5,4,1d8+4,1d8+4,5.0,A
2981,37,18,5,4,1d10+4,1d8+4,49,16,6,4,1d8+4,1d8+4,1.0,B
2982,45,16,5,4,1d8+4,1d8+4,43,16,6,4,1d10+4,1d6+4,6.0,A
2983,32,16,6,4,1d12+4,1d6+4,50,18,6,4,1d8+4,1d8+4,6.0,B
2984,38,16,5,4,1d8+4,1d6+4,44,16,5,4,1d12+4,1d8+4,6.0,A
2985,31,14,7,4,1d10+4,1d8+4,49,14,6,4,1d12+4,1d8+4,6.0,B
2986,41,14,6,4,1d10+4,1d6+4,41,18,6,4,1d12+4,1d6+4,4.0,A
2987,47,14,6,4,1d8+4,1d6+4,48,17,5,4,1d8+4,1d6+4,7.0,A
2988,34,15,8,4,1d10+4,1d8+4,40,15,5,4,1d12+4,1d6+4,10.0,B
2989,34,15,7,4,1d10+4,1d8+4,37,15,5,4,1d12+4,1d6+4,4.0,B
2990,32,18,7,4,1d8+4,1d6+4,38,17,7,4,1d10+4,1d6+4,10.0,B
2991,46,15,7,4,1d8+4,1d8+4,39,17,7,4,1d10+4,1d8+4,3.0,A
2992,33,16,5,4,1d12+4,1d6+4,32,18,7,4,1d12+4,1d8+4,10.0,B
2993,31,15,6,4,1d12+4,1d6+4,36,18,5,4,1d8+4,1d6+4,6.0,B
2994,48,16,8,4,1d10+4,1d6+4,44,18,8,4,1d8+4,1d8+4,3.0,A
2995,33,18,6,4,1d8+4,1d8+4,40,16,7,4,1d10+4,1d8+4,5.0,B
2996,43,16,7,4,1d8+4,1d6+4,37,16,6,4,1d10+4,1d8+4,8.0,A
2997,30,18,5,4,1d12+4,1d8+4,48,14,5,4,1d8+4,1d6+4,9.0,A
2998,42,17,5,4,1d10+4,1d8+4,32,16,5,4,1d12+4,1d8+4,2.0,A
2999,32,17,8,4,1d12+4,1d8+4,30,16,6,4,1d8+4,1d8+4,5.0,B
3000,38,18,6,4,1d8+4,1d6+4,49,15,5,4,1d10+4,1d6+4,0.0,A
3001,44,17,6,4,1d12+4,1d8+4,30,15,8,4,1d12+4,1d6+4,5.0,A
3002,32,14,5,4,1d8+4,1d6+4,37,18,6,4,1d10+4,1d8+4,0.0,B
3003,46,16,8,4,1d8+4,1d8+4,45,18,5,4,1d10+4,1d8+4,10.0,B
3004,35,18,6,4,1d12+4,1d8+4,49,16,6,4,1d12+4,1d8+4,3.0,B
3005,44,14,7,4,1d12+4,1d6+4,43,14,6,4,1d12+4,1d6+4,5.0,A
3006,36,14,7,4,1d8+4,1d8+4,48,15,6,4,1d12+4,1d6+4,3.0,B
3007,36,18,7,4,1d10+4,1d8+4,44,17,6,4,1d8+4,1d8+4,7.0,A
3008,46,14,8,4,1d12+4,1d8+4,32,16,5,4,1d10+4,1d8+4,7.0,A
3009,40,16,6,4,1d10+4,1d8+4,36,18,7,4,1d12+4,1d6+4,9.0,A
3010,38,17,6,4,1d10+4,1d8+4,38,18,7,4,1d8+4,1d8+4,10.0,A
3011,38,14,6,4,1d10+4,1d6+4,30,18,6,4,1d10+4,1d8+4,7.0,B
3012,39,14,6,4,1d8+4,1d8+4,38,18,7,4,1d12+4,1d6+4,9.0,B
3013,32,14,8,4,1d8+4,1d6+4,42,14,8,4,1d12+4,1d6+4,0.0,A
3014,34,17,8,4,1d12+4,1d6+4,38,16,8,4,1d10+4,1d8+4,9.0,B
3015,47,15,5,4,1d10+4,1d6+4,30,16,8,4,1d12+4,1d8+4,5.0,A
3016,30,14,8,4,1d12+4,1d6+4,47,17,5,4,1d12+4,1d8+4,8.0,A
3017,33,14,6,4,1d12+4,1d8+4,49,17,5,4,1d8+4,1d6+4,4.0,A
3018,40,14,7,4,1d10+4,1d6+4,48,17,7,4,1d12+4,1d8+4,2.0,B
3019,34,14,6,4,1d12+4,1d8+4,50,15,5,4,1d12+4,1d8+4,2.0,B
3020,36,18,6,4,1d10+4,1d6+4,50,16,5,4,1d10+4,1d6+4,8.0,A
3021,50,14,6,4,1d10+4,1d8+4,40,16,7,4,1d10+4,1d6+4,7.0,A
3022,32,17,6,4,1d8+4,1d8+4,34,14,6,4,1d12+4,1d8+4,0.0,A
3023,44,18,6,4,1d12+4,1d8+4,48,15,5,4,1d8+4,1d8+4,7.0,A
3024,48,15,7,4,1d12+4,1d8+4,41,17,6,4,1d10+4,1d6+4,0.0,A
3025,44,17,6,4,1d10+4,1d6+4,32,17,7,4,1d10+4,1d6+4,7.0,B
3026,50,14,5,4,1d12+4,1d8+4,44,17,8,4,1d12+4,1d8+4,3.0,B
3027,31,18,8,4,1d10+4,1d8+4,31,18,8,4,1d8+4,1d8+4,10.0,A
3028,39,18,8,4,1d10+4,1d8+4,38,17,5,4,1d12+4,1d6+4,1.0,A
3029,41,16,6,4,1d8+4,1d8+4,36,16,5,4,1d8+4,1d6+4,2.0,B
3030,48,18,8,4,1d12+4,1d6+4,38,16,8,4,1d8+4,1d6+4,5.0,A
3031,49,17,7,4,1d12+4,1d8+4,38,14,6,4,1d12+4,1d8+4,9.0,A
3032,40,15,8,4,1d10+4,1d6+4,45,17,6,4,1d10+4,1d8+4,4.0,A
3033,32,17,7,4,1d12+4,1d6+4,43,15,5,4,1d12+4,1d8+4,0.0,B
3034,35,18,6,4,1d10+4,1d8+4,33,18,5,4,1d10+4,1d6+4,8.0,B
3035,40,18,6,4,1d8+4,1d8+4,42,15,5,4,1d8+4,1d6+4,1.0,B
3036,44,16,5,4,1d8+4,1d6+4,37,14,8,4,1d8+4,1d6+4,4.0,A
3037,31,16,6,4,1d10+4,1d6+4,34,14,7,4,1d8+4,1d6+4,4.0,B
3038,37,16,8,4,1d8+4,1d8+4,41,14,8,4,1d8+4,1d6+4,4.0,A
3039,38,18,7,4,1d12+4,1d6+4,38,17,8,4,1d12+4,1d8+4,3.0,B
3040,49,17,8,4,1d8+4,1d6+4,42,15,8,4,1d10+4,1d6+4,4.0,A
3041,35,14,6,4,1d8+4,1d6+4,34,17,6,4,1d8+4,1d6+4,5.0,A
3042,41,17,7,4,1d10+4,1d6+4,40,18,7,4,1d10+4,1d6+4,5.0,A
3043,35,15,6,4,1d12+4,1d6+4,45,18,8,4,1d12+4,1d6+4,2.0,B
3044,38,18,7,4,1d12+4,1d6+4,40,16,5,4,1d10+4,1d8+4,7.0,B
3045,34,18,5,4,1d8+4,1d8+4,50,18,5,4,1d8+4,1d8+4,10.0,B
3046,39,18,7,4,1d12+4,1d8+4,49,16,8,4,1d10+4,1d6+4,5.0,B
3047,42,18,5,4,1d12+4,1d8+4,45,16,5,4,1d8+4,1d6+4,0.0,A
3048,32,15,6,4,1d12+4,1d6+4,48,18,7,4,1d10+4,1d8+4,3.0,B
3049,50,14,7,4,1d10+4,1d6+4,32,14,6,4,1d8+4,1d6+4,2.0,A
3050,30,18,7,4,1d10+4,1d6+4,48,18,7,4,1d10+4,1d8+4,5.0,B
3051,45,16,5,4,1d10+4,1d6+4,46,17,6,4,1d10+4,1d6+4,10.0,A
3052,42,15,8,4,1d8+4,1d8+4,48,18,6,4,1d10+4,1d6+4,7.0,B
3053,38,17,5,4,1d8+4,1d8+4,43,14,7,4,1d12+4,1d8+4,3.0,A
3054,38,15,7,4,1d10+4,1d8+4,48,14,5,4,1d12+4,1d8+4,1.0,B
3055,33,14,6,4,1d10+4,1d8+4,38,16,8,4,1d10+4,1d6+4,8.0,A
3056,48,17,5,4,1d10+4,1d6+4,31,15,8,4,1d8+4,1d6+4,7.0,A
3057,40,14,6,4,1d10+4,1d8+4,39,18,7,4,1d12+4,1d8+4,6.0,B
3058,35,14,6,4,1d8+4,1d8+4,42,18,7,4,1d12+4,1d8+4,8.0,B
3059,47,14,8,4,1d8+4,1d8+4,50,15,6,4,1d12+4,1d6+4,9.0,A
3060,50,16,6,4,1d12+4,1d8+4,32,16,6,4,1d12+4,1d6+4,0.0,A
3061,39,14,6,4,1d8+4,1d6+4,38,17,5,4,1d12+4,1d8+4,8.0,B
3062,34,18,7,4,1d8+4,1d8+4,42,17,8,4,1d8+4,1d6+4,7.0,B
3063,50,18,5,4,1d10+4,1d8+4,43,18,8,4,1d8+4,1d8+4,1.0,A
3064,43,14,6,4,1d10+4,1d6+4,40,15,7,4,1d12+4,1d8+4,10.0,B
3065,33,15,7,4,1d8+4,1d8+4,37,17,7,4,1d8+4,1d8+4,5.0,A
3066,47,18,8,4,1d10+4,1d6+4,37,17,7,4,1d8+4,1d6+4,5.0,A
3067,31,17,6,4,1d8+4,1d6+4,44,14,7,4,1d8+4,1d8+4,10.0,A
3068,50,14,6,4,1d8+4,1d8+4,34,18,7,4,1d12+4,1d6+4,6.0,A
3069,49,16,6,4,1d8+4,1d6+4,49,18,7,4,1d10+4,1d8+4,9.0,B
3070,43,16,6,4,1d8+4,1d8+4,32,15,8,4,1d8+4,1d6+4,0.0,B
3071,50,18,8,4,1d8+4,1d6+4,49,14,5,4,1d8+4,1d6+4,3.0,A
3072,47,15,8,4,1d12+4,1d8+4,50,18,8,4,1d10+4,1d6+4,9.0,A
3073,45,17,7,4,1d10+4,1d8+4,31,17,8,4,1d8+4,1d8+4,3.0,A
3074,47,18,5,4,1d8+4,1d8+4,49,14,8,4,1d12+4,1d6+4,1.0,A
3075,34,16,6,4,1d10+4,1d6+4,32,18,7,4,1d10+4,1d6+4,0.0,A
3076,48,16,8,4,1d8+4,1d6+4,34,18,7,4,1d12+4,1d8+4,0.0,A
3077,42,14,5,4,1d10+4,1d8+4,35,16,7,4,1d10+4,1d8+4,4.0,B
3078,49,16,5,4,1d10+4,1d6+4,30,16,7,4,1d8+4,1d8+4,0.0,A
3079,41,15,6,4,1d8+4,1d8+4,44,18,8,4,1d10+4,1d8+4,9.0,B
3080,32,18,6,4,1d12+4,1d8+4,33,18,6,4,1d8+4,1d6+4,6.0,A
3081,31,17,5,4,1d8+4,1d6+4,41,16,7,4,1d8+4,1d8+4,6.0,B
3082,40,16,8,4,1d10+4,1d8+4,42,14,7,4,1d10+4,1d6+4,7.0,A
3083,40,15,6,4,1d12+4,1d8+4,41,14,6,4,1d10+4,1d8+4,7.0,A
3084,47,14,8,4,1d12+4,1d8+4,46,14,7,4,1d10+4,1d6+4,4.0,A
3085,40,17,5,4,1d8+4,1d6+4,36,18,5,4,1d12+4,1d6+4,3.0,B
3086,34,15,5,4,1d12+4,1d6+4,33,16,5,4,1d12+4,1d6+4,4.0,A
3087,40,18,5,4,1d10+4,1d8+4,45,15,5,4,1d10+4,1d6+4,4.0,B
3088,43,18,8,4,1d10+4,1d6+4,38,16,7,4,1d8+4,1d8+4,6.0,A
3089,31,14,6,4,1d8+4,1d6+4,31,18,5,4,1d10+4,1d6+4,3.0,A
3090,47,16,7,4,1d12+4,1d8+4,50,16,5,4,1d12+4,1d6+4,7.0,A
3091,48,16,6,4,1d8+4,1d8+4,36,17,8,4,1d8+4,1d8+4,7.0,B
3092,49,15,7,4,1d12+4,1d8+4,46,16,5,4,1d8+4,1d8+4,3.0,B
3093,42,18,8,4,1d10+4,1d8+4,41,17,6,4,1d8+4,1d6+4,0.0,B
3094,33,16,8,4,1d8+4,1d8+4,44,18,5,4,1d12+4,1d8+4,6.0,B
3095,38,18,7,4,1d12+4,1d6+4,50,18,7,4,1d12+4,1d6+4,4.0,B
3096,50,18,5,4,1d12+4,1d6+4,33,16,8,4,1d8+4,1d6+4,3.0,A
3097,46,16,5,4,1d12+4,1d8+4,46,17,8,4,1d12+4,1d8+4,2.0,A
3098,47,17,7,4,1d8+4,1d8+4,39,18,7,4,1d8+4,1d8+4,5.0,B
3099,47,18,8,4,1d8+4,1d6+4,43,15,7,4,1d8+4,1d8+4,8.0,A
3100,35,18,6,4,1d8+4,1d6+4,44,18,6,4,1d10+4,1d8+4,4.0,B
3101,41,14,5,4,1d8+4,1d8+4,37,14,5,4,1d12+4,1d8+4,9.0,A
3102,48,15,6,4,1d8+4,1d8+4,37,15,8,4,1d12+4,1d8+4,0.0,B
3103,30,15,6,4,1d12+4,1d8+4,47,14,6,4,1d12+4,1d8+4,2.0,B
3104,36,14,8,4,1d12+4,1d6+4,35,18,5,4,1d8+4,1d8+4,2.0,A
3105,34,16,7,4,1d12+4,1d8+4,39,16,7,4,1d8+4,1d6+4,10.0,A
3106,45,16,6,4,1d12+4,1d8+4,35,14,7,4,1d12+4,1d8+4,10.0,A
3107,35,17,5,4,1d8+4,1d8+4,48,16,5,4,1d10+4,1d6+4,3.0,A
3108,47,16,6,4,1d8+4,1d6+4,47,18,8,4,1d10+4,1d6+4,3.0,B
3109,47,16,7,4,1d10+4,1d8+4,33,14,6,4,1d8+4,1d8+4,3.0,A
3110,38,16,7,4,1d10+4,1d8+4,46,16,5,4,1d8+4,1d8+4,8.0,B
3111,33,16,6,4,1d12+4,1d6+4,33,17,7,4,1d8+4,1d8+4,7.0,B
3112,36,18,8,4,1d12+4,1d6+4,42,15,7,4,1d8+4,1d8+4,3.0,B
3113,31,16,8,4,1d8+4,1d8+4,50,18,5,4,1d8+4,1d8+4,10.0,B
3114,33,15,6,4,1d8+4,1d6+4,46,14,6,4,1d12+4,1d6+4,2.0,B
3115,43,14,8,4,1d10+4,1d6+4,31,18,7,4,1d10+4,1d6+4,4.0,B
3116,37,16,5,4,1d8+4,1d8+4,45,14,5,4,1d12+4,1d8+4,3.0,A
3117,38,15,7,4,1d10+4,1d8+4,38,16,6,4,1d12+4,1d6+4,1.0,A
3118,35,15,8,4,1d8+4,1d6+4,31,17,6,4,1d12+4,1d8+4,0.0,A
3119,37,17,8,4,1d12+4,1d8+4,42,18,8,4,1d12+4,1d8+4,4.0,A
3120,36,17,6,4,1d10+4,1d6+4,30,17,8,4,1d12+4,1d6+4,1.0,A
3121,49,14,8,4,1d12+4,1d6+4,40,15,7,4,1d8+4,1d8+4,3.0,A
3122,30,18,5,4,1d10+4,1d6+4,47,17,7,4,1d12+4,1d6+4,4.0,B
3123,31,16,7,4,1d8+4,1d6+4,47,15,8,4,1d12+4,1d6+4,5.0,B
3124,34,16,5,4,1d10+4,1d6+4,47,16,7,4,1d8+4,1d8+4,4.0,A
3125,39,16,6,4,1d8+4,1d6+4,49,18,6,4,1d12+4,1d6+4,4.0,B
3126,44,14,8,4,1d10+4,1d8+4,50,14,6,4,1d10+4,1d8+4,9.0,A
3127,32,18,8,4,1d8+4,1d6+4,32,14,7,4,1d8+4,1d8+4,2.0,B
3128,39,14,7,4,1d8+4,1d6+4,31,16,8,4,1d10+4,1d8+4,2.0,A
3129,35,16,5,4,1d8+4,1d8+4,32,16,8,4,1d12+4,1d6+4,1.0,B
3130,39,17,7,4,1d8+4,1d8+4,46,15,7,4,1d8+4,1d6+4,7.0,A
3131,46,16,7,4,1d8+4,1d8+4,41,16,7,4,1d10+4,1d6+4,0.0,A
3132,37,17,6,4,1d12+4,1d8+4,41,15,7,4,1d12+4,1d6+4,3.0,A
3133,37,16,6,4,1d10+4,1d8+4,50,16,7,4,1d8+4,1d8+4,5.0,B
3134,49,14,8,4,1d10+4,1d6+4,41,18,6,4,1d12+4,1d8+4,9.0,A
3135,43,14,5,4,1d10+4,1d6+4,47,15,5,4,1d8+4,1d6+4,4.0,A
3136,42,17,6,4,1d8+4,1d6+4,39,14,7,4,1d10+4,1d6+4,10.0,A
3137,31,16,5,4,1d8+4,1d6+4,46,16,8,4,1d10+4,1d8+4,9.0,B
3138,46,14,6,4,1d10+4,1d8+4,43,18,7,4,1d10+4,1d8+4,9.0,B
3139,50,18,8,4,1d12+4,1d6+4,47,17,5,4,1d8+4,1d8+4,8.0,A
3140,48,18,5,4,1d8+4,1d6+4,46,17,5,4,1d12+4,1d6+4,2.0,B
3141,32,14,7,4,1d10+4,1d6+4,50,18,7,4,1d8+4,1d8+4,8.0,B
3142,43,15,7,4,1d10+4,1d6+4,43,17,7,4,1d10+4,1d8+4,6.0,A
3143,36,14,7,4,1d10+4,1d8+4,45,15,7,4,1d10+4,1d6+4,8.0,A
3144,45,14,8,4,1d8+4,1d8+4,36,15,8,4,1d12+4,1d6+4,0.0,A
3145,47,16,8,4,1d10+4,1d6+4,42,17,6,4,1d8+4,1d6+4,9.0,A
3146,39,14,6,4,1d8+4,1d8+4,32,17,7,4,1d10+4,1d8+4,1.0,B
3147,33,14,7,4,1d10+4,1d8+4,40,16,8,4,1d10+4,1d6+4,8.0,B
3148,49,16,5,4,1d8+4,1d6+4,32,17,5,4,1d10+4,1d6+4,6.0,A
3149,41,14,7,4,1d10+4,1d6+4,30,16,6,4,1d8+4,1d8+4,0.0,A
3150,32,18,5,4,1d8+4,1d8+4,38,14,5,4,1d12+4,1d6+4,6.0,A
3151,36,16,7,4,1d8+4,1d8+4,38,14,8,4,1d12+4,1d8+4,5.0,B
3152,35,16,6,4,1d12+4,1d6+4,45,15,6,4,1d12+4,1d8+4,9.0,A
3153,43,16,6,4,1d8+4,1d8+4,41,16,7,4,1d8+4,1d6+4,1.0,A
3154,49,18,6,4,1d12+4,1d8+4,44,15,5,4,1d10+4,1d8+4,0.0,A
3155,50,16,8,4,1d10+4,1d8+4,50,17,7,4,1d8+4,1d6+4,2.0,A
3156,30,18,5,4,1d10+4,1d8+4,36,15,8,4,1d10+4,1d6+4,5.0,B
3157,34,15,5,4,1d10+4,1d8+4,31,14,8,4,1d12+4,1d6+4,1.0,B
3158,33,14,8,4,1d12+4,1d6+4,33,16,6,4,1d10+4,1d6+4,9.0,A
3159,35,15,6,4,1d12+4,1d6+4,43,18,6,4,1d10+4,1d6+4,10.0,B
3160,45,18,5,4,1d8+4,1d8+4,39,15,8,4,1d10+4,1d8+4,4.0,A
3161,48,16,7,4,1d10+4,1d6+4,41,16,8,4,1d8+4,1d6+4,7.0,A
3162,46,14,8,4,1d12+4,1d6+4,45,18,5,4,1d8+4,1d8+4,2.0,A
3163,39,14,5,4,1d10+4,1d6+4,46,14,7,4,1d8+4,1d8+4,0.0,A
3164,36,17,8,4,1d12+4,1d8+4,32,17,6,4,1d12+4,1d6+4,9.0,B
3165,32,18,8,4,1d10+4,1d6+4,45,14,8,4,1d8+4,1d8+4,2.0,A
3166,46,14,7,4,1d10+4,1d6+4,47,15,6,4,1d10+4,1d6+4,10.0,B
3167,46,18,7,4,1d12+4,1d8+4,39,17,7,4,1d10+4,1d8+4,4.0,A
3168,49,18,5,4,1d12+4,1d8+4,46,18,8,4,1d10+4,1d8+4,3.0,A
3169,32,18,6,4,1d10+4,1d8+4,48,16,7,4,1d12+4,1d6+4,5.0,B
3170,48,15,6,4,1d8+4,1d8+4,36,14,8,4,1d12+4,1d6+4,6.0,A
3171,30,15,8,4,1d8+4,1d8+4,48,15,7,4,1d8+4,1d8+4,8.0,B
3172,48,17,6,4,1d8+4,1d8+4,44,15,6,4,1d12+4,1d8+4,9.0,A
3173,47,17,7,4,1d10+4,1d8+4,39,14,6,4,1d8+4,1d8+4,0.0,A
3174,43,18,6,4,1d12+4,1d6+4,46,14,8,4,1d10+4,1d6+4,6.0,A
3175,44,16,5,4,1d12+4,1d8+4,40,18,7,4,1d12+4,1d6+4,3.0,B
3176,49,17,6,4,1d8+4,1d6+4,44,16,6,4,1d10+4,1d6+4,5.0,A
3177,38,14,8,4,1d10+4,1d8+4,40,18,8,4,1d10+4,1d8+4,1.0,B
3178,38,18,6,4,1d8+4,1d8+4,31,16,6,4,1d8+4,1d8+4,2.0,A
3179,47,14,7,4,1d8+4,1d8+4,44,14,5,4,1d8+4,1d6+4,4.0,B
3180,30,14,6,4,1d12+4,1d8+4,41,15,7,4,1d12+4,1d8+4,1.0,A
3181,49,16,7,4,1d8+4,1d6+4,35,14,8,4,1d8+4,1d6+4,4.0,A
3182,41,17,8,4,1d10+4,1d8+4,42,14,7,4,1d10+4,1d8+4,2.0,B
3183,37,16,7,4,1d8+4,1d8+4,41,14,8,4,1d10+4,1d8+4,0.0,B
3184,47,14,8,4,1d8+4,1d6+4,39,14,7,4,1d12+4,1d8+4,1.0,B
3185,47,16,6,4,1d8+4,1d6+4,44,17,6,4,1d8+4,1d8+4,7.0,A
3186,39,15,5,4,1d10+4,1d8+4,36,14,6,4,1d8+4,1d8+4,2.0,B
3187,42,15,6,4,1d12+4,1d8+4,41,17,8,4,1d8+4,1d6+4,6.0,B
3188,30,14,7,4,1d10+4,1d8+4,41,17,7,4,1d10+4,1d6+4,4.0,A
3189,43,14,6,4,1d10+4,1d8+4,44,15,5,4,1d10+4,1d6+4,5.0,A
3190,30,15,8,4,1d8+4,1d6+4,43,18,7,4,1d12+4,1d8+4,2.0,B
3191,35,17,7,4,1d10+4,1d8+4,47,17,6,4,1d12+4,1d8+4,3.0,B
3192,33,15,7,4,1d10+4,1d8+4,39,18,5,4,1d12+4,1d6+4,9.0,B
3193,44,14,8,4,1d8+4,1d6+4,46,16,7,4,1d8+4,1d6+4,0.0,B
3194,45,18,7,4,1d12+4,1d8+4,38,16,8,4,1d10+4,1d8+4,9.0,B
3195,35,17,7,4,1d10+4,1d6+4,30,17,7,4,1d12+4,1d6+4,10.0,B
3196,46,17,8,4,1d10+4,1d6+4,30,15,6,4,1d12+4,1d8+4,5.0,A
3197,38,17,7,4,1d12+4,1d8+4,30,17,8,4,1d8+4,1d6+4,6.0,B
3198,49,15,8,4,1d10+4,1d8+4,31,17,7,4,1d10+4,1d8+4,5.0,B
3199,38,18,6,4,1d8+4,1d6+4,49,17,6,4,1d12+4,1d8+4,0.0,A
3200,40,16,8,4,1d8+4,1d6+4,37,16,7,4,1d10+4,1d6+4,4.0,A
3201,33,15,5,4,1d8+4,1d8+4,31,14,7,4,1d8+4,1d6+4,3.0,A
3202,30,16,8,4,1d10+4,1d6+4,39,15,8,4,1d12+4,1d8+4,5.0,B
3203,40,18,8,4,1d10+4,1d8+4,35,14,7,4,1d12+4,1d6+4,2.0,A
3204,41,15,8,4,1d8+4,1d8+4,30,18,8,4,1d10+4,1d6+4,2.0,B
3205,38,18,7,4,1d8+4,1d6+4,34,14,8,4,1d8+4,1d6+4,7.0,A
3206,44,14,8,4,1d12+4,1d6+4,38,15,7,4,1d12+4,1d6+4,7.0,B
3207,49,18,7,4,1d8+4,1d6+4,41,18,5,4,1d8+4,1d6+4,8.0,B
3208,42,17,5,4,1d12+4,1d8+4,33,18,5,4,1d8+4,1d8+4,1.0,A
3209,38,15,7,4,1d8+4,1d6+4,44,18,7,4,1d12+4,1d8+4,7.0,B
3210,42,16,5,4,1d8+4,1d6+4,48,15,8,4,1d10+4,1d6+4,5.0,B
3211,35,16,7,4,1d8+4,1d8+4,44,14,5,4,1d12+4,1d8+4,1.0,B
3212,43,14,6,4,1d8+4,1d6+4,48,17,6,4,1d12+4,1d6+4,4.0,B
3213,35,14,7,4,1d10+4,1d8+4,49,15,7,4,1d10+4,1d8+4,2.0,B
3214,50,17,8,4,1d8+4,1d6+4,43,17,8,4,1d10+4,1d6+4,6.0,B
3215,46,16,6,4,1d12+4,1d8+4,35,14,8,4,1d12+4,1d6+4,6.0,A
3216,37,15,5,4,1d10+4,1d8+4,37,15,7,4,1d8+4,1d8+4,6.0,B
3217,33,17,7,4,1d8+4,1d6+4,36,17,8,4,1d8+4,1d6+4,10.0,B
3218,45,16,7,4,1d12+4,1d6+4,42,18,6,4,1d8+4,1d8+4,3.0,B
3219,48,15,6,4,1d8+4,1d8+4,37,15,8,4,1d12+4,1d8+4,8.0,B
3220,41,14,5,4,1d12+4,1d6+4,43,18,6,4,1d12+4,1d6+4,6.0,B
3221,34,18,6,4,1d10+4,1d6+4,48,15,7,4,1d12+4,1d8+4,0.0,B
3222,30,18,5,4,1d8+4,1d8+4,30,14,5,4,1d8+4,1d6+4,8.0,B
3223,49,18,7,4,1d8+4,1d6+4,31,16,5,4,1d12+4,1d6+4,6.0,A
3224,40,15,8,4,1d8+4,1d6+4,39,14,7,4,1d10+4,1d8+4,2.0,A
3225,48,16,6,4,1d12+4,1d6+4,36,15,7,4,1d10+4,1d8+4,7.0,A
3226,40,14,8,4,1d12+4,1d6+4,42,18,8,4,1d10+4,1d6+4,0.0,A
3227,34,14,6,4,1d12+4,1d8+4,39,15,8,4,1d12+4,1d8+4,5.0,B
3228,34,15,7,4,1d12+4,1d8+4,44,17,7,4,1d10+4,1d6+4,5.0,B
3229,37,15,6,4,1d10+4,1d6+4,36,16,8,4,1d12+4,1d8+4,0.0,B
3230,34,16,5,4,1d12+4,1d6+4,48,14,5,4,1d8+4,1d6+4,6.0,A
3231,32,15,7,4,1d12+4,1d8+4,32,16,7,4,1d10+4,1d6+4,3.0,A
3232,35,14,6,4,1d10+4,1d8+4,36,14,7,4,1d8+4,1d6+4,8.0,B
3233,45,15,5,4,1d10+4,1d6+4,35,15,7,4,1d10+4,1d6+4,1.0,B
3234,46,18,6,4,1d10+4,1d6+4,30,14,6,4,1d8+4,1d8+4,0.0,A
3235,37,18,6,4,1d10+4,1d8+4,32,17,8,4,1d12+4,1d8+4,8.0,A
3236,38,16,7,4,1d12+4,1d6+4,49,17,8,4,1d10+4,1d8+4,7.0,A
3237,40,16,8,4,1d12+4,1d6+4,38,16,8,4,1d8+4,1d8+4,1.0,A
3238,31,14,6,4,1d8+4,1d6+4,33,17,7,4,1d12+4,1d8+4,0.0,A
3239,33,14,5,4,1d8+4,1d8+4,47,15,6,4,1d10+4,1d6+4,5.0,B
3240,45,16,7,4,1d8+4,1d8+4,35,15,6,4,1d12+4,1d8+4,1.0,A
3241,46,17,5,4,1d8+4,1d6+4,48,17,8,4,1d10+4,1d8+4,2.0,B
3242,41,17,7,4,1d10+4,1d8+4,38,16,7,4,1d10+4,1d6+4,3.0,B
3243,34,17,7,4,1d12+4,1d8+4,37,18,8,4,1d12+4,1d6+4,7.0,B
3244,48,16,8,4,1d12+4,1d6+4,44,16,6,4,1d12+4,1d8+4,5.0,B
3245,33,18,7,4,1d10+4,1d6+4,34,14,6,4,1d8+4,1d8+4,7.0,A
3246,41,17,5,4,1d8+4,1d6+4,45,15,6,4,1d8+4,1d8+4,7.0,A
3247,44,18,7,4,1d10+4,1d8+4,50,16,5,4,1d10+4,1d8+4,7.0,B
3248,30,17,8,4,1d10+4,1d6+4,44,14,8,4,1d10+4,1d8+4,9.0,B
3249,38,18,6,4,1d12+4,1d8+4,41,17,5,4,1d12+4,1d8+4,1.0,A
3250,40,18,5,4,1d10+4,1d8+4,48,15,8,4,1d12+4,1d8+4,3.0,A
3251,31,14,5,4,1d8+4,1d8+4,49,15,8,4,1d8+4,1d8+4,8.0,B
3252,32,15,6,4,1d8+4,1d6+4,44,15,5,4,1d10+4,1d8+4,7.0,B
3253,30,15,5,4,1d12+4,1d8+4,35,18,5,4,1d10+4,1d6+4,5.0,A
3254,32,18,7,4,1d10+4,1d8+4,50,18,8,4,1d8+4,1d6+4,8.0,B
3255,46,16,5,4,1d10+4,1d8+4,49,18,5,4,1d12+4,1d8+4,10.0,A
3256,33,16,7,4,1d12+4,1d6+4,41,14,8,4,1d10+4,1d8+4,5.0,B
3257,36,18,6,4,1d8+4,1d6+4,45,15,5,4,1d10+4,1d6+4,8.0,A
3258,36,14,5,4,1d10+4,1d6+4,33,14,5,4,1d8+4,1d6+4,0.0,B
3259,30,15,5,4,1d10+4,1d8+4,43,15,8,4,1d8+4,1d6+4,9.0,B
3260,43,16,8,4,1d10+4,1d6+4,33,15,5,4,1d12+4,1d6+4,1.0,B
3261,31,18,5,4,1d12+4,1d6+4,36,18,6,4,1d10+4,1d6+4,2.0,B
3262,42,16,8,4,1d10+4,1d6+4,33,16,8,4,1d10+4,1d8+4,0.0,B
3263,45,16,7,4,1d10+4,1d8+4,45,17,7,4,1d10+4,1d8+4,3.0,A
3264,36,14,7,4,1d10+4,1d6+4,42,14,8,4,1d8+4,1d6+4,9.0,B
3265,39,14,6,4,1d8+4,1d6+4,44,18,8,4,1d10+4,1d6+4,4.0,B
3266,38,15,5,4,1d10+4,1d6+4,48,17,5,4,1d8+4,1d8+4,8.0,B
3267,45,18,6,4,1d12+4,1d8+4,36,17,7,4,1d8+4,1d8+4,4.0,A
3268,48,14,7,4,1d10+4,1d6+4,31,14,8,4,1d8+4,1d6+4,2.0,A
3269,45,17,8,4,1d12+4,1d8+4,43,15,6,4,1d12+4,1d8+4,8.0,A
3270,48,16,5,4,1d10+4,1d8+4,46,16,6,4,1d10+4,1d6+4,0.0,A
3271,30,17,7,4,1d12+4,1d6+4,31,14,7,4,1d12+4,1d6+4,4.0,B
3272,42,18,5,4,1d8+4,1d8+4,49,14,8,4,1d8+4,1d6+4,1.0,B
3273,42,14,6,4,1d10+4,1d8+4,36,15,6,4,1d10+4,1d6+4,5.0,B
3274,46,14,5,4,1d10+4,1d8+4,38,14,6,4,1d8+4,1d8+4,4.0,A
3275,41,15,7,4,1d10+4,1d6+4,46,14,7,4,1d12+4,1d8+4,3.0,A
3276,40,14,8,4,1d8+4,1d8+4,35,18,6,4,1d8+4,1d8+4,1.0,A
3277,41,17,7,4,1d8+4,1d8+4,39,18,8,4,1d10+4,1d6+4,5.0,A
3278,49,17,6,4,1d8+4,1d6+4,47,14,5,4,1d10+4,1d8+4,5.0,A
3279,50,18,6,4,1d8+4,1d6+4,32,14,5,4,1d10+4,1d8+4,8.0,A
3280,32,16,7,4,1d10+4,1d8+4,33,18,8,4,1d12+4,1d6+4,10.0,B
3281,32,14,7,4,1d12+4,1d8+4,43,14,7,4,1d10+4,1d6+4,5.0,A
3282,37,17,8,4,1d12+4,1d8+4,49,14,8,4,1d8+4,1d6+4,5.0,A
3283,48,17,7,4,1d8+4,1d8+4,35,17,5,4,1d8+4,1d6+4,4.0,A
3284,44,18,6,4,1d10+4,1d8+4,31,18,7,4,1d8+4,1d6+4,4.0,A
3285,48,18,6,4,1d10+4,1d6+4,42,16,5,4,1d10+4,1d8+4,8.0,A
3286,32,18,8,4,1d10+4,1d8+4,30,16,6,4,1d8+4,1d6+4,5.0,A
3287,42,14,6,4,1d12+4,1d8+4,47,17,6,4,1d12+4,1d8+4,9.0,A
3288,41,16,7,4,1d8+4,1d8+4,33,18,5,4,1d12+4,1d6+4,5.0,B
3289,38,18,7,4,1d12+4,1d8+4,32,16,6,4,1d12+4,1d8+4,9.0,A
3290,41,15,8,4,1d8+4,1d8+4,30,16,6,4,1d8+4,1d6+4,2.0,A
3291,38,17,6,4,1d8+4,1d8+4,31,17,5,4,1d12+4,1d8+4,1.0,A
3292,49,15,5,4,1d12+4,1d6+4,41,15,7,4,1d12+4,1d6+4,9.0,B
3293,30,16,5,4,1d12+4,1d8+4,40,14,8,4,1d10+4,1d8+4,10.0,B
3294,46,16,7,4,1d12+4,1d6+4,43,15,5,4,1d12+4,1d6+4,8.0,A
3295,40,17,6,4,1d12+4,1d8+4,30,17,8,4,1d8+4,1d6+4,6.0,A
3296,42,17,5,4,1d8+4,1d6+4,41,14,8,4,1d10+4,1d6+4,6.0,A
3297,50,17,8,4,1d8+4,1d8+4,42,18,5,4,1d10+4,1d6+4,1.0,B
3298,45,16,5,4,1d10+4,1d8+4,42,18,6,4,1d12+4,1d8+4,0.0,A
3299,39,16,8,4,1d12+4,1d8+4,47,14,7,4,1d12+4,1d6+4,3.0,B
3300,44,14,6,4,1d10+4,1d6+4,49,16,5,4,1d10+4,1d8+4,2.0,B
3301,48,16,7,4,1d12+4,1d6+4,40,14,7,4,1d8+4,1d8+4,8.0,A
3302,46,16,5,4,1d12+4,1d8+4,38,18,8,4,1d10+4,1d6+4,3.0,A
3303,39,18,5,4,1d10+4,1d8+4,35,14,8,4,1d12+4,1d6+4,6.0,A
3304,49,14,7,4,1d8+4,1d8+4,38,16,5,4,1d8+4,1d6+4,2.0,A
3305,47,18,6,4,1d10+4,1d6+4,33,16,7,4,1d12+4,1d6+4,9.0,A
3306,45,18,8,4,1d12+4,1d8+4,45,17,6,4,1d10+4,1d6+4,3.0,A
3307,47,15,5,4,1d12+4,1d6+4,36,18,6,4,1d8+4,1d6+4,0.0,B
3308,32,14,5,4,1d12+4,1d8+4,48,14,7,4,1d12+4,1d8+4,5.0,B
3309,33,16,7,4,1d12+4,1d6+4,30,17,7,4,1d8+4,1d6+4,4.0,A
3310,44,14,6,4,1d10+4,1d6+4,41,18,7,4,1d10+4,1d6+4,10.0,B
3311,50,15,7,4,1d12+4,1d6+4,36,14,8,4,1d8+4,1d8+4,1.0,A
3312,46,16,8,4,1d10+4,1d8+4,37,14,6,4,1d12+4,1d8+4,7.0,A
3313,35,16,6,4,1d10+4,1d6+4,47,14,7,4,1d8+4,1d6+4,10.0,A
3314,49,15,7,4,1d10+4,1d6+4,43,17,7,4,1d12+4,1d8+4,3.0,A
3315,42,17,5,4,1d8+4,1d8+4,40,14,6,4,1d12+4,1d6+4,7.0,A
3316,44,17,5,4,1d10+4,1d6+4,41,16,8,4,1d10+4,1d8+4,5.0,A
3317,45,15,7,4,1d12+4,1d6+4,36,14,8,4,1d8+4,1d8+4,0.0,B
3318,33,15,5,4,1d12+4,1d6+4,47,17,5,4,1d12+4,1d6+4,5.0,B
3319,44,14,7,4,1d10+4,1d8+4,30,18,7,4,1d12+4,1d6+4,8.0,A
3320,38,15,8,4,1d8+4,1d8+4,33,18,7,4,1d8+4,1d6+4,9.0,A
3321,33,14,5,4,1d10+4,1d6+4,33,15,7,4,1d12+4,1d6+4,9.0,B
3322,37,16,8,4,1d8+4,1d8+4,40,16,6,4,1d10+4,1d6+4,10.0,A
3323,43,18,7,4,1d8+4,1d8+4,34,15,7,4,1d10+4,1d8+4,0.0,B
3324,40,18,7,4,1d8+4,1d8+4,35,15,5,4,1d10+4,1d8+4,1.0,A
3325,30,18,8,4,1d8+4,1d6+4,32,14,5,4,1d12+4,1d8+4,4.0,A
3326,50,18,8,4,1d10+4,1d8+4,34,17,6,4,1d8+4,1d8+4,5.0,A
3327,45,14,6,4,1d12+4,1d6+4,48,15,6,4,1d12+4,1d6+4,0.0,B
3328,33,17,5,4,1d8+4,1d8+4,40,16,8,4,1d8+4,1d6+4,0.0,B
3329,37,18,7,4,1d10+4,1d6+4,33,16,8,4,1d12+4,1d8+4,5.0,B
3330,36,14,8,4,1d10+4,1d8+4,45,14,7,4,1d8+4,1d6+4,3.0,A
3331,31,15,5,4,1d12+4,1d8+4,30,15,5,4,1d12+4,1d8+4,9.0,B
3332,47,18,5,4,1d8+4,1d6+4,45,14,7,4,1d10+4,1d8+4,6.0,A
3333,43,18,8,4,1d10+4,1d8+4,49,16,6,4,1d8+4,1d6+4,6.0,A
3334,32,17,5,4,1d10+4,1d8+4,34,17,8,4,1d12+4,1d8+4,7.0,B
3335,50,16,7,4,1d12+4,1d6+4,31,18,6,4,1d10+4,1d6+4,3.0,B
3336,31,14,7,4,1d8+4,1d6+4,48,16,8,4,1d10+4,1d6+4,8.0,B
3337,36,17,6,4,1d10+4,1d6+4,45,14,6,4,1d8+4,1d8+4,0.0,A
3338,30,17,6,4,1d12+4,1d6+4,47,18,6,4,1d12+4,1d8+4,1.0,B
3339,44,16,7,4,1d10+4,1d8+4,39,17,5,4,1d10+4,1d8+4,6.0,A
3340,40,15,7,4,1d8+4,1d8+4,37,14,7,4,1d10+4,1d6+4,0.0,A
3341,44,14,7,4,1d12+4,1d6+4,44,17,7,4,1d8+4,1d6+4,4.0,B
3342,32,14,8,4,1d10+4,1d6+4,45,18,5,4,1d8+4,1d8+4,9.0,A
3343,33,16,5,4,1d8+4,1d8+4,40,18,5,4,1d12+4,1d8+4,8.0,B
3344,49,17,6,4,1d12+4,1d6+4,35,15,7,4,1d12+4,1d6+4,1.0,A
3345,50,16,8,4,1d10+4,1d8+4,33,17,7,4,1d10+4,1d8+4,4.0,A
3346,45,15,6,4,1d8+4,1d6+4,43,15,5,4,1d12+4,1d8+4,8.0,B
3347,40,14,7,4,1d8+4,1d8+4,44,17,5,4,1d12+4,1d8+4,4.0,B
3348,48,14,6,4,1d12+4,1d8+4,45,15,6,4,1d10+4,1d6+4,4.0,B
3349,38,14,7,4,1d12+4,1d6+4,34,16,8,4,1d12+4,1d8+4,9.0,B
3350,36,15,6,4,1d12+4,1d8+4,48,18,6,4,1d10+4,1d8+4,9.0,B
3351,35,18,7,4,1d12+4,1d6+4,31,14,6,4,1d12+4,1d8+4,10.0,A
3352,44,16,8,4,1d10+4,1d6+4,31,14,5,4,1d10+4,1d6+4,10.0,A
3353,33,18,6,4,1d10+4,1d6+4,46,18,7,4,1d8+4,1d6+4,9.0,B
3354,46,18,8,4,1d12+4,1d6+4,47,16,8,4,1d8+4,1d6+4,0.0,A
3355,43,14,5,4,1d12+4,1d8+4,50,18,8,4,1d12+4,1d6+4,0.0,A
3356,43,18,7,4,1d8+4,1d6+4,33,18,7,4,1d12+4,1d6+4,6.0,A
3357,48,15,7,4,1d10+4,1d8+4,46,16,6,4,1d10+4,1d6+4,8.0,A
3358,34,14,7,4,1d12+4,1d8+4,36,18,5,4,1d10+4,1d8+4,9.0,B
3359,48,15,7,4,1d10+4,1d6+4,38,18,7,4,1d8+4,1d8+4,0.0,B
3360,37,16,6,4,1d8+4,1d8+4,38,15,6,4,1d10+4,1d8+4,2.0,A
3361,50,14,6,4,1d10+4,1d6+4,32,14,8,4,1d8+4,1d6+4,3.0,A
3362,35,18,6,4,1d8+4,1d8+4,46,18,6,4,1d8+4,1d6+4,4.0,A
3363,37,14,6,4,1d8+4,1d6+4,32,16,5,4,1d12+4,1d6+4,1.0,B
3364,30,15,5,4,1d10+4,1d8+4,46,17,8,4,1d10+4,1d6+4,3.0,B
3365,38,14,8,4,1d12+4,1d8+4,38,16,7,4,1d8+4,1d6+4,5.0,A
3366,33,17,6,4,1d12+4,1d8+4,39,18,5,4,1d8+4,1d8+4,6.0,A
3367,50,18,7,4,1d10+4,1d6+4,44,17,8,4,1d12+4,1d6+4,3.0,A
3368,31,15,8,4,1d10+4,1d6+4,36,14,7,4,1d8+4,1d6+4,5.0,A
3369,43,17,6,4,1d8+4,1d8+4,43,15,5,4,1d10+4,1d6+4,8.0,A
3370,50,16,6,4,1d8+4,1d6+4,46,16,8,4,1d8+4,1d8+4,0.0,B
3371,50,18,7,4,1d10+4,1d6+4,49,16,8,4,1d8+4,1d8+4,2.0,A
3372,49,18,8,4,1d12+4,1d8+4,35,16,8,4,1d8+4,1d8+4,10.0,B
3373,38,14,8,4,1d10+4,1d8+4,45,16,6,4,1d12+4,1d6+4,10.0,B
3374,33,18,5,4,1d8+4,1d6+4,30,15,8,4,1d8+4,1d8+4,3.0,B
3375,50,17,6,4,1d10+4,1d6+4,32,16,6,4,1d8+4,1d8+4,2.0,B
3376,50,14,5,4,1d10+4,1d8+4,48,16,7,4,1d10+4,1d6+4,3.0,B
3377,37,18,8,4,1d12+4,1d6+4,33,18,6,4,1d8+4,1d6+4,0.0,A
3378,34,14,6,4,1d10+4,1d8+4,40,17,6,4,1d8+4,1d6+4,3.0,A
3379,39,14,7,4,1d10+4,1d6+4,42,16,6,4,1d10+4,1d8+4,1.0,B
3380,44,18,5,4,1d10+4,1d6+4,44,18,5,4,1d8+4,1d6+4,0.0,A
3381,30,16,8,4,1d10+4,1d8+4,47,18,5,4,1d12+4,1d6+4,6.0,A
3382,34,16,8,4,1d8+4,1d8+4,31,15,6,4,1d8+4,1d6+4,1.0,B
3383,42,15,8,4,1d8+4,1d8+4,41,17,6,4,1d10+4,1d8+4,5.0,A
3384,50,16,7,4,1d8+4,1d6+4,38,14,8,4,1d10+4,1d6+4,10.0,B
3385,41,14,6,4,1d8+4,1d6+4,42,17,8,4,1d8+4,1d6+4,3.0,B
3386,38,15,8,4,1d8+4,1d8+4,32,18,8,4,1d8+4,1d6+4,2.0,A
3387,37,14,7,4,1d8+4,1d6+4,33,14,6,4,1d12+4,1d6+4,0.0,A
3388,41,17,8,4,1d12+4,1d8+4,32,17,7,4,1d12+4,1d6+4,0.0,A
3389,47,16,8,4,1d10+4,1d8+4,31,16,8,4,1d8+4,1d8+4,9.0,A
3390,39,15,8,4,1d10+4,1d8+4,41,17,6,4,1d10+4,1d6+4,5.0,A
3391,38,16,5,4,1d8+4,1d6+4,41,17,8,4,1d8+4,1d8+4,6.0,A
3392,34,14,7,4,1d10+4,1d8+4,35,15,7,4,1d12+4,1d6+4,6.0,A
3393,42,15,5,4,1d10+4,1d8+4,30,15,5,4,1d12+4,1d6+4,2.0,A
3394,34,14,6,4,1d12+4,1d8+4,50,14,7,4,1d10+4,1d6+4,4.0,B
3395,37,15,8,4,1d8+4,1d6+4,42,16,5,4,1d8+4,1d6+4,1.0,B
3396,50,18,5,4,1d8+4,1d6+4,33,15,6,4,1d12+4,1d8+4,0.0,A
3397,38,17,6,4,1d8+4,1d6+4,39,14,5,4,1d12+4,1d8+4,8.0,A
3398,41,14,7,4,1d10+4,1d8+4,49,15,7,4,1d12+4,1d8+4,1.0,B
3399,35,15,8,4,1d12+4,1d6+4,35,17,8,4,1d10+4,1d8+4,10.0,A
3400,40,16,5,4,1d8+4,1d6+4,48,18,7,4,1d10+4,1d8+4,4.0,B
3401,31,18,7,4,1d8+4,1d6+4,41,18,7,4,1d12+4,1d6+4,3.0,A
3402,35,18,8,4,1d8+4,1d6+4,37,14,6,4,1d8+4,1d6+4,7.0,A
3403,48,15,5,4,1d10+4,1d8+4,32,18,7,4,1d8+4,1d8+4,7.0,B
3404,49,14,8,4,1d8+4,1d6+4,34,18,6,4,1d10+4,1d6+4,2.0,A
3405,42,18,7,4,1d12+4,1d6+4,38,14,6,4,1d10+4,1d6+4,9.0,A
3406,41,17,7,4,1d12+4,1d8+4,44,14,6,4,1d10+4,1d8+4,6.0,A
3407,35,16,6,4,1d8+4,1d6+4,32,18,7,4,1d8+4,1d8+4,6.0,B
3408,36,17,5,4,1d12+4,1d8+4,31,15,5,4,1d8+4,1d8+4,5.0,A
3409,45,15,7,4,1d10+4,1d6+4,34,15,5,4,1d12+4,1d6+4,0.0,A
3410,43,17,7,4,1d10+4,1d6+4,45,18,5,4,1d8+4,1d8+4,8.0,A
3411,45,17,6,4,1d8+4,1d8+4,32,18,5,4,1d12+4,1d8+4,6.0,A
3412,41,15,5,4,1d8+4,1d6+4,41,17,8,4,1d8+4,1d6+4,3.0,B
3413,43,17,8,4,1d8+4,1d8+4,48,16,8,4,1d12+4,1d6+4,2.0,B
3414,33,14,8,4,1d8+4,1d8+4,31,17,6,4,1d12+4,1d6+4,0.0,A
3415,50,16,6,4,1d12+4,1d8+4,47,18,6,4,1d8+4,1d6+4,1.0,A
3416,36,15,8,4,1d12+4,1d6+4,44,15,7,4,1d10+4,1d6+4,5.0,B
3417,34,15,7,4,1d8+4,1d8+4,31,14,8,4,1d12+4,1d8+4,2.0,B
3418,50,14,5,4,1d8+4,1d6+4,43,17,5,4,1d12+4,1d8+4,7.0,A
3419,38,14,6,4,1d8+4,1d8+4,42,16,7,4,1d12+4,1d8+4,9.0,B
3420,46,18,7,4,1d10+4,1d6+4,43,14,8,4,1d10+4,1d6+4,1.0,B
3421,40,16,6,4,1d12+4,1d6+4,49,16,8,4,1d12+4,1d8+4,5.0,B
3422,42,16,8,4,1d12+4,1d8+4,50,18,5,4,1d12+4,1d6+4,9.0,A
3423,31,17,6,4,1d10+4,1d6+4,35,14,6,4,1d10+4,1d6+4,10.0,A
3424,35,18,6,4,1d8+4,1d6+4,47,17,6,4,1d10+4,1d6+4,0.0,B
3425,45,14,8,4,1d10+4,1d8+4,33,14,6,4,1d12+4,1d6+4,6.0,B
3426,47,17,6,4,1d12+4,1d6+4,30,17,6,4,1d8+4,1d6+4,9.0,B
3427,33,15,8,4,1d8+4,1d8+4,42,15,6,4,1d8+4,1d6+4,7.0,B
3428,46,16,8,4,1d8+4,1d6+4,33,16,8,4,1d8+4,1d6+4,0.0,B
3429,36,14,5,4,1d10+4,1d6+4,38,18,7,4,1d10+4,1d8+4,5.0,B
3430,47,16,6,4,1d12+4,1d6+4,33,16,8,4,1d8+4,1d8+4,3.0,A
3431,46,15,8,4,1d8+4,1d8+4,34,16,6,4,1d12+4,1d8+4,3.0,B
3432,37,17,7,4,1d12+4,1d8+4,38,14,7,4,1d8+4,1d6+4,2.0,A
3433,30,14,6,4,1d10+4,1d8+4,47,14,6,4,1d12+4,1d8+4,3.0,B
3434,32,18,6,4,1d12+4,1d8+4,50,17,7,4,1d8+4,1d6+4,3.0,B
3435,42,15,7,4,1d12+4,1d6+4,40,17,8,4,1d10+4,1d8+4,7.0,B
3436,50,18,8,4,1d10+4,1d8+4,34,15,7,4,1d12+4,1d8+4,8.0,A
3437,37,15,5,4,1d12+4,1d6+4,42,14,7,4,1d10+4,1d8+4,4.0,B
3438,30,18,8,4,1d8+4,1d6+4,35,15,5,4,1d8+4,1d6+4,7.0,A
3439,33,17,5,4,1d12+4,1d8+4,39,14,7,4,1d8+4,1d6+4,8.0,A
3440,50,16,6,4,1d8+4,1d8+4,37,17,8,4,1d12+4,1d8+4,2.0,A
3441,36,16,8,4,1d10+4,1d8+4,34,15,8,4,1d10+4,1d8+4,3.0,A
3442,42,14,7,4,1d10+4,1d6+4,46,14,6,4,1d12+4,1d8+4,0.0,A
3443,45,15,8,4,1d8+4,1d8+4,41,18,5,4,1d12+4,1d8+4,5.0,A
3444,36,18,6,4,1d10+4,1d6+4,36,18,7,4,1d12+4,1d8+4,6.0,B
3445,50,18,5,4,1d8+4,1d6+4,39,18,7,4,1d12+4,1d6+4,7.0,A
3446,30,16,6,4,1d12+4,1d8+4,31,14,6,4,1d12+4,1d8+4,3.0,A
3447,46,16,7,4,1d12+4,1d6+4,48,14,7,4,1d10+4,1d6+4,3.0,A
3448,47,16,5,4,1d12+4,1d6+4,37,17,8,4,1d12+4,1d8+4,5.0,B
3449,42,14,7,4,1d8+4,1d6+4,31,16,5,4,1d8+4,1d8+4,1.0,B
3450,35,17,6,4,1d8+4,1d6+4,33,17,7,4,1d12+4,1d8+4,7.0,A
3451,41,14,8,4,1d8+4,1d8+4,30,18,8,4,1d10+4,1d6+4,0.0,A
3452,37,18,7,4,1d10+4,1d6+4,50,15,6,4,1d8+4,1d8+4,7.0,A
3453,50,18,5,4,1d10+4,1d8+4,44,17,7,4,1d10+4,1d6+4,5.0,B
3454,32,16,8,4,1d10+4,1d8+4,35,18,7,4,1d10+4,1d6+4,8.0,B
3455,32,18,5,4,1d8+4,1d8+4,49,15,6,4,1d10+4,1d6+4,3.0,B
3456,36,15,5,4,1d12+4,1d6+4,36,18,7,4,1d10+4,1d8+4,10.0,A
3457,38,17,6,4,1d12+4,1d8+4,42,18,5,4,1d8+4,1d6+4,8.0,B
3458,41,15,6,4,1d10+4,1d6+4,37,15,6,4,1d10+4,1d8+4,1.0,A
3459,33,15,6,4,1d10+4,1d6+4,31,17,6,4,1d12+4,1d6+4,3.0,A
3460,30,16,6,4,1d8+4,1d8+4,32,18,6,4,1d12+4,1d8+4,6.0,A
3461,42,17,6,4,1d10+4,1d6+4,44,17,7,4,1d8+4,1d8+4,8.0,A
3462,44,17,6,4,1d8+4,1d6+4,49,15,6,4,1d8+4,1d6+4,3.0,A
3463,46,17,8,4,1d10+4,1d8+4,36,14,8,4,1d8+4,1d6+4,3.0,A
3464,45,14,5,4,1d8+4,1d8+4,40,16,5,4,1d12+4,1d6+4,5.0,A
3465,42,18,5,4,1d12+4,1d8+4,41,16,5,4,1d10+4,1d8+4,5.0,A
3466,48,16,8,4,1d12+4,1d8+4,33,18,8,4,1d10+4,1d6+4,5.0,A
3467,32,17,5,4,1d10+4,1d8+4,45,15,7,4,1d10+4,1d6+4,6.0,A
3468,50,14,6,4,1d8+4,1d8+4,43,17,8,4,1d12+4,1d6+4,8.0,A
3469,38,15,8,4,1d8+4,1d6+4,39,17,8,4,1d10+4,1d8+4,8.0,A
3470,45,15,5,4,1d8+4,1d8+4,39,16,6,4,1d8+4,1d6+4,3.0,B
3471,34,14,6,4,1d10+4,1d8+4,45,17,6,4,1d10+4,1d6+4,7.0,A
3472,45,18,6,4,1d12+4,1d6+4,42,14,5,4,1d12+4,1d6+4,6.0,A
3473,44,15,5,4,1d12+4,1d8+4,36,17,8,4,1d8+4,1d6+4,4.0,A
3474,34,16,5,4,1d8+4,1d6+4,39,17,7,4,1d8+4,1d6+4,5.0,B
3475,50,15,6,4,1d12+4,1d8+4,38,15,6,4,1d12+4,1d6+4,7.0,A
3476,45,14,8,4,1d10+4,1d8+4,31,14,6,4,1d10+4,1d6+4,9.0,A
3477,44,16,8,4,1d12+4,1d8+4,40,17,6,4,1d10+4,1d6+4,7.0,A
3478,38,17,5,4,1d10+4,1d8+4,42,14,7,4,1d8+4,1d8+4,9.0,A
3479,37,18,5,4,1d8+4,1d8+4,49,17,8,4,1d10+4,1d8+4,1.0,A
3480,49,18,6,4,1d12+4,1d8+4,37,14,8,4,1d12+4,1d6+4,8.0,A
3481,43,15,7,4,1d10+4,1d8+4,43,14,5,4,1d8+4,1d6+4,10.0,B
3482,38,17,8,4,1d8+4,1d6+4,38,16,5,4,1d8+4,1d6+4,8.0,A
3483,31,15,7,4,1d12+4,1d6+4,37,15,5,4,1d10+4,1d6+4,10.0,A
3484,50,18,7,4,1d8+4,1d6+4,43,18,8,4,1d10+4,1d8+4,1.0,B
3485,31,15,7,4,1d10+4,1d8+4,34,18,6,4,1d8+4,1d8+4,8.0,A
3486,38,18,8,4,1d10+4,1d8+4,45,18,8,4,1d8+4,1d8+4,1.0,B
3487,49,16,8,4,1d8+4,1d8+4,37,15,7,4,1d8+4,1d8+4,9.0,B
3488,45,16,8,4,1d10+4,1d8+4,31,16,5,4,1d8+4,1d6+4,7.0,A
3489,37,17,8,4,1d8+4,1d6+4,41,15,6,4,1d12+4,1d6+4,1.0,A
3490,49,15,5,4,1d10+4,1d6+4,32,18,6,4,1d8+4,1d6+4,10.0,B
3491,48,15,8,4,1d12+4,1d6+4,50,14,8,4,1d8+4,1d6+4,2.0,A
3492,37,15,7,4,1d8+4,1d6+4,38,18,6,4,1d10+4,1d6+4,6.0,A
3493,42,18,6,4,1d8+4,1d8+4,37,15,6,4,1d10+4,1d6+4,0.0,A
3494,46,17,7,4,1d8+4,1d8+4,40,15,5,4,1d12+4,1d6+4,8.0,A
3495,48,16,5,4,1d8+4,1d6+4,33,18,7,4,1d8+4,1d6+4,8.0,B
3496,46,17,5,4,1d10+4,1d8+4,37,17,5,4,1d10+4,1d8+4,9.0,A
3497,36,16,5,4,1d12+4,1d6+4,34,18,7,4,1d12+4,1d6+4,8.0,B
3498,44,18,8,4,1d8+4,1d6+4,49,18,8,4,1d12+4,1d6+4,6.0,A
3499,41,14,7,4,1d12+4,1d8+4,45,17,5,4,1d10+4,1d6+4,2.0,B
3500,39,16,5,4,1d8+4,1d8+4,45,15,5,4,1d10+4,1d8+4,2.0,A
3501,48,18,8,4,1d10+4,1d8+4,44,15,5,4,1d12+4,1d8+4,7.0,A
3502,47,18,6,4,1d10+4,1d6+4,41,15,6,4,1d10+4,1d6+4,4.0,B
3503,33,16,6,4,1d10+4,1d8+4,30,16,7,4,1d10+4,1d6+4,3.0,A
3504,45,18,8,4,1d8+4,1d8+4,49,17,7,4,1d12+4,1d8+4,5.0,A
3505,43,14,8,4,1d12+4,1d8+4,31,17,6,4,1d8+4,1d6+4,3.0,A
3506,48,14,7,4,1d10+4,1d8+4,46,16,6,4,1d12+4,1d8+4,9.0,A
3507,41,15,6,4,1d8+4,1d8+4,36,16,5,4,1d12+4,1d8+4,0.0,B
3508,37,17,5,4,1d8+4,1d6+4,31,16,5,4,1d10+4,1d8+4,0.0,B
3509,48,17,6,4,1d8+4,1d8+4,45,17,6,4,1d12+4,1d6+4,5.0,A
3510,48,17,7,4,1d10+4,1d6+4,49,18,7,4,1d8+4,1d6+4,9.0,A
3511,46,16,8,4,1d12+4,1d8+4,44,15,7,4,1d8+4,1d6+4,3.0,B
3512,47,14,6,4,1d10+4,1d8+4,42,15,7,4,1d8+4,1d6+4,6.0,A
3513,46,15,6,4,1d12+4,1d8+4,38,16,6,4,1d8+4,1d8+4,2.0,A
3514,37,16,5,4,1d10+4,1d8+4,35,16,6,4,1d8+4,1d8+4,3.0,B
3515,45,14,5,4,1d8+4,1d6+4,39,18,5,4,1d10+4,1d6+4,2.0,B
3516,33,18,8,4,1d12+4,1d6+4,30,16,5,4,1d10+4,1d8+4,6.0,B
3517,40,15,5,4,1d12+4,1d6+4,47,16,7,4,1d10+4,1d6+4,6.0,B
3518,40,15,7,4,1d10+4,1d8+4,36,18,7,4,1d10+4,1d6+4,7.0,B
3519,40,14,8,4,1d12+4,1d6+4,42,15,6,4,1d12+4,1d8+4,7.0,A
3520,40,14,8,4,1d10+4,1d8+4,33,15,6,4,1d8+4,1d6+4,10.0,A
3521,39,18,6,4,1d8+4,1d6+4,33,14,6,4,1d10+4,1d8+4,8.0,A
3522,31,14,7,4,1d12+4,1d6+4,40,18,8,4,1d10+4,1d8+4,2.0,B
3523,44,15,5,4,1d8+4,1d8+4,31,15,8,4,1d12+4,1d6+4,1.0,A
3524,45,15,5,4,1d8+4,1d8+4,40,14,6,4,1d10+4,1d8+4,1.0,B
3525,41,18,5,4,1d12+4,1d8+4,49,17,7,4,1d8+4,1d8+4,1.0,A
3526,33,14,6,4,1d10+4,1d8+4,30,14,7,4,1d8+4,1d8+4,10.0,A
3527,48,17,5,4,1d12+4,1d8+4,44,14,6,4,1d10+4,1d8+4,0.0,B
3528,46,16,6,4,1d12+4,1d8+4,30,16,6,4,1d12+4,1d8+4,6.0,A
3529,43,14,8,4,1d8+4,1d8+4,48,17,5,4,1d10+4,1d8+4,10.0,B
3530,47,14,8,4,1d10+4,1d6+4,38,16,7,4,1d12+4,1d8+4,10.0,A
3531,40,16,8,4,1d10+4,1d6+4,38,15,6,4,1d10+4,1d8+4,0.0,B
3532,32,16,6,4,1d8+4,1d8+4,42,16,6,4,1d12+4,1d6+4,6.0,B
3533,45,17,8,4,1d12+4,1d8+4,31,14,7,4,1d10+4,1d6+4,10.0,B
3534,30,16,6,4,1d8+4,1d6+4,38,15,7,4,1d8+4,1d8+4,10.0,B
3535,44,18,6,4,1d10+4,1d8+4,39,16,7,4,1d8+4,1d6+4,0.0,B
3536,42,18,6,4,1d8+4,1d8+4,46,17,8,4,1d8+4,1d8+4,1.0,A
3537,39,18,6,4,1d8+4,1d8+4,41,15,6,4,1d12+4,1d8+4,8.0,A
3538,36,18,5,4,1d10+4,1d6+4,40,17,8,4,1d10+4,1d8+4,8.0,B
3539,31,14,8,4,1d8+4,1d8+4,42,14,5,4,1d12+4,1d6+4,3.0,A
3540,34,14,8,4,1d12+4,1d8+4,34,18,7,4,1d12+4,1d6+4,9.0,B
3541,41,18,5,4,1d10+4,1d8+4,42,17,7,4,1d10+4,1d8+4,10.0,A
3542,43,17,6,4,1d8+4,1d6+4,46,18,5,4,1d12+4,1d6+4,2.0,A
3543,37,16,5,4,1d10+4,1d8+4,36,14,8,4,1d12+4,1d6+4,5.0,B
3544,33,17,8,4,1d8+4,1d6+4,42,16,6,4,1d8+4,1d8+4,3.0,A
3545,48,14,8,4,1d12+4,1d8+4,42,17,6,4,1d12+4,1d8+4,7.0,A
3546,44,14,7,4,1d10+4,1d8+4,42,17,8,4,1d12+4,1d8+4,1.0,A
3547,30,15,6,4,1d12+4,1d8+4,45,16,8,4,1d10+4,1d8+4,6.0,B
3548,37,16,7,4,1d10+4,1d8+4,48,18,8,4,1d8+4,1d8+4,5.0,B
3549,38,15,7,4,1d12+4,1d6+4,45,14,6,4,1d8+4,1d8+4,7.0,A
3550,45,15,5,4,1d12+4,1d8+4,43,17,5,4,1d12+4,1d6+4,10.0,A
3551,39,17,6,4,1d10+4,1d6+4,37,15,6,4,1d10+4,1d6+4,7.0,B
3552,36,17,7,4,1d10+4,1d8+4,40,15,6,4,1d12+4,1d6+4,6.0,B
3553,46,14,5,4,1d8+4,1d8+4,36,14,8,4,1d10+4,1d6+4,9.0,A
3554,37,15,5,4,1d10+4,1d6+4,43,15,8,4,1d8+4,1d8+4,6.0,A
3555,43,14,6,4,1d8+4,1d6+4,36,16,5,4,1d8+4,1d6+4,5.0,A
3556,37,18,8,4,1d8+4,1d6+4,49,16,8,4,1d12+4,1d6+4,2.0,A
3557,50,18,7,4,1d12+4,1d6+4,32,15,5,4,1d12+4,1d8+4,9.0,A
3558,47,16,8,4,1d12+4,1d6+4,39,16,7,4,1d8+4,1d8+4,3.0,A
3559,30,15,7,4,1d12+4,1d6+4,42,17,5,4,1d10+4,1d8+4,2.0,A
3560,49,14,7,4,1d12+4,1d6+4,36,17,8,4,1d12+4,1d8+4,6.0,B
3561,47,15,5,4,1d8+4,1d8+4,40,15,7,4,1d10+4,1d8+4,7.0,B
3562,42,15,6,4,1d12+4,1d6+4,41,18,8,4,1d10+4,1d6+4,10.0,B
3563,38,17,8,4,1d8+4,1d6+4,42,14,5,4,1d10+4,1d8+4,3.0,B
3564,48,18,5,4,1d8+4,1d6+4,37,15,8,4,1d10+4,1d6+4,8.0,A
3565,39,17,7,4,1d10+4,1d8+4,41,17,7,4,1d8+4,1d6+4,2.0,B
3566,49,17,6,4,1d12+4,1d6+4,48,14,5,4,1d12+4,1d8+4,4.0,A
3567,32,16,7,4,1d8+4,1d6+4,30,18,7,4,1d8+4,1d6+4,2.0,A
3568,46,15,6,4,1d8+4,1d6+4,50,17,7,4,1d12+4,1d6+4,7.0,B
3569,47,14,5,4,1d10+4,1d6+4,34,18,7,4,1d10+4,1d8+4,6.0,B
3570,31,17,7,4,1d10+4,1d8+4,48,16,8,4,1d8+4,1d8+4,6.0,A
3571,47,16,8,4,1d10+4,1d8+4,48,14,7,4,1d12+4,1d8+4,2.0,A
3572,32,14,6,4,1d8+4,1d6+4,44,18,6,4,1d12+4,1d6+4,0.0,B
3573,36,18,5,4,1d8+4,1d6+4,49,18,6,4,1d10+4,1d6+4,7.0,B
3574,47,17,7,4,1d12+4,1d8+4,41,16,6,4,1d8+4,1d6+4,7.0,A
3575,33,14,8,4,1d8+4,1d6+4,36,15,6,4,1d10+4,1d6+4,3.0,A
3576,45,18,8,4,1d10+4,1d8+4,48,15,5,4,1d8+4,1d8+4,10.0,A
3577,43,15,7,4,1d12+4,1d6+4,50,17,5,4,1d10+4,1d6+4,9.0,B
3578,33,16,7,4,1d12+4,1d6+4,49,18,6,4,1d12+4,1d8+4,7.0,B
3579,41,18,5,4,1d10+4,1d8+4,44,17,6,4,1d8+4,1d6+4,9.0,B
3580,35,18,5,4,1d8+4,1d8+4,31,18,7,4,1d8+4,1d8+4,7.0,B
3581,36,15,8,4,1d12+4,1d8+4,34,16,7,4,1d10+4,1d8+4,1.0,B
3582,38,18,7,4,1d10+4,1d8+4,30,17,8,4,1d12+4,1d6+4,3.0,A
3583,33,16,7,4,1d10+4,1d8+4,42,14,6,4,1d12+4,1d8+4,1.0,A
3584,44,18,5,4,1d8+4,1d6+4,46,16,5,4,1d8+4,1d6+4,2.0,B
3585,34,14,5,4,1d10+4,1d6+4,39,18,6,4,1d10+4,1d8+4,1.0,B
3586,36,16,7,4,1d8+4,1d8+4,43,15,8,4,1d8+4,1d6+4,3.0,B
3587,38,15,7,4,1d12+4,1d8+4,50,15,8,4,1d10+4,1d6+4,6.0,B
3588,41,15,6,4,1d12+4,1d8+4,30,18,5,4,1d12+4,1d6+4,2.0,A
3589,44,15,6,4,1d12+4,1d6+4,49,16,8,4,1d8+4,1d8+4,3.0,B
3590,35,18,5,4,1d8+4,1d8+4,44,18,5,4,1d8+4,1d8+4,9.0,B
3591,42,15,7,4,1d10+4,1d8+4,37,18,6,4,1d10+4,1d6+4,3.0,A
3592,39,16,8,4,1d8+4,1d6+4,39,17,5,4,1d8+4,1d8+4,3.0,A
3593,31,17,7,4,1d8+4,1d6+4,41,16,5,4,1d12+4,1d6+4,2.0,A
3594,49,14,8,4,1d12+4,1d6+4,30,15,5,4,1d8+4,1d8+4,5.0,B
3595,42,15,6,4,1d8+4,1d8+4,45,15,7,4,1d10+4,1d8+4,2.0,A
3596,36,18,5,4,1d8+4,1d8+4,43,16,7,4,1d12+4,1d8+4,10.0,B
3597,48,17,7,4,1d10+4,1d8+4,43,15,5,4,1d10+4,1d8+4,5.0,A
3598,45,17,7,4,1d10+4,1d6+4,31,16,5,4,1d8+4,1d6+4,7.0,A
3599,34,14,7,4,1d8+4,1d8+4,32,16,5,4,1d10+4,1d8+4,1.0,B
3600,47,14,8,4,1d10+4,1d8+4,36,17,8,4,1d12+4,1d6+4,3.0,A
3601,40,16,5,4,1d12+4,1d6+4,33,17,6,4,1d10+4,1d6+4,7.0,B
3602,32,14,7,4,1d12+4,1d6+4,47,17,6,4,1d12+4,1d6+4,8.0,B
3603,44,17,6,4,1d10+4,1d6+4,50,15,6,4,1d10+4,1d6+4,3.0,A
3604,44,17,6,4,1d10+4,1d8+4,40,14,7,4,1d12+4,1d8+4,10.0,A
3605,41,16,5,4,1d12+4,1d8+4,41,16,6,4,1d12+4,1d8+4,5.0,B
3606,35,14,7,4,1d10+4,1d8+4,42,15,7,4,1d10+4,1d6+4,6.0,B
3607,42,17,5,4,1d10+4,1d8+4,30,15,5,4,1d8+4,1d8+4,10.0,A
3608,35,17,7,4,1d12+4,1d8+4,33,14,7,4,1d10+4,1d8+4,1.0,B
3609,48,17,5,4,1d10+4,1d6+4,47,16,8,4,1d12+4,1d8+4,3.0,B
3610,34,17,6,4,1d12+4,1d6+4,37,18,7,4,1d8+4,1d8+4,2.0,A
3611,48,14,6,4,1d10+4,1d8+4,45,16,5,4,1d8+4,1d8+4,6.0,A
3612,45,15,8,4,1d12+4,1d8+4,40,14,7,4,1d10+4,1d8+4,10.0,A
3613,47,16,7,4,1d8+4,1d6+4,33,14,6,4,1d8+4,1d8+4,7.0,B
3614,45,17,8,4,1d12+4,1d6+4,47,18,5,4,1d12+4,1d8+4,5.0,A
3615,33,17,7,4,1d12+4,1d6+4,50,15,8,4,1d8+4,1d6+4,5.0,A
3616,35,17,6,4,1d8+4,1d8+4,36,16,6,4,1d12+4,1d6+4,3.0,A
3617,35,16,8,4,1d10+4,1d8+4,36,17,8,4,1d10+4,1d8+4,1.0,A
3618,36,16,6,4,1d12+4,1d6+4,31,14,7,4,1d12+4,1d6+4,9.0,B
3619,48,18,7,4,1d10+4,1d8+4,48,16,5,4,1d10+4,1d6+4,1.0,A
3620,34,15,6,4,1d12+4,1d6+4,31,18,5,4,1d12+4,1d8+4,3.0,A
3621,49,17,6,4,1d8+4,1d8+4,40,15,5,4,1d8+4,1d8+4,6.0,A
3622,45,14,8,4,1d10+4,1d8+4,37,18,6,4,1d10+4,1d6+4,7.0,A
3623,47,14,7,4,1d8+4,1d6+4,48,17,6,4,1d10+4,1d6+4,3.0,B
3624,31,16,7,4,1d12+4,1d6+4,33,14,7,4,1d12+4,1d6+4,2.0,A
3625,34,14,5,4,1d8+4,1d8+4,38,16,5,4,1d10+4,1d6+4,7.0,A
3626,37,14,7,4,1d12+4,1d8+4,49,14,7,4,1d12+4,1d6+4,5.0,A
3627,30,15,8,4,1d12+4,1d8+4,36,15,6,4,1d12+4,1d8+4,7.0,B
3628,36,15,6,4,1d12+4,1d8+4,49,15,8,4,1d10+4,1d6+4,6.0,B
3629,34,15,6,4,1d8+4,1d8+4,37,18,6,4,1d10+4,1d6+4,1.0,A
3630,31,18,5,4,1d10+4,1d6+4,34,16,5,4,1d8+4,1d8+4,0.0,A
3631,43,14,5,4,1d8+4,1d6+4,43,16,7,4,1d8+4,1d8+4,3.0,A
3632,42,14,7,4,1d12+4,1d8+4,45,18,8,4,1d10+4,1d8+4,8.0,A
3633,45,14,7,4,1d10+4,1d8+4,49,18,5,4,1d10+4,1d8+4,6.0,B
3634,47,14,5,4,1d10+4,1d6+4,46,18,6,4,1d8+4,1d8+4,10.0,B
3635,41,15,7,4,1d10+4,1d8+4,31,16,7,4,1d10+4,1d8+4,10.0,A
3636,37,18,6,4,1d12+4,1d6+4,33,16,6,4,1d8+4,1d8+4,3.0,A
3637,32,18,7,4,1d12+4,1d8+4,44,16,6,4,1d12+4,1d8+4,9.0,B
3638,50,16,8,4,1d12+4,1d8+4,50,14,5,4,1d8+4,1d8+4,4.0,A
3639,47,17,7,4,1d10+4,1d6+4,42,15,7,4,1d10+4,1d6+4,8.0,A
3640,31,18,6,4,1d8+4,1d6+4,34,16,5,4,1d10+4,1d8+4,2.0,A
3641,46,17,7,4,1d12+4,1d8+4,41,15,8,4,1d10+4,1d8+4,3.0,B
3642,31,14,6,4,1d12+4,1d6+4,46,15,7,4,1d12+4,1d8+4,10.0,B
3643,41,18,8,4,1d10+4,1d8+4,42,17,8,4,1d8+4,1d8+4,3.0,A
3644,42,14,7,4,1d12+4,1d6+4,35,16,7,4,1d10+4,1d8+4,5.0,A
3645,31,15,6,4,1d12+4,1d6+4,48,18,6,4,1d8+4,1d6+4,10.0,B
3646,49,18,8,4,1d8+4,1d6+4,42,17,7,4,1d8+4,1d6+4,4.0,A
3647,42,16,6,4,1d8+4,1d6+4,30,17,8,4,1d10+4,1d6+4,10.0,B
3648,50,15,5,4,1d10+4,1d6+4,43,18,6,4,1d8+4,1d8+4,2.0,B
3649,35,15,5,4,1d8+4,1d6+4,32,14,6,4,1d12+4,1d8+4,1.0,B
3650,46,18,5,4,1d8+4,1d6+4,33,16,6,4,1d12+4,1d8+4,1.0,A
3651,43,18,8,4,1d12+4,1d6+4,49,18,5,4,1d10+4,1d8+4,10.0,B
3652,31,15,5,4,1d12+4,1d8+4,35,15,7,4,1d8+4,1d6+4,2.0,B
3653,48,18,7,4,1d10+4,1d8+4,40,16,6,4,1d8+4,1d8+4,8.0,A
3654,42,14,7,4,1d10+4,1d6+4,41,14,6,4,1d10+4,1d8+4,10.0,B
3655,31,15,8,4,1d10+4,1d6+4,50,18,6,4,1d10+4,1d6+4,4.0,B
3656,42,15,6,4,1d12+4,1d6+4,37,14,8,4,1d12+4,1d6+4,8.0,A
3657,44,14,6,4,1d12+4,1d8+4,47,14,8,4,1d10+4,1d6+4,2.0,A
3658,49,18,5,4,1d8+4,1d6+4,50,15,5,4,1d8+4,1d6+4,7.0,A
3659,44,14,7,4,1d10+4,1d8+4,36,18,8,4,1d8+4,1d6+4,5.0,B
3660,36,14,8,4,1d10+4,1d8+4,35,16,8,4,1d10+4,1d8+4,4.0,B
3661,44,14,5,4,1d12+4,1d6+4,43,18,5,4,1d12+4,1d6+4,1.0,B
3662,36,17,7,4,1d8+4,1d8+4,49,14,8,4,1d8+4,1d8+4,3.0,A
3663,41,16,7,4,1d12+4,1d8+4,43,17,5,4,1d8+4,1d6+4,3.0,A
3664,43,18,6,4,1d10+4,1d8+4,46,18,5,4,1d10+4,1d8+4,1.0,B
3665,31,17,8,4,1d8+4,1d6+4,44,18,6,4,1d10+4,1d6+4,9.0,A
3666,47,16,5,4,1d10+4,1d6+4,49,15,6,4,1d12+4,1d6+4,10.0,A
3667,43,15,7,4,1d8+4,1d8+4,40,16,8,4,1d12+4,1d6+4,5.0,A
3668,49,14,7,4,1d8+4,1d6+4,44,14,6,4,1d10+4,1d8+4,8.0,A
3669,41,14,8,4,1d12+4,1d8+4,31,18,8,4,1d10+4,1d6+4,1.0,A
3670,45,18,7,4,1d12+4,1d6+4,42,18,8,4,1d10+4,1d8+4,10.0,B
3671,50,17,8,4,1d10+4,1d8+4,44,18,5,4,1d8+4,1d6+4,2.0,A
3672,40,16,6,4,1d12+4,1d8+4,44,18,8,4,1d12+4,1d8+4,7.0,B
3673,49,16,6,4,1d12+4,1d8+4,30,17,6,4,1d8+4,1d6+4,9.0,A
3674,47,18,6,4,1d10+4,1d6+4,31,14,5,4,1d10+4,1d8+4,4.0,A
3675,40,15,8,4,1d12+4,1d6+4,30,14,5,4,1d12+4,1d6+4,2.0,A
3676,44,17,8,4,1d12+4,1d8+4,47,16,5,4,1d10+4,1d8+4,8.0,A
3677,37,18,5,4,1d8+4,1d8+4,30,16,7,4,1d8+4,1d6+4,2.0,A
3678,44,18,8,4,1d12+4,1d8+4,42,14,5,4,1d8+4,1d8+4,4.0,A
3679,48,17,5,4,1d10+4,1d6+4,46,14,7,4,1d12+4,1d6+4,7.0,A
3680,36,16,7,4,1d8+4,1d6+4,36,17,7,4,1d8+4,1d6+4,1.0,A
3681,42,16,7,4,1d10+4,1d6+4,33,16,6,4,1d10+4,1d6+4,10.0,A
3682,34,14,8,4,1d8+4,1d6+4,34,16,5,4,1d10+4,1d8+4,2.0,B
3683,30,16,7,4,1d10+4,1d6+4,42,14,6,4,1d10+4,1d8+4,9.0,A
3684,39,15,7,4,1d8+4,1d8+4,50,14,7,4,1d8+4,1d8+4,5.0,B
3685,49,17,6,4,1d10+4,1d6+4,39,15,8,4,1d10+4,1d8+4,5.0,A
3686,48,15,7,4,1d12+4,1d8+4,33,14,5,4,1d8+4,1d6+4,10.0,A
3687,39,16,8,4,1d8+4,1d6+4,43,17,5,4,1d10+4,1d8+4,4.0,A
3688,41,17,7,4,1d12+4,1d8+4,30,16,6,4,1d12+4,1d8+4,0.0,A
3689,32,16,6,4,1d8+4,1d8+4,48,17,6,4,1d12+4,1d6+4,8.0,A
3690,32,14,6,4,1d12+4,1d6+4,47,17,7,4,1d10+4,1d8+4,8.0,B
3691,36,15,8,4,1d12+4,1d6+4,47,18,6,4,1d12+4,1d8+4,9.0,B
3692,31,14,7,4,1d10+4,1d8+4,41,15,8,4,1d10+4,1d8+4,8.0,B
3693,42,16,6,4,1d12+4,1d6+4,34,14,6,4,1d10+4,1d6+4,6.0,B
3694,37,16,7,4,1d10+4,1d8+4,45,17,7,4,1d10+4,1d8+4,1.0,A
3695,41,15,8,4,1d12+4,1d6+4,38,14,5,4,1d12+4,1d6+4,3.0,B
3696,32,17,7,4,1d12+4,1d6+4,36,14,7,4,1d8+4,1d8+4,5.0,A
3697,39,18,6,4,1d10+4,1d8+4,47,16,5,4,1d12+4,1d6+4,6.0,A
3698,50,17,5,4,1d10+4,1d6+4,43,16,6,4,1d8+4,1d6+4,5.0,A
3699,46,15,5,4,1d10+4,1d8+4,44,15,6,4,1d12+4,1d8+4,4.0,B
3700,33,15,6,4,1d8+4,1d8+4,48,18,6,4,1d8+4,1d8+4,5.0,B
3701,47,17,7,4,1d12+4,1d6+4,34,18,5,4,1d12+4,1d8+4,8.0,A
3702,41,17,7,4,1d12+4,1d8+4,31,17,7,4,1d12+4,1d8+4,6.0,A
3703,34,17,7,4,1d8+4,1d8+4,45,16,7,4,1d8+4,1d8+4,2.0,B
3704,32,15,6,4,1d10+4,1d8+4,44,14,8,4,1d12+4,1d8+4,4.0,B
3705,45,18,8,4,1d10+4,1d6+4,39,14,8,4,1d8+4,1d8+4,6.0,A
3706,47,15,7,4,1d10+4,1d8+4,39,18,8,4,1d8+4,1d8+4,8.0,A
3707,49,14,7,4,1d8+4,1d6+4,39,16,6,4,1d10+4,1d8+4,4.0,A
3708,47,14,7,4,1d10+4,1d8+4,46,15,5,4,1d12+4,1d6+4,8.0,A
3709,44,16,7,4,1d10+4,1d8+4,48,14,7,4,1d12+4,1d6+4,4.0,A
3710,36,17,5,4,1d10+4,1d6+4,48,17,6,4,1d8+4,1d6+4,8.0,A
3711,47,18,8,4,1d12+4,1d6+4,40,14,5,4,1d12+4,1d6+4,6.0,A
3712,49,18,6,4,1d12+4,1d6+4,44,15,7,4,1d8+4,1d8+4,2.0,A
3713,40,16,5,4,1d8+4,1d6+4,46,15,5,4,1d10+4,1d6+4,0.0,B
3714,30,14,8,4,1d8+4,1d8+4,35,17,7,4,1d10+4,1d8+4,9.0,B
3715,32,15,8,4,1d8+4,1d8+4,38,16,6,4,1d12+4,1d6+4,4.0,B
3716,36,18,6,4,1d8+4,1d8+4,50,18,6,4,1d8+4,1d8+4,9.0,B
3717,33,15,8,4,1d10+4,1d8+4,34,14,7,4,1d10+4,1d6+4,1.0,B
3718,41,17,5,4,1d12+4,1d6+4,44,14,6,4,1d10+4,1d6+4,6.0,A
3719,35,16,6,4,1d8+4,1d8+4,34,16,7,4,1d12+4,1d6+4,8.0,B
3720,30,17,8,4,1d8+4,1d8+4,34,18,6,4,1d10+4,1d8+4,0.0,B
3721,47,16,6,4,1d10+4,1d6+4,43,17,8,4,1d12+4,1d8+4,9.0,B
3722,47,14,6,4,1d10+4,1d8+4,49,17,8,4,1d8+4,1d8+4,0.0,B
3723,30,18,5,4,1d8+4,1d8+4,42,18,8,4,1d8+4,1d8+4,9.0,B
3724,35,15,5,4,1d10+4,1d8+4,40,14,5,4,1d8+4,1d6+4,7.0,A
3725,35,15,6,4,1d8+4,1d6+4,35,16,6,4,1d8+4,1d8+4,4.0,B
3726,47,17,8,4,1d10+4,1d6+4,45,17,8,4,1d12+4,1d6+4,1.0,A
3727,40,17,6,4,1d12+4,1d6+4,39,15,8,4,1d8+4,1d8+4,2.0,A
3728,32,14,6,4,1d10+4,1d8+4,33,15,7,4,1d8+4,1d8+4,0.0,A
3729,46,15,6,4,1d12+4,1d8+4,40,16,7,4,1d10+4,1d6+4,5.0,B
3730,39,15,7,4,1d12+4,1d6+4,41,14,6,4,1d8+4,1d6+4,10.0,B
3731,45,17,5,4,1d12+4,1d8+4,49,15,7,4,1d8+4,1d6+4,6.0,A
3732,42,14,5,4,1d12+4,1d8+4,30,14,6,4,1d12+4,1d6+4,8.0,B
3733,50,18,8,4,1d8+4,1d6+4,30,16,5,4,1d10+4,1d8+4,9.0,A
3734,50,16,8,4,1d10+4,1d6+4,41,14,8,4,1d12+4,1d6+4,6.0,A
3735,37,15,7,4,1d10+4,1d6+4,38,15,8,4,1d8+4,1d8+4,3.0,A
3736,32,15,8,4,1d8+4,1d8+4,43,16,7,4,1d12+4,1d8+4,1.0,A
3737,32,18,6,4,1d8+4,1d8+4,43,17,8,4,1d10+4,1d8+4,5.0,B
3738,43,16,6,4,1d10+4,1d8+4,50,17,8,4,1d10+4,1d6+4,0.0,A
3739,30,15,7,4,1d8+4,1d6+4,35,16,8,4,1d10+4,1d6+4,1.0,A
3740,48,16,8,4,1d8+4,1d8+4,40,18,7,4,1d8+4,1d8+4,1.0,A
3741,44,14,7,4,1d10+4,1d8+4,47,17,6,4,1d8+4,1d6+4,8.0,A
3742,38,18,5,4,1d12+4,1d6+4,32,15,6,4,1d8+4,1d8+4,5.0,A
3743,40,14,5,4,1d10+4,1d6+4,40,16,5,4,1d12+4,1d6+4,8.0,A
3744,49,17,6,4,1d8+4,1d6+4,31,18,7,4,1d8+4,1d6+4,0.0,B
3745,37,15,8,4,1d8+4,1d6+4,48,15,5,4,1d8+4,1d6+4,8.0,A
3746,35,14,8,4,1d8+4,1d8+4,30,15,7,4,1d10+4,1d6+4,1.0,A
3747,48,14,6,4,1d8+4,1d6+4,32,17,8,4,1d12+4,1d8+4,1.0,B
3748,47,18,6,4,1d8+4,1d6+4,40,16,8,4,1d12+4,1d8+4,5.0,A
3749,44,17,6,4,1d10+4,1d8+4,36,15,8,4,1d12+4,1d8+4,5.0,A
3750,31,18,8,4,1d12+4,1d8+4,48,15,8,4,1d8+4,1d6+4,6.0,B
3751,49,16,5,4,1d12+4,1d8+4,40,16,7,4,1d10+4,1d8+4,6.0,A
3752,42,15,5,4,1d12+4,1d8+4,32,14,8,4,1d10+4,1d6+4,9.0,A
3753,39,17,6,4,1d12+4,1d6+4,35,15,5,4,1d8+4,1d6+4,7.0,B
3754,36,17,8,4,1d8+4,1d8+4,43,18,8,4,1d8+4,1d6+4,6.0,A
3755,32,16,5,4,1d12+4,1d8+4,33,16,6,4,1d8+4,1d8+4,8.0,A
3756,46,18,5,4,1d10+4,1d6+4,33,18,7,4,1d10+4,1d8+4,8.0,B
3757,30,18,8,4,1d10+4,1d6+4,36,18,8,4,1d8+4,1d6+4,4.0,A
3758,42,14,8,4,1d12+4,1d8+4,38,16,8,4,1d10+4,1d6+4,10.0,A
3759,49,15,8,4,1d10+4,1d6+4,46,16,7,4,1d10+4,1d8+4,3.0,A
3760,39,14,7,4,1d8+4,1d8+4,49,15,7,4,1d12+4,1d8+4,6.0,B
3761,31,16,7,4,1d8+4,1d8+4,33,15,7,4,1d12+4,1d8+4,1.0,B
3762,43,15,8,4,1d12+4,1d8+4,48,17,8,4,1d10+4,1d6+4,6.0,B
3763,49,17,8,4,1d12+4,1d6+4,41,14,7,4,1d12+4,1d6+4,4.0,A
3764,36,16,8,4,1d10+4,1d8+4,50,17,5,4,1d12+4,1d8+4,0.0,A
3765,30,17,7,4,1d8+4,1d8+4,33,17,7,4,1d10+4,1d6+4,9.0,B
3766,49,18,8,4,1d10+4,1d6+4,35,16,5,4,1d10+4,1d8+4,5.0,A
3767,41,17,5,4,1d12+4,1d8+4,43,18,7,4,1d8+4,1d8+4,6.0,B
3768,48,15,7,4,1d10+4,1d6+4,40,14,7,4,1d8+4,1d8+4,7.0,A
3769,45,18,6,4,1d12+4,1d8+4,40,15,5,4,1d10+4,1d8+4,1.0,A
3770,35,17,6,4,1d8+4,1d8+4,31,14,7,4,1d10+4,1d8+4,5.0,B
3771,44,17,8,4,1d12+4,1d8+4,31,17,5,4,1d8+4,1d6+4,0.0,A
3772,48,17,5,4,1d10+4,1d6+4,39,17,8,4,1d10+4,1d8+4,0.0,B
3773,35,14,6,4,1d8+4,1d6+4,38,16,7,4,1d10+4,1d6+4,4.0,B
3774,31,14,8,4,1d12+4,1d6+4,37,17,7,4,1d10+4,1d6+4,9.0,A
3775,35,17,5,4,1d8+4,1d6+4,32,15,7,4,1d8+4,1d6+4,0.0,A
3776,47,14,6,4,1d12+4,1d8+4,47,14,7,4,1d12+4,1d6+4,5.0,B
3777,41,16,6,4,1d10+4,1d6+4,45,14,7,4,1d12+4,1d6+4,3.0,B
3778,37,16,8,4,1d12+4,1d6+4,44,15,5,4,1d8+4,1d8+4,6.0,A
3779,41,16,6,4,1d12+4,1d6+4,49,14,8,4,1d12+4,1d8+4,1.0,B
3780,46,17,6,4,1d8+4,1d6+4,34,14,8,4,1d12+4,1d8+4,3.0,A
3781,33,18,5,4,1d10+4,1d6+4,34,18,6,4,1d8+4,1d6+4,4.0,B
3782,39,16,5,4,1d10+4,1d6+4,40,16,7,4,1d10+4,1d8+4,10.0,A
3783,32,15,5,4,1d12+4,1d6+4,48,18,6,4,1d8+4,1d6+4,6.0,B
3784,49,14,8,4,1d10+4,1d8+4,39,17,8,4,1d10+4,1d8+4,4.0,A
3785,30,17,6,4,1d8+4,1d8+4,33,16,6,4,1d12+4,1d6+4,9.0,B
3786,45,14,8,4,1d8+4,1d8+4,40,18,7,4,1d8+4,1d8+4,8.0,A
3787,44,15,7,4,1d12+4,1d6+4,34,14,6,4,1d8+4,1d8+4,7.0,A
3788,39,16,7,4,1d10+4,1d8+4,30,18,7,4,1d8+4,1d6+4,6.0,A
3789,46,14,6,4,1d8+4,1d8+4,49,18,8,4,1d12+4,1d6+4,7.0,A
3790,35,14,6,4,1d10+4,1d8+4,50,18,6,4,1d12+4,1d8+4,7.0,B
3791,32,14,8,4,1d10+4,1d6+4,43,17,8,4,1d8+4,1d8+4,4.0,B
3792,43,16,8,4,1d12+4,1d6+4,50,18,8,4,1d12+4,1d8+4,9.0,B
3793,47,17,8,4,1d10+4,1d6+4,32,18,8,4,1d12+4,1d8+4,2.0,B
3794,48,15,5,4,1d8+4,1d8+4,35,15,7,4,1d12+4,1d6+4,2.0,A
3795,31,18,6,4,1d12+4,1d6+4,41,15,6,4,1d10+4,1d6+4,6.0,A
3796,32,16,5,4,1d8+4,1d8+4,40,16,5,4,1d8+4,1d8+4,3.0,A
3797,46,16,7,4,1d8+4,1d8+4,37,16,5,4,1d12+4,1d8+4,6.0,A
3798,44,17,7,4,1d10+4,1d6+4,35,16,6,4,1d12+4,1d6+4,9.0,A
3799,43,18,7,4,1d12+4,1d8+4,45,18,7,4,1d8+4,1d8+4,9.0,B
3800,46,15,5,4,1d10+4,1d6+4,31,18,7,4,1d8+4,1d8+4,2.0,B
3801,32,17,6,4,1d10+4,1d6+4,47,16,7,4,1d12+4,1d8+4,10.0,B
3802,34,16,6,4,1d12+4,1d6+4,44,16,6,4,1d12+4,1d8+4,0.0,B
3803,47,17,5,4,1d8+4,1d8+4,45,15,7,4,1d10+4,1d6+4,2.0,B
3804,33,17,7,4,1d8+4,1d8+4,41,14,7,4,1d10+4,1d8+4,3.0,A
3805,42,15,5,4,1d8+4,1d8+4,46,18,7,4,1d12+4,1d8+4,9.0,B
3806,47,14,5,4,1d10+4,1d8+4,32,16,5,4,1d10+4,1d8+4,6.0,A
3807,40,15,5,4,1d8+4,1d8+4,37,15,7,4,1d12+4,1d8+4,3.0,B
3808,50,15,8,4,1d8+4,1d8+4,41,14,7,4,1d8+4,1d6+4,7.0,A
3809,37,16,6,4,1d8+4,1d6+4,32,14,5,4,1d8+4,1d6+4,0.0,A
3810,38,17,7,4,1d12+4,1d6+4,33,14,7,4,1d12+4,1d8+4,1.0,B
3811,38,16,5,4,1d10+4,1d6+4,30,17,8,4,1d12+4,1d8+4,3.0,A
3812,34,14,7,4,1d12+4,1d8+4,38,18,5,4,1d10+4,1d6+4,9.0,B
3813,43,18,7,4,1d12+4,1d8+4,49,14,6,4,1d10+4,1d8+4,6.0,A
3814,50,18,8,4,1d10+4,1d6+4,31,17,8,4,1d10+4,1d6+4,5.0,A
3815,37,17,6,4,1d8+4,1d8+4,48,17,7,4,1d10+4,1d6+4,5.0,B
3816,49,17,8,4,1d8+4,1d6+4,38,17,6,4,1d12+4,1d6+4,8.0,A
3817,46,18,7,4,1d12+4,1d8+4,45,14,5,4,1d12+4,1d8+4,5.0,A
3818,35,15,6,4,1d12+4,1d8+4,32,16,8,4,1d10+4,1d6+4,3.0,A
3819,50,14,6,4,1d8+4,1d6+4,45,15,5,4,1d10+4,1d8+4,6.0,A
3820,40,16,7,4,1d8+4,1d6+4,33,18,7,4,1d10+4,1d8+4,4.0,A
3821,38,17,5,4,1d8+4,1d8+4,46,18,7,4,1d12+4,1d6+4,3.0,B
3822,50,17,8,4,1d8+4,1d8+4,35,16,6,4,1d8+4,1d6+4,2.0,A
3823,36,18,7,4,1d8+4,1d6+4,50,16,6,4,1d12+4,1d6+4,9.0,B
3824,46,14,7,4,1d10+4,1d8+4,42,15,6,4,1d12+4,1d8+4,4.0,A
3825,32,15,7,4,1d10+4,1d6+4,49,17,6,4,1d12+4,1d8+4,7.0,B
3826,38,14,6,4,1d10+4,1d8+4,36,14,7,4,1d12+4,1d8+4,9.0,B
3827,48,18,5,4,1d12+4,1d6+4,45,17,5,4,1d10+4,1d8+4,1.0,A
3828,48,14,6,4,1d12+4,1d8+4,42,16,7,4,1d10+4,1d6+4,8.0,B
3829,32,16,8,4,1d10+4,1d6+4,32,14,7,4,1d8+4,1d8+4,9.0,A
3830,49,18,7,4,1d12+4,1d8+4,47,16,7,4,1d8+4,1d8+4,6.0,A
3831,45,15,7,4,1d12+4,1d8+4,34,17,7,4,1d12+4,1d6+4,5.0,A
3832,47,15,8,4,1d12+4,1d6+4,30,17,5,4,1d8+4,1d8+4,3.0,A
3833,30,18,5,4,1d10+4,1d6+4,37,15,7,4,1d8+4,1d8+4,1.0,B
3834,48,18,7,4,1d12+4,1d8+4,46,16,6,4,1d10+4,1d6+4,8.0,B
3835,47,18,6,4,1d8+4,1d6+4,38,15,8,4,1d12+4,1d8+4,6.0,A
3836,30,17,8,4,1d12+4,1d8+4,33,16,5,4,1d8+4,1d6+4,6.0,A
3837,44,15,5,4,1d10+4,1d6+4,31,18,5,4,1d10+4,1d6+4,0.0,A
3838,49,14,8,4,1d12+4,1d6+4,41,14,6,4,1d12+4,1d8+4,0.0,B
3839,43,18,8,4,1d8+4,1d6+4,44,18,6,4,1d12+4,1d8+4,8.0,B
3840,30,15,6,4,1d10+4,1d6+4,44,14,7,4,1d12+4,1d8+4,1.0,B
3841,38,14,6,4,1d12+4,1d8+4,41,15,8,4,1d8+4,1d6+4,8.0,B
3842,42,15,5,4,1d8+4,1d6+4,30,18,8,4,1d10+4,1d6+4,4.0,B
3843,39,14,6,4,1d12+4,1d8+4,37,17,7,4,1d12+4,1d6+4,6.0,B
3844,34,18,6,4,1d10+4,1d6+4,37,18,8,4,1d10+4,1d6+4,2.0,B
3845,33,17,6,4,1d10+4,1d8+4,48,17,5,4,1d10+4,1d6+4,2.0,B
3846,37,17,7,4,1d8+4,1d8+4,46,15,8,4,1d10+4,1d8+4,1.0,A
3847,44,14,6,4,1d8+4,1d8+4,31,16,8,4,1d10+4,1d8+4,4.0,A
3848,30,15,8,4,1d12+4,1d8+4,45,18,7,4,1d10+4,1d6+4,8.0,A
3849,34,15,8,4,1d8+4,1d6+4,39,17,7,4,1d8+4,1d8+4,7.0,B
3850,45,14,8,4,1d12+4,1d6+4,42,14,5,4,1d10+4,1d6+4,9.0,A
3851,40,15,8,4,1d10+4,1d8+4,37,14,7,4,1d10+4,1d6+4,0.0,A
3852,35,14,8,4,1d10+4,1d6+4,40,17,8,4,1d10+4,1d6+4,6.0,B
3853,46,18,7,4,1d10+4,1d8+4,47,15,5,4,1d8+4,1d6+4,9.0,A
3854,32,14,7,4,1d8+4,1d8+4,50,14,7,4,1d12+4,1d8+4,8.0,A
3855,36,14,8,4,1d10+4,1d6+4,36,16,7,4,1d12+4,1d6+4,4.0,B
3856,36,15,5,4,1d8+4,1d8+4,43,14,8,4,1d12+4,1d8+4,5.0,B
3857,39,14,7,4,1d10+4,1d8+4,30,15,5,4,1d12+4,1d8+4,9.0,A
3858,37,15,7,4,1d8+4,1d8+4,47,18,5,4,1d8+4,1d8+4,2.0,B
3859,44,16,5,4,1d8+4,1d8+4,30,17,6,4,1d8+4,1d6+4,8.0,B
3860,30,14,8,4,1d8+4,1d8+4,50,14,6,4,1d8+4,1d8+4,5.0,B
3861,39,16,7,4,1d10+4,1d8+4,37,14,7,4,1d12+4,1d8+4,5.0,B
3862,31,16,5,4,1d12+4,1d6+4,40,14,6,4,1d10+4,1d6+4,5.0,A
3863,43,18,6,4,1d8+4,1d6+4,47,16,7,4,1d10+4,1d8+4,0.0,B
3864,30,16,6,4,1d8+4,1d8+4,35,16,6,4,1d12+4,1d6+4,6.0,A
3865,47,17,5,4,1d8+4,1d6+4,44,16,5,4,1d8+4,1d6+4,2.0,A
3866,34,16,7,4,1d12+4,1d6+4,40,15,6,4,1d12+4,1d6+4,8.0,A
3867,44,14,8,4,1d12+4,1d8+4,34,16,8,4,1d10+4,1d6+4,8.0,A
3868,42,14,7,4,1d12+4,1d6+4,31,17,8,4,1d8+4,1d6+4,3.0,A
3869,40,16,6,4,1d12+4,1d8+4,34,16,7,4,1d8+4,1d8+4,9.0,A
3870,37,16,5,4,1d12+4,1d6+4,32,15,8,4,1d12+4,1d8+4,6.0,B
3871,41,15,6,4,1d12+4,1d6+4,48,15,6,4,1d10+4,1d6+4,8.0,B
3872,45,16,6,4,1d12+4,1d6+4,46,17,6,4,1d12+4,1d8+4,2.0,B
3873,35,18,5,4,1d10+4,1d8+4,39,14,6,4,1d10+4,1d6+4,5.0,B
3874,39,16,8,4,1d12+4,1d8+4,43,15,5,4,1d8+4,1d8+4,5.0,A
3875,46,17,5,4,1d12+4,1d6+4,32,14,5,4,1d12+4,1d6+4,4.0,B
3876,45,18,5,4,1d12+4,1d6+4,40,17,5,4,1d10+4,1d6+4,8.0,A
3877,41,17,6,4,1d10+4,1d6+4,46,16,7,4,1d8+4,1d8+4,4.0,B
3878,31,18,5,4,1d10+4,1d8+4,50,17,7,4,1d12+4,1d8+4,5.0,B
3879,45,16,8,4,1d12+4,1d6+4,44,14,7,4,1d10+4,1d6+4,6.0,A
3880,44,14,5,4,1d10+4,1d6+4,43,17,7,4,1d10+4,1d6+4,1.0,B
3881,48,14,6,4,1d8+4,1d6+4,32,15,8,4,1d10+4,1d6+4,10.0,A
3882,35,16,8,4,1d8+4,1d8+4,33,16,8,4,1d10+4,1d6+4,8.0,A
3883,50,16,5,4,1d8+4,1d8+4,45,16,8,4,1d12+4,1d6+4,0.0,B
3884,39,14,8,4,1d12+4,1d8+4,47,16,6,4,1d8+4,1d6+4,0.0,A
3885,38,18,6,4,1d8+4,1d6+4,49,15,8,4,1d10+4,1d8+4,9.0,B
3886,34,16,7,4,1d12+4,1d8+4,35,18,7,4,1d10+4,1d8+4,5.0,B
3887,36,14,5,4,1d12+4,1d6+4,47,17,5,4,1d10+4,1d8+4,6.0,A
3888,46,18,5,4,1d10+4,1d6+4,50,17,6,4,1d8+4,1d8+4,8.0,B
3889,49,16,6,4,1d10+4,1d6+4,31,18,7,4,1d10+4,1d8+4,6.0,A
3890,34,16,7,4,1d8+4,1d6+4,33,17,7,4,1d10+4,1d8+4,10.0,A
3891,43,16,5,4,1d8+4,1d8+4,39,14,6,4,1d8+4,1d8+4,10.0,A
3892,37,16,7,4,1d10+4,1d6+4,32,17,8,4,1d12+4,1d6+4,2.0,B
3893,48,17,7,4,1d12+4,1d8+4,46,15,5,4,1d12+4,1d6+4,1.0,A
3894,41,18,5,4,1d10+4,1d6+4,49,17,8,4,1d10+4,1d8+4,9.0,A
3895,40,16,7,4,1d12+4,1d8+4,33,15,7,4,1d12+4,1d6+4,5.0,A
3896,39,18,6,4,1d8+4,1d8+4,36,14,6,4,1d12+4,1d8+4,2.0,B
3897,30,14,7,4,1d12+4,1d8+4,36,18,8,4,1d10+4,1d6+4,3.0,B
3898,37,18,8,4,1d10+4,1d6+4,41,17,7,4,1d10+4,1d6+4,5.0,B
3899,42,17,6,4,1d10+4,1d6+4,36,18,8,4,1d12+4,1d6+4,2.0,B
3900,36,14,7,4,1d12+4,1d6+4,49,16,6,4,1d12+4,1d8+4,6.0,B
3901,39,15,8,4,1d12+4,1d6+4,50,15,7,4,1d8+4,1d8+4,7.0,A
3902,46,18,5,4,1d12+4,1d8+4,45,17,6,4,1d12+4,1d6+4,2.0,B
3903,45,15,6,4,1d8+4,1d6+4,42,18,5,4,1d8+4,1d6+4,10.0,B
3904,31,17,5,4,1d8+4,1d8+4,47,17,8,4,1d8+4,1d6+4,10.0,B
3905,39,15,6,4,1d8+4,1d6+4,31,15,8,4,1d10+4,1d6+4,10.0,B
3906,38,14,6,4,1d8+4,1d8+4,39,16,8,4,1d10+4,1d8+4,2.0,A
3907,33,17,7,4,1d12+4,1d6+4,32,14,7,4,1d12+4,1d8+4,7.0,A
3908,33,17,8,4,1d8+4,1d6+4,34,14,6,4,1d8+4,1d8+4,5.0,A
3909,44,18,7,4,1d10+4,1d6+4,41,14,5,4,1d10+4,1d6+4,1.0,A
3910,49,18,7,4,1d12+4,1d8+4,33,17,7,4,1d10+4,1d8+4,4.0,A
3911,35,18,5,4,1d12+4,1d6+4,49,15,5,4,1d12+4,1d8+4,5.0,B
3912,49,14,6,4,1d12+4,1d8+4,32,17,6,4,1d8+4,1d8+4,4.0,A
3913,34,18,5,4,1d10+4,1d8+4,41,17,8,4,1d8+4,1d6+4,10.0,B
3914,45,17,5,4,1d8+4,1d8+4,40,16,8,4,1d12+4,1d6+4,4.0,A
3915,41,14,5,4,1d8+4,1d6+4,47,16,6,4,1d10+4,1d6+4,2.0,B
3916,33,17,8,4,1d10+4,1d8+4,48,17,7,4,1d12+4,1d6+4,10.0,A
3917,38,18,6,4,1d10+4,1d6+4,31,14,7,4,1d12+4,1d8+4,6.0,A
3918,44,17,5,4,1d12+4,1d8+4,39,14,7,4,1d8+4,1d6+4,6.0,A
3919,50,17,5,4,1d12+4,1d6+4,47,18,6,4,1d12+4,1d8+4,7.0,A
3920,48,16,6,4,1d10+4,1d6+4,44,15,5,4,1d12+4,1d6+4,4.0,B
3921,48,15,6,4,1d10+4,1d8+4,41,15,5,4,1d8+4,1d8+4,5.0,B
3922,40,14,5,4,1d10+4,1d6+4,38,14,5,4,1d10+4,1d8+4,0.0,A
3923,50,18,8,4,1d12+4,1d6+4,32,15,5,4,1d8+4,1d8+4,5.0,A
3924,32,16,8,4,1d12+4,1d6+4,49,16,8,4,1d12+4,1d6+4,7.0,B
3925,43,14,8,4,1d8+4,1d6+4,41,18,5,4,1d10+4,1d8+4,9.0,A
3926,31,15,7,4,1d12+4,1d6+4,34,14,8,4,1d8+4,1d8+4,7.0,A
3927,48,18,6,4,1d10+4,1d8+4,43,17,7,4,1d10+4,1d8+4,3.0,B
3928,35,14,5,4,1d12+4,1d8+4,47,17,8,4,1d12+4,1d6+4,9.0,B
3929,50,18,8,4,1d12+4,1d8+4,33,17,8,4,1d10+4,1d6+4,1.0,A
3930,31,15,8,4,1d8+4,1d6+4,41,15,8,4,1d8+4,1d8+4,9.0,B
3931,35,17,5,4,1d10+4,1d6+4,45,15,7,4,1d10+4,1d8+4,9.0,A
3932,39,17,6,4,1d8+4,1d6+4,33,16,5,4,1d10+4,1d6+4,8.0,A
3933,35,14,7,4,1d10+4,1d8+4,39,18,5,4,1d8+4,1d8+4,9.0,B
3934,49,15,5,4,1d12+4,1d8+4,50,14,7,4,1d8+4,1d6+4,2.0,A
3935,31,17,7,4,1d8+4,1d8+4,42,14,6,4,1d12+4,1d8+4,0.0,A
3936,36,15,8,4,1d10+4,1d8+4,39,15,7,4,1d10+4,1d8+4,0.0,B
3937,31,16,6,4,1d8+4,1d6+4,48,15,6,4,1d8+4,1d8+4,2.0,B
3938,33,17,7,4,1d8+4,1d8+4,46,17,8,4,1d10+4,1d8+4,9.0,B
3939,48,14,6,4,1d12+4,1d8+4,30,16,7,4,1d12+4,1d8+4,0.0,A
3940,45,16,8,4,1d8+4,1d6+4,40,18,8,4,1d10+4,1d8+4,3.0,B
3941,33,15,7,4,1d10+4,1d8+4,44,18,5,4,1d10+4,1d8+4,0.0,B
3942,45,14,8,4,1d8+4,1d8+4,41,18,7,4,1d8+4,1d6+4,8.0,A
3943,50,14,5,4,1d12+4,1d8+4,36,18,8,4,1d10+4,1d8+4,3.0,A
3944,32,15,5,4,1d12+4,1d6+4,44,18,5,4,1d10+4,1d8+4,10.0,A
3945,46,18,8,4,1d12+4,1d8+4,35,16,8,4,1d8+4,1d6+4,8.0,A
3946,40,17,8,4,1d12+4,1d6+4,32,18,5,4,1d12+4,1d6+4,0.0,B
3947,47,16,8,4,1d10+4,1d8+4,40,17,7,4,1d10+4,1d6+4,4.0,A
3948,46,17,7,4,1d10+4,1d8+4,30,18,8,4,1d8+4,1d8+4,7.0,A
3949,40,18,6,4,1d12+4,1d8+4,47,17,8,4,1d10+4,1d8+4,1.0,A
3950,50,16,7,4,1d12+4,1d8+4,39,17,8,4,1d8+4,1d6+4,0.0,B
3951,30,14,5,4,1d12+4,1d8+4,44,15,5,4,1d8+4,1d6+4,6.0,B
3952,39,15,6,4,1d12+4,1d6+4,37,17,5,4,1d12+4,1d8+4,10.0,A
3953,39,15,6,4,1d12+4,1d8+4,34,15,5,4,1d8+4,1d6+4,1.0,B
3954,30,17,7,4,1d8+4,1d6+4,35,16,5,4,1d12+4,1d6+4,0.0,A
3955,30,18,8,4,1d10+4,1d6+4,32,17,6,4,1d12+4,1d8+4,5.0,A
3956,35,16,7,4,1d10+4,1d8+4,50,17,5,4,1d8+4,1d6+4,2.0,A
3957,49,14,7,4,1d8+4,1d6+4,42,17,8,4,1d12+4,1d6+4,1.0,B
3958,31,16,5,4,1d8+4,1d6+4,43,15,5,4,1d10+4,1d6+4,6.0,A
3959,47,18,6,4,1d8+4,1d8+4,39,18,6,4,1d10+4,1d6+4,3.0,A
3960,42,15,5,4,1d12+4,1d8+4,35,15,6,4,1d12+4,1d6+4,9.0,B
3961,34,16,7,4,1d12+4,1d8+4,44,16,5,4,1d8+4,1d6+4,9.0,B
3962,40,14,5,4,1d12+4,1d8+4,43,16,6,4,1d12+4,1d8+4,1.0,A
3963,33,18,8,4,1d12+4,1d6+4,37,16,7,4,1d8+4,1d6+4,6.0,A
3964,41,15,6,4,1d10+4,1d6+4,39,16,7,4,1d8+4,1d8+4,6.0,A
3965,43,15,6,4,1d10+4,1d8+4,46,17,6,4,1d12+4,1d6+4,10.0,B
3966,46,15,8,4,1d10+4,1d6+4,36,18,5,4,1d12+4,1d6+4,6.0,B
3967,37,18,8,4,1d8+4,1d6+4,43,17,8,4,1d8+4,1d6+4,9.0,B
3968,35,16,8,4,1d10+4,1d8+4,48,18,7,4,1d12+4,1d6+4,6.0,B
3969,30,15,7,4,1d10+4,1d8+4,37,15,6,4,1d12+4,1d6+4,9.0,B
3970,43,16,5,4,1d10+4,1d8+4,40,15,8,4,1d8+4,1d8+4,4.0,A
3971,48,17,8,4,1d12+4,1d8+4,50,16,5,4,1d10+4,1d8+4,10.0,A
3972,35,18,8,4,1d8+4,1d8+4,31,16,8,4,1d12+4,1d6+4,9.0,A
3973,48,17,7,4,1d12+4,1d6+4,50,17,8,4,1d10+4,1d8+4,10.0,B
3974,35,15,7,4,1d8+4,1d6+4,48,14,7,4,1d8+4,1d6+4,6.0,B
3975,36,18,6,4,1d12+4,1d6+4,40,14,8,4,1d10+4,1d8+4,9.0,A
3976,42,18,7,4,1d8+4,1d8+4,46,18,6,4,1d12+4,1d6+4,7.0,B
3977,46,15,8,4,1d10+4,1d6+4,41,15,8,4,1d10+4,1d8+4,1.0,A
3978,34,16,7,4,1d8+4,1d8+4,46,17,6,4,1d8+4,1d6+4,7.0,B
3979,42,18,7,4,1d12+4,1d6+4,42,17,6,4,1d12+4,1d6+4,6.0,A
3980,49,16,6,4,1d8+4,1d6+4,48,17,8,4,1d12+4,1d8+4,1.0,B
3981,44,16,8,4,1d12+4,1d6+4,30,18,8,4,1d8+4,1d8+4,2.0,A
3982,45,14,8,4,1d10+4,1d8+4,47,14,6,4,1d10+4,1d6+4,7.0,A
3983,43,15,7,4,1d12+4,1d6+4,32,18,6,4,1d10+4,1d6+4,1.0,A
3984,44,14,8,4,1d8+4,1d6+4,49,17,8,4,1d10+4,1d8+4,8.0,B
3985,38,16,6,4,1d10+4,1d8+4,46,15,5,4,1d8+4,1d6+4,5.0,A
3986,33,14,5,4,1d12+4,1d6+4,40,17,5,4,1d12+4,1d6+4,3.0,B
3987,31,17,8,4,1d8+4,1d6+4,31,15,7,4,1d8+4,1d8+4,0.0,A
3988,44,16,6,4,1d10+4,1d6+4,45,14,6,4,1d10+4,1d6+4,4.0,A
3989,46,15,6,4,1d12+4,1d8+4,40,14,8,4,1d10+4,1d6+4,10.0,A
3990,34,14,7,4,1d8+4,1d8+4,39,14,7,4,1d8+4,1d6+4,6.0,A
3991,30,18,7,4,1d10+4,1d8+4,36,17,7,4,1d10+4,1d8+4,4.0,B
3992,42,18,6,4,1d8+4,1d6+4,44,15,8,4,1d12+4,1d8+4,2.0,B
3993,48,14,7,4,1d10+4,1d8+4,32,15,6,4,1d8+4,1d6+4,2.0,A
3994,47,17,7,4,1d12+4,1d8+4,48,14,7,4,1d10+4,1d8+4,7.0,A
3995,49,15,7,4,1d8+4,1d6+4,44,17,6,4,1d10+4,1d6+4,4.0,A
3996,47,15,7,4,1d8+4,1d8+4,48,18,6,4,1d8+4,1d8+4,8.0,A
3997,37,14,7,4,1d12+4,1d8+4,30,17,5,4,1d8+4,1d6+4,7.0,B
3998,31,15,7,4,1d10+4,1d8+4,31,15,5,4,1d10+4,1d8+4,4.0,B
3999,41,18,8,4,1d12+4,1d6+4,30,18,5,4,1d8+4,1d6+4,6.0,A
4000,35,14,6,4,1d8+4,1d8+4,43,14,5,4,1d8+4,1d6+4,5.0,A
4001,35,18,5,4,1d10+4,1d6+4,31,18,8,4,1d12+4,1d8+4,7.0,A
4002,39,17,6,4,1d8+4,1d6+4,34,16,6,4,1d10+4,1d6+4,7.0,A
4003,44,16,5,4,1d12+4,1d8+4,50,15,6,4,1d10+4,1d8+4,7.0,B
4004,31,14,8,4,1d8+4,1d8+4,42,17,7,4,1d12+4,1d8+4,5.0,B
4005,32,17,6,4,1d12+4,1d6+4,41,17,6,4,1d12+4,1d8+4,1.0,B
4006,32,18,6,4,1d8+4,1d8+4,32,14,5,4,1d10+4,1d8+4,7.0,A
4007,33,14,8,4,1d8+4,1d6+4,39,17,6,4,1d8+4,1d6+4,6.0,B
4008,31,15,5,4,1d12+4,1d8+4,46,18,7,4,1d12+4,1d8+4,5.0,B
4009,41,15,5,4,1d10+4,1d8+4,34,14,6,4,1d10+4,1d8+4,0.0,B
4010,35,14,8,4,1d10+4,1d8+4,41,18,5,4,1d8+4,1d8+4,6.0,B
4011,45,18,6,4,1d10+4,1d6+4,48,16,5,4,1d8+4,1d6+4,4.0,A
4012,35,14,5,4,1d10+4,1d6+4,41,14,5,4,1d10+4,1d6+4,6.0,B
4013,41,14,5,4,1d10+4,1d8+4,35,16,5,4,1d12+4,1d8+4,9.0,B
4014,38,17,8,4,1d8+4,1d8+4,35,18,6,4,1d8+4,1d8+4,9.0,B
4015,38,16,8,4,1d10+4,1d6+4,41,16,8,4,1d8+4,1d6+4,3.0,B
4016,30,17,6,4,1d8+4,1d6+4,38,14,5,4,1d10+4,1d6+4,9.0,B
4017,41,14,6,4,1d10+4,1d6+4,47,16,6,4,1d12+4,1d8+4,1.0,A
4018,44,15,5,4,1d12+4,1d8+4,44,17,5,4,1d10+4,1d8+4,5.0,A
4019,36,17,8,4,1d10+4,1d8+4,48,17,5,4,1d10+4,1d8+4,1.0,B
4020,40,16,8,4,1d10+4,1d6+4,33,17,8,4,1d12+4,1d8+4,7.0,B
4021,31,15,8,4,1d10+4,1d8+4,33,16,7,4,1d12+4,1d8+4,8.0,A
4022,32,18,8,4,1d10+4,1d6+4,38,15,5,4,1d10+4,1d6+4,2.0,A
4023,37,17,5,4,1d12+4,1d6+4,47,16,5,4,1d12+4,1d6+4,3.0,A
4024,47,15,7,4,1d10+4,1d6+4,31,14,6,4,1d8+4,1d6+4,6.0,A
4025,47,17,7,4,1d8+4,1d6+4,34,16,5,4,1d8+4,1d6+4,1.0,A
4026,30,16,8,4,1d8+4,1d6+4,45,16,6,4,1d10+4,1d6+4,3.0,B
4027,34,17,7,4,1d10+4,1d6+4,36,14,6,4,1d10+4,1d8+4,5.0,A
4028,30,17,6,4,1d10+4,1d6+4,32,18,5,4,1d8+4,1d6+4,8.0,A
4029,33,14,6,4,1d8+4,1d6+4,45,18,6,4,1d8+4,1d6+4,7.0,B
4030,48,15,6,4,1d8+4,1d6+4,34,18,7,4,1d8+4,1d6+4,10.0,B
4031,32,14,6,4,1d12+4,1d8+4,37,14,6,4,1d8+4,1d8+4,9.0,A
4032,48,14,6,4,1d12+4,1d6+4,40,14,6,4,1d8+4,1d6+4,1.0,A
4033,49,15,7,4,1d10+4,1d8+4,49,15,7,4,1d8+4,1d8+4,6.0,A
4034,34,16,5,4,1d8+4,1d6+4,39,16,5,4,1d10+4,1d8+4,5.0,B
4035,33,15,5,4,1d10+4,1d6+4,42,17,6,4,1d12+4,1d8+4,10.0,B
4036,43,14,6,4,1d8+4,1d6+4,49,16,7,4,1d10+4,1d6+4,2.0,B
4037,47,15,8,4,1d8+4,1d8+4,39,15,6,4,1d12+4,1d6+4,8.0,B
4038,46,16,5,4,1d12+4,1d6+4,40,14,5,4,1d8+4,1d8+4,5.0,A
4039,30,17,7,4,1d8+4,1d6+4,37,15,8,4,1d12+4,1d6+4,4.0,A
4040,31,18,6,4,1d12+4,1d6+4,43,15,6,4,1d10+4,1d6+4,9.0,B
4041,43,16,6,4,1d8+4,1d8+4,31,17,5,4,1d10+4,1d6+4,0.0,A
4042,45,15,7,4,1d10+4,1d6+4,48,16,6,4,1d10+4,1d8+4,10.0,B
4043,47,14,5,4,1d10+4,1d6+4,38,15,8,4,1d8+4,1d6+4,1.0,A
4044,32,18,7,4,1d10+4,1d6+4,33,15,6,4,1d8+4,1d6+4,9.0,A
4045,36,15,6,4,1d8+4,1d6+4,34,16,5,4,1d8+4,1d8+4,7.0,A
4046,47,18,8,4,1d10+4,1d6+4,42,18,6,4,1d12+4,1d8+4,4.0,B
4047,32,15,7,4,1d8+4,1d8+4,44,15,8,4,1d10+4,1d6+4,10.0,B
4048,38,17,6,4,1d8+4,1d6+4,36,18,6,4,1d10+4,1d8+4,0.0,B
4049,40,14,7,4,1d12+4,1d8+4,43,15,8,4,1d10+4,1d8+4,7.0,B
4050,39,18,6,4,1d10+4,1d6+4,47,17,6,4,1d12+4,1d6+4,0.0,B
4051,35,16,6,4,1d10+4,1d8+4,37,18,6,4,1d8+4,1d8+4,3.0,A
4052,31,18,5,4,1d8+4,1d8+4,36,18,7,4,1d12+4,1d8+4,6.0,B
4053,31,16,5,4,1d10+4,1d6+4,37,15,8,4,1d8+4,1d8+4,10.0,B
4054,49,18,8,4,1d12+4,1d6+4,38,18,5,4,1d10+4,1d6+4,9.0,A
4055,45,16,8,4,1d8+4,1d8+4,42,18,6,4,1d8+4,1d8+4,5.0,A
4056,36,14,6,4,1d8+4,1d6+4,48,17,5,4,1d12+4,1d8+4,7.0,B
4057,48,15,7,4,1d12+4,1d8+4,38,18,5,4,1d10+4,1d6+4,8.0,A
4058,38,15,8,4,1d12+4,1d6+4,35,16,6,4,1d12+4,1d6+4,4.0,A
4059,40,17,7,4,1d8+4,1d8+4,43,18,8,4,1d10+4,1d8+4,7.0,B
4060,37,16,7,4,1d12+4,1d8+4,38,18,5,4,1d12+4,1d8+4,5.0,B
4061,37,18,7,4,1d10+4,1d8+4,45,14,7,4,1d10+4,1d8+4,6.0,B
4062,42,14,6,4,1d10+4,1d8+4,38,18,8,4,1d12+4,1d8+4,1.0,B
4063,43,17,7,4,1d10+4,1d6+4,38,14,8,4,1d10+4,1d6+4,0.0,A
4064,36,15,6,4,1d10+4,1d8+4,34,14,8,4,1d8+4,1d6+4,3.0,A
4065,32,16,5,4,1d12+4,1d6+4,33,18,6,4,1d12+4,1d8+4,10.0,B
4066,49,14,7,4,1d10+4,1d8+4,49,14,6,4,1d8+4,1d6+4,1.0,A
4067,49,17,7,4,1d12+4,1d6+4,47,15,8,4,1d12+4,1d6+4,3.0,A
4068,40,18,5,4,1d12+4,1d8+4,34,17,6,4,1d10+4,1d8+4,10.0,B
4069,46,15,5,4,1d12+4,1d8+4,42,16,6,4,1d12+4,1d8+4,6.0,B
4070,39,16,6,4,1d8+4,1d6+4,48,14,5,4,1d8+4,1d6+4,2.0,B
4071,41,14,5,4,1d10+4,1d6+4,43,18,5,4,1d8+4,1d6+4,9.0,A
4072,34,16,7,4,1d12+4,1d6+4,47,17,6,4,1d12+4,1d8+4,0.0,B
4073,36,17,8,4,1d12+4,1d6+4,48,17,7,4,1d10+4,1d6+4,1.0,A
4074,37,18,6,4,1d12+4,1d8+4,30,14,8,4,1d10+4,1d8+4,3.0,A
4075,34,18,7,4,1d12+4,1d8+4,32,14,5,4,1d10+4,1d6+4,7.0,A
4076,40,18,7,4,1d10+4,1d6+4,38,15,8,4,1d12+4,1d8+4,4.0,A
4077,30,14,7,4,1d10+4,1d6+4,44,17,7,4,1d12+4,1d8+4,6.0,B
4078,45,14,8,4,1d8+4,1d6+4,45,14,7,4,1d10+4,1d8+4,8.0,B
4079,45,14,8,4,1d8+4,1d8+4,40,15,5,4,1d10+4,1d8+4,7.0,B
4080,37,15,8,4,1d8+4,1d8+4,33,14,8,4,1d10+4,1d8+4,3.0,A
4081,36,18,8,4,1d10+4,1d8+4,47,18,6,4,1d8+4,1d6+4,4.0,A
4082,42,18,6,4,1d10+4,1d6+4,47,18,6,4,1d8+4,1d8+4,4.0,B
4083,40,17,6,4,1d10+4,1d8+4,50,14,6,4,1d12+4,1d6+4,0.0,A
4084,32,17,8,4,1d12+4,1d8+4,44,16,5,4,1d8+4,1d6+4,1.0,B
4085,44,15,5,4,1d10+4,1d8+4,32,14,8,4,1d8+4,1d6+4,0.0,B
4086,36,14,7,4,1d12+4,1d6+4,30,16,7,4,1d8+4,1d8+4,10.0,A
4087,30,16,6,4,1d12+4,1d8+4,33,16,6,4,1d8+4,1d6+4,8.0,A
4088,39,18,6,4,1d12+4,1d8+4,41,15,5,4,1d8+4,1d8+4,2.0,A
4089,38,15,5,4,1d8+4,1d8+4,32,16,8,4,1d8+4,1d8+4,0.0,A
4090,43,15,7,4,1d12+4,1d8+4,38,17,6,4,1d8+4,1d8+4,1.0,B
4091,47,18,5,4,1d12+4,1d8+4,42,18,7,4,1d8+4,1d8+4,8.0,B
4092,48,15,7,4,1d12+4,1d6+4,32,18,5,4,1d10+4,1d8+4,5.0,A
4093,38,17,6,4,1d8+4,1d6+4,33,16,5,4,1d8+4,1d8+4,6.0,A
4094,30,18,8,4,1d12+4,1d8+4,44,17,7,4,1d12+4,1d8+4,0.0,B
4095,48,14,6,4,1d10+4,1d8+4,47,17,8,4,1d10+4,1d6+4,9.0,B
4096,39,18,6,4,1d12+4,1d8+4,45,14,7,4,1d8+4,1d8+4,4.0,A
4097,31,14,6,4,1d8+4,1d6+4,50,17,5,4,1d10+4,1d8+4,1.0,A
4098,49,14,6,4,1d10+4,1d8+4,34,15,8,4,1d10+4,1d6+4,1.0,A
4099,37,16,8,4,1d8+4,1d6+4,45,17,8,4,1d10+4,1d8+4,9.0,A
4100,32,15,5,4,1d8+4,1d8+4,42,17,5,4,1d10+4,1d6+4,0.0,B
4101,48,18,8,4,1d8+4,1d8+4,45,15,8,4,1d8+4,1d6+4,8.0,A
4102,47,17,5,4,1d10+4,1d8+4,39,16,5,4,1d10+4,1d6+4,4.0,B
4103,31,16,7,4,1d10+4,1d6+4,34,14,6,4,1d12+4,1d8+4,9.0,A
4104,39,14,8,4,1d12+4,1d8+4,34,14,5,4,1d12+4,1d8+4,10.0,A
4105,47,14,6,4,1d10+4,1d6+4,49,16,6,4,1d12+4,1d8+4,0.0,B
4106,40,14,6,4,1d10+4,1d6+4,42,15,8,4,1d8+4,1d8+4,1.0,B
4107,35,16,7,4,1d12+4,1d8+4,31,15,8,4,1d8+4,1d8+4,8.0,A
4108,31,14,5,4,1d8+4,1d8+4,45,15,6,4,1d10+4,1d8+4,7.0,B
4109,48,18,8,4,1d12+4,1d8+4,38,16,7,4,1d8+4,1d6+4,3.0,A
4110,31,14,6,4,1d8+4,1d8+4,49,18,7,4,1d10+4,1d8+4,0.0,A
4111,48,17,7,4,1d8+4,1d8+4,38,18,6,4,1d8+4,1d6+4,3.0,A
4112,41,16,6,4,1d8+4,1d6+4,32,16,8,4,1d8+4,1d6+4,4.0,A
4113,30,14,7,4,1d10+4,1d6+4,41,14,5,4,1d12+4,1d6+4,1.0,A
4114,37,14,6,4,1d12+4,1d6+4,31,15,7,4,1d12+4,1d8+4,0.0,B
4115,34,18,5,4,1d12+4,1d8+4,48,18,8,4,1d8+4,1d6+4,3.0,B
4116,45,16,8,4,1d8+4,1d8+4,34,18,5,4,1d10+4,1d6+4,5.0,B
4117,33,17,5,4,1d12+4,1d6+4,41,16,7,4,1d10+4,1d8+4,2.0,A
4118,30,17,6,4,1d8+4,1d8+4,31,16,5,4,1d10+4,1d8+4,2.0,A
4119,38,18,7,4,1d12+4,1d8+4,38,17,8,4,1d10+4,1d8+4,3.0,B
4120,41,17,7,4,1d10+4,1d8+4,45,16,5,4,1d10+4,1d6+4,5.0,A
4121,35,18,6,4,1d10+4,1d6+4,44,18,6,4,1d10+4,1d6+4,10.0,B
4122,45,14,6,4,1d10+4,1d6+4,30,17,7,4,1d12+4,1d6+4,10.0,B
4123,33,18,6,4,1d12+4,1d8+4,39,18,5,4,1d10+4,1d6+4,4.0,B
4124,31,18,5,4,1d12+4,1d8+4,30,16,5,4,1d12+4,1d8+4,10.0,A
4125,44,15,5,4,1d8+4,1d8+4,42,14,6,4,1d12+4,1d6+4,5.0,A
4126,36,18,6,4,1d8+4,1d8+4,45,16,7,4,1d12+4,1d6+4,1.0,A
4127,49,17,6,4,1d12+4,1d8+4,33,15,8,4,1d12+4,1d6+4,7.0,B
4128,40,18,5,4,1d12+4,1d8+4,31,18,6,4,1d8+4,1d8+4,1.0,A
4129,31,14,6,4,1d8+4,1d6+4,48,18,5,4,1d12+4,1d8+4,8.0,B
4130,44,18,8,4,1d10+4,1d6+4,43,18,6,4,1d12+4,1d6+4,2.0,A
4131,41,15,7,4,1d12+4,1d6+4,41,14,8,4,1d12+4,1d8+4,4.0,A
4132,46,16,8,4,1d12+4,1d6+4,40,15,5,4,1d8+4,1d6+4,1.0,A
4133,32,15,7,4,1d12+4,1d6+4,31,15,8,4,1d10+4,1d6+4,2.0,A
4134,49,18,7,4,1d8+4,1d6+4,48,15,6,4,1d8+4,1d8+4,9.0,B
4135,32,16,7,4,1d10+4,1d6+4,36,17,6,4,1d12+4,1d8+4,6.0,B
4136,43,16,8,4,1d12+4,1d6+4,41,15,5,4,1d10+4,1d8+4,2.0,B
4137,44,15,7,4,1d10+4,1d8+4,31,18,7,4,1d12+4,1d8+4,5.0,A
4138,32,14,6,4,1d10+4,1d8+4,39,15,7,4,1d12+4,1d8+4,7.0,B
4139,33,17,6,4,1d12+4,1d8+4,32,15,7,4,1d10+4,1d6+4,0.0,A
4140,44,15,8,4,1d12+4,1d6+4,35,15,8,4,1d8+4,1d8+4,0.0,A
4141,46,16,6,4,1d8+4,1d8+4,47,15,5,4,1d8+4,1d6+4,2.0,A
4142,39,15,8,4,1d10+4,1d8+4,42,15,5,4,1d10+4,1d8+4,4.0,A
4143,33,14,5,4,1d12+4,1d8+4,50,17,6,4,1d8+4,1d8+4,5.0,B
4144,32,17,8,4,1d8+4,1d6+4,32,15,5,4,1d12+4,1d8+4,6.0,B
4145,44,17,7,4,1d8+4,1d8+4,34,16,8,4,1d12+4,1d6+4,8.0,A
4146,48,18,5,4,1d12+4,1d8+4,45,14,7,4,1d10+4,1d6+4,6.0,A
4147,40,14,6,4,1d8+4,1d6+4,40,14,8,4,1d12+4,1d8+4,4.0,B
4148,48,15,6,4,1d12+4,1d6+4,43,16,6,4,1d12+4,1d8+4,8.0,A
4149,50,18,6,4,1d10+4,1d6+4,37,18,7,4,1d10+4,1d6+4,10.0,A
4150,44,14,7,4,1d10+4,1d8+4,42,18,6,4,1d10+4,1d8+4,5.0,A
4151,40,14,8,4,1d12+4,1d6+4,41,17,5,4,1d12+4,1d8+4,4.0,A
4152,38,15,7,4,1d8+4,1d6+4,37,17,7,4,1d10+4,1d6+4,10.0,A
4153,36,16,6,4,1d8+4,1d8+4,46,18,6,4,1d12+4,1d8+4,7.0,A
4154,32,18,5,4,1d8+4,1d8+4,37,17,6,4,1d8+4,1d8+4,1.0,B
4155,34,14,8,4,1d12+4,1d8+4,36,15,7,4,1d8+4,1d8+4,3.0,B
4156,30,17,5,4,1d10+4,1d8+4,30,18,8,4,1d12+4,1d6+4,4.0,B
4157,30,14,8,4,1d10+4,1d8+4,50,16,6,4,1d8+4,1d8+4,0.0,A
4158,47,15,5,4,1d12+4,1d8+4,33,18,5,4,1d10+4,1d8+4,3.0,A
4159,47,14,8,4,1d8+4,1d6+4,50,18,6,4,1d10+4,1d6+4,9.0,B
4160,42,15,7,4,1d12+4,1d6+4,30,15,7,4,1d12+4,1d8+4,1.0,A
4161,37,17,8,4,1d10+4,1d6+4,41,15,8,4,1d10+4,1d6+4,1.0,A
4162,45,15,6,4,1d10+4,1d6+4,35,14,8,4,1d8+4,1d6+4,4.0,A
4163,40,17,8,4,1d8+4,1d6+4,39,17,5,4,1d8+4,1d8+4,5.0,A
4164,48,18,8,4,1d12+4,1d8+4,47,16,8,4,1d10+4,1d6+4,1.0,A
4165,42,18,6,4,1d10+4,1d6+4,46,17,8,4,1d10+4,1d6+4,8.0,B
4166,40,16,6,4,1d12+4,1d6+4,31,17,7,4,1d8+4,1d8+4,9.0,B
4167,48,14,5,4,1d12+4,1d6+4,49,16,5,4,1d12+4,1d6+4,0.0,B
4168,46,18,5,4,1d12+4,1d8+4,35,18,7,4,1d12+4,1d6+4,10.0,A
4169,41,18,7,4,1d8+4,1d8+4,50,14,8,4,1d12+4,1d6+4,5.0,B
4170,36,18,7,4,1d10+4,1d6+4,41,16,8,4,1d12+4,1d8+4,8.0,A
4171,48,15,8,4,1d10+4,1d8+4,36,16,7,4,1d12+4,1d6+4,0.0,A
4172,48,15,6,4,1d8+4,1d6+4,33,16,8,4,1d10+4,1d8+4,4.0,B
4173,48,15,5,4,1d8+4,1d8+4,43,16,8,4,1d10+4,1d6+4,1.0,B
4174,37,15,5,4,1d10+4,1d8+4,32,15,6,4,1d12+4,1d6+4,8.0,A
4175,50,17,8,4,1d12+4,1d6+4,34,17,6,4,1d8+4,1d8+4,1.0,A
4176,45,17,8,4,1d12+4,1d6+4,44,17,8,4,1d12+4,1d6+4,5.0,A
4177,31,16,6,4,1d10+4,1d8+4,49,16,6,4,1d10+4,1d6+4,5.0,B
4178,36,18,6,4,1d12+4,1d8+4,42,18,7,4,1d10+4,1d8+4,8.0,B
4179,30,16,7,4,1d10+4,1d6+4,36,16,6,4,1d12+4,1d8+4,2.0,B
4180,50,14,6,4,1d8+4,1d6+4,42,16,8,4,1d8+4,1d6+4,8.0,A
4181,50,17,7,4,1d10+4,1d8+4,34,15,7,4,1d8+4,1d8+4,7.0,A
4182,33,14,8,4,1d8+4,1d8+4,49,14,8,4,1d12+4,1d8+4,2.0,B
4183,32,17,6,4,1d12+4,1d8+4,35,16,7,4,1d8+4,1d8+4,9.0,A
4184,31,18,7,4,1d12+4,1d6+4,36,15,7,4,1d12+4,1d8+4,4.0,B
4185,33,15,7,4,1d8+4,1d8+4,36,18,5,4,1d10+4,1d6+4,2.0,B
4186,48,14,5,4,1d8+4,1d6+4,38,14,5,4,1d8+4,1d6+4,8.0,A
4187,38,18,7,4,1d8+4,1d6+4,36,16,6,4,1d8+4,1d6+4,6.0,A
4188,34,16,8,4,1d10+4,1d6+4,30,16,7,4,1d10+4,1d6+4,10.0,B
4189,41,15,6,4,1d8+4,1d8+4,35,16,6,4,1d10+4,1d6+4,0.0,B
4190,39,18,6,4,1d12+4,1d8+4,38,16,8,4,1d8+4,1d6+4,9.0,A
4191,31,16,5,4,1d12+4,1d8+4,37,14,8,4,1d12+4,1d8+4,10.0,B
4192,30,15,8,4,1d12+4,1d8+4,50,18,7,4,1d10+4,1d6+4,9.0,B
4193,30,17,5,4,1d12+4,1d6+4,35,16,6,4,1d8+4,1d8+4,8.0,A
4194,50,15,8,4,1d10+4,1d8+4,36,18,6,4,1d8+4,1d8+4,3.0,A
4195,33,17,6,4,1d12+4,1d6+4,47,15,6,4,1d12+4,1d8+4,3.0,A
4196,49,17,7,4,1d8+4,1d8+4,35,15,8,4,1d12+4,1d6+4,7.0,A
4197,31,14,5,4,1d10+4,1d8+4,42,17,5,4,1d10+4,1d8+4,8.0,B
4198,32,17,6,4,1d8+4,1d6+4,48,17,7,4,1d10+4,1d8+4,0.0,B
4199,36,15,8,4,1d8+4,1d6+4,35,14,5,4,1d10+4,1d6+4,10.0,B
4200,31,17,7,4,1d10+4,1d8+4,44,15,7,4,1d12+4,1d6+4,2.0,B
4201,32,15,7,4,1d10+4,1d6+4,30,14,5,4,1d10+4,1d6+4,9.0,A
4202,40,15,8,4,1d8+4,1d8+4,37,16,7,4,1d12+4,1d6+4,3.0,A
4203,34,14,8,4,1d8+4,1d6+4,30,16,7,4,1d12+4,1d6+4,5.0,B
4204,43,16,8,4,1d10+4,1d6+4,42,17,5,4,1d10+4,1d8+4,10.0,A
4205,36,14,6,4,1d8+4,1d6+4,43,16,6,4,1d8+4,1d8+4,6.0,A
4206,42,15,6,4,1d12+4,1d8+4,49,17,5,4,1d8+4,1d8+4,0.0,A
4207,41,17,5,4,1d10+4,1d6+4,35,18,6,4,1d10+4,1d8+4,9.0,A
4208,46,14,8,4,1d10+4,1d6+4,41,16,8,4,1d8+4,1d6+4,7.0,A
4209,41,17,6,4,1d12+4,1d6+4,36,18,6,4,1d12+4,1d6+4,1.0,A
4210,46,15,7,4,1d10+4,1d6+4,46,18,7,4,1d10+4,1d6+4,10.0,B
4211,33,17,8,4,1d10+4,1d8+4,32,14,6,4,1d8+4,1d8+4,0.0,A
4212,47,17,5,4,1d8+4,1d6+4,38,16,5,4,1d10+4,1d6+4,7.0,B
4213,35,16,7,4,1d8+4,1d8+4,43,14,8,4,1d12+4,1d8+4,4.0,A
4214,44,15,8,4,1d12+4,1d6+4,50,14,5,4,1d8+4,1d8+4,0.0,A
4215,47,14,7,4,1d12+4,1d6+4,32,17,7,4,1d8+4,1d6+4,3.0,A
4216,31,15,6,4,1d8+4,1d8+4,48,16,7,4,1d10+4,1d6+4,0.0,B
4217,39,18,7,4,1d10+4,1d6+4,32,17,8,4,1d10+4,1d6+4,10.0,B
4218,36,16,7,4,1d12+4,1d8+4,37,17,7,4,1d12+4,1d8+4,6.0,A
4219,30,14,7,4,1d10+4,1d6+4,37,17,8,4,1d12+4,1d6+4,3.0,B
4220,42,17,7,4,1d8+4,1d8+4,41,17,8,4,1d8+4,1d6+4,0.0,B
4221,40,16,5,4,1d8+4,1d8+4,35,16,8,4,1d12+4,1d8+4,5.0,B
4222,50,15,8,4,1d12+4,1d8+4,47,18,5,4,1d12+4,1d6+4,3.0,A
4223,49,14,5,4,1d12+4,1d6+4,35,15,8,4,1d10+4,1d6+4,10.0,A
4224,45,16,5,4,1d8+4,1d8+4,47,16,8,4,1d8+4,1d8+4,7.0,B
4225,31,18,7,4,1d12+4,1d8+4,48,17,6,4,1d12+4,1d6+4,3.0,B
4226,44,14,5,4,1d10+4,1d8+4,34,17,7,4,1d8+4,1d8+4,2.0,A
4227,41,17,5,4,1d8+4,1d8+4,49,15,8,4,1d12+4,1d8+4,10.0,A
4228,31,18,7,4,1d8+4,1d8+4,49,17,8,4,1d10+4,1d8+4,4.0,B
4229,38,17,7,4,1d8+4,1d8+4,44,17,5,4,1d10+4,1d8+4,0.0,A
4230,35,16,6,4,1d12+4,1d6+4,31,18,7,4,1d8+4,1d6+4,4.0,A
4231,49,18,6,4,1d12+4,1d8+4,43,15,5,4,1d10+4,1d8+4,9.0,B
4232,47,14,6,4,1d12+4,1d6+4,42,14,7,4,1d10+4,1d8+4,10.0,B
4233,32,16,7,4,1d12+4,1d8+4,30,14,6,4,1d8+4,1d6+4,5.0,A
4234,39,15,6,4,1d12+4,1d8+4,48,16,8,4,1d12+4,1d8+4,3.0,B
4235,45,14,5,4,1d10+4,1d6+4,30,16,7,4,1d10+4,1d8+4,7.0,B
4236,46,17,7,4,1d12+4,1d8+4,41,14,6,4,1d12+4,1d6+4,4.0,A
4237,50,18,6,4,1d12+4,1d6+4,39,17,8,4,1d10+4,1d6+4,5.0,A
4238,47,17,8,4,1d10+4,1d6+4,46,15,6,4,1d12+4,1d8+4,1.0,A
4239,38,14,7,4,1d8+4,1d6+4,32,18,5,4,1d8+4,1d6+4,10.0,B
4240,43,16,6,4,1d12+4,1d8+4,37,16,8,4,1d8+4,1d6+4,10.0,B
4241,50,16,5,4,1d8+4,1d6+4,43,16,8,4,1d8+4,1d8+4,0.0,B
4242,37,15,6,4,1d10+4,1d6+4,34,14,6,4,1d8+4,1d6+4,3.0,B
4243,45,15,6,4,1d10+4,1d8+4,38,15,5,4,1d8+4,1d8+4,2.0,A
4244,33,15,6,4,1d8+4,1d8+4,38,15,7,4,1d10+4,1d8+4,2.0,B
4245,40,17,5,4,1d12+4,1d8+4,37,17,8,4,1d8+4,1d8+4,0.0,B
4246,37,14,7,4,1d12+4,1d6+4,35,16,6,4,1d10+4,1d8+4,0.0,A
4247,50,17,5,4,1d10+4,1d6+4,32,14,7,4,1d8+4,1d8+4,7.0,A
4248,37,14,7,4,1d10+4,1d6+4,48,17,6,4,1d8+4,1d8+4,2.0,B
4249,46,14,8,4,1d12+4,1d8+4,35,16,8,4,1d12+4,1d8+4,2.0,A
4250,49,17,7,4,1d8+4,1d6+4,43,17,5,4,1d8+4,1d8+4,8.0,A
4251,45,18,5,4,1d12+4,1d6+4,44,14,8,4,1d10+4,1d6+4,7.0,A
4252,31,18,6,4,1d10+4,1d8+4,48,15,5,4,1d8+4,1d6+4,4.0,A
4253,49,17,7,4,1d8+4,1d6+4,47,18,7,4,1d8+4,1d6+4,3.0,B
4254,45,17,5,4,1d10+4,1d8+4,45,18,7,4,1d8+4,1d8+4,2.0,A
4255,41,18,8,4,1d10+4,1d8+4,36,15,7,4,1d10+4,1d8+4,3.0,A
4256,50,17,7,4,1d12+4,1d8+4,32,17,8,4,1d12+4,1d8+4,6.0,A
4257,49,15,8,4,1d12+4,1d8+4,50,18,6,4,1d8+4,1d6+4,0.0,B
4258,43,16,7,4,1d12+4,1d6+4,35,15,6,4,1d12+4,1d6+4,10.0,A
4259,39,17,5,4,1d8+4,1d6+4,40,15,5,4,1d8+4,1d6+4,10.0,B
4260,46,16,5,4,1d8+4,1d8+4,38,14,8,4,1d8+4,1d8+4,3.0,A
4261,40,16,5,4,1d12+4,1d8+4,44,16,7,4,1d8+4,1d6+4,3.0,B
4262,42,18,8,4,1d10+4,1d8+4,33,16,7,4,1d10+4,1d6+4,5.0,A
4263,39,16,6,4,1d8+4,1d8+4,46,18,5,4,1d10+4,1d8+4,3.0,B
4264,34,18,7,4,1d8+4,1d8+4,47,18,5,4,1d12+4,1d6+4,5.0,B
4265,36,18,5,4,1d12+4,1d8+4,40,15,8,4,1d8+4,1d6+4,10.0,A
4266,41,16,7,4,1d12+4,1d8+4,40,14,5,4,1d10+4,1d6+4,4.0,A
4267,48,17,7,4,1d8+4,1d8+4,47,14,8,4,1d8+4,1d6+4,3.0,B
4268,32,18,7,4,1d8+4,1d8+4,37,18,5,4,1d10+4,1d6+4,8.0,B
4269,45,16,8,4,1d10+4,1d6+4,40,14,5,4,1d12+4,1d6+4,2.0,A
4270,46,16,6,4,1d8+4,1d6+4,36,18,6,4,1d10+4,1d8+4,9.0,A
4271,47,18,7,4,1d10+4,1d6+4,47,16,6,4,1d12+4,1d8+4,7.0,A
4272,41,18,5,4,1d10+4,1d8+4,38,18,7,4,1d10+4,1d6+4,3.0,B
4273,41,18,7,4,1d12+4,1d8+4,33,18,6,4,1d10+4,1d6+4,6.0,A
4274,36,16,5,4,1d10+4,1d8+4,31,16,6,4,1d10+4,1d8+4,3.0,A
4275,43,18,7,4,1d10+4,1d8+4,36,14,6,4,1d10+4,1d8+4,8.0,A
4276,35,16,5,4,1d10+4,1d6+4,37,17,8,4,1d8+4,1d8+4,9.0,A
4277,50,18,8,4,1d10+4,1d6+4,37,16,7,4,1d12+4,1d6+4,10.0,A
4278,40,17,5,4,1d10+4,1d6+4,37,17,8,4,1d10+4,1d8+4,4.0,B
4279,48,17,5,4,1d12+4,1d8+4,35,18,6,4,1d10+4,1d6+4,3.0,B
4280,41,15,6,4,1d10+4,1d6+4,39,16,5,4,1d12+4,1d8+4,2.0,B
4281,43,15,5,4,1d8+4,1d8+4,37,17,7,4,1d12+4,1d8+4,7.0,A
4282,43,16,6,4,1d8+4,1d8+4,47,17,7,4,1d12+4,1d6+4,7.0,B
4283,44,16,7,4,1d8+4,1d8+4,31,16,6,4,1d8+4,1d6+4,3.0,B
4284,33,18,8,4,1d12+4,1d6+4,49,17,5,4,1d10+4,1d8+4,8.0,B
4285,46,14,6,4,1d10+4,1d6+4,49,16,5,4,1d10+4,1d8+4,1.0,A
4286,32,16,8,4,1d8+4,1d6+4,34,16,7,4,1d12+4,1d8+4,6.0,B
4287,41,15,5,4,1d8+4,1d6+4,40,17,7,4,1d12+4,1d8+4,7.0,A
4288,42,17,8,4,1d12+4,1d8+4,31,15,8,4,1d12+4,1d6+4,2.0,A
4289,36,16,7,4,1d8+4,1d6+4,43,15,6,4,1d10+4,1d6+4,2.0,B
4290,43,17,6,4,1d8+4,1d8+4,49,14,6,4,1d10+4,1d8+4,1.0,A
4291,30,15,7,4,1d10+4,1d8+4,49,17,6,4,1d8+4,1d8+4,9.0,A
4292,39,17,8,4,1d12+4,1d8+4,38,14,5,4,1d10+4,1d6+4,2.0,A
4293,41,16,6,4,1d12+4,1d8+4,49,18,5,4,1d10+4,1d8+4,5.0,B
4294,36,15,8,4,1d12+4,1d8+4,44,18,6,4,1d10+4,1d8+4,8.0,A
4295,36,17,6,4,1d10+4,1d8+4,44,17,6,4,1d8+4,1d8+4,7.0,B
4296,41,18,8,4,1d8+4,1d6+4,34,16,7,4,1d8+4,1d8+4,5.0,B
4297,43,15,8,4,1d8+4,1d8+4,35,15,7,4,1d12+4,1d6+4,9.0,A
4298,41,14,6,4,1d12+4,1d8+4,39,15,7,4,1d12+4,1d8+4,8.0,A
4299,48,17,6,4,1d12+4,1d8+4,46,16,5,4,1d10+4,1d8+4,4.0,B
4300,30,14,7,4,1d12+4,1d6+4,40,15,8,4,1d12+4,1d8+4,5.0,A
4301,41,15,6,4,1d8+4,1d6+4,50,15,6,4,1d10+4,1d8+4,5.0,A
4302,46,15,7,4,1d10+4,1d8+4,46,14,6,4,1d12+4,1d8+4,9.0,B
4303,40,15,6,4,1d12+4,1d8+4,34,16,8,4,1d12+4,1d8+4,3.0,A
4304,34,17,8,4,1d10+4,1d6+4,49,15,7,4,1d8+4,1d8+4,1.0,A
4305,42,14,6,4,1d8+4,1d8+4,36,17,8,4,1d10+4,1d6+4,7.0,B
4306,38,17,6,4,1d12+4,1d6+4,39,15,5,4,1d10+4,1d6+4,3.0,A
4307,41,16,7,4,1d12+4,1d6+4,48,14,7,4,1d10+4,1d8+4,8.0,B
4308,48,15,5,4,1d8+4,1d6+4,46,16,7,4,1d10+4,1d6+4,10.0,A
4309,34,16,6,4,1d10+4,1d6+4,45,15,8,4,1d10+4,1d8+4,0.0,A
4310,49,18,5,4,1d8+4,1d6+4,47,17,6,4,1d10+4,1d8+4,9.0,B
4311,39,18,7,4,1d8+4,1d8+4,42,18,7,4,1d10+4,1d8+4,6.0,B
4312,45,17,8,4,1d10+4,1d6+4,37,15,8,4,1d10+4,1d6+4,8.0,A
4313,34,16,6,4,1d8+4,1d6+4,42,18,6,4,1d12+4,1d6+4,1.0,B
4314,50,18,7,4,1d10+4,1d6+4,33,18,7,4,1d8+4,1d6+4,5.0,A
4315,32,16,6,4,1d12+4,1d8+4,39,17,5,4,1d10+4,1d6+4,1.0,A
4316,36,16,5,4,1d8+4,1d6+4,36,14,6,4,1d8+4,1d6+4,0.0,A
4317,44,15,5,4,1d12+4,1d6+4,46,18,6,4,1d10+4,1d8+4,1.0,B
4318,34,17,6,4,1d10+4,1d8+4,41,17,8,4,1d10+4,1d6+4,9.0,A
4319,31,17,6,4,1d10+4,1d8+4,30,14,8,4,1d10+4,1d8+4,10.0,A
4320,43,14,7,4,1d8+4,1d8+4,40,15,8,4,1d10+4,1d8+4,0.0,B
4321,37,14,7,4,1d10+4,1d8+4,40,14,8,4,1d10+4,1d8+4,5.0,B
4322,49,18,6,4,1d10+4,1d8+4,31,14,7,4,1d10+4,1d6+4,2.0,A
4323,32,18,6,4,1d8+4,1d8+4,34,17,6,4,1d8+4,1d8+4,5.0,A
4324,48,15,8,4,1d10+4,1d6+4,38,17,5,4,1d10+4,1d8+4,10.0,A
4325,47,14,7,4,1d8+4,1d8+4,32,17,8,4,1d8+4,1d8+4,0.0,A
4326,42,17,8,4,1d10+4,1d8+4,49,15,8,4,1d10+4,1d6+4,1.0,B
4327,47,16,7,4,1d8+4,1d6+4,44,17,8,4,1d10+4,1d6+4,0.0,B
4328,37,16,6,4,1d8+4,1d6+4,40,14,5,4,1d8+4,1d6+4,0.0,A
4329,33,18,8,4,1d12+4,1d6+4,44,17,6,4,1d8+4,1d8+4,5.0,A
4330,46,17,7,4,1d8+4,1d6+4,47,14,6,4,1d12+4,1d6+4,9.0,A
4331,46,14,5,4,1d12+4,1d6+4,36,18,5,4,1d8+4,1d6+4,3.0,B
4332,44,18,8,4,1d12+4,1d6+4,38,18,8,4,1d10+4,1d8+4,10.0,A
4333,37,15,7,4,1d12+4,1d8+4,40,16,5,4,1d12+4,1d8+4,6.0,A
4334,31,15,8,4,1d12+4,1d8+4,46,17,6,4,1d12+4,1d8+4,1.0,B
4335,38,18,6,4,1d10+4,1d8+4,43,18,8,4,1d12+4,1d8+4,5.0,B
4336,41,16,8,4,1d10+4,1d8+4,40,16,8,4,1d12+4,1d8+4,4.0,B
4337,35,16,5,4,1d10+4,1d8+4,47,17,8,4,1d12+4,1d6+4,1.0,A
4338,50,16,6,4,1d12+4,1d6+4,42,17,8,4,1d8+4,1d8+4,4.0,A
4339,45,17,6,4,1d10+4,1d8+4,31,15,8,4,1d8+4,1d8+4,4.0,A
4340,36,14,8,4,1d12+4,1d6+4,41,17,7,4,1d10+4,1d8+4,8.0,A
4341,45,18,8,4,1d10+4,1d8+4,34,16,5,4,1d10+4,1d8+4,3.0,A
4342,41,17,7,4,1d10+4,1d6+4,36,18,5,4,1d10+4,1d6+4,1.0,A
4343,31,14,5,4,1d8+4,1d6+4,39,17,6,4,1d10+4,1d6+4,5.0,B
4344,32,16,6,4,1d8+4,1d6+4,39,14,5,4,1d8+4,1d6+4,10.0,A
4345,38,18,8,4,1d10+4,1d6+4,49,18,5,4,1d8+4,1d8+4,0.0,B
4346,45,16,8,4,1d10+4,1d6+4,40,18,7,4,1d8+4,1d6+4,7.0,B
4347,33,18,7,4,1d10+4,1d8+4,41,17,5,4,1d12+4,1d8+4,4.0,B
4348,36,15,6,4,1d10+4,1d8+4,47,14,7,4,1d8+4,1d6+4,0.0,B
4349,36,14,7,4,1d8+4,1d6+4,47,16,6,4,1d10+4,1d8+4,9.0,B
4350,49,16,7,4,1d12+4,1d8+4,32,17,8,4,1d12+4,1d8+4,0.0,A
4351,31,17,8,4,1d8+4,1d6+4,41,14,8,4,1d10+4,1d6+4,4.0,A
4352,31,15,7,4,1d8+4,1d6+4,42,16,6,4,1d12+4,1d6+4,8.0,B
4353,47,16,8,4,1d12+4,1d8+4,30,18,6,4,1d8+4,1d6+4,6.0,A
4354,34,16,7,4,1d8+4,1d8+4,36,18,5,4,1d12+4,1d6+4,8.0,B
4355,30,15,7,4,1d10+4,1d8+4,30,14,8,4,1d8+4,1d8+4,3.0,A
4356,50,15,7,4,1d8+4,1d6+4,37,17,7,4,1d8+4,1d6+4,8.0,B
4357,44,16,6,4,1d12+4,1d6+4,47,18,5,4,1d10+4,1d6+4,8.0,B
4358,37,14,8,4,1d10+4,1d8+4,39,18,7,4,1d12+4,1d6+4,2.0,B
4359,49,16,5,4,1d8+4,1d8+4,42,16,8,4,1d10+4,1d8+4,7.0,A
4360,37,14,6,4,1d8+4,1d6+4,50,18,8,4,1d12+4,1d8+4,9.0,B
4361,36,15,6,4,1d12+4,1d8+4,37,14,5,4,1d8+4,1d8+4,9.0,B
4362,37,17,7,4,1d8+4,1d8+4,30,16,6,4,1d12+4,1d6+4,3.0,A
4363,43,18,7,4,1d12+4,1d6+4,33,16,7,4,1d10+4,1d8+4,1.0,A
4364,39,14,7,4,1d8+4,1d6+4,38,16,6,4,1d12+4,1d8+4,3.0,B
4365,35,16,6,4,1d10+4,1d6+4,43,16,8,4,1d12+4,1d8+4,10.0,B
4366,32,15,5,4,1d10+4,1d6+4,33,15,5,4,1d8+4,1d6+4,3.0,B
4367,36,15,8,4,1d10+4,1d8+4,48,17,6,4,1d12+4,1d6+4,9.0,B
4368,31,17,7,4,1d12+4,1d8+4,43,16,8,4,1d10+4,1d8+4,4.0,A
4369,33,17,7,4,1d8+4,1d6+4,30,17,8,4,1d12+4,1d8+4,6.0,B
4370,30,15,7,4,1d10+4,1d8+4,50,16,6,4,1d10+4,1d6+4,5.0,B
4371,43,17,5,4,1d12+4,1d8+4,32,17,8,4,1d12+4,1d6+4,1.0,A
4372,34,14,8,4,1d12+4,1d8+4,40,14,6,4,1d12+4,1d6+4,5.0,B
4373,45,18,8,4,1d8+4,1d8+4,43,15,5,4,1d10+4,1d6+4,10.0,A
4374,44,18,5,4,1d12+4,1d6+4,46,17,7,4,1d12+4,1d8+4,5.0,A
4375,37,14,5,4,1d8+4,1d8+4,41,15,5,4,1d10+4,1d6+4,2.0,B
4376,50,18,7,4,1d8+4,1d6+4,40,15,5,4,1d12+4,1d8+4,8.0,A
4377,35,18,7,4,1d8+4,1d6+4,50,16,7,4,1d12+4,1d6+4,10.0,A
4378,33,18,8,4,1d12+4,1d8+4,50,17,7,4,1d10+4,1d6+4,6.0,A
4379,48,16,6,4,1d8+4,1d6+4,49,18,5,4,1d10+4,1d6+4,10.0,A
4380,34,16,6,4,1d8+4,1d8+4,37,17,7,4,1d8+4,1d6+4,2.0,A
4381,42,17,6,4,1d8+4,1d8+4,34,16,7,4,1d8+4,1d6+4,7.0,A
4382,37,17,6,4,1d10+4,1d8+4,47,15,7,4,1d12+4,1d8+4,5.0,A
4383,46,14,8,4,1d12+4,1d8+4,44,18,7,4,1d10+4,1d8+4,2.0,A
4384,43,18,6,4,1d12+4,1d6+4,31,16,6,4,1d12+4,1d8+4,5.0,A
4385,36,18,6,4,1d12+4,1d8+4,36,15,7,4,1d10+4,1d6+4,7.0,A
4386,47,16,5,4,1d10+4,1d8+4,30,17,6,4,1d12+4,1d6+4,4.0,B
4387,47,16,8,4,1d12+4,1d8+4,50,17,5,4,1d12+4,1d8+4,10.0,B
4388,35,16,7,4,1d12+4,1d6+4,41,16,8,4,1d8+4,1d8+4,0.0,A
4389,49,17,8,4,1d12+4,1d6+4,37,16,5,4,1d10+4,1d8+4,1.0,A
4390,31,14,5,4,1d10+4,1d8+4,35,14,5,4,1d10+4,1d6+4,2.0,A
4391,36,14,7,4,1d12+4,1d6+4,38,16,6,4,1d8+4,1d8+4,5.0,A
4392,36,16,6,4,1d8+4,1d8+4,45,14,6,4,1d8+4,1d6+4,9.0,B
4393,39,18,7,4,1d10+4,1d8+4,40,16,6,4,1d8+4,1d8+4,5.0,A
4394,35,17,5,4,1d10+4,1d6+4,36,16,7,4,1d10+4,1d8+4,3.0,A
4395,50,17,5,4,1d12+4,1d8+4,35,14,8,4,1d8+4,1d8+4,0.0,A
4396,44,18,6,4,1d10+4,1d8+4,41,15,8,4,1d12+4,1d8+4,7.0,B
4397,33,14,6,4,1d12+4,1d8+4,50,18,7,4,1d12+4,1d6+4,10.0,A
4398,38,18,5,4,1d8+4,1d6+4,43,17,6,4,1d12+4,1d8+4,6.0,A
4399,45,15,5,4,1d12+4,1d8+4,32,15,8,4,1d8+4,1d8+4,6.0,A
4400,50,15,7,4,1d8+4,1d6+4,43,16,8,4,1d12+4,1d6+4,7.0,A
4401,44,17,8,4,1d10+4,1d6+4,34,15,8,4,1d8+4,1d8+4,8.0,A
4402,39,14,7,4,1d8+4,1d8+4,34,16,6,4,1d12+4,1d8+4,2.0,B
4403,34,14,6,4,1d12+4,1d8+4,32,15,7,4,1d8+4,1d8+4,4.0,B
4404,43,14,7,4,1d10+4,1d8+4,34,14,6,4,1d12+4,1d8+4,8.0,A
4405,33,15,7,4,1d10+4,1d6+4,46,18,5,4,1d8+4,1d8+4,6.0,B
4406,38,18,7,4,1d8+4,1d6+4,37,16,8,4,1d12+4,1d8+4,8.0,B
4407,31,15,8,4,1d8+4,1d8+4,35,15,5,4,1d8+4,1d6+4,4.0,B
4408,48,14,6,4,1d8+4,1d8+4,49,14,6,4,1d8+4,1d6+4,3.0,A
4409,42,18,7,4,1d12+4,1d6+4,39,16,7,4,1d12+4,1d6+4,3.0,A
4410,49,17,5,4,1d12+4,1d8+4,34,16,6,4,1d12+4,1d6+4,6.0,A
4411,41,17,6,4,1d12+4,1d6+4,44,15,5,4,1d8+4,1d6+4,6.0,A
4412,43,17,6,4,1d10+4,1d6+4,38,18,5,4,1d10+4,1d6+4,5.0,A
4413,43,18,7,4,1d10+4,1d8+4,47,18,7,4,1d12+4,1d6+4,1.0,B
4414,40,14,5,4,1d10+4,1d6+4,38,17,7,4,1d10+4,1d6+4,9.0,A
4415,32,17,6,4,1d8+4,1d8+4,31,15,8,4,1d12+4,1d6+4,4.0,B
4416,48,14,6,4,1d8+4,1d6+4,31,17,8,4,1d10+4,1d8+4,10.0,A
4417,44,16,6,4,1d8+4,1d6+4,50,18,6,4,1d10+4,1d6+4,1.0,A
4418,36,15,8,4,1d10+4,1d8+4,40,14,6,4,1d8+4,1d8+4,2.0,A
4419,48,18,8,4,1d8+4,1d6+4,37,17,6,4,1d10+4,1d8+4,3.0,A
4420,39,17,7,4,1d12+4,1d6+4,46,16,8,4,1d8+4,1d8+4,2.0,A
4421,36,16,6,4,1d8+4,1d8+4,30,18,7,4,1d12+4,1d6+4,0.0,B
4422,32,14,5,4,1d8+4,1d8+4,44,18,8,4,1d12+4,1d8+4,4.0,B
4423,31,14,7,4,1d8+4,1d8+4,31,15,8,4,1d12+4,1d8+4,3.0,B
4424,40,17,7,4,1d12+4,1d6+4,36,17,8,4,1d12+4,1d6+4,10.0,B
4425,30,17,5,4,1d10+4,1d8+4,47,17,5,4,1d10+4,1d8+4,8.0,B
4426,49,15,6,4,1d10+4,1d8+4,36,17,5,4,1d8+4,1d6+4,1.0,A
4427,37,18,8,4,1d12+4,1d6+4,32,17,8,4,1d8+4,1d8+4,1.0,A
4428,48,15,6,4,1d10+4,1d6+4,37,14,7,4,1d8+4,1d8+4,2.0,A
4429,42,14,5,4,1d8+4,1d6+4,43,16,6,4,1d8+4,1d8+4,0.0,B
4430,50,18,8,4,1d12+4,1d8+4,50,17,8,4,1d8+4,1d6+4,7.0,B
4431,42,16,5,4,1d12+4,1d8+4,33,14,8,4,1d10+4,1d6+4,3.0,B
4432,38,14,5,4,1d12+4,1d6+4,34,16,6,4,1d8+4,1d8+4,2.0,B
4433,43,18,5,4,1d12+4,1d8+4,46,17,5,4,1d10+4,1d6+4,8.0,B
4434,46,15,7,4,1d12+4,1d8+4,39,14,6,4,1d8+4,1d8+4,4.0,B
4435,36,16,8,4,1d12+4,1d8+4,36,17,5,4,1d10+4,1d6+4,1.0,B
4436,39,17,5,4,1d10+4,1d8+4,44,14,7,4,1d12+4,1d8+4,9.0,A
4437,50,15,8,4,1d12+4,1d6+4,42,17,7,4,1d8+4,1d8+4,8.0,A
4438,41,17,5,4,1d12+4,1d6+4,41,15,6,4,1d12+4,1d6+4,8.0,A
4439,46,18,7,4,1d8+4,1d6+4,33,18,7,4,1d8+4,1d8+4,5.0,A
4440,50,17,8,4,1d8+4,1d8+4,50,18,5,4,1d10+4,1d8+4,10.0,B
4441,40,17,7,4,1d12+4,1d8+4,42,18,7,4,1d10+4,1d8+4,6.0,A
4442,34,18,6,4,1d8+4,1d6+4,46,18,6,4,1d10+4,1d6+4,10.0,B
4443,44,15,6,4,1d10+4,1d6+4,34,14,8,4,1d10+4,1d8+4,5.0,A
4444,36,18,7,4,1d10+4,1d6+4,40,14,5,4,1d10+4,1d6+4,1.0,A
4445,34,16,5,4,1d8+4,1d6+4,36,18,5,4,1d12+4,1d8+4,3.0,B
4446,47,17,6,4,1d10+4,1d6+4,46,17,6,4,1d10+4,1d6+4,8.0,B
4447,49,14,8,4,1d12+4,1d6+4,32,17,8,4,1d10+4,1d6+4,3.0,A
4448,41,15,5,4,1d8+4,1d6+4,43,15,7,4,1d8+4,1d8+4,9.0,A
4449,49,18,5,4,1d8+4,1d8+4,43,14,8,4,1d12+4,1d6+4,10.0,B
4450,40,14,8,4,1d8+4,1d6+4,38,17,5,4,1d10+4,1d6+4,3.0,A
4451,46,18,5,4,1d8+4,1d6+4,33,14,6,4,1d8+4,1d8+4,2.0,A
4452,42,16,5,4,1d8+4,1d6+4,30,14,5,4,1d10+4,1d6+4,10.0,A
4453,33,14,8,4,1d10+4,1d8+4,41,14,7,4,1d12+4,1d8+4,0.0,A
4454,34,16,8,4,1d8+4,1d6+4,41,16,6,4,1d8+4,1d6+4,3.0,B
4455,35,17,8,4,1d12+4,1d8+4,43,14,6,4,1d12+4,1d8+4,9.0,A
4456,50,14,6,4,1d8+4,1d8+4,42,18,7,4,1d10+4,1d8+4,0.0,A
4457,34,16,6,4,1d12+4,1d8+4,31,17,6,4,1d12+4,1d6+4,8.0,A
4458,32,17,6,4,1d12+4,1d6+4,43,17,5,4,1d8+4,1d8+4,2.0,B
4459,34,14,6,4,1d12+4,1d8+4,30,18,8,4,1d12+4,1d6+4,3.0,B
4460,41,15,5,4,1d10+4,1d8+4,47,15,8,4,1d12+4,1d6+4,2.0,B
4461,31,14,6,4,1d12+4,1d8+4,45,15,8,4,1d10+4,1d8+4,2.0,B
4462,37,16,7,4,1d10+4,1d6+4,44,18,7,4,1d12+4,1d8+4,2.0,A
4463,38,15,6,4,1d8+4,1d6+4,43,14,6,4,1d8+4,1d8+4,2.0,A
4464,44,16,6,4,1d12+4,1d6+4,41,15,8,4,1d12+4,1d6+4,5.0,A
4465,43,15,6,4,1d8+4,1d8+4,41,17,5,4,1d12+4,1d8+4,9.0,B
4466,43,18,5,4,1d12+4,1d8+4,46,18,8,4,1d12+4,1d8+4,2.0,A
4467,47,17,7,4,1d8+4,1d6+4,39,16,6,4,1d8+4,1d6+4,7.0,A
4468,41,16,8,4,1d8+4,1d6+4,32,15,8,4,1d8+4,1d8+4,7.0,A
4469,34,15,8,4,1d10+4,1d8+4,30,18,5,4,1d12+4,1d8+4,7.0,A
4470,41,16,8,4,1d8+4,1d8+4,38,15,5,4,1d10+4,1d6+4,10.0,A
4471,44,17,6,4,1d8+4,1d6+4,48,18,5,4,1d12+4,1d6+4,10.0,A
4472,43,14,8,4,1d10+4,1d6+4,47,16,6,4,1d8+4,1d8+4,8.0,A
4473,46,14,6,4,1d10+4,1d8+4,38,16,7,4,1d12+4,1d8+4,3.0,A
4474,47,18,8,4,1d8+4,1d6+4,39,15,6,4,1d10+4,1d8+4,6.0,A
4475,32,14,5,4,1d10+4,1d8+4,50,17,8,4,1d8+4,1d6+4,9.0,B
4476,37,17,6,4,1d8+4,1d6+4,42,14,6,4,1d8+4,1d6+4,1.0,B
4477,39,16,6,4,1d8+4,1d8+4,37,14,8,4,1d10+4,1d6+4,2.0,B
4478,38,18,8,4,1d8+4,1d8+4,31,17,5,4,1d10+4,1d8+4,0.0,B
4479,45,15,5,4,1d10+4,1d8+4,50,17,5,4,1d10+4,1d8+4,4.0,B
4480,46,17,8,4,1d10+4,1d8+4,35,14,8,4,1d8+4,1d6+4,2.0,A
4481,31,17,8,4,1d12+4,1d8+4,36,16,5,4,1d10+4,1d8+4,1.0,A
4482,42,16,7,4,1d10+4,1d6+4,39,14,8,4,1d8+4,1d8+4,10.0,A
4483,50,15,5,4,1d12+4,1d8+4,34,14,6,4,1d10+4,1d8+4,10.0,B
4484,42,18,5,4,1d8+4,1d8+4,46,14,6,4,1d12+4,1d6+4,4.0,A
4485,34,15,6,4,1d12+4,1d6+4,45,18,5,4,1d10+4,1d6+4,8.0,B
4486,34,18,5,4,1d8+4,1d8+4,34,14,7,4,1d8+4,1d8+4,6.0,A
4487,45,14,5,4,1d8+4,1d6+4,35,16,7,4,1d12+4,1d6+4,8.0,B
4488,39,14,5,4,1d12+4,1d8+4,32,18,7,4,1d12+4,1d6+4,2.0,A
4489,31,17,8,4,1d10+4,1d6+4,48,16,8,4,1d8+4,1d6+4,2.0,B
4490,35,18,8,4,1d10+4,1d6+4,41,16,6,4,1d8+4,1d6+4,7.0,A
4491,30,15,6,4,1d12+4,1d8+4,37,14,5,4,1d10+4,1d8+4,8.0,B
4492,46,15,5,4,1d10+4,1d8+4,49,16,5,4,1d12+4,1d6+4,6.0,B
4493,33,16,7,4,1d10+4,1d6+4,49,16,6,4,1d8+4,1d6+4,3.0,A
4494,36,16,8,4,1d8+4,1d8+4,34,18,7,4,1d12+4,1d6+4,4.0,B
4495,44,15,7,4,1d8+4,1d6+4,34,15,8,4,1d8+4,1d8+4,2.0,A
4496,46,15,5,4,1d12+4,1d8+4,49,15,5,4,1d12+4,1d6+4,8.0,A
4497,50,18,5,4,1d10+4,1d8+4,44,18,8,4,1d10+4,1d6+4,0.0,A
4498,39,16,8,4,1d10+4,1d6+4,37,18,8,4,1d10+4,1d6+4,10.0,B
4499,43,14,6,4,1d12+4,1d8+4,38,17,5,4,1d8+4,1d6+4,1.0,B
4500,35,14,6,4,1d10+4,1d6+4,39,17,5,4,1d12+4,1d8+4,5.0,B
4501,46,17,6,4,1d8+4,1d6+4,33,17,5,4,1d10+4,1d8+4,4.0,B
4502,30,18,5,4,1d12+4,1d8+4,33,15,8,4,1d8+4,1d6+4,0.0,A
4503,50,14,6,4,1d12+4,1d8+4,36,17,7,4,1d10+4,1d6+4,6.0,B
4504,32,15,8,4,1d10+4,1d6+4,42,16,8,4,1d10+4,1d8+4,0.0,B
4505,33,14,6,4,1d8+4,1d6+4,48,14,7,4,1d8+4,1d6+4,5.0,B
4506,49,15,8,4,1d12+4,1d8+4,31,16,6,4,1d10+4,1d8+4,9.0,A
4507,48,18,8,4,1d12+4,1d6+4,41,14,8,4,1d12+4,1d8+4,3.0,A
4508,43,14,7,4,1d12+4,1d8+4,40,15,5,4,1d12+4,1d8+4,5.0,B
4509,34,17,5,4,1d8+4,1d8+4,49,18,8,4,1d10+4,1d8+4,4.0,B
4510,40,16,5,4,1d12+4,1d6+4,47,14,6,4,1d8+4,1d8+4,9.0,A
4511,40,17,7,4,1d12+4,1d6+4,35,14,5,4,1d10+4,1d8+4,2.0,B
4512,49,14,5,4,1d8+4,1d8+4,42,15,7,4,1d12+4,1d6+4,2.0,B
4513,31,16,7,4,1d10+4,1d6+4,50,15,6,4,1d10+4,1d6+4,5.0,A
4514,43,18,6,4,1d12+4,1d6+4,48,15,7,4,1d8+4,1d8+4,9.0,B
4515,31,15,6,4,1d12+4,1d6+4,34,14,6,4,1d12+4,1d6+4,9.0,B
4516,36,15,5,4,1d10+4,1d6+4,35,16,7,4,1d10+4,1d6+4,4.0,B
4517,46,17,5,4,1d8+4,1d8+4,40,18,5,4,1d10+4,1d6+4,2.0,A
4518,31,17,7,4,1d8+4,1d6+4,48,16,7,4,1d8+4,1d6+4,8.0,A
4519,37,17,8,4,1d8+4,1d6+4,45,18,7,4,1d12+4,1d8+4,7.0,B
4520,32,16,8,4,1d12+4,1d8+4,43,14,5,4,1d10+4,1d6+4,1.0,A
4521,37,14,5,4,1d8+4,1d8+4,46,17,8,4,1d10+4,1d6+4,0.0,A
4522,37,14,5,4,1d10+4,1d6+4,32,14,6,4,1d10+4,1d8+4,1.0,A
4523,34,18,7,4,1d10+4,1d8+4,46,16,8,4,1d8+4,1d8+4,5.0,A
4524,32,17,6,4,1d8+4,1d8+4,46,16,5,4,1d8+4,1d8+4,10.0,B
4525,47,15,5,4,1d10+4,1d6+4,50,15,8,4,1d8+4,1d6+4,7.0,A
4526,47,18,8,4,1d10+4,1d6+4,36,17,7,4,1d8+4,1d6+4,2.0,A
4527,33,17,8,4,1d10+4,1d6+4,34,14,5,4,1d12+4,1d8+4,1.0,A
4528,31,15,5,4,1d10+4,1d8+4,33,18,6,4,1d10+4,1d6+4,6.0,A
4529,43,14,6,4,1d12+4,1d8+4,46,14,8,4,1d10+4,1d8+4,2.0,B
4530,30,16,5,4,1d8+4,1d6+4,41,14,8,4,1d10+4,1d6+4,7.0,B
4531,48,18,8,4,1d10+4,1d6+4,49,17,5,4,1d8+4,1d6+4,0.0,A
4532,43,14,6,4,1d10+4,1d6+4,38,15,8,4,1d8+4,1d8+4,5.0,B
4533,33,18,5,4,1d10+4,1d6+4,46,15,7,4,1d8+4,1d6+4,4.0,B
4534,45,15,5,4,1d8+4,1d8+4,38,14,8,4,1d8+4,1d6+4,3.0,B
4535,50,14,7,4,1d8+4,1d6+4,42,14,7,4,1d10+4,1d6+4,7.0,A
4536,34,17,8,4,1d10+4,1d6+4,33,17,7,4,1d12+4,1d6+4,5.0,A
4537,32,17,5,4,1d12+4,1d8+4,50,15,6,4,1d10+4,1d8+4,7.0,B
4538,30,15,8,4,1d10+4,1d6+4,44,14,8,4,1d8+4,1d6+4,3.0,B
4539,47,16,5,4,1d12+4,1d8+4,43,16,8,4,1d8+4,1d6+4,5.0,A
4540,44,18,6,4,1d12+4,1d8+4,45,16,5,4,1d12+4,1d6+4,9.0,A
4541,48,15,8,4,1d8+4,1d6+4,38,16,8,4,1d12+4,1d8+4,6.0,A
4542,42,15,6,4,1d10+4,1d6+4,32,15,8,4,1d12+4,1d8+4,2.0,B
4543,48,17,7,4,1d10+4,1d8+4,39,17,6,4,1d8+4,1d8+4,8.0,B
4544,50,16,7,4,1d8+4,1d6+4,45,15,8,4,1d10+4,1d6+4,7.0,A
4545,35,17,8,4,1d12+4,1d8+4,33,16,8,4,1d12+4,1d8+4,10.0,A
4546,50,16,8,4,1d12+4,1d8+4,43,15,8,4,1d8+4,1d8+4,9.0,A
4547,31,15,5,4,1d10+4,1d6+4,38,14,6,4,1d8+4,1d6+4,3.0,A
4548,35,16,7,4,1d10+4,1d6+4,46,16,5,4,1d10+4,1d8+4,6.0,B
4549,50,17,7,4,1d8+4,1d6+4,46,15,8,4,1d8+4,1d6+4,9.0,B
4550,34,14,5,4,1d12+4,1d6+4,47,14,8,4,1d10+4,1d6+4,3.0,B
4551,36,14,7,4,1d8+4,1d8+4,46,18,6,4,1d8+4,1d6+4,2.0,B
4552,46,16,7,4,1d10+4,1d8+4,39,15,5,4,1d8+4,1d8+4,7.0,A
4553,41,14,8,4,1d12+4,1d6+4,33,15,7,4,1d10+4,1d6+4,0.0,B
4554,40,15,6,4,1d8+4,1d6+4,50,17,5,4,1d12+4,1d8+4,7.0,A
4555,30,15,7,4,1d12+4,1d8+4,38,14,6,4,1d12+4,1d8+4,8.0,A
4556,35,14,8,4,1d10+4,1d8+4,49,18,6,4,1d12+4,1d6+4,4.0,B
4557,44,18,8,4,1d12+4,1d6+4,45,17,5,4,1d12+4,1d8+4,8.0,B
4558,45,14,8,4,1d8+4,1d6+4,49,17,7,4,1d12+4,1d6+4,7.0,B
4559,45,16,5,4,1d10+4,1d8+4,47,16,5,4,1d10+4,1d6+4,10.0,B
4560,44,18,5,4,1d8+4,1d6+4,43,16,5,4,1d10+4,1d8+4,8.0,A
4561,43,18,5,4,1d8+4,1d6+4,49,17,5,4,1d8+4,1d6+4,1.0,B
4562,44,14,5,4,1d10+4,1d6+4,36,18,5,4,1d12+4,1d8+4,9.0,B
4563,38,14,5,4,1d10+4,1d8+4,40,15,7,4,1d10+4,1d8+4,8.0,B
4564,45,14,5,4,1d12+4,1d8+4,43,15,7,4,1d10+4,1d8+4,3.0,B
4565,41,16,8,4,1d12+4,1d6+4,49,16,6,4,1d8+4,1d8+4,3.0,A
4566,35,14,8,4,1d12+4,1d8+4,35,15,5,4,1d12+4,1d6+4,6.0,B
4567,30,14,7,4,1d10+4,1d8+4,40,16,8,4,1d8+4,1d6+4,5.0,B
4568,42,17,7,4,1d8+4,1d8+4,35,15,7,4,1d12+4,1d6+4,6.0,B
4569,37,14,6,4,1d12+4,1d8+4,49,15,6,4,1d8+4,1d8+4,1.0,A
4570,47,16,7,4,1d12+4,1d6+4,42,18,8,4,1d10+4,1d8+4,8.0,A
4571,32,15,8,4,1d10+4,1d6+4,35,18,5,4,1d8+4,1d8+4,7.0,A
4572,40,15,5,4,1d10+4,1d6+4,47,16,5,4,1d8+4,1d6+4,9.0,B
4573,38,14,8,4,1d10+4,1d6+4,43,16,8,4,1d10+4,1d8+4,3.0,A
4574,33,14,8,4,1d8+4,1d8+4,40,15,8,4,1d8+4,1d8+4,6.0,B
4575,33,17,8,4,1d12+4,1d6+4,37,14,6,4,1d10+4,1d6+4,9.0,B
4576,39,14,8,4,1d8+4,1d6+4,33,16,8,4,1d8+4,1d8+4,5.0,B
4577,41,16,5,4,1d10+4,1d8+4,49,16,7,4,1d12+4,1d8+4,6.0,B
4578,40,16,6,4,1d10+4,1d6+4,44,17,8,4,1d10+4,1d6+4,9.0,A
4579,36,18,8,4,1d10+4,1d6+4,48,17,6,4,1d8+4,1d8+4,4.0,B
4580,44,16,8,4,1d8+4,1d8+4,33,16,6,4,1d8+4,1d6+4,2.0,A
4581,40,14,6,4,1d12+4,1d8+4,47,15,7,4,1d12+4,1d6+4,6.0,B
4582,49,16,6,4,1d8+4,1d8+4,35,17,5,4,1d12+4,1d8+4,7.0,A
4583,32,18,5,4,1d8+4,1d6+4,43,15,8,4,1d8+4,1d8+4,10.0,A
4584,48,15,5,4,1d10+4,1d8+4,32,15,5,4,1d10+4,1d6+4,9.0,A
4585,30,14,7,4,1d8+4,1d8+4,40,14,7,4,1d12+4,1d6+4,0.0,B
4586,35,14,5,4,1d10+4,1d6+4,43,17,6,4,1d10+4,1d6+4,4.0,B
4587,33,18,6,4,1d8+4,1d8+4,38,15,5,4,1d8+4,1d8+4,5.0,B
4588,30,14,8,4,1d12+4,1d6+4,39,16,5,4,1d8+4,1d6+4,8.0,A
4589,35,15,8,4,1d10+4,1d6+4,34,17,7,4,1d12+4,1d6+4,0.0,A
4590,41,18,7,4,1d12+4,1d8+4,37,17,6,4,1d8+4,1d8+4,3.0,A
4591,44,16,7,4,1d12+4,1d8+4,49,18,6,4,1d12+4,1d8+4,6.0,B
4592,37,15,7,4,1d10+4,1d8+4,32,17,8,4,1d8+4,1d8+4,5.0,A
4593,33,18,7,4,1d10+4,1d8+4,44,14,6,4,1d10+4,1d8+4,7.0,A
4594,47,18,5,4,1d10+4,1d8+4,47,16,6,4,1d8+4,1d8+4,10.0,A
4595,31,18,7,4,1d8+4,1d8+4,45,18,7,4,1d12+4,1d6+4,7.0,B
4596,39,18,6,4,1d10+4,1d6+4,42,16,7,4,1d10+4,1d8+4,9.0,B
4597,32,16,7,4,1d12+4,1d8+4,34,14,5,4,1d12+4,1d6+4,8.0,A
4598,49,14,6,4,1d8+4,1d8+4,41,17,7,4,1d8+4,1d6+4,9.0,A
4599,37,15,5,4,1d8+4,1d6+4,38,14,6,4,1d10+4,1d8+4,7.0,B
4600,44,17,5,4,1d10+4,1d6+4,48,17,6,4,1d8+4,1d6+4,3.0,A
4601,46,14,8,4,1d12+4,1d8+4,46,16,5,4,1d12+4,1d8+4,2.0,B
4602,38,17,8,4,1d12+4,1d8+4,35,17,8,4,1d8+4,1d6+4,6.0,A
4603,36,14,5,4,1d12+4,1d6+4,49,16,6,4,1d12+4,1d6+4,5.0,B
4604,33,18,8,4,1d8+4,1d8+4,48,16,6,4,1d10+4,1d8+4,4.0,A
4605,30,18,7,4,1d12+4,1d6+4,50,14,7,4,1d12+4,1d6+4,4.0,A
4606,34,15,6,4,1d8+4,1d8+4,36,15,6,4,1d8+4,1d6+4,3.0,A
4607,40,14,8,4,1d10+4,1d6+4,34,16,8,4,1d8+4,1d6+4,0.0,B
4608,33,15,8,4,1d12+4,1d6+4,30,14,6,4,1d8+4,1d8+4,10.0,A
4609,37,15,7,4,1d10+4,1d6+4,38,15,8,4,1d10+4,1d6+4,2.0,B
4610,45,15,8,4,1d8+4,1d8+4,31,16,8,4,1d12+4,1d8+4,5.0,A
4611,44,16,6,4,1d12+4,1d8+4,42,16,5,4,1d8+4,1d8+4,7.0,A
4612,46,18,7,4,1d8+4,1d8+4,38,17,6,4,1d8+4,1d8+4,0.0,A
4613,34,14,7,4,1d8+4,1d8+4,50,14,6,4,1d8+4,1d8+4,1.0,B
4614,30,14,6,4,1d8+4,1d8+4,32,14,5,4,1d10+4,1d6+4,7.0,B
4615,42,16,6,4,1d8+4,1d6+4,46,18,5,4,1d8+4,1d8+4,8.0,A
4616,47,16,7,4,1d12+4,1d8+4,39,16,5,4,1d10+4,1d8+4,5.0,A
4617,42,14,5,4,1d12+4,1d6+4,33,14,6,4,1d10+4,1d8+4,3.0,A
4618,48,18,8,4,1d12+4,1d8+4,34,16,7,4,1d10+4,1d8+4,3.0,A
4619,30,14,8,4,1d12+4,1d6+4,48,16,8,4,1d8+4,1d8+4,8.0,A
4620,34,17,5,4,1d12+4,1d6+4,30,17,6,4,1d10+4,1d8+4,7.0,A
4621,35,14,5,4,1d12+4,1d6+4,45,16,6,4,1d10+4,1d6+4,2.0,B
4622,31,16,8,4,1d12+4,1d6+4,37,18,5,4,1d10+4,1d6+4,3.0,A
4623,49,15,7,4,1d12+4,1d6+4,36,16,5,4,1d12+4,1d8+4,7.0,B
4624,47,16,7,4,1d12+4,1d8+4,38,16,5,4,1d12+4,1d6+4,1.0,A
4625,42,15,7,4,1d10+4,1d6+4,39,14,6,4,1d12+4,1d8+4,1.0,A
4626,33,16,7,4,1d10+4,1d6+4,39,14,7,4,1d8+4,1d6+4,1.0,B
4627,31,17,6,4,1d8+4,1d8+4,48,18,6,4,1d8+4,1d8+4,1.0,B
4628,46,15,8,4,1d12+4,1d6+4,32,14,7,4,1d12+4,1d6+4,10.0,A
4629,47,16,6,4,1d12+4,1d8+4,33,16,8,4,1d10+4,1d6+4,0.0,A
4630,44,17,7,4,1d8+4,1d6+4,44,16,8,4,1d10+4,1d6+4,1.0,B
4631,33,18,7,4,1d8+4,1d8+4,44,15,5,4,1d10+4,1d8+4,1.0,A
4632,43,14,8,4,1d12+4,1d6+4,38,18,6,4,1d8+4,1d8+4,6.0,B
4633,30,15,7,4,1d10+4,1d8+4,47,14,5,4,1d12+4,1d6+4,3.0,B
4634,32,17,8,4,1d12+4,1d8+4,30,17,5,4,1d12+4,1d6+4,4.0,B
4635,48,18,6,4,1d8+4,1d6+4,50,17,8,4,1d10+4,1d8+4,8.0,A
4636,42,14,8,4,1d10+4,1d6+4,43,17,5,4,1d10+4,1d8+4,3.0,B
4637,31,18,7,4,1d10+4,1d8+4,36,14,5,4,1d12+4,1d8+4,6.0,A
4638,41,15,6,4,1d12+4,1d8+4,34,15,8,4,1d8+4,1d6+4,8.0,A
4639,40,17,7,4,1d10+4,1d6+4,48,14,6,4,1d10+4,1d8+4,2.0,B
4640,50,18,8,4,1d12+4,1d8+4,46,14,8,4,1d10+4,1d8+4,9.0,A
4641,44,15,7,4,1d12+4,1d8+4,35,15,5,4,1d8+4,1d6+4,0.0,B
4642,43,18,7,4,1d12+4,1d6+4,37,14,6,4,1d10+4,1d8+4,4.0,A
4643,34,15,7,4,1d10+4,1d6+4,36,17,7,4,1d10+4,1d6+4,7.0,B
4644,44,17,8,4,1d10+4,1d8+4,31,15,8,4,1d10+4,1d6+4,3.0,A
4645,48,16,5,4,1d10+4,1d8+4,46,15,5,4,1d12+4,1d8+4,6.0,A
4646,34,14,5,4,1d12+4,1d6+4,34,14,6,4,1d10+4,1d6+4,9.0,A
4647,45,14,8,4,1d12+4,1d8+4,39,14,8,4,1d10+4,1d6+4,10.0,B
4648,39,18,8,4,1d12+4,1d6+4,42,17,5,4,1d8+4,1d8+4,6.0,B
4649,45,18,7,4,1d8+4,1d6+4,35,18,6,4,1d10+4,1d6+4,5.0,A
4650,34,15,6,4,1d8+4,1d6+4,35,14,6,4,1d8+4,1d6+4,2.0,A
4651,49,18,6,4,1d8+4,1d6+4,34,14,5,4,1d10+4,1d8+4,8.0,A
4652,38,18,8,4,1d8+4,1d8+4,48,16,5,4,1d8+4,1d6+4,1.0,B
4653,30,15,6,4,1d12+4,1d6+4,41,14,6,4,1d10+4,1d8+4,4.0,B
4654,35,17,6,4,1d8+4,1d6+4,48,16,7,4,1d8+4,1d6+4,4.0,B
4655,32,18,5,4,1d10+4,1d6+4,43,15,7,4,1d12+4,1d8+4,5.0,A
4656,31,17,8,4,1d12+4,1d8+4,39,16,7,4,1d12+4,1d6+4,6.0,A
4657,46,18,7,4,1d8+4,1d6+4,50,18,8,4,1d10+4,1d8+4,2.0,B
4658,41,14,7,4,1d8+4,1d8+4,43,17,6,4,1d12+4,1d8+4,9.0,B
4659,40,16,8,4,1d10+4,1d8+4,47,18,7,4,1d8+4,1d8+4,8.0,A
4660,44,15,8,4,1d8+4,1d6+4,41,17,8,4,1d10+4,1d6+4,8.0,A
4661,32,17,8,4,1d10+4,1d8+4,50,16,5,4,1d8+4,1d6+4,6.0,A
4662,37,15,8,4,1d10+4,1d6+4,40,15,7,4,1d10+4,1d6+4,4.0,B
4663,40,18,7,4,1d8+4,1d8+4,31,15,7,4,1d8+4,1d6+4,1.0,A
4664,48,15,6,4,1d10+4,1d8+4,36,16,6,4,1d12+4,1d8+4,6.0,A
4665,40,18,5,4,1d12+4,1d8+4,32,17,5,4,1d12+4,1d8+4,0.0,A
4666,37,17,7,4,1d10+4,1d6+4,32,14,6,4,1d8+4,1d6+4,7.0,A
4667,47,18,8,4,1d12+4,1d6+4,48,15,6,4,1d8+4,1d6+4,7.0,A
4668,48,16,8,4,1d8+4,1d6+4,34,17,8,4,1d8+4,1d8+4,2.0,A
4669,33,15,5,4,1d12+4,1d6+4,32,15,7,4,1d8+4,1d8+4,5.0,B
4670,43,17,5,4,1d12+4,1d6+4,50,14,6,4,1d10+4,1d6+4,8.0,A
4671,41,18,6,4,1d12+4,1d8+4,37,16,5,4,1d8+4,1d8+4,10.0,A
4672,45,18,7,4,1d12+4,1d8+4,38,16,7,4,1d8+4,1d6+4,10.0,B
4673,35,14,6,4,1d12+4,1d8+4,32,17,6,4,1d10+4,1d6+4,8.0,B
4674,43,18,6,4,1d12+4,1d6+4,47,17,5,4,1d8+4,1d8+4,8.0,A
4675,38,16,8,4,1d10+4,1d6+4,43,14,5,4,1d10+4,1d8+4,6.0,B
4676,48,18,5,4,1d12+4,1d6+4,45,15,7,4,1d10+4,1d6+4,6.0,A
4677,44,15,8,4,1d12+4,1d8+4,35,17,6,4,1d10+4,1d8+4,4.0,B
4678,44,14,6,4,1d12+4,1d6+4,39,15,8,4,1d12+4,1d8+4,10.0,A
4679,35,18,6,4,1d8+4,1d6+4,35,16,5,4,1d10+4,1d6+4,4.0,A
4680,40,17,6,4,1d12+4,1d6+4,46,18,5,4,1d8+4,1d6+4,6.0,A
4681,40,16,6,4,1d12+4,1d6+4,45,14,8,4,1d8+4,1d8+4,6.0,A
4682,35,17,7,4,1d10+4,1d6+4,32,18,5,4,1d10+4,1d8+4,5.0,A
4683,45,15,6,4,1d8+4,1d8+4,30,17,5,4,1d12+4,1d6+4,3.0,B
4684,38,14,6,4,1d8+4,1d6+4,34,18,6,4,1d8+4,1d8+4,9.0,B
4685,44,17,6,4,1d12+4,1d6+4,39,14,5,4,1d10+4,1d8+4,9.0,A
4686,35,16,7,4,1d12+4,1d6+4,39,14,6,4,1d10+4,1d8+4,4.0,B
4687,48,17,8,4,1d8+4,1d8+4,44,17,6,4,1d12+4,1d8+4,8.0,B
4688,46,16,5,4,1d8+4,1d6+4,47,14,6,4,1d8+4,1d8+4,8.0,A
4689,42,15,5,4,1d12+4,1d8+4,34,15,6,4,1d8+4,1d6+4,9.0,A
4690,48,17,6,4,1d10+4,1d6+4,46,15,5,4,1d10+4,1d6+4,7.0,B
4691,36,18,6,4,1d8+4,1d8+4,36,15,7,4,1d10+4,1d6+4,7.0,B
4692,41,18,6,4,1d8+4,1d6+4,50,17,6,4,1d10+4,1d8+4,1.0,A
4693,37,15,7,4,1d8+4,1d6+4,47,16,7,4,1d12+4,1d6+4,3.0,B
4694,45,18,8,4,1d12+4,1d8+4,41,15,6,4,1d12+4,1d8+4,2.0,B
4695,50,18,5,4,1d8+4,1d6+4,47,14,6,4,1d12+4,1d8+4,5.0,A
4696,34,18,8,4,1d12+4,1d6+4,37,18,8,4,1d10+4,1d6+4,5.0,B
4697,35,18,5,4,1d8+4,1d6+4,35,17,5,4,1d8+4,1d6+4,4.0,B
4698,47,14,7,4,1d8+4,1d8+4,48,15,5,4,1d8+4,1d8+4,6.0,B
4699,43,17,5,4,1d12+4,1d8+4,45,18,8,4,1d10+4,1d8+4,1.0,A
4700,31,16,6,4,1d12+4,1d8+4,40,14,5,4,1d8+4,1d6+4,6.0,B
4701,32,14,8,4,1d10+4,1d8+4,48,17,5,4,1d8+4,1d6+4,7.0,B
4702,32,18,5,4,1d10+4,1d6+4,44,16,7,4,1d8+4,1d8+4,3.0,B
4703,46,16,8,4,1d10+4,1d8+4,37,16,5,4,1d8+4,1d6+4,4.0,A
4704,30,18,6,4,1d8+4,1d8+4,30,15,8,4,1d12+4,1d6+4,5.0,A
4705,32,18,7,4,1d12+4,1d6+4,36,18,6,4,1d10+4,1d6+4,1.0,A
4706,30,16,6,4,1d8+4,1d8+4,49,15,7,4,1d8+4,1d8+4,0.0,B
4707,50,16,5,4,1d8+4,1d8+4,50,17,5,4,1d10+4,1d8+4,10.0,B
4708,46,16,7,4,1d10+4,1d8+4,37,15,5,4,1d10+4,1d8+4,3.0,B
4709,50,18,7,4,1d8+4,1d8+4,35,14,5,4,1d8+4,1d6+4,9.0,A
4710,46,14,6,4,1d8+4,1d6+4,49,15,6,4,1d10+4,1d8+4,5.0,B
4711,33,16,6,4,1d10+4,1d8+4,49,17,6,4,1d12+4,1d8+4,3.0,B
4712,38,14,8,4,1d8+4,1d6+4,49,15,8,4,1d10+4,1d6+4,0.0,B
4713,45,15,6,4,1d10+4,1d6+4,44,16,5,4,1d10+4,1d8+4,8.0,B
4714,47,17,6,4,1d10+4,1d8+4,34,17,8,4,1d8+4,1d6+4,1.0,A
4715,45,17,6,4,1d12+4,1d6+4,42,14,6,4,1d12+4,1d6+4,1.0,A
4716,49,15,8,4,1d12+4,1d8+4,45,18,5,4,1d10+4,1d8+4,0.0,A
4717,49,18,8,4,1d8+4,1d6+4,31,17,8,4,1d8+4,1d6+4,4.0,A
4718,30,16,8,4,1d12+4,1d8+4,47,15,8,4,1d10+4,1d6+4,3.0,A
4719,34,15,8,4,1d12+4,1d8+4,40,16,6,4,1d10+4,1d8+4,10.0,B
4720,32,18,5,4,1d12+4,1d8+4,40,17,6,4,1d8+4,1d6+4,0.0,A
4721,49,17,8,4,1d8+4,1d8+4,34,18,6,4,1d10+4,1d6+4,5.0,A
4722,38,14,6,4,1d12+4,1d6+4,45,15,8,4,1d8+4,1d8+4,1.0,A
4723,30,14,7,4,1d8+4,1d6+4,35,17,6,4,1d10+4,1d6+4,4.0,A
4724,43,18,6,4,1d12+4,1d8+4,33,18,7,4,1d12+4,1d8+4,3.0,A
4725,45,16,6,4,1d10+4,1d6+4,37,15,8,4,1d10+4,1d8+4,5.0,A
4726,30,17,7,4,1d10+4,1d6+4,45,18,8,4,1d12+4,1d6+4,5.0,B
4727,40,17,6,4,1d10+4,1d8+4,40,17,7,4,1d12+4,1d8+4,8.0,B
4728,44,15,5,4,1d12+4,1d8+4,46,15,7,4,1d8+4,1d6+4,1.0,A
4729,32,15,5,4,1d10+4,1d8+4,38,14,6,4,1d12+4,1d8+4,0.0,B
4730,30,18,6,4,1d8+4,1d8+4,30,18,5,4,1d12+4,1d6+4,2.0,A
4731,30,17,7,4,1d10+4,1d8+4,34,16,7,4,1d10+4,1d8+4,5.0,A
4732,31,17,8,4,1d10+4,1d6+4,43,14,8,4,1d12+4,1d8+4,3.0,B
4733,39,14,7,4,1d8+4,1d6+4,39,17,7,4,1d10+4,1d6+4,3.0,A
4734,44,15,6,4,1d12+4,1d6+4,49,17,7,4,1d12+4,1d6+4,10.0,B
4735,48,15,8,4,1d10+4,1d8+4,41,17,8,4,1d12+4,1d8+4,0.0,A
4736,30,17,7,4,1d8+4,1d6+4,30,17,5,4,1d10+4,1d8+4,3.0,B
4737,36,14,8,4,1d10+4,1d8+4,45,18,5,4,1d12+4,1d8+4,3.0,B
4738,39,18,8,4,1d12+4,1d8+4,39,18,7,4,1d10+4,1d8+4,5.0,B
4739,49,16,6,4,1d8+4,1d8+4,35,17,7,4,1d12+4,1d8+4,4.0,A
4740,30,18,8,4,1d10+4,1d6+4,40,18,5,4,1d10+4,1d6+4,5.0,B
4741,37,15,5,4,1d12+4,1d6+4,34,16,6,4,1d12+4,1d6+4,8.0,A
4742,36,17,7,4,1d10+4,1d6+4,37,16,6,4,1d10+4,1d8+4,1.0,B
4743,39,14,5,4,1d12+4,1d8+4,36,16,6,4,1d8+4,1d8+4,3.0,B
4744,34,17,7,4,1d10+4,1d8+4,44,17,8,4,1d8+4,1d8+4,4.0,A
4745,37,15,6,4,1d12+4,1d6+4,49,15,5,4,1d12+4,1d6+4,4.0,A
4746,47,15,7,4,1d12+4,1d8+4,45,18,7,4,1d12+4,1d8+4,5.0,B
4747,40,16,6,4,1d10+4,1d6+4,31,16,8,4,1d10+4,1d6+4,3.0,B
4748,32,18,5,4,1d10+4,1d6+4,50,18,7,4,1d12+4,1d6+4,3.0,B
4749,44,15,7,4,1d12+4,1d6+4,43,18,6,4,1d10+4,1d6+4,2.0,A
4750,40,14,8,4,1d8+4,1d8+4,43,15,7,4,1d12+4,1d8+4,2.0,A
4751,36,14,8,4,1d12+4,1d6+4,37,14,7,4,1d8+4,1d8+4,4.0,A
4752,30,14,7,4,1d8+4,1d8+4,37,18,7,4,1d10+4,1d6+4,3.0,B
4753,50,16,5,4,1d10+4,1d8+4,36,14,5,4,1d12+4,1d6+4,4.0,B
4754,50,14,5,4,1d12+4,1d8+4,37,15,5,4,1d8+4,1d8+4,8.0,B
4755,43,16,7,4,1d10+4,1d6+4,35,14,7,4,1d8+4,1d6+4,4.0,A
4756,33,18,8,4,1d8+4,1d8+4,33,17,5,4,1d8+4,1d8+4,5.0,A
4757,37,18,8,4,1d12+4,1d8+4,37,17,5,4,1d8+4,1d6+4,1.0,A
4758,49,18,5,4,1d8+4,1d8+4,44,17,7,4,1d8+4,1d8+4,2.0,B
4759,45,14,5,4,1d8+4,1d8+4,35,16,7,4,1d10+4,1d8+4,4.0,B
4760,35,18,8,4,1d12+4,1d8+4,39,16,5,4,1d8+4,1d6+4,2.0,A
4761,30,16,5,4,1d10+4,1d6+4,37,17,7,4,1d10+4,1d8+4,8.0,B
4762,38,18,8,4,1d10+4,1d6+4,42,17,6,4,1d8+4,1d6+4,0.0,A
4763,34,17,7,4,1d8+4,1d8+4,38,18,7,4,1d10+4,1d8+4,8.0,B
4764,33,15,8,4,1d12+4,1d6+4,35,14,6,4,1d12+4,1d6+4,10.0,A
4765,37,17,5,4,1d12+4,1d8+4,38,17,6,4,1d12+4,1d8+4,2.0,B
4766,30,16,5,4,1d10+4,1d8+4,36,17,8,4,1d12+4,1d8+4,6.0,B
4767,49,18,8,4,1d12+4,1d6+4,39,14,7,4,1d12+4,1d8+4,8.0,A
4768,44,14,5,4,1d10+4,1d8+4,33,15,5,4,1d10+4,1d8+4,5.0,B
4769,41,18,7,4,1d10+4,1d8+4,46,18,7,4,1d8+4,1d8+4,6.0,A
4770,35,15,7,4,1d8+4,1d6+4,38,18,5,4,1d8+4,1d6+4,6.0,A
4771,37,15,5,4,1d12+4,1d8+4,50,17,5,4,1d8+4,1d6+4,7.0,A
4772,47,17,5,4,1d8+4,1d6+4,43,14,5,4,1d12+4,1d8+4,10.0,A
4773,45,18,6,4,1d10+4,1d8+4,40,18,8,4,1d12+4,1d8+4,5.0,A
4774,36,15,6,4,1d10+4,1d8+4,42,18,6,4,1d8+4,1d6+4,7.0,B
4775,41,17,6,4,1d10+4,1d6+4,30,17,7,4,1d8+4,1d6+4,4.0,A
4776,34,15,6,4,1d12+4,1d8+4,37,15,5,4,1d8+4,1d6+4,7.0,A
4777,41,17,8,4,1d8+4,1d8+4,34,15,8,4,1d8+4,1d8+4,0.0,A
4778,42,15,5,4,1d8+4,1d8+4,40,16,5,4,1d12+4,1d8+4,5.0,A
4779,33,18,5,4,1d10+4,1d6+4,41,17,8,4,1d12+4,1d6+4,2.0,B
4780,43,15,7,4,1d12+4,1d8+4,39,17,7,4,1d10+4,1d6+4,9.0,A
4781,46,17,5,4,1d10+4,1d6+4,43,15,7,4,1d8+4,1d8+4,5.0,A
4782,44,16,7,4,1d12+4,1d6+4,40,18,6,4,1d8+4,1d8+4,5.0,B
4783,48,18,5,4,1d8+4,1d6+4,44,14,5,4,1d10+4,1d6+4,1.0,A
4784,40,18,8,4,1d12+4,1d8+4,42,17,8,4,1d10+4,1d6+4,2.0,A
4785,40,15,5,4,1d8+4,1d6+4,48,18,8,4,1d10+4,1d6+4,1.0,A
4786,36,17,7,4,1d8+4,1d6+4,47,14,5,4,1d8+4,1d6+4,3.0,A
4787,42,17,7,4,1d12+4,1d8+4,44,15,6,4,1d10+4,1d6+4,1.0,A
4788,37,15,8,4,1d10+4,1d6+4,48,16,6,4,1d12+4,1d8+4,7.0,A
4789,42,17,5,4,1d10+4,1d6+4,42,18,8,4,1d10+4,1d6+4,1.0,B
4790,50,15,8,4,1d8+4,1d8+4,38,18,5,4,1d12+4,1d8+4,7.0,A
4791,39,15,8,4,1d12+4,1d6+4,32,14,8,4,1d10+4,1d6+4,8.0,A
4792,37,15,8,4,1d10+4,1d6+4,33,16,5,4,1d10+4,1d8+4,8.0,A
4793,40,18,5,4,1d10+4,1d8+4,48,14,7,4,1d8+4,1d8+4,5.0,A
4794,46,15,6,4,1d10+4,1d6+4,41,18,7,4,1d10+4,1d6+4,0.0,A
4795,44,16,8,4,1d8+4,1d6+4,48,18,5,4,1d8+4,1d6+4,4.0,A
4796,44,16,8,4,1d8+4,1d8+4,37,15,6,4,1d12+4,1d6+4,9.0,A
4797,48,17,5,4,1d10+4,1d6+4,39,15,6,4,1d8+4,1d6+4,4.0,A
4798,35,18,6,4,1d8+4,1d8+4,41,17,7,4,1d8+4,1d8+4,1.0,A
4799,44,18,5,4,1d12+4,1d8+4,50,18,5,4,1d8+4,1d6+4,10.0,A
4800,50,16,8,4,1d12+4,1d6+4,44,16,5,4,1d12+4,1d6+4,2.0,A
4801,37,16,5,4,1d8+4,1d6+4,33,14,5,4,1d12+4,1d6+4,8.0,A
4802,48,14,5,4,1d12+4,1d6+4,46,17,6,4,1d8+4,1d8+4,5.0,B
4803,44,14,6,4,1d12+4,1d6+4,48,18,6,4,1d12+4,1d6+4,7.0,A
4804,32,17,5,4,1d12+4,1d6+4,34,16,5,4,1d8+4,1d6+4,2.0,A
4805,41,15,6,4,1d10+4,1d8+4,41,17,6,4,1d10+4,1d6+4,6.0,A
4806,42,17,5,4,1d10+4,1d8+4,38,15,7,4,1d8+4,1d8+4,3.0,A
4807,38,17,6,4,1d12+4,1d6+4,42,18,8,4,1d12+4,1d6+4,4.0,B
4808,36,15,7,4,1d8+4,1d6+4,38,15,7,4,1d10+4,1d8+4,4.0,A
4809,38,14,8,4,1d10+4,1d6+4,31,15,5,4,1d10+4,1d8+4,0.0,A
4810,37,14,6,4,1d12+4,1d6+4,32,16,5,4,1d12+4,1d8+4,3.0,A
4811,47,15,6,4,1d12+4,1d6+4,42,16,5,4,1d10+4,1d6+4,2.0,B
4812,36,14,7,4,1d10+4,1d8+4,44,18,8,4,1d8+4,1d6+4,9.0,B
4813,34,14,6,4,1d12+4,1d6+4,30,16,5,4,1d8+4,1d8+4,10.0,A
4814,46,18,5,4,1d12+4,1d8+4,36,15,8,4,1d12+4,1d6+4,6.0,A
4815,45,18,8,4,1d12+4,1d8+4,45,17,6,4,1d8+4,1d6+4,7.0,A
4816,49,14,6,4,1d12+4,1d6+4,46,17,6,4,1d12+4,1d8+4,5.0,A
4817,31,14,6,4,1d8+4,1d6+4,40,15,5,4,1d12+4,1d6+4,9.0,B
4818,45,16,5,4,1d8+4,1d6+4,50,16,5,4,1d10+4,1d8+4,10.0,A
4819,49,18,7,4,1d12+4,1d8+4,37,15,8,4,1d8+4,1d8+4,5.0,A
4820,42,14,5,4,1d8+4,1d8+4,34,17,5,4,1d12+4,1d8+4,6.0,B
4821,49,15,6,4,1d8+4,1d6+4,37,15,6,4,1d10+4,1d6+4,8.0,B
4822,34,14,7,4,1d10+4,1d8+4,43,15,8,4,1d12+4,1d6+4,3.0,B
4823,45,16,8,4,1d12+4,1d8+4,40,18,8,4,1d12+4,1d6+4,8.0,B
4824,34,17,6,4,1d12+4,1d8+4,31,16,8,4,1d8+4,1d6+4,7.0,A
4825,31,16,8,4,1d12+4,1d6+4,39,14,6,4,1d8+4,1d6+4,2.0,A
4826,42,16,8,4,1d12+4,1d6+4,35,14,5,4,1d8+4,1d6+4,4.0,A
4827,41,18,7,4,1d12+4,1d8+4,42,15,5,4,1d12+4,1d8+4,4.0,A
4828,37,17,6,4,1d12+4,1d6+4,32,15,8,4,1d10+4,1d6+4,0.0,A
4829,44,18,7,4,1d8+4,1d8+4,46,18,6,4,1d10+4,1d8+4,6.0,A
4830,38,16,8,4,1d10+4,1d6+4,46,18,7,4,1d10+4,1d8+4,9.0,B
4831,32,17,5,4,1d8+4,1d6+4,34,14,6,4,1d12+4,1d8+4,6.0,A
4832,49,16,5,4,1d12+4,1d6+4,38,17,8,4,1d12+4,1d6+4,1.0,B
4833,47,17,6,4,1d10+4,1d6+4,48,18,6,4,1d8+4,1d8+4,5.0,A
4834,38,14,7,4,1d12+4,1d8+4,44,18,5,4,1d8+4,1d6+4,1.0,A
4835,43,16,5,4,1d8+4,1d8+4,41,16,6,4,1d10+4,1d8+4,0.0,B
4836,47,16,7,4,1d10+4,1d6+4,40,15,6,4,1d8+4,1d6+4,10.0,A
4837,50,18,8,4,1d10+4,1d8+4,43,18,6,4,1d8+4,1d6+4,7.0,A
4838,36,16,5,4,1d12+4,1d8+4,31,17,8,4,1d12+4,1d8+4,10.0,A
4839,30,17,5,4,1d12+4,1d6+4,49,17,8,4,1d8+4,1d6+4,9.0,A
4840,43,14,5,4,1d8+4,1d8+4,46,18,6,4,1d10+4,1d8+4,9.0,B
4841,32,17,5,4,1d8+4,1d8+4,42,15,8,4,1d12+4,1d8+4,8.0,B
4842,43,16,7,4,1d8+4,1d8+4,31,18,5,4,1d12+4,1d6+4,6.0,B
4843,50,14,8,4,1d10+4,1d8+4,48,16,6,4,1d10+4,1d6+4,8.0,A
4844,43,15,5,4,1d12+4,1d6+4,44,14,7,4,1d12+4,1d6+4,2.0,B
4845,36,18,5,4,1d8+4,1d8+4,30,17,6,4,1d8+4,1d6+4,7.0,B
4846,34,16,6,4,1d12+4,1d6+4,46,18,8,4,1d8+4,1d6+4,1.0,B
4847,34,15,6,4,1d10+4,1d6+4,46,15,7,4,1d12+4,1d8+4,2.0,B
4848,39,16,5,4,1d8+4,1d6+4,30,15,7,4,1d10+4,1d6+4,10.0,A
4849,33,16,8,4,1d8+4,1d6+4,49,15,5,4,1d10+4,1d8+4,3.0,A
4850,48,16,6,4,1d12+4,1d6+4,37,17,8,4,1d12+4,1d6+4,10.0,A
4851,48,17,5,4,1d8+4,1d8+4,40,15,5,4,1d12+4,1d6+4,9.0,B
4852,47,15,7,4,1d8+4,1d6+4,31,15,5,4,1d10+4,1d6+4,10.0,A
4853,42,15,8,4,1d10+4,1d6+4,47,17,6,4,1d10+4,1d8+4,9.0,B
4854,43,16,8,4,1d10+4,1d8+4,30,15,7,4,1d10+4,1d8+4,7.0,A
4855,42,17,6,4,1d8+4,1d8+4,36,16,8,4,1d8+4,1d8+4,5.0,A
4856,40,18,8,4,1d8+4,1d6+4,32,18,5,4,1d8+4,1d6+4,3.0,A
4857,41,15,5,4,1d8+4,1d8+4,34,16,7,4,1d12+4,1d6+4,7.0,A
4858,34,18,7,4,1d12+4,1d8+4,42,14,7,4,1d10+4,1d6+4,10.0,A
4859,30,17,7,4,1d10+4,1d8+4,43,15,5,4,1d10+4,1d8+4,3.0,A
4860,44,15,8,4,1d12+4,1d8+4,45,15,5,4,1d10+4,1d8+4,6.0,A
4861,43,15,7,4,1d8+4,1d6+4,45,14,8,4,1d10+4,1d8+4,1.0,A
4862,31,16,6,4,1d8+4,1d6+4,39,16,5,4,1d10+4,1d6+4,2.0,B
4863,38,18,5,4,1d10+4,1d6+4,43,15,7,4,1d12+4,1d6+4,2.0,B
4864,42,18,5,4,1d12+4,1d6+4,35,17,6,4,1d10+4,1d8+4,6.0,A
4865,35,17,6,4,1d12+4,1d8+4,47,16,5,4,1d8+4,1d6+4,0.0,A
4866,39,18,6,4,1d10+4,1d6+4,31,17,8,4,1d8+4,1d6+4,10.0,B
4867,44,17,6,4,1d12+4,1d8+4,44,17,7,4,1d12+4,1d8+4,5.0,A
4868,47,15,7,4,1d10+4,1d8+4,32,16,6,4,1d10+4,1d6+4,3.0,A
4869,31,17,5,4,1d12+4,1d6+4,49,17,6,4,1d12+4,1d6+4,4.0,B
4870,41,18,6,4,1d8+4,1d8+4,33,14,6,4,1d10+4,1d8+4,6.0,A
4871,35,15,7,4,1d12+4,1d8+4,48,14,6,4,1d10+4,1d6+4,0.0,B
4872,41,18,8,4,1d10+4,1d6+4,33,16,8,4,1d10+4,1d6+4,9.0,A
4873,46,14,5,4,1d12+4,1d8+4,44,15,8,4,1d12+4,1d6+4,9.0,A
4874,49,15,7,4,1d10+4,1d6+4,46,18,5,4,1d12+4,1d6+4,3.0,B
4875,50,17,5,4,1d12+4,1d8+4,35,15,6,4,1d12+4,1d6+4,9.0,A
4876,34,18,8,4,1d10+4,1d6+4,44,18,6,4,1d8+4,1d8+4,7.0,A
4877,49,14,5,4,1d10+4,1d6+4,31,14,5,4,1d12+4,1d8+4,6.0,B
4878,50,14,8,4,1d10+4,1d8+4,38,15,5,4,1d12+4,1d6+4,2.0,A
4879,41,18,6,4,1d10+4,1d6+4,37,15,6,4,1d8+4,1d8+4,3.0,B
4880,31,17,6,4,1d12+4,1d6+4,41,17,7,4,1d10+4,1d6+4,8.0,B
4881,40,14,6,4,1d12+4,1d8+4,38,15,6,4,1d10+4,1d8+4,1.0,A
4882,35,14,5,4,1d8+4,1d8+4,35,14,6,4,1d12+4,1d8+4,4.0,A
4883,50,17,5,4,1d10+4,1d6+4,50,18,6,4,1d8+4,1d6+4,9.0,B
4884,43,14,5,4,1d10+4,1d6+4,36,18,7,4,1d10+4,1d6+4,0.0,B
4885,33,18,8,4,1d12+4,1d8+4,46,16,6,4,1d8+4,1d6+4,4.0,A
4886,45,17,8,4,1d10+4,1d8+4,42,14,8,4,1d8+4,1d8+4,8.0,A
4887,43,16,5,4,1d8+4,1d6+4,36,14,8,4,1d12+4,1d6+4,0.0,A
4888,34,18,6,4,1d8+4,1d6+4,45,17,6,4,1d10+4,1d6+4,8.0,A
4889,30,16,5,4,1d8+4,1d8+4,50,18,7,4,1d8+4,1d8+4,3.0,B
4890,43,15,5,4,1d8+4,1d6+4,43,14,5,4,1d8+4,1d8+4,7.0,A
4891,33,17,8,4,1d10+4,1d6+4,40,18,6,4,1d10+4,1d6+4,4.0,B
4892,43,14,8,4,1d12+4,1d6+4,38,17,5,4,1d12+4,1d8+4,1.0,A
4893,40,16,6,4,1d12+4,1d8+4,43,18,6,4,1d12+4,1d8+4,8.0,B
4894,49,18,5,4,1d12+4,1d8+4,45,17,6,4,1d12+4,1d8+4,4.0,B
4895,32,14,8,4,1d10+4,1d6+4,39,14,5,4,1d10+4,1d8+4,4.0,A
4896,39,18,5,4,1d12+4,1d8+4,48,17,5,4,1d12+4,1d8+4,9.0,A
4897,33,17,5,4,1d8+4,1d6+4,43,17,8,4,1d12+4,1d8+4,2.0,B
4898,49,18,7,4,1d12+4,1d6+4,47,15,6,4,1d10+4,1d6+4,2.0,B
4899,35,15,5,4,1d8+4,1d6+4,42,16,5,4,1d12+4,1d8+4,0.0,B
4900,45,14,5,4,1d12+4,1d6+4,41,15,6,4,1d8+4,1d8+4,7.0,B
4901,48,18,6,4,1d10+4,1d6+4,49,15,7,4,1d10+4,1d8+4,6.0,A
4902,48,18,6,4,1d10+4,1d8+4,30,17,6,4,1d10+4,1d6+4,10.0,A
4903,45,18,5,4,1d8+4,1d6+4,41,18,6,4,1d12+4,1d6+4,10.0,A
4904,38,17,8,4,1d8+4,1d6+4,48,17,5,4,1d8+4,1d8+4,3.0,B
4905,44,15,7,4,1d8+4,1d8+4,45,15,5,4,1d12+4,1d8+4,2.0,A
4906,31,18,7,4,1d8+4,1d6+4,37,14,8,4,1d8+4,1d6+4,5.0,B
4907,48,16,7,4,1d12+4,1d6+4,48,17,6,4,1d12+4,1d8+4,1.0,A
4908,30,18,6,4,1d12+4,1d8+4,40,14,6,4,1d12+4,1d8+4,2.0,B
4909,43,16,8,4,1d8+4,1d8+4,38,15,5,4,1d8+4,1d8+4,0.0,B
4910,32,14,8,4,1d10+4,1d6+4,34,15,8,4,1d10+4,1d8+4,2.0,A
4911,30,17,5,4,1d12+4,1d6+4,31,18,8,4,1d12+4,1d6+4,5.0,B
4912,46,15,5,4,1d10+4,1d8+4,43,18,5,4,1d10+4,1d6+4,7.0,B
4913,32,15,8,4,1d8+4,1d6+4,47,17,5,4,1d10+4,1d8+4,8.0,B
4914,38,18,7,4,1d12+4,1d8+4,48,17,5,4,1d8+4,1d8+4,10.0,A
4915,34,15,8,4,1d10+4,1d8+4,48,14,6,4,1d10+4,1d8+4,7.0,A
4916,39,15,8,4,1d12+4,1d6+4,35,14,7,4,1d8+4,1d8+4,10.0,A
4917,30,18,5,4,1d8+4,1d6+4,38,18,8,4,1d10+4,1d8+4,7.0,B
4918,31,17,5,4,1d10+4,1d8+4,49,16,6,4,1d10+4,1d8+4,0.0,B
4919,35,14,7,4,1d10+4,1d8+4,44,16,8,4,1d8+4,1d6+4,0.0,B
4920,45,14,5,4,1d12+4,1d6+4,46,16,8,4,1d8+4,1d8+4,1.0,A
4921,31,18,8,4,1d10+4,1d8+4,47,17,8,4,1d10+4,1d6+4,8.0,B
4922,35,15,8,4,1d8+4,1d8+4,48,16,7,4,1d12+4,1d6+4,2.0,A
4923,49,17,8,4,1d8+4,1d8+4,31,15,5,4,1d8+4,1d6+4,6.0,A
4924,46,18,8,4,1d8+4,1d8+4,33,15,6,4,1d12+4,1d8+4,0.0,A
4925,31,18,5,4,1d12+4,1d8+4,48,17,8,4,1d8+4,1d6+4,10.0,A
4926,50,17,6,4,1d12+4,1d8+4,36,18,8,4,1d10+4,1d8+4,1.0,B
4927,49,15,6,4,1d8+4,1d6+4,42,15,7,4,1d10+4,1d8+4,7.0,A
4928,43,16,8,4,1d12+4,1d8+4,30,17,5,4,1d12+4,1d6+4,1.0,A
4929,34,18,7,4,1d8+4,1d8+4,34,18,5,4,1d8+4,1d6+4,4.0,A
4930,39,14,6,4,1d12+4,1d8+4,37,16,7,4,1d10+4,1d6+4,2.0,A
4931,48,18,6,4,1d10+4,1d6+4,45,18,6,4,1d10+4,1d8+4,6.0,A
4932,42,16,6,4,1d12+4,1d8+4,35,17,7,4,1d12+4,1d8+4,7.0,A
4933,44,14,5,4,1d8+4,1d8+4,47,15,7,4,1d12+4,1d8+4,5.0,B
4934,43,16,8,4,1d8+4,1d6+4,50,18,8,4,1d10+4,1d8+4,4.0,B
4935,50,14,6,4,1d8+4,1d8+4,30,16,8,4,1d12+4,1d6+4,7.0,B
4936,30,15,8,4,1d12+4,1d8+4,44,18,6,4,1d12+4,1d8+4,8.0,B
4937,38,18,8,4,1d8+4,1d6+4,48,17,7,4,1d12+4,1d8+4,10.0,B
4938,32,16,5,4,1d12+4,1d8+4,32,15,5,4,1d10+4,1d6+4,10.0,B
4939,46,15,8,4,1d10+4,1d8+4,46,14,6,4,1d10+4,1d8+4,6.0,A
4940,39,14,7,4,1d10+4,1d6+4,33,15,7,4,1d12+4,1d8+4,6.0,A
4941,45,17,6,4,1d8+4,1d6+4,41,18,6,4,1d12+4,1d8+4,6.0,B
4942,40,14,5,4,1d8+4,1d6+4,35,17,7,4,1d8+4,1d6+4,1.0,A
4943,46,18,8,4,1d12+4,1d6+4,38,15,5,4,1d8+4,1d6+4,9.0,B
4944,36,16,6,4,1d12+4,1d8+4,47,14,5,4,1d12+4,1d8+4,10.0,B
4945,43,15,6,4,1d8+4,1d8+4,42,15,5,4,1d12+4,1d6+4,10.0,A
4946,46,18,8,4,1d10+4,1d6+4,47,17,5,4,1d12+4,1d8+4,10.0,A
4947,42,17,6,4,1d10+4,1d8+4,46,15,7,4,1d8+4,1d6+4,3.0,B
4948,33,15,5,4,1d12+4,1d6+4,34,17,7,4,1d10+4,1d6+4,2.0,A
4949,48,18,7,4,1d8+4,1d8+4,46,17,7,4,1d8+4,1d6+4,9.0,B
4950,32,14,8,4,1d12+4,1d8+4,42,17,8,4,1d8+4,1d6+4,3.0,A
4951,35,16,8,4,1d10+4,1d8+4,37,18,7,4,1d8+4,1d6+4,8.0,A
4952,34,14,5,4,1d12+4,1d6+4,50,18,6,4,1d10+4,1d6+4,4.0,B
4953,44,16,6,4,1d10+4,1d6+4,43,15,6,4,1d12+4,1d8+4,5.0,B
4954,35,14,7,4,1d8+4,1d8+4,32,16,8,4,1d10+4,1d8+4,10.0,B
4955,50,18,7,4,1d8+4,1d6+4,49,18,5,4,1d8+4,1d6+4,6.0,A
4956,36,18,6,4,1d12+4,1d6+4,33,14,5,4,1d12+4,1d8+4,10.0,A
4957,38,18,6,4,1d10+4,1d8+4,42,16,6,4,1d12+4,1d8+4,1.0,A
4958,30,16,7,4,1d10+4,1d8+4,30,15,8,4,1d12+4,1d6+4,6.0,B
4959,46,17,7,4,1d12+4,1d8+4,38,17,6,4,1d10+4,1d6+4,7.0,B
4960,47,17,6,4,1d8+4,1d8+4,45,17,5,4,1d12+4,1d6+4,7.0,A
4961,34,16,5,4,1d10+4,1d8+4,44,18,5,4,1d12+4,1d6+4,4.0,B
4962,39,18,8,4,1d10+4,1d6+4,46,14,8,4,1d10+4,1d6+4,9.0,B
4963,47,14,5,4,1d12+4,1d6+4,38,18,8,4,1d12+4,1d6+4,10.0,B
4964,34,14,8,4,1d10+4,1d8+4,35,16,6,4,1d12+4,1d8+4,3.0,B
4965,45,17,5,4,1d12+4,1d6+4,42,14,5,4,1d12+4,1d6+4,3.0,A
4966,38,18,5,4,1d12+4,1d6+4,38,17,8,4,1d12+4,1d8+4,9.0,B
4967,50,18,5,4,1d8+4,1d8+4,40,16,8,4,1d8+4,1d6+4,8.0,A
4968,35,14,8,4,1d10+4,1d6+4,46,18,8,4,1d10+4,1d8+4,10.0,B
4969,32,17,8,4,1d10+4,1d8+4,42,17,7,4,1d8+4,1d6+4,7.0,B
4970,30,17,6,4,1d8+4,1d8+4,37,18,6,4,1d12+4,1d6+4,1.0,B
4971,32,18,8,4,1d10+4,1d6+4,36,17,6,4,1d8+4,1d8+4,4.0,A
4972,39,17,6,4,1d8+4,1d8+4,44,14,7,4,1d8+4,1d6+4,9.0,A
4973,38,18,5,4,1d10+4,1d6+4,34,17,6,4,1d12+4,1d6+4,2.0,B
4974,31,17,8,4,1d8+4,1d8+4,45,18,7,4,1d8+4,1d8+4,1.0,B
4975,33,18,5,4,1d8+4,1d8+4,50,17,7,4,1d10+4,1d6+4,10.0,A
4976,44,16,6,4,1d10+4,1d6+4,40,15,8,4,1d8+4,1d8+4,2.0,A
4977,47,16,8,4,1d12+4,1d6+4,42,18,7,4,1d10+4,1d8+4,3.0,B
4978,36,17,8,4,1d8+4,1d6+4,36,16,8,4,1d10+4,1d6+4,5.0,B
4979,46,14,6,4,1d12+4,1d8+4,38,15,5,4,1d8+4,1d8+4,0.0,B
4980,50,16,7,4,1d12+4,1d6+4,30,17,8,4,1d8+4,1d8+4,6.0,A
4981,36,15,6,4,1d8+4,1d8+4,42,14,5,4,1d8+4,1d8+4,9.0,A
4982,46,15,5,4,1d8+4,1d6+4,42,18,8,4,1d8+4,1d8+4,7.0,B
4983,49,15,5,4,1d8+4,1d6+4,49,15,8,4,1d12+4,1d8+4,8.0,B
4984,45,18,6,4,1d10+4,1d6+4,43,18,5,4,1d8+4,1d8+4,5.0,A
4985,47,16,8,4,1d8+4,1d8+4,40,16,7,4,1d8+4,1d6+4,6.0,B
4986,46,16,5,4,1d8+4,1d8+4,38,16,6,4,1d10+4,1d6+4,4.0,B
4987,37,15,8,4,1d10+4,1d6+4,45,15,7,4,1d12+4,1d8+4,5.0,B
4988,31,16,6,4,1d12+4,1d6+4,46,18,8,4,1d12+4,1d8+4,7.0,B
4989,45,16,8,4,1d8+4,1d8+4,42,18,7,4,1d12+4,1d8+4,5.0,A
4990,37,14,7,4,1d10+4,1d6+4,44,15,7,4,1d10+4,1d6+4,6.0,A
4991,50,15,5,4,1d12+4,1d8+4,35,17,5,4,1d10+4,1d8+4,5.0,B
4992,43,14,5,4,1d8+4,1d8+4,38,17,7,4,1d8+4,1d8+4,10.0,A
4993,47,14,6,4,1d12+4,1d8+4,45,16,5,4,1d8+4,1d8+4,8.0,B
4994,38,15,6,4,1d12+4,1d6+4,34,18,6,4,1d8+4,1d8+4,6.0,B
4995,44,17,8,4,1d10+4,1d6+4,46,18,6,4,1d12+4,1d6+4,9.0,B
4996,46,18,6,4,1d12+4,1d6+4,37,15,5,4,1d8+4,1d6+4,3.0,A
4997,40,15,5,4,1d8+4,1d8+4,45,15,8,4,1d8+4,1d8+4,1.0,B
4998,48,17,5,4,1d8+4,1d6+4,37,16,6,4,1d8+4,1d8+4,9.0,A
4999,39,15,6,4,1d8+4,1d6+4,43,15,7,4,1d10+4,1d6+4,6.0,B
5000,47,16,5,4,1d10+4,1d8+4,34,15,5,4,1d12+4,1d6+4,0.0,A
5001,45,15,7,4,1d10+4,1d8+4,32,15,8,4,1d8+4,1d6+4,1.0,B
5002,48,15,7,4,1d8+4,1d8+4,39,18,5,4,1d8+4,1d6+4,2.0,A
5003,50,16,7,4,1d8+4,1d8+4,48,17,5,4,1d12+4,1d6+4,10.0,B
5004,35,17,7,4,1d12+4,1d8+4,31,18,7,4,1d10+4,1d6+4,6.0,B
5005,38,15,8,4,1d8+4,1d8+4,44,17,7,4,1d10+4,1d8+4,3.0,B
5006,37,16,5,4,1d12+4,1d8+4,30,14,6,4,1d10+4,1d6+4,4.0,B
5007,37,14,8,4,1d10+4,1d6+4,39,17,7,4,1d12+4,1d6+4,5.0,B
5008,43,14,5,4,1d8+4,1d6+4,43,15,6,4,1d10+4,1d8+4,9.0,B
5009,35,16,7,4,1d8+4,1d6+4,49,17,7,4,1d12+4,1d6+4,6.0,B
5010,42,14,8,4,1d8+4,1d8+4,44,16,5,4,1d8+4,1d6+4,1.0,B
5011,39,18,6,4,1d8+4,1d8+4,44,15,6,4,1d8+4,1d8+4,2.0,A
5012,37,18,6,4,1d12+4,1d8+4,50,16,7,4,1d8+4,1d8+4,8.0,B
5013,49,15,5,4,1d12+4,1d8+4,32,14,5,4,1d8+4,1d6+4,1.0,A
5014,49,18,7,4,1d10+4,1d6+4,49,15,8,4,1d10+4,1d8+4,2.0,A
5015,47,17,5,4,1d8+4,1d8+4,50,15,6,4,1d12+4,1d8+4,3.0,A
5016,32,18,8,4,1d12+4,1d6+4,40,16,8,4,1d12+4,1d6+4,5.0,A
5017,32,15,5,4,1d8+4,1d8+4,46,18,8,4,1d10+4,1d8+4,8.0,B
5018,30,18,6,4,1d8+4,1d8+4,35,15,7,4,1d12+4,1d6+4,2.0,B
5019,43,17,5,4,1d8+4,1d8+4,39,16,6,4,1d8+4,1d6+4,8.0,B
5020,41,16,6,4,1d12+4,1d8+4,49,15,6,4,1d10+4,1d8+4,2.0,A
5021,48,16,7,4,1d10+4,1d8+4,39,15,5,4,1d8+4,1d6+4,7.0,A
5022,30,14,6,4,1d10+4,1d6+4,40,14,6,4,1d10+4,1d8+4,8.0,A
5023,49,15,5,4,1d10+4,1d6+4,42,16,7,4,1d8+4,1d6+4,1.0,A
5024,33,17,6,4,1d12+4,1d6+4,49,15,7,4,1d8+4,1d8+4,2.0,A
5025,40,17,8,4,1d8+4,1d8+4,43,16,8,4,1d12+4,1d8+4,6.0,B
5026,31,14,5,4,1d8+4,1d8+4,31,15,6,4,1d8+4,1d6+4,0.0,B
5027,39,14,7,4,1d12+4,1d8+4,42,14,7,4,1d12+4,1d6+4,6.0,A
5028,40,16,5,4,1d8+4,1d6+4,49,17,5,4,1d12+4,1d8+4,3.0,A
5029,47,14,7,4,1d8+4,1d8+4,35,16,8,4,1d12+4,1d6+4,3.0,B
5030,31,14,6,4,1d12+4,1d8+4,45,14,6,4,1d8+4,1d6+4,6.0,A
5031,32,16,7,4,1d12+4,1d6+4,48,15,6,4,1d8+4,1d6+4,2.0,B
5032,40,17,5,4,1d10+4,1d8+4,31,16,7,4,1d8+4,1d6+4,10.0,B
5033,40,15,6,4,1d12+4,1d6+4,46,14,7,4,1d8+4,1d6+4,1.0,A
5034,30,17,5,4,1d12+4,1d6+4,42,14,5,4,1d12+4,1d8+4,6.0,A
5035,44,17,5,4,1d10+4,1d6+4,42,18,8,4,1d12+4,1d8+4,10.0,A
5036,44,16,7,4,1d10+4,1d8+4,37,18,5,4,1d12+4,1d8+4,6.0,B
5037,40,14,8,4,1d10+4,1d6+4,43,17,6,4,1d8+4,1d6+4,4.0,B
5038,42,15,5,4,1d12+4,1d6+4,50,14,6,4,1d10+4,1d6+4,7.0,A
5039,30,18,8,4,1d10+4,1d8+4,47,14,6,4,1d10+4,1d6+4,3.0,A
5040,39,14,8,4,1d8+4,1d6+4,38,18,7,4,1d10+4,1d8+4,1.0,B
5041,30,15,5,4,1d8+4,1d6+4,43,18,7,4,1d12+4,1d8+4,7.0,B
5042,40,17,8,4,1d8+4,1d8+4,40,14,6,4,1d10+4,1d6+4,0.0,B
5043,38,17,8,4,1d12+4,1d8+4,34,16,7,4,1d8+4,1d8+4,6.0,A
5044,33,18,8,4,1d10+4,1d6+4,33,18,6,4,1d8+4,1d6+4,6.0,A
5045,45,14,7,4,1d8+4,1d8+4,34,17,6,4,1d8+4,1d6+4,5.0,A
5046,42,14,5,4,1d10+4,1d6+4,34,14,6,4,1d10+4,1d6+4,10.0,B
5047,44,14,5,4,1d8+4,1d6+4,31,16,7,4,1d8+4,1d6+4,3.0,B
5048,37,16,8,4,1d12+4,1d6+4,38,16,7,4,1d8+4,1d8+4,6.0,A
5049,39,15,7,4,1d10+4,1d8+4,30,15,5,4,1d8+4,1d8+4,4.0,A
5050,33,15,7,4,1d10+4,1d8+4,50,17,7,4,1d12+4,1d8+4,3.0,A
5051,31,15,5,4,1d10+4,1d8+4,46,17,6,4,1d8+4,1d6+4,0.0,A
5052,43,17,5,4,1d10+4,1d6+4,37,18,8,4,1d8+4,1d6+4,7.0,A
5053,50,15,7,4,1d12+4,1d8+4,34,14,7,4,1d12+4,1d8+4,4.0,A
5054,43,17,6,4,1d10+4,1d8+4,35,14,6,4,1d8+4,1d8+4,10.0,A
5055,44,17,7,4,1d10+4,1d6+4,33,15,7,4,1d12+4,1d8+4,7.0,A
5056,47,16,8,4,1d12+4,1d6+4,45,18,7,4,1d12+4,1d8+4,0.0,A
5057,40,16,5,4,1d10+4,1d8+4,48,16,7,4,1d12+4,1d8+4,10.0,B
5058,35,18,8,4,1d10+4,1d8+4,38,15,8,4,1d12+4,1d8+4,5.0,B
5059,33,16,7,4,1d12+4,1d8+4,36,18,8,4,1d10+4,1d8+4,4.0,B
5060,48,16,8,4,1d12+4,1d8+4,37,16,6,4,1d8+4,1d6+4,3.0,A
5061,49,14,8,4,1d12+4,1d8+4,47,17,7,4,1d8+4,1d8+4,9.0,B
5062,40,16,8,4,1d10+4,1d6+4,38,16,7,4,1d10+4,1d8+4,8.0,A
5063,30,17,6,4,1d8+4,1d6+4,45,14,7,4,1d10+4,1d6+4,6.0,A
5064,46,14,8,4,1d10+4,1d8+4,45,16,7,4,1d12+4,1d6+4,8.0,A
5065,45,14,8,4,1d12+4,1d6+4,39,17,6,4,1d8+4,1d8+4,1.0,A
5066,41,14,6,4,1d10+4,1d8+4,50,18,6,4,1d8+4,1d8+4,3.0,B
5067,41,17,6,4,1d10+4,1d8+4,38,18,7,4,1d10+4,1d8+4,6.0,B
5068,38,18,8,4,1d10+4,1d6+4,36,18,6,4,1d12+4,1d8+4,2.0,A
5069,30,14,7,4,1d8+4,1d8+4,43,16,8,4,1d12+4,1d6+4,1.0,B
5070,34,14,5,4,1d8+4,1d6+4,36,17,6,4,1d10+4,1d6+4,6.0,B
5071,33,15,6,4,1d12+4,1d6+4,47,15,8,4,1d10+4,1d6+4,9.0,B
5072,45,17,6,4,1d12+4,1d8+4,48,15,5,4,1d8+4,1d6+4,10.0,A
5073,38,16,6,4,1d8+4,1d8+4,38,16,5,4,1d10+4,1d6+4,7.0,A
5074,44,16,7,4,1d8+4,1d8+4,32,15,7,4,1d12+4,1d6+4,7.0,A
5075,39,16,6,4,1d10+4,1d8+4,30,17,7,4,1d12+4,1d8+4,1.0,B
5076,35,14,5,4,1d12+4,1d6+4,46,18,5,4,1d8+4,1d6+4,9.0,B
5077,42,18,8,4,1d8+4,1d6+4,32,14,7,4,1d12+4,1d8+4,7.0,A
5078,41,15,8,4,1d10+4,1d6+4,38,17,7,4,1d12+4,1d6+4,3.0,B
5079,38,14,8,4,1d8+4,1d8+4,48,16,6,4,1d12+4,1d8+4,7.0,B
5080,43,14,5,4,1d10+4,1d6+4,50,16,8,4,1d8+4,1d8+4,3.0,A
5081,47,14,6,4,1d10+4,1d6+4,45,16,6,4,1d10+4,1d6+4,5.0,B
5082,47,18,6,4,1d10+4,1d6+4,40,18,6,4,1d8+4,1d6+4,1.0,B
5083,31,15,6,4,1d12+4,1d6+4,39,18,7,4,1d10+4,1d8+4,10.0,B
5084,39,18,7,4,1d10+4,1d6+4,37,17,7,4,1d10+4,1d6+4,7.0,B
5085,43,17,8,4,1d10+4,1d8+4,50,14,8,4,1d12+4,1d8+4,8.0,A
5086,34,18,8,4,1d10+4,1d8+4,43,18,6,4,1d8+4,1d6+4,4.0,A
5087,32,18,6,4,1d8+4,1d6+4,48,15,5,4,1d10+4,1d6+4,10.0,A
5088,47,15,7,4,1d8+4,1d6+4,50,18,8,4,1d10+4,1d6+4,9.0,B
5089,38,16,7,4,1d10+4,1d6+4,31,16,7,4,1d10+4,1d8+4,3.0,A
5090,35,14,7,4,1d12+4,1d8+4,39,17,6,4,1d10+4,1d8+4,1.0,B
5091,32,16,7,4,1d10+4,1d8+4,31,15,5,4,1d12+4,1d8+4,2.0,A
5092,31,14,6,4,1d8+4,1d6+4,37,17,6,4,1d8+4,1d8+4,0.0,B
5093,49,17,7,4,1d10+4,1d6+4,46,14,8,4,1d12+4,1d8+4,4.0,A
5094,45,16,7,4,1d10+4,1d6+4,37,18,5,4,1d12+4,1d6+4,6.0,A
5095,36,16,5,4,1d8+4,1d8+4,47,18,6,4,1d8+4,1d8+4,0.0,B
5096,45,16,5,4,1d10+4,1d6+4,34,18,8,4,1d12+4,1d6+4,5.0,B
5097,35,18,8,4,1d8+4,1d6+4,50,16,7,4,1d8+4,1d6+4,3.0,B
5098,42,16,8,4,1d8+4,1d6+4,44,16,7,4,1d8+4,1d8+4,9.0,A
5099,40,17,7,4,1d12+4,1d6+4,49,18,6,4,1d12+4,1d8+4,4.0,A
5100,45,14,6,4,1d10+4,1d8+4,37,15,8,4,1d12+4,1d6+4,5.0,A
5101,37,18,7,4,1d10+4,1d6+4,47,18,8,4,1d8+4,1d6+4,8.0,B
5102,37,15,6,4,1d8+4,1d6+4,39,14,5,4,1d8+4,1d6+4,7.0,B
5103,42,17,7,4,1d10+4,1d6+4,50,17,7,4,1d8+4,1d8+4,3.0,A
5104,37,16,6,4,1d10+4,1d6+4,35,15,6,4,1d8+4,1d6+4,5.0,A
5105,47,18,5,4,1d8+4,1d6+4,42,18,7,4,1d8+4,1d8+4,10.0,B
5106,41,17,7,4,1d12+4,1d6+4,43,18,5,4,1d10+4,1d6+4,6.0,A
5107,46,15,5,4,1d10+4,1d6+4,31,18,7,4,1d10+4,1d6+4,7.0,A
5108,34,16,7,4,1d10+4,1d8+4,36,15,7,4,1d10+4,1d8+4,10.0,A
5109,49,16,8,4,1d10+4,1d8+4,31,18,7,4,1d8+4,1d6+4,1.0,A
5110,33,14,6,4,1d12+4,1d6+4,47,18,5,4,1d10+4,1d6+4,3.0,B
5111,47,16,6,4,1d10+4,1d6+4,41,16,6,4,1d10+4,1d8+4,6.0,A
5112,42,14,8,4,1d10+4,1d6+4,31,14,5,4,1d10+4,1d6+4,8.0,B
5113,41,15,5,4,1d12+4,1d6+4,33,14,5,4,1d8+4,1d8+4,0.0,A
5114,31,15,5,4,1d10+4,1d8+4,39,15,5,4,1d8+4,1d8+4,3.0,A
5115,36,16,7,4,1d8+4,1d6+4,43,18,7,4,1d12+4,1d8+4,6.0,B
5116,32,17,7,4,1d12+4,1d6+4,46,16,6,4,1d12+4,1d6+4,1.0,A
5117,41,18,8,4,1d12+4,1d6+4,31,15,8,4,1d8+4,1d8+4,3.0,A
5118,45,16,5,4,1d8+4,1d6+4,47,14,8,4,1d10+4,1d6+4,3.0,A
5119,49,16,8,4,1d10+4,1d8+4,43,18,7,4,1d12+4,1d8+4,5.0,A
5120,38,18,7,4,1d8+4,1d6+4,36,16,5,4,1d8+4,1d6+4,4.0,A
5121,46,17,8,4,1d8+4,1d8+4,44,14,6,4,1d12+4,1d8+4,4.0,B
5122,50,14,8,4,1d8+4,1d8+4,46,16,8,4,1d8+4,1d6+4,5.0,B
5123,37,17,6,4,1d8+4,1d6+4,42,15,6,4,1d12+4,1d6+4,4.0,A
5124,34,14,8,4,1d10+4,1d6+4,41,14,7,4,1d12+4,1d8+4,6.0,A
5125,38,16,8,4,1d12+4,1d6+4,34,14,7,4,1d8+4,1d6+4,2.0,A
5126,50,16,8,4,1d12+4,1d8+4,48,14,6,4,1d8+4,1d6+4,4.0,A
5127,30,17,5,4,1d8+4,1d6+4,35,18,8,4,1d12+4,1d6+4,6.0,B
5128,33,15,8,4,1d12+4,1d6+4,39,17,7,4,1d12+4,1d8+4,0.0,B
5129,33,14,8,4,1d12+4,1d8+4,49,16,6,4,1d12+4,1d8+4,5.0,B
5130,38,16,6,4,1d10+4,1d8+4,30,14,8,4,1d10+4,1d8+4,0.0,B
5131,37,14,8,4,1d12+4,1d6+4,37,17,6,4,1d10+4,1d8+4,5.0,A
5132,30,16,8,4,1d8+4,1d6+4,32,16,6,4,1d10+4,1d6+4,7.0,A
5133,35,15,7,4,1d10+4,1d8+4,31,14,6,4,1d10+4,1d6+4,4.0,A
5134,46,14,8,4,1d10+4,1d8+4,38,16,5,4,1d10+4,1d8+4,0.0,A
5135,37,14,7,4,1d10+4,1d8+4,46,15,7,4,1d8+4,1d8+4,5.0,A
5136,40,17,5,4,1d8+4,1d6+4,37,16,5,4,1d8+4,1d8+4,4.0,B
5137,40,14,6,4,1d8+4,1d6+4,36,18,5,4,1d10+4,1d8+4,8.0,B
5138,45,16,6,4,1d8+4,1d6+4,40,18,8,4,1d8+4,1d6+4,8.0,B
5139,43,16,5,4,1d12+4,1d8+4,36,17,6,4,1d12+4,1d8+4,9.0,B
5140,31,17,8,4,1d10+4,1d8+4,33,17,5,4,1d12+4,1d8+4,2.0,B
5141,45,16,6,4,1d12+4,1d6+4,43,16,5,4,1d8+4,1d6+4,9.0,A
5142,47,14,7,4,1d12+4,1d6+4,41,17,6,4,1d10+4,1d6+4,0.0,A
5143,50,18,6,4,1d12+4,1d6+4,33,17,8,4,1d10+4,1d8+4,4.0,B
5144,36,15,6,4,1d8+4,1d8+4,42,16,5,4,1d12+4,1d6+4,2.0,B
5145,49,15,7,4,1d12+4,1d6+4,50,18,7,4,1d10+4,1d8+4,1.0,A
5146,31,14,7,4,1d10+4,1d8+4,41,16,6,4,1d10+4,1d8+4,9.0,B
5147,30,18,8,4,1d12+4,1d6+4,31,15,6,4,1d12+4,1d6+4,6.0,A
5148,38,18,6,4,1d10+4,1d8+4,37,15,7,4,1d12+4,1d6+4,3.0,B
5149,34,18,7,4,1d8+4,1d6+4,37,16,5,4,1d12+4,1d6+4,9.0,B
5150,49,18,8,4,1d10+4,1d6+4,43,17,8,4,1d10+4,1d8+4,6.0,B
5151,35,14,5,4,1d10+4,1d8+4,41,16,7,4,1d12+4,1d8+4,9.0,A
5152,34,18,8,4,1d12+4,1d8+4,31,15,7,4,1d8+4,1d8+4,3.0,A
5153,43,16,6,4,1d10+4,1d8+4,40,17,7,4,1d8+4,1d6+4,8.0,A
5154,38,14,7,4,1d8+4,1d6+4,44,17,6,4,1d12+4,1d8+4,2.0,B
5155,36,17,6,4,1d12+4,1d8+4,48,15,8,4,1d12+4,1d6+4,7.0,B
5156,43,16,6,4,1d10+4,1d6+4,47,18,6,4,1d12+4,1d8+4,7.0,B
5157,49,14,6,4,1d8+4,1d8+4,50,17,5,4,1d8+4,1d6+4,1.0,B
5158,50,14,5,4,1d12+4,1d8+4,42,16,8,4,1d10+4,1d8+4,4.0,A
5159,30,18,8,4,1d8+4,1d8+4,49,18,7,4,1d12+4,1d8+4,0.0,A
5160,47,16,7,4,1d8+4,1d6+4,37,14,6,4,1d10+4,1d6+4,7.0,A
5161,33,15,5,4,1d8+4,1d6+4,32,15,5,4,1d10+4,1d6+4,2.0,A
5162,50,14,5,4,1d8+4,1d8+4,38,18,7,4,1d8+4,1d6+4,7.0,B
5163,49,15,6,4,1d8+4,1d6+4,37,14,5,4,1d8+4,1d6+4,5.0,A
5164,40,17,6,4,1d8+4,1d6+4,41,16,8,4,1d8+4,1d6+4,1.0,B
5165,44,14,6,4,1d12+4,1d8+4,42,14,5,4,1d10+4,1d8+4,7.0,A
5166,48,16,5,4,1d10+4,1d6+4,31,17,6,4,1d10+4,1d8+4,2.0,A
5167,36,17,7,4,1d8+4,1d6+4,40,14,7,4,1d12+4,1d6+4,9.0,B
5168,38,16,7,4,1d10+4,1d8+4,34,15,5,4,1d8+4,1d8+4,1.0,B
5169,38,15,5,4,1d10+4,1d6+4,34,14,6,4,1d8+4,1d6+4,8.0,B
5170,30,17,7,4,1d10+4,1d8+4,45,18,8,4,1d12+4,1d8+4,9.0,A
5171,31,14,6,4,1d12+4,1d8+4,49,15,6,4,1d12+4,1d6+4,1.0,A
5172,36,16,7,4,1d12+4,1d8+4,32,17,8,4,1d10+4,1d6+4,4.0,B
5173,42,15,7,4,1d8+4,1d6+4,30,16,8,4,1d12+4,1d8+4,6.0,B
5174,36,17,7,4,1d12+4,1d8+4,47,16,7,4,1d12+4,1d6+4,1.0,A
5175,30,16,6,4,1d8+4,1d8+4,47,14,5,4,1d10+4,1d6+4,7.0,A
5176,31,15,7,4,1d12+4,1d6+4,39,14,6,4,1d12+4,1d6+4,8.0,B
5177,35,15,5,4,1d8+4,1d8+4,32,16,7,4,1d8+4,1d6+4,7.0,A
5178,46,14,5,4,1d8+4,1d8+4,31,16,7,4,1d8+4,1d6+4,10.0,A
5179,37,15,5,4,1d10+4,1d6+4,36,15,8,4,1d10+4,1d8+4,1.0,B
5180,49,16,5,4,1d12+4,1d6+4,32,18,5,4,1d12+4,1d6+4,4.0,A
5181,45,18,6,4,1d10+4,1d6+4,49,17,6,4,1d8+4,1d8+4,6.0,A
5182,48,16,5,4,1d12+4,1d6+4,35,14,8,4,1d8+4,1d8+4,4.0,A
5183,31,17,5,4,1d12+4,1d6+4,43,14,7,4,1d12+4,1d6+4,10.0,B
5184,36,15,6,4,1d10+4,1d8+4,37,14,7,4,1d8+4,1d8+4,10.0,A
5185,42,15,7,4,1d10+4,1d6+4,32,17,6,4,1d8+4,1d6+4,7.0,A
5186,39,16,6,4,1d8+4,1d8+4,49,15,6,4,1d12+4,1d6+4,2.0,B
5187,36,14,5,4,1d10+4,1d8+4,43,16,7,4,1d8+4,1d6+4,6.0,B
5188,33,16,6,4,1d10+4,1d6+4,50,17,6,4,1d10+4,1d8+4,2.0,B
5189,40,17,5,4,1d8+4,1d6+4,30,18,8,4,1d8+4,1d8+4,6.0,A
5190,45,18,8,4,1d10+4,1d8+4,46,17,5,4,1d12+4,1d6+4,3.0,A
5191,36,17,5,4,1d12+4,1d6+4,49,18,8,4,1d10+4,1d8+4,9.0,B
5192,38,14,7,4,1d12+4,1d6+4,49,14,8,4,1d10+4,1d6+4,9.0,B
5193,36,18,7,4,1d12+4,1d8+4,42,17,8,4,1d10+4,1d8+4,7.0,A
5194,32,15,5,4,1d12+4,1d8+4,50,18,8,4,1d12+4,1d6+4,10.0,B
5195,47,18,8,4,1d8+4,1d6+4,42,14,5,4,1d8+4,1d8+4,5.0,A
5196,35,18,8,4,1d8+4,1d8+4,30,17,7,4,1d10+4,1d6+4,0.0,A
5197,31,14,6,4,1d8+4,1d8+4,42,18,8,4,1d8+4,1d6+4,7.0,B
5198,36,18,7,4,1d8+4,1d6+4,49,17,7,4,1d8+4,1d6+4,6.0,A
5199,41,14,6,4,1d8+4,1d8+4,39,15,7,4,1d10+4,1d6+4,10.0,B
5200,33,14,8,4,1d12+4,1d6+4,37,18,5,4,1d8+4,1d8+4,5.0,A
5201,47,17,6,4,1d12+4,1d6+4,42,18,8,4,1d8+4,1d8+4,0.0,B
5202,44,15,5,4,1d10+4,1d6+4,43,17,5,4,1d10+4,1d6+4,1.0,A
5203,41,17,8,4,1d8+4,1d6+4,49,18,6,4,1d10+4,1d8+4,10.0,B
5204,40,14,6,4,1d12+4,1d8+4,38,18,7,4,1d8+4,1d6+4,8.0,A
5205,39,16,5,4,1d12+4,1d6+4,49,17,6,4,1d10+4,1d8+4,9.0,B
5206,48,14,8,4,1d10+4,1d6+4,42,17,7,4,1d12+4,1d6+4,3.0,A
5207,49,15,6,4,1d12+4,1d8+4,45,18,7,4,1d8+4,1d6+4,10.0,B
5208,41,18,5,4,1d8+4,1d8+4,30,14,7,4,1d8+4,1d8+4,1.0,A
5209,34,14,5,4,1d12+4,1d6+4,35,15,7,4,1d12+4,1d6+4,3.0,B
5210,38,17,8,4,1d12+4,1d6+4,38,14,8,4,1d12+4,1d6+4,6.0,A
5211,31,15,7,4,1d12+4,1d6+4,34,15,6,4,1d10+4,1d8+4,8.0,B
5212,38,15,8,4,1d10+4,1d6+4,37,15,6,4,1d12+4,1d6+4,0.0,A
5213,37,14,7,4,1d12+4,1d8+4,50,16,8,4,1d12+4,1d8+4,10.0,B
5214,36,16,8,4,1d10+4,1d6+4,33,17,7,4,1d8+4,1d6+4,5.0,A
5215,46,14,6,4,1d10+4,1d8+4,50,17,6,4,1d10+4,1d8+4,5.0,B
5216,46,18,7,4,1d8+4,1d6+4,43,18,7,4,1d8+4,1d6+4,0.0,A
5217,35,15,8,4,1d10+4,1d8+4,32,14,8,4,1d10+4,1d8+4,5.0,A
5218,45,14,6,4,1d12+4,1d6+4,32,18,5,4,1d8+4,1d8+4,2.0,B
5219,32,17,6,4,1d10+4,1d6+4,34,18,5,4,1d10+4,1d8+4,7.0,A
5220,31,18,5,4,1d8+4,1d8+4,31,17,8,4,1d10+4,1d8+4,7.0,B
5221,49,15,8,4,1d12+4,1d8+4,39,14,7,4,1d8+4,1d6+4,9.0,A
5222,44,15,6,4,1d8+4,1d6+4,45,18,6,4,1d8+4,1d8+4,9.0,B
5223,49,17,7,4,1d8+4,1d6+4,40,14,7,4,1d8+4,1d6+4,9.0,A
5224,39,14,6,4,1d8+4,1d8+4,37,17,7,4,1d8+4,1d8+4,9.0,B
5225,40,17,6,4,1d8+4,1d6+4,40,17,6,4,1d8+4,1d6+4,4.0,B
5226,37,16,8,4,1d12+4,1d6+4,37,16,8,4,1d8+4,1d8+4,6.0,A
5227,30,17,5,4,1d10+4,1d8+4,38,17,5,4,1d8+4,1d6+4,3.0,B
5228,33,15,7,4,1d10+4,1d8+4,36,16,5,4,1d8+4,1d8+4,3.0,B
5229,34,17,5,4,1d8+4,1d6+4,49,18,5,4,1d8+4,1d6+4,4.0,B
5230,50,18,6,4,1d8+4,1d6+4,45,18,7,4,1d10+4,1d8+4,10.0,A
5231,36,16,6,4,1d10+4,1d8+4,36,16,7,4,1d8+4,1d8+4,4.0,B
5232,32,15,7,4,1d8+4,1d8+4,48,18,5,4,1d10+4,1d8+4,5.0,B
5233,36,18,6,4,1d8+4,1d8+4,46,14,7,4,1d10+4,1d8+4,0.0,B
5234,50,15,5,4,1d8+4,1d6+4,35,17,5,4,1d8+4,1d6+4,6.0,A
5235,34,14,6,4,1d10+4,1d8+4,46,17,5,4,1d8+4,1d8+4,4.0,B
5236,48,17,8,4,1d8+4,1d8+4,40,15,8,4,1d10+4,1d8+4,2.0,A
5237,35,14,7,4,1d10+4,1d8+4,48,14,5,4,1d12+4,1d6+4,9.0,B
5238,39,17,8,4,1d10+4,1d6+4,41,18,8,4,1d12+4,1d8+4,5.0,A
5239,47,14,5,4,1d10+4,1d6+4,50,16,6,4,1d8+4,1d8+4,4.0,B
5240,38,18,5,4,1d12+4,1d6+4,37,15,8,4,1d8+4,1d6+4,10.0,A
5241,40,18,6,4,1d10+4,1d8+4,35,16,7,4,1d10+4,1d8+4,9.0,B
5242,38,16,6,4,1d8+4,1d8+4,43,17,8,4,1d8+4,1d6+4,7.0,A
5243,41,14,7,4,1d12+4,1d6+4,38,18,5,4,1d10+4,1d8+4,6.0,A
5244,49,17,7,4,1d8+4,1d8+4,46,16,5,4,1d12+4,1d6+4,5.0,A
5245,36,18,8,4,1d8+4,1d8+4,38,16,6,4,1d10+4,1d8+4,2.0,A
5246,50,17,8,4,1d8+4,1d6+4,50,17,7,4,1d12+4,1d6+4,4.0,B
5247,33,15,6,4,1d8+4,1d6+4,48,16,7,4,1d12+4,1d6+4,2.0,B
5248,44,17,7,4,1d8+4,1d8+4,35,14,6,4,1d12+4,1d6+4,7.0,B
5249,48,15,8,4,1d10+4,1d8+4,49,16,6,4,1d8+4,1d6+4,8.0,A
5250,45,18,5,4,1d10+4,1d8+4,41,17,7,4,1d10+4,1d8+4,9.0,A
5251,30,17,6,4,1d8+4,1d6+4,37,18,7,4,1d8+4,1d8+4,9.0,B
5252,40,15,8,4,1d8+4,1d6+4,38,18,7,4,1d10+4,1d6+4,9.0,B
5253,47,14,7,4,1d10+4,1d6+4,31,15,8,4,1d10+4,1d8+4,3.0,A
5254,48,15,7,4,1d12+4,1d8+4,49,18,5,4,1d8+4,1d8+4,2.0,A
5255,40,18,7,4,1d12+4,1d8+4,35,16,5,4,1d8+4,1d8+4,3.0,B
5256,37,15,6,4,1d12+4,1d8+4,46,15,7,4,1d12+4,1d8+4,1.0,B
5257,48,18,8,4,1d10+4,1d6+4,41,15,8,4,1d12+4,1d8+4,6.0,A
5258,38,18,8,4,1d10+4,1d6+4,41,16,8,4,1d10+4,1d8+4,2.0,B
5259,31,17,5,4,1d8+4,1d6+4,49,16,8,4,1d8+4,1d6+4,6.0,B
5260,32,18,5,4,1d8+4,1d8+4,44,16,5,4,1d10+4,1d8+4,1.0,B
5261,42,17,7,4,1d8+4,1d6+4,42,16,8,4,1d10+4,1d8+4,1.0,B
5262,38,16,5,4,1d10+4,1d8+4,36,18,8,4,1d10+4,1d6+4,6.0,A
5263,38,14,6,4,1d12+4,1d6+4,44,15,6,4,1d8+4,1d8+4,7.0,B
5264,35,18,5,4,1d10+4,1d6+4,47,18,7,4,1d10+4,1d6+4,0.0,B
5265,44,18,6,4,1d12+4,1d8+4,38,14,8,4,1d8+4,1d8+4,10.0,A
5266,38,17,6,4,1d12+4,1d6+4,43,15,6,4,1d8+4,1d6+4,1.0,A
5267,43,16,6,4,1d8+4,1d8+4,40,15,7,4,1d10+4,1d8+4,6.0,A
5268,43,18,7,4,1d8+4,1d6+4,37,17,8,4,1d10+4,1d6+4,3.0,B
5269,39,17,8,4,1d12+4,1d6+4,40,17,6,4,1d8+4,1d8+4,4.0,A
5270,45,15,6,4,1d8+4,1d6+4,34,15,8,4,1d8+4,1d6+4,3.0,B
5271,49,17,7,4,1d12+4,1d8+4,46,15,8,4,1d12+4,1d8+4,5.0,A
5272,45,16,5,4,1d12+4,1d6+4,48,17,8,4,1d12+4,1d6+4,1.0,B
5273,49,14,5,4,1d12+4,1d8+4,36,14,7,4,1d12+4,1d8+4,0.0,A
5274,31,14,8,4,1d8+4,1d8+4,41,17,5,4,1d12+4,1d6+4,10.0,B
5275,40,15,6,4,1d10+4,1d6+4,44,17,6,4,1d8+4,1d6+4,4.0,A
5276,40,16,6,4,1d8+4,1d8+4,40,17,5,4,1d10+4,1d8+4,8.0,B
5277,39,15,8,4,1d12+4,1d8+4,46,14,5,4,1d10+4,1d6+4,1.0,B
5278,42,16,6,4,1d10+4,1d8+4,45,16,6,4,1d8+4,1d8+4,5.0,A
5279,47,15,8,4,1d12+4,1d6+4,40,15,5,4,1d8+4,1d6+4,10.0,B
5280,34,17,7,4,1d8+4,1d6+4,32,16,5,4,1d12+4,1d8+4,10.0,A
5281,36,18,7,4,1d10+4,1d8+4,38,14,5,4,1d12+4,1d6+4,9.0,A
5282,33,18,6,4,1d8+4,1d6+4,39,14,6,4,1d12+4,1d8+4,8.0,B
5283,31,15,5,4,1d12+4,1d6+4,38,14,8,4,1d12+4,1d8+4,3.0,A
5284,50,17,8,4,1d8+4,1d8+4,34,14,5,4,1d12+4,1d8+4,8.0,A
5285,34,17,5,4,1d12+4,1d8+4,36,17,8,4,1d10+4,1d8+4,1.0,B
5286,48,15,6,4,1d10+4,1d6+4,50,15,8,4,1d10+4,1d8+4,6.0,A
5287,49,14,6,4,1d10+4,1d8+4,32,14,5,4,1d8+4,1d6+4,5.0,A
5288,39,16,6,4,1d10+4,1d6+4,32,17,7,4,1d8+4,1d6+4,2.0,A
5289,31,15,5,4,1d12+4,1d8+4,48,17,6,4,1d12+4,1d6+4,1.0,B
5290,43,16,5,4,1d12+4,1d8+4,30,17,7,4,1d12+4,1d6+4,0.0,B
5291,42,17,5,4,1d8+4,1d8+4,48,15,7,4,1d8+4,1d8+4,0.0,B
5292,34,14,7,4,1d10+4,1d8+4,40,17,5,4,1d8+4,1d8+4,8.0,B
5293,41,14,8,4,1d8+4,1d6+4,46,15,5,4,1d8+4,1d6+4,3.0,B
5294,36,15,8,4,1d10+4,1d8+4,38,18,6,4,1d8+4,1d8+4,1.0,A
5295,35,17,7,4,1d12+4,1d8+4,49,17,6,4,1d8+4,1d6+4,9.0,A
5296,41,18,6,4,1d10+4,1d6+4,31,18,5,4,1d8+4,1d8+4,2.0,A
5297,36,14,7,4,1d10+4,1d8+4,35,17,8,4,1d12+4,1d6+4,3.0,B
5298,46,18,5,4,1d8+4,1d8+4,37,15,5,4,1d8+4,1d6+4,1.0,A
5299,39,17,7,4,1d8+4,1d6+4,34,16,7,4,1d12+4,1d6+4,9.0,B
5300,34,18,8,4,1d12+4,1d6+4,47,18,5,4,1d8+4,1d8+4,3.0,A
5301,44,15,6,4,1d8+4,1d6+4,31,16,7,4,1d12+4,1d8+4,0.0,A
5302,38,18,8,4,1d8+4,1d8+4,46,16,5,4,1d10+4,1d8+4,8.0,B
5303,40,18,6,4,1d12+4,1d8+4,46,15,5,4,1d12+4,1d8+4,10.0,A
5304,50,15,6,4,1d12+4,1d8+4,44,15,5,4,1d8+4,1d8+4,4.0,A
5305,42,14,7,4,1d10+4,1d8+4,49,18,8,4,1d10+4,1d8+4,9.0,B
5306,34,17,8,4,1d8+4,1d6+4,42,14,8,4,1d8+4,1d8+4,3.0,A
5307,36,14,8,4,1d12+4,1d8+4,47,14,7,4,1d10+4,1d6+4,4.0,B
5308,47,14,6,4,1d8+4,1d6+4,38,14,8,4,1d10+4,1d8+4,6.0,A
5309,46,14,8,4,1d8+4,1d6+4,48,18,5,4,1d8+4,1d6+4,2.0,A
5310,50,18,8,4,1d10+4,1d8+4,36,18,5,4,1d10+4,1d8+4,6.0,A
5311,37,18,8,4,1d10+4,1d8+4,39,18,8,4,1d12+4,1d6+4,0.0,A
5312,30,14,8,4,1d8+4,1d8+4,36,18,6,4,1d8+4,1d8+4,6.0,B
5313,33,16,5,4,1d10+4,1d6+4,30,18,6,4,1d12+4,1d8+4,0.0,B
5314,37,15,5,4,1d10+4,1d6+4,46,18,5,4,1d10+4,1d6+4,8.0,B
5315,49,16,7,4,1d8+4,1d8+4,33,17,5,4,1d10+4,1d8+4,2.0,A
5316,46,14,7,4,1d12+4,1d6+4,47,16,8,4,1d10+4,1d8+4,1.0,A
5317,42,15,5,4,1d8+4,1d8+4,34,17,8,4,1d12+4,1d6+4,8.0,B
5318,44,17,7,4,1d8+4,1d8+4,43,14,5,4,1d8+4,1d6+4,8.0,A
5319,33,17,8,4,1d10+4,1d8+4,40,17,5,4,1d8+4,1d8+4,10.0,B
5320,37,18,5,4,1d8+4,1d8+4,35,16,7,4,1d12+4,1d6+4,0.0,A
5321,45,14,5,4,1d8+4,1d8+4,47,14,5,4,1d10+4,1d8+4,6.0,A
5322,42,14,6,4,1d12+4,1d8+4,31,14,8,4,1d8+4,1d8+4,8.0,B
5323,37,16,7,4,1d12+4,1d6+4,35,16,8,4,1d8+4,1d8+4,1.0,B
5324,34,14,5,4,1d8+4,1d8+4,32,18,6,4,1d10+4,1d8+4,9.0,B
5325,42,18,7,4,1d10+4,1d6+4,36,18,8,4,1d8+4,1d6+4,7.0,A
5326,34,17,8,4,1d8+4,1d6+4,49,14,8,4,1d8+4,1d6+4,7.0,B
5327,31,14,8,4,1d8+4,1d8+4,46,15,5,4,1d12+4,1d6+4,6.0,B
5328,40,15,5,4,1d10+4,1d6+4,49,15,6,4,1d12+4,1d6+4,1.0,B
5329,44,15,8,4,1d10+4,1d6+4,37,14,6,4,1d10+4,1d6+4,5.0,A
5330,38,15,7,4,1d12+4,1d8+4,33,16,6,4,1d8+4,1d6+4,2.0,A
5331,38,15,8,4,1d8+4,1d6+4,30,14,6,4,1d8+4,1d6+4,7.0,A
5332,38,15,6,4,1d12+4,1d6+4,45,18,8,4,1d10+4,1d6+4,7.0,A
5333,45,18,7,4,1d8+4,1d6+4,39,14,6,4,1d12+4,1d8+4,1.0,A
5334,40,16,8,4,1d8+4,1d6+4,45,18,6,4,1d8+4,1d8+4,10.0,A
5335,46,18,8,4,1d10+4,1d8+4,47,15,7,4,1d10+4,1d8+4,2.0,B
5336,44,14,6,4,1d12+4,1d8+4,35,18,7,4,1d10+4,1d6+4,0.0,A
5337,39,17,8,4,1d12+4,1d6+4,33,17,7,4,1d10+4,1d8+4,2.0,A
5338,44,14,7,4,1d12+4,1d8+4,33,18,8,4,1d10+4,1d6+4,10.0,A
5339,32,14,8,4,1d10+4,1d8+4,44,17,8,4,1d10+4,1d8+4,1.0,B
5340,46,15,7,4,1d10+4,1d8+4,30,18,5,4,1d12+4,1d8+4,0.0,B
5341,45,18,5,4,1d8+4,1d8+4,44,16,5,4,1d12+4,1d6+4,5.0,B
5342,30,18,6,4,1d10+4,1d6+4,40,15,8,4,1d8+4,1d8+4,3.0,B
5343,37,16,8,4,1d8+4,1d8+4,39,15,7,4,1d8+4,1d8+4,8.0,B
5344,31,16,6,4,1d8+4,1d6+4,36,14,8,4,1d8+4,1d6+4,0.0,B
5345,30,18,7,4,1d8+4,1d6+4,31,16,7,4,1d8+4,1d6+4,0.0,B
5346,40,17,5,4,1d8+4,1d6+4,41,14,5,4,1d10+4,1d8+4,4.0,A
5347,47,17,8,4,1d12+4,1d6+4,31,14,8,4,1d10+4,1d8+4,5.0,A
5348,43,14,5,4,1d10+4,1d8+4,39,16,8,4,1d8+4,1d8+4,2.0,B
5349,48,18,7,4,1d12+4,1d6+4,49,15,6,4,1d8+4,1d8+4,0.0,A
5350,38,16,5,4,1d12+4,1d8+4,42,16,6,4,1d12+4,1d6+4,9.0,A
5351,50,18,5,4,1d12+4,1d8+4,48,16,7,4,1d12+4,1d8+4,7.0,B
5352,45,16,5,4,1d12+4,1d8+4,46,15,5,4,1d10+4,1d6+4,9.0,A
5353,43,17,6,4,1d12+4,1d8+4,30,18,5,4,1d8+4,1d8+4,7.0,A
5354,45,14,8,4,1d8+4,1d6+4,32,15,5,4,1d12+4,1d8+4,3.0,B
5355,49,16,7,4,1d12+4,1d8+4,34,15,7,4,1d8+4,1d8+4,2.0,A
5356,45,17,7,4,1d12+4,1d8+4,37,16,6,4,1d8+4,1d8+4,10.0,A
5357,48,15,7,4,1d12+4,1d8+4,34,16,8,4,1d8+4,1d8+4,3.0,A
5358,30,18,5,4,1d12+4,1d6+4,50,18,6,4,1d8+4,1d6+4,3.0,B
5359,50,17,5,4,1d8+4,1d6+4,37,18,5,4,1d12+4,1d6+4,2.0,A
5360,33,16,5,4,1d12+4,1d6+4,49,17,6,4,1d12+4,1d8+4,5.0,B
5361,39,16,5,4,1d12+4,1d8+4,44,15,7,4,1d10+4,1d8+4,10.0,A
5362,31,14,5,4,1d8+4,1d8+4,35,17,5,4,1d10+4,1d8+4,9.0,A
5363,44,18,8,4,1d12+4,1d6+4,38,18,5,4,1d8+4,1d8+4,8.0,A
5364,43,18,7,4,1d8+4,1d8+4,49,16,5,4,1d8+4,1d6+4,4.0,A
5365,45,14,6,4,1d8+4,1d8+4,38,16,8,4,1d12+4,1d8+4,0.0,B
5366,33,15,8,4,1d12+4,1d6+4,39,14,7,4,1d10+4,1d6+4,7.0,A
5367,37,14,5,4,1d8+4,1d8+4,40,15,5,4,1d8+4,1d6+4,1.0,B
5368,35,16,7,4,1d12+4,1d8+4,40,15,6,4,1d8+4,1d8+4,10.0,B
5369,39,15,5,4,1d8+4,1d6+4,32,15,6,4,1d12+4,1d6+4,4.0,A
5370,30,18,6,4,1d8+4,1d6+4,41,17,6,4,1d8+4,1d8+4,5.0,B
5371,34,16,7,4,1d10+4,1d6+4,31,18,5,4,1d8+4,1d8+4,4.0,A
5372,34,17,8,4,1d12+4,1d6+4,35,15,8,4,1d12+4,1d6+4,8.0,B
5373,45,14,6,4,1d10+4,1d6+4,44,15,6,4,1d12+4,1d6+4,2.0,A
5374,36,17,8,4,1d8+4,1d6+4,48,18,6,4,1d12+4,1d8+4,9.0,B
5375,37,18,7,4,1d10+4,1d6+4,45,14,8,4,1d10+4,1d6+4,0.0,A
5376,49,15,8,4,1d12+4,1d6+4,36,15,5,4,1d10+4,1d6+4,4.0,A
5377,45,18,5,4,1d8+4,1d6+4,34,18,6,4,1d8+4,1d6+4,5.0,A
5378,49,15,7,4,1d10+4,1d8+4,35,18,5,4,1d10+4,1d6+4,8.0,B
5379,31,14,8,4,1d10+4,1d6+4,39,18,7,4,1d8+4,1d6+4,4.0,A
5380,39,14,6,4,1d10+4,1d8+4,39,15,8,4,1d10+4,1d6+4,2.0,B
5381,48,16,6,4,1d8+4,1d8+4,46,17,8,4,1d8+4,1d8+4,7.0,B
5382,38,17,7,4,1d12+4,1d8+4,41,14,5,4,1d10+4,1d6+4,4.0,B
5383,47,18,7,4,1d12+4,1d6+4,40,17,5,4,1d8+4,1d6+4,7.0,A
5384,44,16,5,4,1d10+4,1d6+4,37,16,5,4,1d10+4,1d8+4,0.0,A
5385,33,18,5,4,1d10+4,1d8+4,39,17,5,4,1d10+4,1d6+4,10.0,A
5386,42,15,6,4,1d8+4,1d6+4,45,17,5,4,1d8+4,1d6+4,2.0,A
5387,41,14,8,4,1d10+4,1d6+4,41,16,6,4,1d10+4,1d6+4,1.0,A
5388,43,14,6,4,1d8+4,1d8+4,36,17,7,4,1d10+4,1d6+4,7.0,B
5389,35,15,7,4,1d12+4,1d8+4,31,14,6,4,1d12+4,1d8+4,5.0,B
5390,31,18,8,4,1d10+4,1d6+4,36,18,7,4,1d8+4,1d6+4,1.0,B
5391,38,17,7,4,1d8+4,1d6+4,40,14,7,4,1d8+4,1d8+4,6.0,A
5392,36,17,8,4,1d10+4,1d6+4,41,16,8,4,1d8+4,1d8+4,2.0,B
5393,42,14,6,4,1d10+4,1d8+4,32,16,8,4,1d10+4,1d8+4,9.0,B
5394,34,15,6,4,1d10+4,1d6+4,42,14,8,4,1d8+4,1d8+4,1.0,B
5395,50,14,6,4,1d10+4,1d8+4,37,14,8,4,1d8+4,1d8+4,2.0,A
5396,30,18,7,4,1d10+4,1d6+4,50,14,7,4,1d10+4,1d8+4,0.0,A
5397,38,18,6,4,1d10+4,1d8+4,47,17,6,4,1d12+4,1d6+4,1.0,A
5398,38,18,8,4,1d12+4,1d8+4,49,18,5,4,1d12+4,1d6+4,10.0,B
5399,48,18,6,4,1d12+4,1d6+4,46,18,6,4,1d8+4,1d8+4,2.0,A
5400,33,15,5,4,1d10+4,1d6+4,33,17,7,4,1d8+4,1d8+4,3.0,A
5401,48,18,7,4,1d12+4,1d8+4,49,18,7,4,1d8+4,1d6+4,8.0,A
5402,43,15,5,4,1d8+4,1d8+4,46,14,8,4,1d8+4,1d8+4,2.0,B
5403,44,15,6,4,1d12+4,1d8+4,49,16,7,4,1d12+4,1d8+4,1.0,A
5404,37,14,5,4,1d8+4,1d6+4,50,16,5,4,1d12+4,1d8+4,1.0,B
5405,45,16,7,4,1d8+4,1d6+4,39,18,7,4,1d10+4,1d6+4,0.0,A
5406,48,18,5,4,1d12+4,1d8+4,36,18,8,4,1d12+4,1d8+4,8.0,A
5407,42,18,8,4,1d12+4,1d6+4,49,16,7,4,1d10+4,1d6+4,9.0,A
5408,33,17,5,4,1d12+4,1d8+4,39,17,5,4,1d8+4,1d8+4,2.0,A
5409,34,18,6,4,1d12+4,1d6+4,35,15,6,4,1d12+4,1d6+4,0.0,A
5410,39,16,7,4,1d8+4,1d6+4,47,15,5,4,1d12+4,1d8+4,10.0,A
5411,39,14,5,4,1d10+4,1d8+4,40,14,8,4,1d10+4,1d6+4,7.0,B
5412,36,17,8,4,1d8+4,1d8+4,49,16,5,4,1d12+4,1d6+4,9.0,B
5413,40,18,8,4,1d10+4,1d8+4,41,17,7,4,1d10+4,1d8+4,0.0,A
5414,47,18,7,4,1d8+4,1d6+4,31,18,8,4,1d10+4,1d6+4,2.0,B
5415,33,16,5,4,1d12+4,1d8+4,42,16,7,4,1d12+4,1d6+4,6.0,B
5416,36,15,6,4,1d10+4,1d6+4,31,16,7,4,1d10+4,1d8+4,5.0,B
5417,49,18,5,4,1d12+4,1d6+4,31,17,7,4,1d10+4,1d8+4,6.0,A
5418,44,14,8,4,1d8+4,1d6+4,36,15,7,4,1d12+4,1d8+4,6.0,A
5419,37,18,6,4,1d10+4,1d8+4,39,17,5,4,1d12+4,1d8+4,9.0,B
5420,31,18,6,4,1d12+4,1d8+4,47,14,7,4,1d10+4,1d6+4,5.0,A
5421,49,17,5,4,1d10+4,1d8+4,30,17,7,4,1d10+4,1d8+4,8.0,A
5422,33,17,6,4,1d12+4,1d8+4,32,14,6,4,1d8+4,1d8+4,0.0,A
5423,39,16,8,4,1d12+4,1d8+4,39,15,5,4,1d10+4,1d8+4,0.0,A
5424,39,17,8,4,1d12+4,1d6+4,35,18,5,4,1d10+4,1d8+4,0.0,A
5425,40,17,5,4,1d8+4,1d8+4,44,18,5,4,1d8+4,1d6+4,10.0,B
5426,45,14,5,4,1d10+4,1d6+4,40,18,5,4,1d8+4,1d8+4,0.0,A
5427,46,16,6,4,1d10+4,1d8+4,38,18,6,4,1d12+4,1d6+4,6.0,B
5428,47,15,8,4,1d8+4,1d8+4,46,18,5,4,1d12+4,1d8+4,9.0,B
5429,39,16,6,4,1d12+4,1d8+4,44,17,8,4,1d10+4,1d8+4,7.0,B
5430,43,17,7,4,1d10+4,1d6+4,31,17,7,4,1d8+4,1d6+4,1.0,B
5431,39,18,6,4,1d10+4,1d6+4,42,15,6,4,1d10+4,1d8+4,3.0,A
5432,41,16,6,4,1d10+4,1d6+4,40,16,5,4,1d12+4,1d6+4,1.0,B
5433,32,17,5,4,1d12+4,1d6+4,45,15,8,4,1d12+4,1d6+4,7.0,B
5434,33,15,6,4,1d12+4,1d8+4,38,14,7,4,1d10+4,1d8+4,5.0,A
5435,34,14,6,4,1d10+4,1d8+4,47,14,6,4,1d8+4,1d8+4,4.0,B
5436,49,14,5,4,1d8+4,1d8+4,34,14,5,4,1d12+4,1d6+4,1.0,A
5437,42,18,8,4,1d10+4,1d8+4,38,15,8,4,1d8+4,1d6+4,2.0,B
5438,41,18,8,4,1d10+4,1d6+4,43,16,8,4,1d10+4,1d6+4,2.0,A
5439,46,16,7,4,1d10+4,1d8+4,40,16,5,4,1d10+4,1d6+4,0.0,A
5440,37,14,8,4,1d10+4,1d6+4,30,17,6,4,1d10+4,1d8+4,7.0,B
5441,34,15,5,4,1d8+4,1d6+4,32,15,6,4,1d8+4,1d6+4,9.0,A
5442,41,15,5,4,1d8+4,1d8+4,41,16,6,4,1d12+4,1d8+4,6.0,B
5443,39,15,8,4,1d8+4,1d6+4,33,15,5,4,1d10+4,1d8+4,7.0,B
5444,47,17,6,4,1d12+4,1d6+4,38,16,8,4,1d10+4,1d8+4,8.0,B
5445,32,16,8,4,1d8+4,1d8+4,45,17,8,4,1d8+4,1d8+4,7.0,A
5446,46,14,8,4,1d10+4,1d8+4,45,18,5,4,1d8+4,1d8+4,9.0,A
5447,42,15,8,4,1d10+4,1d6+4,39,17,5,4,1d8+4,1d8+4,4.0,B
5448,47,14,8,4,1d10+4,1d6+4,31,14,5,4,1d8+4,1d6+4,6.0,B
5449,49,18,7,4,1d10+4,1d8+4,50,16,6,4,1d12+4,1d6+4,0.0,A
5450,34,16,5,4,1d10+4,1d8+4,38,18,5,4,1d10+4,1d8+4,9.0,B
5451,42,17,6,4,1d10+4,1d8+4,40,14,8,4,1d10+4,1d8+4,5.0,A
5452,34,16,7,4,1d8+4,1d8+4,47,14,8,4,1d12+4,1d6+4,7.0,A
5453,30,18,5,4,1d12+4,1d8+4,35,14,6,4,1d10+4,1d6+4,1.0,A
5454,40,18,8,4,1d12+4,1d8+4,44,14,8,4,1d8+4,1d8+4,4.0,B
5455,42,14,8,4,1d12+4,1d6+4,30,14,7,4,1d12+4,1d8+4,0.0,B
5456,47,14,6,4,1d10+4,1d6+4,45,14,8,4,1d8+4,1d8+4,4.0,A
5457,48,15,8,4,1d8+4,1d6+4,37,14,8,4,1d10+4,1d8+4,4.0,A
5458,35,14,5,4,1d10+4,1d6+4,30,18,7,4,1d10+4,1d8+4,2.0,B
5459,49,18,8,4,1d8+4,1d6+4,43,18,8,4,1d8+4,1d6+4,10.0,B
5460,32,15,8,4,1d12+4,1d8+4,32,16,6,4,1d8+4,1d8+4,3.0,B
5461,42,15,5,4,1d8+4,1d6+4,49,15,5,4,1d8+4,1d8+4,9.0,B
5462,37,17,5,4,1d12+4,1d8+4,46,18,5,4,1d10+4,1d8+4,10.0,B
5463,37,17,7,4,1d12+4,1d8+4,31,18,6,4,1d12+4,1d8+4,8.0,A
5464,42,17,8,4,1d12+4,1d8+4,34,17,6,4,1d8+4,1d8+4,2.0,A
5465,42,15,5,4,1d12+4,1d8+4,41,18,8,4,1d12+4,1d8+4,8.0,B
5466,34,18,5,4,1d8+4,1d8+4,43,15,7,4,1d12+4,1d8+4,0.0,B
5467,46,18,6,4,1d12+4,1d6+4,38,18,5,4,1d10+4,1d6+4,8.0,A
5468,32,14,5,4,1d8+4,1d8+4,36,16,5,4,1d12+4,1d8+4,9.0,B
5469,37,16,7,4,1d12+4,1d6+4,42,18,8,4,1d12+4,1d8+4,8.0,A
5470,30,17,5,4,1d8+4,1d8+4,48,15,6,4,1d10+4,1d6+4,0.0,A
5471,39,17,8,4,1d12+4,1d6+4,32,18,7,4,1d12+4,1d6+4,3.0,A
5472,33,18,7,4,1d8+4,1d6+4,37,18,6,4,1d12+4,1d8+4,0.0,B
5473,43,17,7,4,1d12+4,1d6+4,50,16,7,4,1d10+4,1d8+4,5.0,B
5474,44,17,8,4,1d10+4,1d6+4,30,15,5,4,1d12+4,1d8+4,6.0,A
5475,30,16,7,4,1d12+4,1d6+4,40,17,7,4,1d8+4,1d8+4,1.0,B
5476,48,15,8,4,1d8+4,1d8+4,30,18,7,4,1d8+4,1d8+4,10.0,A
5477,48,18,6,4,1d10+4,1d8+4,31,14,6,4,1d10+4,1d8+4,4.0,A
5478,37,16,8,4,1d12+4,1d8+4,43,16,8,4,1d8+4,1d8+4,6.0,A
5479,30,15,8,4,1d12+4,1d6+4,44,16,7,4,1d8+4,1d6+4,9.0,B
5480,43,17,7,4,1d10+4,1d6+4,30,17,6,4,1d12+4,1d8+4,9.0,B
5481,46,18,7,4,1d8+4,1d6+4,41,17,7,4,1d12+4,1d6+4,10.0,A
5482,35,14,7,4,1d8+4,1d8+4,40,17,8,4,1d8+4,1d8+4,10.0,B
5483,37,15,5,4,1d8+4,1d8+4,33,15,6,4,1d12+4,1d8+4,7.0,A
5484,44,17,6,4,1d8+4,1d6+4,42,18,7,4,1d8+4,1d6+4,1.0,B
5485,36,17,6,4,1d8+4,1d8+4,48,18,5,4,1d8+4,1d8+4,4.0,B
5486,44,15,5,4,1d8+4,1d8+4,30,15,5,4,1d12+4,1d6+4,1.0,A
5487,42,14,6,4,1d12+4,1d6+4,43,17,7,4,1d10+4,1d8+4,5.0,B
5488,35,16,8,4,1d8+4,1d8+4,43,17,8,4,1d12+4,1d8+4,8.0,A
5489,39,15,5,4,1d8+4,1d8+4,35,17,6,4,1d10+4,1d6+4,7.0,B
5490,46,17,8,4,1d12+4,1d6+4,41,15,8,4,1d12+4,1d6+4,10.0,A
5491,33,17,7,4,1d12+4,1d6+4,45,14,6,4,1d10+4,1d6+4,4.0,B
5492,30,14,8,4,1d12+4,1d6+4,43,17,6,4,1d10+4,1d8+4,0.0,A
5493,47,15,7,4,1d12+4,1d6+4,30,17,5,4,1d12+4,1d8+4,7.0,A
5494,43,16,6,4,1d10+4,1d8+4,45,14,8,4,1d12+4,1d6+4,6.0,B
5495,31,15,7,4,1d12+4,1d6+4,43,17,6,4,1d8+4,1d8+4,8.0,B
5496,34,15,7,4,1d12+4,1d8+4,45,14,7,4,1d8+4,1d6+4,7.0,A
5497,40,16,5,4,1d8+4,1d6+4,34,16,7,4,1d8+4,1d8+4,6.0,A
5498,41,17,5,4,1d12+4,1d6+4,38,17,7,4,1d10+4,1d8+4,2.0,A
5499,32,14,5,4,1d10+4,1d6+4,48,16,7,4,1d8+4,1d6+4,10.0,A
5500,30,17,8,4,1d12+4,1d6+4,41,14,6,4,1d12+4,1d8+4,0.0,A
5501,38,16,7,4,1d10+4,1d6+4,41,17,7,4,1d10+4,1d6+4,6.0,A
5502,50,18,5,4,1d12+4,1d6+4,32,16,7,4,1d12+4,1d8+4,5.0,B
5503,50,14,8,4,1d10+4,1d6+4,37,14,7,4,1d10+4,1d8+4,3.0,A
5504,50,17,8,4,1d8+4,1d6+4,45,18,7,4,1d10+4,1d8+4,0.0,A
5505,46,15,7,4,1d10+4,1d8+4,33,14,7,4,1d10+4,1d6+4,9.0,B
5506,50,14,7,4,1d12+4,1d6+4,46,16,8,4,1d8+4,1d8+4,3.0,A
5507,37,17,5,4,1d10+4,1d8+4,31,16,7,4,1d8+4,1d8+4,1.0,A
5508,49,16,7,4,1d12+4,1d6+4,30,15,8,4,1d12+4,1d6+4,2.0,A
5509,35,16,7,4,1d12+4,1d6+4,41,16,6,4,1d10+4,1d6+4,0.0,B
5510,35,15,5,4,1d8+4,1d6+4,36,14,6,4,1d10+4,1d6+4,10.0,B
5511,30,17,6,4,1d12+4,1d8+4,38,16,8,4,1d12+4,1d6+4,6.0,B
5512,47,14,6,4,1d12+4,1d8+4,33,17,7,4,1d12+4,1d6+4,3.0,A
5513,32,14,6,4,1d12+4,1d8+4,48,14,7,4,1d12+4,1d8+4,10.0,B
5514,36,18,7,4,1d10+4,1d6+4,38,15,8,4,1d12+4,1d6+4,10.0,A
5515,40,18,6,4,1d10+4,1d8+4,40,16,7,4,1d12+4,1d6+4,8.0,A
5516,31,17,5,4,1d12+4,1d6+4,45,18,8,4,1d10+4,1d8+4,1.0,A
5517,41,16,5,4,1d10+4,1d6+4,47,18,8,4,1d10+4,1d6+4,3.0,A
5518,30,15,5,4,1d12+4,1d8+4,44,14,6,4,1d12+4,1d6+4,6.0,B
5519,31,14,7,4,1d10+4,1d6+4,30,15,6,4,1d10+4,1d8+4,0.0,A
5520,36,18,8,4,1d10+4,1d6+4,40,17,8,4,1d8+4,1d8+4,3.0,A
5521,33,14,6,4,1d10+4,1d8+4,39,18,6,4,1d8+4,1d8+4,10.0,A
5522,48,16,6,4,1d8+4,1d8+4,44,16,5,4,1d10+4,1d6+4,4.0,A
5523,37,18,7,4,1d8+4,1d8+4,44,17,8,4,1d8+4,1d6+4,10.0,A
5524,45,14,7,4,1d12+4,1d8+4,32,14,5,4,1d8+4,1d6+4,10.0,A
5525,45,15,8,4,1d8+4,1d6+4,46,14,5,4,1d12+4,1d6+4,2.0,B
5526,50,17,6,4,1d10+4,1d6+4,40,18,8,4,1d10+4,1d6+4,5.0,B
5527,46,14,6,4,1d10+4,1d8+4,41,15,6,4,1d10+4,1d6+4,5.0,A
5528,45,18,6,4,1d10+4,1d6+4,31,16,5,4,1d10+4,1d8+4,10.0,B
5529,31,17,6,4,1d8+4,1d6+4,35,15,7,4,1d10+4,1d8+4,10.0,A
5530,46,14,7,4,1d10+4,1d8+4,41,16,6,4,1d8+4,1d6+4,10.0,A
5531,45,18,5,4,1d10+4,1d6+4,32,14,7,4,1d10+4,1d8+4,3.0,A
5532,38,16,7,4,1d10+4,1d8+4,50,18,7,4,1d12+4,1d8+4,8.0,A
5533,45,17,5,4,1d8+4,1d6+4,50,17,6,4,1d12+4,1d6+4,3.0,B
5534,41,14,6,4,1d12+4,1d8+4,37,18,7,4,1d10+4,1d8+4,0.0,B
5535,45,15,8,4,1d10+4,1d6+4,42,18,8,4,1d10+4,1d8+4,7.0,B
5536,47,17,6,4,1d12+4,1d6+4,39,16,8,4,1d8+4,1d8+4,5.0,A
5537,30,17,5,4,1d8+4,1d6+4,47,14,6,4,1d10+4,1d8+4,2.0,B
5538,31,14,8,4,1d10+4,1d6+4,43,14,6,4,1d12+4,1d8+4,8.0,A
5539,31,15,7,4,1d10+4,1d6+4,39,15,5,4,1d10+4,1d8+4,6.0,A
5540,33,14,7,4,1d8+4,1d8+4,46,14,6,4,1d8+4,1d8+4,7.0,A
5541,36,16,8,4,1d10+4,1d8+4,44,17,6,4,1d10+4,1d8+4,2.0,B
5542,35,18,6,4,1d8+4,1d6+4,43,15,7,4,1d10+4,1d8+4,8.0,B
5543,37,14,8,4,1d10+4,1d8+4,44,14,8,4,1d8+4,1d8+4,1.0,A
5544,36,17,6,4,1d10+4,1d6+4,33,14,6,4,1d10+4,1d8+4,6.0,B
5545,33,16,6,4,1d10+4,1d8+4,40,14,5,4,1d8+4,1d6+4,3.0,B
5546,31,14,5,4,1d10+4,1d8+4,38,15,5,4,1d12+4,1d6+4,0.0,A
5547,38,17,6,4,1d10+4,1d6+4,39,17,8,4,1d12+4,1d6+4,3.0,B
5548,47,18,5,4,1d10+4,1d8+4,37,17,5,4,1d12+4,1d6+4,7.0,A
5549,35,16,8,4,1d12+4,1d8+4,45,18,8,4,1d12+4,1d6+4,4.0,B
5550,49,14,5,4,1d10+4,1d8+4,46,16,7,4,1d10+4,1d6+4,1.0,A
5551,39,15,7,4,1d10+4,1d8+4,39,14,7,4,1d12+4,1d6+4,4.0,A
5552,32,17,6,4,1d12+4,1d8+4,42,17,8,4,1d12+4,1d8+4,7.0,A
5553,49,15,8,4,1d12+4,1d6+4,35,14,6,4,1d12+4,1d8+4,9.0,A
5554,34,15,6,4,1d8+4,1d8+4,36,17,6,4,1d12+4,1d6+4,4.0,B
5555,33,16,6,4,1d8+4,1d6+4,40,18,6,4,1d8+4,1d8+4,3.0,B
5556,46,17,8,4,1d8+4,1d8+4,35,14,8,4,1d8+4,1d8+4,8.0,A
5557,42,15,6,4,1d10+4,1d6+4,31,14,7,4,1d8+4,1d8+4,3.0,A
5558,47,18,7,4,1d12+4,1d8+4,33,16,7,4,1d8+4,1d6+4,2.0,A
5559,35,15,7,4,1d8+4,1d8+4,35,15,8,4,1d8+4,1d8+4,10.0,B
5560,39,17,5,4,1d12+4,1d6+4,48,18,6,4,1d8+4,1d6+4,1.0,A
5561,45,14,6,4,1d8+4,1d6+4,49,15,5,4,1d12+4,1d6+4,3.0,B
5562,43,14,6,4,1d8+4,1d8+4,33,17,7,4,1d8+4,1d8+4,3.0,B
5563,34,17,6,4,1d10+4,1d6+4,34,14,6,4,1d12+4,1d8+4,2.0,A
5564,42,16,7,4,1d12+4,1d6+4,33,18,5,4,1d8+4,1d8+4,2.0,B
5565,43,18,8,4,1d10+4,1d8+4,38,14,8,4,1d12+4,1d8+4,3.0,A
5566,38,16,7,4,1d12+4,1d8+4,39,17,5,4,1d8+4,1d8+4,5.0,A
5567,33,18,5,4,1d12+4,1d6+4,32,15,8,4,1d12+4,1d8+4,5.0,B
5568,38,14,6,4,1d10+4,1d8+4,36,18,8,4,1d8+4,1d6+4,8.0,A
5569,42,17,5,4,1d10+4,1d8+4,36,16,6,4,1d8+4,1d6+4,5.0,A
5570,33,18,7,4,1d10+4,1d6+4,46,15,8,4,1d12+4,1d6+4,2.0,B
5571,50,15,8,4,1d8+4,1d8+4,33,18,5,4,1d12+4,1d6+4,7.0,B
5572,46,18,7,4,1d8+4,1d6+4,35,14,5,4,1d8+4,1d8+4,7.0,A
5573,30,14,7,4,1d12+4,1d8+4,37,16,5,4,1d12+4,1d8+4,3.0,B
5574,32,14,8,4,1d10+4,1d6+4,35,16,8,4,1d8+4,1d6+4,1.0,B
5575,33,18,5,4,1d8+4,1d6+4,40,16,6,4,1d8+4,1d6+4,6.0,A
5576,50,15,6,4,1d8+4,1d6+4,31,18,6,4,1d10+4,1d6+4,0.0,B
5577,41,15,6,4,1d12+4,1d8+4,37,16,6,4,1d12+4,1d6+4,3.0,B
5578,38,15,7,4,1d8+4,1d8+4,41,18,5,4,1d10+4,1d8+4,1.0,A
5579,38,15,7,4,1d12+4,1d8+4,49,15,6,4,1d8+4,1d6+4,9.0,A
5580,43,14,6,4,1d12+4,1d6+4,30,15,7,4,1d8+4,1d8+4,9.0,B
5581,34,15,8,4,1d10+4,1d6+4,47,14,5,4,1d10+4,1d6+4,6.0,B
5582,38,15,7,4,1d12+4,1d8+4,31,15,8,4,1d10+4,1d8+4,5.0,B
5583,35,18,6,4,1d10+4,1d8+4,32,14,7,4,1d10+4,1d6+4,1.0,A
5584,41,15,8,4,1d10+4,1d6+4,40,16,6,4,1d10+4,1d6+4,2.0,A
5585,38,17,6,4,1d10+4,1d6+4,45,17,5,4,1d8+4,1d6+4,6.0,B
5586,45,15,7,4,1d8+4,1d8+4,35,17,8,4,1d10+4,1d8+4,2.0,A
5587,47,18,5,4,1d10+4,1d8+4,42,17,7,4,1d12+4,1d8+4,2.0,B
5588,49,14,7,4,1d10+4,1d6+4,32,17,6,4,1d8+4,1d8+4,4.0,A
5589,33,16,7,4,1d12+4,1d8+4,33,14,7,4,1d8+4,1d8+4,4.0,A
5590,32,15,6,4,1d10+4,1d6+4,50,15,7,4,1d8+4,1d6+4,10.0,A
5591,36,16,7,4,1d12+4,1d6+4,46,18,5,4,1d12+4,1d8+4,9.0,A
5592,49,16,6,4,1d12+4,1d6+4,45,17,8,4,1d8+4,1d6+4,7.0,A
5593,43,16,8,4,1d12+4,1d8+4,44,15,5,4,1d8+4,1d8+4,10.0,A
5594,31,16,5,4,1d10+4,1d8+4,32,18,6,4,1d12+4,1d8+4,10.0,B
5595,35,15,5,4,1d12+4,1d6+4,36,17,7,4,1d10+4,1d8+4,8.0,B
5596,48,18,8,4,1d12+4,1d6+4,40,15,7,4,1d10+4,1d6+4,2.0,A
5597,30,18,6,4,1d12+4,1d6+4,43,18,8,4,1d12+4,1d8+4,1.0,B
5598,49,16,8,4,1d12+4,1d6+4,45,17,6,4,1d10+4,1d8+4,10.0,A
5599,38,17,5,4,1d10+4,1d8+4,35,15,8,4,1d12+4,1d6+4,1.0,B
5600,32,15,5,4,1d10+4,1d8+4,36,17,6,4,1d10+4,1d6+4,6.0,A
5601,30,16,8,4,1d10+4,1d6+4,48,15,7,4,1d10+4,1d8+4,8.0,B
5602,32,15,6,4,1d8+4,1d8+4,34,15,7,4,1d10+4,1d8+4,7.0,B
5603,42,15,8,4,1d10+4,1d6+4,43,14,8,4,1d12+4,1d6+4,1.0,B
5604,32,14,7,4,1d10+4,1d8+4,30,18,5,4,1d12+4,1d8+4,2.0,A
5605,33,14,5,4,1d10+4,1d6+4,42,14,7,4,1d10+4,1d6+4,8.0,A
5606,40,18,8,4,1d10+4,1d8+4,50,16,6,4,1d12+4,1d8+4,3.0,B
5607,43,16,5,4,1d10+4,1d8+4,44,18,6,4,1d10+4,1d6+4,9.0,A
5608,46,15,7,4,1d8+4,1d8+4,33,18,5,4,1d10+4,1d6+4,10.0,A
5609,50,16,5,4,1d10+4,1d6+4,31,16,7,4,1d8+4,1d8+4,3.0,A
5610,36,16,7,4,1d12+4,1d8+4,35,17,7,4,1d10+4,1d6+4,2.0,A
5611,40,15,7,4,1d10+4,1d6+4,48,14,6,4,1d12+4,1d8+4,2.0,B
5612,46,14,7,4,1d8+4,1d6+4,33,16,6,4,1d8+4,1d8+4,2.0,A
5613,49,18,8,4,1d10+4,1d8+4,49,15,7,4,1d10+4,1d6+4,0.0,A
5614,31,15,6,4,1d8+4,1d6+4,48,18,5,4,1d12+4,1d8+4,9.0,B
5615,50,15,7,4,1d10+4,1d8+4,39,17,5,4,1d10+4,1d8+4,9.0,B
5616,31,14,7,4,1d12+4,1d6+4,43,14,8,4,1d10+4,1d8+4,2.0,B
5617,47,14,5,4,1d8+4,1d8+4,38,18,7,4,1d8+4,1d6+4,9.0,A
5618,50,16,6,4,1d8+4,1d6+4,34,14,5,4,1d10+4,1d8+4,3.0,B
5619,37,15,8,4,1d12+4,1d8+4,34,14,6,4,1d8+4,1d6+4,0.0,A
5620,42,16,7,4,1d8+4,1d6+4,34,14,8,4,1d12+4,1d6+4,5.0,A
5621,43,18,8,4,1d12+4,1d8+4,31,18,5,4,1d10+4,1d6+4,3.0,A
5622,40,15,5,4,1d10+4,1d8+4,46,18,7,4,1d10+4,1d6+4,4.0,B
5623,38,16,7,4,1d8+4,1d6+4,30,18,7,4,1d10+4,1d6+4,7.0,A
5624,41,17,5,4,1d12+4,1d6+4,46,18,8,4,1d8+4,1d8+4,8.0,B
5625,48,17,7,4,1d12+4,1d6+4,41,16,6,4,1d12+4,1d8+4,1.0,A
5626,31,17,8,4,1d10+4,1d6+4,31,18,5,4,1d8+4,1d6+4,4.0,B
5627,50,16,5,4,1d12+4,1d8+4,49,18,6,4,1d10+4,1d8+4,4.0,B
5628,41,17,7,4,1d10+4,1d6+4,37,14,6,4,1d12+4,1d6+4,6.0,A
5629,33,14,5,4,1d8+4,1d6+4,31,14,7,4,1d10+4,1d6+4,4.0,B
5630,47,18,5,4,1d10+4,1d8+4,45,18,6,4,1d12+4,1d8+4,1.0,A
5631,35,17,7,4,1d12+4,1d8+4,36,15,8,4,1d8+4,1d8+4,10.0,A
5632,42,16,7,4,1d10+4,1d6+4,47,14,7,4,1d8+4,1d6+4,1.0,A
5633,37,18,7,4,1d10+4,1d6+4,50,16,5,4,1d12+4,1d8+4,2.0,A
5634,39,16,6,4,1d10+4,1d8+4,49,14,6,4,1d10+4,1d6+4,10.0,A
5635,40,15,5,4,1d10+4,1d6+4,43,15,7,4,1d12+4,1d8+4,1.0,B
5636,50,14,7,4,1d8+4,1d6+4,42,15,5,4,1d8+4,1d6+4,7.0,B
5637,47,18,5,4,1d8+4,1d6+4,40,15,7,4,1d10+4,1d8+4,1.0,B
5638,39,16,6,4,1d10+4,1d6+4,35,18,5,4,1d12+4,1d6+4,5.0,A
5639,48,16,8,4,1d10+4,1d8+4,49,16,8,4,1d8+4,1d8+4,7.0,A
5640,30,15,6,4,1d10+4,1d6+4,36,17,6,4,1d8+4,1d8+4,5.0,B
5641,42,14,6,4,1d12+4,1d8+4,38,18,6,4,1d12+4,1d8+4,3.0,A
5642,49,17,8,4,1d12+4,1d8+4,34,16,8,4,1d10+4,1d8+4,10.0,A
5643,36,17,5,4,1d12+4,1d8+4,34,18,5,4,1d10+4,1d8+4,10.0,A
5644,50,17,6,4,1d10+4,1d6+4,36,18,8,4,1d8+4,1d8+4,6.0,A
5645,50,15,8,4,1d12+4,1d8+4,31,15,8,4,1d10+4,1d6+4,4.0,A
5646,46,14,6,4,1d10+4,1d8+4,33,14,7,4,1d8+4,1d8+4,9.0,A
5647,45,16,5,4,1d8+4,1d6+4,30,18,5,4,1d10+4,1d6+4,5.0,A
5648,44,17,5,4,1d8+4,1d8+4,43,17,5,4,1d12+4,1d8+4,3.0,A
5649,30,14,8,4,1d12+4,1d8+4,30,16,5,4,1d10+4,1d8+4,4.0,B
5650,30,18,6,4,1d12+4,1d8+4,41,18,6,4,1d10+4,1d8+4,10.0,B
5651,36,18,5,4,1d8+4,1d8+4,37,16,7,4,1d12+4,1d6+4,3.0,A
5652,47,15,5,4,1d12+4,1d8+4,49,17,8,4,1d10+4,1d6+4,5.0,A
5653,42,18,6,4,1d8+4,1d6+4,43,17,8,4,1d8+4,1d6+4,6.0,B
5654,33,15,7,4,1d10+4,1d8+4,50,15,5,4,1d10+4,1d6+4,6.0,B
5655,40,15,6,4,1d8+4,1d8+4,36,17,5,4,1d10+4,1d8+4,4.0,B
5656,45,18,5,4,1d12+4,1d8+4,42,16,7,4,1d8+4,1d6+4,1.0,A
5657,37,14,5,4,1d8+4,1d6+4,38,17,7,4,1d10+4,1d6+4,6.0,B
5658,45,17,5,4,1d8+4,1d6+4,47,14,8,4,1d10+4,1d6+4,9.0,B
5659,48,14,5,4,1d8+4,1d8+4,36,14,5,4,1d10+4,1d6+4,8.0,A
5660,45,18,6,4,1d8+4,1d8+4,49,14,8,4,1d8+4,1d6+4,1.0,A
5661,35,14,8,4,1d12+4,1d6+4,30,17,6,4,1d12+4,1d8+4,7.0,B
5662,30,14,8,4,1d8+4,1d8+4,50,14,7,4,1d8+4,1d8+4,9.0,B
5663,43,16,6,4,1d10+4,1d6+4,48,17,6,4,1d12+4,1d6+4,1.0,B
5664,31,17,7,4,1d12+4,1d6+4,50,18,6,4,1d8+4,1d6+4,9.0,A
5665,44,16,8,4,1d8+4,1d8+4,42,18,7,4,1d12+4,1d8+4,0.0,B
5666,41,18,7,4,1d10+4,1d8+4,41,14,5,4,1d10+4,1d8+4,4.0,A
5667,50,16,8,4,1d10+4,1d8+4,35,15,8,4,1d8+4,1d8+4,6.0,A
5668,34,16,5,4,1d8+4,1d6+4,40,18,5,4,1d12+4,1d6+4,8.0,B
5669,50,16,5,4,1d8+4,1d8+4,33,16,7,4,1d8+4,1d6+4,9.0,A
5670,43,17,5,4,1d10+4,1d6+4,44,17,6,4,1d8+4,1d6+4,3.0,B
5671,47,18,5,4,1d12+4,1d6+4,37,15,5,4,1d8+4,1d8+4,2.0,A
5672,34,18,6,4,1d10+4,1d6+4,37,16,7,4,1d10+4,1d6+4,9.0,A
5673,48,18,7,4,1d12+4,1d8+4,42,15,8,4,1d12+4,1d8+4,6.0,B
5674,47,16,6,4,1d12+4,1d8+4,45,17,6,4,1d12+4,1d8+4,9.0,B
5675,42,16,7,4,1d12+4,1d6+4,31,15,5,4,1d12+4,1d6+4,10.0,A
5676,39,17,6,4,1d12+4,1d6+4,40,17,8,4,1d8+4,1d8+4,6.0,B
5677,32,18,5,4,1d10+4,1d8+4,46,17,7,4,1d12+4,1d6+4,8.0,B
5678,50,15,8,4,1d8+4,1d8+4,32,16,6,4,1d10+4,1d8+4,9.0,A
5679,41,16,8,4,1d10+4,1d6+4,31,18,6,4,1d10+4,1d6+4,6.0,B
5680,30,16,5,4,1d8+4,1d8+4,45,17,8,4,1d10+4,1d8+4,7.0,B
5681,32,15,7,4,1d8+4,1d6+4,40,17,6,4,1d10+4,1d8+4,3.0,B
5682,48,17,8,4,1d8+4,1d6+4,31,18,7,4,1d12+4,1d6+4,1.0,A
5683,30,16,7,4,1d12+4,1d6+4,49,18,8,4,1d10+4,1d6+4,1.0,B
5684,46,14,6,4,1d8+4,1d8+4,38,15,8,4,1d8+4,1d6+4,8.0,B
5685,41,17,7,4,1d12+4,1d6+4,43,17,6,4,1d12+4,1d6+4,6.0,B
5686,40,15,5,4,1d12+4,1d8+4,32,18,8,4,1d12+4,1d6+4,3.0,B
5687,37,14,8,4,1d8+4,1d6+4,49,17,6,4,1d8+4,1d6+4,10.0,B
5688,43,18,8,4,1d8+4,1d8+4,40,17,8,4,1d10+4,1d8+4,5.0,A
5689,31,15,6,4,1d12+4,1d6+4,35,15,7,4,1d10+4,1d8+4,3.0,B
5690,33,14,5,4,1d8+4,1d6+4,30,15,6,4,1d10+4,1d6+4,4.0,B
5691,37,14,5,4,1d8+4,1d8+4,41,17,7,4,1d8+4,1d8+4,0.0,A
5692,32,18,7,4,1d12+4,1d8+4,31,17,8,4,1d12+4,1d6+4,5.0,B
5693,40,16,8,4,1d10+4,1d6+4,45,17,7,4,1d10+4,1d8+4,3.0,A
5694,30,17,6,4,1d10+4,1d6+4,43,14,5,4,1d8+4,1d8+4,6.0,A
5695,35,14,5,4,1d12+4,1d6+4,43,16,5,4,1d12+4,1d8+4,2.0,A
5696,30,15,6,4,1d8+4,1d6+4,40,14,7,4,1d8+4,1d6+4,8.0,B
5697,49,18,5,4,1d8+4,1d6+4,40,17,6,4,1d8+4,1d8+4,8.0,A
5698,50,14,7,4,1d8+4,1d6+4,38,18,5,4,1d12+4,1d6+4,4.0,B
5699,49,18,7,4,1d10+4,1d8+4,42,18,5,4,1d10+4,1d6+4,10.0,A
5700,30,15,8,4,1d8+4,1d6+4,38,14,5,4,1d10+4,1d6+4,0.0,A
5701,36,15,8,4,1d8+4,1d6+4,48,18,5,4,1d8+4,1d8+4,3.0,A
5702,37,16,8,4,1d10+4,1d6+4,41,18,5,4,1d8+4,1d6+4,7.0,B
5703,41,17,8,4,1d12+4,1d8+4,50,15,7,4,1d10+4,1d6+4,8.0,A
5704,36,18,6,4,1d10+4,1d8+4,41,18,7,4,1d12+4,1d6+4,10.0,B
5705,33,16,6,4,1d8+4,1d8+4,49,14,8,4,1d12+4,1d6+4,5.0,B
5706,50,18,5,4,1d12+4,1d8+4,31,14,8,4,1d8+4,1d8+4,8.0,A
5707,45,18,8,4,1d10+4,1d8+4,37,18,7,4,1d12+4,1d6+4,10.0,A
5708,50,15,5,4,1d12+4,1d6+4,45,17,8,4,1d8+4,1d8+4,3.0,A
5709,35,15,5,4,1d12+4,1d6+4,31,17,8,4,1d10+4,1d6+4,4.0,A
5710,37,17,8,4,1d12+4,1d8+4,39,14,5,4,1d12+4,1d6+4,4.0,B
5711,36,16,8,4,1d10+4,1d6+4,40,18,5,4,1d12+4,1d8+4,10.0,B
5712,44,17,7,4,1d8+4,1d8+4,40,16,5,4,1d12+4,1d8+4,1.0,A
5713,35,16,7,4,1d10+4,1d8+4,35,18,5,4,1d12+4,1d6+4,4.0,A
5714,37,14,7,4,1d12+4,1d8+4,49,18,5,4,1d10+4,1d6+4,1.0,B
5715,39,18,5,4,1d12+4,1d6+4,32,18,5,4,1d8+4,1d8+4,8.0,A
5716,41,14,5,4,1d10+4,1d6+4,47,15,7,4,1d8+4,1d8+4,2.0,B
5717,42,16,7,4,1d10+4,1d8+4,49,17,8,4,1d12+4,1d8+4,0.0,B
5718,35,17,6,4,1d8+4,1d8+4,40,18,7,4,1d10+4,1d8+4,2.0,B
5719,44,14,5,4,1d8+4,1d8+4,37,14,7,4,1d8+4,1d8+4,6.0,A
5720,44,15,6,4,1d10+4,1d8+4,46,15,7,4,1d10+4,1d6+4,0.0,A
5721,39,18,7,4,1d8+4,1d6+4,32,16,8,4,1d10+4,1d6+4,4.0,B
5722,43,15,8,4,1d10+4,1d6+4,41,15,7,4,1d12+4,1d6+4,8.0,A
5723,48,15,7,4,1d12+4,1d6+4,31,18,6,4,1d12+4,1d6+4,7.0,A
5724,30,16,8,4,1d12+4,1d6+4,35,17,6,4,1d12+4,1d8+4,5.0,B
5725,50,14,7,4,1d10+4,1d6+4,34,17,5,4,1d12+4,1d8+4,4.0,B
5726,48,15,6,4,1d10+4,1d6+4,40,18,7,4,1d8+4,1d8+4,8.0,A
5727,48,18,8,4,1d12+4,1d6+4,46,17,6,4,1d8+4,1d8+4,9.0,A
5728,34,14,7,4,1d10+4,1d6+4,48,18,8,4,1d12+4,1d6+4,10.0,B
5729,44,16,6,4,1d12+4,1d8+4,43,16,6,4,1d8+4,1d6+4,5.0,A
5730,45,14,8,4,1d12+4,1d6+4,47,17,7,4,1d8+4,1d6+4,0.0,A
5731,43,16,5,4,1d8+4,1d8+4,39,16,8,4,1d8+4,1d6+4,8.0,B
5732,48,17,8,4,1d12+4,1d8+4,35,16,5,4,1d10+4,1d8+4,6.0,A
5733,30,18,6,4,1d10+4,1d6+4,38,16,8,4,1d10+4,1d6+4,2.0,B
5734,37,18,5,4,1d8+4,1d6+4,42,16,7,4,1d8+4,1d8+4,10.0,B
5735,43,16,8,4,1d12+4,1d8+4,42,17,8,4,1d8+4,1d8+4,10.0,B
5736,47,15,6,4,1d8+4,1d6+4,38,17,8,4,1d10+4,1d6+4,7.0,A
5737,34,14,5,4,1d12+4,1d6+4,45,15,8,4,1d12+4,1d6+4,3.0,B
5738,44,16,6,4,1d10+4,1d6+4,46,18,8,4,1d12+4,1d6+4,6.0,A
5739,42,15,5,4,1d10+4,1d6+4,48,15,6,4,1d8+4,1d8+4,6.0,B
5740,37,14,7,4,1d12+4,1d8+4,35,16,7,4,1d8+4,1d6+4,4.0,A
5741,47,14,7,4,1d8+4,1d6+4,32,15,8,4,1d8+4,1d8+4,10.0,A
5742,43,18,6,4,1d12+4,1d8+4,46,17,6,4,1d12+4,1d8+4,4.0,B
5743,37,14,5,4,1d10+4,1d6+4,50,15,6,4,1d8+4,1d8+4,5.0,A
5744,44,15,6,4,1d12+4,1d6+4,35,18,5,4,1d10+4,1d6+4,3.0,A
5745,38,14,6,4,1d10+4,1d6+4,40,18,6,4,1d12+4,1d6+4,3.0,B
5746,31,17,8,4,1d8+4,1d8+4,46,15,6,4,1d12+4,1d6+4,5.0,A
5747,42,16,6,4,1d8+4,1d6+4,41,16,5,4,1d8+4,1d8+4,2.0,B
5748,50,17,8,4,1d12+4,1d6+4,49,15,5,4,1d8+4,1d8+4,7.0,A
5749,48,14,8,4,1d10+4,1d8+4,32,18,8,4,1d10+4,1d8+4,2.0,B
5750,33,17,5,4,1d8+4,1d8+4,44,18,5,4,1d8+4,1d6+4,0.0,B
5751,47,17,5,4,1d10+4,1d8+4,42,14,8,4,1d8+4,1d6+4,8.0,A
5752,31,14,6,4,1d12+4,1d8+4,37,16,7,4,1d12+4,1d8+4,2.0,A
5753,31,14,5,4,1d8+4,1d8+4,48,17,6,4,1d10+4,1d6+4,3.0,B
5754,45,15,6,4,1d8+4,1d8+4,44,15,6,4,1d12+4,1d8+4,9.0,B
5755,34,16,6,4,1d12+4,1d8+4,31,18,7,4,1d8+4,1d8+4,5.0,A
5756,37,18,8,4,1d10+4,1d6+4,36,16,5,4,1d10+4,1d6+4,4.0,A
5757,40,14,5,4,1d10+4,1d6+4,34,14,5,4,1d10+4,1d6+4,6.0,B
5758,32,18,5,4,1d8+4,1d6+4,44,15,5,4,1d10+4,1d6+4,5.0,B
5759,42,15,5,4,1d12+4,1d8+4,43,15,8,4,1d12+4,1d6+4,8.0,B
5760,33,15,8,4,1d12+4,1d6+4,46,15,7,4,1d10+4,1d6+4,3.0,A
5761,31,18,7,4,1d8+4,1d8+4,45,14,5,4,1d10+4,1d8+4,6.0,A
5762,45,14,7,4,1d8+4,1d6+4,44,17,6,4,1d10+4,1d8+4,7.0,B
5763,43,17,5,4,1d8+4,1d8+4,36,14,6,4,1d12+4,1d8+4,5.0,B
5764,40,18,6,4,1d10+4,1d8+4,47,16,5,4,1d12+4,1d8+4,4.0,B
5765,30,15,5,4,1d10+4,1d8+4,43,16,7,4,1d8+4,1d6+4,10.0,B
5766,40,17,8,4,1d10+4,1d6+4,47,15,8,4,1d10+4,1d6+4,0.0,A
5767,31,17,6,4,1d10+4,1d8+4,33,14,5,4,1d12+4,1d8+4,3.0,A
5768,32,14,7,4,1d10+4,1d6+4,31,17,5,4,1d12+4,1d6+4,5.0,B
5769,40,15,7,4,1d10+4,1d8+4,44,16,8,4,1d8+4,1d6+4,2.0,A
5770,44,17,7,4,1d10+4,1d6+4,35,16,5,4,1d10+4,1d6+4,6.0,A
5771,34,14,5,4,1d10+4,1d8+4,44,17,8,4,1d10+4,1d8+4,1.0,B
5772,43,17,6,4,1d8+4,1d8+4,42,16,5,4,1d10+4,1d8+4,10.0,B
5773,50,18,8,4,1d8+4,1d6+4,46,18,5,4,1d8+4,1d6+4,1.0,A
5774,36,16,8,4,1d12+4,1d6+4,49,14,5,4,1d8+4,1d8+4,4.0,A
5775,42,14,5,4,1d8+4,1d8+4,43,15,6,4,1d10+4,1d6+4,2.0,A
5776,46,14,7,4,1d8+4,1d8+4,44,17,6,4,1d12+4,1d8+4,5.0,A
5777,33,16,5,4,1d12+4,1d8+4,45,14,8,4,1d10+4,1d8+4,4.0,A
5778,46,17,8,4,1d8+4,1d8+4,46,14,7,4,1d8+4,1d8+4,2.0,A
5779,39,18,8,4,1d12+4,1d6+4,35,15,8,4,1d12+4,1d6+4,5.0,A
5780,38,15,5,4,1d8+4,1d6+4,36,17,8,4,1d8+4,1d8+4,6.0,B
5781,41,15,5,4,1d12+4,1d6+4,34,18,7,4,1d8+4,1d6+4,8.0,A
5782,40,15,5,4,1d10+4,1d8+4,37,18,8,4,1d10+4,1d8+4,7.0,B
5783,45,16,8,4,1d10+4,1d8+4,39,18,8,4,1d10+4,1d8+4,1.0,B
5784,32,17,8,4,1d12+4,1d6+4,48,16,8,4,1d10+4,1d8+4,1.0,B
5785,49,15,8,4,1d12+4,1d6+4,48,15,7,4,1d12+4,1d8+4,9.0,A
5786,46,15,7,4,1d12+4,1d8+4,45,15,7,4,1d10+4,1d8+4,10.0,B
5787,40,16,7,4,1d12+4,1d8+4,39,14,8,4,1d8+4,1d8+4,5.0,B
5788,41,17,7,4,1d12+4,1d8+4,48,15,5,4,1d8+4,1d8+4,10.0,B
5789,30,18,5,4,1d8+4,1d6+4,45,17,8,4,1d10+4,1d6+4,1.0,B
5790,44,16,8,4,1d8+4,1d8+4,44,18,5,4,1d8+4,1d8+4,8.0,A
5791,34,18,6,4,1d8+4,1d6+4,48,14,8,4,1d10+4,1d8+4,5.0,A
5792,31,16,5,4,1d8+4,1d6+4,36,18,7,4,1d8+4,1d6+4,8.0,B
5793,42,15,7,4,1d8+4,1d6+4,31,17,5,4,1d8+4,1d6+4,10.0,A
5794,42,18,7,4,1d12+4,1d8+4,46,18,6,4,1d8+4,1d8+4,6.0,B
5795,47,15,8,4,1d8+4,1d8+4,31,14,8,4,1d10+4,1d8+4,7.0,A
5796,35,15,6,4,1d10+4,1d6+4,31,18,6,4,1d10+4,1d8+4,9.0,B
5797,37,14,6,4,1d12+4,1d8+4,32,17,8,4,1d10+4,1d8+4,2.0,B
5798,44,14,5,4,1d12+4,1d8+4,38,16,7,4,1d12+4,1d6+4,8.0,A
5799,45,16,6,4,1d10+4,1d8+4,33,17,7,4,1d12+4,1d8+4,10.0,B
5800,42,16,5,4,1d10+4,1d6+4,40,15,5,4,1d10+4,1d8+4,7.0,A
5801,32,16,7,4,1d12+4,1d6+4,48,14,7,4,1d8+4,1d8+4,9.0,A
5802,47,17,6,4,1d12+4,1d6+4,34,14,8,4,1d8+4,1d6+4,2.0,A
5803,42,14,6,4,1d8+4,1d6+4,34,14,7,4,1d12+4,1d6+4,3.0,A
5804,40,15,8,4,1d12+4,1d8+4,33,16,5,4,1d10+4,1d8+4,6.0,A
5805,37,14,5,4,1d12+4,1d6+4,49,15,7,4,1d12+4,1d6+4,1.0,B
5806,35,16,8,4,1d10+4,1d6+4,30,16,6,4,1d10+4,1d6+4,1.0,B
5807,50,14,6,4,1d12+4,1d6+4,36,16,6,4,1d10+4,1d8+4,8.0,A
5808,49,16,6,4,1d12+4,1d8+4,40,16,6,4,1d8+4,1d6+4,3.0,B
5809,36,14,5,4,1d8+4,1d8+4,36,18,8,4,1d10+4,1d8+4,10.0,B
5810,44,16,5,4,1d8+4,1d6+4,50,14,7,4,1d10+4,1d6+4,9.0,B
5811,47,15,7,4,1d12+4,1d8+4,48,18,8,4,1d8+4,1d6+4,0.0,B
5812,39,16,5,4,1d10+4,1d6+4,33,16,7,4,1d8+4,1d8+4,5.0,A
5813,37,15,7,4,1d8+4,1d6+4,36,17,6,4,1d8+4,1d8+4,9.0,A
5814,46,14,7,4,1d8+4,1d8+4,30,16,6,4,1d10+4,1d8+4,3.0,B
5815,49,18,8,4,1d10+4,1d8+4,47,14,7,4,1d8+4,1d6+4,8.0,A
5816,40,15,8,4,1d10+4,1d6+4,48,14,7,4,1d8+4,1d6+4,0.0,B
5817,39,18,8,4,1d8+4,1d8+4,40,18,6,4,1d12+4,1d8+4,5.0,B
5818,33,16,5,4,1d12+4,1d6+4,50,16,6,4,1d8+4,1d8+4,2.0,B
5819,42,17,7,4,1d10+4,1d8+4,42,16,5,4,1d10+4,1d8+4,2.0,B
5820,44,17,5,4,1d10+4,1d8+4,39,14,6,4,1d10+4,1d6+4,9.0,A
5821,33,18,6,4,1d12+4,1d8+4,31,18,6,4,1d8+4,1d8+4,8.0,A
5822,37,14,5,4,1d8+4,1d8+4,41,17,7,4,1d10+4,1d6+4,8.0,A
5823,30,17,5,4,1d8+4,1d6+4,41,17,7,4,1d10+4,1d6+4,0.0,A
5824,45,17,6,4,1d10+4,1d8+4,50,15,7,4,1d12+4,1d6+4,4.0,A
5825,37,16,6,4,1d12+4,1d8+4,33,18,8,4,1d10+4,1d6+4,2.0,B
5826,41,16,6,4,1d12+4,1d8+4,35,18,8,4,1d8+4,1d8+4,9.0,A
5827,42,14,5,4,1d8+4,1d6+4,34,17,7,4,1d8+4,1d6+4,0.0,B
5828,37,14,7,4,1d8+4,1d8+4,49,18,8,4,1d12+4,1d6+4,4.0,B
5829,37,17,6,4,1d12+4,1d6+4,48,16,5,4,1d12+4,1d6+4,5.0,B
5830,39,17,8,4,1d8+4,1d8+4,48,14,5,4,1d8+4,1d8+4,6.0,A
5831,43,18,8,4,1d8+4,1d8+4,44,17,6,4,1d10+4,1d8+4,10.0,B
5832,50,14,7,4,1d8+4,1d8+4,46,15,5,4,1d10+4,1d8+4,4.0,B
5833,49,15,8,4,1d10+4,1d6+4,46,14,7,4,1d8+4,1d8+4,1.0,A
5834,33,16,8,4,1d12+4,1d8+4,38,16,7,4,1d12+4,1d6+4,2.0,B
5835,31,15,6,4,1d8+4,1d6+4,45,18,6,4,1d8+4,1d8+4,8.0,B
5836,50,16,5,4,1d10+4,1d8+4,30,15,5,4,1d8+4,1d6+4,1.0,A
5837,38,17,8,4,1d10+4,1d6+4,38,14,5,4,1d8+4,1d8+4,9.0,A
5838,32,16,5,4,1d10+4,1d6+4,30,14,6,4,1d10+4,1d8+4,1.0,A
5839,44,14,5,4,1d8+4,1d6+4,32,15,5,4,1d12+4,1d6+4,7.0,B
5840,44,16,6,4,1d10+4,1d6+4,48,16,7,4,1d8+4,1d6+4,3.0,A
5841,37,17,5,4,1d12+4,1d6+4,49,17,5,4,1d8+4,1d8+4,7.0,B
5842,30,15,8,4,1d10+4,1d6+4,41,15,5,4,1d8+4,1d8+4,9.0,A
5843,41,15,5,4,1d10+4,1d8+4,31,18,5,4,1d12+4,1d8+4,7.0,A
5844,35,17,6,4,1d8+4,1d8+4,34,17,8,4,1d10+4,1d8+4,7.0,B
5845,31,16,5,4,1d10+4,1d6+4,49,14,5,4,1d12+4,1d8+4,0.0,B
5846,42,14,7,4,1d8+4,1d6+4,48,17,8,4,1d10+4,1d8+4,8.0,B
5847,36,18,8,4,1d12+4,1d6+4,45,15,8,4,1d8+4,1d6+4,3.0,A
5848,30,14,7,4,1d12+4,1d8+4,47,17,8,4,1d12+4,1d8+4,2.0,B
5849,50,16,6,4,1d10+4,1d8+4,48,17,5,4,1d12+4,1d8+4,2.0,A
5850,39,18,6,4,1d8+4,1d8+4,47,14,6,4,1d8+4,1d6+4,10.0,A
5851,44,18,8,4,1d10+4,1d6+4,33,17,8,4,1d10+4,1d6+4,7.0,A
5852,50,15,7,4,1d8+4,1d6+4,37,15,8,4,1d8+4,1d8+4,1.0,A
5853,49,15,6,4,1d8+4,1d8+4,34,14,7,4,1d12+4,1d8+4,0.0,A
5854,30,17,6,4,1d8+4,1d8+4,30,17,5,4,1d8+4,1d8+4,7.0,A
5855,30,14,7,4,1d8+4,1d6+4,46,18,5,4,1d12+4,1d8+4,4.0,B
5856,44,17,6,4,1d8+4,1d8+4,32,17,7,4,1d8+4,1d8+4,9.0,B
5857,40,14,6,4,1d12+4,1d8+4,47,15,7,4,1d10+4,1d6+4,9.0,B
5858,44,18,6,4,1d8+4,1d8+4,39,14,6,4,1d8+4,1d8+4,7.0,A
5859,35,16,6,4,1d8+4,1d6+4,30,14,5,4,1d12+4,1d6+4,4.0,A
5860,36,14,5,4,1d10+4,1d8+4,47,18,6,4,1d12+4,1d6+4,1.0,B
5861,50,15,8,4,1d12+4,1d8+4,47,16,6,4,1d12+4,1d6+4,10.0,A
5862,36,16,6,4,1d10+4,1d8+4,33,18,5,4,1d8+4,1d6+4,5.0,B
5863,38,18,6,4,1d10+4,1d6+4,34,16,7,4,1d12+4,1d8+4,0.0,A
5864,32,14,8,4,1d10+4,1d6+4,33,15,8,4,1d8+4,1d6+4,4.0,B
5865,37,14,6,4,1d8+4,1d6+4,48,15,6,4,1d10+4,1d8+4,6.0,B
5866,30,17,6,4,1d10+4,1d8+4,35,18,6,4,1d8+4,1d8+4,5.0,B
5867,49,16,6,4,1d12+4,1d6+4,39,14,5,4,1d8+4,1d6+4,0.0,A
5868,34,15,8,4,1d12+4,1d8+4,41,14,8,4,1d8+4,1d8+4,1.0,A
5869,41,17,8,4,1d10+4,1d6+4,47,15,6,4,1d10+4,1d6+4,3.0,A
5870,49,14,8,4,1d12+4,1d6+4,38,15,8,4,1d12+4,1d6+4,5.0,B
5871,37,15,8,4,1d10+4,1d6+4,44,17,7,4,1d12+4,1d8+4,6.0,B
5872,40,15,7,4,1d10+4,1d8+4,40,16,5,4,1d10+4,1d8+4,2.0,B
5873,41,15,8,4,1d10+4,1d6+4,46,15,6,4,1d8+4,1d6+4,6.0,B
5874,31,18,6,4,1d8+4,1d8+4,42,18,7,4,1d12+4,1d6+4,5.0,A
5875,32,16,5,4,1d12+4,1d6+4,33,16,8,4,1d8+4,1d6+4,1.0,A
5876,35,15,5,4,1d12+4,1d6+4,31,15,7,4,1d8+4,1d8+4,0.0,A
5877,32,17,6,4,1d10+4,1d6+4,33,18,6,4,1d12+4,1d6+4,5.0,B
5878,48,17,6,4,1d8+4,1d8+4,38,16,7,4,1d8+4,1d8+4,3.0,A
5879,49,15,7,4,1d12+4,1d6+4,47,15,5,4,1d12+4,1d6+4,7.0,A
5880,46,15,7,4,1d10+4,1d8+4,31,14,5,4,1d10+4,1d6+4,7.0,A
5881,42,14,5,4,1d12+4,1d6+4,47,16,7,4,1d10+4,1d8+4,0.0,A
5882,47,17,6,4,1d10+4,1d6+4,32,18,5,4,1d10+4,1d8+4,5.0,B
5883,44,17,6,4,1d10+4,1d8+4,38,15,6,4,1d10+4,1d8+4,1.0,A
5884,48,16,5,4,1d8+4,1d8+4,35,14,5,4,1d8+4,1d8+4,9.0,A
5885,46,15,6,4,1d12+4,1d6+4,40,17,8,4,1d12+4,1d6+4,3.0,A
5886,43,16,6,4,1d10+4,1d6+4,31,14,5,4,1d8+4,1d8+4,7.0,B
5887,33,15,7,4,1d10+4,1d6+4,36,17,8,4,1d10+4,1d8+4,3.0,A
5888,42,16,5,4,1d12+4,1d6+4,48,18,6,4,1d12+4,1d8+4,0.0,A
5889,34,14,6,4,1d10+4,1d6+4,39,15,7,4,1d12+4,1d8+4,1.0,A
5890,50,18,7,4,1d10+4,1d6+4,34,14,5,4,1d10+4,1d8+4,4.0,A
5891,49,16,5,4,1d10+4,1d6+4,44,18,7,4,1d10+4,1d8+4,4.0,B
5892,49,14,5,4,1d10+4,1d8+4,49,16,7,4,1d12+4,1d6+4,3.0,B
5893,42,18,7,4,1d8+4,1d6+4,48,14,5,4,1d12+4,1d6+4,5.0,B
5894,49,14,5,4,1d8+4,1d8+4,50,16,6,4,1d10+4,1d8+4,9.0,B
5895,36,17,7,4,1d8+4,1d8+4,37,16,6,4,1d8+4,1d8+4,0.0,A
5896,38,15,8,4,1d8+4,1d6+4,42,15,7,4,1d12+4,1d8+4,7.0,A
5897,43,15,7,4,1d12+4,1d8+4,33,14,6,4,1d12+4,1d8+4,4.0,A
5898,37,16,8,4,1d12+4,1d6+4,31,17,8,4,1d8+4,1d8+4,2.0,A
5899,38,14,8,4,1d10+4,1d6+4,34,17,6,4,1d12+4,1d6+4,9.0,A
5900,49,17,7,4,1d10+4,1d8+4,39,17,7,4,1d12+4,1d6+4,5.0,A
5901,47,16,5,4,1d10+4,1d6+4,44,16,8,4,1d12+4,1d8+4,1.0,B
5902,31,18,8,4,1d10+4,1d8+4,35,14,6,4,1d12+4,1d8+4,2.0,B
5903,48,18,6,4,1d8+4,1d8+4,48,18,8,4,1d8+4,1d6+4,3.0,B
5904,39,15,7,4,1d10+4,1d8+4,42,15,6,4,1d8+4,1d8+4,6.0,A
5905,41,15,6,4,1d8+4,1d8+4,44,14,5,4,1d12+4,1d8+4,6.0,B
5906,46,14,6,4,1d12+4,1d8+4,49,16,7,4,1d12+4,1d6+4,0.0,B
5907,39,18,6,4,1d10+4,1d8+4,36,16,8,4,1d8+4,1d8+4,1.0,A
5908,41,18,8,4,1d12+4,1d8+4,31,14,6,4,1d8+4,1d8+4,7.0,A
5909,49,17,6,4,1d10+4,1d8+4,37,17,8,4,1d10+4,1d8+4,6.0,A
5910,38,16,7,4,1d10+4,1d6+4,50,15,7,4,1d8+4,1d6+4,7.0,A
5911,47,17,5,4,1d8+4,1d6+4,46,16,5,4,1d10+4,1d8+4,1.0,B
5912,32,17,6,4,1d10+4,1d6+4,47,17,7,4,1d8+4,1d8+4,0.0,B
5913,36,18,6,4,1d12+4,1d8+4,42,15,5,4,1d10+4,1d8+4,8.0,A
5914,35,15,6,4,1d10+4,1d8+4,31,17,8,4,1d12+4,1d8+4,9.0,B
5915,33,14,7,4,1d8+4,1d6+4,49,18,7,4,1d10+4,1d8+4,10.0,A
5916,47,14,5,4,1d8+4,1d8+4,42,17,7,4,1d10+4,1d6+4,2.0,B
5917,47,16,8,4,1d8+4,1d6+4,43,17,6,4,1d12+4,1d6+4,5.0,B
5918,31,14,7,4,1d8+4,1d6+4,44,18,6,4,1d8+4,1d8+4,2.0,B
5919,49,18,6,4,1d8+4,1d6+4,30,18,8,4,1d8+4,1d6+4,5.0,A
5920,38,14,8,4,1d12+4,1d8+4,42,18,8,4,1d8+4,1d8+4,8.0,B
5921,38,15,5,4,1d12+4,1d6+4,32,18,6,4,1d12+4,1d8+4,6.0,A
5922,42,16,8,4,1d8+4,1d6+4,47,15,8,4,1d10+4,1d6+4,8.0,B
5923,44,15,5,4,1d8+4,1d8+4,31,16,5,4,1d12+4,1d6+4,3.0,B
5924,35,18,5,4,1d10+4,1d8+4,43,17,6,4,1d12+4,1d8+4,9.0,A
5925,46,15,7,4,1d12+4,1d6+4,35,17,5,4,1d10+4,1d6+4,2.0,A
5926,39,16,5,4,1d8+4,1d6+4,35,17,5,4,1d10+4,1d8+4,10.0,A
5927,35,17,7,4,1d10+4,1d6+4,50,15,5,4,1d10+4,1d8+4,5.0,A
5928,49,14,8,4,1d8+4,1d8+4,50,15,5,4,1d8+4,1d8+4,4.0,A
5929,31,17,7,4,1d10+4,1d6+4,42,16,8,4,1d12+4,1d6+4,6.0,B
5930,48,15,8,4,1d12+4,1d6+4,40,15,8,4,1d10+4,1d8+4,4.0,A
5931,41,15,6,4,1d10+4,1d8+4,38,18,7,4,1d8+4,1d6+4,10.0,B
5932,43,15,6,4,1d8+4,1d8+4,35,16,7,4,1d8+4,1d8+4,5.0,A
5933,47,18,6,4,1d10+4,1d6+4,34,14,6,4,1d10+4,1d6+4,10.0,A
5934,45,16,5,4,1d8+4,1d8+4,41,17,8,4,1d8+4,1d6+4,4.0,A
5935,30,18,7,4,1d10+4,1d6+4,48,14,6,4,1d12+4,1d8+4,7.0,B
5936,37,15,5,4,1d12+4,1d8+4,48,18,5,4,1d10+4,1d6+4,5.0,B
5937,42,18,6,4,1d12+4,1d6+4,41,18,8,4,1d8+4,1d6+4,1.0,A
5938,34,15,5,4,1d10+4,1d6+4,36,16,7,4,1d10+4,1d8+4,1.0,B
5939,32,18,8,4,1d8+4,1d6+4,39,16,7,4,1d8+4,1d8+4,6.0,B
5940,43,15,5,4,1d12+4,1d8+4,49,15,5,4,1d12+4,1d6+4,10.0,B
5941,41,17,7,4,1d10+4,1d6+4,45,17,6,4,1d10+4,1d8+4,1.0,B
5942,33,18,8,4,1d10+4,1d8+4,44,15,7,4,1d10+4,1d6+4,10.0,A
5943,45,14,5,4,1d8+4,1d6+4,30,15,8,4,1d8+4,1d6+4,0.0,A
5944,40,18,6,4,1d8+4,1d8+4,49,16,7,4,1d8+4,1d6+4,4.0,A
5945,38,16,6,4,1d8+4,1d8+4,45,18,7,4,1d12+4,1d6+4,9.0,B
5946,31,16,6,4,1d8+4,1d8+4,30,18,5,4,1d12+4,1d8+4,2.0,A
5947,46,15,5,4,1d8+4,1d6+4,33,15,6,4,1d10+4,1d8+4,9.0,A
5948,42,14,5,4,1d12+4,1d6+4,48,17,5,4,1d12+4,1d6+4,9.0,A
5949,45,14,5,4,1d8+4,1d8+4,34,18,8,4,1d12+4,1d6+4,0.0,B
5950,38,16,8,4,1d8+4,1d8+4,45,18,7,4,1d8+4,1d8+4,1.0,A
5951,38,15,7,4,1d8+4,1d8+4,45,16,5,4,1d10+4,1d6+4,6.0,B
5952,48,14,6,4,1d12+4,1d6+4,40,15,6,4,1d12+4,1d8+4,7.0,A
5953,33,15,5,4,1d8+4,1d8+4,47,18,7,4,1d8+4,1d6+4,1.0,B
5954,31,15,7,4,1d8+4,1d6+4,48,17,7,4,1d10+4,1d8+4,6.0,B
5955,45,15,6,4,1d8+4,1d6+4,47,17,6,4,1d10+4,1d6+4,7.0,B
5956,39,16,6,4,1d8+4,1d8+4,33,14,8,4,1d10+4,1d8+4,4.0,A
5957,35,18,6,4,1d8+4,1d6+4,41,14,5,4,1d10+4,1d8+4,1.0,A
5958,50,16,7,4,1d8+4,1d8+4,42,17,7,4,1d12+4,1d8+4,5.0,B
5959,41,14,5,4,1d10+4,1d6+4,45,18,8,4,1d8+4,1d8+4,9.0,A
5960,41,17,7,4,1d8+4,1d6+4,47,18,5,4,1d12+4,1d8+4,3.0,B
5961,39,17,7,4,1d8+4,1d8+4,49,17,5,4,1d10+4,1d6+4,4.0,B
5962,46,17,7,4,1d8+4,1d8+4,50,14,7,4,1d10+4,1d6+4,1.0,B
5963,43,15,8,4,1d8+4,1d6+4,32,17,5,4,1d12+4,1d8+4,5.0,B
5964,50,16,7,4,1d8+4,1d6+4,31,17,6,4,1d8+4,1d6+4,3.0,B
5965,30,17,5,4,1d8+4,1d8+4,35,18,7,4,1d12+4,1d8+4,1.0,B
5966,34,14,5,4,1d8+4,1d8+4,38,15,7,4,1d8+4,1d8+4,7.0,B
5967,32,17,5,4,1d8+4,1d6+4,41,17,8,4,1d8+4,1d6+4,8.0,A
5968,40,14,8,4,1d10+4,1d6+4,33,18,5,4,1d10+4,1d6+4,8.0,A
5969,36,14,6,4,1d12+4,1d8+4,38,15,7,4,1d10+4,1d6+4,10.0,B
5970,34,18,6,4,1d8+4,1d6+4,34,18,7,4,1d8+4,1d6+4,7.0,B
5971,47,15,7,4,1d8+4,1d6+4,43,17,6,4,1d10+4,1d6+4,3.0,A
5972,49,18,6,4,1d10+4,1d8+4,36,16,6,4,1d8+4,1d8+4,0.0,A
5973,42,14,5,4,1d12+4,1d6+4,37,18,7,4,1d8+4,1d6+4,5.0,A
5974,50,17,7,4,1d8+4,1d6+4,38,14,6,4,1d8+4,1d8+4,10.0,A
5975,48,18,8,4,1d12+4,1d8+4,50,18,6,4,1d12+4,1d8+4,5.0,A
5976,30,14,6,4,1d8+4,1d8+4,38,15,5,4,1d8+4,1d8+4,8.0,B
5977,31,17,8,4,1d10+4,1d6+4,35,16,6,4,1d8+4,1d6+4,0.0,B
5978,45,16,8,4,1d8+4,1d8+4,47,14,5,4,1d10+4,1d8+4,5.0,A
5979,42,15,7,4,1d8+4,1d8+4,42,15,6,4,1d12+4,1d8+4,0.0,B
5980,47,18,8,4,1d12+4,1d8+4,40,16,8,4,1d10+4,1d6+4,9.0,B
5981,49,15,5,4,1d8+4,1d8+4,43,18,5,4,1d8+4,1d6+4,3.0,A
5982,39,18,8,4,1d12+4,1d8+4,41,14,8,4,1d12+4,1d6+4,1.0,A
5983,45,17,8,4,1d8+4,1d6+4,41,16,8,4,1d12+4,1d8+4,5.0,B
5984,37,14,7,4,1d8+4,1d6+4,34,18,7,4,1d8+4,1d6+4,2.0,B
5985,33,18,7,4,1d12+4,1d8+4,32,16,6,4,1d8+4,1d8+4,6.0,B
5986,42,18,8,4,1d8+4,1d6+4,50,15,6,4,1d12+4,1d8+4,8.0,B
5987,43,16,5,4,1d12+4,1d6+4,44,15,8,4,1d12+4,1d6+4,6.0,B
5988,47,14,7,4,1d12+4,1d8+4,35,15,8,4,1d10+4,1d6+4,1.0,B
5989,39,15,6,4,1d12+4,1d8+4,33,18,6,4,1d12+4,1d8+4,9.0,A
5990,48,16,5,4,1d12+4,1d8+4,46,16,7,4,1d8+4,1d8+4,8.0,B
5991,34,14,8,4,1d8+4,1d8+4,50,17,6,4,1d8+4,1d8+4,4.0,B
5992,32,16,6,4,1d8+4,1d8+4,40,14,5,4,1d8+4,1d6+4,3.0,B
5993,34,15,7,4,1d10+4,1d8+4,32,17,8,4,1d8+4,1d6+4,10.0,B
5994,32,16,6,4,1d8+4,1d6+4,30,16,5,4,1d8+4,1d6+4,10.0,B
5995,36,16,7,4,1d10+4,1d8+4,36,17,5,4,1d8+4,1d8+4,8.0,A
5996,36,16,5,4,1d10+4,1d8+4,41,14,7,4,1d12+4,1d6+4,9.0,B
5997,32,17,8,4,1d12+4,1d6+4,35,18,8,4,1d12+4,1d6+4,3.0,B
5998,35,15,6,4,1d12+4,1d8+4,38,15,7,4,1d12+4,1d8+4,9.0,A
5999,44,16,6,4,1d8+4,1d8+4,41,16,7,4,1d12+4,1d8+4,4.0,B
6000,48,15,5,4,1d10+4,1d8+4,39,14,6,4,1d12+4,1d8+4,4.0,B
6001,34,17,5,4,1d8+4,1d8+4,33,15,7,4,1d8+4,1d6+4,0.0,B
6002,46,18,8,4,1d8+4,1d6+4,43,17,7,4,1d8+4,1d6+4,5.0,A
6003,40,16,8,4,1d12+4,1d8+4,41,16,7,4,1d10+4,1d6+4,6.0,A
6004,38,17,6,4,1d8+4,1d8+4,50,14,7,4,1d12+4,1d8+4,2.0,B
6005,43,17,5,4,1d12+4,1d6+4,40,14,8,4,1d12+4,1d6+4,8.0,B
6006,36,18,8,4,1d12+4,1d6+4,45,18,7,4,1d8+4,1d8+4,2.0,A
6007,47,17,6,4,1d8+4,1d6+4,33,15,5,4,1d8+4,1d8+4,8.0,A
6008,42,14,5,4,1d10+4,1d6+4,43,14,6,4,1d12+4,1d8+4,0.0,A
6009,31,17,7,4,1d8+4,1d6+4,48,14,8,4,1d10+4,1d6+4,3.0,A
6010,39,16,8,4,1d10+4,1d6+4,31,14,8,4,1d12+4,1d8+4,10.0,A
6011,48,17,8,4,1d12+4,1d6+4,37,18,5,4,1d10+4,1d6+4,6.0,B
6012,31,14,8,4,1d10+4,1d6+4,31,15,7,4,1d12+4,1d8+4,4.0,A
6013,35,15,8,4,1d12+4,1d6+4,38,17,8,4,1d12+4,1d6+4,0.0,A
6014,47,15,6,4,1d8+4,1d8+4,39,16,7,4,1d8+4,1d6+4,4.0,B
6015,47,16,6,4,1d12+4,1d6+4,40,15,7,4,1d12+4,1d8+4,2.0,A
6016,35,17,7,4,1d8+4,1d6+4,30,15,6,4,1d10+4,1d6+4,2.0,A
6017,45,16,7,4,1d8+4,1d8+4,43,14,6,4,1d12+4,1d6+4,8.0,A
6018,40,16,7,4,1d8+4,1d8+4,33,17,7,4,1d8+4,1d6+4,2.0,B
6019,45,17,7,4,1d10+4,1d6+4,39,16,6,4,1d12+4,1d8+4,9.0,A
6020,37,16,5,4,1d12+4,1d8+4,42,18,6,4,1d8+4,1d6+4,10.0,A
6021,44,17,6,4,1d8+4,1d8+4,50,15,7,4,1d10+4,1d6+4,0.0,B
6022,50,14,8,4,1d12+4,1d8+4,46,15,6,4,1d12+4,1d8+4,6.0,B
6023,38,14,6,4,1d12+4,1d8+4,35,18,6,4,1d10+4,1d8+4,8.0,B
6024,44,17,8,4,1d12+4,1d8+4,35,17,5,4,1d8+4,1d8+4,8.0,B
6025,43,16,5,4,1d10+4,1d8+4,46,16,8,4,1d12+4,1d6+4,6.0,B
6026,32,18,5,4,1d8+4,1d6+4,44,16,6,4,1d12+4,1d6+4,9.0,B
6027,30,17,8,4,1d12+4,1d8+4,38,15,8,4,1d12+4,1d6+4,3.0,B
6028,46,14,8,4,1d10+4,1d8+4,50,15,6,4,1d10+4,1d8+4,10.0,B
6029,39,16,7,4,1d10+4,1d6+4,39,17,5,4,1d8+4,1d6+4,0.0,B
6030,36,16,5,4,1d10+4,1d6+4,37,18,8,4,1d10+4,1d6+4,8.0,B
6031,47,18,6,4,1d10+4,1d8+4,47,14,7,4,1d10+4,1d6+4,6.0,B
6032,50,14,7,4,1d12+4,1d8+4,48,16,7,4,1d10+4,1d8+4,3.0,B
6033,49,18,5,4,1d10+4,1d8+4,33,14,6,4,1d8+4,1d8+4,0.0,A
6034,39,16,7,4,1d10+4,1d8+4,43,18,6,4,1d12+4,1d6+4,4.0,A
6035,37,17,6,4,1d10+4,1d8+4,36,14,7,4,1d10+4,1d6+4,6.0,A
6036,35,14,8,4,1d12+4,1d8+4,30,17,5,4,1d8+4,1d8+4,9.0,A
6037,39,18,8,4,1d12+4,1d8+4,47,16,6,4,1d10+4,1d6+4,3.0,A
6038,34,17,6,4,1d8+4,1d6+4,31,17,7,4,1d12+4,1d8+4,0.0,A
6039,36,14,5,4,1d8+4,1d8+4,49,15,8,4,1d10+4,1d8+4,1.0,B
6040,47,15,7,4,1d12+4,1d6+4,41,14,6,4,1d12+4,1d8+4,4.0,A
6041,36,18,5,4,1d12+4,1d6+4,35,14,7,4,1d10+4,1d8+4,6.0,A
6042,50,17,8,4,1d12+4,1d8+4,33,18,5,4,1d12+4,1d6+4,3.0,B
6043,30,15,7,4,1d10+4,1d8+4,37,16,8,4,1d8+4,1d8+4,1.0,A
6044,30,14,6,4,1d12+4,1d8+4,31,18,5,4,1d8+4,1d8+4,2.0,B
6045,50,18,8,4,1d8+4,1d6+4,31,15,7,4,1d10+4,1d6+4,4.0,A
6046,45,14,5,4,1d8+4,1d6+4,49,15,6,4,1d10+4,1d6+4,0.0,B
6047,47,16,6,4,1d8+4,1d8+4,32,17,8,4,1d10+4,1d6+4,8.0,A
6048,33,16,8,4,1d10+4,1d6+4,39,17,5,4,1d8+4,1d6+4,5.0,B
6049,32,18,6,4,1d12+4,1d6+4,49,16,7,4,1d12+4,1d8+4,2.0,B
6050,42,14,6,4,1d12+4,1d6+4,49,17,5,4,1d12+4,1d8+4,6.0,A
6051,31,16,8,4,1d12+4,1d8+4,33,17,6,4,1d8+4,1d6+4,8.0,A
6052,40,18,8,4,1d10+4,1d8+4,47,18,8,4,1d10+4,1d8+4,1.0,A
6053,46,16,6,4,1d12+4,1d6+4,30,17,8,4,1d12+4,1d6+4,5.0,B
6054,42,15,7,4,1d12+4,1d8+4,45,16,6,4,1d8+4,1d8+4,10.0,A
6055,36,15,5,4,1d8+4,1d6+4,34,17,5,4,1d10+4,1d8+4,8.0,A
6056,31,16,8,4,1d10+4,1d8+4,39,17,7,4,1d8+4,1d6+4,8.0,B
6057,38,16,7,4,1d12+4,1d6+4,43,15,6,4,1d12+4,1d8+4,9.0,B
6058,49,14,8,4,1d8+4,1d8+4,40,14,8,4,1d12+4,1d6+4,4.0,A
6059,38,18,7,4,1d8+4,1d8+4,47,15,5,4,1d8+4,1d6+4,8.0,B
6060,49,14,5,4,1d12+4,1d8+4,41,15,8,4,1d10+4,1d6+4,2.0,A
6061,39,15,6,4,1d8+4,1d6+4,38,15,6,4,1d8+4,1d6+4,1.0,B
6062,33,17,8,4,1d8+4,1d8+4,50,17,6,4,1d10+4,1d6+4,0.0,A
6063,30,16,8,4,1d10+4,1d6+4,42,17,8,4,1d12+4,1d6+4,6.0,A
6064,33,18,6,4,1d8+4,1d8+4,41,15,5,4,1d12+4,1d6+4,4.0,A
6065,34,18,5,4,1d12+4,1d8+4,30,18,6,4,1d8+4,1d6+4,10.0,A
6066,43,18,5,4,1d10+4,1d6+4,50,18,5,4,1d12+4,1d6+4,2.0,B
6067,43,18,6,4,1d12+4,1d6+4,42,15,7,4,1d12+4,1d6+4,3.0,A
6068,42,14,8,4,1d10+4,1d6+4,44,15,7,4,1d10+4,1d8+4,5.0,B
6069,47,14,5,4,1d12+4,1d6+4,47,16,5,4,1d10+4,1d6+4,9.0,A
6070,39,17,7,4,1d10+4,1d6+4,33,15,7,4,1d8+4,1d6+4,1.0,A
6071,32,16,6,4,1d12+4,1d6+4,50,16,6,4,1d12+4,1d8+4,4.0,B
6072,30,18,5,4,1d10+4,1d8+4,35,17,6,4,1d12+4,1d8+4,7.0,A
6073,43,16,5,4,1d8+4,1d6+4,34,14,6,4,1d12+4,1d6+4,8.0,A
6074,46,15,5,4,1d8+4,1d6+4,50,14,7,4,1d12+4,1d6+4,1.0,B
6075,46,16,5,4,1d10+4,1d8+4,44,14,5,4,1d8+4,1d6+4,9.0,A
6076,36,14,5,4,1d8+4,1d8+4,45,17,5,4,1d8+4,1d8+4,1.0,B
6077,42,16,8,4,1d8+4,1d8+4,50,16,8,4,1d10+4,1d6+4,6.0,B
6078,46,14,7,4,1d8+4,1d8+4,45,18,6,4,1d10+4,1d6+4,10.0,B
6079,35,14,6,4,1d10+4,1d8+4,41,18,5,4,1d8+4,1d8+4,6.0,A
6080,39,18,8,4,1d8+4,1d6+4,45,14,6,4,1d10+4,1d8+4,4.0,B
6081,34,14,5,4,1d10+4,1d6+4,45,18,7,4,1d8+4,1d6+4,10.0,B
6082,45,15,8,4,1d12+4,1d6+4,33,18,6,4,1d12+4,1d6+4,1.0,A
6083,50,16,7,4,1d10+4,1d6+4,30,14,5,4,1d10+4,1d8+4,9.0,A
6084,38,14,8,4,1d10+4,1d8+4,31,17,6,4,1d10+4,1d8+4,9.0,B
6085,50,15,7,4,1d12+4,1d8+4,36,14,6,4,1d8+4,1d6+4,6.0,A
6086,34,14,6,4,1d8+4,1d6+4,30,18,6,4,1d8+4,1d8+4,5.0,A
6087,37,18,5,4,1d8+4,1d8+4,47,16,5,4,1d12+4,1d6+4,2.0,B
6088,33,15,8,4,1d10+4,1d8+4,32,18,6,4,1d8+4,1d8+4,2.0,A
6089,42,15,8,4,1d8+4,1d6+4,43,17,7,4,1d10+4,1d8+4,8.0,A
6090,33,15,5,4,1d8+4,1d8+4,40,17,6,4,1d8+4,1d8+4,10.0,B
6091,31,18,5,4,1d12+4,1d6+4,48,17,5,4,1d10+4,1d8+4,10.0,A
6092,31,18,8,4,1d8+4,1d6+4,49,15,7,4,1d12+4,1d6+4,2.0,B
6093,49,18,6,4,1d8+4,1d6+4,35,15,7,4,1d8+4,1d8+4,10.0,A
6094,43,18,5,4,1d8+4,1d8+4,38,16,5,4,1d8+4,1d6+4,7.0,A
6095,37,15,6,4,1d10+4,1d6+4,33,17,8,4,1d12+4,1d6+4,4.0,A
6096,50,17,7,4,1d12+4,1d8+4,30,15,7,4,1d8+4,1d8+4,3.0,A
6097,36,14,8,4,1d8+4,1d8+4,37,15,8,4,1d8+4,1d6+4,8.0,B
6098,36,14,8,4,1d10+4,1d8+4,32,17,6,4,1d10+4,1d8+4,0.0,B
6099,46,18,6,4,1d8+4,1d6+4,43,17,7,4,1d12+4,1d8+4,9.0,A
6100,34,15,8,4,1d10+4,1d8+4,43,17,5,4,1d10+4,1d6+4,1.0,A
6101,50,16,7,4,1d8+4,1d8+4,50,16,7,4,1d8+4,1d8+4,10.0,A
6102,50,15,8,4,1d12+4,1d8+4,45,17,6,4,1d10+4,1d8+4,9.0,B
6103,36,18,8,4,1d8+4,1d8+4,36,16,5,4,1d8+4,1d8+4,2.0,A
6104,32,16,6,4,1d12+4,1d8+4,47,17,7,4,1d8+4,1d8+4,3.0,B
6105,42,16,6,4,1d10+4,1d8+4,40,14,7,4,1d10+4,1d6+4,5.0,B
6106,43,14,5,4,1d10+4,1d8+4,34,16,6,4,1d10+4,1d8+4,4.0,B
6107,40,17,5,4,1d12+4,1d8+4,42,15,6,4,1d12+4,1d8+4,5.0,B
6108,30,18,8,4,1d10+4,1d8+4,43,17,8,4,1d10+4,1d6+4,3.0,B
6109,37,15,7,4,1d12+4,1d6+4,39,14,5,4,1d12+4,1d6+4,10.0,A
6110,36,18,5,4,1d8+4,1d6+4,37,18,7,4,1d8+4,1d8+4,9.0,A
6111,45,16,6,4,1d12+4,1d6+4,49,14,5,4,1d12+4,1d6+4,9.0,A
6112,42,16,5,4,1d12+4,1d6+4,43,18,6,4,1d8+4,1d6+4,8.0,B
6113,47,18,6,4,1d10+4,1d8+4,32,15,6,4,1d8+4,1d8+4,4.0,B
6114,31,18,8,4,1d10+4,1d6+4,49,17,6,4,1d12+4,1d6+4,5.0,A
6115,49,16,8,4,1d8+4,1d8+4,41,15,5,4,1d12+4,1d8+4,8.0,A
6116,48,14,7,4,1d12+4,1d8+4,49,17,5,4,1d12+4,1d6+4,7.0,B
6117,50,14,7,4,1d12+4,1d6+4,42,18,7,4,1d12+4,1d6+4,3.0,A
6118,33,14,7,4,1d12+4,1d8+4,33,15,7,4,1d10+4,1d8+4,10.0,A
6119,50,14,5,4,1d8+4,1d8+4,50,17,7,4,1d8+4,1d6+4,9.0,A
6120,33,17,5,4,1d8+4,1d6+4,42,16,6,4,1d12+4,1d6+4,7.0,A
6121,35,16,6,4,1d8+4,1d8+4,34,16,5,4,1d10+4,1d6+4,5.0,B
6122,30,14,6,4,1d12+4,1d8+4,47,16,6,4,1d12+4,1d6+4,7.0,B
6123,45,14,5,4,1d8+4,1d6+4,45,14,7,4,1d10+4,1d6+4,4.0,B
6124,49,15,6,4,1d10+4,1d8+4,47,14,5,4,1d12+4,1d8+4,7.0,A
6125,46,17,5,4,1d12+4,1d8+4,46,16,6,4,1d10+4,1d8+4,7.0,A
6126,46,16,6,4,1d12+4,1d6+4,48,17,8,4,1d8+4,1d8+4,7.0,B
6127,37,16,5,4,1d12+4,1d8+4,47,15,6,4,1d8+4,1d6+4,6.0,B
6128,30,14,8,4,1d12+4,1d6+4,32,18,8,4,1d8+4,1d8+4,10.0,B
6129,41,17,8,4,1d8+4,1d6+4,43,15,5,4,1d8+4,1d8+4,7.0,B
6130,32,17,5,4,1d8+4,1d6+4,32,18,7,4,1d8+4,1d6+4,5.0,A
6131,49,15,8,4,1d12+4,1d8+4,45,18,6,4,1d10+4,1d8+4,0.0,A
6132,49,18,8,4,1d10+4,1d6+4,48,16,7,4,1d10+4,1d8+4,4.0,A
6133,48,17,8,4,1d12+4,1d6+4,42,14,6,4,1d10+4,1d8+4,2.0,B
6134,47,15,5,4,1d12+4,1d6+4,41,17,5,4,1d12+4,1d8+4,9.0,A
6135,44,17,8,4,1d10+4,1d6+4,50,17,6,4,1d12+4,1d8+4,5.0,B
6136,39,16,5,4,1d12+4,1d8+4,39,16,7,4,1d10+4,1d8+4,4.0,A
6137,48,16,5,4,1d12+4,1d8+4,30,15,6,4,1d8+4,1d8+4,7.0,A
6138,40,17,6,4,1d10+4,1d6+4,49,15,7,4,1d12+4,1d6+4,9.0,A
6139,34,16,5,4,1d10+4,1d6+4,48,16,6,4,1d8+4,1d6+4,10.0,B
6140,33,17,8,4,1d8+4,1d8+4,36,18,8,4,1d10+4,1d6+4,4.0,B
6141,47,15,8,4,1d8+4,1d6+4,48,17,7,4,1d10+4,1d8+4,6.0,A
6142,45,14,6,4,1d10+4,1d6+4,49,17,7,4,1d8+4,1d6+4,5.0,B
6143,36,17,8,4,1d12+4,1d8+4,47,18,8,4,1d10+4,1d8+4,6.0,A
6144,39,18,8,4,1d8+4,1d6+4,37,18,6,4,1d10+4,1d8+4,7.0,A
6145,38,14,5,4,1d8+4,1d8+4,45,15,6,4,1d8+4,1d6+4,1.0,B
6146,45,18,7,4,1d8+4,1d6+4,40,18,5,4,1d10+4,1d6+4,4.0,A
6147,40,17,7,4,1d10+4,1d6+4,41,16,6,4,1d8+4,1d8+4,7.0,B
6148,49,15,7,4,1d8+4,1d6+4,33,15,6,4,1d10+4,1d6+4,4.0,A
6149,46,15,5,4,1d8+4,1d6+4,44,14,7,4,1d10+4,1d8+4,2.0,A
6150,32,17,5,4,1d12+4,1d6+4,49,17,7,4,1d12+4,1d8+4,4.0,B
6151,43,17,6,4,1d10+4,1d6+4,45,15,5,4,1d8+4,1d6+4,9.0,B
6152,37,17,5,4,1d8+4,1d8+4,30,15,7,4,1d12+4,1d8+4,8.0,B
6153,44,14,7,4,1d12+4,1d8+4,36,18,6,4,1d12+4,1d8+4,10.0,B
6154,48,16,5,4,1d10+4,1d6+4,32,15,6,4,1d12+4,1d8+4,4.0,A
6155,48,18,7,4,1d12+4,1d8+4,40,17,5,4,1d10+4,1d8+4,4.0,B
6156,46,16,7,4,1d12+4,1d8+4,42,17,8,4,1d8+4,1d8+4,0.0,A
6157,37,14,7,4,1d8+4,1d8+4,39,17,8,4,1d8+4,1d6+4,4.0,B
6158,40,14,5,4,1d12+4,1d6+4,37,18,6,4,1d10+4,1d8+4,7.0,A
6159,34,16,7,4,1d12+4,1d8+4,30,17,7,4,1d12+4,1d8+4,1.0,A
6160,35,14,7,4,1d10+4,1d6+4,31,18,7,4,1d12+4,1d6+4,4.0,A
6161,38,16,5,4,1d8+4,1d6+4,47,15,7,4,1d10+4,1d6+4,5.0,A
6162,37,16,7,4,1d10+4,1d8+4,42,18,5,4,1d8+4,1d8+4,0.0,A
6163,49,14,6,4,1d10+4,1d8+4,33,14,8,4,1d8+4,1d6+4,2.0,A
6164,40,18,8,4,1d8+4,1d8+4,43,18,5,4,1d12+4,1d8+4,4.0,B
6165,48,17,5,4,1d10+4,1d6+4,39,18,8,4,1d12+4,1d6+4,4.0,B
6166,39,15,8,4,1d8+4,1d6+4,46,17,5,4,1d10+4,1d8+4,0.0,A
6167,34,14,7,4,1d8+4,1d8+4,44,14,8,4,1d12+4,1d8+4,7.0,B
6168,47,15,6,4,1d8+4,1d8+4,45,18,6,4,1d8+4,1d8+4,7.0,B
6169,44,14,8,4,1d8+4,1d8+4,33,15,5,4,1d10+4,1d6+4,2.0,B
6170,41,15,6,4,1d10+4,1d6+4,46,14,7,4,1d10+4,1d8+4,8.0,A
6171,41,17,5,4,1d8+4,1d6+4,40,15,6,4,1d12+4,1d8+4,9.0,A
6172,45,16,7,4,1d12+4,1d8+4,41,14,8,4,1d8+4,1d6+4,2.0,A
6173,49,18,8,4,1d12+4,1d6+4,31,15,8,4,1d12+4,1d6+4,0.0,A
6174,30,18,5,4,1d12+4,1d6+4,49,14,8,4,1d8+4,1d8+4,2.0,A
6175,36,14,8,4,1d12+4,1d6+4,41,15,8,4,1d8+4,1d8+4,5.0,B
6176,35,14,5,4,1d12+4,1d8+4,31,15,5,4,1d12+4,1d8+4,7.0,A
6177,31,17,7,4,1d8+4,1d6+4,39,17,5,4,1d8+4,1d8+4,2.0,B
6178,40,17,6,4,1d8+4,1d6+4,37,15,7,4,1d12+4,1d6+4,8.0,A
6179,46,14,7,4,1d10+4,1d6+4,35,17,7,4,1d10+4,1d6+4,7.0,B
6180,31,17,7,4,1d12+4,1d8+4,50,17,7,4,1d10+4,1d8+4,0.0,A
6181,48,14,7,4,1d8+4,1d6+4,47,15,7,4,1d10+4,1d6+4,8.0,A
6182,45,15,7,4,1d10+4,1d6+4,48,15,7,4,1d8+4,1d6+4,5.0,B
6183,33,14,5,4,1d10+4,1d8+4,32,15,6,4,1d12+4,1d8+4,2.0,B
6184,42,15,8,4,1d12+4,1d6+4,45,14,5,4,1d10+4,1d6+4,2.0,A
6185,37,18,5,4,1d8+4,1d6+4,39,15,8,4,1d10+4,1d6+4,10.0,A
6186,40,15,7,4,1d12+4,1d6+4,45,17,8,4,1d12+4,1d8+4,2.0,A
6187,32,15,5,4,1d10+4,1d6+4,33,14,6,4,1d10+4,1d8+4,9.0,B
6188,43,17,5,4,1d8+4,1d6+4,50,15,6,4,1d10+4,1d6+4,1.0,B
6189,37,17,7,4,1d10+4,1d8+4,41,14,8,4,1d10+4,1d6+4,6.0,A
6190,34,14,8,4,1d12+4,1d6+4,33,17,8,4,1d8+4,1d6+4,9.0,B
6191,41,14,6,4,1d10+4,1d8+4,36,14,6,4,1d12+4,1d6+4,4.0,A
6192,31,15,6,4,1d10+4,1d8+4,46,15,5,4,1d10+4,1d6+4,7.0,B
6193,35,16,8,4,1d12+4,1d6+4,32,15,8,4,1d10+4,1d8+4,7.0,A
6194,34,15,7,4,1d8+4,1d8+4,50,18,6,4,1d8+4,1d6+4,2.0,A
6195,47,15,8,4,1d8+4,1d6+4,48,17,6,4,1d12+4,1d8+4,6.0,A
6196,43,14,7,4,1d10+4,1d6+4,44,17,5,4,1d8+4,1d6+4,5.0,A
6197,38,15,7,4,1d12+4,1d6+4,45,15,8,4,1d10+4,1d6+4,9.0,A
6198,37,15,7,4,1d12+4,1d6+4,38,14,7,4,1d12+4,1d6+4,10.0,B
6199,32,16,6,4,1d12+4,1d6+4,32,14,5,4,1d8+4,1d6+4,10.0,A
6200,35,14,5,4,1d12+4,1d8+4,33,15,7,4,1d10+4,1d6+4,3.0,B
6201,47,17,7,4,1d8+4,1d6+4,40,18,7,4,1d8+4,1d8+4,10.0,A
6202,37,17,5,4,1d12+4,1d6+4,45,16,5,4,1d12+4,1d6+4,10.0,B
6203,46,15,5,4,1d10+4,1d6+4,44,18,8,4,1d10+4,1d8+4,5.0,B
6204,38,18,6,4,1d10+4,1d6+4,42,15,7,4,1d10+4,1d8+4,4.0,A
6205,43,14,5,4,1d8+4,1d6+4,36,14,5,4,1d10+4,1d6+4,9.0,A
6206,40,15,7,4,1d12+4,1d6+4,37,14,6,4,1d8+4,1d6+4,7.0,A
6207,35,17,7,4,1d8+4,1d8+4,45,14,6,4,1d10+4,1d6+4,10.0,A
6208,34,18,5,4,1d10+4,1d8+4,35,14,6,4,1d10+4,1d8+4,7.0,B
6209,31,18,8,4,1d10+4,1d8+4,43,16,7,4,1d10+4,1d6+4,5.0,B
6210,44,18,6,4,1d12+4,1d6+4,38,15,5,4,1d10+4,1d8+4,1.0,B
6211,46,18,7,4,1d12+4,1d6+4,47,16,8,4,1d8+4,1d8+4,8.0,A
6212,43,16,6,4,1d10+4,1d6+4,46,18,8,4,1d12+4,1d8+4,1.0,B
6213,36,18,8,4,1d12+4,1d8+4,33,14,5,4,1d10+4,1d6+4,8.0,B
6214,36,15,6,4,1d8+4,1d6+4,48,17,8,4,1d12+4,1d6+4,3.0,B
6215,45,16,5,4,1d10+4,1d8+4,31,17,8,4,1d12+4,1d8+4,9.0,A
6216,40,17,5,4,1d12+4,1d6+4,31,14,8,4,1d10+4,1d8+4,10.0,B
6217,31,18,5,4,1d10+4,1d6+4,46,18,6,4,1d10+4,1d8+4,5.0,B
6218,31,14,7,4,1d10+4,1d8+4,49,14,8,4,1d8+4,1d8+4,4.0,A
6219,46,17,8,4,1d10+4,1d8+4,35,18,6,4,1d12+4,1d8+4,1.0,A
6220,30,17,6,4,1d8+4,1d6+4,39,17,6,4,1d12+4,1d8+4,1.0,B
6221,36,18,7,4,1d10+4,1d8+4,32,16,8,4,1d10+4,1d8+4,6.0,B
6222,42,17,8,4,1d12+4,1d6+4,49,16,5,4,1d8+4,1d6+4,10.0,B
6223,45,17,8,4,1d10+4,1d8+4,47,16,7,4,1d10+4,1d6+4,2.0,A
6224,39,16,8,4,1d12+4,1d6+4,46,15,6,4,1d8+4,1d6+4,2.0,A
6225,40,17,6,4,1d8+4,1d6+4,30,17,8,4,1d8+4,1d8+4,10.0,B
6226,43,14,8,4,1d8+4,1d6+4,30,18,7,4,1d8+4,1d6+4,1.0,B
6227,37,15,8,4,1d12+4,1d6+4,46,17,6,4,1d12+4,1d8+4,7.0,B
6228,38,15,5,4,1d10+4,1d8+4,38,15,5,4,1d12+4,1d6+4,0.0,A
6229,34,14,7,4,1d12+4,1d8+4,45,18,6,4,1d8+4,1d6+4,3.0,A
6230,47,14,5,4,1d12+4,1d8+4,31,18,5,4,1d10+4,1d8+4,4.0,B
6231,33,14,7,4,1d12+4,1d8+4,50,14,7,4,1d12+4,1d8+4,2.0,B
6232,35,18,6,4,1d10+4,1d6+4,40,18,8,4,1d10+4,1d6+4,3.0,A
6233,41,17,5,4,1d10+4,1d6+4,50,18,5,4,1d10+4,1d6+4,5.0,B
6234,30,18,7,4,1d12+4,1d8+4,36,16,7,4,1d10+4,1d6+4,4.0,A
6235,39,15,5,4,1d10+4,1d8+4,46,16,6,4,1d10+4,1d6+4,9.0,A
6236,38,18,7,4,1d10+4,1d6+4,47,18,6,4,1d8+4,1d8+4,10.0,A
6237,34,14,7,4,1d10+4,1d6+4,34,14,8,4,1d10+4,1d8+4,5.0,B
6238,30,14,8,4,1d8+4,1d6+4,39,15,5,4,1d8+4,1d6+4,5.0,A
6239,32,14,7,4,1d8+4,1d6+4,40,18,7,4,1d10+4,1d8+4,3.0,A
6240,40,17,5,4,1d8+4,1d8+4,50,17,6,4,1d10+4,1d6+4,1.0,B
6241,38,18,5,4,1d12+4,1d8+4,39,18,6,4,1d12+4,1d6+4,3.0,B
6242,36,18,8,4,1d10+4,1d6+4,36,14,5,4,1d10+4,1d6+4,10.0,B
6243,48,14,7,4,1d10+4,1d6+4,36,18,6,4,1d12+4,1d8+4,3.0,B
6244,49,15,7,4,1d10+4,1d6+4,45,16,5,4,1d10+4,1d8+4,6.0,A
6245,37,16,7,4,1d8+4,1d6+4,47,17,6,4,1d8+4,1d6+4,3.0,A
6246,47,17,6,4,1d8+4,1d6+4,50,16,7,4,1d10+4,1d6+4,3.0,B
6247,37,15,8,4,1d10+4,1d6+4,43,17,6,4,1d10+4,1d6+4,6.0,A
6248,42,14,7,4,1d10+4,1d8+4,35,16,5,4,1d8+4,1d6+4,4.0,B
6249,45,14,7,4,1d12+4,1d8+4,34,14,8,4,1d8+4,1d6+4,1.0,B
6250,31,17,5,4,1d8+4,1d8+4,35,14,5,4,1d10+4,1d6+4,3.0,A
6251,45,18,6,4,1d8+4,1d8+4,39,14,6,4,1d10+4,1d8+4,10.0,A
6252,41,15,6,4,1d10+4,1d8+4,42,16,6,4,1d12+4,1d8+4,1.0,B
6253,43,14,8,4,1d12+4,1d6+4,40,16,5,4,1d10+4,1d8+4,5.0,A
6254,38,15,6,4,1d10+4,1d8+4,32,17,6,4,1d8+4,1d6+4,9.0,B
6255,37,18,5,4,1d12+4,1d6+4,49,15,8,4,1d10+4,1d6+4,5.0,B
6256,39,14,8,4,1d12+4,1d8+4,49,16,5,4,1d12+4,1d6+4,2.0,B
6257,43,16,8,4,1d10+4,1d6+4,50,14,7,4,1d12+4,1d6+4,5.0,A
6258,44,16,6,4,1d8+4,1d6+4,31,16,7,4,1d12+4,1d8+4,5.0,B
6259,45,14,8,4,1d12+4,1d8+4,40,16,5,4,1d8+4,1d8+4,5.0,A
6260,31,16,5,4,1d10+4,1d6+4,34,17,7,4,1d8+4,1d8+4,6.0,A
6261,37,17,5,4,1d12+4,1d8+4,39,17,5,4,1d8+4,1d6+4,3.0,A
6262,39,15,8,4,1d12+4,1d8+4,35,15,5,4,1d12+4,1d6+4,3.0,A
6263,49,16,8,4,1d10+4,1d6+4,50,15,6,4,1d12+4,1d6+4,2.0,A
6264,36,18,7,4,1d10+4,1d6+4,44,16,7,4,1d8+4,1d6+4,2.0,B
6265,48,14,8,4,1d12+4,1d8+4,46,18,6,4,1d12+4,1d6+4,0.0,B
6266,36,16,7,4,1d8+4,1d6+4,36,16,6,4,1d12+4,1d6+4,5.0,B
6267,34,18,7,4,1d8+4,1d6+4,41,18,6,4,1d8+4,1d6+4,3.0,B
6268,44,14,6,4,1d8+4,1d6+4,39,14,5,4,1d8+4,1d8+4,0.0,B
6269,33,16,8,4,1d10+4,1d6+4,34,14,7,4,1d8+4,1d6+4,10.0,B
6270,48,14,8,4,1d8+4,1d6+4,41,17,8,4,1d8+4,1d8+4,2.0,B
6271,49,15,7,4,1d12+4,1d8+4,30,15,8,4,1d8+4,1d6+4,6.0,A
6272,40,18,5,4,1d10+4,1d8+4,44,15,6,4,1d12+4,1d6+4,9.0,B
6273,33,17,7,4,1d10+4,1d6+4,33,14,6,4,1d8+4,1d8+4,8.0,A
6274,38,15,5,4,1d12+4,1d8+4,34,16,8,4,1d12+4,1d8+4,6.0,B
6275,47,18,7,4,1d8+4,1d8+4,32,16,5,4,1d8+4,1d8+4,0.0,A
6276,41,15,7,4,1d12+4,1d6+4,39,18,7,4,1d12+4,1d6+4,1.0,A
6277,44,17,8,4,1d8+4,1d6+4,48,14,8,4,1d10+4,1d8+4,8.0,A
6278,45,16,5,4,1d12+4,1d8+4,40,14,6,4,1d8+4,1d8+4,4.0,B
6279,41,15,8,4,1d12+4,1d6+4,35,16,5,4,1d10+4,1d6+4,7.0,B
6280,44,16,7,4,1d12+4,1d6+4,31,14,8,4,1d8+4,1d6+4,2.0,B
6281,44,17,8,4,1d8+4,1d8+4,33,14,5,4,1d8+4,1d8+4,8.0,A
6282,47,15,6,4,1d10+4,1d6+4,44,15,7,4,1d10+4,1d8+4,2.0,A
6283,41,15,8,4,1d8+4,1d8+4,45,14,8,4,1d12+4,1d8+4,7.0,B
6284,38,16,8,4,1d10+4,1d8+4,41,17,7,4,1d8+4,1d8+4,10.0,A
6285,50,15,7,4,1d8+4,1d6+4,33,14,8,4,1d10+4,1d6+4,5.0,A
6286,49,18,5,4,1d12+4,1d6+4,30,15,8,4,1d12+4,1d8+4,9.0,A
6287,50,14,5,4,1d10+4,1d8+4,44,14,5,4,1d8+4,1d8+4,4.0,B
6288,46,18,5,4,1d10+4,1d8+4,34,18,6,4,1d12+4,1d6+4,0.0,A
6289,35,16,8,4,1d10+4,1d6+4,33,18,7,4,1d12+4,1d8+4,8.0,B
6290,38,16,7,4,1d8+4,1d6+4,32,17,6,4,1d10+4,1d6+4,6.0,A
6291,32,16,5,4,1d10+4,1d6+4,49,15,8,4,1d12+4,1d8+4,8.0,B
6292,39,15,6,4,1d10+4,1d6+4,36,14,6,4,1d12+4,1d6+4,1.0,A
6293,44,16,6,4,1d8+4,1d8+4,43,15,8,4,1d12+4,1d8+4,7.0,A
6294,31,15,8,4,1d8+4,1d8+4,42,17,8,4,1d8+4,1d6+4,8.0,B
6295,44,18,5,4,1d12+4,1d8+4,46,16,8,4,1d10+4,1d6+4,6.0,B
6296,42,14,5,4,1d10+4,1d6+4,43,14,8,4,1d12+4,1d6+4,0.0,B
6297,41,18,5,4,1d10+4,1d8+4,38,15,7,4,1d12+4,1d6+4,8.0,A
6298,46,14,6,4,1d8+4,1d6+4,45,14,8,4,1d8+4,1d8+4,2.0,A
6299,48,16,8,4,1d8+4,1d8+4,33,17,8,4,1d8+4,1d6+4,4.0,B
6300,36,15,5,4,1d10+4,1d8+4,40,17,7,4,1d12+4,1d8+4,3.0,B
6301,33,14,8,4,1d8+4,1d8+4,48,15,8,4,1d10+4,1d6+4,4.0,A
6302,30,17,5,4,1d12+4,1d8+4,30,17,7,4,1d12+4,1d6+4,7.0,A
6303,47,14,7,4,1d10+4,1d8+4,44,15,5,4,1d10+4,1d8+4,10.0,A
6304,36,15,5,4,1d10+4,1d8+4,38,18,7,4,1d10+4,1d8+4,6.0,B
6305,47,17,5,4,1d8+4,1d8+4,44,16,7,4,1d12+4,1d6+4,4.0,B
6306,32,18,5,4,1d12+4,1d6+4,38,16,8,4,1d8+4,1d8+4,3.0,A
6307,38,16,8,4,1d12+4,1d6+4,36,18,8,4,1d12+4,1d6+4,4.0,A
6308,46,17,6,4,1d8+4,1d6+4,47,17,6,4,1d10+4,1d8+4,9.0,A
6309,30,18,7,4,1d12+4,1d6+4,31,14,5,4,1d12+4,1d8+4,4.0,A
6310,43,14,5,4,1d10+4,1d6+4,30,14,7,4,1d10+4,1d6+4,6.0,B
6311,38,18,5,4,1d8+4,1d6+4,48,14,5,4,1d10+4,1d6+4,5.0,A
6312,34,15,5,4,1d12+4,1d6+4,34,16,5,4,1d12+4,1d6+4,3.0,B
6313,37,16,8,4,1d12+4,1d8+4,44,14,8,4,1d12+4,1d6+4,5.0,A
6314,30,16,6,4,1d10+4,1d8+4,36,15,8,4,1d12+4,1d8+4,10.0,A
6315,38,17,5,4,1d10+4,1d8+4,39,15,6,4,1d12+4,1d8+4,6.0,B
6316,45,14,5,4,1d12+4,1d6+4,33,17,6,4,1d8+4,1d8+4,7.0,A
6317,36,14,7,4,1d12+4,1d8+4,35,15,7,4,1d8+4,1d6+4,1.0,A
6318,45,16,5,4,1d8+4,1d6+4,36,18,5,4,1d10+4,1d6+4,0.0,A
6319,49,16,6,4,1d10+4,1d6+4,31,18,8,4,1d12+4,1d8+4,9.0,B
6320,50,14,6,4,1d12+4,1d6+4,39,18,7,4,1d8+4,1d8+4,8.0,B
6321,37,14,6,4,1d12+4,1d6+4,35,16,7,4,1d12+4,1d8+4,8.0,A
6322,47,18,5,4,1d12+4,1d6+4,35,14,5,4,1d8+4,1d8+4,0.0,A
6323,39,18,8,4,1d12+4,1d6+4,49,14,5,4,1d12+4,1d8+4,2.0,B
6324,50,16,5,4,1d12+4,1d6+4,44,17,5,4,1d10+4,1d6+4,10.0,A
6325,47,15,6,4,1d12+4,1d6+4,49,16,6,4,1d12+4,1d8+4,0.0,A
6326,32,18,5,4,1d10+4,1d8+4,37,18,5,4,1d12+4,1d8+4,9.0,A
6327,33,17,5,4,1d8+4,1d6+4,33,15,7,4,1d10+4,1d8+4,4.0,A
6328,32,14,7,4,1d10+4,1d8+4,34,14,6,4,1d8+4,1d6+4,3.0,A
6329,47,14,7,4,1d8+4,1d6+4,48,18,6,4,1d12+4,1d6+4,0.0,A
6330,43,15,5,4,1d12+4,1d8+4,50,14,5,4,1d10+4,1d6+4,10.0,A
6331,34,14,8,4,1d8+4,1d8+4,46,16,5,4,1d8+4,1d8+4,2.0,B
6332,45,18,6,4,1d8+4,1d8+4,44,16,8,4,1d12+4,1d8+4,1.0,B
6333,31,17,7,4,1d8+4,1d8+4,31,18,7,4,1d10+4,1d6+4,10.0,B
6334,36,14,5,4,1d8+4,1d8+4,45,14,6,4,1d10+4,1d6+4,0.0,A
6335,39,15,6,4,1d8+4,1d6+4,50,16,5,4,1d12+4,1d8+4,0.0,A
6336,46,18,7,4,1d10+4,1d8+4,37,17,5,4,1d8+4,1d6+4,5.0,A
6337,37,18,5,4,1d10+4,1d6+4,50,18,7,4,1d10+4,1d8+4,7.0,B
6338,46,15,8,4,1d10+4,1d6+4,48,18,5,4,1d12+4,1d6+4,9.0,B
6339,32,16,7,4,1d12+4,1d8+4,33,14,8,4,1d10+4,1d8+4,2.0,A
6340,42,15,8,4,1d12+4,1d8+4,36,18,6,4,1d10+4,1d8+4,5.0,B
6341,48,18,7,4,1d8+4,1d6+4,47,18,6,4,1d10+4,1d8+4,6.0,B
6342,35,16,5,4,1d10+4,1d8+4,48,18,7,4,1d10+4,1d6+4,10.0,B
6343,41,16,6,4,1d8+4,1d6+4,44,16,7,4,1d12+4,1d8+4,7.0,B
6344,34,14,6,4,1d12+4,1d8+4,37,15,7,4,1d8+4,1d8+4,4.0,A
6345,33,16,5,4,1d10+4,1d8+4,45,14,8,4,1d10+4,1d8+4,7.0,B
6346,32,16,8,4,1d10+4,1d8+4,45,17,6,4,1d8+4,1d8+4,4.0,A
6347,42,15,7,4,1d8+4,1d8+4,41,17,7,4,1d12+4,1d8+4,7.0,B
6348,41,18,8,4,1d12+4,1d6+4,39,14,7,4,1d12+4,1d8+4,9.0,A
6349,30,16,8,4,1d12+4,1d6+4,46,15,7,4,1d10+4,1d6+4,7.0,A
6350,33,15,5,4,1d10+4,1d8+4,38,16,5,4,1d12+4,1d6+4,2.0,B
6351,43,14,7,4,1d12+4,1d6+4,37,15,5,4,1d12+4,1d6+4,7.0,A
6352,35,16,7,4,1d12+4,1d8+4,33,16,6,4,1d10+4,1d8+4,3.0,B
6353,50,18,6,4,1d12+4,1d6+4,50,15,6,4,1d12+4,1d8+4,1.0,B
6354,47,14,6,4,1d10+4,1d6+4,33,15,5,4,1d8+4,1d6+4,0.0,A
6355,44,15,6,4,1d12+4,1d8+4,39,16,7,4,1d8+4,1d6+4,6.0,A
6356,36,15,7,4,1d8+4,1d8+4,35,16,7,4,1d12+4,1d6+4,3.0,B
6357,34,15,5,4,1d8+4,1d6+4,39,14,8,4,1d12+4,1d8+4,2.0,B
6358,43,18,8,4,1d8+4,1d8+4,32,15,8,4,1d10+4,1d8+4,3.0,A
6359,50,17,5,4,1d12+4,1d6+4,46,17,8,4,1d10+4,1d6+4,8.0,A
6360,50,15,6,4,1d10+4,1d6+4,35,15,7,4,1d12+4,1d8+4,10.0,A
6361,43,15,8,4,1d12+4,1d6+4,30,17,6,4,1d10+4,1d6+4,7.0,A
6362,42,15,5,4,1d10+4,1d8+4,35,17,7,4,1d8+4,1d6+4,5.0,A
6363,33,17,5,4,1d8+4,1d8+4,31,17,5,4,1d10+4,1d6+4,8.0,A
6364,45,15,5,4,1d8+4,1d8+4,46,16,6,4,1d12+4,1d6+4,6.0,A
6365,35,14,8,4,1d12+4,1d6+4,50,18,6,4,1d10+4,1d8+4,0.0,B
6366,41,17,8,4,1d10+4,1d6+4,39,16,7,4,1d8+4,1d8+4,3.0,A
6367,50,17,6,4,1d12+4,1d8+4,33,18,7,4,1d12+4,1d8+4,3.0,A
6368,40,14,7,4,1d8+4,1d8+4,30,14,5,4,1d8+4,1d6+4,3.0,B
6369,41,15,6,4,1d10+4,1d6+4,34,16,6,4,1d10+4,1d8+4,8.0,B
6370,38,16,6,4,1d12+4,1d6+4,49,15,8,4,1d10+4,1d8+4,8.0,A
6371,37,17,6,4,1d10+4,1d6+4,48,18,5,4,1d10+4,1d8+4,3.0,B
6372,36,18,8,4,1d10+4,1d8+4,43,14,6,4,1d10+4,1d8+4,0.0,A
6373,46,16,5,4,1d8+4,1d6+4,42,17,5,4,1d12+4,1d8+4,7.0,B
6374,31,17,5,4,1d8+4,1d6+4,39,18,7,4,1d12+4,1d8+4,3.0,B
6375,38,16,5,4,1d8+4,1d6+4,45,17,7,4,1d8+4,1d6+4,10.0,B
6376,43,17,6,4,1d12+4,1d8+4,30,18,6,4,1d8+4,1d8+4,10.0,B
6377,35,17,8,4,1d8+4,1d6+4,33,15,8,4,1d12+4,1d8+4,8.0,B
6378,44,14,8,4,1d10+4,1d6+4,43,15,6,4,1d12+4,1d8+4,1.0,B
6379,50,18,7,4,1d12+4,1d8+4,39,17,8,4,1d10+4,1d6+4,4.0,A
6380,37,18,8,4,1d10+4,1d8+4,40,16,6,4,1d8+4,1d8+4,7.0,A
6381,32,16,7,4,1d8+4,1d6+4,32,16,8,4,1d8+4,1d6+4,1.0,B
6382,33,14,6,4,1d10+4,1d8+4,41,16,8,4,1d8+4,1d6+4,1.0,A
6383,41,18,8,4,1d12+4,1d6+4,38,14,6,4,1d10+4,1d8+4,10.0,A
6384,38,18,5,4,1d8+4,1d8+4,45,14,6,4,1d10+4,1d8+4,10.0,B
6385,38,16,5,4,1d10+4,1d8+4,35,17,7,4,1d8+4,1d8+4,0.0,A
6386,35,15,7,4,1d12+4,1d8+4,33,17,7,4,1d8+4,1d8+4,7.0,B
6387,50,15,7,4,1d12+4,1d6+4,45,18,5,4,1d12+4,1d8+4,1.0,A
6388,50,14,6,4,1d8+4,1d6+4,30,18,7,4,1d8+4,1d6+4,7.0,A
6389,30,16,5,4,1d10+4,1d6+4,36,14,5,4,1d10+4,1d6+4,7.0,A
6390,46,17,6,4,1d12+4,1d8+4,46,15,6,4,1d10+4,1d6+4,0.0,B
6391,45,16,8,4,1d8+4,1d8+4,41,16,6,4,1d8+4,1d8+4,5.0,A
6392,37,15,8,4,1d10+4,1d6+4,46,15,7,4,1d10+4,1d6+4,4.0,B
6393,32,15,8,4,1d10+4,1d6+4,42,17,8,4,1d12+4,1d8+4,6.0,A
6394,38,18,8,4,1d12+4,1d6+4,30,17,8,4,1d12+4,1d6+4,7.0,A
6395,30,18,6,4,1d12+4,1d8+4,35,18,5,4,1d8+4,1d8+4,4.0,A
6396,49,17,5,4,1d8+4,1d6+4,38,17,8,4,1d10+4,1d8+4,4.0,A
6397,34,16,5,4,1d8+4,1d8+4,36,14,8,4,1d12+4,1d8+4,8.0,A
6398,46,14,8,4,1d10+4,1d6+4,38,15,7,4,1d12+4,1d8+4,6.0,A
6399,47,14,5,4,1d8+4,1d8+4,34,17,6,4,1d8+4,1d8+4,7.0,B
6400,30,15,5,4,1d8+4,1d8+4,45,17,6,4,1d8+4,1d6+4,4.0,B
6401,30,14,6,4,1d10+4,1d8+4,46,17,8,4,1d8+4,1d6+4,5.0,B
6402,39,17,8,4,1d10+4,1d8+4,42,18,6,4,1d10+4,1d8+4,5.0,B
6403,30,14,7,4,1d10+4,1d8+4,41,15,8,4,1d12+4,1d8+4,2.0,B
6404,35,17,6,4,1d8+4,1d6+4,36,16,6,4,1d12+4,1d6+4,6.0,A
6405,41,16,8,4,1d8+4,1d6+4,33,18,7,4,1d10+4,1d6+4,3.0,A
6406,43,17,5,4,1d12+4,1d8+4,43,17,7,4,1d12+4,1d6+4,6.0,A
6407,43,16,5,4,1d12+4,1d6+4,41,15,6,4,1d8+4,1d6+4,4.0,A
6408,32,14,5,4,1d10+4,1d8+4,31,17,7,4,1d10+4,1d8+4,2.0,A
6409,44,18,7,4,1d12+4,1d8+4,49,17,7,4,1d8+4,1d6+4,4.0,B
6410,50,15,5,4,1d8+4,1d6+4,37,15,5,4,1d12+4,1d8+4,0.0,A
6411,40,18,8,4,1d12+4,1d6+4,31,14,7,4,1d10+4,1d6+4,1.0,A
6412,50,17,7,4,1d12+4,1d6+4,31,17,6,4,1d10+4,1d8+4,7.0,A
6413,40,18,8,4,1d8+4,1d6+4,36,14,8,4,1d8+4,1d6+4,5.0,A
6414,43,16,8,4,1d8+4,1d8+4,49,16,6,4,1d10+4,1d6+4,3.0,B
6415,30,14,6,4,1d12+4,1d8+4,45,18,8,4,1d8+4,1d8+4,5.0,B
6416,44,14,7,4,1d8+4,1d8+4,37,14,5,4,1d12+4,1d8+4,10.0,B
6417,33,14,7,4,1d12+4,1d6+4,34,18,7,4,1d8+4,1d6+4,10.0,A
6418,33,14,6,4,1d10+4,1d6+4,49,16,7,4,1d10+4,1d8+4,3.0,B
6419,38,14,6,4,1d8+4,1d8+4,42,14,6,4,1d12+4,1d8+4,6.0,B
6420,32,16,6,4,1d10+4,1d8+4,30,15,8,4,1d10+4,1d6+4,9.0,B
6421,45,14,7,4,1d8+4,1d6+4,50,17,8,4,1d8+4,1d6+4,3.0,B
6422,49,16,8,4,1d12+4,1d6+4,41,18,6,4,1d12+4,1d8+4,0.0,A
6423,41,14,5,4,1d12+4,1d6+4,46,16,7,4,1d8+4,1d8+4,8.0,A
6424,36,16,5,4,1d8+4,1d8+4,47,16,6,4,1d12+4,1d8+4,0.0,B
6425,46,16,6,4,1d12+4,1d6+4,46,15,8,4,1d12+4,1d8+4,8.0,A
6426,34,16,6,4,1d10+4,1d8+4,32,15,5,4,1d8+4,1d6+4,8.0,B
6427,38,17,8,4,1d8+4,1d8+4,32,14,6,4,1d12+4,1d8+4,6.0,A
6428,33,14,8,4,1d10+4,1d8+4,42,17,8,4,1d8+4,1d6+4,0.0,B
6429,50,18,6,4,1d12+4,1d8+4,40,14,8,4,1d12+4,1d8+4,0.0,A
6430,30,18,6,4,1d12+4,1d8+4,45,17,8,4,1d10+4,1d8+4,6.0,B
6431,45,16,7,4,1d12+4,1d6+4,47,18,5,4,1d10+4,1d6+4,9.0,B
6432,37,16,6,4,1d8+4,1d8+4,40,17,6,4,1d12+4,1d6+4,7.0,B
6433,32,14,6,4,1d10+4,1d6+4,38,18,8,4,1d8+4,1d8+4,6.0,A
6434,49,17,6,4,1d10+4,1d8+4,36,14,7,4,1d8+4,1d6+4,10.0,A
6435,39,16,7,4,1d10+4,1d6+4,45,14,5,4,1d8+4,1d8+4,10.0,B
6436,50,14,6,4,1d10+4,1d8+4,47,15,7,4,1d8+4,1d8+4,2.0,A
6437,46,14,6,4,1d12+4,1d6+4,45,15,8,4,1d8+4,1d8+4,7.0,B
6438,40,16,5,4,1d8+4,1d6+4,37,15,8,4,1d8+4,1d6+4,8.0,B
6439,43,18,5,4,1d10+4,1d6+4,40,18,8,4,1d8+4,1d6+4,8.0,B
6440,40,15,5,4,1d8+4,1d8+4,37,18,6,4,1d10+4,1d8+4,0.0,B
6441,50,15,5,4,1d12+4,1d8+4,45,17,6,4,1d10+4,1d6+4,9.0,A
6442,37,15,5,4,1d8+4,1d8+4,31,18,8,4,1d12+4,1d6+4,7.0,A
6443,46,17,7,4,1d8+4,1d6+4,37,14,7,4,1d8+4,1d8+4,7.0,A
6444,45,15,5,4,1d12+4,1d6+4,48,14,6,4,1d12+4,1d6+4,1.0,B
6445,32,14,7,4,1d8+4,1d8+4,34,18,8,4,1d10+4,1d6+4,6.0,B
6446,41,18,5,4,1d12+4,1d6+4,45,14,8,4,1d12+4,1d8+4,7.0,A
6447,48,17,8,4,1d12+4,1d6+4,36,17,6,4,1d8+4,1d8+4,4.0,A
6448,41,17,5,4,1d8+4,1d6+4,35,14,5,4,1d8+4,1d8+4,6.0,B
6449,30,18,8,4,1d10+4,1d8+4,31,17,5,4,1d8+4,1d6+4,9.0,A
6450,48,17,8,4,1d8+4,1d6+4,38,17,5,4,1d12+4,1d8+4,1.0,B
6451,32,17,7,4,1d8+4,1d8+4,49,18,6,4,1d8+4,1d6+4,0.0,A
6452,38,17,7,4,1d8+4,1d8+4,34,14,7,4,1d8+4,1d6+4,2.0,A
6453,37,17,7,4,1d10+4,1d6+4,34,17,7,4,1d10+4,1d8+4,0.0,A
6454,40,14,7,4,1d12+4,1d6+4,31,14,8,4,1d12+4,1d8+4,0.0,A
6455,33,17,6,4,1d8+4,1d8+4,42,16,6,4,1d8+4,1d8+4,5.0,B
6456,45,18,7,4,1d8+4,1d8+4,32,15,6,4,1d12+4,1d6+4,1.0,B
6457,33,17,7,4,1d8+4,1d6+4,45,14,8,4,1d10+4,1d6+4,9.0,B
6458,38,18,8,4,1d10+4,1d6+4,31,15,6,4,1d8+4,1d6+4,6.0,B
6459,44,18,8,4,1d10+4,1d6+4,42,15,6,4,1d8+4,1d8+4,6.0,A
6460,47,17,7,4,1d12+4,1d8+4,48,14,7,4,1d10+4,1d8+4,2.0,B
6461,30,17,5,4,1d12+4,1d6+4,48,17,7,4,1d10+4,1d6+4,9.0,B
6462,46,15,7,4,1d10+4,1d8+4,49,14,5,4,1d12+4,1d8+4,6.0,B
6463,43,15,5,4,1d12+4,1d8+4,35,15,6,4,1d10+4,1d6+4,3.0,A
6464,42,14,5,4,1d10+4,1d6+4,50,18,7,4,1d8+4,1d8+4,5.0,B
6465,39,14,7,4,1d8+4,1d6+4,34,17,6,4,1d8+4,1d8+4,1.0,A
6466,32,15,8,4,1d10+4,1d8+4,34,17,5,4,1d12+4,1d8+4,3.0,B
6467,42,16,6,4,1d8+4,1d6+4,41,17,8,4,1d8+4,1d6+4,3.0,B
6468,31,16,8,4,1d12+4,1d8+4,42,17,6,4,1d12+4,1d6+4,5.0,B
6469,35,17,5,4,1d10+4,1d6+4,37,15,5,4,1d12+4,1d6+4,9.0,B
6470,35,17,6,4,1d8+4,1d6+4,48,14,7,4,1d8+4,1d8+4,8.0,A
6471,40,15,7,4,1d8+4,1d6+4,41,18,7,4,1d10+4,1d6+4,5.0,B
6472,43,17,7,4,1d8+4,1d6+4,41,16,6,4,1d12+4,1d6+4,10.0,B
6473,35,17,6,4,1d8+4,1d8+4,36,18,6,4,1d10+4,1d8+4,7.0,A
6474,36,16,7,4,1d12+4,1d6+4,36,14,6,4,1d8+4,1d6+4,2.0,A
6475,32,14,5,4,1d12+4,1d8+4,30,17,6,4,1d8+4,1d8+4,8.0,B
6476,32,14,6,4,1d8+4,1d6+4,46,18,8,4,1d8+4,1d8+4,0.0,B
6477,32,17,6,4,1d12+4,1d6+4,35,18,6,4,1d10+4,1d6+4,8.0,A
6478,30,14,8,4,1d8+4,1d6+4,37,17,7,4,1d8+4,1d8+4,8.0,B
6479,47,16,6,4,1d10+4,1d6+4,41,15,5,4,1d10+4,1d8+4,5.0,A
6480,48,16,8,4,1d8+4,1d6+4,38,14,7,4,1d10+4,1d8+4,9.0,A
6481,31,14,5,4,1d12+4,1d8+4,48,15,7,4,1d12+4,1d6+4,5.0,B
6482,40,14,5,4,1d12+4,1d8+4,39,15,5,4,1d8+4,1d6+4,0.0,A
6483,37,18,6,4,1d8+4,1d6+4,36,15,6,4,1d10+4,1d8+4,0.0,A
6484,35,15,6,4,1d8+4,1d6+4,32,14,7,4,1d8+4,1d8+4,8.0,A
6485,37,18,8,4,1d10+4,1d8+4,41,16,5,4,1d10+4,1d6+4,10.0,A
6486,47,18,8,4,1d10+4,1d6+4,48,14,6,4,1d8+4,1d6+4,10.0,A
6487,35,15,8,4,1d10+4,1d6+4,34,15,6,4,1d12+4,1d8+4,3.0,B
6488,38,14,8,4,1d12+4,1d8+4,30,18,8,4,1d8+4,1d8+4,5.0,B
6489,46,14,7,4,1d8+4,1d8+4,43,14,6,4,1d8+4,1d8+4,4.0,A
6490,43,14,8,4,1d8+4,1d6+4,32,18,5,4,1d10+4,1d6+4,0.0,B
6491,41,16,6,4,1d12+4,1d6+4,40,16,8,4,1d8+4,1d8+4,6.0,A
6492,32,15,7,4,1d10+4,1d6+4,50,16,5,4,1d10+4,1d8+4,4.0,A
6493,41,16,5,4,1d8+4,1d8+4,49,14,6,4,1d10+4,1d8+4,5.0,B
6494,35,17,6,4,1d8+4,1d8+4,37,18,7,4,1d12+4,1d8+4,10.0,B
6495,42,16,5,4,1d12+4,1d6+4,50,16,7,4,1d8+4,1d8+4,6.0,A
6496,30,15,5,4,1d12+4,1d8+4,50,14,6,4,1d8+4,1d8+4,2.0,A
6497,34,14,8,4,1d10+4,1d8+4,41,15,6,4,1d8+4,1d8+4,2.0,A
6498,30,14,7,4,1d8+4,1d8+4,43,18,7,4,1d12+4,1d8+4,6.0,B
6499,46,18,6,4,1d10+4,1d6+4,30,18,5,4,1d12+4,1d8+4,10.0,B
6500,33,18,6,4,1d10+4,1d8+4,45,15,7,4,1d12+4,1d8+4,10.0,B
6501,44,18,8,4,1d8+4,1d6+4,39,16,5,4,1d8+4,1d8+4,3.0,A
6502,37,16,6,4,1d8+4,1d8+4,34,16,8,4,1d10+4,1d6+4,5.0,A
6503,48,17,8,4,1d12+4,1d8+4,33,15,7,4,1d10+4,1d8+4,1.0,A
6504,39,15,6,4,1d12+4,1d8+4,41,16,6,4,1d12+4,1d6+4,1.0,A
6505,44,15,8,4,1d10+4,1d6+4,31,15,7,4,1d10+4,1d8+4,1.0,A
6506,40,17,8,4,1d8+4,1d6+4,32,16,7,4,1d10+4,1d6+4,2.0,A
6507,31,17,8,4,1d10+4,1d6+4,43,14,5,4,1d12+4,1d6+4,2.0,A
6508,49,15,6,4,1d12+4,1d6+4,38,15,5,4,1d10+4,1d6+4,1.0,A
6509,36,17,7,4,1d10+4,1d6+4,30,17,7,4,1d8+4,1d8+4,6.0,B
6510,30,16,6,4,1d8+4,1d8+4,40,16,7,4,1d12+4,1d8+4,10.0,B
6511,49,16,5,4,1d10+4,1d6+4,32,18,6,4,1d8+4,1d6+4,10.0,B
6512,50,18,8,4,1d10+4,1d8+4,48,16,6,4,1d8+4,1d8+4,8.0,B
6513,32,17,6,4,1d8+4,1d8+4,50,14,7,4,1d12+4,1d8+4,10.0,B
6514,45,15,6,4,1d12+4,1d6+4,48,16,6,4,1d10+4,1d6+4,9.0,B
6515,46,14,5,4,1d12+4,1d8+4,45,18,8,4,1d10+4,1d8+4,9.0,B
6516,44,15,7,4,1d10+4,1d8+4,31,14,5,4,1d10+4,1d8+4,2.0,B
6517,36,15,5,4,1d12+4,1d6+4,34,15,6,4,1d12+4,1d8+4,4.0,A
6518,36,14,6,4,1d12+4,1d8+4,41,14,6,4,1d8+4,1d6+4,9.0,A
6519,38,15,5,4,1d10+4,1d8+4,48,17,6,4,1d8+4,1d6+4,7.0,A
6520,36,16,7,4,1d10+4,1d8+4,44,16,7,4,1d8+4,1d6+4,10.0,A
6521,45,16,5,4,1d12+4,1d8+4,42,18,6,4,1d10+4,1d8+4,7.0,A
6522,34,18,6,4,1d12+4,1d6+4,37,14,7,4,1d12+4,1d8+4,10.0,B
6523,50,16,7,4,1d10+4,1d6+4,47,16,5,4,1d10+4,1d8+4,6.0,A
6524,36,17,7,4,1d10+4,1d6+4,33,18,7,4,1d12+4,1d6+4,8.0,A
6525,31,18,8,4,1d8+4,1d6+4,31,14,8,4,1d8+4,1d8+4,7.0,A
6526,30,14,7,4,1d10+4,1d6+4,43,16,6,4,1d12+4,1d6+4,2.0,B
6527,38,15,7,4,1d10+4,1d6+4,34,16,8,4,1d8+4,1d6+4,7.0,A
6528,34,14,7,4,1d8+4,1d6+4,31,14,5,4,1d12+4,1d8+4,10.0,A
6529,33,15,7,4,1d10+4,1d8+4,37,17,5,4,1d8+4,1d6+4,7.0,B
6530,46,16,5,4,1d8+4,1d8+4,48,17,6,4,1d10+4,1d8+4,0.0,A
6531,43,17,6,4,1d12+4,1d8+4,41,17,6,4,1d12+4,1d6+4,0.0,A
6532,35,18,8,4,1d10+4,1d6+4,42,17,6,4,1d8+4,1d8+4,3.0,A
6533,40,16,6,4,1d10+4,1d6+4,49,16,8,4,1d10+4,1d6+4,8.0,B
6534,34,17,6,4,1d8+4,1d8+4,49,15,8,4,1d12+4,1d8+4,0.0,B
6535,43,14,7,4,1d10+4,1d8+4,32,17,7,4,1d12+4,1d6+4,5.0,B
6536,40,14,7,4,1d8+4,1d8+4,32,15,8,4,1d10+4,1d8+4,7.0,B
6537,30,18,8,4,1d10+4,1d8+4,36,14,8,4,1d12+4,1d6+4,2.0,A
6538,37,16,7,4,1d10+4,1d8+4,48,17,7,4,1d12+4,1d8+4,10.0,A
6539,33,16,8,4,1d8+4,1d6+4,35,14,8,4,1d8+4,1d6+4,1.0,A
6540,30,16,6,4,1d12+4,1d6+4,48,15,5,4,1d8+4,1d6+4,6.0,B
6541,30,14,5,4,1d12+4,1d8+4,47,14,8,4,1d8+4,1d8+4,9.0,B
6542,31,15,8,4,1d8+4,1d8+4,46,15,6,4,1d8+4,1d8+4,9.0,B
6543,43,16,6,4,1d10+4,1d6+4,33,16,7,4,1d12+4,1d6+4,3.0,B
6544,48,14,5,4,1d12+4,1d8+4,34,14,8,4,1d8+4,1d8+4,9.0,A
6545,30,17,6,4,1d8+4,1d8+4,31,16,5,4,1d10+4,1d8+4,7.0,A
6546,30,16,7,4,1d8+4,1d6+4,33,14,5,4,1d12+4,1d8+4,7.0,A
6547,50,17,6,4,1d12+4,1d8+4,47,14,8,4,1d12+4,1d8+4,3.0,B
6548,44,14,7,4,1d12+4,1d6+4,44,15,7,4,1d8+4,1d8+4,5.0,B
6549,42,15,7,4,1d12+4,1d6+4,33,18,5,4,1d10+4,1d6+4,2.0,A
6550,32,15,7,4,1d12+4,1d6+4,50,18,6,4,1d10+4,1d6+4,10.0,B
6551,45,18,5,4,1d10+4,1d8+4,49,17,6,4,1d8+4,1d8+4,2.0,A
6552,46,18,7,4,1d10+4,1d6+4,40,15,7,4,1d10+4,1d6+4,3.0,A
6553,44,16,7,4,1d10+4,1d8+4,47,17,6,4,1d8+4,1d6+4,6.0,B
6554,33,16,7,4,1d10+4,1d6+4,45,17,5,4,1d10+4,1d8+4,0.0,B
6555,35,15,5,4,1d8+4,1d8+4,37,17,7,4,1d10+4,1d6+4,10.0,B
6556,48,16,6,4,1d10+4,1d8+4,41,15,6,4,1d10+4,1d6+4,1.0,B
6557,31,16,8,4,1d8+4,1d6+4,45,15,8,4,1d8+4,1d8+4,9.0,A
6558,41,15,5,4,1d8+4,1d6+4,41,14,6,4,1d8+4,1d8+4,4.0,B
6559,42,14,6,4,1d12+4,1d6+4,50,17,6,4,1d8+4,1d6+4,1.0,B
6560,35,15,6,4,1d12+4,1d6+4,42,17,6,4,1d12+4,1d8+4,10.0,A
6561,38,14,7,4,1d8+4,1d6+4,49,18,7,4,1d8+4,1d8+4,9.0,B
6562,40,18,8,4,1d12+4,1d6+4,36,16,8,4,1d8+4,1d6+4,3.0,A
6563,32,18,8,4,1d8+4,1d6+4,48,16,8,4,1d8+4,1d6+4,3.0,B
6564,45,16,6,4,1d12+4,1d6+4,47,16,5,4,1d12+4,1d6+4,5.0,B
6565,39,17,5,4,1d12+4,1d6+4,42,17,6,4,1d8+4,1d6+4,3.0,B
6566,32,17,6,4,1d12+4,1d8+4,38,14,7,4,1d10+4,1d8+4,7.0,A
6567,36,16,8,4,1d10+4,1d6+4,34,16,6,4,1d10+4,1d8+4,3.0,A
6568,39,17,6,4,1d8+4,1d8+4,34,15,6,4,1d10+4,1d6+4,5.0,A
6569,42,17,6,4,1d10+4,1d6+4,49,15,5,4,1d10+4,1d6+4,8.0,B
6570,40,16,7,4,1d12+4,1d6+4,50,16,7,4,1d12+4,1d6+4,2.0,A
6571,41,14,6,4,1d12+4,1d6+4,37,16,5,4,1d12+4,1d6+4,2.0,A
6572,41,14,7,4,1d12+4,1d6+4,44,18,5,4,1d10+4,1d6+4,7.0,B
6573,33,17,8,4,1d8+4,1d6+4,40,16,7,4,1d12+4,1d8+4,4.0,B
6574,32,17,6,4,1d10+4,1d8+4,44,15,7,4,1d12+4,1d8+4,7.0,A
6575,42,16,7,4,1d12+4,1d6+4,50,18,6,4,1d8+4,1d6+4,5.0,B
6576,32,18,8,4,1d10+4,1d8+4,34,16,6,4,1d12+4,1d8+4,1.0,A
6577,49,14,8,4,1d10+4,1d6+4,41,17,7,4,1d12+4,1d6+4,7.0,B
6578,46,17,5,4,1d10+4,1d6+4,37,17,6,4,1d8+4,1d6+4,6.0,A
6579,42,14,7,4,1d10+4,1d8+4,44,18,6,4,1d8+4,1d6+4,9.0,B
6580,32,15,7,4,1d8+4,1d6+4,45,17,8,4,1d12+4,1d6+4,0.0,B
6581,47,17,6,4,1d12+4,1d8+4,36,16,5,4,1d10+4,1d8+4,3.0,A
6582,36,18,7,4,1d8+4,1d8+4,49,14,5,4,1d10+4,1d8+4,0.0,A
6583,45,18,7,4,1d8+4,1d6+4,43,17,8,4,1d10+4,1d6+4,2.0,A
6584,35,16,6,4,1d12+4,1d8+4,38,17,5,4,1d10+4,1d8+4,6.0,A
6585,46,15,5,4,1d10+4,1d8+4,31,18,6,4,1d8+4,1d8+4,8.0,A
6586,45,17,7,4,1d12+4,1d6+4,46,15,6,4,1d8+4,1d6+4,4.0,A
6587,41,16,7,4,1d10+4,1d8+4,42,18,8,4,1d12+4,1d8+4,0.0,B
6588,31,16,5,4,1d12+4,1d6+4,44,14,7,4,1d12+4,1d8+4,6.0,B
6589,45,18,5,4,1d12+4,1d6+4,47,14,7,4,1d8+4,1d6+4,6.0,A
6590,38,16,7,4,1d8+4,1d6+4,40,15,5,4,1d12+4,1d8+4,2.0,A
6591,39,18,5,4,1d8+4,1d8+4,46,16,8,4,1d8+4,1d6+4,1.0,B
6592,40,16,7,4,1d12+4,1d6+4,34,16,5,4,1d12+4,1d8+4,6.0,A
6593,43,15,5,4,1d12+4,1d8+4,48,18,7,4,1d8+4,1d6+4,4.0,B
6594,44,14,7,4,1d12+4,1d6+4,38,17,8,4,1d10+4,1d6+4,2.0,B
6595,32,15,5,4,1d10+4,1d6+4,35,17,8,4,1d8+4,1d6+4,2.0,A
6596,38,15,7,4,1d12+4,1d6+4,39,18,5,4,1d8+4,1d6+4,4.0,B
6597,46,16,6,4,1d10+4,1d6+4,44,18,7,4,1d12+4,1d6+4,0.0,B
6598,43,17,8,4,1d10+4,1d8+4,47,17,8,4,1d12+4,1d8+4,0.0,B
6599,32,17,6,4,1d10+4,1d8+4,50,15,5,4,1d8+4,1d8+4,8.0,A
6600,36,18,7,4,1d10+4,1d8+4,35,16,5,4,1d8+4,1d6+4,4.0,A
6601,35,16,7,4,1d12+4,1d8+4,47,17,6,4,1d10+4,1d8+4,6.0,B
6602,31,17,6,4,1d12+4,1d6+4,36,15,6,4,1d12+4,1d6+4,9.0,A
6603,36,17,8,4,1d12+4,1d6+4,50,18,8,4,1d12+4,1d8+4,6.0,A
6604,48,14,8,4,1d12+4,1d8+4,35,15,8,4,1d10+4,1d8+4,10.0,A
6605,32,18,5,4,1d8+4,1d6+4,38,14,8,4,1d10+4,1d8+4,8.0,B
6606,30,15,8,4,1d12+4,1d8+4,38,16,5,4,1d8+4,1d8+4,6.0,A
6607,38,14,7,4,1d8+4,1d8+4,48,15,8,4,1d8+4,1d8+4,4.0,A
6608,34,17,8,4,1d12+4,1d8+4,48,18,8,4,1d8+4,1d6+4,7.0,A
6609,45,16,5,4,1d12+4,1d6+4,33,16,6,4,1d10+4,1d8+4,6.0,A
6610,43,16,7,4,1d10+4,1d8+4,34,17,6,4,1d10+4,1d8+4,5.0,A
6611,41,15,6,4,1d12+4,1d6+4,38,15,7,4,1d10+4,1d6+4,10.0,A
6612,48,17,6,4,1d10+4,1d6+4,31,15,5,4,1d8+4,1d8+4,2.0,A
6613,39,16,8,4,1d8+4,1d6+4,38,18,8,4,1d12+4,1d8+4,10.0,A
6614,36,15,5,4,1d12+4,1d8+4,31,18,7,4,1d12+4,1d8+4,0.0,B
6615,30,16,7,4,1d12+4,1d8+4,49,16,6,4,1d8+4,1d6+4,9.0,A
6616,42,18,5,4,1d8+4,1d8+4,36,14,6,4,1d10+4,1d6+4,0.0,A
6617,42,15,6,4,1d10+4,1d6+4,35,18,5,4,1d12+4,1d6+4,6.0,B
6618,34,15,5,4,1d8+4,1d6+4,38,17,7,4,1d12+4,1d8+4,7.0,B
6619,34,14,6,4,1d10+4,1d8+4,43,14,8,4,1d8+4,1d6+4,5.0,B
6620,35,17,7,4,1d8+4,1d8+4,47,15,8,4,1d12+4,1d6+4,9.0,B
6621,49,18,7,4,1d8+4,1d6+4,47,14,8,4,1d8+4,1d8+4,0.0,B
6622,48,18,8,4,1d10+4,1d6+4,32,16,5,4,1d8+4,1d6+4,2.0,A
6623,34,15,8,4,1d10+4,1d6+4,49,15,6,4,1d12+4,1d6+4,9.0,B
6624,43,14,5,4,1d12+4,1d6+4,33,16,7,4,1d8+4,1d6+4,0.0,B
6625,45,15,5,4,1d8+4,1d8+4,47,15,5,4,1d10+4,1d6+4,3.0,A
6626,34,16,6,4,1d12+4,1d8+4,30,16,6,4,1d8+4,1d6+4,7.0,A
6627,32,14,6,4,1d10+4,1d8+4,45,14,6,4,1d8+4,1d6+4,0.0,A
6628,38,18,8,4,1d8+4,1d6+4,40,18,7,4,1d10+4,1d8+4,6.0,A
6629,43,18,8,4,1d10+4,1d6+4,39,18,6,4,1d10+4,1d8+4,5.0,B
6630,39,17,6,4,1d10+4,1d8+4,43,16,5,4,1d8+4,1d6+4,3.0,A
6631,40,17,7,4,1d12+4,1d8+4,30,16,6,4,1d12+4,1d6+4,9.0,A
6632,37,17,5,4,1d10+4,1d6+4,37,18,5,4,1d8+4,1d8+4,0.0,B
6633,40,18,5,4,1d10+4,1d8+4,43,15,5,4,1d12+4,1d8+4,7.0,A
6634,49,15,6,4,1d8+4,1d8+4,35,14,5,4,1d10+4,1d8+4,8.0,A
6635,35,14,8,4,1d8+4,1d6+4,40,14,6,4,1d10+4,1d6+4,9.0,B
6636,41,14,5,4,1d10+4,1d8+4,46,15,5,4,1d12+4,1d6+4,10.0,B
6637,45,14,5,4,1d12+4,1d8+4,41,18,5,4,1d8+4,1d6+4,9.0,A
6638,45,14,6,4,1d12+4,1d6+4,40,17,8,4,1d8+4,1d6+4,5.0,B
6639,47,16,8,4,1d12+4,1d8+4,31,15,7,4,1d8+4,1d8+4,2.0,A
6640,43,15,7,4,1d12+4,1d6+4,45,14,7,4,1d8+4,1d8+4,0.0,A
6641,39,16,6,4,1d8+4,1d6+4,41,14,5,4,1d10+4,1d6+4,1.0,B
6642,49,15,6,4,1d12+4,1d6+4,46,18,6,4,1d12+4,1d8+4,5.0,B
6643,34,14,7,4,1d12+4,1d6+4,50,18,7,4,1d8+4,1d8+4,0.0,B
6644,48,16,6,4,1d10+4,1d8+4,32,16,7,4,1d10+4,1d6+4,4.0,A
6645,36,18,7,4,1d10+4,1d8+4,38,17,8,4,1d8+4,1d8+4,7.0,B
6646,34,17,8,4,1d10+4,1d8+4,38,14,7,4,1d12+4,1d6+4,1.0,A
6647,50,14,8,4,1d10+4,1d6+4,30,15,8,4,1d10+4,1d6+4,2.0,A
6648,42,14,7,4,1d10+4,1d8+4,36,15,7,4,1d12+4,1d8+4,5.0,A
6649,46,14,8,4,1d8+4,1d8+4,50,14,7,4,1d8+4,1d8+4,9.0,B
6650,44,16,6,4,1d10+4,1d8+4,39,17,5,4,1d10+4,1d8+4,4.0,A
6651,40,18,8,4,1d8+4,1d6+4,38,15,6,4,1d10+4,1d6+4,9.0,A
6652,47,14,5,4,1d10+4,1d8+4,42,18,8,4,1d8+4,1d6+4,10.0,B
6653,33,17,8,4,1d8+4,1d6+4,37,14,8,4,1d12+4,1d8+4,1.0,A
6654,44,17,6,4,1d8+4,1d6+4,43,17,7,4,1d8+4,1d8+4,5.0,A
6655,49,18,5,4,1d8+4,1d8+4,39,14,5,4,1d10+4,1d8+4,1.0,A
6656,35,18,5,4,1d8+4,1d6+4,31,14,7,4,1d12+4,1d8+4,4.0,B
6657,37,18,6,4,1d8+4,1d8+4,38,17,7,4,1d10+4,1d8+4,1.0,A
6658,37,16,7,4,1d8+4,1d6+4,42,14,7,4,1d8+4,1d8+4,9.0,B
6659,48,14,7,4,1d10+4,1d8+4,34,17,8,4,1d12+4,1d6+4,3.0,A
6660,30,14,6,4,1d10+4,1d6+4,40,14,8,4,1d12+4,1d8+4,6.0,B
6661,32,14,6,4,1d8+4,1d6+4,43,15,8,4,1d8+4,1d6+4,0.0,B
6662,35,17,7,4,1d10+4,1d8+4,31,15,8,4,1d12+4,1d8+4,8.0,A
6663,33,16,8,4,1d10+4,1d6+4,48,14,7,4,1d8+4,1d6+4,0.0,B
6664,45,14,8,4,1d12+4,1d8+4,40,17,8,4,1d10+4,1d6+4,4.0,A
6665,40,17,7,4,1d12+4,1d8+4,49,18,5,4,1d8+4,1d6+4,3.0,A
6666,38,14,5,4,1d12+4,1d8+4,32,15,5,4,1d8+4,1d8+4,2.0,A
6667,35,17,6,4,1d8+4,1d6+4,41,18,6,4,1d8+4,1d8+4,5.0,B
6668,46,15,6,4,1d10+4,1d8+4,31,14,8,4,1d10+4,1d8+4,9.0,B
6669,41,14,8,4,1d8+4,1d8+4,33,15,5,4,1d10+4,1d6+4,0.0,A
6670,47,17,7,4,1d12+4,1d8+4,35,14,5,4,1d10+4,1d6+4,10.0,A
6671,36,18,7,4,1d12+4,1d6+4,33,17,7,4,1d10+4,1d8+4,7.0,B
6672,34,18,7,4,1d8+4,1d6+4,36,15,5,4,1d12+4,1d8+4,7.0,A
6673,39,18,5,4,1d8+4,1d8+4,48,15,6,4,1d10+4,1d6+4,7.0,A
6674,45,16,7,4,1d8+4,1d6+4,50,16,5,4,1d12+4,1d6+4,8.0,B
6675,32,17,5,4,1d12+4,1d8+4,44,16,6,4,1d10+4,1d8+4,9.0,B
6676,34,18,5,4,1d8+4,1d6+4,41,14,6,4,1d8+4,1d6+4,2.0,B
6677,34,14,5,4,1d10+4,1d8+4,34,18,5,4,1d10+4,1d6+4,4.0,B
6678,34,18,7,4,1d12+4,1d8+4,47,15,6,4,1d8+4,1d8+4,9.0,A
6679,41,18,5,4,1d8+4,1d6+4,39,18,8,4,1d8+4,1d8+4,6.0,A
6680,40,15,5,4,1d8+4,1d6+4,36,18,5,4,1d8+4,1d8+4,3.0,A
6681,39,16,6,4,1d8+4,1d6+4,50,14,8,4,1d8+4,1d6+4,4.0,A
6682,44,15,8,4,1d12+4,1d6+4,38,17,5,4,1d10+4,1d8+4,6.0,B
6683,43,18,7,4,1d12+4,1d8+4,38,16,7,4,1d12+4,1d6+4,7.0,A
6684,30,16,8,4,1d12+4,1d6+4,39,18,5,4,1d10+4,1d8+4,5.0,A
6685,30,17,7,4,1d12+4,1d6+4,45,16,8,4,1d10+4,1d8+4,2.0,A
6686,34,16,8,4,1d10+4,1d8+4,35,14,7,4,1d10+4,1d6+4,6.0,A
6687,35,14,7,4,1d12+4,1d8+4,50,15,5,4,1d12+4,1d6+4,0.0,B
6688,48,17,7,4,1d8+4,1d8+4,33,16,8,4,1d8+4,1d8+4,4.0,A
6689,31,15,6,4,1d12+4,1d8+4,44,17,7,4,1d12+4,1d8+4,7.0,A
6690,41,15,6,4,1d8+4,1d6+4,46,15,8,4,1d8+4,1d8+4,3.0,A
6691,32,15,5,4,1d10+4,1d8+4,47,17,8,4,1d8+4,1d8+4,2.0,B
6692,36,14,7,4,1d8+4,1d8+4,30,17,8,4,1d8+4,1d8+4,5.0,B
6693,42,15,6,4,1d12+4,1d8+4,38,17,5,4,1d8+4,1d6+4,0.0,A
6694,36,17,8,4,1d8+4,1d6+4,41,18,5,4,1d10+4,1d8+4,9.0,A
6695,35,18,5,4,1d10+4,1d8+4,46,16,8,4,1d12+4,1d8+4,8.0,A
6696,43,15,5,4,1d12+4,1d8+4,32,17,7,4,1d8+4,1d6+4,4.0,B
6697,38,14,5,4,1d12+4,1d6+4,40,15,6,4,1d12+4,1d8+4,1.0,B
6698,38,17,7,4,1d8+4,1d8+4,48,16,8,4,1d10+4,1d8+4,2.0,A
6699,36,15,6,4,1d8+4,1d8+4,44,14,7,4,1d8+4,1d8+4,5.0,B
6700,44,14,5,4,1d12+4,1d8+4,32,15,7,4,1d10+4,1d6+4,1.0,B
6701,31,15,7,4,1d8+4,1d8+4,45,15,7,4,1d8+4,1d8+4,9.0,B
6702,45,15,5,4,1d8+4,1d8+4,43,17,5,4,1d12+4,1d6+4,7.0,B
6703,43,16,6,4,1d8+4,1d6+4,36,18,5,4,1d8+4,1d6+4,7.0,B
6704,33,16,6,4,1d8+4,1d6+4,36,17,7,4,1d10+4,1d8+4,10.0,B
6705,35,16,7,4,1d8+4,1d8+4,31,15,6,4,1d10+4,1d6+4,7.0,B
6706,43,15,8,4,1d10+4,1d6+4,46,18,6,4,1d8+4,1d8+4,6.0,A
6707,41,16,7,4,1d12+4,1d6+4,49,18,8,4,1d10+4,1d6+4,5.0,B
6708,37,16,6,4,1d8+4,1d6+4,31,14,8,4,1d8+4,1d8+4,8.0,A
6709,30,14,8,4,1d8+4,1d8+4,32,17,7,4,1d10+4,1d6+4,5.0,B
6710,44,14,5,4,1d12+4,1d6+4,30,14,5,4,1d8+4,1d8+4,9.0,A
6711,39,15,6,4,1d8+4,1d8+4,35,17,6,4,1d10+4,1d8+4,10.0,A
6712,46,15,5,4,1d8+4,1d8+4,44,15,6,4,1d12+4,1d8+4,6.0,B
6713,39,16,6,4,1d10+4,1d6+4,49,14,7,4,1d10+4,1d6+4,4.0,A
6714,47,17,8,4,1d12+4,1d8+4,31,16,5,4,1d12+4,1d6+4,10.0,A
6715,44,15,8,4,1d12+4,1d6+4,39,14,5,4,1d8+4,1d8+4,3.0,A
6716,45,15,5,4,1d12+4,1d6+4,38,18,7,4,1d8+4,1d6+4,9.0,A
6717,45,15,5,4,1d10+4,1d8+4,42,17,7,4,1d12+4,1d8+4,9.0,B
6718,35,18,8,4,1d8+4,1d8+4,38,18,7,4,1d10+4,1d8+4,1.0,B
6719,45,14,7,4,1d10+4,1d6+4,37,14,7,4,1d12+4,1d6+4,2.0,B
6720,44,15,5,4,1d8+4,1d6+4,41,18,6,4,1d8+4,1d8+4,1.0,A
6721,47,14,7,4,1d10+4,1d8+4,47,16,5,4,1d10+4,1d8+4,4.0,B
6722,32,14,8,4,1d8+4,1d8+4,49,18,6,4,1d8+4,1d8+4,9.0,B
6723,34,17,6,4,1d10+4,1d8+4,38,14,6,4,1d10+4,1d8+4,9.0,A
6724,45,16,5,4,1d12+4,1d6+4,38,15,6,4,1d10+4,1d6+4,0.0,B
6725,40,16,5,4,1d12+4,1d6+4,43,14,8,4,1d8+4,1d8+4,0.0,B
6726,41,17,7,4,1d12+4,1d6+4,43,15,5,4,1d10+4,1d6+4,9.0,B
6727,35,15,6,4,1d12+4,1d8+4,47,17,5,4,1d10+4,1d6+4,5.0,A
6728,33,16,7,4,1d12+4,1d6+4,44,17,7,4,1d8+4,1d8+4,1.0,A
6729,40,17,8,4,1d12+4,1d6+4,32,14,5,4,1d8+4,1d6+4,3.0,A
6730,33,15,6,4,1d10+4,1d6+4,46,17,7,4,1d8+4,1d6+4,2.0,A
6731,37,16,8,4,1d8+4,1d8+4,37,18,8,4,1d8+4,1d6+4,1.0,A
6732,46,14,7,4,1d10+4,1d8+4,35,17,8,4,1d10+4,1d6+4,2.0,B
6733,36,14,5,4,1d8+4,1d6+4,40,14,7,4,1d12+4,1d8+4,4.0,B
6734,42,18,7,4,1d12+4,1d8+4,31,17,7,4,1d12+4,1d6+4,10.0,A
6735,43,15,6,4,1d12+4,1d6+4,45,17,6,4,1d12+4,1d6+4,2.0,B
6736,42,16,7,4,1d8+4,1d6+4,37,16,7,4,1d8+4,1d6+4,8.0,B
6737,33,17,6,4,1d8+4,1d8+4,50,17,7,4,1d10+4,1d8+4,1.0,B
6738,36,16,6,4,1d12+4,1d6+4,36,14,6,4,1d10+4,1d8+4,3.0,A
6739,35,17,6,4,1d8+4,1d6+4,34,15,5,4,1d10+4,1d6+4,5.0,B
6740,44,18,7,4,1d12+4,1d8+4,34,17,5,4,1d12+4,1d8+4,4.0,A
6741,30,18,6,4,1d12+4,1d8+4,35,15,5,4,1d12+4,1d8+4,10.0,B
6742,45,17,8,4,1d8+4,1d8+4,50,15,5,4,1d12+4,1d8+4,8.0,A
6743,40,17,8,4,1d10+4,1d8+4,40,17,6,4,1d10+4,1d6+4,9.0,A
6744,49,16,5,4,1d10+4,1d8+4,34,16,8,4,1d10+4,1d6+4,6.0,B
6745,45,15,7,4,1d10+4,1d8+4,36,14,7,4,1d8+4,1d6+4,9.0,A
6746,40,18,5,4,1d12+4,1d6+4,35,17,5,4,1d12+4,1d6+4,3.0,A
6747,49,16,5,4,1d10+4,1d6+4,41,16,6,4,1d12+4,1d6+4,3.0,A
6748,38,18,5,4,1d8+4,1d8+4,30,15,6,4,1d10+4,1d8+4,1.0,A
6749,37,17,6,4,1d8+4,1d8+4,48,17,6,4,1d12+4,1d8+4,4.0,A
6750,39,16,8,4,1d10+4,1d8+4,35,15,5,4,1d10+4,1d6+4,6.0,A
6751,44,17,6,4,1d10+4,1d8+4,34,18,7,4,1d8+4,1d8+4,10.0,A
6752,34,16,7,4,1d10+4,1d6+4,35,17,7,4,1d10+4,1d6+4,0.0,A
6753,44,14,5,4,1d10+4,1d6+4,46,17,8,4,1d10+4,1d6+4,1.0,B
6754,43,14,8,4,1d10+4,1d6+4,34,16,5,4,1d12+4,1d6+4,2.0,A
6755,39,16,7,4,1d12+4,1d8+4,41,15,6,4,1d10+4,1d6+4,8.0,A
6756,48,18,7,4,1d10+4,1d8+4,49,16,6,4,1d8+4,1d8+4,10.0,A
6757,41,17,8,4,1d12+4,1d6+4,38,17,7,4,1d12+4,1d6+4,6.0,A
6758,43,14,8,4,1d12+4,1d8+4,47,18,7,4,1d12+4,1d8+4,2.0,B
6759,34,18,6,4,1d10+4,1d8+4,50,16,8,4,1d10+4,1d8+4,1.0,B
6760,39,16,8,4,1d12+4,1d6+4,32,18,7,4,1d12+4,1d6+4,0.0,B
6761,43,14,7,4,1d8+4,1d8+4,38,15,8,4,1d12+4,1d8+4,8.0,A
6762,39,18,8,4,1d10+4,1d6+4,45,15,5,4,1d8+4,1d8+4,10.0,B
6763,41,15,7,4,1d8+4,1d6+4,42,18,8,4,1d10+4,1d6+4,3.0,B
6764,48,18,5,4,1d8+4,1d6+4,32,14,5,4,1d8+4,1d8+4,5.0,A
6765,43,15,6,4,1d10+4,1d6+4,49,16,8,4,1d12+4,1d8+4,4.0,B
6766,40,17,7,4,1d12+4,1d6+4,44,16,7,4,1d8+4,1d8+4,4.0,A
6767,30,15,5,4,1d10+4,1d6+4,49,15,5,4,1d12+4,1d6+4,9.0,A
6768,50,17,6,4,1d12+4,1d6+4,49,14,6,4,1d8+4,1d8+4,6.0,A
6769,46,14,6,4,1d8+4,1d6+4,43,18,5,4,1d12+4,1d8+4,7.0,B
6770,38,15,6,4,1d10+4,1d8+4,35,17,5,4,1d8+4,1d6+4,0.0,A
6771,34,15,8,4,1d12+4,1d6+4,35,14,8,4,1d12+4,1d6+4,5.0,A
6772,38,18,6,4,1d8+4,1d8+4,30,16,8,4,1d10+4,1d8+4,5.0,A
6773,45,18,7,4,1d12+4,1d8+4,41,16,6,4,1d12+4,1d8+4,8.0,B
6774,37,15,8,4,1d12+4,1d8+4,43,14,7,4,1d12+4,1d8+4,3.0,B
6775,33,16,7,4,1d10+4,1d8+4,40,18,5,4,1d10+4,1d8+4,8.0,B
6776,32,16,7,4,1d12+4,1d6+4,31,18,5,4,1d10+4,1d8+4,4.0,A
6777,38,16,8,4,1d12+4,1d8+4,49,17,5,4,1d10+4,1d8+4,9.0,A
6778,42,15,7,4,1d10+4,1d8+4,31,14,7,4,1d10+4,1d6+4,3.0,A
6779,44,18,8,4,1d12+4,1d8+4,30,15,8,4,1d12+4,1d6+4,3.0,A
6780,35,15,5,4,1d12+4,1d6+4,38,15,7,4,1d8+4,1d8+4,3.0,B
6781,36,16,8,4,1d12+4,1d6+4,38,16,6,4,1d12+4,1d8+4,9.0,B
6782,41,16,6,4,1d12+4,1d8+4,45,17,8,4,1d10+4,1d6+4,7.0,B
6783,30,16,7,4,1d8+4,1d8+4,45,16,5,4,1d12+4,1d6+4,10.0,B
6784,32,14,6,4,1d10+4,1d8+4,32,16,8,4,1d10+4,1d6+4,1.0,A
6785,36,16,7,4,1d8+4,1d8+4,39,17,5,4,1d8+4,1d6+4,1.0,A
6786,48,15,7,4,1d10+4,1d6+4,43,18,7,4,1d8+4,1d8+4,5.0,A
6787,42,16,8,4,1d10+4,1d8+4,47,18,6,4,1d12+4,1d6+4,5.0,A
6788,38,18,6,4,1d12+4,1d6+4,30,15,7,4,1d10+4,1d6+4,4.0,A
6789,39,16,8,4,1d8+4,1d6+4,48,18,6,4,1d10+4,1d8+4,1.0,B
6790,43,17,8,4,1d10+4,1d6+4,41,17,5,4,1d10+4,1d6+4,7.0,A
6791,49,17,7,4,1d12+4,1d6+4,50,17,8,4,1d8+4,1d6+4,1.0,A
6792,48,14,6,4,1d8+4,1d6+4,32,15,5,4,1d8+4,1d8+4,3.0,A
6793,50,16,7,4,1d8+4,1d6+4,42,14,7,4,1d12+4,1d8+4,8.0,A
6794,43,14,8,4,1d8+4,1d6+4,48,18,7,4,1d10+4,1d6+4,2.0,B
6795,48,17,7,4,1d10+4,1d8+4,33,16,8,4,1d8+4,1d6+4,7.0,A
6796,36,17,6,4,1d12+4,1d8+4,41,15,6,4,1d10+4,1d6+4,9.0,A
6797,30,16,6,4,1d12+4,1d8+4,44,15,8,4,1d12+4,1d6+4,5.0,A
6798,44,17,8,4,1d10+4,1d6+4,40,16,7,4,1d12+4,1d8+4,3.0,A
6799,50,18,8,4,1d12+4,1d6+4,48,16,8,4,1d10+4,1d8+4,10.0,A
6800,46,15,7,4,1d12+4,1d8+4,39,17,5,4,1d12+4,1d8+4,3.0,A
6801,47,15,6,4,1d8+4,1d6+4,46,17,8,4,1d12+4,1d8+4,7.0,A
6802,33,16,7,4,1d10+4,1d8+4,45,18,6,4,1d10+4,1d6+4,6.0,B
6803,31,15,6,4,1d12+4,1d8+4,42,17,7,4,1d8+4,1d6+4,10.0,B
6804,32,14,5,4,1d10+4,1d8+4,48,15,5,4,1d10+4,1d8+4,6.0,A
6805,40,17,8,4,1d10+4,1d8+4,48,18,7,4,1d8+4,1d8+4,5.0,B
6806,45,18,8,4,1d12+4,1d6+4,45,15,8,4,1d10+4,1d6+4,7.0,B
6807,44,15,7,4,1d8+4,1d8+4,34,18,6,4,1d10+4,1d8+4,3.0,B
6808,35,14,8,4,1d12+4,1d8+4,35,17,6,4,1d8+4,1d8+4,1.0,B
6809,46,15,5,4,1d8+4,1d8+4,44,18,8,4,1d10+4,1d6+4,5.0,B
6810,30,16,6,4,1d8+4,1d8+4,32,14,8,4,1d8+4,1d6+4,3.0,A
6811,50,18,7,4,1d8+4,1d8+4,44,18,8,4,1d12+4,1d8+4,9.0,B
6812,42,15,8,4,1d10+4,1d6+4,44,14,8,4,1d10+4,1d8+4,3.0,B
6813,45,14,6,4,1d10+4,1d8+4,45,17,5,4,1d8+4,1d6+4,2.0,B
6814,41,18,7,4,1d12+4,1d6+4,41,15,7,4,1d12+4,1d6+4,9.0,A
6815,33,14,6,4,1d12+4,1d6+4,36,18,6,4,1d8+4,1d8+4,2.0,A
6816,41,18,6,4,1d8+4,1d8+4,36,16,5,4,1d10+4,1d8+4,7.0,A
6817,44,16,5,4,1d10+4,1d6+4,39,15,8,4,1d12+4,1d6+4,7.0,B
6818,50,14,8,4,1d8+4,1d8+4,43,14,7,4,1d12+4,1d8+4,1.0,A
6819,40,14,8,4,1d12+4,1d8+4,30,17,8,4,1d10+4,1d6+4,7.0,B
6820,44,18,5,4,1d12+4,1d6+4,38,17,8,4,1d10+4,1d8+4,2.0,B
6821,35,16,8,4,1d12+4,1d8+4,38,15,8,4,1d10+4,1d8+4,5.0,A
6822,40,17,5,4,1d12+4,1d8+4,39,16,5,4,1d12+4,1d6+4,9.0,A
6823,49,18,7,4,1d12+4,1d6+4,47,16,8,4,1d12+4,1d6+4,5.0,B
6824,48,14,7,4,1d8+4,1d6+4,40,15,7,4,1d8+4,1d8+4,8.0,B
6825,45,18,6,4,1d8+4,1d6+4,37,16,6,4,1d12+4,1d8+4,8.0,A
6826,41,16,7,4,1d8+4,1d6+4,39,16,5,4,1d10+4,1d8+4,5.0,B
6827,32,16,8,4,1d12+4,1d6+4,42,15,6,4,1d10+4,1d8+4,7.0,A
6828,45,16,8,4,1d10+4,1d6+4,39,17,8,4,1d8+4,1d8+4,2.0,A
6829,50,15,5,4,1d8+4,1d8+4,32,17,8,4,1d8+4,1d6+4,5.0,B
6830,46,17,5,4,1d12+4,1d8+4,39,15,8,4,1d10+4,1d8+4,3.0,A
6831,45,15,5,4,1d10+4,1d8+4,46,15,8,4,1d8+4,1d6+4,0.0,A
6832,42,16,5,4,1d12+4,1d8+4,34,14,7,4,1d8+4,1d6+4,7.0,A
6833,45,16,7,4,1d8+4,1d8+4,31,15,8,4,1d10+4,1d8+4,1.0,A
6834,45,17,6,4,1d10+4,1d6+4,35,18,8,4,1d10+4,1d6+4,9.0,A
6835,47,17,6,4,1d8+4,1d8+4,44,15,7,4,1d10+4,1d6+4,6.0,A
6836,41,16,8,4,1d12+4,1d6+4,49,15,5,4,1d10+4,1d8+4,4.0,B
6837,40,15,7,4,1d10+4,1d6+4,42,15,5,4,1d10+4,1d8+4,10.0,B
6838,36,18,5,4,1d12+4,1d6+4,30,16,8,4,1d10+4,1d8+4,4.0,B
6839,48,18,8,4,1d10+4,1d8+4,36,15,5,4,1d8+4,1d6+4,5.0,A
6840,48,14,8,4,1d12+4,1d6+4,44,14,5,4,1d10+4,1d8+4,5.0,A
6841,32,14,7,4,1d8+4,1d6+4,50,17,5,4,1d12+4,1d6+4,5.0,B
6842,49,18,8,4,1d8+4,1d8+4,34,15,6,4,1d10+4,1d8+4,0.0,A
6843,31,16,5,4,1d8+4,1d6+4,30,14,5,4,1d12+4,1d8+4,9.0,B
6844,34,14,8,4,1d12+4,1d8+4,30,14,8,4,1d12+4,1d8+4,1.0,B
6845,39,17,8,4,1d8+4,1d8+4,45,17,6,4,1d8+4,1d8+4,4.0,B
6846,49,14,7,4,1d10+4,1d8+4,31,14,7,4,1d12+4,1d6+4,5.0,A
6847,41,17,8,4,1d12+4,1d8+4,37,14,5,4,1d10+4,1d6+4,5.0,A
6848,32,18,5,4,1d10+4,1d6+4,47,16,6,4,1d10+4,1d8+4,1.0,A
6849,46,14,7,4,1d12+4,1d8+4,49,16,5,4,1d10+4,1d8+4,7.0,B
6850,48,17,8,4,1d10+4,1d8+4,46,18,5,4,1d12+4,1d8+4,0.0,A
6851,31,18,6,4,1d8+4,1d6+4,35,18,5,4,1d8+4,1d8+4,8.0,B
6852,50,15,8,4,1d12+4,1d6+4,45,14,8,4,1d12+4,1d8+4,2.0,B
6853,50,17,7,4,1d12+4,1d8+4,36,14,7,4,1d10+4,1d6+4,6.0,A
6854,47,16,7,4,1d12+4,1d8+4,43,14,5,4,1d10+4,1d6+4,3.0,A
6855,35,15,5,4,1d12+4,1d8+4,36,17,5,4,1d12+4,1d6+4,9.0,B
6856,49,16,6,4,1d8+4,1d6+4,42,15,5,4,1d12+4,1d6+4,8.0,A
6857,49,15,7,4,1d12+4,1d6+4,48,18,8,4,1d8+4,1d6+4,10.0,B
6858,30,16,8,4,1d12+4,1d8+4,46,17,5,4,1d12+4,1d8+4,6.0,A
6859,35,16,7,4,1d10+4,1d8+4,46,14,5,4,1d10+4,1d8+4,9.0,A
6860,43,16,8,4,1d10+4,1d6+4,35,14,8,4,1d12+4,1d8+4,3.0,B
6861,30,18,7,4,1d8+4,1d6+4,34,14,7,4,1d12+4,1d6+4,7.0,B
6862,42,18,7,4,1d10+4,1d8+4,50,18,8,4,1d8+4,1d6+4,1.0,A
6863,34,14,6,4,1d10+4,1d8+4,36,15,8,4,1d10+4,1d8+4,0.0,A
6864,41,16,8,4,1d10+4,1d8+4,46,15,6,4,1d8+4,1d6+4,9.0,A
6865,34,16,6,4,1d8+4,1d6+4,49,18,6,4,1d12+4,1d6+4,6.0,B
6866,41,17,5,4,1d8+4,1d8+4,39,18,5,4,1d8+4,1d8+4,0.0,A
6867,33,18,8,4,1d8+4,1d8+4,33,15,5,4,1d10+4,1d8+4,6.0,B
6868,37,18,7,4,1d10+4,1d6+4,45,18,5,4,1d12+4,1d8+4,6.0,B
6869,49,17,6,4,1d10+4,1d8+4,34,14,8,4,1d8+4,1d8+4,4.0,A
6870,42,14,8,4,1d10+4,1d6+4,43,14,8,4,1d8+4,1d8+4,2.0,B
6871,41,17,8,4,1d8+4,1d6+4,32,18,8,4,1d10+4,1d8+4,4.0,A
6872,43,16,5,4,1d10+4,1d6+4,33,18,5,4,1d10+4,1d8+4,3.0,A
6873,36,15,7,4,1d12+4,1d8+4,48,18,8,4,1d8+4,1d8+4,4.0,A
6874,35,15,7,4,1d10+4,1d8+4,46,18,7,4,1d10+4,1d8+4,5.0,B
6875,40,18,8,4,1d8+4,1d6+4,36,16,6,4,1d10+4,1d8+4,2.0,A
6876,37,15,5,4,1d10+4,1d8+4,30,14,5,4,1d12+4,1d8+4,7.0,A
6877,46,17,8,4,1d8+4,1d6+4,33,18,5,4,1d8+4,1d8+4,5.0,A
6878,30,14,8,4,1d10+4,1d6+4,40,16,6,4,1d10+4,1d6+4,0.0,B
6879,48,14,6,4,1d12+4,1d6+4,43,16,7,4,1d12+4,1d8+4,0.0,B
6880,32,17,7,4,1d8+4,1d6+4,38,17,5,4,1d10+4,1d6+4,9.0,B
6881,49,18,7,4,1d10+4,1d6+4,33,18,7,4,1d12+4,1d8+4,0.0,B
6882,49,18,6,4,1d12+4,1d6+4,47,16,8,4,1d10+4,1d6+4,1.0,A
6883,41,17,6,4,1d8+4,1d8+4,49,14,5,4,1d8+4,1d8+4,2.0,A
6884,45,18,6,4,1d10+4,1d6+4,32,18,6,4,1d12+4,1d6+4,5.0,A
6885,41,14,7,4,1d10+4,1d6+4,31,18,8,4,1d10+4,1d8+4,1.0,A
6886,33,18,7,4,1d12+4,1d6+4,30,15,5,4,1d10+4,1d8+4,8.0,A
6887,50,14,5,4,1d8+4,1d6+4,30,14,5,4,1d8+4,1d8+4,4.0,A
6888,32,17,6,4,1d10+4,1d6+4,36,16,5,4,1d10+4,1d6+4,3.0,A
6889,46,15,6,4,1d12+4,1d6+4,36,14,5,4,1d12+4,1d6+4,0.0,A
6890,40,14,5,4,1d12+4,1d6+4,50,16,6,4,1d8+4,1d6+4,8.0,B
6891,34,17,7,4,1d8+4,1d8+4,35,14,8,4,1d12+4,1d6+4,3.0,B
6892,49,16,6,4,1d10+4,1d8+4,46,17,8,4,1d12+4,1d8+4,3.0,B
6893,37,18,5,4,1d10+4,1d6+4,49,18,8,4,1d8+4,1d8+4,2.0,B
6894,44,17,7,4,1d12+4,1d6+4,33,16,8,4,1d12+4,1d6+4,6.0,A
6895,38,18,7,4,1d12+4,1d8+4,48,16,8,4,1d12+4,1d8+4,6.0,B
6896,47,18,8,4,1d12+4,1d8+4,32,17,7,4,1d8+4,1d8+4,9.0,A
6897,48,17,6,4,1d8+4,1d6+4,43,15,8,4,1d8+4,1d8+4,0.0,A
6898,30,17,7,4,1d10+4,1d8+4,32,16,5,4,1d8+4,1d6+4,4.0,A
6899,44,16,5,4,1d10+4,1d6+4,38,15,5,4,1d10+4,1d6+4,10.0,A
6900,45,16,8,4,1d12+4,1d6+4,46,14,7,4,1d12+4,1d6+4,7.0,B
6901,32,16,8,4,1d12+4,1d8+4,39,18,8,4,1d12+4,1d8+4,1.0,B
6902,44,17,5,4,1d10+4,1d8+4,34,15,8,4,1d8+4,1d8+4,0.0,A
6903,42,15,6,4,1d8+4,1d8+4,46,17,7,4,1d8+4,1d6+4,9.0,B
6904,34,17,5,4,1d12+4,1d6+4,31,18,8,4,1d10+4,1d8+4,10.0,B
6905,43,15,6,4,1d12+4,1d6+4,33,17,7,4,1d12+4,1d6+4,2.0,A
6906,31,16,5,4,1d8+4,1d6+4,46,18,8,4,1d12+4,1d8+4,10.0,B
6907,49,16,7,4,1d10+4,1d8+4,43,14,8,4,1d10+4,1d6+4,9.0,A
6908,43,18,7,4,1d12+4,1d8+4,50,14,6,4,1d12+4,1d6+4,10.0,A
6909,34,14,8,4,1d8+4,1d6+4,30,14,8,4,1d12+4,1d8+4,7.0,A
6910,33,15,7,4,1d12+4,1d6+4,45,15,5,4,1d10+4,1d8+4,3.0,A
6911,49,16,8,4,1d10+4,1d8+4,49,17,7,4,1d12+4,1d8+4,1.0,B
6912,43,18,6,4,1d8+4,1d6+4,35,15,8,4,1d10+4,1d6+4,5.0,A
6913,40,18,6,4,1d8+4,1d8+4,48,16,6,4,1d8+4,1d8+4,7.0,A
6914,35,14,7,4,1d10+4,1d8+4,31,18,6,4,1d8+4,1d8+4,2.0,A
6915,34,14,5,4,1d12+4,1d8+4,31,18,5,4,1d12+4,1d6+4,9.0,B
6916,37,18,5,4,1d8+4,1d6+4,49,18,7,4,1d12+4,1d8+4,5.0,B
6917,50,16,8,4,1d12+4,1d8+4,36,17,5,4,1d8+4,1d6+4,7.0,A
6918,45,17,8,4,1d10+4,1d8+4,37,14,8,4,1d8+4,1d8+4,0.0,A
6919,50,18,5,4,1d10+4,1d8+4,39,14,6,4,1d12+4,1d6+4,0.0,A
6920,49,17,6,4,1d10+4,1d6+4,35,15,8,4,1d10+4,1d8+4,1.0,A
6921,39,18,6,4,1d8+4,1d8+4,47,14,7,4,1d12+4,1d6+4,6.0,A
6922,40,15,8,4,1d10+4,1d6+4,40,18,7,4,1d8+4,1d8+4,3.0,B
6923,38,14,5,4,1d10+4,1d6+4,47,17,7,4,1d10+4,1d8+4,3.0,B
6924,34,17,6,4,1d8+4,1d8+4,42,15,7,4,1d12+4,1d8+4,7.0,A
6925,45,17,7,4,1d12+4,1d8+4,32,15,6,4,1d12+4,1d8+4,4.0,A
6926,47,17,5,4,1d12+4,1d6+4,46,14,7,4,1d8+4,1d6+4,4.0,B
6927,36,14,5,4,1d12+4,1d8+4,31,15,8,4,1d10+4,1d6+4,4.0,B
6928,36,17,7,4,1d8+4,1d6+4,43,18,7,4,1d8+4,1d8+4,0.0,A
6929,50,16,5,4,1d8+4,1d8+4,33,14,5,4,1d8+4,1d8+4,7.0,A
6930,37,16,6,4,1d8+4,1d6+4,46,16,5,4,1d10+4,1d6+4,10.0,B
6931,43,15,7,4,1d8+4,1d8+4,40,16,7,4,1d8+4,1d6+4,1.0,A
6932,48,14,6,4,1d8+4,1d8+4,46,16,6,4,1d8+4,1d8+4,1.0,B
6933,39,18,7,4,1d12+4,1d6+4,46,14,5,4,1d12+4,1d6+4,5.0,A
6934,39,17,6,4,1d8+4,1d8+4,44,15,6,4,1d8+4,1d6+4,7.0,B
6935,33,16,5,4,1d12+4,1d8+4,45,15,7,4,1d12+4,1d6+4,4.0,A
6936,33,18,7,4,1d10+4,1d8+4,33,14,6,4,1d8+4,1d6+4,9.0,A
6937,46,18,8,4,1d12+4,1d6+4,45,17,7,4,1d10+4,1d8+4,2.0,A
6938,44,17,8,4,1d8+4,1d8+4,36,18,7,4,1d8+4,1d6+4,5.0,A
6939,33,14,6,4,1d8+4,1d6+4,42,17,8,4,1d10+4,1d6+4,4.0,A
6940,39,18,8,4,1d10+4,1d8+4,40,17,7,4,1d8+4,1d8+4,0.0,B
6941,31,14,7,4,1d12+4,1d8+4,36,14,6,4,1d8+4,1d8+4,2.0,A
6942,48,16,8,4,1d8+4,1d6+4,48,16,5,4,1d8+4,1d6+4,8.0,A
6943,36,16,7,4,1d10+4,1d8+4,40,17,8,4,1d8+4,1d6+4,6.0,A
6944,46,14,5,4,1d12+4,1d8+4,45,17,5,4,1d10+4,1d8+4,0.0,B
6945,31,16,8,4,1d10+4,1d6+4,30,16,6,4,1d12+4,1d6+4,10.0,B
6946,35,17,8,4,1d8+4,1d6+4,49,17,5,4,1d10+4,1d8+4,8.0,B
6947,36,17,7,4,1d12+4,1d8+4,45,14,5,4,1d10+4,1d6+4,10.0,B
6948,30,18,8,4,1d10+4,1d8+4,45,17,6,4,1d10+4,1d8+4,6.0,A
6949,41,15,5,4,1d10+4,1d6+4,41,18,6,4,1d12+4,1d6+4,4.0,B
6950,31,16,7,4,1d10+4,1d8+4,45,14,8,4,1d8+4,1d8+4,10.0,A
6951,37,16,6,4,1d12+4,1d6+4,41,14,5,4,1d12+4,1d6+4,9.0,B
6952,36,17,7,4,1d10+4,1d8+4,32,18,6,4,1d10+4,1d6+4,0.0,A
6953,42,18,8,4,1d12+4,1d8+4,38,14,6,4,1d12+4,1d6+4,7.0,A
6954,43,14,7,4,1d12+4,1d6+4,42,18,5,4,1d10+4,1d6+4,1.0,A
6955,38,14,7,4,1d12+4,1d6+4,41,15,6,4,1d12+4,1d6+4,8.0,A
6956,32,14,7,4,1d10+4,1d8+4,42,18,8,4,1d12+4,1d8+4,6.0,B
6957,49,14,5,4,1d10+4,1d8+4,31,15,5,4,1d10+4,1d6+4,5.0,A
6958,32,16,7,4,1d8+4,1d8+4,47,18,5,4,1d12+4,1d8+4,2.0,B
6959,43,14,5,4,1d12+4,1d6+4,50,14,8,4,1d12+4,1d6+4,4.0,A
6960,48,18,8,4,1d12+4,1d6+4,34,14,8,4,1d8+4,1d6+4,0.0,A
6961,46,16,7,4,1d10+4,1d6+4,44,16,7,4,1d8+4,1d6+4,6.0,A
6962,42,14,7,4,1d12+4,1d6+4,47,18,8,4,1d8+4,1d6+4,8.0,B
6963,47,14,7,4,1d10+4,1d8+4,48,15,6,4,1d8+4,1d8+4,1.0,A
6964,42,15,8,4,1d12+4,1d8+4,48,14,5,4,1d12+4,1d8+4,3.0,A
6965,33,18,6,4,1d8+4,1d8+4,40,15,5,4,1d10+4,1d6+4,10.0,B
6966,33,18,8,4,1d10+4,1d6+4,38,16,8,4,1d10+4,1d8+4,8.0,A
6967,45,18,7,4,1d8+4,1d6+4,39,14,6,4,1d8+4,1d6+4,3.0,A
6968,50,18,7,4,1d8+4,1d8+4,35,16,6,4,1d8+4,1d8+4,4.0,A
6969,45,18,8,4,1d8+4,1d8+4,35,15,6,4,1d8+4,1d8+4,8.0,A
6970,44,14,7,4,1d10+4,1d6+4,47,14,8,4,1d8+4,1d6+4,3.0,B
6971,37,16,7,4,1d10+4,1d8+4,45,17,8,4,1d12+4,1d8+4,1.0,B
6972,44,18,7,4,1d10+4,1d6+4,39,17,5,4,1d12+4,1d6+4,6.0,A
6973,45,17,5,4,1d10+4,1d6+4,37,14,8,4,1d10+4,1d6+4,1.0,B
6974,32,14,6,4,1d12+4,1d6+4,49,14,6,4,1d12+4,1d8+4,1.0,A
6975,39,15,5,4,1d10+4,1d8+4,37,15,8,4,1d8+4,1d8+4,3.0,A
6976,44,16,5,4,1d12+4,1d6+4,38,15,8,4,1d10+4,1d8+4,3.0,A
6977,34,18,5,4,1d10+4,1d6+4,49,17,6,4,1d12+4,1d8+4,4.0,B
6978,35,15,7,4,1d8+4,1d8+4,37,18,5,4,1d8+4,1d8+4,8.0,A
6979,40,14,7,4,1d10+4,1d6+4,44,18,8,4,1d8+4,1d8+4,6.0,B
6980,44,14,6,4,1d8+4,1d6+4,36,15,6,4,1d8+4,1d8+4,3.0,A
6981,42,17,7,4,1d12+4,1d8+4,34,18,5,4,1d8+4,1d6+4,10.0,A
6982,49,18,5,4,1d8+4,1d6+4,46,14,8,4,1d10+4,1d6+4,0.0,B
6983,41,16,7,4,1d8+4,1d6+4,33,17,5,4,1d12+4,1d8+4,10.0,A
6984,43,16,7,4,1d8+4,1d6+4,46,18,6,4,1d10+4,1d8+4,1.0,B
6985,32,15,7,4,1d10+4,1d6+4,35,14,7,4,1d8+4,1d8+4,1.0,A
6986,48,16,6,4,1d10+4,1d8+4,44,15,6,4,1d8+4,1d8+4,5.0,A
6987,44,15,7,4,1d10+4,1d6+4,35,14,6,4,1d12+4,1d8+4,8.0,A
6988,44,16,5,4,1d10+4,1d8+4,44,16,8,4,1d8+4,1d8+4,1.0,B
6989,44,16,8,4,1d12+4,1d8+4,47,15,6,4,1d10+4,1d8+4,5.0,B
6990,43,16,8,4,1d10+4,1d6+4,35,18,6,4,1d8+4,1d6+4,5.0,A
6991,42,15,8,4,1d8+4,1d6+4,50,15,5,4,1d10+4,1d8+4,4.0,A
6992,39,15,6,4,1d10+4,1d8+4,49,18,5,4,1d10+4,1d6+4,6.0,B
6993,32,17,7,4,1d10+4,1d6+4,40,18,6,4,1d12+4,1d6+4,0.0,B
6994,44,17,5,4,1d12+4,1d8+4,44,15,8,4,1d10+4,1d6+4,1.0,A
6995,31,15,8,4,1d10+4,1d8+4,36,14,6,4,1d8+4,1d6+4,10.0,A
6996,34,18,8,4,1d8+4,1d6+4,31,15,5,4,1d10+4,1d8+4,1.0,A
6997,50,14,8,4,1d10+4,1d8+4,43,17,7,4,1d8+4,1d6+4,9.0,B
6998,43,15,7,4,1d12+4,1d6+4,49,16,7,4,1d12+4,1d8+4,6.0,A
6999,37,16,6,4,1d10+4,1d6+4,31,18,7,4,1d10+4,1d8+4,1.0,B
7000,37,15,8,4,1d8+4,1d8+4,46,15,5,4,1d10+4,1d8+4,9.0,B
7001,34,18,6,4,1d12+4,1d6+4,38,15,5,4,1d10+4,1d8+4,5.0,A
7002,38,15,7,4,1d10+4,1d8+4,31,17,5,4,1d8+4,1d6+4,0.0,A
7003,30,16,5,4,1d8+4,1d6+4,34,17,5,4,1d10+4,1d6+4,6.0,A
7004,49,14,6,4,1d10+4,1d8+4,37,18,8,4,1d10+4,1d8+4,6.0,B
7005,40,15,6,4,1d8+4,1d8+4,34,17,8,4,1d10+4,1d8+4,10.0,B
7006,30,14,8,4,1d8+4,1d6+4,43,18,6,4,1d8+4,1d6+4,1.0,B
7007,49,18,6,4,1d8+4,1d8+4,47,14,8,4,1d10+4,1d6+4,8.0,A
7008,40,18,5,4,1d12+4,1d8+4,45,16,6,4,1d10+4,1d8+4,6.0,A
7009,48,18,5,4,1d10+4,1d8+4,32,16,6,4,1d10+4,1d6+4,10.0,A
7010,36,15,7,4,1d12+4,1d6+4,50,15,8,4,1d8+4,1d6+4,1.0,A
7011,33,16,6,4,1d8+4,1d8+4,41,18,6,4,1d8+4,1d6+4,4.0,B
7012,33,18,8,4,1d8+4,1d6+4,30,17,6,4,1d12+4,1d6+4,1.0,A
7013,45,15,7,4,1d12+4,1d8+4,31,14,7,4,1d8+4,1d8+4,8.0,A
7014,49,18,8,4,1d10+4,1d6+4,43,16,8,4,1d12+4,1d8+4,9.0,A
7015,40,17,7,4,1d8+4,1d6+4,42,18,5,4,1d12+4,1d6+4,5.0,A
7016,48,17,7,4,1d10+4,1d8+4,30,17,8,4,1d8+4,1d8+4,10.0,A
7017,41,14,5,4,1d10+4,1d6+4,49,17,8,4,1d12+4,1d8+4,7.0,A
7018,45,17,6,4,1d8+4,1d8+4,37,17,8,4,1d12+4,1d6+4,0.0,B
7019,43,15,6,4,1d10+4,1d6+4,38,14,8,4,1d12+4,1d6+4,8.0,B
7020,36,15,7,4,1d8+4,1d6+4,31,17,6,4,1d10+4,1d6+4,5.0,B
7021,43,17,8,4,1d8+4,1d6+4,37,15,5,4,1d12+4,1d8+4,4.0,B
7022,42,18,7,4,1d12+4,1d6+4,37,14,6,4,1d8+4,1d8+4,9.0,A
7023,44,18,5,4,1d8+4,1d6+4,45,17,8,4,1d10+4,1d6+4,8.0,B
7024,50,17,8,4,1d8+4,1d8+4,37,17,7,4,1d12+4,1d6+4,7.0,A
7025,33,18,5,4,1d8+4,1d6+4,41,14,5,4,1d10+4,1d6+4,6.0,A
7026,45,17,7,4,1d10+4,1d6+4,47,16,8,4,1d8+4,1d6+4,8.0,A
7027,36,18,6,4,1d8+4,1d8+4,42,17,7,4,1d12+4,1d6+4,5.0,B
7028,30,15,8,4,1d12+4,1d8+4,41,14,8,4,1d12+4,1d6+4,6.0,A
7029,49,16,5,4,1d12+4,1d8+4,46,18,7,4,1d8+4,1d6+4,10.0,B
7030,48,14,7,4,1d12+4,1d6+4,37,16,6,4,1d8+4,1d8+4,9.0,A
7031,45,14,6,4,1d12+4,1d6+4,33,14,6,4,1d12+4,1d6+4,1.0,A
7032,48,18,7,4,1d8+4,1d6+4,33,15,7,4,1d10+4,1d6+4,1.0,A
7033,40,17,7,4,1d8+4,1d8+4,30,18,5,4,1d10+4,1d8+4,4.0,A
7034,41,18,7,4,1d12+4,1d6+4,46,15,7,4,1d12+4,1d8+4,7.0,A
7035,50,15,5,4,1d10+4,1d6+4,36,16,5,4,1d8+4,1d6+4,7.0,A
7036,43,18,5,4,1d10+4,1d6+4,40,14,8,4,1d12+4,1d8+4,2.0,B
7037,47,18,5,4,1d8+4,1d8+4,37,15,8,4,1d8+4,1d6+4,10.0,B
7038,38,16,7,4,1d8+4,1d8+4,49,17,6,4,1d8+4,1d8+4,0.0,B
7039,48,17,7,4,1d10+4,1d8+4,49,15,7,4,1d8+4,1d6+4,5.0,A
7040,47,14,7,4,1d12+4,1d6+4,48,17,5,4,1d12+4,1d6+4,6.0,B
7041,47,14,5,4,1d8+4,1d6+4,31,16,6,4,1d8+4,1d8+4,10.0,A
7042,41,18,5,4,1d8+4,1d6+4,44,15,6,4,1d10+4,1d6+4,0.0,A
7043,37,17,7,4,1d8+4,1d8+4,36,15,6,4,1d12+4,1d6+4,5.0,B
7044,37,14,6,4,1d10+4,1d8+4,45,16,6,4,1d8+4,1d6+4,6.0,A
7045,30,16,6,4,1d8+4,1d8+4,50,15,7,4,1d8+4,1d8+4,7.0,A
7046,49,18,7,4,1d8+4,1d8+4,34,14,6,4,1d12+4,1d8+4,5.0,A
7047,43,18,5,4,1d12+4,1d6+4,46,16,7,4,1d12+4,1d8+4,0.0,B
7048,37,15,7,4,1d12+4,1d6+4,31,14,6,4,1d12+4,1d6+4,6.0,B
7049,36,14,7,4,1d10+4,1d8+4,42,18,5,4,1d12+4,1d6+4,0.0,A
7050,39,15,7,4,1d8+4,1d6+4,34,15,6,4,1d10+4,1d8+4,5.0,B
7051,47,17,6,4,1d12+4,1d6+4,47,14,7,4,1d8+4,1d8+4,9.0,B
7052,49,15,7,4,1d12+4,1d8+4,31,15,5,4,1d8+4,1d6+4,10.0,A
7053,36,15,8,4,1d8+4,1d8+4,50,18,6,4,1d8+4,1d8+4,8.0,B
7054,38,18,6,4,1d12+4,1d8+4,39,14,6,4,1d12+4,1d6+4,5.0,A
7055,37,14,7,4,1d8+4,1d6+4,33,16,5,4,1d10+4,1d6+4,0.0,A
7056,40,17,5,4,1d8+4,1d6+4,42,17,5,4,1d10+4,1d6+4,3.0,A
7057,34,15,7,4,1d12+4,1d8+4,41,18,6,4,1d10+4,1d8+4,0.0,A
7058,35,16,8,4,1d8+4,1d8+4,45,18,5,4,1d8+4,1d8+4,1.0,B
7059,42,18,5,4,1d12+4,1d8+4,45,17,8,4,1d8+4,1d6+4,3.0,B
7060,49,14,8,4,1d8+4,1d8+4,44,18,8,4,1d10+4,1d6+4,0.0,B
7061,44,15,5,4,1d10+4,1d8+4,39,18,7,4,1d10+4,1d8+4,6.0,B
7062,41,15,8,4,1d12+4,1d6+4,35,17,7,4,1d10+4,1d8+4,1.0,B
7063,40,14,7,4,1d8+4,1d6+4,47,18,7,4,1d12+4,1d6+4,1.0,B
7064,37,15,8,4,1d10+4,1d8+4,47,16,7,4,1d8+4,1d8+4,5.0,A
7065,41,15,7,4,1d8+4,1d6+4,31,17,8,4,1d12+4,1d6+4,6.0,A
7066,38,18,6,4,1d12+4,1d8+4,32,14,5,4,1d12+4,1d8+4,3.0,A
7067,36,16,6,4,1d10+4,1d6+4,50,18,6,4,1d10+4,1d8+4,1.0,B
7068,48,17,8,4,1d10+4,1d6+4,46,14,8,4,1d10+4,1d6+4,5.0,B
7069,30,18,7,4,1d10+4,1d6+4,50,14,8,4,1d8+4,1d8+4,1.0,B
7070,47,14,7,4,1d12+4,1d8+4,47,15,7,4,1d12+4,1d6+4,6.0,A
7071,50,17,6,4,1d8+4,1d6+4,32,15,7,4,1d10+4,1d8+4,7.0,A
7072,32,18,8,4,1d10+4,1d6+4,35,18,5,4,1d8+4,1d6+4,6.0,A
7073,45,15,5,4,1d12+4,1d6+4,45,16,5,4,1d12+4,1d8+4,7.0,A
7074,32,14,6,4,1d10+4,1d6+4,36,16,6,4,1d10+4,1d6+4,1.0,B
7075,30,14,8,4,1d12+4,1d6+4,50,14,7,4,1d12+4,1d6+4,7.0,B
7076,42,14,8,4,1d8+4,1d6+4,31,15,6,4,1d10+4,1d6+4,5.0,A
7077,49,15,6,4,1d12+4,1d6+4,50,18,8,4,1d8+4,1d8+4,2.0,B
7078,43,17,5,4,1d10+4,1d8+4,33,17,8,4,1d10+4,1d6+4,8.0,A
7079,48,16,8,4,1d8+4,1d8+4,34,16,6,4,1d8+4,1d6+4,0.0,B
7080,48,16,6,4,1d12+4,1d6+4,37,16,7,4,1d12+4,1d6+4,9.0,A
7081,50,15,5,4,1d12+4,1d8+4,46,16,5,4,1d10+4,1d8+4,2.0,A
7082,39,17,7,4,1d10+4,1d6+4,32,18,6,4,1d10+4,1d6+4,7.0,A
7083,43,18,6,4,1d10+4,1d8+4,50,14,7,4,1d10+4,1d8+4,1.0,A
7084,36,16,8,4,1d10+4,1d6+4,30,18,7,4,1d8+4,1d8+4,10.0,A
7085,34,14,7,4,1d8+4,1d6+4,41,17,5,4,1d10+4,1d8+4,8.0,B
7086,48,18,7,4,1d8+4,1d6+4,45,14,7,4,1d12+4,1d6+4,1.0,A
7087,44,14,5,4,1d8+4,1d6+4,33,15,8,4,1d12+4,1d8+4,2.0,A
7088,48,16,6,4,1d12+4,1d8+4,44,17,5,4,1d8+4,1d6+4,6.0,A
7089,38,17,8,4,1d8+4,1d8+4,33,14,5,4,1d12+4,1d6+4,9.0,A
7090,43,14,5,4,1d8+4,1d6+4,30,17,8,4,1d8+4,1d6+4,10.0,B
7091,40,15,7,4,1d10+4,1d6+4,37,14,6,4,1d10+4,1d6+4,6.0,A
7092,30,18,6,4,1d10+4,1d8+4,40,15,8,4,1d10+4,1d8+4,7.0,A
7093,33,14,7,4,1d8+4,1d8+4,30,15,8,4,1d8+4,1d8+4,5.0,A
7094,47,17,8,4,1d8+4,1d6+4,48,16,7,4,1d10+4,1d6+4,10.0,B
7095,37,18,8,4,1d8+4,1d6+4,30,17,7,4,1d12+4,1d6+4,8.0,A
7096,31,16,8,4,1d10+4,1d8+4,47,15,8,4,1d8+4,1d6+4,1.0,A
7097,31,18,5,4,1d12+4,1d6+4,34,14,6,4,1d8+4,1d8+4,5.0,B
7098,47,17,5,4,1d8+4,1d6+4,30,16,5,4,1d10+4,1d8+4,9.0,A
7099,38,14,7,4,1d8+4,1d8+4,31,15,5,4,1d10+4,1d6+4,9.0,A
7100,46,18,7,4,1d12+4,1d6+4,47,17,7,4,1d12+4,1d6+4,1.0,B
7101,32,15,5,4,1d8+4,1d6+4,47,16,5,4,1d8+4,1d6+4,7.0,A
7102,36,17,8,4,1d8+4,1d6+4,36,18,5,4,1d12+4,1d6+4,4.0,A
7103,31,14,7,4,1d10+4,1d6+4,33,17,8,4,1d10+4,1d6+4,3.0,B
7104,37,15,6,4,1d8+4,1d6+4,34,14,6,4,1d8+4,1d8+4,6.0,A
7105,49,16,6,4,1d12+4,1d6+4,37,15,6,4,1d10+4,1d6+4,2.0,A
7106,48,17,5,4,1d12+4,1d8+4,38,16,5,4,1d8+4,1d6+4,2.0,A
7107,40,16,7,4,1d8+4,1d6+4,45,16,8,4,1d10+4,1d6+4,4.0,B
7108,35,16,6,4,1d12+4,1d8+4,39,16,5,4,1d10+4,1d8+4,0.0,A
7109,49,15,8,4,1d10+4,1d6+4,44,16,6,4,1d8+4,1d6+4,2.0,A
7110,33,15,8,4,1d12+4,1d8+4,31,14,6,4,1d8+4,1d6+4,5.0,B
7111,32,14,6,4,1d10+4,1d8+4,34,16,6,4,1d10+4,1d6+4,3.0,B
7112,45,16,7,4,1d10+4,1d6+4,46,14,7,4,1d8+4,1d6+4,4.0,A
7113,32,17,5,4,1d12+4,1d8+4,46,14,8,4,1d12+4,1d6+4,4.0,B
7114,34,14,5,4,1d10+4,1d8+4,33,17,6,4,1d10+4,1d8+4,5.0,A
7115,33,15,5,4,1d8+4,1d8+4,30,18,6,4,1d12+4,1d8+4,6.0,A
7116,34,16,6,4,1d8+4,1d8+4,38,17,7,4,1d10+4,1d6+4,7.0,A
7117,50,18,6,4,1d12+4,1d8+4,34,16,6,4,1d12+4,1d8+4,2.0,A
7118,34,15,7,4,1d12+4,1d8+4,36,17,6,4,1d10+4,1d8+4,8.0,B
7119,37,18,8,4,1d10+4,1d8+4,32,15,7,4,1d12+4,1d6+4,7.0,A
7120,37,16,6,4,1d10+4,1d8+4,50,18,5,4,1d10+4,1d8+4,2.0,B
7121,40,14,8,4,1d8+4,1d6+4,40,15,5,4,1d8+4,1d8+4,5.0,B
7122,49,15,8,4,1d12+4,1d8+4,42,17,8,4,1d12+4,1d8+4,0.0,A
7123,39,15,6,4,1d10+4,1d8+4,32,17,7,4,1d8+4,1d6+4,6.0,A
7124,42,14,7,4,1d8+4,1d6+4,32,15,5,4,1d8+4,1d8+4,1.0,A
7125,34,14,8,4,1d8+4,1d6+4,42,16,8,4,1d8+4,1d6+4,2.0,B
7126,47,18,8,4,1d12+4,1d6+4,45,15,7,4,1d12+4,1d8+4,2.0,A
7127,43,16,7,4,1d8+4,1d6+4,37,17,5,4,1d10+4,1d8+4,6.0,A
7128,33,15,8,4,1d10+4,1d6+4,31,17,8,4,1d12+4,1d8+4,8.0,A
7129,40,16,7,4,1d12+4,1d6+4,35,17,8,4,1d12+4,1d6+4,10.0,A
7130,44,15,6,4,1d12+4,1d8+4,49,14,6,4,1d8+4,1d6+4,0.0,A
7131,47,18,7,4,1d12+4,1d6+4,32,15,8,4,1d12+4,1d6+4,8.0,A
7132,46,18,7,4,1d8+4,1d6+4,34,18,6,4,1d10+4,1d6+4,4.0,A
7133,49,18,7,4,1d10+4,1d6+4,33,16,8,4,1d8+4,1d6+4,1.0,A
7134,30,17,5,4,1d10+4,1d6+4,45,17,7,4,1d12+4,1d8+4,3.0,B
7135,49,14,7,4,1d10+4,1d8+4,42,16,8,4,1d8+4,1d8+4,7.0,B
7136,44,18,5,4,1d10+4,1d8+4,35,15,6,4,1d10+4,1d6+4,3.0,A
7137,37,17,6,4,1d10+4,1d8+4,45,18,8,4,1d8+4,1d6+4,1.0,B
7138,44,15,8,4,1d8+4,1d8+4,30,16,5,4,1d10+4,1d8+4,1.0,A
7139,32,14,6,4,1d10+4,1d6+4,47,17,5,4,1d10+4,1d8+4,2.0,B
7140,33,14,7,4,1d12+4,1d6+4,33,16,5,4,1d12+4,1d6+4,4.0,B
7141,49,16,7,4,1d8+4,1d8+4,37,15,7,4,1d10+4,1d6+4,9.0,B
7142,35,18,8,4,1d12+4,1d6+4,32,16,8,4,1d12+4,1d8+4,3.0,A
7143,40,18,6,4,1d8+4,1d8+4,39,18,6,4,1d8+4,1d8+4,0.0,A
7144,39,16,5,4,1d12+4,1d6+4,34,17,6,4,1d10+4,1d8+4,5.0,B
7145,39,14,8,4,1d8+4,1d6+4,30,17,8,4,1d12+4,1d8+4,3.0,B
7146,30,18,6,4,1d8+4,1d8+4,50,18,6,4,1d10+4,1d6+4,5.0,B
7147,40,15,5,4,1d10+4,1d8+4,30,15,5,4,1d8+4,1d8+4,0.0,A
7148,45,15,8,4,1d8+4,1d6+4,42,16,7,4,1d8+4,1d8+4,5.0,A
7149,49,17,7,4,1d10+4,1d8+4,46,17,8,4,1d8+4,1d8+4,2.0,A
7150,41,15,7,4,1d8+4,1d8+4,49,14,8,4,1d12+4,1d8+4,2.0,B
7151,40,16,8,4,1d12+4,1d8+4,33,16,6,4,1d12+4,1d8+4,8.0,B
7152,41,15,7,4,1d8+4,1d8+4,30,14,7,4,1d12+4,1d6+4,1.0,B
7153,46,15,7,4,1d10+4,1d6+4,41,18,6,4,1d12+4,1d6+4,10.0,A
7154,40,15,7,4,1d12+4,1d8+4,40,15,8,4,1d8+4,1d8+4,0.0,A
7155,33,14,8,4,1d8+4,1d6+4,43,14,8,4,1d10+4,1d8+4,4.0,B
7156,50,17,8,4,1d10+4,1d6+4,39,16,5,4,1d12+4,1d8+4,8.0,A
7157,33,17,5,4,1d10+4,1d6+4,33,16,5,4,1d10+4,1d6+4,3.0,A
7158,44,14,6,4,1d12+4,1d6+4,34,14,7,4,1d10+4,1d6+4,8.0,A
7159,47,17,8,4,1d10+4,1d8+4,30,15,7,4,1d8+4,1d6+4,2.0,A
7160,44,17,8,4,1d10+4,1d6+4,36,16,8,4,1d12+4,1d8+4,10.0,B
7161,49,16,8,4,1d12+4,1d8+4,47,16,8,4,1d12+4,1d8+4,3.0,B
7162,34,16,6,4,1d8+4,1d8+4,50,16,7,4,1d12+4,1d6+4,2.0,B
7163,46,16,7,4,1d12+4,1d8+4,30,17,5,4,1d8+4,1d8+4,0.0,A
7164,43,16,7,4,1d12+4,1d8+4,48,15,7,4,1d10+4,1d6+4,9.0,B
7165,33,15,7,4,1d8+4,1d6+4,43,15,8,4,1d8+4,1d8+4,8.0,B
7166,38,17,8,4,1d12+4,1d8+4,42,15,7,4,1d8+4,1d8+4,8.0,A
7167,43,17,8,4,1d10+4,1d6+4,36,15,6,4,1d12+4,1d8+4,9.0,A
7168,32,14,6,4,1d10+4,1d8+4,32,16,6,4,1d12+4,1d8+4,1.0,B
7169,38,17,5,4,1d10+4,1d8+4,38,16,5,4,1d8+4,1d6+4,7.0,B
7170,42,17,6,4,1d10+4,1d8+4,48,15,6,4,1d12+4,1d8+4,7.0,B
7171,35,16,7,4,1d10+4,1d8+4,46,15,6,4,1d12+4,1d6+4,6.0,B
7172,46,14,8,4,1d8+4,1d6+4,37,18,5,4,1d12+4,1d6+4,0.0,B
7173,38,18,6,4,1d12+4,1d8+4,45,18,5,4,1d8+4,1d6+4,8.0,A
7174,41,15,8,4,1d10+4,1d6+4,37,16,7,4,1d8+4,1d8+4,8.0,B
7175,49,14,6,4,1d12+4,1d6+4,33,17,5,4,1d12+4,1d8+4,2.0,A
7176,40,17,6,4,1d10+4,1d6+4,49,15,6,4,1d8+4,1d8+4,7.0,B
7177,50,18,8,4,1d12+4,1d6+4,47,14,8,4,1d8+4,1d8+4,4.0,A
7178,30,14,6,4,1d10+4,1d6+4,41,14,7,4,1d12+4,1d8+4,1.0,B
7179,34,18,6,4,1d10+4,1d6+4,40,16,7,4,1d10+4,1d6+4,3.0,B
7180,39,14,8,4,1d10+4,1d8+4,32,18,8,4,1d12+4,1d8+4,8.0,B
7181,32,18,6,4,1d12+4,1d6+4,48,15,5,4,1d10+4,1d8+4,6.0,A
7182,46,16,8,4,1d10+4,1d8+4,42,15,6,4,1d10+4,1d8+4,8.0,A
7183,39,14,5,4,1d10+4,1d8+4,43,18,5,4,1d12+4,1d6+4,9.0,B
7184,50,18,6,4,1d10+4,1d8+4,39,17,5,4,1d12+4,1d6+4,7.0,A
7185,43,18,6,4,1d8+4,1d6+4,47,17,8,4,1d12+4,1d8+4,7.0,B
7186,32,15,5,4,1d10+4,1d6+4,31,14,5,4,1d12+4,1d8+4,5.0,A
7187,32,15,5,4,1d12+4,1d6+4,50,16,8,4,1d10+4,1d6+4,8.0,A
7188,37,15,6,4,1d12+4,1d8+4,40,16,6,4,1d8+4,1d6+4,1.0,A
7189,31,16,6,4,1d12+4,1d6+4,41,15,6,4,1d10+4,1d6+4,6.0,B
7190,49,15,6,4,1d8+4,1d6+4,34,14,7,4,1d10+4,1d8+4,4.0,A
7191,47,16,6,4,1d10+4,1d6+4,42,16,7,4,1d12+4,1d8+4,0.0,A
7192,46,15,6,4,1d10+4,1d6+4,50,14,6,4,1d12+4,1d8+4,6.0,B
7193,50,17,7,4,1d12+4,1d8+4,34,17,7,4,1d8+4,1d6+4,10.0,A
7194,44,16,5,4,1d12+4,1d6+4,39,14,7,4,1d12+4,1d8+4,6.0,A
7195,50,14,6,4,1d12+4,1d8+4,46,15,5,4,1d10+4,1d6+4,1.0,A
7196,33,17,7,4,1d8+4,1d8+4,39,14,8,4,1d8+4,1d8+4,7.0,A
7197,34,18,5,4,1d12+4,1d8+4,46,14,6,4,1d10+4,1d6+4,4.0,B
7198,37,16,7,4,1d10+4,1d6+4,47,15,5,4,1d8+4,1d8+4,0.0,A
7199,35,17,6,4,1d12+4,1d8+4,33,15,7,4,1d8+4,1d6+4,0.0,A
7200,35,17,7,4,1d8+4,1d6+4,36,17,6,4,1d10+4,1d6+4,1.0,B
7201,34,18,7,4,1d12+4,1d6+4,47,17,5,4,1d10+4,1d8+4,3.0,A
7202,34,18,7,4,1d10+4,1d8+4,33,15,8,4,1d12+4,1d6+4,10.0,B
7203,49,17,5,4,1d12+4,1d8+4,48,17,6,4,1d10+4,1d8+4,8.0,A
7204,34,15,7,4,1d12+4,1d8+4,43,18,5,4,1d12+4,1d8+4,2.0,A
7205,47,17,6,4,1d10+4,1d6+4,46,14,7,4,1d12+4,1d8+4,3.0,A
7206,43,18,5,4,1d10+4,1d8+4,50,14,6,4,1d12+4,1d8+4,8.0,A
7207,42,15,8,4,1d12+4,1d6+4,49,17,6,4,1d10+4,1d6+4,0.0,B
7208,47,14,6,4,1d10+4,1d6+4,42,15,7,4,1d12+4,1d6+4,1.0,B
7209,44,14,8,4,1d12+4,1d6+4,40,15,8,4,1d12+4,1d8+4,5.0,A
7210,45,18,5,4,1d8+4,1d6+4,30,16,8,4,1d12+4,1d6+4,0.0,A
7211,39,18,6,4,1d12+4,1d8+4,45,18,6,4,1d10+4,1d8+4,1.0,A
7212,32,14,8,4,1d8+4,1d8+4,31,18,7,4,1d8+4,1d6+4,1.0,B
7213,36,16,6,4,1d10+4,1d6+4,38,17,7,4,1d8+4,1d8+4,8.0,B
7214,41,17,7,4,1d10+4,1d8+4,34,18,7,4,1d10+4,1d8+4,4.0,B
7215,34,16,6,4,1d8+4,1d8+4,35,17,7,4,1d10+4,1d8+4,4.0,B
7216,48,16,7,4,1d12+4,1d8+4,39,18,7,4,1d8+4,1d8+4,9.0,A
7217,45,15,7,4,1d12+4,1d6+4,30,16,8,4,1d12+4,1d6+4,1.0,A
7218,41,18,6,4,1d8+4,1d8+4,31,16,6,4,1d12+4,1d6+4,1.0,A
7219,44,17,8,4,1d12+4,1d6+4,48,17,7,4,1d10+4,1d8+4,9.0,A
7220,42,15,6,4,1d12+4,1d8+4,32,15,8,4,1d8+4,1d6+4,9.0,A
7221,46,18,6,4,1d8+4,1d6+4,45,14,8,4,1d8+4,1d6+4,4.0,B
7222,31,16,6,4,1d10+4,1d8+4,38,17,8,4,1d8+4,1d8+4,0.0,B
7223,42,14,8,4,1d8+4,1d8+4,49,15,8,4,1d10+4,1d6+4,7.0,B
7224,50,17,8,4,1d8+4,1d6+4,37,18,7,4,1d10+4,1d8+4,5.0,B
7225,44,16,5,4,1d8+4,1d6+4,34,18,7,4,1d8+4,1d8+4,4.0,A
7226,41,16,8,4,1d10+4,1d6+4,38,17,7,4,1d10+4,1d8+4,3.0,A
7227,45,18,7,4,1d8+4,1d6+4,46,17,5,4,1d10+4,1d8+4,8.0,A
7228,39,17,6,4,1d12+4,1d6+4,49,17,7,4,1d12+4,1d8+4,7.0,A
7229,39,15,6,4,1d8+4,1d8+4,37,17,5,4,1d8+4,1d6+4,9.0,A
7230,37,16,6,4,1d8+4,1d6+4,38,18,6,4,1d10+4,1d8+4,10.0,A
7231,39,17,5,4,1d10+4,1d8+4,36,17,7,4,1d8+4,1d6+4,6.0,B
7232,36,15,7,4,1d10+4,1d8+4,49,16,5,4,1d10+4,1d8+4,5.0,B
7233,34,14,5,4,1d8+4,1d6+4,50,17,5,4,1d12+4,1d8+4,4.0,B
7234,50,18,5,4,1d12+4,1d6+4,35,14,5,4,1d12+4,1d8+4,5.0,A
7235,43,17,8,4,1d10+4,1d6+4,49,17,6,4,1d8+4,1d6+4,4.0,A
7236,39,18,7,4,1d10+4,1d8+4,34,15,6,4,1d12+4,1d8+4,1.0,B
7237,39,17,6,4,1d12+4,1d8+4,41,16,5,4,1d10+4,1d8+4,8.0,B
7238,48,17,6,4,1d8+4,1d6+4,38,16,8,4,1d8+4,1d8+4,4.0,A
7239,47,14,6,4,1d8+4,1d8+4,44,17,5,4,1d8+4,1d8+4,3.0,A
7240,48,14,5,4,1d8+4,1d8+4,46,17,7,4,1d8+4,1d8+4,8.0,A
7241,30,15,5,4,1d8+4,1d6+4,37,16,6,4,1d10+4,1d6+4,9.0,B
7242,42,18,6,4,1d12+4,1d6+4,50,18,7,4,1d12+4,1d8+4,6.0,B
7243,49,14,6,4,1d12+4,1d6+4,35,16,5,4,1d12+4,1d6+4,6.0,A
7244,35,18,6,4,1d12+4,1d6+4,47,15,8,4,1d10+4,1d6+4,0.0,B
7245,38,18,8,4,1d12+4,1d6+4,43,16,6,4,1d12+4,1d6+4,7.0,B
7246,39,18,5,4,1d12+4,1d8+4,31,18,5,4,1d10+4,1d6+4,10.0,A
7247,35,15,5,4,1d8+4,1d8+4,36,18,6,4,1d10+4,1d8+4,3.0,A
7248,38,16,6,4,1d10+4,1d8+4,35,16,7,4,1d8+4,1d8+4,3.0,A
7249,38,14,5,4,1d12+4,1d6+4,34,18,6,4,1d10+4,1d6+4,9.0,A
7250,49,15,6,4,1d12+4,1d8+4,33,15,8,4,1d8+4,1d6+4,5.0,B
7251,45,17,8,4,1d8+4,1d8+4,39,18,5,4,1d12+4,1d8+4,0.0,B
7252,41,17,8,4,1d12+4,1d6+4,50,16,6,4,1d8+4,1d8+4,9.0,A
7253,32,15,8,4,1d10+4,1d6+4,40,18,8,4,1d12+4,1d8+4,6.0,B
7254,46,15,5,4,1d8+4,1d8+4,45,18,7,4,1d8+4,1d8+4,9.0,B
7255,44,15,8,4,1d10+4,1d8+4,39,15,5,4,1d12+4,1d8+4,8.0,A
7256,35,15,6,4,1d10+4,1d6+4,35,15,7,4,1d12+4,1d8+4,0.0,B
7257,38,16,6,4,1d8+4,1d8+4,45,15,8,4,1d8+4,1d6+4,3.0,A
7258,35,14,5,4,1d8+4,1d8+4,30,16,7,4,1d8+4,1d8+4,1.0,B
7259,41,18,7,4,1d12+4,1d8+4,41,14,7,4,1d12+4,1d6+4,6.0,A
7260,40,17,8,4,1d12+4,1d8+4,47,17,8,4,1d12+4,1d6+4,1.0,A
7261,50,17,5,4,1d10+4,1d8+4,50,15,5,4,1d12+4,1d8+4,6.0,A
7262,30,14,7,4,1d12+4,1d8+4,40,18,8,4,1d12+4,1d8+4,2.0,B
7263,46,15,6,4,1d12+4,1d8+4,36,14,7,4,1d12+4,1d6+4,6.0,A
7264,44,15,5,4,1d10+4,1d8+4,31,17,7,4,1d10+4,1d8+4,10.0,B
7265,40,18,6,4,1d8+4,1d8+4,30,14,8,4,1d10+4,1d8+4,8.0,A
7266,41,16,7,4,1d10+4,1d8+4,42,17,7,4,1d12+4,1d6+4,4.0,A
7267,39,16,7,4,1d10+4,1d6+4,44,15,7,4,1d12+4,1d8+4,9.0,A
7268,30,17,6,4,1d10+4,1d8+4,49,17,5,4,1d12+4,1d6+4,8.0,B
7269,40,16,7,4,1d10+4,1d6+4,34,18,5,4,1d8+4,1d8+4,6.0,B
7270,37,15,8,4,1d10+4,1d6+4,30,15,6,4,1d10+4,1d8+4,8.0,A
7271,50,17,6,4,1d8+4,1d8+4,31,17,5,4,1d12+4,1d8+4,8.0,A
7272,43,14,6,4,1d12+4,1d6+4,50,18,6,4,1d10+4,1d6+4,5.0,B
7273,44,17,6,4,1d8+4,1d6+4,40,18,8,4,1d8+4,1d8+4,5.0,B
7274,45,15,5,4,1d10+4,1d6+4,47,16,7,4,1d8+4,1d6+4,5.0,B
7275,43,16,8,4,1d10+4,1d6+4,35,17,5,4,1d12+4,1d6+4,7.0,A
7276,31,16,5,4,1d10+4,1d8+4,32,14,8,4,1d12+4,1d8+4,4.0,B
7277,48,16,5,4,1d12+4,1d8+4,46,18,5,4,1d10+4,1d6+4,1.0,B
7278,45,17,6,4,1d12+4,1d6+4,39,18,8,4,1d12+4,1d6+4,9.0,B
7279,40,15,6,4,1d8+4,1d6+4,37,18,5,4,1d10+4,1d6+4,8.0,B
7280,34,15,5,4,1d12+4,1d6+4,31,17,6,4,1d10+4,1d8+4,3.0,B
7281,30,15,5,4,1d10+4,1d6+4,38,16,5,4,1d8+4,1d8+4,4.0,B
7282,35,16,6,4,1d12+4,1d6+4,30,17,5,4,1d12+4,1d8+4,5.0,B
7283,45,17,8,4,1d8+4,1d8+4,43,15,6,4,1d8+4,1d8+4,4.0,B
7284,47,18,6,4,1d8+4,1d8+4,36,17,5,4,1d10+4,1d8+4,7.0,B
7285,41,18,8,4,1d10+4,1d6+4,33,15,8,4,1d10+4,1d8+4,9.0,A
7286,32,17,7,4,1d8+4,1d8+4,42,14,8,4,1d10+4,1d6+4,1.0,B
7287,31,16,5,4,1d12+4,1d6+4,37,18,8,4,1d12+4,1d6+4,5.0,B
7288,46,17,8,4,1d8+4,1d8+4,49,16,8,4,1d8+4,1d6+4,1.0,A
7289,36,17,7,4,1d8+4,1d8+4,34,18,5,4,1d10+4,1d6+4,10.0,A
7290,43,18,5,4,1d12+4,1d6+4,35,17,6,4,1d10+4,1d6+4,9.0,A
7291,35,16,6,4,1d10+4,1d8+4,49,14,5,4,1d10+4,1d8+4,2.0,B
7292,48,15,8,4,1d8+4,1d8+4,34,17,7,4,1d10+4,1d6+4,8.0,A
7293,33,16,8,4,1d8+4,1d6+4,34,16,6,4,1d10+4,1d8+4,4.0,B
7294,32,16,8,4,1d10+4,1d6+4,45,18,6,4,1d12+4,1d8+4,1.0,B
7295,34,17,6,4,1d10+4,1d8+4,43,17,7,4,1d8+4,1d6+4,1.0,B
7296,34,14,5,4,1d10+4,1d8+4,49,15,5,4,1d12+4,1d6+4,0.0,B
7297,34,16,5,4,1d12+4,1d6+4,42,18,8,4,1d12+4,1d8+4,5.0,B
7298,43,15,5,4,1d8+4,1d6+4,37,15,7,4,1d10+4,1d6+4,7.0,B
7299,46,16,8,4,1d12+4,1d6+4,36,16,8,4,1d8+4,1d6+4,9.0,B
7300,37,18,5,4,1d8+4,1d6+4,44,17,6,4,1d8+4,1d8+4,5.0,A
7301,41,15,7,4,1d10+4,1d6+4,44,18,8,4,1d10+4,1d8+4,2.0,B
7302,46,18,7,4,1d10+4,1d6+4,35,14,6,4,1d8+4,1d8+4,3.0,A
7303,34,18,7,4,1d12+4,1d8+4,47,16,7,4,1d12+4,1d8+4,5.0,B
7304,50,18,6,4,1d10+4,1d6+4,30,14,6,4,1d10+4,1d8+4,0.0,A
7305,49,14,7,4,1d10+4,1d6+4,44,15,8,4,1d8+4,1d6+4,0.0,A
7306,37,14,7,4,1d10+4,1d8+4,47,15,6,4,1d12+4,1d6+4,8.0,B
7307,45,18,5,4,1d12+4,1d8+4,34,16,7,4,1d10+4,1d8+4,8.0,A
7308,30,17,6,4,1d10+4,1d6+4,47,15,8,4,1d10+4,1d8+4,9.0,B
7309,34,17,5,4,1d10+4,1d6+4,34,18,7,4,1d8+4,1d6+4,10.0,B
7310,43,17,7,4,1d12+4,1d6+4,31,15,5,4,1d12+4,1d8+4,7.0,A
7311,49,16,8,4,1d10+4,1d8+4,49,17,5,4,1d12+4,1d8+4,3.0,A
7312,42,17,7,4,1d12+4,1d6+4,33,14,8,4,1d10+4,1d6+4,1.0,A
7313,45,18,5,4,1d8+4,1d8+4,33,17,6,4,1d8+4,1d6+4,9.0,A
7314,41,18,8,4,1d10+4,1d6+4,32,18,5,4,1d10+4,1d8+4,0.0,A
7315,37,18,7,4,1d10+4,1d8+4,38,15,5,4,1d8+4,1d8+4,2.0,B
7316,44,15,7,4,1d8+4,1d8+4,42,17,5,4,1d8+4,1d8+4,1.0,A
7317,32,14,7,4,1d12+4,1d6+4,40,17,5,4,1d8+4,1d6+4,8.0,A
7318,30,17,8,4,1d8+4,1d6+4,32,17,8,4,1d12+4,1d6+4,0.0,B
7319,48,16,5,4,1d8+4,1d8+4,34,18,6,4,1d10+4,1d6+4,7.0,B
7320,39,14,6,4,1d10+4,1d6+4,47,14,7,4,1d12+4,1d8+4,6.0,B
7321,38,16,6,4,1d12+4,1d6+4,50,16,5,4,1d8+4,1d8+4,5.0,A
7322,36,18,5,4,1d8+4,1d8+4,42,14,6,4,1d8+4,1d8+4,6.0,A
7323,31,17,6,4,1d12+4,1d8+4,36,14,8,4,1d10+4,1d8+4,1.0,B
7324,32,18,5,4,1d12+4,1d8+4,35,18,5,4,1d10+4,1d8+4,9.0,B
7325,32,15,8,4,1d8+4,1d6+4,40,16,7,4,1d8+4,1d6+4,9.0,A
7326,43,16,7,4,1d10+4,1d6+4,31,16,8,4,1d10+4,1d8+4,3.0,B
7327,37,17,8,4,1d12+4,1d6+4,47,15,8,4,1d10+4,1d8+4,5.0,A
7328,50,16,7,4,1d8+4,1d8+4,35,16,7,4,1d12+4,1d6+4,0.0,B
7329,35,18,8,4,1d12+4,1d8+4,42,15,8,4,1d8+4,1d8+4,1.0,A
7330,30,16,7,4,1d12+4,1d6+4,35,18,8,4,1d8+4,1d8+4,5.0,B
7331,38,15,5,4,1d12+4,1d8+4,42,16,5,4,1d10+4,1d6+4,9.0,A
7332,33,18,8,4,1d8+4,1d6+4,42,18,7,4,1d12+4,1d8+4,4.0,A
7333,47,18,6,4,1d8+4,1d6+4,49,15,6,4,1d10+4,1d6+4,8.0,A
7334,39,18,7,4,1d12+4,1d6+4,42,16,5,4,1d8+4,1d8+4,8.0,A
7335,45,18,8,4,1d10+4,1d8+4,50,18,6,4,1d10+4,1d8+4,10.0,B
7336,39,15,8,4,1d12+4,1d8+4,34,15,6,4,1d12+4,1d8+4,7.0,B
7337,39,17,6,4,1d10+4,1d6+4,36,14,8,4,1d12+4,1d6+4,9.0,A
7338,38,16,5,4,1d8+4,1d8+4,32,18,6,4,1d10+4,1d8+4,10.0,B
7339,37,18,8,4,1d8+4,1d6+4,45,17,8,4,1d12+4,1d6+4,9.0,B
7340,48,14,8,4,1d8+4,1d6+4,33,17,6,4,1d12+4,1d6+4,4.0,A
7341,46,16,6,4,1d10+4,1d6+4,38,16,6,4,1d12+4,1d6+4,5.0,B
7342,39,15,6,4,1d10+4,1d8+4,33,16,5,4,1d10+4,1d8+4,3.0,A
7343,47,16,6,4,1d10+4,1d8+4,34,14,8,4,1d12+4,1d8+4,8.0,A
7344,45,18,6,4,1d10+4,1d8+4,32,14,7,4,1d10+4,1d8+4,2.0,A
7345,49,17,7,4,1d12+4,1d8+4,39,17,5,4,1d12+4,1d8+4,2.0,B
7346,41,14,6,4,1d8+4,1d6+4,36,15,5,4,1d8+4,1d8+4,10.0,A
7347,45,18,8,4,1d12+4,1d6+4,49,18,7,4,1d10+4,1d6+4,8.0,A
7348,35,17,6,4,1d8+4,1d8+4,43,14,8,4,1d12+4,1d8+4,10.0,B
7349,49,15,6,4,1d12+4,1d6+4,48,14,6,4,1d10+4,1d6+4,5.0,A
7350,47,14,8,4,1d8+4,1d6+4,30,14,7,4,1d8+4,1d6+4,9.0,B
7351,36,17,6,4,1d8+4,1d8+4,45,14,7,4,1d8+4,1d6+4,0.0,B
7352,37,17,7,4,1d10+4,1d8+4,31,18,6,4,1d10+4,1d6+4,6.0,A
7353,42,15,7,4,1d10+4,1d8+4,32,17,7,4,1d12+4,1d6+4,1.0,A
7354,38,16,5,4,1d10+4,1d6+4,38,15,6,4,1d8+4,1d6+4,5.0,A
7355,32,16,6,4,1d8+4,1d6+4,47,15,7,4,1d10+4,1d6+4,7.0,B
7356,40,14,7,4,1d10+4,1d6+4,49,18,8,4,1d10+4,1d6+4,8.0,A
7357,32,16,6,4,1d8+4,1d6+4,48,17,7,4,1d10+4,1d6+4,9.0,A
7358,46,16,8,4,1d12+4,1d8+4,46,14,8,4,1d8+4,1d6+4,3.0,A
7359,40,16,5,4,1d8+4,1d8+4,38,16,7,4,1d12+4,1d6+4,8.0,B
7360,38,18,8,4,1d8+4,1d8+4,30,17,7,4,1d10+4,1d8+4,8.0,A
7361,34,14,7,4,1d10+4,1d6+4,37,15,8,4,1d8+4,1d6+4,5.0,A
7362,43,16,8,4,1d8+4,1d6+4,32,17,7,4,1d12+4,1d6+4,7.0,A
7363,45,16,8,4,1d12+4,1d6+4,43,15,6,4,1d12+4,1d6+4,8.0,B
7364,39,18,7,4,1d12+4,1d6+4,34,14,7,4,1d10+4,1d8+4,1.0,A
7365,31,16,7,4,1d8+4,1d8+4,31,14,6,4,1d8+4,1d6+4,6.0,B
7366,42,14,6,4,1d10+4,1d8+4,33,14,5,4,1d8+4,1d6+4,5.0,A
7367,30,16,6,4,1d10+4,1d6+4,50,17,8,4,1d10+4,1d8+4,10.0,B
7368,50,18,6,4,1d10+4,1d8+4,31,14,6,4,1d10+4,1d6+4,8.0,A
7369,47,17,7,4,1d12+4,1d6+4,42,15,8,4,1d8+4,1d6+4,2.0,A
7370,42,16,7,4,1d10+4,1d6+4,50,16,8,4,1d8+4,1d6+4,0.0,A
7371,40,14,6,4,1d8+4,1d8+4,50,15,6,4,1d12+4,1d8+4,3.0,B
7372,33,17,8,4,1d8+4,1d6+4,32,17,8,4,1d12+4,1d6+4,6.0,A
7373,36,18,5,4,1d8+4,1d8+4,49,17,8,4,1d12+4,1d6+4,9.0,B
7374,32,17,6,4,1d10+4,1d6+4,41,15,8,4,1d8+4,1d6+4,5.0,A
7375,31,15,5,4,1d10+4,1d6+4,38,17,6,4,1d12+4,1d8+4,10.0,B
7376,36,14,6,4,1d10+4,1d8+4,37,18,7,4,1d10+4,1d8+4,8.0,B
7377,39,15,8,4,1d8+4,1d8+4,39,16,7,4,1d12+4,1d8+4,1.0,A
7378,36,17,5,4,1d10+4,1d6+4,50,16,5,4,1d10+4,1d6+4,8.0,B
7379,44,18,8,4,1d12+4,1d8+4,37,17,7,4,1d10+4,1d8+4,7.0,A
7380,32,16,5,4,1d8+4,1d8+4,31,14,8,4,1d10+4,1d8+4,1.0,A
7381,43,15,7,4,1d8+4,1d6+4,30,16,6,4,1d10+4,1d6+4,4.0,B
7382,41,18,7,4,1d12+4,1d8+4,36,15,5,4,1d8+4,1d8+4,5.0,B
7383,46,16,5,4,1d8+4,1d8+4,47,16,6,4,1d12+4,1d6+4,9.0,A
7384,50,16,5,4,1d12+4,1d6+4,31,18,7,4,1d10+4,1d6+4,4.0,A
7385,43,14,7,4,1d10+4,1d8+4,49,16,5,4,1d10+4,1d6+4,9.0,A
7386,47,16,6,4,1d10+4,1d8+4,50,18,6,4,1d8+4,1d8+4,6.0,B
7387,30,18,7,4,1d8+4,1d8+4,42,17,8,4,1d10+4,1d8+4,6.0,B
7388,33,17,6,4,1d12+4,1d8+4,45,17,6,4,1d10+4,1d8+4,1.0,A
7389,32,15,6,4,1d8+4,1d8+4,34,17,6,4,1d8+4,1d8+4,7.0,B
7390,30,16,5,4,1d10+4,1d8+4,48,16,6,4,1d10+4,1d8+4,7.0,B
7391,41,18,7,4,1d10+4,1d8+4,47,18,5,4,1d12+4,1d6+4,0.0,A
7392,50,16,6,4,1d8+4,1d6+4,30,18,8,4,1d10+4,1d8+4,1.0,A
7393,39,18,6,4,1d12+4,1d6+4,31,18,7,4,1d8+4,1d8+4,10.0,A
7394,36,15,7,4,1d8+4,1d8+4,50,17,7,4,1d10+4,1d8+4,1.0,B
7395,36,17,8,4,1d8+4,1d8+4,45,15,7,4,1d12+4,1d8+4,3.0,B
7396,35,17,8,4,1d12+4,1d8+4,43,17,7,4,1d12+4,1d8+4,9.0,A
7397,47,15,6,4,1d10+4,1d8+4,38,17,6,4,1d8+4,1d8+4,5.0,A
7398,40,16,6,4,1d10+4,1d8+4,40,17,5,4,1d12+4,1d6+4,4.0,B
7399,50,17,7,4,1d10+4,1d6+4,36,16,8,4,1d10+4,1d6+4,8.0,A
7400,37,16,5,4,1d10+4,1d6+4,49,18,5,4,1d8+4,1d8+4,8.0,B
7401,31,15,6,4,1d10+4,1d8+4,36,17,7,4,1d12+4,1d6+4,10.0,B
7402,35,17,7,4,1d8+4,1d8+4,44,16,8,4,1d12+4,1d8+4,10.0,B
7403,34,17,7,4,1d8+4,1d6+4,44,15,8,4,1d8+4,1d8+4,8.0,A
7404,48,16,7,4,1d8+4,1d6+4,50,18,5,4,1d8+4,1d8+4,9.0,A
7405,44,14,8,4,1d10+4,1d8+4,30,15,6,4,1d8+4,1d8+4,10.0,A
7406,38,18,6,4,1d10+4,1d6+4,32,14,7,4,1d12+4,1d6+4,3.0,A
7407,33,14,5,4,1d8+4,1d6+4,31,17,8,4,1d8+4,1d8+4,6.0,A
7408,45,17,7,4,1d8+4,1d8+4,45,14,6,4,1d12+4,1d6+4,9.0,B
7409,50,15,7,4,1d12+4,1d6+4,45,17,8,4,1d10+4,1d6+4,9.0,A
7410,30,18,8,4,1d12+4,1d6+4,44,17,8,4,1d8+4,1d6+4,1.0,A
7411,41,14,6,4,1d10+4,1d6+4,30,15,6,4,1d12+4,1d6+4,8.0,A
7412,47,14,7,4,1d8+4,1d6+4,39,18,5,4,1d12+4,1d8+4,9.0,A
7413,30,18,8,4,1d12+4,1d8+4,30,16,7,4,1d10+4,1d8+4,9.0,A
7414,49,16,8,4,1d10+4,1d6+4,47,17,5,4,1d12+4,1d8+4,6.0,A
7415,32,16,6,4,1d10+4,1d8+4,49,14,8,4,1d12+4,1d6+4,5.0,A
7416,33,17,7,4,1d8+4,1d8+4,45,16,6,4,1d8+4,1d8+4,8.0,B
7417,45,15,6,4,1d10+4,1d6+4,47,18,8,4,1d12+4,1d8+4,6.0,A
7418,38,14,8,4,1d10+4,1d6+4,30,16,8,4,1d10+4,1d8+4,1.0,A
7419,49,15,6,4,1d12+4,1d8+4,33,18,6,4,1d8+4,1d6+4,2.0,A
7420,33,18,7,4,1d10+4,1d6+4,33,14,5,4,1d12+4,1d6+4,4.0,B
7421,35,16,5,4,1d10+4,1d8+4,43,17,6,4,1d10+4,1d8+4,9.0,A
7422,38,14,5,4,1d8+4,1d6+4,46,15,8,4,1d12+4,1d6+4,9.0,B
7423,39,17,6,4,1d10+4,1d6+4,36,17,6,4,1d10+4,1d8+4,8.0,A
7424,30,18,8,4,1d12+4,1d8+4,47,18,5,4,1d12+4,1d6+4,9.0,A
7425,33,14,6,4,1d10+4,1d8+4,37,17,5,4,1d8+4,1d6+4,2.0,B
7426,30,16,8,4,1d10+4,1d6+4,36,15,8,4,1d8+4,1d8+4,6.0,B
7427,37,18,7,4,1d10+4,1d8+4,30,18,6,4,1d8+4,1d6+4,6.0,A
7428,33,14,7,4,1d12+4,1d6+4,42,16,7,4,1d8+4,1d8+4,5.0,B
7429,39,17,8,4,1d10+4,1d8+4,39,18,7,4,1d10+4,1d6+4,3.0,A
7430,44,18,6,4,1d8+4,1d8+4,33,15,6,4,1d8+4,1d8+4,1.0,A
7431,42,16,8,4,1d8+4,1d6+4,37,15,6,4,1d10+4,1d6+4,4.0,A
7432,50,15,7,4,1d8+4,1d6+4,43,18,7,4,1d12+4,1d8+4,7.0,A
7433,44,14,8,4,1d10+4,1d6+4,36,14,5,4,1d12+4,1d8+4,0.0,B
7434,44,16,8,4,1d10+4,1d8+4,45,15,6,4,1d12+4,1d6+4,7.0,B
7435,44,18,7,4,1d12+4,1d8+4,40,17,8,4,1d10+4,1d8+4,9.0,B
7436,48,15,8,4,1d10+4,1d6+4,46,14,8,4,1d8+4,1d6+4,0.0,B
7437,43,15,8,4,1d8+4,1d6+4,48,17,7,4,1d8+4,1d6+4,7.0,B
7438,34,14,8,4,1d8+4,1d8+4,31,17,7,4,1d10+4,1d6+4,3.0,B
7439,34,16,6,4,1d8+4,1d8+4,44,16,5,4,1d12+4,1d8+4,9.0,B
7440,45,16,8,4,1d8+4,1d8+4,37,16,5,4,1d12+4,1d6+4,9.0,A
7441,39,16,8,4,1d10+4,1d8+4,35,15,7,4,1d8+4,1d8+4,2.0,B
7442,32,17,8,4,1d12+4,1d8+4,47,15,5,4,1d10+4,1d8+4,7.0,B
7443,50,16,6,4,1d12+4,1d6+4,35,14,5,4,1d12+4,1d8+4,3.0,A
7444,33,16,5,4,1d10+4,1d8+4,32,15,7,4,1d10+4,1d8+4,10.0,A
7445,50,17,7,4,1d8+4,1d6+4,35,18,8,4,1d12+4,1d8+4,2.0,A
7446,32,16,6,4,1d10+4,1d8+4,36,14,5,4,1d10+4,1d6+4,0.0,A
7447,39,16,8,4,1d12+4,1d8+4,32,16,7,4,1d10+4,1d6+4,3.0,A
7448,39,17,8,4,1d12+4,1d6+4,43,16,5,4,1d8+4,1d6+4,4.0,A
7449,35,18,8,4,1d8+4,1d6+4,46,18,5,4,1d12+4,1d6+4,8.0,A
7450,38,17,8,4,1d8+4,1d6+4,40,14,5,4,1d8+4,1d6+4,4.0,A
7451,41,14,6,4,1d10+4,1d6+4,42,15,8,4,1d12+4,1d8+4,3.0,B
7452,46,18,6,4,1d10+4,1d8+4,43,14,7,4,1d10+4,1d8+4,0.0,A
7453,49,15,5,4,1d8+4,1d6+4,47,16,7,4,1d12+4,1d6+4,7.0,B
7454,30,14,5,4,1d12+4,1d8+4,49,16,6,4,1d8+4,1d6+4,8.0,B
7455,36,16,7,4,1d12+4,1d8+4,35,17,7,4,1d10+4,1d8+4,5.0,B
7456,39,15,7,4,1d10+4,1d6+4,48,14,7,4,1d12+4,1d6+4,9.0,B
7457,49,16,5,4,1d12+4,1d6+4,39,18,6,4,1d12+4,1d6+4,5.0,A
7458,41,15,6,4,1d10+4,1d8+4,45,16,5,4,1d8+4,1d6+4,3.0,B
7459,37,14,7,4,1d8+4,1d8+4,50,17,8,4,1d8+4,1d6+4,10.0,B
7460,49,16,7,4,1d10+4,1d8+4,42,16,5,4,1d10+4,1d6+4,9.0,A
7461,49,17,6,4,1d8+4,1d6+4,38,18,8,4,1d10+4,1d8+4,9.0,A
7462,50,17,6,4,1d8+4,1d8+4,35,17,8,4,1d8+4,1d8+4,0.0,B
7463,31,16,6,4,1d8+4,1d8+4,48,14,7,4,1d8+4,1d6+4,7.0,B
7464,50,15,8,4,1d12+4,1d8+4,32,17,8,4,1d10+4,1d8+4,5.0,A
7465,47,14,7,4,1d10+4,1d8+4,50,16,8,4,1d10+4,1d8+4,8.0,A
7466,45,16,7,4,1d8+4,1d8+4,38,17,6,4,1d10+4,1d6+4,0.0,A
7467,34,17,5,4,1d10+4,1d6+4,30,15,5,4,1d8+4,1d8+4,3.0,A
7468,40,17,7,4,1d12+4,1d6+4,48,17,5,4,1d8+4,1d8+4,6.0,A
7469,38,16,7,4,1d12+4,1d8+4,41,17,7,4,1d10+4,1d6+4,8.0,A
7470,30,14,5,4,1d10+4,1d6+4,35,16,5,4,1d10+4,1d8+4,6.0,B
7471,36,15,6,4,1d10+4,1d8+4,40,18,7,4,1d10+4,1d8+4,0.0,A
7472,43,16,8,4,1d10+4,1d6+4,41,18,8,4,1d8+4,1d8+4,7.0,A
7473,42,15,5,4,1d8+4,1d8+4,44,15,6,4,1d8+4,1d8+4,5.0,A
7474,34,15,8,4,1d12+4,1d8+4,44,17,6,4,1d12+4,1d8+4,0.0,A
7475,38,17,7,4,1d10+4,1d6+4,32,14,7,4,1d12+4,1d6+4,2.0,A
7476,42,18,8,4,1d8+4,1d8+4,44,14,8,4,1d12+4,1d6+4,7.0,A
7477,41,15,5,4,1d8+4,1d8+4,33,14,7,4,1d12+4,1d8+4,0.0,A
7478,41,18,7,4,1d8+4,1d8+4,37,14,8,4,1d10+4,1d6+4,8.0,A
7479,38,18,5,4,1d8+4,1d8+4,32,14,8,4,1d12+4,1d6+4,7.0,A
7480,42,16,6,4,1d12+4,1d8+4,38,15,7,4,1d10+4,1d6+4,5.0,B
7481,45,14,8,4,1d10+4,1d8+4,35,17,8,4,1d12+4,1d8+4,7.0,A
7482,40,17,5,4,1d10+4,1d8+4,49,16,5,4,1d8+4,1d8+4,1.0,B
7483,33,18,8,4,1d10+4,1d6+4,41,17,5,4,1d12+4,1d6+4,0.0,A
7484,39,15,8,4,1d8+4,1d6+4,44,16,7,4,1d10+4,1d6+4,0.0,A
7485,33,16,7,4,1d12+4,1d8+4,47,18,6,4,1d12+4,1d6+4,4.0,A
7486,42,16,6,4,1d10+4,1d6+4,48,17,6,4,1d12+4,1d8+4,2.0,B
7487,39,15,7,4,1d10+4,1d6+4,38,18,7,4,1d12+4,1d6+4,6.0,A
7488,50,18,6,4,1d10+4,1d8+4,46,16,8,4,1d10+4,1d6+4,3.0,A
7489,48,17,8,4,1d10+4,1d6+4,50,14,8,4,1d10+4,1d8+4,2.0,A
7490,42,18,6,4,1d12+4,1d6+4,36,17,5,4,1d12+4,1d6+4,7.0,A
7491,38,17,8,4,1d10+4,1d8+4,36,14,7,4,1d8+4,1d8+4,3.0,A
7492,48,17,7,4,1d12+4,1d6+4,49,16,8,4,1d12+4,1d8+4,10.0,A
7493,35,17,8,4,1d8+4,1d6+4,43,17,8,4,1d10+4,1d6+4,7.0,B
7494,40,17,5,4,1d10+4,1d6+4,41,16,7,4,1d8+4,1d6+4,6.0,B
7495,49,17,8,4,1d12+4,1d8+4,40,16,7,4,1d12+4,1d8+4,6.0,B
7496,45,18,7,4,1d12+4,1d8+4,30,15,6,4,1d12+4,1d6+4,4.0,A
7497,31,16,6,4,1d8+4,1d8+4,45,15,5,4,1d12+4,1d8+4,4.0,A
7498,30,17,7,4,1d10+4,1d8+4,48,18,5,4,1d12+4,1d8+4,7.0,B
7499,35,16,5,4,1d8+4,1d6+4,48,17,7,4,1d8+4,1d6+4,2.0,B
7500,44,14,8,4,1d10+4,1d8+4,38,16,5,4,1d8+4,1d8+4,7.0,A
7501,37,18,6,4,1d12+4,1d8+4,38,17,6,4,1d12+4,1d8+4,4.0,B
7502,43,17,6,4,1d12+4,1d6+4,36,14,7,4,1d12+4,1d8+4,7.0,A
7503,35,15,7,4,1d10+4,1d8+4,30,14,6,4,1d12+4,1d6+4,3.0,A
7504,38,18,5,4,1d8+4,1d6+4,47,18,6,4,1d12+4,1d6+4,5.0,B
7505,48,17,5,4,1d12+4,1d8+4,36,18,5,4,1d10+4,1d6+4,4.0,A
7506,45,16,5,4,1d8+4,1d8+4,35,16,6,4,1d12+4,1d6+4,10.0,A
7507,35,16,5,4,1d8+4,1d6+4,31,17,7,4,1d10+4,1d6+4,8.0,B
7508,38,18,7,4,1d8+4,1d6+4,49,16,5,4,1d12+4,1d6+4,9.0,B
7509,46,18,7,4,1d10+4,1d6+4,32,15,6,4,1d12+4,1d6+4,1.0,A
7510,40,15,5,4,1d10+4,1d6+4,31,15,7,4,1d10+4,1d6+4,10.0,A
7511,32,15,5,4,1d8+4,1d8+4,42,14,6,4,1d12+4,1d6+4,0.0,B
7512,44,15,5,4,1d10+4,1d6+4,46,17,8,4,1d8+4,1d8+4,7.0,A
7513,41,14,8,4,1d8+4,1d8+4,33,16,7,4,1d10+4,1d6+4,5.0,A
7514,46,14,5,4,1d8+4,1d8+4,34,16,6,4,1d10+4,1d8+4,10.0,A
7515,37,18,8,4,1d12+4,1d6+4,35,18,6,4,1d8+4,1d8+4,9.0,A
7516,30,15,6,4,1d10+4,1d6+4,35,14,7,4,1d10+4,1d8+4,7.0,A
7517,30,14,7,4,1d12+4,1d6+4,39,18,7,4,1d8+4,1d6+4,3.0,A
7518,39,16,6,4,1d12+4,1d8+4,44,16,5,4,1d12+4,1d6+4,3.0,A
7519,45,17,5,4,1d12+4,1d8+4,44,16,8,4,1d10+4,1d8+4,3.0,B
7520,41,16,5,4,1d8+4,1d6+4,42,15,6,4,1d8+4,1d6+4,7.0,A
7521,42,17,7,4,1d8+4,1d6+4,38,14,8,4,1d8+4,1d6+4,7.0,A
7522,46,15,8,4,1d10+4,1d8+4,34,16,6,4,1d10+4,1d8+4,9.0,B
7523,37,18,5,4,1d12+4,1d6+4,44,18,7,4,1d10+4,1d8+4,5.0,A
7524,38,15,6,4,1d8+4,1d8+4,40,17,5,4,1d8+4,1d8+4,2.0,A
7525,38,18,6,4,1d8+4,1d8+4,32,14,6,4,1d12+4,1d6+4,6.0,B
7526,31,18,5,4,1d10+4,1d8+4,47,17,8,4,1d8+4,1d8+4,2.0,B
7527,34,15,8,4,1d12+4,1d6+4,45,16,6,4,1d12+4,1d6+4,5.0,A
7528,46,15,6,4,1d10+4,1d8+4,33,17,6,4,1d12+4,1d8+4,6.0,A
7529,38,17,8,4,1d8+4,1d6+4,43,17,8,4,1d12+4,1d6+4,0.0,A
7530,37,18,8,4,1d10+4,1d6+4,50,16,8,4,1d8+4,1d8+4,9.0,A
7531,33,17,7,4,1d10+4,1d6+4,35,17,5,4,1d8+4,1d8+4,0.0,B
7532,50,14,7,4,1d8+4,1d6+4,31,15,5,4,1d12+4,1d8+4,3.0,A
7533,31,18,6,4,1d8+4,1d6+4,47,18,5,4,1d12+4,1d6+4,0.0,A
7534,48,15,7,4,1d8+4,1d8+4,48,14,5,4,1d12+4,1d8+4,6.0,A
7535,43,14,6,4,1d10+4,1d8+4,47,16,7,4,1d12+4,1d8+4,0.0,A
7536,35,18,8,4,1d8+4,1d6+4,46,14,6,4,1d8+4,1d6+4,10.0,A
7537,36,15,6,4,1d12+4,1d8+4,31,16,5,4,1d8+4,1d6+4,2.0,A
7538,33,15,5,4,1d12+4,1d8+4,43,15,8,4,1d8+4,1d8+4,0.0,B
7539,33,16,6,4,1d10+4,1d8+4,37,15,5,4,1d12+4,1d8+4,3.0,A
7540,42,14,5,4,1d12+4,1d8+4,35,16,8,4,1d10+4,1d8+4,5.0,A
7541,45,18,7,4,1d10+4,1d6+4,38,17,7,4,1d10+4,1d6+4,6.0,A
7542,49,16,8,4,1d10+4,1d8+4,44,15,6,4,1d10+4,1d8+4,3.0,B
7543,31,15,8,4,1d8+4,1d8+4,50,18,5,4,1d12+4,1d6+4,0.0,B
7544,50,14,5,4,1d10+4,1d8+4,35,16,6,4,1d10+4,1d8+4,3.0,A
7545,49,14,7,4,1d12+4,1d6+4,35,15,6,4,1d10+4,1d8+4,2.0,A
7546,49,14,8,4,1d10+4,1d6+4,44,17,5,4,1d12+4,1d8+4,2.0,B
7547,49,15,5,4,1d8+4,1d6+4,44,18,8,4,1d8+4,1d6+4,10.0,B
7548,47,17,6,4,1d10+4,1d8+4,36,16,8,4,1d10+4,1d8+4,10.0,B
7549,30,14,5,4,1d8+4,1d8+4,44,18,7,4,1d8+4,1d6+4,1.0,B
7550,42,15,7,4,1d8+4,1d8+4,48,18,7,4,1d10+4,1d8+4,1.0,B
7551,32,17,6,4,1d10+4,1d6+4,42,17,6,4,1d10+4,1d8+4,10.0,A
7552,48,14,7,4,1d12+4,1d6+4,42,14,6,4,1d8+4,1d8+4,9.0,A
7553,42,17,8,4,1d8+4,1d8+4,38,15,8,4,1d10+4,1d8+4,4.0,A
7554,30,17,7,4,1d10+4,1d8+4,47,16,7,4,1d12+4,1d8+4,0.0,B
7555,39,18,5,4,1d10+4,1d8+4,41,15,8,4,1d12+4,1d6+4,0.0,A
7556,42,18,6,4,1d10+4,1d8+4,43,18,5,4,1d8+4,1d6+4,4.0,B
7557,50,15,8,4,1d10+4,1d6+4,40,16,7,4,1d12+4,1d6+4,3.0,B
7558,40,14,8,4,1d8+4,1d6+4,39,18,7,4,1d10+4,1d6+4,1.0,A
7559,44,15,8,4,1d12+4,1d6+4,49,15,8,4,1d12+4,1d6+4,10.0,B
7560,36,15,5,4,1d10+4,1d6+4,46,17,6,4,1d10+4,1d6+4,9.0,B
7561,38,16,8,4,1d12+4,1d8+4,39,18,7,4,1d10+4,1d8+4,5.0,A
7562,32,18,5,4,1d10+4,1d6+4,35,16,7,4,1d8+4,1d8+4,10.0,B
7563,39,16,6,4,1d10+4,1d6+4,47,17,7,4,1d12+4,1d6+4,9.0,B
7564,34,18,8,4,1d8+4,1d8+4,32,18,6,4,1d10+4,1d8+4,10.0,B
7565,37,17,8,4,1d12+4,1d6+4,35,16,8,4,1d12+4,1d6+4,1.0,A
7566,48,17,5,4,1d10+4,1d8+4,40,16,7,4,1d8+4,1d8+4,3.0,A
7567,42,18,7,4,1d8+4,1d8+4,33,18,6,4,1d10+4,1d8+4,10.0,A
7568,41,16,8,4,1d12+4,1d8+4,43,15,5,4,1d8+4,1d6+4,1.0,A
7569,41,15,7,4,1d8+4,1d6+4,48,15,8,4,1d10+4,1d6+4,2.0,B
7570,46,18,7,4,1d12+4,1d8+4,48,18,6,4,1d12+4,1d6+4,6.0,B
7571,34,18,5,4,1d12+4,1d6+4,39,15,6,4,1d10+4,1d8+4,4.0,B
7572,38,18,8,4,1d8+4,1d8+4,40,16,6,4,1d10+4,1d6+4,4.0,B
7573,39,18,6,4,1d10+4,1d8+4,49,16,7,4,1d8+4,1d8+4,4.0,A
7574,38,14,5,4,1d8+4,1d8+4,34,14,7,4,1d10+4,1d8+4,2.0,B
7575,39,14,8,4,1d12+4,1d8+4,31,18,6,4,1d8+4,1d8+4,1.0,B
7576,36,16,5,4,1d10+4,1d6+4,34,15,7,4,1d8+4,1d8+4,9.0,A
7577,36,15,5,4,1d12+4,1d6+4,30,18,5,4,1d8+4,1d6+4,6.0,B
7578,33,16,5,4,1d12+4,1d6+4,31,15,5,4,1d10+4,1d6+4,1.0,A
7579,35,15,8,4,1d10+4,1d6+4,32,17,5,4,1d8+4,1d8+4,6.0,A
7580,33,15,7,4,1d12+4,1d6+4,34,16,5,4,1d12+4,1d6+4,8.0,A
7581,49,14,5,4,1d12+4,1d8+4,46,16,8,4,1d12+4,1d6+4,9.0,B
7582,50,14,6,4,1d10+4,1d6+4,34,16,5,4,1d12+4,1d8+4,10.0,A
7583,35,17,7,4,1d8+4,1d6+4,47,18,5,4,1d8+4,1d6+4,2.0,B
7584,39,14,5,4,1d8+4,1d6+4,39,16,6,4,1d8+4,1d8+4,9.0,B
7585,40,18,7,4,1d12+4,1d8+4,50,16,5,4,1d8+4,1d6+4,0.0,A
7586,35,16,7,4,1d8+4,1d6+4,40,18,8,4,1d8+4,1d6+4,7.0,B
7587,34,15,8,4,1d8+4,1d8+4,44,14,6,4,1d8+4,1d6+4,9.0,B
7588,41,17,7,4,1d8+4,1d8+4,37,16,7,4,1d10+4,1d6+4,7.0,A
7589,37,18,7,4,1d10+4,1d8+4,41,18,7,4,1d8+4,1d8+4,2.0,A
7590,45,18,6,4,1d8+4,1d6+4,42,14,8,4,1d10+4,1d6+4,3.0,B
7591,46,15,7,4,1d10+4,1d6+4,38,16,6,4,1d10+4,1d6+4,9.0,B
7592,41,15,7,4,1d10+4,1d8+4,49,14,5,4,1d12+4,1d8+4,2.0,B
7593,39,15,5,4,1d8+4,1d8+4,49,17,5,4,1d8+4,1d8+4,1.0,A
7594,40,18,6,4,1d8+4,1d8+4,45,16,6,4,1d8+4,1d6+4,9.0,B
7595,35,15,7,4,1d12+4,1d8+4,42,17,6,4,1d12+4,1d8+4,8.0,B
7596,47,15,6,4,1d8+4,1d8+4,37,15,5,4,1d8+4,1d6+4,4.0,A
7597,34,18,8,4,1d10+4,1d8+4,30,16,6,4,1d12+4,1d8+4,0.0,A
7598,34,16,5,4,1d8+4,1d8+4,32,14,7,4,1d8+4,1d6+4,5.0,B
7599,33,14,8,4,1d8+4,1d8+4,43,17,5,4,1d8+4,1d6+4,9.0,A
7600,50,18,8,4,1d12+4,1d8+4,50,18,8,4,1d8+4,1d6+4,10.0,A
7601,48,16,6,4,1d10+4,1d8+4,40,14,6,4,1d12+4,1d6+4,8.0,A
7602,34,18,5,4,1d12+4,1d6+4,37,16,5,4,1d12+4,1d6+4,2.0,B
7603,33,16,5,4,1d8+4,1d6+4,44,17,5,4,1d8+4,1d8+4,7.0,B
7604,33,17,8,4,1d12+4,1d8+4,46,18,7,4,1d12+4,1d6+4,6.0,B
7605,48,17,5,4,1d12+4,1d6+4,45,17,7,4,1d8+4,1d6+4,9.0,B
7606,35,17,5,4,1d10+4,1d8+4,45,17,8,4,1d10+4,1d8+4,0.0,B
7607,46,18,8,4,1d8+4,1d6+4,36,18,6,4,1d8+4,1d6+4,7.0,B
7608,46,17,6,4,1d8+4,1d6+4,38,18,8,4,1d12+4,1d8+4,1.0,B
7609,35,15,7,4,1d8+4,1d6+4,37,17,8,4,1d8+4,1d6+4,8.0,B
7610,47,14,7,4,1d10+4,1d8+4,36,14,7,4,1d12+4,1d6+4,2.0,B
7611,46,16,5,4,1d8+4,1d6+4,32,15,5,4,1d10+4,1d6+4,0.0,B
7612,49,14,7,4,1d10+4,1d8+4,33,18,7,4,1d10+4,1d6+4,10.0,B
7613,34,18,7,4,1d8+4,1d6+4,44,18,6,4,1d12+4,1d6+4,2.0,A
7614,35,15,6,4,1d12+4,1d8+4,31,15,5,4,1d8+4,1d6+4,0.0,B
7615,36,15,8,4,1d8+4,1d6+4,39,15,6,4,1d10+4,1d6+4,2.0,B
7616,32,16,7,4,1d8+4,1d8+4,46,18,5,4,1d10+4,1d8+4,7.0,A
7617,47,17,6,4,1d10+4,1d6+4,43,16,8,4,1d10+4,1d6+4,3.0,A
7618,47,18,5,4,1d8+4,1d6+4,36,14,7,4,1d8+4,1d6+4,3.0,A
7619,42,14,8,4,1d10+4,1d8+4,42,14,7,4,1d8+4,1d6+4,6.0,A
7620,50,14,5,4,1d8+4,1d6+4,38,16,7,4,1d10+4,1d6+4,5.0,B
7621,33,16,6,4,1d8+4,1d8+4,37,14,8,4,1d12+4,1d8+4,6.0,B
7622,47,15,8,4,1d10+4,1d6+4,47,16,8,4,1d10+4,1d6+4,1.0,B
7623,35,18,8,4,1d10+4,1d6+4,34,17,7,4,1d10+4,1d8+4,6.0,A
7624,39,14,6,4,1d10+4,1d6+4,40,18,5,4,1d10+4,1d8+4,7.0,B
7625,43,16,7,4,1d10+4,1d8+4,33,14,5,4,1d8+4,1d8+4,1.0,A
7626,31,14,8,4,1d12+4,1d8+4,30,16,5,4,1d8+4,1d8+4,10.0,A
7627,35,17,8,4,1d10+4,1d6+4,39,18,7,4,1d12+4,1d6+4,1.0,A
7628,40,18,6,4,1d10+4,1d8+4,43,17,8,4,1d10+4,1d6+4,8.0,B
7629,32,18,5,4,1d12+4,1d8+4,43,15,5,4,1d10+4,1d8+4,1.0,A
7630,45,16,6,4,1d12+4,1d8+4,49,15,8,4,1d10+4,1d8+4,2.0,A
7631,42,14,5,4,1d8+4,1d6+4,32,14,5,4,1d10+4,1d8+4,1.0,B
7632,46,15,6,4,1d10+4,1d6+4,46,17,8,4,1d12+4,1d8+4,4.0,A
7633,31,16,5,4,1d12+4,1d8+4,41,16,6,4,1d10+4,1d8+4,4.0,B
7634,31,16,8,4,1d8+4,1d8+4,34,18,5,4,1d10+4,1d8+4,2.0,A
7635,49,16,6,4,1d12+4,1d6+4,34,15,8,4,1d10+4,1d6+4,2.0,A
7636,48,17,7,4,1d12+4,1d8+4,32,17,8,4,1d12+4,1d6+4,10.0,A
7637,50,16,7,4,1d12+4,1d8+4,41,15,6,4,1d10+4,1d6+4,8.0,B
7638,40,16,7,4,1d10+4,1d8+4,50,14,7,4,1d12+4,1d6+4,2.0,B
7639,44,15,5,4,1d12+4,1d6+4,46,17,7,4,1d10+4,1d8+4,4.0,A
7640,47,14,5,4,1d12+4,1d6+4,39,17,5,4,1d8+4,1d6+4,7.0,A
7641,34,16,6,4,1d10+4,1d8+4,47,14,8,4,1d10+4,1d8+4,2.0,A
7642,46,15,5,4,1d12+4,1d6+4,39,15,5,4,1d10+4,1d6+4,1.0,B
7643,45,15,6,4,1d10+4,1d8+4,40,15,8,4,1d8+4,1d8+4,9.0,B
7644,30,16,7,4,1d10+4,1d6+4,32,16,6,4,1d8+4,1d8+4,0.0,B
7645,42,16,5,4,1d8+4,1d8+4,39,17,6,4,1d8+4,1d6+4,3.0,B
7646,32,14,5,4,1d10+4,1d6+4,50,17,6,4,1d8+4,1d6+4,9.0,A
7647,32,17,5,4,1d12+4,1d6+4,46,15,7,4,1d12+4,1d6+4,4.0,B
7648,42,16,8,4,1d12+4,1d8+4,45,15,7,4,1d10+4,1d6+4,6.0,A
7649,39,17,5,4,1d8+4,1d8+4,42,18,7,4,1d8+4,1d8+4,2.0,A
7650,32,16,7,4,1d10+4,1d6+4,44,18,5,4,1d12+4,1d6+4,0.0,B
7651,43,18,8,4,1d8+4,1d6+4,33,17,5,4,1d10+4,1d8+4,8.0,B
7652,35,14,8,4,1d8+4,1d6+4,38,15,5,4,1d10+4,1d6+4,10.0,B
7653,40,16,8,4,1d12+4,1d8+4,48,17,7,4,1d12+4,1d8+4,3.0,B
7654,37,15,7,4,1d12+4,1d6+4,45,15,5,4,1d10+4,1d6+4,1.0,A
7655,46,14,5,4,1d10+4,1d8+4,48,15,5,4,1d10+4,1d8+4,7.0,B
7656,43,16,7,4,1d12+4,1d8+4,42,15,8,4,1d10+4,1d6+4,6.0,B
7657,44,17,5,4,1d8+4,1d6+4,38,15,5,4,1d12+4,1d6+4,7.0,B
7658,35,17,8,4,1d8+4,1d8+4,39,18,7,4,1d8+4,1d6+4,9.0,B
7659,30,17,8,4,1d10+4,1d8+4,30,15,8,4,1d12+4,1d6+4,1.0,A
7660,41,15,7,4,1d10+4,1d8+4,41,17,6,4,1d12+4,1d6+4,0.0,A
7661,37,14,5,4,1d12+4,1d8+4,46,16,8,4,1d10+4,1d8+4,7.0,B
7662,39,18,8,4,1d10+4,1d6+4,36,17,8,4,1d12+4,1d6+4,10.0,B
7663,50,16,6,4,1d10+4,1d8+4,49,16,6,4,1d10+4,1d8+4,6.0,A
7664,46,18,5,4,1d10+4,1d6+4,37,17,8,4,1d12+4,1d6+4,1.0,B
7665,45,14,7,4,1d8+4,1d8+4,32,18,6,4,1d8+4,1d6+4,5.0,A
7666,41,15,8,4,1d12+4,1d6+4,47,14,6,4,1d12+4,1d6+4,6.0,B
7667,37,16,6,4,1d12+4,1d6+4,45,18,7,4,1d12+4,1d6+4,6.0,B
7668,49,15,6,4,1d10+4,1d8+4,36,17,5,4,1d10+4,1d6+4,4.0,A
7669,46,17,7,4,1d8+4,1d8+4,31,17,6,4,1d12+4,1d6+4,8.0,A
7670,31,15,8,4,1d12+4,1d6+4,41,17,5,4,1d12+4,1d6+4,6.0,A
7671,48,18,7,4,1d10+4,1d8+4,48,15,6,4,1d12+4,1d8+4,2.0,B
7672,46,15,6,4,1d12+4,1d6+4,37,18,6,4,1d8+4,1d8+4,3.0,A
7673,30,17,6,4,1d12+4,1d6+4,31,14,6,4,1d8+4,1d6+4,9.0,A
7674,36,15,7,4,1d12+4,1d8+4,44,15,5,4,1d12+4,1d8+4,6.0,A
7675,32,18,5,4,1d8+4,1d8+4,39,16,8,4,1d8+4,1d6+4,8.0,A
7676,48,14,7,4,1d10+4,1d6+4,43,17,6,4,1d10+4,1d8+4,10.0,B
7677,32,16,5,4,1d10+4,1d6+4,46,16,6,4,1d8+4,1d6+4,10.0,A
7678,40,14,8,4,1d10+4,1d6+4,38,18,6,4,1d10+4,1d8+4,1.0,B
7679,42,15,5,4,1d8+4,1d6+4,39,17,5,4,1d8+4,1d6+4,4.0,A
7680,43,14,6,4,1d10+4,1d8+4,48,15,7,4,1d8+4,1d6+4,10.0,A
7681,46,14,6,4,1d8+4,1d6+4,42,18,8,4,1d12+4,1d6+4,4.0,A
7682,46,17,8,4,1d10+4,1d6+4,44,14,6,4,1d12+4,1d6+4,5.0,A
7683,40,15,7,4,1d12+4,1d8+4,36,15,7,4,1d12+4,1d8+4,8.0,A
7684,50,15,8,4,1d8+4,1d6+4,44,18,5,4,1d8+4,1d6+4,9.0,B
7685,45,16,5,4,1d12+4,1d8+4,43,17,7,4,1d8+4,1d6+4,8.0,A
7686,36,16,5,4,1d10+4,1d6+4,33,16,6,4,1d10+4,1d6+4,10.0,B
7687,45,18,8,4,1d10+4,1d6+4,31,17,5,4,1d8+4,1d8+4,0.0,A
7688,33,17,6,4,1d10+4,1d6+4,43,18,5,4,1d12+4,1d6+4,0.0,A
7689,34,14,5,4,1d12+4,1d6+4,50,15,6,4,1d12+4,1d6+4,8.0,A
7690,39,18,8,4,1d10+4,1d6+4,46,17,6,4,1d10+4,1d8+4,3.0,A
7691,44,16,6,4,1d10+4,1d6+4,31,15,6,4,1d10+4,1d8+4,2.0,A
7692,37,16,6,4,1d8+4,1d6+4,35,14,6,4,1d10+4,1d8+4,10.0,A
7693,32,16,6,4,1d10+4,1d8+4,49,16,6,4,1d12+4,1d8+4,5.0,B
7694,41,18,7,4,1d8+4,1d6+4,42,14,5,4,1d12+4,1d8+4,8.0,B
7695,34,14,5,4,1d10+4,1d6+4,35,18,7,4,1d12+4,1d6+4,2.0,B
7696,50,14,8,4,1d10+4,1d8+4,36,15,7,4,1d10+4,1d8+4,1.0,A
7697,48,17,6,4,1d8+4,1d8+4,38,16,6,4,1d10+4,1d8+4,5.0,B
7698,35,17,6,4,1d10+4,1d6+4,37,15,7,4,1d12+4,1d8+4,1.0,A
7699,45,18,8,4,1d12+4,1d8+4,50,18,5,4,1d12+4,1d8+4,1.0,A
7700,33,15,7,4,1d12+4,1d8+4,44,18,7,4,1d10+4,1d6+4,10.0,B
7701,49,16,8,4,1d10+4,1d6+4,31,16,5,4,1d12+4,1d8+4,1.0,B
7702,31,16,8,4,1d8+4,1d6+4,40,16,5,4,1d10+4,1d8+4,0.0,B
7703,44,16,8,4,1d12+4,1d6+4,43,15,5,4,1d8+4,1d6+4,2.0,A
7704,37,18,8,4,1d12+4,1d8+4,34,18,5,4,1d10+4,1d8+4,4.0,A
7705,41,17,6,4,1d8+4,1d6+4,34,15,7,4,1d12+4,1d6+4,2.0,A
7706,46,15,7,4,1d8+4,1d8+4,31,17,7,4,1d10+4,1d8+4,10.0,A
7707,41,14,5,4,1d8+4,1d8+4,48,15,8,4,1d8+4,1d8+4,0.0,B
7708,35,15,7,4,1d8+4,1d8+4,48,15,6,4,1d10+4,1d8+4,9.0,B
7709,47,15,6,4,1d12+4,1d8+4,50,15,8,4,1d10+4,1d8+4,1.0,A
7710,44,16,5,4,1d10+4,1d8+4,43,18,8,4,1d10+4,1d6+4,6.0,B
7711,50,16,7,4,1d8+4,1d8+4,42,17,7,4,1d12+4,1d8+4,1.0,B
7712,32,15,6,4,1d10+4,1d8+4,39,18,6,4,1d10+4,1d6+4,3.0,A
7713,47,14,5,4,1d8+4,1d6+4,36,16,7,4,1d10+4,1d6+4,4.0,B
7714,39,16,8,4,1d12+4,1d6+4,33,17,8,4,1d8+4,1d8+4,8.0,A
7715,40,17,7,4,1d10+4,1d6+4,36,17,5,4,1d10+4,1d6+4,0.0,B
7716,31,18,6,4,1d8+4,1d8+4,32,17,5,4,1d12+4,1d8+4,5.0,A
7717,42,15,7,4,1d12+4,1d6+4,35,18,6,4,1d10+4,1d8+4,7.0,A
7718,34,18,6,4,1d10+4,1d8+4,37,16,5,4,1d12+4,1d8+4,8.0,B
7719,38,14,6,4,1d8+4,1d6+4,30,15,5,4,1d12+4,1d6+4,1.0,A
7720,45,16,6,4,1d8+4,1d8+4,48,16,6,4,1d12+4,1d8+4,7.0,A
7721,33,17,7,4,1d10+4,1d6+4,36,17,8,4,1d10+4,1d6+4,7.0,B
7722,48,17,7,4,1d12+4,1d8+4,35,18,5,4,1d12+4,1d6+4,1.0,A
7723,50,16,6,4,1d12+4,1d6+4,46,17,8,4,1d8+4,1d6+4,2.0,A
7724,48,17,8,4,1d10+4,1d6+4,43,17,8,4,1d8+4,1d8+4,10.0,A
7725,45,17,6,4,1d12+4,1d6+4,35,17,6,4,1d12+4,1d8+4,5.0,A
7726,41,17,6,4,1d12+4,1d6+4,39,18,6,4,1d12+4,1d8+4,1.0,A
7727,38,15,5,4,1d10+4,1d6+4,46,18,7,4,1d8+4,1d6+4,7.0,B
7728,43,17,6,4,1d12+4,1d8+4,44,14,5,4,1d12+4,1d6+4,0.0,A
7729,37,17,5,4,1d12+4,1d8+4,49,14,5,4,1d10+4,1d8+4,9.0,A
7730,45,18,7,4,1d12+4,1d6+4,43,14,7,4,1d12+4,1d8+4,2.0,B
7731,45,14,5,4,1d8+4,1d6+4,38,14,6,4,1d10+4,1d6+4,6.0,A
7732,35,18,5,4,1d8+4,1d6+4,46,18,8,4,1d10+4,1d6+4,5.0,B
7733,42,14,7,4,1d12+4,1d6+4,33,16,8,4,1d10+4,1d8+4,4.0,A
7734,46,17,5,4,1d8+4,1d8+4,38,16,6,4,1d10+4,1d8+4,10.0,A
7735,40,15,8,4,1d10+4,1d6+4,32,17,8,4,1d10+4,1d8+4,7.0,A
7736,45,17,5,4,1d8+4,1d8+4,33,14,7,4,1d12+4,1d8+4,1.0,A
7737,31,16,7,4,1d12+4,1d8+4,34,18,5,4,1d12+4,1d6+4,9.0,A
7738,42,18,6,4,1d8+4,1d8+4,46,16,5,4,1d10+4,1d8+4,0.0,A
7739,32,15,5,4,1d8+4,1d6+4,30,18,7,4,1d10+4,1d6+4,0.0,B
7740,49,16,8,4,1d8+4,1d6+4,34,15,7,4,1d10+4,1d6+4,0.0,A
7741,41,17,5,4,1d8+4,1d8+4,30,18,6,4,1d12+4,1d8+4,6.0,B
7742,44,15,7,4,1d10+4,1d8+4,37,17,6,4,1d12+4,1d6+4,6.0,B
7743,37,15,6,4,1d8+4,1d8+4,40,16,5,4,1d12+4,1d8+4,9.0,A
7744,47,15,7,4,1d10+4,1d6+4,49,16,6,4,1d8+4,1d8+4,6.0,A
7745,34,16,8,4,1d8+4,1d8+4,36,17,6,4,1d12+4,1d8+4,7.0,B
7746,46,16,5,4,1d10+4,1d8+4,38,17,5,4,1d10+4,1d8+4,5.0,B
7747,35,17,8,4,1d8+4,1d8+4,39,16,6,4,1d12+4,1d6+4,9.0,B
7748,31,17,6,4,1d10+4,1d8+4,50,16,6,4,1d10+4,1d6+4,5.0,A
7749,30,14,7,4,1d8+4,1d8+4,50,16,8,4,1d12+4,1d6+4,3.0,B
7750,30,14,8,4,1d12+4,1d6+4,45,18,8,4,1d8+4,1d6+4,9.0,B
7751,33,14,8,4,1d12+4,1d8+4,34,17,5,4,1d12+4,1d6+4,10.0,B
7752,36,16,6,4,1d12+4,1d8+4,36,14,6,4,1d10+4,1d8+4,3.0,A
7753,46,17,7,4,1d8+4,1d6+4,47,16,5,4,1d12+4,1d8+4,9.0,A
7754,42,17,6,4,1d10+4,1d6+4,44,14,6,4,1d8+4,1d6+4,10.0,B
7755,40,18,8,4,1d10+4,1d6+4,36,14,5,4,1d8+4,1d8+4,5.0,A
7756,37,18,8,4,1d8+4,1d8+4,41,17,7,4,1d8+4,1d6+4,9.0,A
7757,47,14,8,4,1d12+4,1d6+4,38,18,6,4,1d10+4,1d6+4,5.0,A
7758,50,15,5,4,1d8+4,1d6+4,32,18,8,4,1d8+4,1d8+4,10.0,B
7759,43,18,7,4,1d10+4,1d8+4,43,17,6,4,1d10+4,1d6+4,6.0,B
7760,41,16,8,4,1d8+4,1d6+4,49,16,5,4,1d10+4,1d6+4,10.0,B
7761,38,17,7,4,1d12+4,1d6+4,34,15,8,4,1d10+4,1d6+4,6.0,A
7762,48,16,7,4,1d12+4,1d6+4,45,18,5,4,1d8+4,1d8+4,6.0,A
7763,47,18,7,4,1d12+4,1d6+4,42,17,8,4,1d10+4,1d6+4,6.0,A
7764,36,14,6,4,1d8+4,1d8+4,47,15,6,4,1d12+4,1d8+4,2.0,B
7765,47,14,6,4,1d8+4,1d8+4,46,14,7,4,1d12+4,1d6+4,2.0,B
7766,43,16,5,4,1d8+4,1d8+4,36,17,7,4,1d8+4,1d8+4,8.0,B
7767,41,15,5,4,1d10+4,1d6+4,45,17,5,4,1d12+4,1d8+4,7.0,A
7768,42,15,8,4,1d10+4,1d8+4,48,16,5,4,1d10+4,1d8+4,2.0,A
7769,33,18,7,4,1d12+4,1d8+4,46,14,7,4,1d12+4,1d6+4,1.0,A
7770,42,16,7,4,1d8+4,1d8+4,33,15,8,4,1d8+4,1d6+4,1.0,B
7771,45,15,5,4,1d8+4,1d6+4,48,14,7,4,1d12+4,1d8+4,8.0,B
7772,45,14,5,4,1d10+4,1d8+4,41,15,7,4,1d10+4,1d6+4,2.0,B
7773,44,14,6,4,1d8+4,1d6+4,42,15,6,4,1d10+4,1d8+4,0.0,B
7774,40,15,7,4,1d12+4,1d8+4,44,14,5,4,1d10+4,1d8+4,1.0,A
7775,49,17,7,4,1d12+4,1d6+4,31,18,5,4,1d8+4,1d6+4,0.0,A
7776,44,17,8,4,1d8+4,1d8+4,37,16,6,4,1d10+4,1d6+4,10.0,A
7777,38,15,5,4,1d8+4,1d6+4,33,14,8,4,1d12+4,1d6+4,10.0,A
7778,36,18,5,4,1d8+4,1d6+4,31,18,7,4,1d12+4,1d8+4,5.0,A
7779,41,14,7,4,1d10+4,1d8+4,39,16,6,4,1d8+4,1d6+4,0.0,B
7780,31,14,7,4,1d12+4,1d8+4,32,17,7,4,1d8+4,1d6+4,4.0,B
7781,36,15,5,4,1d8+4,1d6+4,47,17,7,4,1d10+4,1d6+4,10.0,B
7782,44,15,7,4,1d12+4,1d8+4,44,16,8,4,1d8+4,1d8+4,7.0,B
7783,42,17,7,4,1d8+4,1d8+4,34,15,7,4,1d8+4,1d8+4,9.0,B
7784,48,17,7,4,1d10+4,1d6+4,46,17,7,4,1d8+4,1d6+4,1.0,A
7785,35,14,5,4,1d8+4,1d8+4,30,14,7,4,1d8+4,1d8+4,0.0,B
7786,40,15,8,4,1d10+4,1d6+4,44,14,7,4,1d10+4,1d8+4,8.0,A
7787,45,15,6,4,1d10+4,1d6+4,41,16,7,4,1d12+4,1d8+4,4.0,B
7788,49,14,6,4,1d8+4,1d6+4,33,18,6,4,1d12+4,1d6+4,3.0,B
7789,38,15,8,4,1d12+4,1d6+4,37,15,8,4,1d10+4,1d6+4,2.0,A
7790,42,14,7,4,1d10+4,1d6+4,46,14,6,4,1d10+4,1d8+4,3.0,B
7791,38,15,5,4,1d8+4,1d6+4,50,18,7,4,1d8+4,1d8+4,8.0,B
7792,30,14,5,4,1d12+4,1d6+4,43,18,5,4,1d10+4,1d8+4,3.0,B
7793,36,15,8,4,1d10+4,1d6+4,40,17,7,4,1d12+4,1d6+4,4.0,B
7794,46,14,5,4,1d8+4,1d6+4,30,14,8,4,1d12+4,1d6+4,5.0,B
7795,31,16,7,4,1d10+4,1d6+4,36,17,5,4,1d12+4,1d6+4,10.0,B
7796,48,15,7,4,1d10+4,1d8+4,41,16,8,4,1d12+4,1d6+4,2.0,A
7797,35,16,6,4,1d12+4,1d8+4,34,17,5,4,1d12+4,1d6+4,8.0,A
7798,50,15,5,4,1d12+4,1d8+4,37,16,6,4,1d10+4,1d6+4,2.0,A
7799,35,17,5,4,1d10+4,1d6+4,46,18,8,4,1d12+4,1d6+4,10.0,B
7800,48,15,8,4,1d10+4,1d6+4,36,17,7,4,1d8+4,1d8+4,2.0,B
7801,30,18,7,4,1d8+4,1d6+4,40,18,8,4,1d10+4,1d6+4,9.0,A
7802,37,15,8,4,1d10+4,1d6+4,39,16,7,4,1d10+4,1d8+4,9.0,B
7803,49,17,6,4,1d12+4,1d8+4,45,14,6,4,1d12+4,1d8+4,6.0,A
7804,34,16,6,4,1d10+4,1d6+4,37,16,5,4,1d8+4,1d8+4,8.0,A
7805,34,17,8,4,1d8+4,1d8+4,34,17,6,4,1d8+4,1d6+4,2.0,A
7806,31,15,7,4,1d12+4,1d6+4,39,14,6,4,1d10+4,1d6+4,3.0,A
7807,38,17,7,4,1d12+4,1d6+4,42,17,7,4,1d12+4,1d6+4,9.0,B
7808,50,16,8,4,1d12+4,1d6+4,36,15,8,4,1d8+4,1d6+4,9.0,A
7809,50,16,8,4,1d10+4,1d8+4,37,17,7,4,1d8+4,1d6+4,10.0,A
7810,46,16,5,4,1d12+4,1d6+4,36,14,6,4,1d12+4,1d8+4,3.0,A
7811,32,17,8,4,1d10+4,1d6+4,31,17,7,4,1d8+4,1d6+4,8.0,A
7812,48,18,7,4,1d12+4,1d8+4,33,15,5,4,1d10+4,1d6+4,0.0,A
7813,39,16,6,4,1d10+4,1d8+4,49,16,8,4,1d8+4,1d8+4,4.0,A
7814,31,14,6,4,1d10+4,1d8+4,39,16,6,4,1d12+4,1d6+4,7.0,B
7815,39,16,6,4,1d12+4,1d8+4,34,15,5,4,1d10+4,1d6+4,4.0,A
7816,39,17,7,4,1d10+4,1d8+4,45,14,8,4,1d8+4,1d8+4,8.0,A
7817,41,16,7,4,1d8+4,1d6+4,40,17,8,4,1d8+4,1d8+4,3.0,A
7818,33,18,8,4,1d12+4,1d8+4,34,16,5,4,1d8+4,1d6+4,2.0,A
7819,46,16,8,4,1d10+4,1d8+4,42,17,7,4,1d8+4,1d6+4,0.0,B
7820,37,15,8,4,1d10+4,1d8+4,36,14,6,4,1d12+4,1d6+4,3.0,A
7821,41,15,7,4,1d12+4,1d8+4,44,15,7,4,1d10+4,1d6+4,8.0,B
7822,32,16,5,4,1d10+4,1d8+4,39,17,8,4,1d10+4,1d8+4,0.0,B
7823,44,15,6,4,1d10+4,1d8+4,42,16,8,4,1d10+4,1d8+4,10.0,B
7824,49,18,5,4,1d8+4,1d8+4,45,14,5,4,1d8+4,1d8+4,8.0,A
7825,43,16,7,4,1d8+4,1d8+4,44,17,7,4,1d8+4,1d8+4,3.0,A
7826,37,16,7,4,1d12+4,1d6+4,31,17,6,4,1d8+4,1d6+4,6.0,A
7827,32,17,8,4,1d12+4,1d6+4,37,16,5,4,1d10+4,1d8+4,9.0,B
7828,48,16,5,4,1d8+4,1d8+4,33,18,8,4,1d12+4,1d6+4,4.0,A
7829,45,16,8,4,1d12+4,1d6+4,47,17,8,4,1d12+4,1d6+4,3.0,B
7830,33,15,7,4,1d10+4,1d6+4,41,17,6,4,1d12+4,1d6+4,3.0,A
7831,31,17,7,4,1d10+4,1d6+4,38,16,7,4,1d10+4,1d8+4,4.0,B
7832,45,18,8,4,1d10+4,1d6+4,35,16,6,4,1d12+4,1d8+4,3.0,A
7833,42,14,6,4,1d10+4,1d6+4,43,14,5,4,1d8+4,1d6+4,8.0,A
7834,44,14,6,4,1d12+4,1d6+4,34,18,7,4,1d10+4,1d6+4,3.0,B
7835,40,16,5,4,1d8+4,1d8+4,32,17,7,4,1d8+4,1d8+4,10.0,A
7836,50,17,6,4,1d8+4,1d6+4,30,15,8,4,1d12+4,1d6+4,7.0,B
7837,39,16,5,4,1d8+4,1d8+4,36,17,8,4,1d10+4,1d6+4,4.0,B
7838,43,15,7,4,1d10+4,1d8+4,36,14,7,4,1d12+4,1d8+4,5.0,A
7839,32,14,6,4,1d10+4,1d6+4,49,15,8,4,1d12+4,1d6+4,4.0,B
7840,35,14,8,4,1d8+4,1d8+4,48,17,8,4,1d8+4,1d6+4,7.0,A
7841,47,17,6,4,1d10+4,1d6+4,32,14,5,4,1d10+4,1d8+4,10.0,B
7842,31,15,5,4,1d10+4,1d8+4,32,17,6,4,1d12+4,1d6+4,0.0,B
7843,41,15,5,4,1d8+4,1d6+4,49,18,8,4,1d12+4,1d6+4,6.0,B
7844,44,15,5,4,1d8+4,1d8+4,50,15,7,4,1d12+4,1d8+4,1.0,B
7845,35,14,6,4,1d12+4,1d8+4,47,17,7,4,1d10+4,1d6+4,4.0,B
7846,38,14,7,4,1d8+4,1d8+4,44,18,6,4,1d8+4,1d8+4,2.0,B
7847,35,16,6,4,1d12+4,1d6+4,37,15,8,4,1d12+4,1d8+4,9.0,B
7848,44,15,5,4,1d10+4,1d6+4,39,14,8,4,1d10+4,1d8+4,5.0,B
7849,30,18,5,4,1d8+4,1d6+4,36,14,7,4,1d12+4,1d8+4,10.0,B
7850,41,14,8,4,1d10+4,1d8+4,33,14,8,4,1d12+4,1d8+4,0.0,A
7851,39,16,7,4,1d10+4,1d8+4,33,17,5,4,1d8+4,1d8+4,8.0,A
7852,40,14,7,4,1d10+4,1d8+4,38,15,8,4,1d10+4,1d6+4,1.0,B
7853,40,17,5,4,1d12+4,1d8+4,39,17,6,4,1d10+4,1d8+4,5.0,A
7854,49,17,8,4,1d8+4,1d8+4,42,18,8,4,1d10+4,1d8+4,1.0,B
7855,35,16,8,4,1d10+4,1d6+4,48,16,5,4,1d12+4,1d8+4,7.0,B
7856,50,17,6,4,1d10+4,1d8+4,40,15,6,4,1d12+4,1d8+4,8.0,B
7857,33,15,6,4,1d10+4,1d6+4,37,15,7,4,1d10+4,1d8+4,1.0,B
7858,32,17,8,4,1d8+4,1d8+4,46,16,7,4,1d10+4,1d8+4,5.0,B
7859,41,17,5,4,1d10+4,1d6+4,35,17,5,4,1d10+4,1d8+4,7.0,A
7860,45,17,7,4,1d12+4,1d8+4,33,15,5,4,1d8+4,1d6+4,5.0,A
7861,40,15,8,4,1d8+4,1d6+4,44,17,6,4,1d10+4,1d6+4,6.0,A
7862,46,18,6,4,1d8+4,1d6+4,46,17,5,4,1d12+4,1d6+4,1.0,B
7863,40,16,7,4,1d12+4,1d6+4,30,14,7,4,1d10+4,1d8+4,3.0,A
7864,34,18,7,4,1d10+4,1d6+4,47,18,7,4,1d10+4,1d6+4,7.0,B
7865,35,18,6,4,1d8+4,1d8+4,43,18,7,4,1d12+4,1d8+4,8.0,A
7866,39,14,5,4,1d10+4,1d8+4,32,14,7,4,1d12+4,1d6+4,8.0,A
7867,36,17,8,4,1d8+4,1d6+4,35,15,6,4,1d10+4,1d8+4,1.0,A
7868,36,18,8,4,1d12+4,1d8+4,39,14,8,4,1d12+4,1d8+4,0.0,A
7869,43,18,5,4,1d10+4,1d8+4,39,15,8,4,1d10+4,1d8+4,2.0,A
7870,48,18,5,4,1d8+4,1d6+4,45,16,5,4,1d12+4,1d6+4,6.0,B
7871,42,16,8,4,1d10+4,1d6+4,35,17,6,4,1d10+4,1d8+4,1.0,A
7872,46,18,8,4,1d12+4,1d6+4,34,18,8,4,1d12+4,1d6+4,5.0,A
7873,47,15,6,4,1d8+4,1d6+4,47,18,6,4,1d12+4,1d8+4,3.0,B
7874,31,14,8,4,1d12+4,1d6+4,45,14,6,4,1d12+4,1d6+4,4.0,A
7875,31,16,6,4,1d8+4,1d6+4,45,17,8,4,1d8+4,1d6+4,5.0,B
7876,32,16,6,4,1d8+4,1d8+4,38,16,5,4,1d8+4,1d6+4,7.0,B
7877,38,15,7,4,1d8+4,1d8+4,41,18,7,4,1d12+4,1d8+4,10.0,B
7878,31,16,7,4,1d8+4,1d6+4,33,15,7,4,1d10+4,1d8+4,8.0,A
7879,37,15,8,4,1d8+4,1d8+4,48,15,8,4,1d8+4,1d8+4,4.0,B
7880,47,18,7,4,1d8+4,1d8+4,44,15,7,4,1d8+4,1d8+4,0.0,A
7881,39,14,7,4,1d8+4,1d8+4,36,17,5,4,1d8+4,1d6+4,8.0,A
7882,50,17,7,4,1d12+4,1d6+4,41,15,6,4,1d12+4,1d8+4,1.0,A
7883,43,15,5,4,1d10+4,1d8+4,40,14,5,4,1d10+4,1d6+4,2.0,B
7884,41,18,5,4,1d10+4,1d6+4,46,18,7,4,1d12+4,1d6+4,7.0,B
7885,36,14,8,4,1d10+4,1d6+4,43,14,8,4,1d8+4,1d6+4,7.0,B
7886,46,14,5,4,1d10+4,1d8+4,31,14,8,4,1d8+4,1d8+4,5.0,A
7887,35,15,8,4,1d10+4,1d8+4,30,15,8,4,1d8+4,1d8+4,3.0,B
7888,38,17,5,4,1d8+4,1d6+4,49,14,8,4,1d8+4,1d6+4,6.0,B
7889,34,14,7,4,1d10+4,1d8+4,49,16,6,4,1d12+4,1d6+4,7.0,B
7890,45,15,6,4,1d12+4,1d8+4,31,17,5,4,1d12+4,1d8+4,10.0,A
7891,42,14,8,4,1d8+4,1d6+4,30,15,7,4,1d8+4,1d6+4,0.0,A
7892,38,17,7,4,1d10+4,1d6+4,35,16,5,4,1d10+4,1d8+4,8.0,A
7893,44,16,7,4,1d8+4,1d8+4,44,18,8,4,1d8+4,1d8+4,3.0,A
7894,46,15,8,4,1d10+4,1d6+4,39,18,7,4,1d10+4,1d8+4,2.0,A
7895,40,18,5,4,1d10+4,1d8+4,48,15,7,4,1d10+4,1d6+4,7.0,B
7896,32,17,8,4,1d8+4,1d6+4,42,15,7,4,1d12+4,1d8+4,8.0,B
7897,36,18,8,4,1d8+4,1d8+4,37,16,5,4,1d10+4,1d8+4,4.0,A
7898,38,17,6,4,1d10+4,1d6+4,47,17,7,4,1d8+4,1d6+4,9.0,A
7899,47,17,7,4,1d10+4,1d8+4,40,16,5,4,1d8+4,1d6+4,9.0,A
7900,33,16,5,4,1d8+4,1d6+4,36,18,5,4,1d8+4,1d8+4,7.0,B
7901,31,14,6,4,1d10+4,1d8+4,32,16,7,4,1d12+4,1d6+4,0.0,A
7902,47,16,8,4,1d10+4,1d6+4,40,15,7,4,1d10+4,1d8+4,1.0,A
7903,43,18,8,4,1d10+4,1d8+4,33,16,8,4,1d10+4,1d8+4,4.0,A
7904,30,14,7,4,1d10+4,1d8+4,49,17,6,4,1d12+4,1d6+4,0.0,B
7905,33,15,8,4,1d12+4,1d8+4,42,15,5,4,1d10+4,1d8+4,3.0,B
7906,38,16,5,4,1d10+4,1d8+4,49,14,5,4,1d10+4,1d8+4,9.0,A
7907,38,17,8,4,1d8+4,1d8+4,32,18,8,4,1d10+4,1d8+4,7.0,A
7908,42,16,8,4,1d10+4,1d8+4,37,16,5,4,1d10+4,1d8+4,4.0,A
7909,49,15,7,4,1d8+4,1d8+4,31,15,5,4,1d12+4,1d6+4,10.0,A
7910,34,14,6,4,1d10+4,1d6+4,31,18,6,4,1d8+4,1d8+4,9.0,A
7911,37,16,5,4,1d8+4,1d8+4,36,17,6,4,1d10+4,1d6+4,6.0,B
7912,33,15,8,4,1d8+4,1d6+4,38,15,6,4,1d10+4,1d6+4,3.0,B
7913,43,17,6,4,1d8+4,1d8+4,46,15,6,4,1d8+4,1d8+4,4.0,A
7914,41,18,7,4,1d12+4,1d6+4,33,14,8,4,1d8+4,1d8+4,6.0,A
7915,37,17,5,4,1d8+4,1d8+4,37,18,8,4,1d8+4,1d6+4,6.0,B
7916,33,15,6,4,1d8+4,1d8+4,50,16,5,4,1d8+4,1d8+4,5.0,B
7917,50,14,5,4,1d12+4,1d6+4,39,18,7,4,1d12+4,1d6+4,6.0,B
7918,42,15,8,4,1d12+4,1d6+4,48,16,8,4,1d10+4,1d8+4,9.0,B
7919,42,15,7,4,1d8+4,1d6+4,43,14,7,4,1d10+4,1d6+4,8.0,B
7920,40,18,6,4,1d10+4,1d6+4,36,16,8,4,1d8+4,1d6+4,6.0,B
7921,34,18,5,4,1d8+4,1d8+4,40,17,8,4,1d10+4,1d8+4,4.0,B
7922,37,17,5,4,1d10+4,1d8+4,31,18,8,4,1d10+4,1d6+4,8.0,A
7923,33,15,7,4,1d12+4,1d8+4,39,14,7,4,1d10+4,1d6+4,1.0,B
7924,44,16,7,4,1d12+4,1d6+4,36,14,5,4,1d10+4,1d8+4,3.0,A
7925,47,15,8,4,1d8+4,1d6+4,48,16,6,4,1d8+4,1d6+4,8.0,A
7926,42,14,8,4,1d12+4,1d6+4,49,17,8,4,1d12+4,1d8+4,1.0,B
7927,43,17,7,4,1d10+4,1d6+4,36,16,6,4,1d12+4,1d6+4,10.0,A
7928,43,14,7,4,1d12+4,1d8+4,47,14,7,4,1d12+4,1d6+4,0.0,A
7929,46,15,5,4,1d10+4,1d8+4,33,15,7,4,1d10+4,1d8+4,0.0,A
7930,45,15,8,4,1d8+4,1d6+4,37,15,7,4,1d8+4,1d6+4,5.0,A
7931,31,18,7,4,1d12+4,1d8+4,44,16,7,4,1d10+4,1d6+4,6.0,A
7932,37,18,7,4,1d8+4,1d6+4,41,18,8,4,1d12+4,1d8+4,7.0,B
7933,30,17,6,4,1d12+4,1d8+4,45,18,7,4,1d12+4,1d6+4,1.0,A
7934,38,16,7,4,1d10+4,1d6+4,37,16,6,4,1d10+4,1d8+4,10.0,B
7935,47,14,6,4,1d12+4,1d6+4,39,14,7,4,1d10+4,1d6+4,4.0,A
7936,33,17,8,4,1d10+4,1d8+4,32,14,8,4,1d12+4,1d6+4,10.0,A
7937,30,14,8,4,1d8+4,1d8+4,36,14,6,4,1d8+4,1d6+4,9.0,A
7938,34,15,8,4,1d10+4,1d6+4,43,15,7,4,1d10+4,1d8+4,6.0,A
7939,35,15,8,4,1d12+4,1d8+4,49,16,6,4,1d10+4,1d8+4,0.0,B
7940,43,18,7,4,1d8+4,1d6+4,46,14,7,4,1d10+4,1d6+4,8.0,B
7941,34,16,6,4,1d8+4,1d8+4,30,15,6,4,1d10+4,1d8+4,7.0,A
7942,47,15,5,4,1d8+4,1d6+4,32,14,8,4,1d10+4,1d8+4,4.0,B
7943,48,16,5,4,1d12+4,1d8+4,41,18,7,4,1d10+4,1d6+4,8.0,B
7944,33,17,7,4,1d8+4,1d8+4,30,17,7,4,1d12+4,1d8+4,7.0,B
7945,43,16,7,4,1d8+4,1d6+4,39,17,5,4,1d10+4,1d8+4,9.0,A
7946,40,15,8,4,1d8+4,1d8+4,48,18,8,4,1d12+4,1d6+4,0.0,B
7947,46,17,6,4,1d10+4,1d8+4,31,18,6,4,1d8+4,1d6+4,3.0,A
7948,37,14,7,4,1d10+4,1d8+4,45,17,8,4,1d10+4,1d8+4,0.0,B
7949,33,16,8,4,1d12+4,1d6+4,48,16,5,4,1d8+4,1d6+4,3.0,B
7950,40,17,7,4,1d8+4,1d6+4,46,15,5,4,1d8+4,1d8+4,9.0,A
7951,47,16,7,4,1d10+4,1d8+4,45,16,5,4,1d12+4,1d8+4,9.0,B
7952,30,17,6,4,1d8+4,1d6+4,30,18,5,4,1d10+4,1d8+4,2.0,A
7953,46,17,7,4,1d8+4,1d6+4,38,16,8,4,1d12+4,1d6+4,2.0,B
7954,43,18,5,4,1d8+4,1d8+4,33,15,7,4,1d8+4,1d6+4,6.0,B
7955,30,15,6,4,1d10+4,1d6+4,42,17,5,4,1d8+4,1d8+4,0.0,A
7956,43,17,8,4,1d10+4,1d8+4,45,18,7,4,1d10+4,1d6+4,2.0,B
7957,31,17,6,4,1d12+4,1d6+4,43,18,8,4,1d8+4,1d8+4,1.0,B
7958,32,17,6,4,1d8+4,1d8+4,46,18,7,4,1d10+4,1d8+4,4.0,A
7959,40,15,7,4,1d8+4,1d8+4,44,17,6,4,1d12+4,1d6+4,2.0,B
7960,44,14,5,4,1d10+4,1d8+4,48,15,5,4,1d10+4,1d8+4,7.0,B
7961,39,17,7,4,1d10+4,1d6+4,41,15,5,4,1d10+4,1d6+4,8.0,B
7962,33,15,5,4,1d8+4,1d8+4,31,15,5,4,1d10+4,1d8+4,9.0,B
7963,31,17,8,4,1d10+4,1d6+4,30,18,8,4,1d12+4,1d6+4,4.0,A
7964,30,18,6,4,1d8+4,1d6+4,46,17,6,4,1d10+4,1d8+4,5.0,A
7965,35,14,7,4,1d8+4,1d6+4,36,16,8,4,1d12+4,1d8+4,10.0,A
7966,49,18,8,4,1d8+4,1d6+4,43,18,5,4,1d10+4,1d6+4,6.0,A
7967,32,17,7,4,1d10+4,1d6+4,31,15,8,4,1d10+4,1d6+4,6.0,B
7968,30,15,7,4,1d12+4,1d8+4,30,16,8,4,1d8+4,1d8+4,9.0,B
7969,40,17,5,4,1d8+4,1d6+4,49,17,7,4,1d12+4,1d6+4,2.0,B
7970,44,17,7,4,1d12+4,1d8+4,41,18,7,4,1d12+4,1d6+4,8.0,B
7971,34,14,6,4,1d12+4,1d8+4,39,17,5,4,1d10+4,1d8+4,4.0,A
7972,46,16,6,4,1d8+4,1d8+4,30,15,7,4,1d8+4,1d6+4,2.0,A
7973,30,16,6,4,1d10+4,1d8+4,34,15,8,4,1d8+4,1d8+4,8.0,A
7974,49,14,7,4,1d10+4,1d8+4,30,18,6,4,1d12+4,1d8+4,3.0,A
7975,33,14,5,4,1d8+4,1d8+4,42,15,8,4,1d12+4,1d8+4,10.0,B
7976,50,17,8,4,1d8+4,1d8+4,34,18,5,4,1d12+4,1d8+4,10.0,A
7977,36,18,6,4,1d8+4,1d8+4,31,18,6,4,1d12+4,1d8+4,1.0,A
7978,35,16,8,4,1d8+4,1d8+4,40,16,5,4,1d12+4,1d8+4,5.0,A
7979,42,17,5,4,1d10+4,1d8+4,31,14,5,4,1d12+4,1d6+4,7.0,B
7980,50,14,7,4,1d10+4,1d6+4,50,15,5,4,1d10+4,1d6+4,10.0,A
7981,50,17,5,4,1d12+4,1d8+4,33,18,7,4,1d8+4,1d6+4,0.0,A
7982,43,17,6,4,1d10+4,1d8+4,44,18,8,4,1d8+4,1d8+4,4.0,A
7983,48,15,7,4,1d8+4,1d8+4,41,14,8,4,1d8+4,1d6+4,6.0,B
7984,34,15,8,4,1d12+4,1d8+4,47,18,8,4,1d8+4,1d8+4,2.0,A
7985,38,15,7,4,1d12+4,1d6+4,35,16,7,4,1d10+4,1d8+4,8.0,A
7986,41,14,8,4,1d10+4,1d6+4,34,14,7,4,1d10+4,1d6+4,8.0,A
7987,38,16,5,4,1d8+4,1d6+4,33,15,6,4,1d8+4,1d6+4,7.0,A
7988,31,17,5,4,1d12+4,1d6+4,36,14,5,4,1d12+4,1d8+4,7.0,A
7989,38,15,5,4,1d10+4,1d6+4,35,18,7,4,1d12+4,1d8+4,1.0,B
7990,36,16,8,4,1d12+4,1d6+4,49,16,5,4,1d8+4,1d8+4,5.0,B
7991,38,15,7,4,1d12+4,1d6+4,41,18,5,4,1d8+4,1d6+4,1.0,B
7992,47,16,6,4,1d12+4,1d8+4,37,14,8,4,1d10+4,1d6+4,9.0,B
7993,32,16,6,4,1d10+4,1d6+4,38,17,7,4,1d10+4,1d8+4,6.0,B
7994,49,16,7,4,1d10+4,1d8+4,40,18,7,4,1d8+4,1d8+4,7.0,B
7995,41,18,7,4,1d12+4,1d6+4,31,18,6,4,1d10+4,1d6+4,6.0,B
7996,32,14,5,4,1d10+4,1d8+4,36,18,7,4,1d8+4,1d8+4,0.0,A
7997,32,18,6,4,1d10+4,1d8+4,49,17,5,4,1d10+4,1d8+4,6.0,A
7998,50,17,6,4,1d10+4,1d8+4,46,17,7,4,1d10+4,1d6+4,0.0,B
7999,30,18,8,4,1d8+4,1d8+4,46,15,8,4,1d10+4,1d6+4,6.0,B
8000,47,18,8,4,1d8+4,1d8+4,31,15,7,4,1d12+4,1d6+4,0.0,A
8001,32,18,7,4,1d8+4,1d8+4,36,16,6,4,1d10+4,1d6+4,0.0,A
8002,45,17,5,4,1d8+4,1d8+4,30,15,6,4,1d8+4,1d8+4,7.0,B
8003,41,16,6,4,1d8+4,1d8+4,41,17,7,4,1d8+4,1d6+4,7.0,B
8004,38,18,5,4,1d8+4,1d6+4,32,15,6,4,1d8+4,1d6+4,3.0,B
8005,31,18,7,4,1d8+4,1d6+4,41,15,8,4,1d12+4,1d8+4,5.0,B
8006,35,15,6,4,1d10+4,1d6+4,46,14,5,4,1d12+4,1d6+4,7.0,B
8007,48,15,6,4,1d12+4,1d6+4,37,16,6,4,1d8+4,1d8+4,6.0,B
8008,35,15,6,4,1d10+4,1d6+4,35,16,5,4,1d12+4,1d8+4,8.0,A
8009,37,17,6,4,1d8+4,1d8+4,37,15,6,4,1d8+4,1d8+4,8.0,B
8010,41,14,6,4,1d10+4,1d8+4,31,17,6,4,1d10+4,1d6+4,4.0,A
8011,45,17,5,4,1d10+4,1d6+4,31,17,7,4,1d10+4,1d8+4,3.0,B
8012,33,15,6,4,1d10+4,1d8+4,40,14,7,4,1d10+4,1d8+4,5.0,A
8013,41,14,7,4,1d12+4,1d6+4,36,16,8,4,1d12+4,1d8+4,9.0,A
8014,38,18,6,4,1d10+4,1d8+4,33,17,6,4,1d10+4,1d6+4,10.0,B
8015,35,15,8,4,1d10+4,1d8+4,45,15,5,4,1d10+4,1d8+4,2.0,B
8016,50,16,8,4,1d10+4,1d6+4,45,16,6,4,1d12+4,1d8+4,6.0,B
8017,30,17,5,4,1d10+4,1d6+4,38,17,7,4,1d10+4,1d8+4,4.0,B
8018,42,16,7,4,1d12+4,1d8+4,49,16,6,4,1d12+4,1d8+4,10.0,A
8019,45,18,8,4,1d8+4,1d6+4,40,16,6,4,1d10+4,1d6+4,6.0,A
8020,39,15,6,4,1d12+4,1d8+4,50,16,6,4,1d10+4,1d6+4,6.0,A
8021,48,14,6,4,1d10+4,1d8+4,46,14,7,4,1d12+4,1d8+4,8.0,A
8022,32,14,6,4,1d8+4,1d6+4,36,18,6,4,1d12+4,1d8+4,0.0,B
8023,38,18,5,4,1d12+4,1d8+4,48,17,6,4,1d12+4,1d6+4,0.0,A
8024,37,14,5,4,1d10+4,1d8+4,38,18,6,4,1d12+4,1d6+4,3.0,B
8025,48,14,8,4,1d12+4,1d8+4,50,14,6,4,1d10+4,1d8+4,0.0,B
8026,39,18,6,4,1d10+4,1d6+4,34,16,8,4,1d12+4,1d6+4,0.0,B
8027,42,18,5,4,1d10+4,1d6+4,40,18,5,4,1d12+4,1d8+4,3.0,A
8028,30,17,6,4,1d10+4,1d6+4,42,14,6,4,1d8+4,1d8+4,2.0,A
8029,30,17,7,4,1d8+4,1d6+4,49,15,8,4,1d8+4,1d6+4,4.0,A
8030,48,17,5,4,1d8+4,1d6+4,49,18,8,4,1d12+4,1d8+4,9.0,A
8031,40,18,8,4,1d12+4,1d8+4,37,16,5,4,1d10+4,1d6+4,8.0,A
8032,41,14,7,4,1d12+4,1d8+4,48,18,6,4,1d10+4,1d8+4,8.0,A
8033,41,17,5,4,1d8+4,1d8+4,42,17,5,4,1d8+4,1d6+4,4.0,B
8034,36,16,5,4,1d10+4,1d8+4,46,14,6,4,1d10+4,1d6+4,4.0,B
8035,46,14,7,4,1d10+4,1d8+4,42,14,6,4,1d12+4,1d6+4,9.0,A
8036,46,15,8,4,1d10+4,1d6+4,44,18,7,4,1d8+4,1d6+4,0.0,A
8037,31,18,5,4,1d8+4,1d6+4,30,17,8,4,1d8+4,1d6+4,7.0,A
8038,38,18,6,4,1d12+4,1d8+4,47,17,5,4,1d12+4,1d8+4,2.0,A
8039,50,15,6,4,1d8+4,1d6+4,41,15,8,4,1d8+4,1d6+4,1.0,A
8040,30,16,5,4,1d8+4,1d8+4,48,18,8,4,1d8+4,1d6+4,4.0,B
8041,40,17,6,4,1d10+4,1d6+4,34,14,5,4,1d12+4,1d8+4,4.0,B
8042,43,14,5,4,1d12+4,1d8+4,43,17,7,4,1d8+4,1d6+4,7.0,B
8043,32,17,8,4,1d10+4,1d6+4,37,15,5,4,1d10+4,1d6+4,2.0,A
8044,36,15,5,4,1d12+4,1d6+4,36,14,8,4,1d8+4,1d6+4,6.0,A
8045,40,15,5,4,1d8+4,1d8+4,44,14,8,4,1d10+4,1d6+4,3.0,B
8046,44,17,6,4,1d10+4,1d8+4,48,17,6,4,1d12+4,1d6+4,4.0,A
8047,39,14,5,4,1d12+4,1d6+4,43,14,7,4,1d8+4,1d8+4,4.0,B
8048,39,15,8,4,1d12+4,1d8+4,30,15,7,4,1d12+4,1d8+4,4.0,A
8049,34,18,5,4,1d12+4,1d6+4,47,17,7,4,1d12+4,1d6+4,1.0,B
8050,30,17,8,4,1d12+4,1d6+4,33,18,7,4,1d12+4,1d6+4,4.0,B
8051,45,18,7,4,1d10+4,1d6+4,38,14,8,4,1d10+4,1d6+4,2.0,A
8052,41,17,7,4,1d8+4,1d6+4,42,18,6,4,1d10+4,1d8+4,5.0,A
8053,37,18,8,4,1d10+4,1d6+4,38,18,6,4,1d10+4,1d8+4,6.0,A
8054,50,18,7,4,1d10+4,1d8+4,40,18,6,4,1d10+4,1d6+4,9.0,A
8055,45,15,5,4,1d8+4,1d8+4,48,18,8,4,1d12+4,1d8+4,2.0,B
8056,31,16,5,4,1d10+4,1d8+4,35,17,7,4,1d12+4,1d8+4,10.0,B
8057,41,15,8,4,1d8+4,1d8+4,47,15,8,4,1d12+4,1d6+4,3.0,B
8058,42,16,6,4,1d8+4,1d6+4,37,14,7,4,1d8+4,1d6+4,8.0,B
8059,34,15,6,4,1d12+4,1d6+4,50,16,8,4,1d10+4,1d8+4,4.0,A
8060,50,16,6,4,1d8+4,1d8+4,31,14,8,4,1d10+4,1d6+4,0.0,A
8061,32,14,8,4,1d12+4,1d6+4,38,14,8,4,1d8+4,1d6+4,9.0,B
8062,34,17,7,4,1d12+4,1d8+4,45,17,5,4,1d8+4,1d6+4,9.0,B
8063,35,16,8,4,1d12+4,1d8+4,49,15,8,4,1d10+4,1d6+4,5.0,A
8064,41,18,6,4,1d12+4,1d8+4,47,14,6,4,1d12+4,1d8+4,1.0,B
8065,42,17,6,4,1d8+4,1d8+4,44,18,5,4,1d10+4,1d6+4,9.0,A
8066,32,14,5,4,1d8+4,1d8+4,42,14,8,4,1d8+4,1d6+4,7.0,B
8067,33,16,5,4,1d10+4,1d8+4,48,14,8,4,1d12+4,1d6+4,7.0,B
8068,32,14,8,4,1d8+4,1d6+4,45,16,5,4,1d8+4,1d8+4,8.0,B
8069,50,17,8,4,1d12+4,1d8+4,50,18,5,4,1d8+4,1d8+4,6.0,A
8070,37,16,5,4,1d12+4,1d8+4,41,16,5,4,1d12+4,1d8+4,10.0,A
8071,40,17,6,4,1d8+4,1d8+4,44,16,7,4,1d12+4,1d8+4,5.0,A
8072,35,16,8,4,1d12+4,1d6+4,34,16,5,4,1d12+4,1d8+4,0.0,A
8073,33,17,8,4,1d12+4,1d8+4,45,15,6,4,1d12+4,1d8+4,5.0,B
8074,45,18,6,4,1d12+4,1d6+4,49,17,8,4,1d8+4,1d6+4,5.0,B
8075,40,17,6,4,1d10+4,1d6+4,50,17,5,4,1d12+4,1d8+4,7.0,A
8076,41,15,7,4,1d8+4,1d8+4,34,18,6,4,1d12+4,1d8+4,7.0,A
8077,49,14,8,4,1d10+4,1d8+4,32,16,5,4,1d12+4,1d8+4,1.0,A
8078,38,18,6,4,1d8+4,1d8+4,49,17,7,4,1d12+4,1d6+4,10.0,B
8079,49,16,7,4,1d8+4,1d6+4,39,18,5,4,1d10+4,1d6+4,1.0,B
8080,50,14,6,4,1d12+4,1d8+4,42,18,7,4,1d10+4,1d6+4,9.0,A
8081,48,17,8,4,1d10+4,1d8+4,45,16,7,4,1d10+4,1d8+4,8.0,A
8082,48,15,8,4,1d8+4,1d8+4,39,17,6,4,1d10+4,1d6+4,10.0,B
8083,34,18,8,4,1d10+4,1d6+4,40,15,5,4,1d10+4,1d6+4,5.0,A
8084,39,17,8,4,1d8+4,1d6+4,36,17,8,4,1d10+4,1d6+4,10.0,B
8085,32,14,7,4,1d8+4,1d6+4,35,14,6,4,1d10+4,1d6+4,10.0,A
8086,34,18,8,4,1d8+4,1d6+4,39,14,8,4,1d8+4,1d6+4,2.0,B
8087,38,17,7,4,1d12+4,1d6+4,40,17,5,4,1d12+4,1d8+4,10.0,B
8088,42,18,8,4,1d10+4,1d6+4,49,15,6,4,1d8+4,1d6+4,4.0,A
8089,48,18,6,4,1d10+4,1d8+4,30,18,8,4,1d10+4,1d6+4,3.0,A
8090,34,15,6,4,1d12+4,1d6+4,34,14,6,4,1d8+4,1d6+4,6.0,A
8091,40,18,6,4,1d8+4,1d6+4,46,15,7,4,1d12+4,1d6+4,2.0,B
8092,43,15,7,4,1d12+4,1d8+4,45,14,5,4,1d10+4,1d6+4,9.0,A
8093,35,17,6,4,1d8+4,1d8+4,43,17,8,4,1d10+4,1d6+4,2.0,A
8094,30,18,6,4,1d12+4,1d8+4,40,14,7,4,1d12+4,1d6+4,8.0,A
8095,33,17,8,4,1d12+4,1d8+4,49,15,5,4,1d12+4,1d8+4,4.0,A
8096,37,18,6,4,1d8+4,1d6+4,36,16,7,4,1d12+4,1d6+4,6.0,B
8097,39,16,7,4,1d10+4,1d6+4,33,14,7,4,1d10+4,1d8+4,4.0,A
8098,31,18,6,4,1d10+4,1d8+4,34,18,8,4,1d12+4,1d8+4,1.0,B
8099,36,14,8,4,1d10+4,1d6+4,36,17,7,4,1d8+4,1d6+4,0.0,A
8100,47,16,8,4,1d8+4,1d8+4,42,16,5,4,1d10+4,1d6+4,0.0,A
8101,33,16,8,4,1d10+4,1d8+4,39,16,8,4,1d10+4,1d8+4,10.0,B
8102,44,15,5,4,1d8+4,1d8+4,50,18,5,4,1d12+4,1d8+4,0.0,A
8103,36,15,5,4,1d8+4,1d6+4,50,18,8,4,1d8+4,1d6+4,3.0,B
8104,48,16,5,4,1d12+4,1d6+4,43,17,6,4,1d12+4,1d8+4,1.0,A
8105,42,14,6,4,1d12+4,1d6+4,39,15,5,4,1d8+4,1d8+4,2.0,A
8106,39,14,5,4,1d8+4,1d6+4,48,16,7,4,1d8+4,1d8+4,5.0,B
8107,44,14,5,4,1d10+4,1d6+4,43,14,7,4,1d12+4,1d6+4,5.0,B
8108,34,15,8,4,1d10+4,1d8+4,30,18,8,4,1d12+4,1d8+4,10.0,A
8109,37,17,6,4,1d10+4,1d8+4,31,15,8,4,1d8+4,1d8+4,9.0,A
8110,50,17,8,4,1d8+4,1d8+4,38,14,5,4,1d10+4,1d6+4,2.0,A
8111,35,18,5,4,1d8+4,1d8+4,40,14,8,4,1d10+4,1d6+4,0.0,A
8112,43,17,5,4,1d8+4,1d6+4,36,17,6,4,1d8+4,1d6+4,2.0,B
8113,35,15,7,4,1d12+4,1d6+4,35,14,6,4,1d8+4,1d8+4,7.0,A
8114,43,17,8,4,1d10+4,1d8+4,39,17,7,4,1d12+4,1d6+4,2.0,A
8115,33,18,5,4,1d8+4,1d6+4,31,14,7,4,1d8+4,1d6+4,7.0,B
8116,48,18,8,4,1d12+4,1d8+4,35,14,6,4,1d12+4,1d8+4,5.0,A
8117,33,18,8,4,1d10+4,1d8+4,32,17,8,4,1d10+4,1d6+4,3.0,B
8118,42,14,7,4,1d12+4,1d8+4,32,18,6,4,1d8+4,1d8+4,3.0,A
8119,40,18,6,4,1d8+4,1d8+4,50,14,8,4,1d8+4,1d6+4,0.0,A
8120,38,18,5,4,1d12+4,1d8+4,45,14,7,4,1d8+4,1d6+4,2.0,A
8121,44,18,6,4,1d8+4,1d8+4,30,18,8,4,1d10+4,1d6+4,6.0,B
8122,45,14,7,4,1d8+4,1d8+4,33,15,5,4,1d12+4,1d6+4,10.0,B
8123,31,15,7,4,1d8+4,1d6+4,31,15,5,4,1d10+4,1d6+4,6.0,B
8124,41,16,6,4,1d10+4,1d6+4,46,18,6,4,1d8+4,1d8+4,5.0,A
8125,39,16,5,4,1d10+4,1d6+4,45,17,6,4,1d10+4,1d8+4,5.0,B
8126,43,18,7,4,1d10+4,1d6+4,48,18,7,4,1d10+4,1d6+4,0.0,B
8127,35,17,5,4,1d10+4,1d6+4,44,17,5,4,1d10+4,1d8+4,6.0,B
8128,39,15,8,4,1d8+4,1d8+4,43,17,6,4,1d12+4,1d8+4,3.0,A
8129,30,17,7,4,1d12+4,1d8+4,44,18,5,4,1d8+4,1d6+4,3.0,B
8130,49,18,7,4,1d12+4,1d6+4,34,16,8,4,1d12+4,1d6+4,3.0,A
8131,48,15,8,4,1d10+4,1d8+4,47,18,8,4,1d8+4,1d6+4,5.0,B
8132,47,15,7,4,1d10+4,1d8+4,50,15,8,4,1d10+4,1d8+4,3.0,B
8133,39,14,7,4,1d8+4,1d8+4,50,17,5,4,1d10+4,1d8+4,2.0,B
8134,31,17,8,4,1d10+4,1d8+4,48,18,5,4,1d10+4,1d6+4,6.0,B
8135,38,14,5,4,1d8+4,1d8+4,38,15,8,4,1d8+4,1d8+4,3.0,A
8136,36,18,6,4,1d12+4,1d6+4,33,15,5,4,1d12+4,1d8+4,0.0,A
8137,39,14,6,4,1d8+4,1d6+4,43,18,8,4,1d8+4,1d6+4,1.0,A
8138,38,15,8,4,1d10+4,1d6+4,48,16,7,4,1d10+4,1d6+4,0.0,A
8139,50,17,8,4,1d12+4,1d6+4,38,14,8,4,1d10+4,1d8+4,8.0,B
8140,31,16,8,4,1d8+4,1d8+4,38,17,7,4,1d12+4,1d8+4,7.0,B
8141,37,18,5,4,1d10+4,1d8+4,45,17,5,4,1d12+4,1d8+4,6.0,B
8142,49,15,6,4,1d12+4,1d8+4,38,18,5,4,1d12+4,1d8+4,5.0,A
8143,30,16,7,4,1d10+4,1d8+4,44,18,5,4,1d12+4,1d8+4,4.0,B
8144,39,16,8,4,1d10+4,1d6+4,38,18,6,4,1d10+4,1d8+4,6.0,B
8145,41,16,6,4,1d8+4,1d8+4,46,17,5,4,1d8+4,1d8+4,4.0,A
8146,44,16,5,4,1d12+4,1d6+4,48,17,8,4,1d12+4,1d6+4,0.0,B
8147,37,15,5,4,1d10+4,1d6+4,34,16,7,4,1d8+4,1d6+4,7.0,A
8148,46,17,7,4,1d10+4,1d6+4,46,14,5,4,1d8+4,1d8+4,8.0,A
8149,35,14,5,4,1d12+4,1d6+4,45,16,5,4,1d10+4,1d8+4,8.0,B
8150,46,18,6,4,1d10+4,1d6+4,30,18,8,4,1d12+4,1d8+4,10.0,A
8151,46,15,5,4,1d8+4,1d6+4,39,15,5,4,1d12+4,1d6+4,0.0,A
8152,32,16,8,4,1d10+4,1d6+4,36,15,5,4,1d10+4,1d8+4,5.0,B
8153,44,16,5,4,1d12+4,1d8+4,30,18,5,4,1d12+4,1d8+4,4.0,B
8154,49,16,8,4,1d12+4,1d8+4,46,17,7,4,1d12+4,1d8+4,2.0,B
8155,50,18,5,4,1d10+4,1d6+4,50,17,7,4,1d12+4,1d6+4,6.0,B
8156,34,16,7,4,1d10+4,1d6+4,44,14,6,4,1d10+4,1d8+4,6.0,A
8157,49,15,7,4,1d12+4,1d6+4,34,18,8,4,1d10+4,1d6+4,7.0,B
8158,50,15,8,4,1d12+4,1d6+4,45,14,7,4,1d12+4,1d8+4,0.0,A
8159,40,15,6,4,1d12+4,1d6+4,49,16,5,4,1d8+4,1d6+4,5.0,B
8160,40,18,6,4,1d10+4,1d8+4,41,14,7,4,1d10+4,1d8+4,1.0,B
8161,43,14,6,4,1d12+4,1d6+4,36,18,7,4,1d12+4,1d6+4,10.0,B
8162,42,16,6,4,1d8+4,1d6+4,44,17,6,4,1d12+4,1d8+4,1.0,B
8163,32,16,5,4,1d10+4,1d6+4,38,16,7,4,1d10+4,1d6+4,0.0,B
8164,35,17,5,4,1d8+4,1d6+4,32,18,8,4,1d12+4,1d6+4,9.0,B
8165,45,15,6,4,1d8+4,1d8+4,37,15,5,4,1d8+4,1d8+4,5.0,A
8166,39,18,7,4,1d12+4,1d6+4,49,14,5,4,1d10+4,1d8+4,3.0,A
8167,34,16,6,4,1d8+4,1d8+4,41,18,6,4,1d12+4,1d6+4,1.0,A
8168,44,16,7,4,1d12+4,1d6+4,42,14,7,4,1d8+4,1d8+4,6.0,A
8169,30,14,5,4,1d12+4,1d8+4,50,18,5,4,1d10+4,1d8+4,9.0,B
8170,33,16,7,4,1d10+4,1d6+4,35,18,6,4,1d10+4,1d6+4,10.0,B
8171,49,14,5,4,1d8+4,1d6+4,30,15,8,4,1d8+4,1d8+4,10.0,A
8172,36,18,6,4,1d12+4,1d8+4,45,18,8,4,1d12+4,1d6+4,3.0,B
8173,40,15,6,4,1d12+4,1d6+4,50,14,7,4,1d12+4,1d8+4,9.0,B
8174,46,17,6,4,1d10+4,1d8+4,48,15,5,4,1d12+4,1d8+4,10.0,A
8175,33,18,7,4,1d12+4,1d6+4,47,15,7,4,1d10+4,1d8+4,10.0,B
8176,34,17,5,4,1d12+4,1d8+4,39,16,7,4,1d10+4,1d8+4,2.0,B
8177,50,16,7,4,1d12+4,1d6+4,35,17,6,4,1d10+4,1d8+4,7.0,A
8178,32,17,6,4,1d8+4,1d6+4,37,15,6,4,1d10+4,1d8+4,5.0,A
8179,35,18,7,4,1d12+4,1d8+4,41,18,5,4,1d10+4,1d6+4,2.0,B
8180,40,15,7,4,1d8+4,1d6+4,32,14,7,4,1d8+4,1d8+4,6.0,A
8181,36,14,5,4,1d12+4,1d6+4,33,16,7,4,1d10+4,1d8+4,4.0,B
8182,43,17,6,4,1d10+4,1d6+4,43,16,8,4,1d8+4,1d8+4,10.0,A
8183,36,16,8,4,1d10+4,1d6+4,50,17,8,4,1d12+4,1d8+4,4.0,A
8184,46,14,6,4,1d10+4,1d8+4,43,14,5,4,1d8+4,1d6+4,0.0,A
8185,40,17,8,4,1d8+4,1d6+4,46,16,6,4,1d12+4,1d6+4,4.0,A
8186,39,14,5,4,1d10+4,1d8+4,41,15,6,4,1d8+4,1d6+4,2.0,B
8187,43,16,8,4,1d8+4,1d6+4,40,15,8,4,1d10+4,1d6+4,6.0,A
8188,45,17,7,4,1d10+4,1d8+4,31,16,8,4,1d10+4,1d6+4,3.0,A
8189,35,14,7,4,1d12+4,1d6+4,36,18,8,4,1d12+4,1d8+4,1.0,A
8190,34,16,8,4,1d8+4,1d8+4,37,14,8,4,1d8+4,1d8+4,5.0,A
8191,46,14,6,4,1d10+4,1d6+4,34,15,6,4,1d10+4,1d6+4,10.0,B
8192,31,15,5,4,1d8+4,1d6+4,35,15,8,4,1d12+4,1d6+4,2.0,B
8193,36,15,8,4,1d10+4,1d6+4,41,18,7,4,1d8+4,1d8+4,5.0,B
8194,39,14,7,4,1d8+4,1d6+4,49,18,5,4,1d12+4,1d6+4,9.0,B
8195,44,15,6,4,1d12+4,1d6+4,31,14,8,4,1d10+4,1d8+4,10.0,A
8196,46,14,5,4,1d10+4,1d6+4,42,16,7,4,1d12+4,1d6+4,0.0,B
8197,32,16,5,4,1d12+4,1d6+4,30,14,6,4,1d8+4,1d6+4,6.0,A
8198,34,15,5,4,1d8+4,1d8+4,41,17,5,4,1d8+4,1d8+4,10.0,A
8199,45,14,8,4,1d8+4,1d6+4,32,16,7,4,1d12+4,1d8+4,9.0,A
8200,44,18,8,4,1d10+4,1d8+4,50,14,8,4,1d8+4,1d6+4,6.0,A
8201,43,16,8,4,1d8+4,1d6+4,47,14,5,4,1d12+4,1d8+4,10.0,A
8202,32,15,5,4,1d10+4,1d6+4,37,14,8,4,1d8+4,1d8+4,9.0,B
8203,41,14,5,4,1d10+4,1d8+4,45,16,8,4,1d12+4,1d8+4,7.0,A
8204,31,17,8,4,1d8+4,1d6+4,49,17,5,4,1d10+4,1d6+4,8.0,B
8205,41,14,5,4,1d8+4,1d6+4,37,14,6,4,1d12+4,1d8+4,6.0,B
8206,45,17,6,4,1d12+4,1d8+4,32,15,8,4,1d10+4,1d8+4,1.0,A
8207,41,16,5,4,1d10+4,1d6+4,46,17,7,4,1d10+4,1d6+4,4.0,B
8208,30,16,6,4,1d12+4,1d6+4,39,14,7,4,1d8+4,1d8+4,2.0,A
8209,40,17,7,4,1d12+4,1d6+4,31,16,8,4,1d8+4,1d6+4,0.0,B
8210,47,18,7,4,1d10+4,1d6+4,35,17,8,4,1d8+4,1d8+4,5.0,A
8211,37,15,8,4,1d10+4,1d6+4,36,18,7,4,1d10+4,1d6+4,6.0,A
8212,33,17,6,4,1d12+4,1d6+4,37,15,7,4,1d10+4,1d8+4,6.0,A
8213,44,15,5,4,1d8+4,1d6+4,36,18,6,4,1d8+4,1d8+4,9.0,A
8214,43,17,5,4,1d8+4,1d8+4,50,15,8,4,1d12+4,1d8+4,4.0,B
8215,49,14,5,4,1d8+4,1d6+4,32,16,6,4,1d8+4,1d6+4,6.0,A
8216,45,16,5,4,1d12+4,1d8+4,36,16,8,4,1d10+4,1d6+4,5.0,A
8217,44,18,5,4,1d8+4,1d8+4,47,14,7,4,1d8+4,1d6+4,8.0,B
8218,32,17,5,4,1d12+4,1d8+4,32,15,5,4,1d8+4,1d8+4,10.0,A
8219,49,16,7,4,1d10+4,1d6+4,36,15,6,4,1d12+4,1d6+4,10.0,B
8220,38,14,6,4,1d12+4,1d8+4,42,15,5,4,1d12+4,1d6+4,7.0,A
8221,48,17,6,4,1d8+4,1d8+4,33,16,8,4,1d12+4,1d8+4,4.0,A
8222,31,17,6,4,1d8+4,1d6+4,44,18,7,4,1d10+4,1d8+4,5.0,B
8223,35,14,5,4,1d12+4,1d8+4,43,16,6,4,1d10+4,1d8+4,9.0,A
8224,47,14,7,4,1d10+4,1d6+4,40,18,6,4,1d12+4,1d8+4,4.0,A
8225,34,18,7,4,1d10+4,1d8+4,30,17,5,4,1d12+4,1d6+4,4.0,B
8226,48,17,6,4,1d8+4,1d6+4,44,16,8,4,1d10+4,1d6+4,1.0,A
8227,33,14,5,4,1d10+4,1d6+4,43,15,8,4,1d8+4,1d8+4,4.0,A
8228,45,14,8,4,1d8+4,1d8+4,44,17,8,4,1d12+4,1d6+4,8.0,B
8229,32,18,6,4,1d10+4,1d8+4,50,16,7,4,1d12+4,1d6+4,3.0,B
8230,32,18,5,4,1d12+4,1d6+4,33,15,6,4,1d10+4,1d8+4,5.0,A
8231,41,16,5,4,1d8+4,1d8+4,42,18,6,4,1d10+4,1d6+4,9.0,A
8232,50,15,6,4,1d10+4,1d6+4,48,17,8,4,1d8+4,1d6+4,5.0,A
8233,31,15,7,4,1d12+4,1d6+4,33,15,6,4,1d10+4,1d6+4,7.0,A
8234,35,15,7,4,1d12+4,1d6+4,33,14,5,4,1d10+4,1d6+4,0.0,B
8235,35,16,8,4,1d10+4,1d8+4,35,14,8,4,1d10+4,1d8+4,2.0,B
8236,37,17,8,4,1d12+4,1d6+4,42,18,7,4,1d12+4,1d6+4,3.0,B
8237,45,16,7,4,1d10+4,1d8+4,42,16,6,4,1d10+4,1d6+4,0.0,A
8238,31,15,8,4,1d8+4,1d6+4,48,15,7,4,1d12+4,1d8+4,9.0,A
8239,36,14,8,4,1d10+4,1d6+4,47,14,7,4,1d8+4,1d8+4,10.0,A
8240,36,17,5,4,1d10+4,1d6+4,43,17,7,4,1d8+4,1d6+4,6.0,B
8241,40,15,8,4,1d10+4,1d8+4,46,14,8,4,1d8+4,1d6+4,5.0,B
8242,47,14,6,4,1d8+4,1d8+4,45,16,7,4,1d8+4,1d8+4,10.0,B
8243,46,15,5,4,1d8+4,1d6+4,40,16,5,4,1d8+4,1d8+4,6.0,A
8244,39,16,7,4,1d10+4,1d6+4,45,18,6,4,1d8+4,1d8+4,2.0,B
8245,48,14,7,4,1d12+4,1d8+4,48,14,6,4,1d8+4,1d6+4,6.0,A
8246,50,16,5,4,1d12+4,1d6+4,35,14,8,4,1d8+4,1d6+4,1.0,A
8247,32,18,7,4,1d12+4,1d6+4,41,14,7,4,1d12+4,1d8+4,6.0,A
8248,48,15,8,4,1d10+4,1d8+4,42,16,7,4,1d10+4,1d6+4,2.0,B
8249,32,18,6,4,1d10+4,1d8+4,45,15,8,4,1d12+4,1d8+4,3.0,A
8250,32,16,5,4,1d8+4,1d8+4,49,16,6,4,1d8+4,1d6+4,1.0,B
8251,36,18,5,4,1d8+4,1d8+4,39,14,6,4,1d10+4,1d6+4,8.0,A
8252,38,14,6,4,1d8+4,1d6+4,37,17,8,4,1d8+4,1d6+4,1.0,B
8253,43,14,8,4,1d8+4,1d6+4,41,15,8,4,1d10+4,1d6+4,1.0,B
8254,35,17,6,4,1d8+4,1d8+4,42,16,8,4,1d12+4,1d6+4,9.0,A
8255,42,18,6,4,1d10+4,1d6+4,48,17,5,4,1d8+4,1d6+4,9.0,B
8256,44,15,7,4,1d8+4,1d6+4,33,17,5,4,1d10+4,1d8+4,8.0,A
8257,38,14,8,4,1d12+4,1d6+4,43,16,6,4,1d12+4,1d6+4,6.0,A
8258,32,17,5,4,1d12+4,1d8+4,36,16,6,4,1d10+4,1d6+4,4.0,A
8259,37,15,5,4,1d12+4,1d8+4,48,15,5,4,1d10+4,1d8+4,1.0,B
8260,33,17,5,4,1d8+4,1d8+4,30,14,7,4,1d8+4,1d8+4,9.0,B
8261,44,17,5,4,1d12+4,1d8+4,47,16,7,4,1d12+4,1d8+4,1.0,A
8262,38,15,7,4,1d12+4,1d6+4,38,15,7,4,1d10+4,1d8+4,10.0,A
8263,35,16,7,4,1d12+4,1d6+4,43,17,7,4,1d12+4,1d6+4,5.0,A
8264,32,16,8,4,1d8+4,1d8+4,48,15,6,4,1d12+4,1d6+4,3.0,B
8265,46,16,5,4,1d12+4,1d6+4,46,15,8,4,1d12+4,1d8+4,9.0,B
8266,31,17,5,4,1d10+4,1d8+4,38,14,8,4,1d8+4,1d8+4,3.0,B
8267,35,18,6,4,1d12+4,1d8+4,48,18,8,4,1d8+4,1d6+4,7.0,B
8268,48,16,6,4,1d12+4,1d6+4,32,14,5,4,1d12+4,1d8+4,8.0,A
8269,46,17,5,4,1d12+4,1d6+4,49,16,7,4,1d10+4,1d6+4,7.0,A
8270,30,17,6,4,1d10+4,1d8+4,44,18,6,4,1d12+4,1d6+4,6.0,A
8271,41,18,8,4,1d8+4,1d8+4,39,18,5,4,1d8+4,1d6+4,4.0,A
8272,40,18,6,4,1d12+4,1d8+4,32,18,7,4,1d12+4,1d8+4,1.0,A
8273,44,18,6,4,1d10+4,1d8+4,50,18,8,4,1d10+4,1d6+4,8.0,B
8274,30,17,5,4,1d12+4,1d8+4,42,15,8,4,1d10+4,1d6+4,2.0,A
8275,30,16,6,4,1d12+4,1d6+4,31,17,6,4,1d8+4,1d8+4,10.0,B
8276,40,14,5,4,1d10+4,1d6+4,33,15,7,4,1d8+4,1d8+4,5.0,A
8277,33,17,8,4,1d8+4,1d8+4,33,15,8,4,1d12+4,1d6+4,7.0,A
8278,46,14,6,4,1d12+4,1d8+4,49,18,8,4,1d10+4,1d8+4,2.0,A
8279,39,18,6,4,1d10+4,1d8+4,39,14,5,4,1d10+4,1d8+4,6.0,A
8280,42,17,8,4,1d8+4,1d8+4,46,17,7,4,1d10+4,1d8+4,7.0,B
8281,47,16,7,4,1d8+4,1d6+4,30,16,8,4,1d10+4,1d6+4,7.0,B
8282,47,18,8,4,1d10+4,1d6+4,43,14,8,4,1d10+4,1d8+4,6.0,A
8283,33,18,7,4,1d10+4,1d6+4,47,17,8,4,1d12+4,1d8+4,10.0,B
8284,47,15,5,4,1d10+4,1d6+4,41,16,7,4,1d12+4,1d8+4,4.0,B
8285,37,18,6,4,1d10+4,1d6+4,33,16,5,4,1d10+4,1d6+4,6.0,A
8286,48,14,8,4,1d10+4,1d6+4,45,18,8,4,1d8+4,1d8+4,9.0,B
8287,41,14,7,4,1d12+4,1d6+4,35,18,8,4,1d8+4,1d8+4,3.0,A
8288,44,17,5,4,1d8+4,1d8+4,31,14,5,4,1d10+4,1d8+4,5.0,A
8289,35,18,5,4,1d8+4,1d8+4,49,15,6,4,1d8+4,1d8+4,2.0,B
8290,30,17,7,4,1d12+4,1d6+4,37,16,5,4,1d10+4,1d6+4,5.0,B
8291,34,18,5,4,1d10+4,1d6+4,39,18,6,4,1d12+4,1d6+4,5.0,B
8292,39,14,6,4,1d10+4,1d8+4,35,15,7,4,1d10+4,1d6+4,8.0,B
8293,32,16,8,4,1d8+4,1d6+4,39,14,5,4,1d12+4,1d8+4,4.0,A
8294,34,17,7,4,1d12+4,1d8+4,32,14,7,4,1d8+4,1d8+4,1.0,A
8295,46,17,6,4,1d8+4,1d8+4,49,16,5,4,1d8+4,1d6+4,0.0,B
8296,34,18,8,4,1d12+4,1d8+4,48,17,6,4,1d8+4,1d8+4,2.0,B
8297,37,18,6,4,1d12+4,1d6+4,46,18,7,4,1d8+4,1d8+4,3.0,A
8298,40,17,5,4,1d8+4,1d6+4,45,18,7,4,1d12+4,1d6+4,9.0,B
8299,48,14,8,4,1d10+4,1d8+4,33,16,5,4,1d10+4,1d8+4,8.0,A
8300,50,16,7,4,1d10+4,1d6+4,39,14,8,4,1d12+4,1d6+4,2.0,B
8301,35,14,8,4,1d8+4,1d8+4,49,18,8,4,1d12+4,1d8+4,9.0,B
8302,48,15,5,4,1d12+4,1d6+4,50,15,7,4,1d10+4,1d8+4,3.0,B
8303,34,17,6,4,1d10+4,1d8+4,38,15,5,4,1d10+4,1d6+4,4.0,A
8304,40,18,5,4,1d8+4,1d6+4,48,18,8,4,1d8+4,1d8+4,10.0,A
8305,42,16,7,4,1d10+4,1d8+4,38,15,7,4,1d8+4,1d6+4,9.0,A
8306,43,17,8,4,1d12+4,1d8+4,45,18,7,4,1d8+4,1d8+4,8.0,A
8307,44,18,7,4,1d12+4,1d6+4,48,18,6,4,1d8+4,1d8+4,8.0,B
8308,32,16,8,4,1d10+4,1d8+4,33,17,8,4,1d8+4,1d8+4,6.0,A
8309,41,18,5,4,1d10+4,1d8+4,40,17,8,4,1d10+4,1d8+4,5.0,A
8310,30,14,6,4,1d10+4,1d8+4,35,14,6,4,1d10+4,1d6+4,1.0,B
8311,34,18,7,4,1d12+4,1d6+4,50,16,8,4,1d8+4,1d8+4,1.0,A
8312,33,15,6,4,1d12+4,1d8+4,45,15,8,4,1d8+4,1d8+4,5.0,B
8313,32,17,7,4,1d12+4,1d6+4,48,17,8,4,1d8+4,1d8+4,6.0,B
8314,45,17,8,4,1d8+4,1d8+4,36,17,6,4,1d8+4,1d6+4,10.0,B
8315,32,14,5,4,1d8+4,1d6+4,50,15,6,4,1d8+4,1d8+4,9.0,B
8316,35,18,6,4,1d12+4,1d6+4,32,18,6,4,1d10+4,1d8+4,9.0,A
8317,41,18,8,4,1d8+4,1d8+4,46,17,5,4,1d8+4,1d6+4,7.0,A
8318,44,17,7,4,1d10+4,1d8+4,40,17,8,4,1d12+4,1d8+4,6.0,A
8319,30,14,5,4,1d12+4,1d8+4,47,15,5,4,1d10+4,1d6+4,2.0,B
8320,34,18,8,4,1d12+4,1d6+4,33,14,7,4,1d10+4,1d6+4,6.0,B
8321,47,18,8,4,1d12+4,1d6+4,41,14,5,4,1d8+4,1d8+4,8.0,A
8322,36,17,5,4,1d8+4,1d8+4,44,14,5,4,1d8+4,1d6+4,1.0,B
8323,36,16,7,4,1d8+4,1d6+4,47,18,7,4,1d8+4,1d8+4,8.0,B
8324,36,16,6,4,1d10+4,1d6+4,45,17,8,4,1d8+4,1d6+4,6.0,B
8325,31,14,7,4,1d10+4,1d6+4,39,14,7,4,1d12+4,1d8+4,2.0,B
8326,32,16,6,4,1d10+4,1d6+4,32,14,5,4,1d8+4,1d8+4,5.0,A
8327,31,16,5,4,1d8+4,1d6+4,44,16,5,4,1d8+4,1d6+4,2.0,B
8328,36,14,6,4,1d10+4,1d8+4,30,17,7,4,1d10+4,1d8+4,9.0,B
8329,33,17,7,4,1d8+4,1d8+4,49,15,7,4,1d12+4,1d8+4,4.0,A
8330,38,14,8,4,1d8+4,1d6+4,39,15,8,4,1d12+4,1d8+4,8.0,B
8331,37,15,8,4,1d12+4,1d6+4,30,16,7,4,1d8+4,1d6+4,7.0,A
8332,33,16,6,4,1d10+4,1d6+4,34,16,5,4,1d10+4,1d8+4,7.0,B
8333,31,15,8,4,1d10+4,1d6+4,40,15,5,4,1d12+4,1d8+4,2.0,A
8334,45,14,6,4,1d10+4,1d8+4,34,14,6,4,1d12+4,1d6+4,6.0,A
8335,35,17,5,4,1d12+4,1d6+4,43,18,8,4,1d8+4,1d8+4,2.0,B
8336,30,15,5,4,1d8+4,1d6+4,34,18,8,4,1d12+4,1d6+4,9.0,B
8337,43,16,5,4,1d8+4,1d6+4,35,17,5,4,1d12+4,1d6+4,9.0,B
8338,46,15,7,4,1d12+4,1d6+4,43,18,7,4,1d10+4,1d8+4,3.0,B
8339,31,18,8,4,1d8+4,1d6+4,35,15,7,4,1d8+4,1d6+4,2.0,B
8340,43,15,8,4,1d8+4,1d6+4,43,18,7,4,1d12+4,1d6+4,2.0,B
8341,42,18,7,4,1d10+4,1d8+4,40,16,5,4,1d8+4,1d6+4,7.0,A
8342,35,17,7,4,1d10+4,1d6+4,36,15,6,4,1d8+4,1d6+4,6.0,A
8343,47,15,6,4,1d10+4,1d8+4,40,14,5,4,1d12+4,1d6+4,8.0,B
8344,32,14,5,4,1d10+4,1d8+4,37,18,7,4,1d10+4,1d8+4,0.0,A
8345,39,14,5,4,1d12+4,1d8+4,31,17,7,4,1d8+4,1d6+4,7.0,A
8346,50,15,7,4,1d10+4,1d6+4,45,17,5,4,1d8+4,1d8+4,2.0,A
8347,50,15,6,4,1d10+4,1d8+4,42,18,7,4,1d10+4,1d6+4,2.0,B
8348,30,18,6,4,1d8+4,1d6+4,38,15,7,4,1d12+4,1d6+4,8.0,A
8349,39,17,8,4,1d8+4,1d8+4,45,16,8,4,1d12+4,1d6+4,2.0,A
8350,47,14,5,4,1d12+4,1d8+4,34,15,8,4,1d8+4,1d6+4,5.0,A
8351,42,14,7,4,1d12+4,1d6+4,41,15,6,4,1d8+4,1d8+4,6.0,A
8352,33,15,7,4,1d10+4,1d8+4,46,16,6,4,1d12+4,1d6+4,2.0,A
8353,47,14,5,4,1d10+4,1d6+4,32,17,8,4,1d10+4,1d8+4,2.0,A
8354,47,16,7,4,1d10+4,1d6+4,44,14,7,4,1d12+4,1d6+4,8.0,B
8355,42,17,5,4,1d8+4,1d8+4,50,15,7,4,1d10+4,1d8+4,2.0,B
8356,36,15,8,4,1d8+4,1d6+4,38,18,6,4,1d10+4,1d6+4,8.0,B
8357,39,18,6,4,1d8+4,1d6+4,42,15,8,4,1d12+4,1d6+4,5.0,B
8358,44,16,8,4,1d12+4,1d8+4,33,18,5,4,1d10+4,1d6+4,8.0,A
8359,33,15,8,4,1d8+4,1d8+4,41,16,8,4,1d10+4,1d6+4,4.0,A
8360,42,18,5,4,1d12+4,1d8+4,45,15,5,4,1d8+4,1d6+4,6.0,A
8361,48,18,6,4,1d12+4,1d6+4,33,18,6,4,1d10+4,1d6+4,6.0,A
8362,35,16,7,4,1d10+4,1d6+4,33,14,8,4,1d8+4,1d8+4,0.0,B
8363,38,18,7,4,1d8+4,1d6+4,45,14,8,4,1d10+4,1d8+4,4.0,A
8364,41,15,7,4,1d8+4,1d8+4,33,16,7,4,1d12+4,1d8+4,7.0,A
8365,49,14,8,4,1d12+4,1d6+4,40,15,5,4,1d10+4,1d8+4,1.0,A
8366,33,17,8,4,1d12+4,1d8+4,42,18,8,4,1d12+4,1d8+4,1.0,B
8367,38,15,6,4,1d12+4,1d6+4,32,18,8,4,1d8+4,1d6+4,6.0,B
8368,38,14,5,4,1d10+4,1d6+4,45,17,7,4,1d10+4,1d6+4,10.0,A
8369,38,17,8,4,1d10+4,1d6+4,32,16,6,4,1d12+4,1d6+4,6.0,A
8370,47,15,5,4,1d12+4,1d6+4,40,16,7,4,1d8+4,1d8+4,7.0,A
8371,44,14,7,4,1d10+4,1d8+4,33,14,6,4,1d8+4,1d8+4,8.0,A
8372,37,18,6,4,1d8+4,1d8+4,31,16,5,4,1d12+4,1d6+4,7.0,A
8373,44,14,6,4,1d10+4,1d6+4,33,17,6,4,1d8+4,1d6+4,5.0,B
8374,49,14,8,4,1d10+4,1d8+4,41,17,8,4,1d8+4,1d6+4,8.0,A
8375,44,16,7,4,1d8+4,1d8+4,48,18,6,4,1d10+4,1d8+4,0.0,A
8376,41,18,8,4,1d10+4,1d8+4,44,18,5,4,1d8+4,1d8+4,6.0,B
8377,39,18,8,4,1d10+4,1d8+4,31,18,7,4,1d10+4,1d6+4,2.0,A
8378,48,18,8,4,1d10+4,1d8+4,48,15,7,4,1d8+4,1d8+4,0.0,A
8379,46,14,5,4,1d10+4,1d6+4,41,14,5,4,1d8+4,1d8+4,2.0,A
8380,30,14,6,4,1d8+4,1d6+4,36,18,5,4,1d12+4,1d8+4,0.0,B
8381,42,15,5,4,1d10+4,1d6+4,38,17,8,4,1d12+4,1d8+4,3.0,A
8382,35,16,5,4,1d10+4,1d8+4,43,18,8,4,1d10+4,1d6+4,5.0,B
8383,38,17,7,4,1d10+4,1d8+4,41,18,5,4,1d10+4,1d6+4,6.0,A
8384,38,18,6,4,1d12+4,1d6+4,33,17,6,4,1d8+4,1d6+4,2.0,A
8385,42,14,6,4,1d8+4,1d8+4,30,17,6,4,1d12+4,1d6+4,0.0,B
8386,34,18,7,4,1d10+4,1d6+4,42,18,8,4,1d12+4,1d8+4,6.0,B
8387,33,17,6,4,1d8+4,1d8+4,39,18,6,4,1d8+4,1d6+4,7.0,B
8388,37,16,6,4,1d8+4,1d8+4,47,18,6,4,1d12+4,1d6+4,4.0,B
8389,48,17,7,4,1d10+4,1d6+4,37,18,5,4,1d8+4,1d8+4,3.0,B
8390,32,14,7,4,1d10+4,1d6+4,36,17,7,4,1d8+4,1d6+4,3.0,A
8391,41,16,8,4,1d12+4,1d8+4,38,18,6,4,1d12+4,1d8+4,2.0,A
8392,45,14,7,4,1d10+4,1d8+4,47,14,7,4,1d10+4,1d6+4,7.0,A
8393,42,18,8,4,1d8+4,1d8+4,48,16,6,4,1d8+4,1d6+4,10.0,A
8394,32,17,6,4,1d8+4,1d8+4,37,16,7,4,1d8+4,1d6+4,4.0,B
8395,33,16,8,4,1d8+4,1d6+4,50,14,5,4,1d8+4,1d8+4,9.0,A
8396,43,17,5,4,1d12+4,1d6+4,44,15,8,4,1d10+4,1d6+4,2.0,A
8397,39,15,6,4,1d8+4,1d6+4,48,15,6,4,1d10+4,1d6+4,3.0,A
8398,49,17,8,4,1d10+4,1d8+4,50,14,8,4,1d8+4,1d6+4,6.0,A
8399,44,14,6,4,1d10+4,1d6+4,39,14,7,4,1d12+4,1d8+4,3.0,A
8400,33,14,8,4,1d12+4,1d6+4,50,14,7,4,1d10+4,1d8+4,3.0,A
8401,47,18,5,4,1d8+4,1d6+4,48,16,7,4,1d8+4,1d8+4,9.0,B
8402,35,17,6,4,1d10+4,1d6+4,35,15,8,4,1d10+4,1d8+4,3.0,B
8403,38,15,5,4,1d10+4,1d6+4,36,18,7,4,1d12+4,1d8+4,7.0,B
8404,33,17,8,4,1d12+4,1d8+4,39,16,6,4,1d8+4,1d6+4,8.0,B
8405,47,17,6,4,1d8+4,1d8+4,49,18,6,4,1d12+4,1d6+4,6.0,B
8406,47,14,5,4,1d10+4,1d8+4,37,14,5,4,1d10+4,1d8+4,9.0,A
8407,44,14,5,4,1d10+4,1d8+4,30,18,7,4,1d12+4,1d6+4,6.0,A
8408,33,15,7,4,1d10+4,1d6+4,42,18,5,4,1d8+4,1d8+4,4.0,B
8409,33,15,5,4,1d12+4,1d8+4,46,16,8,4,1d12+4,1d8+4,5.0,B
8410,42,16,8,4,1d12+4,1d6+4,41,18,6,4,1d10+4,1d8+4,5.0,A
8411,36,17,8,4,1d10+4,1d6+4,40,17,7,4,1d8+4,1d6+4,7.0,A
8412,49,14,6,4,1d12+4,1d8+4,44,14,6,4,1d8+4,1d8+4,9.0,A
8413,46,17,7,4,1d10+4,1d6+4,30,15,5,4,1d10+4,1d6+4,8.0,A
8414,38,15,6,4,1d12+4,1d6+4,49,17,5,4,1d8+4,1d6+4,4.0,B
8415,32,18,5,4,1d12+4,1d8+4,31,17,6,4,1d10+4,1d6+4,0.0,B
8416,50,16,8,4,1d8+4,1d6+4,42,17,7,4,1d8+4,1d6+4,5.0,A
8417,32,18,6,4,1d12+4,1d8+4,32,18,7,4,1d10+4,1d8+4,7.0,B
8418,49,17,6,4,1d10+4,1d6+4,32,14,8,4,1d8+4,1d8+4,10.0,A
8419,42,14,7,4,1d10+4,1d8+4,45,18,7,4,1d10+4,1d8+4,2.0,A
8420,44,17,5,4,1d12+4,1d6+4,45,16,7,4,1d10+4,1d6+4,4.0,A
8421,48,16,5,4,1d10+4,1d6+4,31,16,5,4,1d10+4,1d8+4,2.0,A
8422,47,15,8,4,1d8+4,1d6+4,46,18,6,4,1d12+4,1d8+4,2.0,A
8423,41,16,6,4,1d12+4,1d6+4,49,14,8,4,1d8+4,1d8+4,0.0,B
8424,33,15,6,4,1d12+4,1d8+4,42,15,5,4,1d12+4,1d6+4,3.0,A
8425,32,18,7,4,1d12+4,1d6+4,32,15,7,4,1d12+4,1d8+4,10.0,A
8426,41,18,8,4,1d8+4,1d6+4,32,14,7,4,1d10+4,1d6+4,9.0,A
8427,39,16,7,4,1d12+4,1d6+4,34,14,8,4,1d8+4,1d6+4,3.0,A
8428,40,14,7,4,1d12+4,1d6+4,38,18,7,4,1d12+4,1d8+4,3.0,A
8429,31,14,6,4,1d12+4,1d8+4,47,17,5,4,1d12+4,1d6+4,6.0,B
8430,37,14,8,4,1d10+4,1d8+4,44,17,6,4,1d10+4,1d6+4,1.0,B
8431,46,16,6,4,1d10+4,1d8+4,42,16,7,4,1d10+4,1d6+4,6.0,A
8432,44,14,7,4,1d8+4,1d6+4,42,17,5,4,1d8+4,1d8+4,7.0,A
8433,34,16,7,4,1d12+4,1d8+4,38,17,5,4,1d12+4,1d6+4,7.0,B
8434,43,14,6,4,1d10+4,1d8+4,46,16,5,4,1d12+4,1d8+4,0.0,B
8435,44,14,8,4,1d8+4,1d8+4,43,17,8,4,1d10+4,1d8+4,5.0,B
8436,46,16,8,4,1d12+4,1d8+4,31,18,8,4,1d10+4,1d6+4,3.0,B
8437,48,18,6,4,1d12+4,1d8+4,40,16,7,4,1d10+4,1d6+4,8.0,A
8438,32,18,8,4,1d12+4,1d8+4,36,16,5,4,1d8+4,1d6+4,2.0,B
8439,48,16,8,4,1d10+4,1d8+4,48,15,8,4,1d12+4,1d6+4,0.0,A
8440,35,15,8,4,1d8+4,1d6+4,45,15,6,4,1d12+4,1d6+4,8.0,B
8441,40,15,6,4,1d8+4,1d6+4,43,18,5,4,1d10+4,1d6+4,6.0,A
8442,39,18,5,4,1d10+4,1d8+4,46,16,8,4,1d10+4,1d8+4,4.0,B
8443,49,17,5,4,1d10+4,1d8+4,42,15,6,4,1d8+4,1d6+4,4.0,A
8444,48,17,5,4,1d12+4,1d8+4,49,14,7,4,1d12+4,1d8+4,2.0,B
8445,35,17,5,4,1d10+4,1d8+4,41,14,6,4,1d12+4,1d6+4,4.0,B
8446,36,18,6,4,1d10+4,1d8+4,39,17,6,4,1d12+4,1d8+4,4.0,A
8447,32,15,5,4,1d8+4,1d6+4,43,14,5,4,1d10+4,1d8+4,4.0,B
8448,50,15,7,4,1d10+4,1d8+4,43,17,6,4,1d10+4,1d8+4,1.0,A
8449,41,18,8,4,1d8+4,1d8+4,47,16,7,4,1d8+4,1d8+4,9.0,B
8450,39,18,8,4,1d8+4,1d6+4,44,18,8,4,1d8+4,1d8+4,10.0,B
8451,39,18,7,4,1d10+4,1d6+4,35,14,5,4,1d8+4,1d8+4,4.0,A
8452,39,15,6,4,1d10+4,1d6+4,42,14,7,4,1d12+4,1d6+4,0.0,B
8453,37,14,7,4,1d12+4,1d8+4,34,14,5,4,1d10+4,1d8+4,7.0,A
8454,44,16,6,4,1d10+4,1d8+4,42,14,7,4,1d12+4,1d8+4,5.0,A
8455,40,17,5,4,1d10+4,1d8+4,35,18,8,4,1d12+4,1d6+4,6.0,A
8456,42,14,6,4,1d12+4,1d8+4,30,17,6,4,1d10+4,1d6+4,7.0,B
8457,47,18,6,4,1d8+4,1d6+4,39,16,5,4,1d10+4,1d6+4,3.0,B
8458,37,15,6,4,1d10+4,1d8+4,50,16,8,4,1d8+4,1d6+4,5.0,A
8459,41,15,6,4,1d10+4,1d6+4,38,16,5,4,1d10+4,1d8+4,1.0,A
8460,45,17,8,4,1d10+4,1d8+4,45,16,8,4,1d10+4,1d6+4,6.0,A
8461,48,15,7,4,1d12+4,1d8+4,46,16,5,4,1d10+4,1d8+4,7.0,A
8462,47,15,6,4,1d12+4,1d8+4,39,14,7,4,1d12+4,1d8+4,10.0,B
8463,44,17,8,4,1d10+4,1d8+4,31,16,7,4,1d10+4,1d6+4,3.0,A
8464,38,17,6,4,1d8+4,1d6+4,50,17,5,4,1d10+4,1d6+4,0.0,B
8465,45,16,6,4,1d8+4,1d6+4,43,14,8,4,1d8+4,1d6+4,1.0,A
8466,36,14,8,4,1d12+4,1d8+4,36,16,8,4,1d8+4,1d8+4,9.0,B
8467,30,15,8,4,1d10+4,1d6+4,31,15,6,4,1d12+4,1d6+4,9.0,A
8468,45,17,7,4,1d8+4,1d6+4,30,17,8,4,1d12+4,1d6+4,4.0,A
8469,47,15,8,4,1d12+4,1d6+4,41,18,8,4,1d8+4,1d6+4,10.0,B
8470,37,14,7,4,1d10+4,1d6+4,37,17,5,4,1d8+4,1d8+4,7.0,B
8471,38,17,5,4,1d8+4,1d6+4,45,14,6,4,1d8+4,1d6+4,9.0,A
8472,42,17,7,4,1d8+4,1d8+4,49,18,7,4,1d10+4,1d8+4,0.0,A
8473,45,18,5,4,1d10+4,1d6+4,30,18,6,4,1d10+4,1d6+4,0.0,A
8474,36,18,5,4,1d8+4,1d8+4,49,18,8,4,1d12+4,1d6+4,8.0,B
8475,40,16,5,4,1d12+4,1d6+4,35,15,6,4,1d12+4,1d6+4,0.0,B
8476,42,14,5,4,1d8+4,1d8+4,33,17,5,4,1d8+4,1d6+4,6.0,A
8477,47,18,5,4,1d12+4,1d8+4,32,16,6,4,1d8+4,1d6+4,1.0,B
8478,45,17,5,4,1d12+4,1d6+4,49,18,5,4,1d12+4,1d6+4,9.0,B
8479,33,14,5,4,1d10+4,1d6+4,40,15,7,4,1d12+4,1d6+4,1.0,B
8480,35,17,6,4,1d10+4,1d8+4,34,18,6,4,1d10+4,1d8+4,3.0,B
8481,40,14,7,4,1d12+4,1d8+4,32,14,5,4,1d8+4,1d8+4,0.0,B
8482,49,17,7,4,1d10+4,1d8+4,42,16,7,4,1d8+4,1d6+4,6.0,A
8483,46,16,8,4,1d10+4,1d6+4,48,16,8,4,1d8+4,1d8+4,3.0,B
8484,32,15,8,4,1d12+4,1d6+4,46,18,5,4,1d12+4,1d8+4,1.0,A
8485,46,14,8,4,1d8+4,1d8+4,42,16,7,4,1d12+4,1d8+4,4.0,A
8486,30,14,6,4,1d10+4,1d8+4,39,14,6,4,1d12+4,1d8+4,7.0,B
8487,41,18,8,4,1d12+4,1d6+4,39,16,5,4,1d10+4,1d6+4,9.0,A
8488,41,18,5,4,1d10+4,1d8+4,49,17,8,4,1d8+4,1d6+4,3.0,B
8489,34,14,5,4,1d10+4,1d8+4,38,15,8,4,1d8+4,1d6+4,3.0,B
8490,48,16,5,4,1d8+4,1d6+4,30,17,5,4,1d10+4,1d8+4,1.0,A
8491,31,15,6,4,1d8+4,1d6+4,45,15,6,4,1d12+4,1d6+4,3.0,A
8492,41,16,8,4,1d10+4,1d6+4,44,15,5,4,1d10+4,1d8+4,2.0,A
8493,43,16,6,4,1d12+4,1d6+4,34,17,6,4,1d10+4,1d6+4,8.0,A
8494,40,17,7,4,1d8+4,1d8+4,49,18,7,4,1d10+4,1d8+4,9.0,A
8495,34,14,6,4,1d10+4,1d8+4,50,16,5,4,1d10+4,1d8+4,5.0,B
8496,49,15,5,4,1d8+4,1d6+4,38,17,8,4,1d12+4,1d8+4,1.0,B
8497,43,17,5,4,1d8+4,1d8+4,41,15,6,4,1d8+4,1d8+4,3.0,A
8498,40,18,7,4,1d12+4,1d6+4,44,18,6,4,1d10+4,1d6+4,2.0,A
8499,36,15,5,4,1d10+4,1d8+4,48,17,8,4,1d8+4,1d6+4,8.0,B
8500,36,15,5,4,1d12+4,1d6+4,37,17,7,4,1d12+4,1d8+4,6.0,B
8501,45,18,8,4,1d12+4,1d8+4,35,16,8,4,1d10+4,1d6+4,1.0,A
8502,37,17,6,4,1d12+4,1d8+4,37,17,8,4,1d10+4,1d6+4,2.0,A
8503,38,14,6,4,1d8+4,1d6+4,33,18,5,4,1d12+4,1d8+4,9.0,B
8504,38,14,5,4,1d10+4,1d8+4,30,17,6,4,1d8+4,1d8+4,0.0,A
8505,30,14,5,4,1d12+4,1d8+4,31,14,7,4,1d12+4,1d6+4,2.0,B
8506,48,16,8,4,1d12+4,1d6+4,46,14,8,4,1d12+4,1d8+4,9.0,A
8507,46,15,7,4,1d10+4,1d6+4,32,17,6,4,1d10+4,1d6+4,4.0,B
8508,31,14,8,4,1d12+4,1d6+4,34,16,7,4,1d10+4,1d8+4,2.0,B
8509,50,15,8,4,1d12+4,1d8+4,32,14,7,4,1d10+4,1d8+4,9.0,A
8510,43,16,5,4,1d10+4,1d8+4,35,17,6,4,1d12+4,1d6+4,4.0,A
8511,39,17,5,4,1d10+4,1d6+4,37,14,5,4,1d8+4,1d6+4,3.0,A
8512,44,18,7,4,1d10+4,1d6+4,37,18,5,4,1d12+4,1d8+4,8.0,A
8513,37,17,7,4,1d12+4,1d8+4,40,16,8,4,1d8+4,1d6+4,0.0,B
8514,33,18,8,4,1d10+4,1d6+4,40,16,7,4,1d10+4,1d8+4,1.0,A
8515,46,16,7,4,1d10+4,1d8+4,35,16,7,4,1d10+4,1d8+4,0.0,A
8516,50,16,5,4,1d10+4,1d8+4,36,14,5,4,1d12+4,1d6+4,3.0,A
8517,33,14,6,4,1d10+4,1d6+4,32,16,6,4,1d12+4,1d8+4,7.0,B
8518,45,14,8,4,1d10+4,1d8+4,41,16,8,4,1d12+4,1d6+4,4.0,B
8519,35,15,6,4,1d8+4,1d6+4,30,17,8,4,1d8+4,1d6+4,9.0,A
8520,47,15,8,4,1d12+4,1d6+4,41,14,6,4,1d12+4,1d6+4,10.0,A
8521,40,16,7,4,1d8+4,1d6+4,31,15,5,4,1d8+4,1d6+4,2.0,A
8522,43,15,5,4,1d12+4,1d8+4,43,18,7,4,1d12+4,1d6+4,7.0,B
8523,33,18,8,4,1d12+4,1d6+4,45,16,6,4,1d8+4,1d6+4,0.0,A
8524,30,14,5,4,1d8+4,1d8+4,47,15,5,4,1d12+4,1d6+4,1.0,B
8525,33,15,5,4,1d12+4,1d6+4,40,15,6,4,1d8+4,1d8+4,2.0,B
8526,32,14,8,4,1d12+4,1d8+4,48,15,8,4,1d10+4,1d6+4,6.0,A
8527,33,17,7,4,1d12+4,1d8+4,37,18,6,4,1d12+4,1d8+4,3.0,B
8528,42,17,6,4,1d10+4,1d8+4,43,17,5,4,1d8+4,1d6+4,10.0,A
8529,50,16,6,4,1d10+4,1d6+4,30,15,8,4,1d10+4,1d8+4,6.0,A
8530,42,14,5,4,1d8+4,1d6+4,42,17,5,4,1d8+4,1d6+4,2.0,A
8531,41,16,6,4,1d10+4,1d6+4,49,16,7,4,1d10+4,1d6+4,1.0,A
8532,36,17,5,4,1d12+4,1d6+4,33,18,8,4,1d10+4,1d6+4,4.0,A
8533,30,15,7,4,1d8+4,1d8+4,44,18,7,4,1d10+4,1d8+4,8.0,A
8534,47,15,5,4,1d12+4,1d6+4,33,17,5,4,1d12+4,1d8+4,4.0,A
8535,43,18,8,4,1d10+4,1d8+4,43,17,8,4,1d8+4,1d8+4,5.0,B
8536,49,15,6,4,1d10+4,1d6+4,38,16,6,4,1d8+4,1d6+4,0.0,B
8537,41,16,8,4,1d8+4,1d6+4,38,18,7,4,1d10+4,1d6+4,5.0,A
8538,31,18,8,4,1d10+4,1d8+4,36,14,7,4,1d10+4,1d8+4,4.0,A
8539,35,17,7,4,1d10+4,1d8+4,47,15,5,4,1d10+4,1d6+4,3.0,A
8540,36,16,7,4,1d10+4,1d8+4,43,15,6,4,1d12+4,1d8+4,9.0,B
8541,39,15,8,4,1d8+4,1d6+4,37,14,7,4,1d12+4,1d6+4,2.0,A
8542,42,16,5,4,1d10+4,1d8+4,48,14,8,4,1d8+4,1d6+4,10.0,A
8543,35,18,5,4,1d10+4,1d8+4,34,15,6,4,1d8+4,1d6+4,2.0,A
8544,37,17,6,4,1d8+4,1d6+4,44,17,8,4,1d10+4,1d8+4,10.0,B
8545,35,17,7,4,1d12+4,1d6+4,42,18,5,4,1d10+4,1d6+4,6.0,A
8546,34,17,8,4,1d8+4,1d8+4,42,14,8,4,1d12+4,1d6+4,5.0,A
8547,49,14,6,4,1d12+4,1d6+4,39,17,8,4,1d10+4,1d6+4,0.0,A
8548,36,17,8,4,1d12+4,1d6+4,47,16,6,4,1d8+4,1d8+4,4.0,B
8549,49,18,8,4,1d12+4,1d6+4,31,18,7,4,1d10+4,1d6+4,2.0,B
8550,35,18,5,4,1d12+4,1d8+4,33,18,5,4,1d8+4,1d6+4,7.0,A
8551,46,16,6,4,1d12+4,1d8+4,42,17,6,4,1d10+4,1d6+4,7.0,B
8552,35,17,6,4,1d8+4,1d6+4,34,18,5,4,1d8+4,1d8+4,5.0,A
8553,50,15,5,4,1d10+4,1d6+4,36,17,8,4,1d10+4,1d6+4,0.0,B
8554,39,15,5,4,1d10+4,1d8+4,37,14,7,4,1d10+4,1d8+4,1.0,A
8555,47,16,8,4,1d12+4,1d6+4,47,18,6,4,1d8+4,1d8+4,7.0,B
8556,30,14,8,4,1d10+4,1d8+4,30,14,6,4,1d8+4,1d6+4,7.0,A
8557,34,17,5,4,1d12+4,1d6+4,34,18,8,4,1d10+4,1d6+4,5.0,B
8558,31,17,5,4,1d10+4,1d6+4,50,15,8,4,1d12+4,1d8+4,0.0,B
8559,45,15,5,4,1d12+4,1d6+4,39,15,8,4,1d8+4,1d6+4,1.0,A
8560,43,16,8,4,1d10+4,1d6+4,33,15,7,4,1d8+4,1d8+4,1.0,A
8561,44,15,5,4,1d10+4,1d6+4,39,15,7,4,1d10+4,1d6+4,2.0,B
8562,39,15,6,4,1d10+4,1d8+4,43,16,5,4,1d8+4,1d6+4,9.0,A
8563,36,15,8,4,1d12+4,1d6+4,37,17,6,4,1d12+4,1d8+4,2.0,A
8564,42,15,6,4,1d10+4,1d6+4,50,18,8,4,1d10+4,1d8+4,6.0,B
8565,39,14,7,4,1d12+4,1d8+4,48,16,8,4,1d8+4,1d6+4,1.0,A
8566,30,18,8,4,1d10+4,1d6+4,49,15,5,4,1d8+4,1d8+4,10.0,B
8567,39,16,6,4,1d10+4,1d8+4,33,18,7,4,1d8+4,1d6+4,8.0,A
8568,49,14,7,4,1d12+4,1d8+4,45,14,6,4,1d8+4,1d8+4,9.0,A
8569,36,16,8,4,1d12+4,1d6+4,43,18,7,4,1d12+4,1d8+4,6.0,B
8570,31,14,6,4,1d12+4,1d8+4,38,16,7,4,1d12+4,1d8+4,2.0,B
8571,40,15,7,4,1d10+4,1d8+4,38,15,5,4,1d12+4,1d8+4,5.0,A
8572,31,17,7,4,1d10+4,1d8+4,48,15,5,4,1d10+4,1d6+4,1.0,B
8573,44,17,7,4,1d10+4,1d8+4,48,17,8,4,1d10+4,1d6+4,1.0,B
8574,30,16,5,4,1d10+4,1d6+4,40,17,5,4,1d8+4,1d8+4,10.0,A
8575,40,16,5,4,1d8+4,1d6+4,50,14,8,4,1d8+4,1d8+4,1.0,B
8576,34,18,6,4,1d8+4,1d6+4,38,15,6,4,1d10+4,1d8+4,5.0,A
8577,49,16,6,4,1d10+4,1d8+4,36,18,5,4,1d10+4,1d8+4,0.0,A
8578,40,15,8,4,1d12+4,1d6+4,45,14,7,4,1d8+4,1d8+4,2.0,A
8579,43,14,6,4,1d12+4,1d6+4,42,14,7,4,1d10+4,1d6+4,8.0,A
8580,30,14,7,4,1d12+4,1d6+4,50,15,6,4,1d10+4,1d6+4,9.0,B
8581,41,17,7,4,1d8+4,1d6+4,32,15,8,4,1d12+4,1d8+4,7.0,A
8582,42,14,7,4,1d10+4,1d6+4,42,17,6,4,1d8+4,1d8+4,4.0,B
8583,50,18,6,4,1d8+4,1d8+4,46,17,6,4,1d10+4,1d6+4,10.0,B
8584,44,16,6,4,1d12+4,1d6+4,42,16,8,4,1d10+4,1d8+4,9.0,B
8585,45,14,7,4,1d10+4,1d8+4,44,17,8,4,1d12+4,1d6+4,4.0,B
8586,30,15,8,4,1d8+4,1d6+4,34,18,5,4,1d8+4,1d8+4,6.0,A
8587,40,14,8,4,1d10+4,1d8+4,39,17,8,4,1d10+4,1d8+4,9.0,B
8588,50,17,8,4,1d8+4,1d8+4,48,17,8,4,1d10+4,1d8+4,1.0,A
8589,48,17,8,4,1d12+4,1d8+4,50,17,7,4,1d10+4,1d6+4,2.0,A
8590,33,14,5,4,1d10+4,1d6+4,42,18,8,4,1d12+4,1d6+4,2.0,B
8591,41,18,6,4,1d8+4,1d6+4,46,15,8,4,1d10+4,1d8+4,8.0,B
8592,35,18,6,4,1d8+4,1d6+4,48,18,6,4,1d12+4,1d8+4,0.0,B
8593,46,18,8,4,1d10+4,1d6+4,46,15,6,4,1d10+4,1d8+4,9.0,A
8594,46,17,5,4,1d8+4,1d6+4,38,16,8,4,1d10+4,1d8+4,10.0,A
8595,33,16,6,4,1d10+4,1d6+4,46,16,8,4,1d10+4,1d8+4,0.0,B
8596,49,15,6,4,1d8+4,1d6+4,31,16,5,4,1d10+4,1d8+4,7.0,A
8597,38,18,6,4,1d12+4,1d6+4,30,17,5,4,1d12+4,1d6+4,0.0,A
8598,37,14,8,4,1d12+4,1d8+4,33,18,7,4,1d8+4,1d8+4,8.0,B
8599,34,14,7,4,1d10+4,1d6+4,48,15,5,4,1d10+4,1d8+4,0.0,B
8600,30,17,5,4,1d12+4,1d8+4,39,15,6,4,1d8+4,1d6+4,5.0,B
8601,50,15,5,4,1d12+4,1d6+4,43,15,6,4,1d8+4,1d8+4,0.0,A
8602,43,18,8,4,1d8+4,1d8+4,46,16,6,4,1d10+4,1d8+4,2.0,A
8603,37,18,8,4,1d10+4,1d6+4,43,18,7,4,1d10+4,1d6+4,0.0,B
8604,42,14,7,4,1d8+4,1d8+4,43,14,8,4,1d8+4,1d8+4,5.0,A
8605,45,16,8,4,1d12+4,1d8+4,35,16,7,4,1d10+4,1d8+4,8.0,A
8606,37,18,7,4,1d12+4,1d6+4,36,17,5,4,1d10+4,1d6+4,5.0,A
8607,38,18,8,4,1d12+4,1d8+4,35,16,5,4,1d12+4,1d8+4,4.0,A
8608,35,15,5,4,1d10+4,1d8+4,45,18,8,4,1d10+4,1d8+4,7.0,B
8609,33,14,5,4,1d8+4,1d6+4,37,16,7,4,1d10+4,1d6+4,0.0,B
8610,44,14,7,4,1d10+4,1d6+4,39,16,7,4,1d10+4,1d8+4,1.0,A
8611,43,16,7,4,1d12+4,1d8+4,32,15,8,4,1d10+4,1d8+4,4.0,A
8612,49,14,7,4,1d8+4,1d6+4,40,15,5,4,1d12+4,1d8+4,6.0,B
8613,41,16,6,4,1d8+4,1d6+4,31,14,7,4,1d8+4,1d6+4,6.0,A
8614,42,18,7,4,1d12+4,1d8+4,43,16,7,4,1d10+4,1d6+4,6.0,A
8615,43,16,6,4,1d12+4,1d6+4,44,18,5,4,1d8+4,1d8+4,7.0,B
8616,38,15,8,4,1d10+4,1d6+4,30,17,8,4,1d10+4,1d8+4,7.0,B
8617,38,14,6,4,1d8+4,1d8+4,40,18,6,4,1d8+4,1d6+4,4.0,B
8618,39,16,5,4,1d10+4,1d8+4,37,18,7,4,1d12+4,1d8+4,6.0,A
8619,42,15,5,4,1d12+4,1d6+4,38,17,5,4,1d12+4,1d6+4,3.0,A
8620,45,15,7,4,1d10+4,1d6+4,49,17,6,4,1d12+4,1d8+4,2.0,B
8621,43,17,7,4,1d10+4,1d6+4,43,18,6,4,1d12+4,1d6+4,5.0,B
8622,47,17,8,4,1d10+4,1d8+4,31,17,7,4,1d12+4,1d8+4,3.0,A
8623,44,17,5,4,1d10+4,1d6+4,46,15,7,4,1d8+4,1d6+4,8.0,A
8624,38,18,7,4,1d12+4,1d6+4,42,18,6,4,1d12+4,1d6+4,6.0,B
8625,37,18,7,4,1d8+4,1d8+4,39,15,5,4,1d8+4,1d6+4,9.0,A
8626,42,16,5,4,1d8+4,1d6+4,36,16,6,4,1d10+4,1d6+4,10.0,B
8627,42,16,6,4,1d12+4,1d6+4,32,14,6,4,1d8+4,1d6+4,7.0,A
8628,41,18,7,4,1d12+4,1d6+4,47,14,8,4,1d12+4,1d6+4,8.0,B
8629,49,15,8,4,1d10+4,1d8+4,36,16,5,4,1d8+4,1d8+4,3.0,A
8630,46,17,6,4,1d10+4,1d6+4,50,17,8,4,1d10+4,1d8+4,0.0,B
8631,39,15,6,4,1d8+4,1d6+4,48,18,5,4,1d10+4,1d6+4,2.0,A
8632,49,18,5,4,1d12+4,1d6+4,42,14,8,4,1d8+4,1d6+4,8.0,A
8633,46,16,7,4,1d10+4,1d8+4,44,17,7,4,1d12+4,1d6+4,1.0,A
8634,48,16,8,4,1d10+4,1d6+4,38,17,8,4,1d10+4,1d6+4,7.0,B
8635,43,15,8,4,1d10+4,1d8+4,35,14,6,4,1d12+4,1d8+4,1.0,A
8636,40,15,5,4,1d10+4,1d6+4,46,14,6,4,1d10+4,1d6+4,2.0,B
8637,37,14,5,4,1d10+4,1d8+4,47,15,7,4,1d8+4,1d6+4,3.0,A
8638,39,15,7,4,1d10+4,1d8+4,42,17,7,4,1d12+4,1d8+4,2.0,A
8639,49,17,7,4,1d8+4,1d8+4,40,15,5,4,1d10+4,1d8+4,7.0,B
8640,50,16,8,4,1d10+4,1d8+4,44,14,7,4,1d12+4,1d6+4,6.0,A
8641,37,15,8,4,1d10+4,1d6+4,50,14,6,4,1d8+4,1d8+4,3.0,A
8642,31,14,5,4,1d8+4,1d6+4,41,16,7,4,1d8+4,1d6+4,5.0,B
8643,32,16,7,4,1d8+4,1d6+4,38,17,8,4,1d12+4,1d6+4,1.0,B
8644,44,14,5,4,1d8+4,1d8+4,47,16,8,4,1d12+4,1d8+4,5.0,A
8645,36,14,8,4,1d10+4,1d8+4,33,17,5,4,1d12+4,1d6+4,10.0,B
8646,37,18,7,4,1d12+4,1d6+4,34,17,8,4,1d10+4,1d8+4,4.0,A
8647,30,15,6,4,1d10+4,1d8+4,36,16,8,4,1d10+4,1d6+4,9.0,B
8648,38,17,6,4,1d10+4,1d8+4,39,14,7,4,1d12+4,1d6+4,5.0,B
8649,41,17,6,4,1d12+4,1d8+4,39,17,5,4,1d12+4,1d6+4,6.0,A
8650,31,16,6,4,1d10+4,1d6+4,36,17,8,4,1d8+4,1d8+4,7.0,B
8651,40,14,6,4,1d8+4,1d6+4,30,17,5,4,1d10+4,1d8+4,5.0,A
8652,40,14,7,4,1d10+4,1d6+4,41,16,7,4,1d10+4,1d6+4,4.0,B
8653,46,18,5,4,1d12+4,1d6+4,37,18,7,4,1d10+4,1d6+4,2.0,B
8654,36,16,7,4,1d8+4,1d8+4,42,15,7,4,1d10+4,1d6+4,1.0,B
8655,39,17,7,4,1d8+4,1d6+4,43,18,7,4,1d8+4,1d8+4,7.0,B
8656,47,16,5,4,1d12+4,1d6+4,42,14,6,4,1d8+4,1d8+4,9.0,B
8657,48,17,5,4,1d10+4,1d8+4,40,16,7,4,1d12+4,1d6+4,6.0,A
8658,50,15,8,4,1d12+4,1d6+4,32,15,8,4,1d8+4,1d6+4,0.0,A
8659,45,16,6,4,1d12+4,1d6+4,40,16,6,4,1d8+4,1d8+4,9.0,A
8660,42,14,7,4,1d10+4,1d8+4,50,16,6,4,1d10+4,1d8+4,3.0,B
8661,37,15,7,4,1d12+4,1d6+4,44,17,8,4,1d8+4,1d8+4,1.0,A
8662,31,18,7,4,1d10+4,1d8+4,47,14,5,4,1d12+4,1d6+4,10.0,A
8663,32,14,8,4,1d10+4,1d6+4,45,18,8,4,1d10+4,1d8+4,2.0,B
8664,37,18,5,4,1d10+4,1d6+4,49,14,6,4,1d8+4,1d8+4,1.0,B
8665,43,18,7,4,1d12+4,1d6+4,45,17,5,4,1d8+4,1d8+4,0.0,A
8666,49,18,6,4,1d12+4,1d8+4,41,15,6,4,1d8+4,1d8+4,8.0,A
8667,36,14,8,4,1d8+4,1d6+4,40,14,6,4,1d12+4,1d6+4,4.0,A
8668,37,14,5,4,1d10+4,1d8+4,47,17,7,4,1d10+4,1d6+4,10.0,B
8669,33,15,7,4,1d8+4,1d6+4,36,14,5,4,1d12+4,1d6+4,3.0,B
8670,43,15,7,4,1d12+4,1d6+4,43,18,6,4,1d12+4,1d8+4,2.0,B
8671,30,14,8,4,1d8+4,1d8+4,38,17,7,4,1d10+4,1d6+4,3.0,B
8672,41,15,7,4,1d8+4,1d6+4,45,17,6,4,1d10+4,1d8+4,0.0,A
8673,42,18,5,4,1d10+4,1d6+4,43,16,8,4,1d12+4,1d8+4,6.0,B
8674,43,16,6,4,1d8+4,1d6+4,39,15,5,4,1d12+4,1d8+4,7.0,A
8675,36,17,8,4,1d12+4,1d8+4,35,15,5,4,1d8+4,1d6+4,7.0,A
8676,31,14,8,4,1d12+4,1d8+4,45,16,7,4,1d12+4,1d8+4,4.0,B
8677,45,16,6,4,1d12+4,1d8+4,42,14,6,4,1d10+4,1d8+4,1.0,B
8678,48,16,7,4,1d10+4,1d6+4,47,18,8,4,1d10+4,1d8+4,9.0,A
8679,34,17,8,4,1d12+4,1d8+4,32,14,7,4,1d12+4,1d6+4,6.0,A
8680,37,17,6,4,1d12+4,1d6+4,47,18,7,4,1d8+4,1d8+4,1.0,B
8681,42,17,5,4,1d10+4,1d8+4,42,14,8,4,1d8+4,1d6+4,9.0,A
8682,30,17,7,4,1d8+4,1d8+4,37,15,6,4,1d8+4,1d8+4,1.0,B
8683,36,18,5,4,1d10+4,1d8+4,30,17,5,4,1d8+4,1d8+4,0.0,A
8684,48,16,7,4,1d12+4,1d6+4,44,18,5,4,1d8+4,1d6+4,3.0,A
8685,49,15,7,4,1d12+4,1d8+4,45,17,7,4,1d10+4,1d8+4,2.0,A
8686,37,16,5,4,1d12+4,1d8+4,38,16,8,4,1d8+4,1d6+4,0.0,B
8687,35,17,8,4,1d10+4,1d8+4,48,16,5,4,1d10+4,1d8+4,10.0,A
8688,50,17,8,4,1d12+4,1d6+4,40,18,7,4,1d10+4,1d6+4,10.0,A
8689,40,14,7,4,1d12+4,1d8+4,49,15,6,4,1d8+4,1d6+4,7.0,B
8690,38,16,6,4,1d10+4,1d8+4,34,17,6,4,1d10+4,1d6+4,6.0,B
8691,48,15,6,4,1d12+4,1d6+4,36,17,8,4,1d8+4,1d6+4,0.0,A
8692,49,14,6,4,1d8+4,1d8+4,38,16,7,4,1d10+4,1d8+4,7.0,A
8693,34,16,8,4,1d8+4,1d8+4,42,14,7,4,1d8+4,1d6+4,1.0,B
8694,38,17,8,4,1d10+4,1d8+4,45,14,8,4,1d8+4,1d6+4,8.0,B
8695,32,18,8,4,1d12+4,1d6+4,34,16,5,4,1d8+4,1d6+4,0.0,A
8696,31,18,5,4,1d12+4,1d6+4,38,14,5,4,1d10+4,1d8+4,4.0,A
8697,47,18,6,4,1d12+4,1d8+4,45,16,7,4,1d8+4,1d8+4,7.0,B
8698,41,16,5,4,1d10+4,1d8+4,45,15,6,4,1d12+4,1d8+4,6.0,B
8699,31,14,8,4,1d12+4,1d6+4,43,17,6,4,1d12+4,1d6+4,7.0,B
8700,42,15,6,4,1d12+4,1d6+4,35,18,5,4,1d12+4,1d8+4,6.0,A
8701,41,14,6,4,1d12+4,1d6+4,34,18,5,4,1d8+4,1d6+4,2.0,A
8702,49,14,7,4,1d8+4,1d6+4,34,17,5,4,1d12+4,1d6+4,6.0,A
8703,44,18,8,4,1d8+4,1d6+4,46,16,8,4,1d12+4,1d8+4,4.0,B
8704,30,15,6,4,1d8+4,1d6+4,38,18,8,4,1d8+4,1d8+4,2.0,B
8705,35,16,5,4,1d8+4,1d6+4,39,16,5,4,1d12+4,1d8+4,8.0,B
8706,41,15,8,4,1d10+4,1d6+4,36,17,6,4,1d10+4,1d6+4,8.0,A
8707,33,18,6,4,1d12+4,1d6+4,49,18,7,4,1d8+4,1d6+4,4.0,A
8708,33,14,7,4,1d10+4,1d8+4,37,16,7,4,1d8+4,1d8+4,2.0,B
8709,45,16,7,4,1d12+4,1d8+4,38,15,6,4,1d12+4,1d6+4,2.0,A
8710,33,18,7,4,1d12+4,1d8+4,31,14,6,4,1d8+4,1d6+4,8.0,A
8711,34,14,8,4,1d10+4,1d6+4,39,16,7,4,1d8+4,1d6+4,7.0,A
8712,48,17,7,4,1d10+4,1d8+4,47,16,8,4,1d8+4,1d6+4,1.0,A
8713,48,14,5,4,1d12+4,1d6+4,41,15,8,4,1d10+4,1d6+4,7.0,A
8714,40,18,6,4,1d10+4,1d8+4,37,18,8,4,1d12+4,1d6+4,8.0,A
8715,32,18,8,4,1d8+4,1d8+4,44,18,7,4,1d10+4,1d6+4,7.0,B
8716,36,18,8,4,1d10+4,1d6+4,45,15,7,4,1d10+4,1d8+4,8.0,B
8717,36,15,6,4,1d8+4,1d8+4,49,18,7,4,1d10+4,1d8+4,1.0,B
8718,48,15,8,4,1d10+4,1d6+4,50,14,7,4,1d10+4,1d6+4,7.0,B
8719,45,18,6,4,1d10+4,1d6+4,35,15,5,4,1d12+4,1d6+4,7.0,B
8720,44,18,8,4,1d8+4,1d6+4,46,18,8,4,1d10+4,1d6+4,3.0,B
8721,37,18,5,4,1d8+4,1d8+4,40,14,6,4,1d8+4,1d6+4,5.0,B
8722,47,14,5,4,1d12+4,1d8+4,37,18,5,4,1d8+4,1d6+4,5.0,B
8723,48,17,6,4,1d12+4,1d8+4,36,14,8,4,1d10+4,1d6+4,10.0,A
8724,39,17,8,4,1d12+4,1d6+4,41,15,8,4,1d8+4,1d6+4,4.0,A
8725,31,17,6,4,1d8+4,1d6+4,49,16,6,4,1d12+4,1d8+4,10.0,B
8726,33,18,6,4,1d12+4,1d8+4,34,16,5,4,1d12+4,1d8+4,5.0,B
8727,45,14,5,4,1d12+4,1d6+4,30,14,5,4,1d10+4,1d6+4,2.0,A
8728,36,15,8,4,1d8+4,1d8+4,35,17,5,4,1d8+4,1d8+4,5.0,B
8729,45,16,8,4,1d8+4,1d8+4,37,14,6,4,1d12+4,1d8+4,6.0,B
8730,45,18,7,4,1d10+4,1d8+4,31,14,8,4,1d12+4,1d8+4,4.0,A
8731,31,15,6,4,1d8+4,1d8+4,43,16,8,4,1d10+4,1d6+4,10.0,B
8732,47,18,8,4,1d12+4,1d6+4,42,15,5,4,1d8+4,1d8+4,9.0,A
8733,38,15,6,4,1d8+4,1d6+4,33,15,8,4,1d8+4,1d8+4,6.0,B
8734,47,17,6,4,1d12+4,1d8+4,38,17,7,4,1d10+4,1d6+4,1.0,A
8735,41,17,8,4,1d12+4,1d8+4,41,16,7,4,1d12+4,1d8+4,10.0,A
8736,42,15,8,4,1d8+4,1d8+4,34,17,5,4,1d8+4,1d6+4,5.0,A
8737,41,16,6,4,1d8+4,1d8+4,39,14,5,4,1d12+4,1d8+4,0.0,A
8738,47,14,8,4,1d12+4,1d8+4,40,17,6,4,1d8+4,1d8+4,9.0,A
8739,31,18,7,4,1d8+4,1d6+4,49,17,5,4,1d10+4,1d6+4,2.0,B
8740,31,17,8,4,1d10+4,1d6+4,36,16,6,4,1d10+4,1d8+4,0.0,A
8741,39,15,6,4,1d8+4,1d8+4,34,16,5,4,1d10+4,1d8+4,9.0,B
8742,48,16,6,4,1d10+4,1d8+4,35,17,8,4,1d10+4,1d8+4,2.0,B
8743,41,18,6,4,1d10+4,1d8+4,30,14,7,4,1d10+4,1d8+4,6.0,A
8744,42,16,8,4,1d12+4,1d6+4,42,18,8,4,1d12+4,1d6+4,7.0,A
8745,32,14,5,4,1d12+4,1d8+4,48,15,6,4,1d8+4,1d8+4,1.0,A
8746,49,17,8,4,1d10+4,1d8+4,44,14,8,4,1d12+4,1d6+4,10.0,B
8747,43,18,5,4,1d8+4,1d6+4,33,16,7,4,1d8+4,1d8+4,7.0,A
8748,36,17,6,4,1d8+4,1d8+4,41,15,5,4,1d8+4,1d8+4,3.0,A
8749,39,16,6,4,1d10+4,1d8+4,33,16,6,4,1d12+4,1d8+4,3.0,A
8750,34,14,7,4,1d8+4,1d6+4,45,15,5,4,1d10+4,1d8+4,4.0,B
8751,42,18,5,4,1d12+4,1d6+4,35,15,7,4,1d12+4,1d6+4,8.0,B
8752,37,18,6,4,1d12+4,1d8+4,43,16,7,4,1d8+4,1d6+4,7.0,A
8753,45,18,8,4,1d8+4,1d8+4,40,18,8,4,1d12+4,1d8+4,8.0,B
8754,37,16,5,4,1d10+4,1d8+4,37,17,8,4,1d8+4,1d8+4,5.0,B
8755,33,15,7,4,1d8+4,1d8+4,44,18,7,4,1d12+4,1d6+4,3.0,B
8756,33,18,5,4,1d10+4,1d6+4,45,17,8,4,1d10+4,1d8+4,10.0,B
8757,42,16,5,4,1d10+4,1d8+4,48,18,7,4,1d10+4,1d6+4,7.0,B
8758,44,14,7,4,1d8+4,1d8+4,38,17,7,4,1d8+4,1d8+4,5.0,A
8759,47,17,6,4,1d12+4,1d6+4,42,18,6,4,1d10+4,1d8+4,10.0,A
8760,50,14,8,4,1d10+4,1d8+4,40,15,7,4,1d8+4,1d8+4,9.0,A
8761,46,15,6,4,1d8+4,1d8+4,41,14,8,4,1d10+4,1d8+4,2.0,B
8762,30,15,5,4,1d10+4,1d8+4,48,18,8,4,1d12+4,1d6+4,4.0,B
8763,44,18,7,4,1d8+4,1d8+4,43,18,6,4,1d10+4,1d6+4,5.0,B
8764,33,16,5,4,1d12+4,1d8+4,31,17,6,4,1d8+4,1d8+4,9.0,B
8765,42,17,6,4,1d8+4,1d6+4,41,16,5,4,1d10+4,1d6+4,3.0,B
8766,32,14,6,4,1d12+4,1d6+4,32,17,6,4,1d12+4,1d8+4,3.0,A
8767,45,15,5,4,1d8+4,1d8+4,40,15,5,4,1d10+4,1d8+4,1.0,B
8768,45,14,7,4,1d10+4,1d8+4,41,16,7,4,1d10+4,1d6+4,0.0,B
8769,38,14,5,4,1d8+4,1d6+4,37,17,8,4,1d8+4,1d6+4,1.0,B
8770,46,15,5,4,1d8+4,1d8+4,32,18,6,4,1d8+4,1d6+4,0.0,A
8771,32,17,5,4,1d10+4,1d8+4,39,15,6,4,1d10+4,1d6+4,4.0,A
8772,41,15,6,4,1d8+4,1d8+4,30,15,6,4,1d10+4,1d8+4,6.0,B
8773,35,15,7,4,1d8+4,1d6+4,31,18,5,4,1d10+4,1d8+4,7.0,A
8774,43,18,8,4,1d10+4,1d6+4,44,15,6,4,1d8+4,1d6+4,2.0,A
8775,50,15,7,4,1d10+4,1d6+4,45,17,7,4,1d10+4,1d8+4,2.0,A
8776,30,16,8,4,1d12+4,1d6+4,44,16,8,4,1d8+4,1d6+4,10.0,A
8777,32,17,6,4,1d8+4,1d6+4,42,15,5,4,1d10+4,1d6+4,7.0,A
8778,47,16,7,4,1d10+4,1d6+4,45,16,5,4,1d10+4,1d8+4,0.0,A
8779,49,17,7,4,1d12+4,1d6+4,40,15,7,4,1d8+4,1d6+4,9.0,B
8780,48,17,8,4,1d8+4,1d6+4,45,18,5,4,1d8+4,1d6+4,10.0,A
8781,40,18,7,4,1d10+4,1d6+4,38,18,6,4,1d10+4,1d6+4,1.0,A
8782,43,17,6,4,1d8+4,1d6+4,35,14,7,4,1d12+4,1d8+4,9.0,A
8783,42,18,8,4,1d10+4,1d6+4,36,17,7,4,1d12+4,1d8+4,0.0,B
8784,43,15,5,4,1d10+4,1d8+4,44,17,6,4,1d12+4,1d8+4,8.0,B
8785,50,17,5,4,1d8+4,1d6+4,39,17,7,4,1d8+4,1d6+4,3.0,A
8786,45,14,6,4,1d10+4,1d6+4,48,16,6,4,1d10+4,1d6+4,4.0,A
8787,32,15,8,4,1d8+4,1d6+4,45,16,5,4,1d12+4,1d6+4,10.0,A
8788,45,16,5,4,1d8+4,1d6+4,46,17,6,4,1d12+4,1d6+4,0.0,A
8789,35,14,5,4,1d10+4,1d6+4,47,18,8,4,1d8+4,1d8+4,9.0,B
8790,34,17,5,4,1d8+4,1d8+4,37,15,5,4,1d12+4,1d8+4,0.0,A
8791,45,17,8,4,1d12+4,1d6+4,38,17,8,4,1d10+4,1d8+4,5.0,A
8792,38,17,5,4,1d12+4,1d6+4,36,16,5,4,1d12+4,1d6+4,8.0,B
8793,50,17,8,4,1d10+4,1d8+4,33,14,7,4,1d8+4,1d8+4,9.0,A
8794,37,14,6,4,1d12+4,1d8+4,34,15,7,4,1d10+4,1d6+4,8.0,A
8795,46,18,5,4,1d10+4,1d6+4,47,18,7,4,1d8+4,1d6+4,2.0,A
8796,47,16,5,4,1d12+4,1d8+4,37,14,8,4,1d10+4,1d8+4,4.0,A
8797,40,16,7,4,1d8+4,1d8+4,48,14,7,4,1d8+4,1d8+4,4.0,B
8798,50,16,8,4,1d8+4,1d6+4,38,16,7,4,1d8+4,1d6+4,8.0,B
8799,49,16,8,4,1d10+4,1d6+4,50,17,8,4,1d8+4,1d8+4,2.0,A
8800,31,15,5,4,1d12+4,1d8+4,47,16,8,4,1d10+4,1d8+4,1.0,A
8801,36,15,6,4,1d10+4,1d8+4,46,16,8,4,1d10+4,1d6+4,8.0,B
8802,49,18,6,4,1d12+4,1d8+4,47,16,7,4,1d8+4,1d8+4,8.0,B
8803,33,14,5,4,1d10+4,1d8+4,33,14,6,4,1d10+4,1d6+4,9.0,A
8804,37,16,5,4,1d10+4,1d8+4,50,18,6,4,1d12+4,1d8+4,8.0,A
8805,43,14,5,4,1d8+4,1d6+4,42,16,7,4,1d10+4,1d6+4,6.0,B
8806,40,16,6,4,1d12+4,1d6+4,41,14,7,4,1d8+4,1d6+4,3.0,A
8807,47,15,6,4,1d12+4,1d6+4,50,14,6,4,1d8+4,1d8+4,3.0,A
8808,34,18,8,4,1d12+4,1d6+4,31,18,6,4,1d8+4,1d8+4,2.0,A
8809,46,17,7,4,1d10+4,1d6+4,32,14,7,4,1d10+4,1d8+4,7.0,B
8810,42,15,8,4,1d8+4,1d6+4,33,18,7,4,1d12+4,1d6+4,7.0,B
8811,43,15,6,4,1d10+4,1d6+4,31,17,8,4,1d10+4,1d8+4,3.0,B
8812,37,16,7,4,1d12+4,1d6+4,32,18,6,4,1d12+4,1d8+4,10.0,A
8813,37,15,7,4,1d12+4,1d8+4,38,15,8,4,1d12+4,1d8+4,6.0,A
8814,33,15,6,4,1d10+4,1d6+4,45,17,7,4,1d12+4,1d8+4,4.0,A
8815,50,18,7,4,1d12+4,1d6+4,32,14,8,4,1d10+4,1d8+4,9.0,A
8816,36,15,5,4,1d8+4,1d6+4,44,15,8,4,1d12+4,1d6+4,7.0,B
8817,45,16,6,4,1d8+4,1d8+4,36,15,8,4,1d12+4,1d8+4,0.0,B
8818,48,17,6,4,1d12+4,1d6+4,33,16,6,4,1d10+4,1d6+4,7.0,B
8819,32,15,5,4,1d12+4,1d6+4,44,16,8,4,1d12+4,1d8+4,3.0,A
8820,41,14,6,4,1d12+4,1d8+4,41,15,6,4,1d10+4,1d6+4,7.0,A
8821,43,18,5,4,1d8+4,1d8+4,46,16,7,4,1d10+4,1d6+4,9.0,B
8822,30,15,5,4,1d12+4,1d6+4,48,17,8,4,1d10+4,1d6+4,6.0,B
8823,42,16,8,4,1d10+4,1d6+4,40,17,8,4,1d10+4,1d6+4,5.0,A
8824,33,14,8,4,1d12+4,1d8+4,48,16,8,4,1d12+4,1d6+4,9.0,B
8825,49,18,5,4,1d8+4,1d8+4,45,18,5,4,1d12+4,1d8+4,6.0,A
8826,32,15,5,4,1d8+4,1d8+4,50,16,6,4,1d8+4,1d8+4,3.0,A
8827,50,17,8,4,1d8+4,1d8+4,48,17,8,4,1d8+4,1d8+4,0.0,B
8828,30,16,6,4,1d10+4,1d8+4,32,17,8,4,1d8+4,1d8+4,4.0,B
8829,46,16,7,4,1d10+4,1d8+4,30,14,8,4,1d8+4,1d8+4,7.0,A
8830,38,17,5,4,1d8+4,1d8+4,35,18,5,4,1d10+4,1d6+4,1.0,B
8831,47,14,7,4,1d12+4,1d8+4,38,16,5,4,1d12+4,1d8+4,2.0,B
8832,37,17,6,4,1d10+4,1d8+4,35,14,5,4,1d12+4,1d6+4,2.0,A
8833,48,15,8,4,1d10+4,1d6+4,33,17,8,4,1d12+4,1d8+4,7.0,B
8834,35,16,8,4,1d12+4,1d6+4,48,16,7,4,1d12+4,1d6+4,4.0,A
8835,50,15,6,4,1d8+4,1d6+4,49,16,6,4,1d8+4,1d6+4,4.0,A
8836,41,17,5,4,1d12+4,1d8+4,37,15,7,4,1d10+4,1d8+4,2.0,B
8837,50,16,7,4,1d8+4,1d6+4,38,15,6,4,1d12+4,1d8+4,3.0,B
8838,42,16,5,4,1d8+4,1d8+4,43,17,7,4,1d8+4,1d8+4,10.0,B
8839,34,17,6,4,1d10+4,1d6+4,49,17,6,4,1d8+4,1d6+4,3.0,B
8840,50,16,6,4,1d10+4,1d8+4,33,17,8,4,1d8+4,1d6+4,8.0,A
8841,50,16,8,4,1d12+4,1d8+4,42,14,8,4,1d10+4,1d6+4,4.0,A
8842,30,18,5,4,1d12+4,1d6+4,30,15,7,4,1d10+4,1d6+4,10.0,A
8843,34,15,8,4,1d8+4,1d6+4,35,14,6,4,1d12+4,1d8+4,7.0,A
8844,43,16,5,4,1d8+4,1d8+4,44,17,7,4,1d8+4,1d6+4,7.0,A
8845,37,14,5,4,1d12+4,1d8+4,30,17,7,4,1d10+4,1d6+4,6.0,A
8846,41,17,6,4,1d12+4,1d8+4,45,17,5,4,1d12+4,1d8+4,6.0,A
8847,44,14,5,4,1d8+4,1d6+4,43,18,8,4,1d10+4,1d8+4,6.0,B
8848,36,17,5,4,1d10+4,1d6+4,43,18,5,4,1d12+4,1d8+4,0.0,B
8849,47,16,5,4,1d10+4,1d8+4,44,18,6,4,1d10+4,1d8+4,2.0,B
8850,49,16,8,4,1d10+4,1d8+4,30,18,5,4,1d12+4,1d6+4,7.0,B
8851,44,15,7,4,1d10+4,1d6+4,48,18,6,4,1d10+4,1d6+4,2.0,A
8852,38,14,5,4,1d12+4,1d8+4,31,14,8,4,1d8+4,1d8+4,0.0,A
8853,35,18,6,4,1d8+4,1d8+4,38,14,7,4,1d8+4,1d8+4,0.0,A
8854,34,14,8,4,1d8+4,1d8+4,42,14,7,4,1d8+4,1d8+4,8.0,B
8855,40,14,5,4,1d8+4,1d8+4,34,16,8,4,1d10+4,1d6+4,3.0,A
8856,34,18,5,4,1d12+4,1d8+4,38,15,6,4,1d10+4,1d6+4,5.0,A
8857,31,14,7,4,1d8+4,1d6+4,31,14,8,4,1d12+4,1d8+4,7.0,B
8858,44,14,7,4,1d10+4,1d6+4,38,16,6,4,1d12+4,1d6+4,6.0,A
8859,49,15,5,4,1d10+4,1d6+4,50,14,5,4,1d8+4,1d6+4,4.0,B
8860,50,15,7,4,1d10+4,1d8+4,49,17,7,4,1d10+4,1d8+4,5.0,A
8861,36,18,8,4,1d10+4,1d6+4,48,16,5,4,1d8+4,1d6+4,9.0,B
8862,36,14,5,4,1d10+4,1d8+4,30,18,5,4,1d10+4,1d8+4,6.0,B
8863,45,16,5,4,1d10+4,1d8+4,48,14,5,4,1d10+4,1d8+4,2.0,A
8864,40,15,5,4,1d12+4,1d8+4,42,17,7,4,1d10+4,1d8+4,3.0,B
8865,43,17,8,4,1d10+4,1d6+4,44,14,5,4,1d12+4,1d6+4,10.0,A
8866,39,18,7,4,1d8+4,1d6+4,35,17,6,4,1d12+4,1d8+4,7.0,A
8867,40,15,7,4,1d8+4,1d8+4,43,16,6,4,1d12+4,1d6+4,3.0,B
8868,44,18,8,4,1d8+4,1d6+4,47,15,8,4,1d12+4,1d6+4,6.0,A
8869,45,15,6,4,1d12+4,1d6+4,46,16,5,4,1d12+4,1d6+4,2.0,B
8870,37,18,6,4,1d8+4,1d8+4,40,16,7,4,1d12+4,1d6+4,2.0,B
8871,50,18,8,4,1d12+4,1d8+4,47,15,8,4,1d10+4,1d8+4,3.0,B
8872,34,16,6,4,1d10+4,1d8+4,41,16,5,4,1d10+4,1d6+4,3.0,B
8873,41,17,8,4,1d8+4,1d8+4,43,16,8,4,1d8+4,1d8+4,10.0,A
8874,47,18,8,4,1d8+4,1d8+4,38,17,5,4,1d8+4,1d6+4,7.0,A
8875,30,18,6,4,1d8+4,1d6+4,40,16,7,4,1d12+4,1d8+4,3.0,A
8876,46,14,5,4,1d10+4,1d6+4,45,14,5,4,1d12+4,1d8+4,3.0,A
8877,33,14,5,4,1d10+4,1d6+4,40,18,6,4,1d8+4,1d8+4,10.0,A
8878,34,16,6,4,1d10+4,1d6+4,45,16,8,4,1d10+4,1d6+4,5.0,B
8879,35,18,6,4,1d8+4,1d8+4,33,17,5,4,1d12+4,1d6+4,8.0,B
8880,41,15,7,4,1d10+4,1d6+4,48,15,6,4,1d12+4,1d8+4,6.0,B
8881,49,16,8,4,1d10+4,1d6+4,47,14,8,4,1d12+4,1d6+4,3.0,B
8882,41,14,6,4,1d8+4,1d6+4,49,18,8,4,1d12+4,1d8+4,6.0,B
8883,39,15,6,4,1d10+4,1d6+4,40,16,7,4,1d8+4,1d6+4,5.0,A
8884,46,14,5,4,1d10+4,1d6+4,50,15,8,4,1d10+4,1d6+4,1.0,A
8885,38,14,8,4,1d12+4,1d8+4,32,17,5,4,1d12+4,1d6+4,8.0,B
8886,48,18,8,4,1d12+4,1d6+4,35,15,6,4,1d8+4,1d6+4,8.0,A
8887,37,15,8,4,1d10+4,1d6+4,49,18,6,4,1d10+4,1d6+4,5.0,B
8888,39,15,6,4,1d10+4,1d6+4,37,18,8,4,1d10+4,1d6+4,5.0,B
8889,32,15,5,4,1d10+4,1d6+4,37,17,5,4,1d10+4,1d8+4,9.0,B
8890,42,15,7,4,1d10+4,1d6+4,49,15,6,4,1d12+4,1d8+4,1.0,B
8891,44,17,8,4,1d10+4,1d8+4,42,15,6,4,1d10+4,1d6+4,7.0,A
8892,42,16,6,4,1d10+4,1d8+4,44,18,7,4,1d10+4,1d8+4,1.0,B
8893,45,15,6,4,1d8+4,1d6+4,46,16,6,4,1d12+4,1d8+4,1.0,A
8894,30,17,8,4,1d8+4,1d8+4,32,17,7,4,1d8+4,1d6+4,3.0,B
8895,49,14,6,4,1d8+4,1d8+4,33,18,5,4,1d8+4,1d8+4,2.0,A
8896,32,16,6,4,1d12+4,1d6+4,40,14,6,4,1d8+4,1d6+4,9.0,A
8897,35,17,7,4,1d8+4,1d6+4,38,16,8,4,1d12+4,1d6+4,4.0,B
8898,44,16,6,4,1d10+4,1d6+4,31,18,6,4,1d8+4,1d8+4,4.0,A
8899,50,17,6,4,1d10+4,1d8+4,37,15,8,4,1d8+4,1d6+4,4.0,B
8900,41,17,7,4,1d8+4,1d8+4,43,14,6,4,1d12+4,1d6+4,10.0,B
8901,30,15,8,4,1d8+4,1d8+4,42,14,7,4,1d8+4,1d8+4,5.0,B
8902,36,18,8,4,1d10+4,1d6+4,33,16,5,4,1d8+4,1d6+4,1.0,A
8903,46,17,5,4,1d12+4,1d6+4,42,15,5,4,1d12+4,1d8+4,3.0,B
8904,39,17,8,4,1d8+4,1d8+4,50,14,5,4,1d12+4,1d6+4,6.0,A
8905,38,15,8,4,1d8+4,1d6+4,46,16,8,4,1d8+4,1d8+4,4.0,B
8906,32,16,7,4,1d8+4,1d8+4,40,14,5,4,1d12+4,1d8+4,5.0,B
8907,42,17,5,4,1d8+4,1d8+4,32,15,6,4,1d12+4,1d8+4,7.0,A
8908,35,17,5,4,1d12+4,1d6+4,39,18,7,4,1d8+4,1d8+4,6.0,B
8909,47,17,5,4,1d12+4,1d8+4,37,14,6,4,1d12+4,1d6+4,5.0,A
8910,43,14,7,4,1d12+4,1d6+4,47,17,8,4,1d10+4,1d8+4,0.0,A
8911,40,17,6,4,1d12+4,1d8+4,45,17,5,4,1d8+4,1d6+4,8.0,B
8912,48,15,8,4,1d12+4,1d8+4,45,17,8,4,1d12+4,1d6+4,10.0,A
8913,39,15,7,4,1d12+4,1d6+4,31,17,7,4,1d8+4,1d8+4,4.0,A
8914,43,15,6,4,1d10+4,1d8+4,36,15,5,4,1d12+4,1d8+4,1.0,A
8915,32,17,8,4,1d10+4,1d6+4,36,18,6,4,1d10+4,1d6+4,9.0,A
8916,30,18,7,4,1d12+4,1d8+4,44,14,6,4,1d10+4,1d6+4,4.0,B
8917,46,15,8,4,1d12+4,1d8+4,50,14,5,4,1d10+4,1d6+4,4.0,B
8918,31,14,6,4,1d12+4,1d8+4,46,18,8,4,1d10+4,1d6+4,9.0,B
8919,39,18,5,4,1d10+4,1d8+4,32,15,6,4,1d8+4,1d8+4,1.0,A
8920,39,16,5,4,1d12+4,1d6+4,33,16,8,4,1d12+4,1d6+4,3.0,A
8921,33,16,5,4,1d12+4,1d8+4,33,18,5,4,1d12+4,1d8+4,5.0,B
8922,31,18,6,4,1d12+4,1d6+4,48,14,8,4,1d10+4,1d8+4,1.0,B
8923,36,17,5,4,1d8+4,1d6+4,45,16,7,4,1d8+4,1d8+4,6.0,B
8924,37,15,5,4,1d10+4,1d6+4,48,17,6,4,1d10+4,1d6+4,5.0,A
8925,36,15,8,4,1d8+4,1d8+4,44,14,5,4,1d12+4,1d8+4,7.0,A
8926,43,16,7,4,1d12+4,1d8+4,40,17,7,4,1d10+4,1d8+4,2.0,B
8927,32,15,6,4,1d8+4,1d6+4,33,14,6,4,1d12+4,1d8+4,2.0,B
8928,44,15,8,4,1d10+4,1d6+4,35,16,5,4,1d12+4,1d8+4,2.0,B
8929,36,15,7,4,1d10+4,1d6+4,32,18,6,4,1d10+4,1d6+4,3.0,A
8930,42,17,5,4,1d10+4,1d8+4,48,18,5,4,1d8+4,1d6+4,10.0,B
8931,48,18,5,4,1d8+4,1d6+4,44,18,5,4,1d10+4,1d8+4,5.0,B
8932,37,14,5,4,1d8+4,1d8+4,36,14,5,4,1d10+4,1d6+4,3.0,B
8933,34,15,5,4,1d8+4,1d8+4,36,14,7,4,1d10+4,1d6+4,6.0,B
8934,33,17,8,4,1d12+4,1d8+4,39,14,6,4,1d8+4,1d6+4,6.0,A
8935,37,17,8,4,1d10+4,1d6+4,42,18,6,4,1d10+4,1d6+4,7.0,A
8936,42,14,8,4,1d8+4,1d8+4,43,16,8,4,1d10+4,1d6+4,8.0,B
8937,34,18,6,4,1d12+4,1d8+4,48,15,7,4,1d12+4,1d8+4,1.0,A
8938,38,17,6,4,1d8+4,1d8+4,32,16,7,4,1d12+4,1d6+4,7.0,B
8939,32,16,5,4,1d12+4,1d8+4,49,18,5,4,1d12+4,1d8+4,5.0,B
8940,42,14,5,4,1d10+4,1d6+4,41,16,8,4,1d8+4,1d6+4,9.0,B
8941,30,17,7,4,1d10+4,1d8+4,38,15,6,4,1d12+4,1d8+4,9.0,B
8942,48,17,6,4,1d10+4,1d6+4,48,14,5,4,1d12+4,1d6+4,4.0,A
8943,50,14,8,4,1d10+4,1d6+4,50,18,8,4,1d8+4,1d6+4,2.0,B
8944,30,16,5,4,1d10+4,1d8+4,48,15,8,4,1d10+4,1d6+4,9.0,B
8945,41,17,8,4,1d8+4,1d8+4,47,16,6,4,1d10+4,1d6+4,3.0,A
8946,39,16,5,4,1d12+4,1d6+4,33,16,7,4,1d8+4,1d8+4,3.0,B
8947,31,18,8,4,1d8+4,1d8+4,50,17,5,4,1d10+4,1d8+4,7.0,B
8948,33,15,6,4,1d10+4,1d8+4,40,16,8,4,1d12+4,1d6+4,6.0,B
8949,43,17,5,4,1d10+4,1d8+4,34,16,8,4,1d10+4,1d6+4,9.0,A
8950,48,14,6,4,1d8+4,1d8+4,40,15,5,4,1d12+4,1d8+4,1.0,A
8951,37,16,7,4,1d10+4,1d6+4,42,18,5,4,1d12+4,1d8+4,1.0,B
8952,44,18,6,4,1d10+4,1d8+4,33,14,5,4,1d12+4,1d6+4,3.0,A
8953,47,15,7,4,1d12+4,1d8+4,47,15,7,4,1d8+4,1d8+4,3.0,A
8954,47,16,5,4,1d10+4,1d8+4,34,14,5,4,1d12+4,1d8+4,10.0,A
8955,39,16,6,4,1d8+4,1d6+4,41,14,7,4,1d10+4,1d8+4,10.0,B
8956,33,16,8,4,1d8+4,1d8+4,33,17,5,4,1d12+4,1d8+4,5.0,A
8957,50,14,6,4,1d12+4,1d8+4,48,18,7,4,1d12+4,1d8+4,1.0,A
8958,49,17,8,4,1d10+4,1d6+4,42,17,6,4,1d8+4,1d6+4,8.0,A
8959,48,16,5,4,1d8+4,1d6+4,37,14,7,4,1d10+4,1d6+4,0.0,A
8960,36,18,5,4,1d8+4,1d8+4,35,15,5,4,1d10+4,1d6+4,0.0,A
8961,32,16,8,4,1d10+4,1d6+4,50,16,6,4,1d8+4,1d6+4,5.0,B
8962,31,15,6,4,1d12+4,1d8+4,48,15,6,4,1d10+4,1d8+4,7.0,A
8963,43,17,5,4,1d8+4,1d6+4,49,18,5,4,1d8+4,1d6+4,1.0,B
8964,49,16,6,4,1d10+4,1d8+4,32,15,8,4,1d12+4,1d8+4,7.0,A
8965,45,14,5,4,1d10+4,1d6+4,44,16,7,4,1d8+4,1d8+4,0.0,B
8966,48,14,7,4,1d12+4,1d6+4,34,14,7,4,1d10+4,1d6+4,2.0,B
8967,43,18,5,4,1d10+4,1d6+4,33,16,8,4,1d8+4,1d6+4,3.0,A
8968,46,14,7,4,1d12+4,1d6+4,30,15,8,4,1d8+4,1d8+4,6.0,A
8969,50,15,8,4,1d10+4,1d8+4,50,14,7,4,1d10+4,1d8+4,8.0,A
8970,34,17,5,4,1d8+4,1d8+4,40,17,6,4,1d10+4,1d6+4,0.0,B
8971,46,18,7,4,1d8+4,1d6+4,36,15,8,4,1d8+4,1d8+4,10.0,A
8972,50,18,7,4,1d10+4,1d6+4,32,14,6,4,1d8+4,1d8+4,3.0,A
8973,36,15,5,4,1d10+4,1d6+4,31,15,5,4,1d10+4,1d6+4,9.0,B
8974,41,17,7,4,1d12+4,1d8+4,37,17,6,4,1d10+4,1d6+4,0.0,A
8975,42,16,7,4,1d8+4,1d6+4,31,14,6,4,1d10+4,1d8+4,5.0,B
8976,31,18,8,4,1d8+4,1d8+4,33,16,7,4,1d12+4,1d8+4,4.0,B
8977,33,15,6,4,1d8+4,1d6+4,39,16,5,4,1d12+4,1d8+4,0.0,A
8978,39,16,6,4,1d8+4,1d8+4,48,18,8,4,1d8+4,1d8+4,1.0,B
8979,36,14,6,4,1d12+4,1d6+4,50,18,6,4,1d12+4,1d6+4,10.0,B
8980,41,18,8,4,1d12+4,1d6+4,50,17,6,4,1d12+4,1d6+4,6.0,B
8981,41,14,7,4,1d8+4,1d8+4,45,18,8,4,1d12+4,1d6+4,7.0,B
8982,32,16,7,4,1d10+4,1d6+4,38,15,5,4,1d10+4,1d8+4,7.0,B
8983,39,18,5,4,1d10+4,1d6+4,40,18,8,4,1d10+4,1d6+4,5.0,A
8984,39,15,8,4,1d8+4,1d6+4,46,17,5,4,1d12+4,1d6+4,10.0,A
8985,39,16,6,4,1d10+4,1d6+4,50,15,7,4,1d10+4,1d6+4,1.0,B
8986,42,14,8,4,1d12+4,1d6+4,40,18,7,4,1d12+4,1d8+4,9.0,B
8987,30,14,8,4,1d12+4,1d6+4,35,17,5,4,1d10+4,1d6+4,7.0,B
8988,48,14,5,4,1d12+4,1d6+4,47,15,8,4,1d12+4,1d8+4,6.0,B
8989,40,15,7,4,1d8+4,1d8+4,34,17,8,4,1d10+4,1d8+4,6.0,B
8990,30,16,7,4,1d12+4,1d6+4,46,15,7,4,1d8+4,1d8+4,3.0,B
8991,40,14,6,4,1d10+4,1d8+4,38,15,8,4,1d12+4,1d6+4,3.0,B
8992,37,18,5,4,1d10+4,1d6+4,33,15,7,4,1d10+4,1d6+4,4.0,A
8993,49,14,5,4,1d8+4,1d8+4,35,15,6,4,1d8+4,1d8+4,7.0,A
8994,41,17,8,4,1d10+4,1d8+4,46,17,6,4,1d10+4,1d6+4,6.0,A
8995,31,17,6,4,1d10+4,1d6+4,47,16,8,4,1d12+4,1d8+4,5.0,B
8996,40,17,7,4,1d10+4,1d8+4,30,16,8,4,1d8+4,1d6+4,10.0,A
8997,36,18,8,4,1d10+4,1d6+4,35,18,8,4,1d12+4,1d8+4,7.0,B
8998,47,15,5,4,1d8+4,1d8+4,46,18,7,4,1d8+4,1d6+4,4.0,B
8999,48,14,5,4,1d12+4,1d6+4,32,18,6,4,1d10+4,1d8+4,10.0,B
9000,31,15,5,4,1d12+4,1d6+4,31,18,8,4,1d8+4,1d8+4,7.0,A
9001,35,16,5,4,1d12+4,1d6+4,37,17,7,4,1d10+4,1d8+4,1.0,A
9002,38,17,6,4,1d8+4,1d8+4,32,15,5,4,1d12+4,1d8+4,10.0,A
9003,47,17,5,4,1d12+4,1d8+4,36,16,7,4,1d12+4,1d6+4,4.0,A
9004,32,17,5,4,1d12+4,1d6+4,31,18,8,4,1d10+4,1d8+4,4.0,B
9005,50,17,8,4,1d8+4,1d6+4,34,15,5,4,1d8+4,1d6+4,9.0,B
9006,36,18,7,4,1d8+4,1d6+4,40,17,8,4,1d10+4,1d6+4,9.0,B
9007,48,16,5,4,1d8+4,1d6+4,33,18,5,4,1d12+4,1d6+4,2.0,B
9008,41,16,5,4,1d10+4,1d8+4,45,16,8,4,1d12+4,1d6+4,3.0,B
9009,36,18,8,4,1d12+4,1d8+4,47,17,8,4,1d12+4,1d8+4,1.0,B
9010,42,17,5,4,1d8+4,1d8+4,46,18,5,4,1d12+4,1d8+4,4.0,A
9011,32,15,5,4,1d8+4,1d6+4,40,18,5,4,1d8+4,1d6+4,4.0,B
9012,31,18,6,4,1d8+4,1d8+4,31,16,8,4,1d8+4,1d8+4,1.0,B
9013,32,14,6,4,1d8+4,1d8+4,49,15,8,4,1d12+4,1d8+4,2.0,A
9014,41,14,7,4,1d8+4,1d8+4,39,18,7,4,1d8+4,1d8+4,9.0,B
9015,32,18,5,4,1d10+4,1d8+4,40,15,5,4,1d12+4,1d6+4,1.0,B
9016,36,16,7,4,1d12+4,1d6+4,35,14,5,4,1d10+4,1d8+4,8.0,B
9017,42,16,5,4,1d10+4,1d6+4,36,17,7,4,1d10+4,1d6+4,7.0,B
9018,33,18,6,4,1d8+4,1d8+4,39,18,7,4,1d8+4,1d6+4,9.0,B
9019,43,16,6,4,1d10+4,1d8+4,47,16,8,4,1d10+4,1d8+4,4.0,B
9020,50,15,8,4,1d10+4,1d8+4,34,18,7,4,1d8+4,1d8+4,9.0,A
9021,48,15,6,4,1d12+4,1d8+4,39,18,7,4,1d12+4,1d8+4,8.0,A
9022,33,15,7,4,1d8+4,1d6+4,49,18,5,4,1d10+4,1d6+4,1.0,B
9023,50,17,7,4,1d10+4,1d6+4,50,16,7,4,1d10+4,1d6+4,6.0,A
9024,32,16,8,4,1d12+4,1d8+4,33,17,8,4,1d12+4,1d6+4,7.0,A
9025,44,15,7,4,1d10+4,1d6+4,40,18,8,4,1d12+4,1d6+4,10.0,B
9026,41,16,7,4,1d12+4,1d6+4,33,14,6,4,1d10+4,1d8+4,6.0,A
9027,33,16,6,4,1d10+4,1d6+4,42,18,6,4,1d8+4,1d6+4,3.0,A
9028,35,16,8,4,1d12+4,1d6+4,50,17,5,4,1d10+4,1d8+4,9.0,B
9029,46,17,5,4,1d12+4,1d6+4,43,15,7,4,1d8+4,1d6+4,3.0,B
9030,35,18,6,4,1d10+4,1d6+4,30,17,5,4,1d12+4,1d8+4,2.0,B
9031,39,18,5,4,1d8+4,1d8+4,33,18,7,4,1d10+4,1d6+4,2.0,A
9032,35,14,5,4,1d8+4,1d6+4,41,15,6,4,1d10+4,1d8+4,10.0,B
9033,43,15,6,4,1d12+4,1d8+4,42,14,6,4,1d8+4,1d8+4,5.0,B
9034,41,18,6,4,1d8+4,1d6+4,40,18,7,4,1d8+4,1d8+4,2.0,B
9035,40,16,6,4,1d12+4,1d6+4,46,16,7,4,1d12+4,1d8+4,8.0,B
9036,44,17,6,4,1d12+4,1d6+4,47,17,5,4,1d12+4,1d8+4,8.0,B
9037,43,14,5,4,1d10+4,1d8+4,31,15,8,4,1d10+4,1d8+4,1.0,B
9038,40,15,8,4,1d8+4,1d6+4,42,14,7,4,1d10+4,1d6+4,7.0,A
9039,50,17,5,4,1d12+4,1d8+4,33,16,8,4,1d8+4,1d8+4,9.0,A
9040,38,17,5,4,1d8+4,1d8+4,32,17,8,4,1d8+4,1d8+4,4.0,A
9041,42,17,8,4,1d10+4,1d6+4,45,17,7,4,1d10+4,1d6+4,8.0,A
9042,33,15,8,4,1d12+4,1d8+4,31,18,6,4,1d10+4,1d8+4,8.0,A
9043,32,14,7,4,1d8+4,1d6+4,34,16,8,4,1d12+4,1d6+4,0.0,A
9044,44,17,5,4,1d12+4,1d6+4,37,14,6,4,1d10+4,1d8+4,4.0,A
9045,43,16,8,4,1d12+4,1d6+4,42,16,6,4,1d8+4,1d6+4,1.0,B
9046,33,18,7,4,1d8+4,1d8+4,31,18,5,4,1d8+4,1d8+4,5.0,A
9047,34,16,8,4,1d12+4,1d8+4,48,16,5,4,1d10+4,1d6+4,10.0,B
9048,35,18,6,4,1d10+4,1d6+4,32,16,7,4,1d8+4,1d6+4,0.0,A
9049,32,14,8,4,1d8+4,1d6+4,41,17,8,4,1d12+4,1d8+4,1.0,A
9050,41,17,8,4,1d10+4,1d6+4,50,15,8,4,1d12+4,1d8+4,9.0,B
9051,41,17,6,4,1d8+4,1d8+4,47,18,5,4,1d12+4,1d8+4,2.0,B
9052,37,18,8,4,1d10+4,1d8+4,44,14,7,4,1d12+4,1d6+4,6.0,B
9053,34,15,6,4,1d12+4,1d8+4,50,14,6,4,1d12+4,1d6+4,2.0,B
9054,42,18,7,4,1d10+4,1d6+4,33,14,8,4,1d12+4,1d6+4,4.0,A
9055,40,14,8,4,1d10+4,1d8+4,30,17,6,4,1d10+4,1d6+4,1.0,A
9056,47,16,7,4,1d10+4,1d8+4,32,14,6,4,1d10+4,1d6+4,5.0,A
9057,40,18,8,4,1d10+4,1d8+4,38,16,5,4,1d8+4,1d8+4,5.0,B
9058,50,18,6,4,1d10+4,1d6+4,38,17,8,4,1d10+4,1d8+4,8.0,A
9059,44,17,5,4,1d8+4,1d6+4,42,14,7,4,1d12+4,1d8+4,4.0,B
9060,40,17,7,4,1d10+4,1d6+4,39,18,5,4,1d8+4,1d8+4,0.0,A
9061,35,18,5,4,1d8+4,1d6+4,38,18,6,4,1d12+4,1d6+4,10.0,B
9062,49,18,7,4,1d8+4,1d6+4,32,14,6,4,1d12+4,1d6+4,6.0,A
9063,38,14,8,4,1d12+4,1d8+4,31,16,6,4,1d12+4,1d8+4,10.0,A
9064,45,17,6,4,1d12+4,1d8+4,49,18,7,4,1d8+4,1d6+4,6.0,B
9065,50,18,8,4,1d8+4,1d6+4,50,15,6,4,1d12+4,1d8+4,8.0,B
9066,39,16,5,4,1d8+4,1d6+4,34,18,6,4,1d10+4,1d8+4,4.0,B
9067,36,16,7,4,1d8+4,1d6+4,41,15,7,4,1d12+4,1d6+4,9.0,A
9068,36,18,6,4,1d10+4,1d6+4,36,14,7,4,1d10+4,1d6+4,0.0,A
9069,46,18,7,4,1d12+4,1d6+4,37,15,5,4,1d10+4,1d8+4,10.0,A
9070,50,17,8,4,1d10+4,1d6+4,31,16,5,4,1d8+4,1d8+4,8.0,A
9071,37,16,5,4,1d12+4,1d8+4,47,16,5,4,1d12+4,1d8+4,1.0,B
9072,38,17,8,4,1d8+4,1d6+4,47,16,8,4,1d12+4,1d8+4,8.0,B
9073,47,17,7,4,1d12+4,1d6+4,50,15,8,4,1d10+4,1d8+4,9.0,B
9074,42,15,6,4,1d12+4,1d6+4,47,18,6,4,1d12+4,1d8+4,6.0,A
9075,33,15,7,4,1d12+4,1d6+4,48,14,8,4,1d8+4,1d6+4,8.0,B
9076,44,16,7,4,1d10+4,1d6+4,49,14,5,4,1d8+4,1d8+4,9.0,B
9077,36,16,8,4,1d8+4,1d6+4,43,16,5,4,1d10+4,1d8+4,4.0,B
9078,35,14,7,4,1d8+4,1d8+4,38,16,6,4,1d10+4,1d8+4,8.0,A
9079,41,17,5,4,1d10+4,1d8+4,50,16,8,4,1d8+4,1d8+4,5.0,A
9080,33,14,7,4,1d8+4,1d6+4,42,16,6,4,1d8+4,1d6+4,5.0,B
9081,44,14,8,4,1d12+4,1d8+4,31,18,7,4,1d12+4,1d6+4,8.0,A
9082,35,16,8,4,1d10+4,1d8+4,38,15,5,4,1d10+4,1d6+4,2.0,A
9083,42,14,6,4,1d10+4,1d6+4,35,18,6,4,1d12+4,1d6+4,5.0,B
9084,42,17,7,4,1d8+4,1d6+4,48,17,7,4,1d10+4,1d6+4,6.0,B
9085,48,14,5,4,1d12+4,1d6+4,34,14,6,4,1d12+4,1d8+4,8.0,A
9086,43,17,6,4,1d8+4,1d8+4,40,17,5,4,1d12+4,1d8+4,9.0,A
9087,39,18,8,4,1d8+4,1d6+4,38,14,6,4,1d12+4,1d6+4,7.0,A
9088,42,16,6,4,1d10+4,1d8+4,47,17,5,4,1d12+4,1d8+4,1.0,A
9089,36,14,6,4,1d10+4,1d8+4,44,15,7,4,1d12+4,1d8+4,0.0,B
9090,34,14,7,4,1d10+4,1d6+4,40,17,8,4,1d12+4,1d6+4,6.0,B
9091,41,17,8,4,1d8+4,1d6+4,48,14,7,4,1d8+4,1d6+4,7.0,A
9092,48,15,5,4,1d8+4,1d8+4,40,18,8,4,1d8+4,1d6+4,2.0,A
9093,40,16,5,4,1d12+4,1d6+4,41,16,5,4,1d12+4,1d8+4,1.0,B
9094,35,17,5,4,1d10+4,1d6+4,44,14,8,4,1d8+4,1d8+4,6.0,A
9095,40,16,7,4,1d12+4,1d6+4,49,18,5,4,1d8+4,1d6+4,6.0,A
9096,44,16,6,4,1d12+4,1d6+4,34,18,5,4,1d12+4,1d8+4,8.0,A
9097,36,15,7,4,1d8+4,1d8+4,41,15,7,4,1d8+4,1d8+4,3.0,A
9098,50,18,5,4,1d10+4,1d6+4,39,18,8,4,1d12+4,1d6+4,4.0,A
9099,37,17,5,4,1d8+4,1d6+4,45,15,8,4,1d12+4,1d8+4,7.0,A
9100,31,15,6,4,1d12+4,1d6+4,43,15,5,4,1d10+4,1d8+4,0.0,A
9101,42,16,7,4,1d12+4,1d6+4,42,14,7,4,1d8+4,1d8+4,6.0,A
9102,50,16,7,4,1d8+4,1d6+4,41,14,8,4,1d12+4,1d8+4,0.0,A
9103,32,15,7,4,1d10+4,1d6+4,47,17,5,4,1d10+4,1d6+4,6.0,A
9104,48,17,8,4,1d8+4,1d8+4,42,18,5,4,1d12+4,1d8+4,10.0,B
9105,40,18,7,4,1d10+4,1d8+4,39,17,5,4,1d10+4,1d8+4,6.0,A
9106,50,14,7,4,1d12+4,1d6+4,35,15,8,4,1d8+4,1d6+4,8.0,A
9107,44,17,7,4,1d12+4,1d8+4,45,15,8,4,1d8+4,1d8+4,7.0,A
9108,43,18,5,4,1d10+4,1d6+4,38,17,7,4,1d8+4,1d6+4,5.0,B
9109,34,17,7,4,1d10+4,1d8+4,47,16,8,4,1d10+4,1d8+4,10.0,B
9110,30,17,6,4,1d10+4,1d6+4,31,15,5,4,1d12+4,1d8+4,7.0,A
9111,31,17,6,4,1d12+4,1d6+4,37,18,7,4,1d10+4,1d6+4,4.0,A
9112,42,15,8,4,1d10+4,1d8+4,40,16,8,4,1d8+4,1d6+4,2.0,A
9113,33,14,6,4,1d12+4,1d8+4,46,15,5,4,1d12+4,1d6+4,7.0,B
9114,45,17,8,4,1d8+4,1d6+4,48,17,6,4,1d12+4,1d8+4,3.0,A
9115,42,17,5,4,1d12+4,1d6+4,36,17,7,4,1d10+4,1d6+4,1.0,A
9116,34,16,6,4,1d12+4,1d8+4,40,18,5,4,1d10+4,1d6+4,6.0,A
9117,49,16,7,4,1d10+4,1d6+4,42,17,5,4,1d12+4,1d6+4,1.0,A
9118,36,18,7,4,1d10+4,1d8+4,39,16,8,4,1d10+4,1d6+4,6.0,B
9119,44,14,5,4,1d10+4,1d6+4,37,15,7,4,1d10+4,1d8+4,3.0,A
9120,37,14,5,4,1d12+4,1d6+4,36,18,5,4,1d12+4,1d6+4,3.0,B
9121,42,18,8,4,1d12+4,1d6+4,46,17,6,4,1d10+4,1d8+4,2.0,A
9122,46,16,7,4,1d12+4,1d8+4,45,16,6,4,1d8+4,1d8+4,7.0,A
9123,31,17,5,4,1d12+4,1d6+4,44,15,5,4,1d10+4,1d6+4,3.0,A
9124,38,17,5,4,1d12+4,1d8+4,50,14,8,4,1d8+4,1d6+4,7.0,B
9125,46,14,8,4,1d10+4,1d6+4,45,16,5,4,1d10+4,1d8+4,5.0,A
9126,30,15,5,4,1d12+4,1d8+4,47,16,7,4,1d8+4,1d6+4,3.0,A
9127,49,18,5,4,1d8+4,1d8+4,32,15,8,4,1d10+4,1d6+4,0.0,A
9128,49,14,6,4,1d10+4,1d8+4,41,14,7,4,1d12+4,1d6+4,5.0,A
9129,43,16,6,4,1d10+4,1d6+4,45,14,6,4,1d12+4,1d6+4,2.0,A
9130,47,16,6,4,1d8+4,1d8+4,36,14,8,4,1d8+4,1d6+4,5.0,A
9131,50,17,5,4,1d8+4,1d8+4,41,15,6,4,1d10+4,1d6+4,5.0,A
9132,31,16,5,4,1d10+4,1d6+4,49,16,5,4,1d10+4,1d8+4,10.0,B
9133,43,18,5,4,1d8+4,1d6+4,38,17,6,4,1d12+4,1d8+4,0.0,B
9134,38,16,8,4,1d12+4,1d6+4,40,16,6,4,1d12+4,1d8+4,9.0,A
9135,30,17,7,4,1d12+4,1d6+4,44,16,6,4,1d12+4,1d6+4,9.0,B
9136,30,16,8,4,1d8+4,1d8+4,44,14,6,4,1d8+4,1d8+4,5.0,A
9137,41,14,6,4,1d10+4,1d6+4,50,18,7,4,1d12+4,1d6+4,8.0,A
9138,34,14,8,4,1d12+4,1d6+4,33,16,5,4,1d12+4,1d8+4,4.0,B
9139,44,16,8,4,1d10+4,1d6+4,38,14,6,4,1d8+4,1d6+4,2.0,A
9140,41,17,7,4,1d12+4,1d6+4,40,14,6,4,1d8+4,1d6+4,8.0,A
9141,39,16,7,4,1d12+4,1d6+4,31,17,6,4,1d12+4,1d8+4,10.0,B
9142,33,15,7,4,1d12+4,1d8+4,30,14,8,4,1d10+4,1d6+4,3.0,A
9143,39,15,5,4,1d8+4,1d8+4,49,17,8,4,1d12+4,1d8+4,3.0,B
9144,42,14,7,4,1d12+4,1d6+4,45,18,5,4,1d10+4,1d6+4,4.0,B
9145,34,18,8,4,1d10+4,1d6+4,50,18,5,4,1d12+4,1d8+4,1.0,B
9146,33,16,8,4,1d8+4,1d6+4,31,18,5,4,1d8+4,1d6+4,1.0,B
9147,45,17,6,4,1d12+4,1d8+4,44,15,7,4,1d10+4,1d6+4,3.0,A
9148,49,18,7,4,1d8+4,1d6+4,40,15,7,4,1d10+4,1d6+4,8.0,A
9149,46,17,5,4,1d10+4,1d6+4,35,16,6,4,1d10+4,1d8+4,10.0,A
9150,46,17,5,4,1d12+4,1d8+4,50,18,7,4,1d12+4,1d6+4,7.0,A
9151,37,15,8,4,1d8+4,1d8+4,43,18,5,4,1d12+4,1d8+4,8.0,B
9152,43,17,8,4,1d8+4,1d8+4,41,16,5,4,1d12+4,1d8+4,0.0,A
9153,50,14,5,4,1d8+4,1d8+4,42,18,5,4,1d10+4,1d8+4,3.0,A
9154,45,15,5,4,1d8+4,1d8+4,39,14,8,4,1d10+4,1d8+4,6.0,B
9155,46,15,6,4,1d12+4,1d6+4,48,15,5,4,1d8+4,1d8+4,9.0,A
9156,42,16,8,4,1d10+4,1d6+4,37,15,8,4,1d12+4,1d6+4,7.0,A
9157,34,15,6,4,1d12+4,1d6+4,49,16,5,4,1d12+4,1d6+4,5.0,B
9158,44,17,6,4,1d12+4,1d6+4,30,14,8,4,1d10+4,1d6+4,3.0,A
9159,37,18,6,4,1d8+4,1d8+4,36,17,5,4,1d8+4,1d6+4,2.0,B
9160,33,14,7,4,1d10+4,1d8+4,45,14,8,4,1d12+4,1d6+4,8.0,B
9161,37,17,8,4,1d12+4,1d6+4,43,14,8,4,1d12+4,1d8+4,2.0,B
9162,47,14,6,4,1d12+4,1d8+4,34,14,6,4,1d8+4,1d6+4,5.0,A
9163,44,18,5,4,1d10+4,1d6+4,40,18,7,4,1d8+4,1d8+4,1.0,A
9164,30,18,5,4,1d10+4,1d8+4,36,16,8,4,1d8+4,1d6+4,5.0,B
9165,41,16,6,4,1d10+4,1d8+4,30,18,6,4,1d12+4,1d6+4,2.0,B
9166,35,14,7,4,1d12+4,1d8+4,39,18,7,4,1d8+4,1d6+4,6.0,B
9167,31,15,7,4,1d12+4,1d6+4,32,17,5,4,1d10+4,1d8+4,9.0,B
9168,44,18,5,4,1d10+4,1d6+4,37,17,5,4,1d10+4,1d6+4,7.0,A
9169,30,15,7,4,1d12+4,1d8+4,50,14,8,4,1d8+4,1d6+4,10.0,B
9170,36,17,6,4,1d12+4,1d8+4,41,15,8,4,1d10+4,1d8+4,10.0,B
9171,32,16,8,4,1d12+4,1d8+4,38,16,5,4,1d12+4,1d8+4,10.0,B
9172,41,17,6,4,1d10+4,1d8+4,30,18,8,4,1d12+4,1d8+4,3.0,B
9173,36,14,7,4,1d8+4,1d6+4,45,17,7,4,1d8+4,1d8+4,0.0,A
9174,30,16,6,4,1d10+4,1d6+4,34,14,7,4,1d10+4,1d6+4,5.0,B
9175,47,18,8,4,1d12+4,1d8+4,33,15,8,4,1d12+4,1d6+4,3.0,A
9176,48,16,8,4,1d8+4,1d6+4,50,17,6,4,1d12+4,1d8+4,7.0,B
9177,42,18,5,4,1d8+4,1d8+4,31,17,5,4,1d8+4,1d6+4,4.0,A
9178,38,14,6,4,1d10+4,1d8+4,36,17,5,4,1d10+4,1d6+4,8.0,B
9179,32,18,8,4,1d12+4,1d6+4,48,17,7,4,1d12+4,1d6+4,6.0,B
9180,47,18,5,4,1d10+4,1d8+4,38,17,8,4,1d12+4,1d8+4,3.0,B
9181,44,16,7,4,1d10+4,1d6+4,39,17,6,4,1d10+4,1d6+4,2.0,B
9182,47,16,6,4,1d8+4,1d6+4,38,18,6,4,1d8+4,1d6+4,6.0,B
9183,35,16,7,4,1d12+4,1d8+4,31,15,6,4,1d12+4,1d8+4,5.0,A
9184,40,17,6,4,1d12+4,1d6+4,46,15,7,4,1d10+4,1d8+4,7.0,B
9185,31,17,6,4,1d10+4,1d8+4,43,15,7,4,1d8+4,1d8+4,5.0,A
9186,39,17,7,4,1d12+4,1d8+4,50,17,6,4,1d8+4,1d8+4,3.0,B
9187,38,16,8,4,1d12+4,1d6+4,40,16,8,4,1d10+4,1d8+4,4.0,B
9188,33,14,8,4,1d8+4,1d8+4,40,14,7,4,1d12+4,1d8+4,0.0,A
9189,42,15,6,4,1d8+4,1d8+4,48,18,6,4,1d8+4,1d8+4,5.0,B
9190,44,18,6,4,1d8+4,1d8+4,39,17,7,4,1d8+4,1d6+4,4.0,A
9191,48,18,8,4,1d10+4,1d6+4,33,17,6,4,1d10+4,1d8+4,3.0,A
9192,46,17,7,4,1d12+4,1d6+4,38,15,6,4,1d10+4,1d8+4,7.0,A
9193,36,17,8,4,1d12+4,1d6+4,35,17,7,4,1d12+4,1d8+4,2.0,A
9194,42,14,6,4,1d8+4,1d6+4,30,14,7,4,1d12+4,1d8+4,1.0,B
9195,45,14,8,4,1d8+4,1d8+4,49,17,5,4,1d10+4,1d6+4,4.0,B
9196,44,16,5,4,1d10+4,1d8+4,36,16,5,4,1d8+4,1d6+4,10.0,A
9197,45,18,8,4,1d12+4,1d6+4,40,17,7,4,1d8+4,1d6+4,9.0,A
9198,37,18,7,4,1d10+4,1d8+4,46,16,6,4,1d10+4,1d6+4,5.0,A
9199,41,17,7,4,1d8+4,1d8+4,50,16,5,4,1d8+4,1d6+4,2.0,B
9200,39,15,5,4,1d10+4,1d8+4,43,18,8,4,1d10+4,1d8+4,1.0,B
9201,31,16,6,4,1d8+4,1d8+4,39,18,8,4,1d10+4,1d8+4,6.0,A
9202,44,17,6,4,1d8+4,1d6+4,46,15,6,4,1d8+4,1d6+4,4.0,B
9203,42,17,8,4,1d8+4,1d6+4,42,15,5,4,1d10+4,1d8+4,2.0,A
9204,38,15,5,4,1d12+4,1d6+4,43,14,8,4,1d12+4,1d8+4,6.0,B
9205,33,16,8,4,1d12+4,1d8+4,45,14,8,4,1d12+4,1d8+4,10.0,A
9206,46,15,7,4,1d12+4,1d6+4,45,18,6,4,1d12+4,1d8+4,9.0,B
9207,42,15,6,4,1d8+4,1d6+4,37,15,6,4,1d10+4,1d8+4,9.0,A
9208,33,18,5,4,1d12+4,1d8+4,31,14,6,4,1d10+4,1d6+4,8.0,B
9209,45,16,8,4,1d8+4,1d6+4,47,16,8,4,1d10+4,1d8+4,5.0,B
9210,38,14,6,4,1d12+4,1d6+4,49,14,7,4,1d8+4,1d8+4,0.0,B
9211,49,15,7,4,1d12+4,1d6+4,49,14,8,4,1d12+4,1d8+4,10.0,B
9212,42,15,7,4,1d12+4,1d8+4,41,15,8,4,1d12+4,1d6+4,5.0,A
9213,37,14,5,4,1d12+4,1d6+4,45,18,6,4,1d8+4,1d6+4,7.0,B
9214,34,17,6,4,1d8+4,1d8+4,43,15,7,4,1d10+4,1d6+4,7.0,B
9215,34,14,8,4,1d12+4,1d6+4,39,16,7,4,1d12+4,1d6+4,5.0,B
9216,30,18,6,4,1d8+4,1d8+4,34,14,6,4,1d8+4,1d6+4,8.0,B
9217,30,16,7,4,1d10+4,1d8+4,30,14,6,4,1d12+4,1d8+4,9.0,B
9218,38,15,7,4,1d10+4,1d8+4,43,17,5,4,1d10+4,1d6+4,1.0,B
9219,48,16,7,4,1d8+4,1d8+4,43,14,8,4,1d12+4,1d6+4,7.0,A
9220,36,15,6,4,1d10+4,1d6+4,43,18,6,4,1d8+4,1d8+4,6.0,A
9221,31,14,5,4,1d12+4,1d6+4,49,16,5,4,1d10+4,1d6+4,3.0,B
9222,34,16,5,4,1d10+4,1d8+4,44,15,6,4,1d8+4,1d8+4,1.0,A
9223,45,16,5,4,1d8+4,1d8+4,38,17,5,4,1d10+4,1d6+4,10.0,B
9224,41,17,8,4,1d12+4,1d8+4,31,15,6,4,1d8+4,1d8+4,1.0,A
9225,40,14,7,4,1d8+4,1d8+4,30,14,8,4,1d8+4,1d8+4,8.0,A
9226,36,18,8,4,1d8+4,1d8+4,39,18,6,4,1d12+4,1d8+4,8.0,B
9227,39,14,6,4,1d12+4,1d6+4,46,16,7,4,1d8+4,1d6+4,8.0,B
9228,40,17,6,4,1d12+4,1d6+4,39,16,7,4,1d12+4,1d6+4,5.0,A
9229,35,17,8,4,1d10+4,1d8+4,32,15,8,4,1d10+4,1d8+4,3.0,A
9230,32,17,6,4,1d10+4,1d8+4,30,15,7,4,1d12+4,1d8+4,0.0,B
9231,32,16,8,4,1d10+4,1d6+4,37,17,7,4,1d8+4,1d6+4,1.0,A
9232,45,16,7,4,1d10+4,1d8+4,49,15,6,4,1d12+4,1d8+4,6.0,A
9233,34,18,7,4,1d12+4,1d8+4,30,17,5,4,1d12+4,1d8+4,1.0,B
9234,46,15,8,4,1d10+4,1d6+4,37,17,5,4,1d8+4,1d8+4,6.0,B
9235,31,15,5,4,1d10+4,1d8+4,30,16,5,4,1d8+4,1d8+4,5.0,B
9236,30,14,6,4,1d8+4,1d6+4,34,18,8,4,1d12+4,1d8+4,5.0,A
9237,49,16,6,4,1d12+4,1d8+4,42,14,7,4,1d12+4,1d8+4,0.0,A
9238,44,15,5,4,1d10+4,1d6+4,31,14,5,4,1d12+4,1d6+4,7.0,B
9239,39,16,6,4,1d10+4,1d6+4,49,16,7,4,1d10+4,1d8+4,1.0,A
9240,50,17,5,4,1d8+4,1d8+4,46,15,5,4,1d10+4,1d8+4,10.0,A
9241,37,14,7,4,1d10+4,1d6+4,50,18,6,4,1d12+4,1d6+4,2.0,B
9242,39,16,7,4,1d8+4,1d8+4,47,16,7,4,1d8+4,1d6+4,2.0,A
9243,49,17,6,4,1d8+4,1d8+4,39,14,5,4,1d8+4,1d6+4,1.0,B
9244,34,14,6,4,1d10+4,1d6+4,36,16,8,4,1d12+4,1d6+4,2.0,A
9245,33,14,5,4,1d12+4,1d6+4,38,16,5,4,1d12+4,1d6+4,3.0,B
9246,42,14,8,4,1d10+4,1d6+4,38,14,6,4,1d8+4,1d8+4,5.0,A
9247,41,16,6,4,1d8+4,1d8+4,30,17,7,4,1d10+4,1d8+4,3.0,A
9248,50,17,7,4,1d10+4,1d8+4,38,14,5,4,1d12+4,1d8+4,6.0,A
9249,40,18,5,4,1d8+4,1d6+4,41,17,8,4,1d10+4,1d6+4,4.0,B
9250,42,14,8,4,1d8+4,1d8+4,40,15,6,4,1d10+4,1d8+4,5.0,A
9251,41,15,8,4,1d8+4,1d6+4,40,18,6,4,1d8+4,1d8+4,10.0,B
9252,46,15,6,4,1d12+4,1d6+4,46,18,6,4,1d8+4,1d8+4,7.0,A
9253,31,15,8,4,1d8+4,1d6+4,45,18,6,4,1d8+4,1d6+4,2.0,B
9254,35,17,7,4,1d10+4,1d8+4,41,14,8,4,1d8+4,1d6+4,10.0,A
9255,36,14,6,4,1d12+4,1d6+4,30,14,6,4,1d12+4,1d6+4,10.0,A
9256,44,15,5,4,1d10+4,1d6+4,39,17,8,4,1d10+4,1d6+4,3.0,A
9257,42,18,6,4,1d10+4,1d8+4,31,16,8,4,1d8+4,1d8+4,0.0,A
9258,50,16,8,4,1d10+4,1d8+4,30,14,7,4,1d12+4,1d8+4,2.0,A
9259,37,18,7,4,1d12+4,1d6+4,36,14,7,4,1d10+4,1d8+4,10.0,B
9260,33,18,8,4,1d8+4,1d6+4,42,15,6,4,1d10+4,1d8+4,0.0,A
9261,37,16,6,4,1d12+4,1d6+4,41,16,6,4,1d8+4,1d6+4,0.0,B
9262,38,15,7,4,1d12+4,1d8+4,41,15,5,4,1d8+4,1d6+4,6.0,A
9263,33,15,7,4,1d12+4,1d8+4,48,15,6,4,1d12+4,1d6+4,6.0,B
9264,49,14,8,4,1d10+4,1d8+4,41,16,6,4,1d12+4,1d8+4,8.0,A
9265,39,18,8,4,1d10+4,1d8+4,36,14,8,4,1d12+4,1d8+4,0.0,B
9266,40,15,6,4,1d12+4,1d6+4,46,15,6,4,1d12+4,1d8+4,3.0,B
9267,33,15,7,4,1d12+4,1d6+4,35,16,8,4,1d10+4,1d6+4,2.0,A
9268,46,18,5,4,1d12+4,1d8+4,37,15,5,4,1d12+4,1d8+4,0.0,B
9269,43,17,8,4,1d8+4,1d8+4,45,16,7,4,1d8+4,1d6+4,8.0,B
9270,43,16,6,4,1d8+4,1d8+4,50,16,8,4,1d8+4,1d8+4,0.0,A
9271,49,16,6,4,1d8+4,1d8+4,31,15,5,4,1d8+4,1d8+4,4.0,B
9272,49,14,8,4,1d12+4,1d8+4,46,18,7,4,1d12+4,1d8+4,10.0,B
9273,42,17,8,4,1d12+4,1d8+4,48,15,6,4,1d12+4,1d8+4,6.0,A
9274,37,18,7,4,1d8+4,1d6+4,36,15,6,4,1d10+4,1d6+4,5.0,A
9275,45,14,6,4,1d8+4,1d6+4,38,15,8,4,1d8+4,1d6+4,3.0,A
9276,39,18,5,4,1d10+4,1d8+4,32,15,7,4,1d10+4,1d6+4,8.0,A
9277,44,18,6,4,1d8+4,1d8+4,32,16,7,4,1d10+4,1d8+4,8.0,B
9278,43,15,6,4,1d10+4,1d6+4,32,15,7,4,1d12+4,1d8+4,0.0,A
9279,31,17,6,4,1d8+4,1d6+4,37,14,5,4,1d12+4,1d8+4,4.0,A
9280,34,17,8,4,1d8+4,1d6+4,47,14,7,4,1d10+4,1d6+4,5.0,A
9281,45,15,5,4,1d8+4,1d6+4,48,15,6,4,1d8+4,1d8+4,8.0,A
9282,35,14,8,4,1d10+4,1d6+4,49,18,6,4,1d12+4,1d8+4,7.0,B
9283,44,17,5,4,1d10+4,1d6+4,33,17,8,4,1d12+4,1d6+4,6.0,A
9284,40,17,6,4,1d12+4,1d8+4,37,16,6,4,1d10+4,1d8+4,10.0,A
9285,46,17,6,4,1d12+4,1d8+4,39,18,7,4,1d12+4,1d6+4,9.0,A
9286,37,18,8,4,1d8+4,1d8+4,46,18,7,4,1d12+4,1d8+4,4.0,B
9287,33,18,6,4,1d10+4,1d8+4,35,16,7,4,1d8+4,1d6+4,6.0,B
9288,35,15,5,4,1d10+4,1d6+4,43,15,5,4,1d12+4,1d6+4,2.0,B
9289,48,14,7,4,1d10+4,1d6+4,33,14,6,4,1d12+4,1d6+4,5.0,B
9290,30,16,5,4,1d12+4,1d8+4,42,15,7,4,1d8+4,1d6+4,4.0,A
9291,44,14,5,4,1d12+4,1d6+4,37,16,8,4,1d10+4,1d8+4,4.0,B
9292,40,15,8,4,1d10+4,1d6+4,50,15,5,4,1d8+4,1d8+4,6.0,B
9293,40,14,7,4,1d10+4,1d6+4,30,17,6,4,1d12+4,1d8+4,5.0,A
9294,36,15,7,4,1d12+4,1d6+4,35,14,6,4,1d8+4,1d8+4,6.0,A
9295,46,14,7,4,1d12+4,1d8+4,38,14,5,4,1d10+4,1d8+4,8.0,A
9296,34,17,8,4,1d12+4,1d8+4,32,16,7,4,1d8+4,1d6+4,1.0,A
9297,42,14,8,4,1d10+4,1d8+4,44,18,7,4,1d10+4,1d8+4,10.0,B
9298,36,17,5,4,1d12+4,1d6+4,47,17,8,4,1d10+4,1d8+4,1.0,B
9299,31,14,7,4,1d8+4,1d6+4,35,14,8,4,1d12+4,1d8+4,8.0,A
9300,38,15,8,4,1d8+4,1d6+4,44,15,8,4,1d10+4,1d8+4,5.0,B
9301,48,18,8,4,1d10+4,1d6+4,32,15,5,4,1d8+4,1d6+4,2.0,A
9302,39,15,7,4,1d8+4,1d8+4,42,16,5,4,1d8+4,1d8+4,4.0,B
9303,38,17,8,4,1d8+4,1d8+4,35,17,8,4,1d8+4,1d8+4,5.0,A
9304,30,14,5,4,1d10+4,1d8+4,31,14,7,4,1d12+4,1d8+4,4.0,B
9305,42,14,8,4,1d8+4,1d6+4,50,17,8,4,1d12+4,1d6+4,1.0,A
9306,48,17,7,4,1d10+4,1d6+4,44,14,6,4,1d12+4,1d6+4,9.0,A
9307,36,14,7,4,1d8+4,1d8+4,50,17,5,4,1d10+4,1d8+4,3.0,B
9308,30,17,7,4,1d10+4,1d6+4,45,17,7,4,1d12+4,1d6+4,9.0,B
9309,33,16,7,4,1d8+4,1d8+4,35,15,7,4,1d8+4,1d8+4,10.0,A
9310,49,17,8,4,1d8+4,1d8+4,30,16,8,4,1d8+4,1d8+4,7.0,B
9311,36,16,8,4,1d10+4,1d6+4,36,18,6,4,1d8+4,1d6+4,2.0,B
9312,42,15,6,4,1d12+4,1d8+4,33,15,6,4,1d12+4,1d6+4,6.0,A
9313,38,18,5,4,1d8+4,1d8+4,46,15,8,4,1d8+4,1d8+4,7.0,B
9314,45,15,6,4,1d10+4,1d6+4,48,17,8,4,1d12+4,1d6+4,7.0,B
9315,48,14,5,4,1d10+4,1d8+4,42,17,6,4,1d10+4,1d8+4,6.0,A
9316,48,15,8,4,1d12+4,1d8+4,40,15,6,4,1d8+4,1d6+4,1.0,A
9317,44,16,8,4,1d12+4,1d6+4,48,14,7,4,1d12+4,1d6+4,9.0,A
9318,39,17,7,4,1d12+4,1d8+4,32,14,7,4,1d12+4,1d8+4,6.0,A
9319,38,15,5,4,1d12+4,1d6+4,32,15,8,4,1d8+4,1d6+4,3.0,A
9320,34,16,7,4,1d12+4,1d8+4,48,14,5,4,1d10+4,1d8+4,1.0,A
9321,37,14,7,4,1d10+4,1d6+4,35,16,8,4,1d10+4,1d8+4,1.0,B
9322,31,18,6,4,1d10+4,1d8+4,31,17,7,4,1d12+4,1d6+4,2.0,A
9323,42,17,7,4,1d8+4,1d6+4,44,16,6,4,1d10+4,1d6+4,3.0,A
9324,40,17,7,4,1d10+4,1d6+4,50,14,6,4,1d12+4,1d6+4,0.0,A
9325,49,17,8,4,1d8+4,1d6+4,30,18,5,4,1d12+4,1d8+4,6.0,B
9326,48,15,5,4,1d8+4,1d8+4,33,16,5,4,1d8+4,1d6+4,2.0,A
9327,44,18,8,4,1d10+4,1d6+4,31,16,6,4,1d8+4,1d8+4,0.0,A
9328,32,15,8,4,1d10+4,1d8+4,45,16,8,4,1d8+4,1d6+4,3.0,A
9329,45,18,7,4,1d10+4,1d8+4,46,16,5,4,1d12+4,1d8+4,9.0,A
9330,47,18,8,4,1d10+4,1d8+4,30,14,6,4,1d8+4,1d6+4,2.0,A
9331,35,16,6,4,1d10+4,1d6+4,48,16,5,4,1d8+4,1d8+4,5.0,A
9332,33,18,8,4,1d8+4,1d6+4,42,18,8,4,1d8+4,1d6+4,1.0,A
9333,48,17,5,4,1d12+4,1d8+4,32,16,7,4,1d8+4,1d6+4,2.0,A
9334,40,14,7,4,1d12+4,1d6+4,32,15,7,4,1d8+4,1d6+4,7.0,A
9335,34,15,6,4,1d10+4,1d6+4,50,17,6,4,1d8+4,1d6+4,4.0,B
9336,30,17,6,4,1d10+4,1d6+4,43,18,8,4,1d12+4,1d6+4,9.0,B
9337,41,16,6,4,1d12+4,1d8+4,39,15,6,4,1d8+4,1d8+4,2.0,A
9338,40,15,7,4,1d10+4,1d6+4,37,16,7,4,1d8+4,1d8+4,7.0,A
9339,49,17,5,4,1d10+4,1d6+4,38,17,8,4,1d8+4,1d6+4,5.0,A
9340,47,15,7,4,1d8+4,1d6+4,44,15,8,4,1d10+4,1d8+4,2.0,B
9341,34,15,5,4,1d10+4,1d6+4,38,16,8,4,1d12+4,1d6+4,2.0,B
9342,36,14,6,4,1d8+4,1d8+4,35,18,7,4,1d10+4,1d6+4,3.0,B
9343,48,17,8,4,1d10+4,1d6+4,45,17,8,4,1d12+4,1d6+4,7.0,B
9344,46,16,5,4,1d10+4,1d8+4,48,15,5,4,1d10+4,1d8+4,8.0,B
9345,34,15,5,4,1d10+4,1d8+4,31,15,5,4,1d10+4,1d6+4,6.0,A
9346,36,16,7,4,1d8+4,1d6+4,30,15,6,4,1d10+4,1d6+4,9.0,A
9347,35,17,6,4,1d10+4,1d6+4,50,16,5,4,1d12+4,1d6+4,9.0,B
9348,33,18,6,4,1d12+4,1d6+4,42,14,5,4,1d8+4,1d6+4,7.0,A
9349,44,18,7,4,1d12+4,1d6+4,50,18,7,4,1d12+4,1d8+4,2.0,A
9350,36,18,6,4,1d8+4,1d6+4,32,17,8,4,1d8+4,1d8+4,9.0,A
9351,35,17,5,4,1d10+4,1d8+4,42,14,5,4,1d10+4,1d8+4,0.0,B
9352,39,17,8,4,1d12+4,1d8+4,31,14,6,4,1d8+4,1d6+4,3.0,A
9353,50,15,8,4,1d12+4,1d6+4,32,18,8,4,1d12+4,1d6+4,7.0,A
9354,39,15,8,4,1d12+4,1d8+4,35,18,5,4,1d8+4,1d6+4,9.0,A
9355,46,16,6,4,1d8+4,1d6+4,35,15,5,4,1d10+4,1d6+4,3.0,A
9356,36,15,7,4,1d12+4,1d6+4,37,18,8,4,1d10+4,1d8+4,7.0,B
9357,30,15,8,4,1d12+4,1d6+4,35,16,5,4,1d10+4,1d6+4,8.0,A
9358,30,16,7,4,1d10+4,1d6+4,42,15,5,4,1d10+4,1d8+4,5.0,A
9359,42,15,5,4,1d8+4,1d6+4,41,18,5,4,1d12+4,1d8+4,0.0,A
9360,33,14,5,4,1d10+4,1d8+4,44,16,5,4,1d10+4,1d8+4,8.0,A
9361,32,14,6,4,1d10+4,1d8+4,33,15,8,4,1d8+4,1d8+4,3.0,A
9362,43,17,7,4,1d10+4,1d6+4,35,17,5,4,1d8+4,1d6+4,2.0,A
9363,39,14,8,4,1d12+4,1d6+4,42,14,6,4,1d12+4,1d6+4,2.0,A
9364,33,18,5,4,1d8+4,1d6+4,34,14,6,4,1d8+4,1d6+4,0.0,B
9365,46,16,6,4,1d10+4,1d8+4,47,14,8,4,1d12+4,1d6+4,1.0,B
9366,44,18,8,4,1d12+4,1d8+4,49,18,7,4,1d10+4,1d8+4,6.0,A
9367,47,15,8,4,1d12+4,1d8+4,33,16,8,4,1d8+4,1d6+4,8.0,A
9368,31,14,5,4,1d12+4,1d6+4,34,15,5,4,1d12+4,1d8+4,9.0,B
9369,31,16,8,4,1d10+4,1d6+4,48,18,5,4,1d10+4,1d8+4,1.0,B
9370,37,18,8,4,1d10+4,1d6+4,49,18,5,4,1d12+4,1d6+4,2.0,A
9371,35,16,5,4,1d12+4,1d8+4,41,18,8,4,1d10+4,1d8+4,7.0,A
9372,34,15,6,4,1d10+4,1d6+4,48,17,5,4,1d12+4,1d6+4,4.0,B
9373,34,15,8,4,1d12+4,1d6+4,32,16,6,4,1d12+4,1d6+4,1.0,A
9374,37,15,8,4,1d12+4,1d6+4,45,18,5,4,1d10+4,1d8+4,1.0,B
9375,36,16,8,4,1d10+4,1d6+4,41,17,6,4,1d10+4,1d6+4,4.0,B
9376,31,15,8,4,1d10+4,1d6+4,40,17,6,4,1d8+4,1d8+4,0.0,A
9377,48,14,5,4,1d8+4,1d6+4,46,14,5,4,1d10+4,1d8+4,5.0,A
9378,32,14,5,4,1d12+4,1d8+4,31,18,5,4,1d8+4,1d6+4,9.0,A
9379,43,14,8,4,1d8+4,1d8+4,43,14,8,4,1d8+4,1d8+4,7.0,B
9380,45,17,5,4,1d12+4,1d6+4,38,16,7,4,1d12+4,1d6+4,4.0,A
9381,46,17,7,4,1d8+4,1d6+4,36,18,6,4,1d8+4,1d8+4,10.0,A
9382,41,16,7,4,1d12+4,1d6+4,34,14,6,4,1d10+4,1d8+4,0.0,A
9383,48,15,5,4,1d12+4,1d6+4,39,15,7,4,1d8+4,1d6+4,2.0,A
9384,45,14,8,4,1d10+4,1d6+4,45,18,8,4,1d8+4,1d6+4,10.0,B
9385,36,17,6,4,1d12+4,1d8+4,35,15,7,4,1d8+4,1d6+4,0.0,B
9386,47,18,7,4,1d8+4,1d6+4,45,16,6,4,1d8+4,1d6+4,8.0,A
9387,37,16,5,4,1d12+4,1d8+4,34,17,7,4,1d8+4,1d8+4,9.0,B
9388,37,14,6,4,1d12+4,1d6+4,40,18,8,4,1d10+4,1d8+4,3.0,A
9389,39,14,5,4,1d8+4,1d6+4,44,18,5,4,1d12+4,1d8+4,6.0,B
9390,40,17,5,4,1d12+4,1d8+4,38,16,6,4,1d10+4,1d6+4,0.0,A
9391,50,17,6,4,1d10+4,1d8+4,30,17,7,4,1d12+4,1d6+4,3.0,B
9392,34,17,8,4,1d10+4,1d8+4,35,17,8,4,1d8+4,1d6+4,10.0,A
9393,48,16,6,4,1d12+4,1d6+4,50,14,5,4,1d10+4,1d6+4,5.0,A
9394,43,17,7,4,1d12+4,1d8+4,38,17,6,4,1d8+4,1d6+4,10.0,A
9395,35,15,5,4,1d12+4,1d8+4,41,15,8,4,1d8+4,1d6+4,9.0,B
9396,47,14,8,4,1d8+4,1d6+4,48,15,7,4,1d10+4,1d6+4,8.0,A
9397,37,14,8,4,1d8+4,1d6+4,39,16,8,4,1d10+4,1d6+4,3.0,B
9398,38,14,6,4,1d10+4,1d6+4,50,15,7,4,1d8+4,1d8+4,5.0,B
9399,44,17,5,4,1d8+4,1d8+4,50,14,6,4,1d10+4,1d6+4,5.0,A
9400,31,15,6,4,1d12+4,1d6+4,44,18,8,4,1d10+4,1d8+4,2.0,B
9401,43,17,8,4,1d10+4,1d8+4,39,15,7,4,1d10+4,1d8+4,0.0,A
9402,40,18,8,4,1d12+4,1d8+4,49,15,7,4,1d8+4,1d6+4,2.0,A
9403,33,16,8,4,1d8+4,1d6+4,39,18,6,4,1d8+4,1d8+4,6.0,A
9404,50,15,5,4,1d10+4,1d8+4,46,14,7,4,1d10+4,1d6+4,1.0,B
9405,45,16,8,4,1d12+4,1d6+4,31,18,5,4,1d12+4,1d6+4,5.0,A
9406,38,18,6,4,1d8+4,1d6+4,48,15,8,4,1d8+4,1d6+4,2.0,B
9407,36,14,5,4,1d10+4,1d8+4,41,15,6,4,1d12+4,1d6+4,5.0,A
9408,30,18,7,4,1d10+4,1d8+4,40,15,5,4,1d12+4,1d8+4,1.0,B
9409,38,14,7,4,1d8+4,1d6+4,47,17,7,4,1d8+4,1d8+4,5.0,A
9410,50,18,8,4,1d8+4,1d8+4,41,18,7,4,1d8+4,1d8+4,10.0,A
9411,45,15,8,4,1d8+4,1d6+4,30,17,8,4,1d12+4,1d6+4,5.0,B
9412,32,15,8,4,1d10+4,1d8+4,41,14,7,4,1d10+4,1d6+4,3.0,A
9413,48,16,7,4,1d10+4,1d6+4,36,14,6,4,1d8+4,1d8+4,5.0,A
9414,33,17,5,4,1d8+4,1d6+4,37,15,7,4,1d10+4,1d6+4,3.0,A
9415,47,15,6,4,1d10+4,1d6+4,37,15,6,4,1d12+4,1d8+4,10.0,A
9416,32,17,5,4,1d12+4,1d6+4,33,14,6,4,1d12+4,1d6+4,1.0,B
9417,39,14,7,4,1d10+4,1d8+4,47,15,6,4,1d12+4,1d6+4,5.0,B
9418,31,16,6,4,1d10+4,1d8+4,30,18,6,4,1d10+4,1d6+4,7.0,B
9419,31,14,6,4,1d12+4,1d8+4,49,18,7,4,1d10+4,1d8+4,5.0,B
9420,36,17,7,4,1d10+4,1d6+4,31,17,8,4,1d10+4,1d8+4,5.0,B
9421,32,14,6,4,1d8+4,1d6+4,38,14,5,4,1d12+4,1d6+4,4.0,A
9422,41,16,8,4,1d10+4,1d8+4,47,15,8,4,1d10+4,1d8+4,0.0,B
9423,31,16,7,4,1d12+4,1d8+4,46,15,7,4,1d8+4,1d8+4,7.0,A
9424,42,16,5,4,1d10+4,1d8+4,35,16,5,4,1d12+4,1d6+4,1.0,B
9425,32,14,5,4,1d10+4,1d8+4,33,18,5,4,1d8+4,1d6+4,8.0,B
9426,43,17,6,4,1d8+4,1d6+4,31,15,8,4,1d10+4,1d6+4,3.0,A
9427,38,17,7,4,1d8+4,1d8+4,45,16,7,4,1d8+4,1d6+4,8.0,A
9428,31,18,5,4,1d8+4,1d6+4,34,16,8,4,1d8+4,1d6+4,10.0,A
9429,50,18,7,4,1d12+4,1d8+4,36,17,5,4,1d12+4,1d6+4,9.0,A
9430,49,14,8,4,1d12+4,1d6+4,49,17,7,4,1d8+4,1d6+4,1.0,A
9431,35,16,8,4,1d10+4,1d6+4,33,18,8,4,1d8+4,1d6+4,6.0,B
9432,47,18,5,4,1d12+4,1d6+4,38,18,7,4,1d12+4,1d6+4,5.0,A
9433,50,15,7,4,1d8+4,1d8+4,39,15,7,4,1d8+4,1d8+4,7.0,A
9434,38,15,5,4,1d12+4,1d6+4,49,16,5,4,1d8+4,1d6+4,4.0,B
9435,50,15,8,4,1d12+4,1d8+4,44,14,7,4,1d8+4,1d8+4,10.0,A
9436,50,18,5,4,1d10+4,1d6+4,36,18,5,4,1d10+4,1d6+4,7.0,B
9437,32,15,7,4,1d12+4,1d8+4,39,15,7,4,1d8+4,1d6+4,0.0,A
9438,36,15,7,4,1d10+4,1d8+4,45,14,6,4,1d8+4,1d6+4,3.0,B
9439,37,15,6,4,1d8+4,1d8+4,37,17,6,4,1d12+4,1d8+4,6.0,A
9440,34,15,6,4,1d8+4,1d6+4,36,16,7,4,1d10+4,1d8+4,7.0,A
9441,36,17,6,4,1d10+4,1d8+4,36,17,7,4,1d12+4,1d8+4,5.0,A
9442,38,16,5,4,1d8+4,1d6+4,42,18,7,4,1d10+4,1d8+4,6.0,B
9443,38,18,7,4,1d10+4,1d8+4,43,17,7,4,1d12+4,1d6+4,10.0,A
9444,46,14,6,4,1d10+4,1d6+4,32,16,7,4,1d8+4,1d6+4,8.0,A
9445,44,14,5,4,1d8+4,1d8+4,50,14,7,4,1d8+4,1d8+4,5.0,B
9446,38,16,8,4,1d8+4,1d8+4,46,17,5,4,1d8+4,1d8+4,0.0,A
9447,34,14,8,4,1d12+4,1d6+4,45,16,6,4,1d12+4,1d8+4,5.0,A
9448,38,17,8,4,1d12+4,1d8+4,39,18,5,4,1d12+4,1d6+4,3.0,B
9449,41,14,5,4,1d12+4,1d8+4,47,17,7,4,1d8+4,1d8+4,5.0,A
9450,38,16,5,4,1d8+4,1d8+4,35,18,5,4,1d10+4,1d6+4,8.0,A
9451,30,17,6,4,1d10+4,1d8+4,31,18,5,4,1d12+4,1d6+4,2.0,B
9452,39,14,8,4,1d8+4,1d8+4,48,17,8,4,1d8+4,1d8+4,3.0,B
9453,31,15,6,4,1d8+4,1d6+4,34,14,6,4,1d8+4,1d6+4,8.0,A
9454,46,16,8,4,1d10+4,1d6+4,38,15,5,4,1d12+4,1d6+4,5.0,A
9455,41,16,7,4,1d8+4,1d8+4,32,18,8,4,1d10+4,1d6+4,1.0,B
9456,39,14,7,4,1d12+4,1d8+4,43,16,8,4,1d10+4,1d8+4,4.0,B
9457,35,17,7,4,1d10+4,1d8+4,49,15,7,4,1d8+4,1d8+4,9.0,A
9458,39,16,8,4,1d10+4,1d6+4,40,17,7,4,1d10+4,1d6+4,7.0,B
9459,43,15,7,4,1d12+4,1d8+4,40,14,5,4,1d8+4,1d6+4,2.0,A
9460,40,15,5,4,1d8+4,1d8+4,34,16,5,4,1d12+4,1d6+4,10.0,B
9461,39,15,7,4,1d10+4,1d8+4,39,16,8,4,1d8+4,1d6+4,3.0,B
9462,34,18,7,4,1d8+4,1d8+4,38,14,6,4,1d8+4,1d8+4,6.0,B
9463,44,17,6,4,1d12+4,1d8+4,48,16,8,4,1d10+4,1d8+4,1.0,A
9464,32,18,6,4,1d10+4,1d8+4,46,16,8,4,1d8+4,1d6+4,8.0,A
9465,49,17,7,4,1d12+4,1d6+4,44,16,7,4,1d12+4,1d6+4,6.0,A
9466,33,16,5,4,1d8+4,1d6+4,30,15,8,4,1d10+4,1d6+4,1.0,B
9467,50,17,6,4,1d10+4,1d8+4,46,18,8,4,1d12+4,1d8+4,10.0,A
9468,30,16,8,4,1d10+4,1d8+4,47,16,7,4,1d8+4,1d8+4,4.0,B
9469,49,14,8,4,1d12+4,1d8+4,43,18,5,4,1d8+4,1d6+4,4.0,A
9470,41,14,5,4,1d10+4,1d8+4,40,16,8,4,1d12+4,1d8+4,4.0,B
9471,33,16,7,4,1d10+4,1d8+4,50,16,6,4,1d8+4,1d8+4,9.0,B
9472,35,16,6,4,1d12+4,1d8+4,35,15,8,4,1d10+4,1d6+4,8.0,A
9473,50,15,8,4,1d12+4,1d8+4,49,17,8,4,1d12+4,1d8+4,7.0,A
9474,44,15,6,4,1d8+4,1d8+4,49,17,5,4,1d10+4,1d6+4,3.0,B
9475,33,18,8,4,1d10+4,1d8+4,44,17,7,4,1d8+4,1d8+4,2.0,A
9476,44,16,8,4,1d12+4,1d6+4,34,17,8,4,1d8+4,1d8+4,5.0,A
9477,40,18,6,4,1d10+4,1d6+4,35,15,6,4,1d8+4,1d6+4,7.0,A
9478,33,15,5,4,1d8+4,1d6+4,38,14,8,4,1d8+4,1d6+4,7.0,A
9479,39,15,7,4,1d8+4,1d6+4,46,18,5,4,1d12+4,1d8+4,5.0,B
9480,41,18,5,4,1d10+4,1d6+4,31,14,6,4,1d10+4,1d6+4,2.0,A
9481,34,16,7,4,1d10+4,1d6+4,41,14,5,4,1d12+4,1d6+4,6.0,A
9482,34,17,5,4,1d12+4,1d8+4,36,14,5,4,1d10+4,1d6+4,9.0,A
9483,45,17,5,4,1d8+4,1d6+4,30,18,8,4,1d12+4,1d6+4,10.0,B
9484,36,14,7,4,1d10+4,1d8+4,42,14,7,4,1d10+4,1d8+4,8.0,B
9485,39,16,7,4,1d8+4,1d6+4,47,18,7,4,1d12+4,1d8+4,1.0,B
9486,47,16,6,4,1d10+4,1d8+4,47,17,5,4,1d10+4,1d8+4,9.0,A
9487,36,17,6,4,1d8+4,1d8+4,31,15,5,4,1d12+4,1d8+4,7.0,B
9488,39,15,6,4,1d10+4,1d8+4,30,16,7,4,1d10+4,1d6+4,8.0,B
9489,36,15,5,4,1d8+4,1d8+4,34,16,6,4,1d8+4,1d6+4,2.0,B
9490,50,16,6,4,1d8+4,1d6+4,34,18,7,4,1d12+4,1d6+4,3.0,A
9491,49,15,8,4,1d8+4,1d6+4,43,15,6,4,1d10+4,1d8+4,8.0,A
9492,48,14,5,4,1d12+4,1d8+4,30,14,6,4,1d12+4,1d8+4,7.0,A
9493,31,16,7,4,1d8+4,1d6+4,31,14,6,4,1d10+4,1d8+4,1.0,A
9494,34,17,7,4,1d12+4,1d6+4,41,18,5,4,1d8+4,1d6+4,1.0,A
9495,41,18,5,4,1d8+4,1d6+4,32,15,6,4,1d10+4,1d8+4,9.0,A
9496,34,18,8,4,1d12+4,1d8+4,36,17,6,4,1d10+4,1d6+4,8.0,A
9497,44,16,5,4,1d8+4,1d6+4,40,18,7,4,1d10+4,1d8+4,4.0,B
9498,48,14,7,4,1d8+4,1d6+4,30,18,5,4,1d12+4,1d8+4,10.0,B
9499,44,18,8,4,1d10+4,1d6+4,48,14,7,4,1d8+4,1d6+4,8.0,A
9500,40,18,5,4,1d8+4,1d6+4,50,17,5,4,1d8+4,1d6+4,4.0,B
9501,46,15,5,4,1d12+4,1d6+4,35,18,8,4,1d8+4,1d8+4,1.0,A
9502,37,14,7,4,1d12+4,1d8+4,50,14,8,4,1d10+4,1d6+4,9.0,B
9503,49,17,5,4,1d8+4,1d6+4,41,17,7,4,1d12+4,1d6+4,0.0,A
9504,36,15,8,4,1d12+4,1d6+4,33,18,7,4,1d10+4,1d8+4,6.0,A
9505,39,16,6,4,1d8+4,1d6+4,45,18,8,4,1d12+4,1d8+4,10.0,B
9506,39,16,7,4,1d10+4,1d6+4,35,14,7,4,1d8+4,1d8+4,1.0,A
9507,49,18,8,4,1d12+4,1d6+4,50,16,6,4,1d8+4,1d8+4,9.0,A
9508,47,17,8,4,1d8+4,1d8+4,48,16,8,4,1d8+4,1d8+4,7.0,B
9509,40,17,8,4,1d8+4,1d8+4,42,16,7,4,1d12+4,1d6+4,5.0,A
9510,44,15,8,4,1d10+4,1d6+4,41,16,5,4,1d8+4,1d8+4,8.0,A
9511,36,14,7,4,1d10+4,1d6+4,49,16,6,4,1d12+4,1d6+4,0.0,B
9512,37,18,8,4,1d8+4,1d8+4,39,18,7,4,1d10+4,1d8+4,0.0,B
9513,37,16,8,4,1d12+4,1d6+4,33,15,8,4,1d10+4,1d8+4,6.0,A
9514,31,16,8,4,1d12+4,1d6+4,36,14,8,4,1d8+4,1d6+4,2.0,B
9515,45,18,8,4,1d12+4,1d6+4,41,16,6,4,1d12+4,1d6+4,6.0,B
9516,32,15,8,4,1d10+4,1d8+4,35,14,5,4,1d12+4,1d8+4,8.0,B
9517,47,15,5,4,1d12+4,1d6+4,50,15,8,4,1d10+4,1d8+4,2.0,B
9518,31,15,6,4,1d12+4,1d8+4,38,14,6,4,1d10+4,1d8+4,2.0,A
9519,44,18,7,4,1d10+4,1d6+4,35,18,6,4,1d8+4,1d8+4,5.0,A
9520,34,18,7,4,1d8+4,1d6+4,33,18,7,4,1d10+4,1d6+4,2.0,A
9521,49,15,6,4,1d12+4,1d6+4,48,16,8,4,1d10+4,1d8+4,1.0,A
9522,39,17,7,4,1d12+4,1d6+4,45,18,5,4,1d8+4,1d8+4,9.0,A
9523,39,14,8,4,1d12+4,1d8+4,34,15,5,4,1d8+4,1d8+4,9.0,A
9524,40,14,6,4,1d8+4,1d6+4,43,15,8,4,1d12+4,1d6+4,3.0,B
9525,43,16,5,4,1d8+4,1d8+4,36,14,8,4,1d12+4,1d6+4,1.0,A
9526,43,18,6,4,1d12+4,1d8+4,31,18,7,4,1d12+4,1d6+4,6.0,A
9527,30,14,8,4,1d12+4,1d8+4,36,14,6,4,1d12+4,1d6+4,10.0,B
9528,34,17,5,4,1d8+4,1d6+4,34,14,6,4,1d10+4,1d8+4,6.0,A
9529,43,18,5,4,1d10+4,1d8+4,30,16,8,4,1d10+4,1d6+4,9.0,B
9530,31,16,5,4,1d10+4,1d8+4,48,16,8,4,1d8+4,1d8+4,4.0,A
9531,38,17,5,4,1d10+4,1d8+4,41,18,6,4,1d8+4,1d6+4,4.0,B
9532,30,17,8,4,1d12+4,1d8+4,46,15,5,4,1d8+4,1d6+4,8.0,A
9533,40,16,6,4,1d8+4,1d6+4,36,18,8,4,1d12+4,1d6+4,5.0,B
9534,45,17,6,4,1d8+4,1d6+4,36,15,8,4,1d12+4,1d6+4,3.0,A
9535,46,14,7,4,1d8+4,1d8+4,48,15,6,4,1d10+4,1d6+4,3.0,A
9536,38,15,6,4,1d12+4,1d8+4,30,16,6,4,1d12+4,1d6+4,8.0,B
9537,46,18,6,4,1d10+4,1d8+4,33,14,7,4,1d8+4,1d8+4,3.0,A
9538,40,17,5,4,1d12+4,1d6+4,37,14,8,4,1d12+4,1d6+4,9.0,A
9539,45,16,6,4,1d8+4,1d8+4,45,17,8,4,1d8+4,1d6+4,4.0,A
9540,32,18,5,4,1d10+4,1d8+4,43,18,6,4,1d12+4,1d6+4,0.0,B
9541,39,14,6,4,1d8+4,1d8+4,45,14,8,4,1d10+4,1d6+4,2.0,A
9542,42,14,8,4,1d8+4,1d6+4,42,15,8,4,1d12+4,1d6+4,5.0,B
9543,30,18,6,4,1d12+4,1d8+4,48,16,6,4,1d12+4,1d6+4,8.0,B
9544,46,16,6,4,1d12+4,1d6+4,34,14,8,4,1d10+4,1d6+4,1.0,A
9545,44,18,8,4,1d8+4,1d6+4,40,15,8,4,1d12+4,1d6+4,9.0,A
9546,46,16,5,4,1d8+4,1d8+4,49,16,7,4,1d10+4,1d8+4,6.0,A
9547,50,14,5,4,1d10+4,1d8+4,36,16,5,4,1d10+4,1d8+4,8.0,B
9548,42,15,5,4,1d10+4,1d8+4,39,14,8,4,1d8+4,1d8+4,8.0,A
9549,43,18,6,4,1d8+4,1d6+4,37,14,7,4,1d12+4,1d6+4,9.0,A
9550,43,16,8,4,1d8+4,1d8+4,33,14,7,4,1d8+4,1d8+4,4.0,B
9551,41,18,6,4,1d8+4,1d8+4,37,14,7,4,1d8+4,1d8+4,7.0,A
9552,34,16,7,4,1d10+4,1d8+4,43,17,5,4,1d12+4,1d6+4,7.0,B
9553,42,15,7,4,1d8+4,1d6+4,37,17,7,4,1d10+4,1d6+4,9.0,B
9554,49,18,7,4,1d10+4,1d8+4,36,17,7,4,1d12+4,1d6+4,0.0,A
9555,33,18,7,4,1d12+4,1d8+4,45,14,5,4,1d12+4,1d8+4,5.0,B
9556,44,18,6,4,1d10+4,1d6+4,40,17,5,4,1d8+4,1d8+4,3.0,A
9557,42,16,5,4,1d10+4,1d6+4,43,18,8,4,1d10+4,1d8+4,8.0,B
9558,45,16,7,4,1d12+4,1d6+4,35,16,6,4,1d10+4,1d8+4,2.0,A
9559,36,18,6,4,1d12+4,1d6+4,32,18,6,4,1d8+4,1d6+4,4.0,B
9560,49,16,6,4,1d12+4,1d6+4,31,14,7,4,1d12+4,1d6+4,3.0,B
9561,44,15,6,4,1d10+4,1d8+4,43,15,8,4,1d10+4,1d6+4,5.0,B
9562,38,18,6,4,1d10+4,1d6+4,44,14,7,4,1d12+4,1d8+4,0.0,A
9563,31,17,5,4,1d10+4,1d6+4,33,17,5,4,1d10+4,1d6+4,7.0,B
9564,36,16,8,4,1d12+4,1d6+4,43,16,7,4,1d8+4,1d8+4,6.0,B
9565,36,16,5,4,1d12+4,1d6+4,40,14,8,4,1d8+4,1d8+4,0.0,B
9566,35,14,6,4,1d10+4,1d8+4,41,16,6,4,1d8+4,1d6+4,8.0,B
9567,44,17,7,4,1d10+4,1d8+4,47,15,5,4,1d12+4,1d8+4,3.0,B
9568,41,16,8,4,1d10+4,1d6+4,30,16,8,4,1d10+4,1d6+4,1.0,B
9569,48,17,7,4,1d10+4,1d8+4,37,18,7,4,1d12+4,1d6+4,5.0,A
9570,42,18,5,4,1d10+4,1d6+4,35,17,5,4,1d8+4,1d8+4,9.0,A
9571,37,18,8,4,1d8+4,1d6+4,32,17,8,4,1d8+4,1d8+4,5.0,B
9572,34,15,6,4,1d8+4,1d8+4,42,14,7,4,1d8+4,1d6+4,1.0,B
9573,38,16,8,4,1d8+4,1d8+4,40,16,8,4,1d8+4,1d8+4,9.0,B
9574,32,15,5,4,1d12+4,1d6+4,31,16,8,4,1d10+4,1d6+4,4.0,A
9575,37,17,5,4,1d10+4,1d8+4,49,17,6,4,1d10+4,1d8+4,8.0,B
9576,50,16,6,4,1d10+4,1d8+4,31,18,7,4,1d12+4,1d6+4,9.0,B
9577,43,17,6,4,1d10+4,1d8+4,36,14,6,4,1d12+4,1d6+4,4.0,B
9578,49,17,8,4,1d10+4,1d8+4,37,14,7,4,1d10+4,1d8+4,3.0,B
9579,46,14,7,4,1d10+4,1d6+4,38,14,6,4,1d8+4,1d8+4,8.0,A
9580,45,15,6,4,1d12+4,1d8+4,48,18,5,4,1d12+4,1d8+4,3.0,B
9581,39,17,8,4,1d10+4,1d8+4,36,14,5,4,1d12+4,1d6+4,3.0,A
9582,31,17,7,4,1d10+4,1d6+4,39,16,8,4,1d12+4,1d8+4,7.0,A
9583,35,18,5,4,1d10+4,1d8+4,37,18,8,4,1d12+4,1d6+4,10.0,B
9584,45,17,7,4,1d10+4,1d8+4,47,18,6,4,1d12+4,1d8+4,6.0,A
9585,33,15,7,4,1d10+4,1d6+4,44,18,8,4,1d10+4,1d8+4,9.0,B
9586,35,15,7,4,1d8+4,1d8+4,40,14,6,4,1d12+4,1d8+4,6.0,A
9587,31,16,7,4,1d8+4,1d8+4,46,14,7,4,1d10+4,1d6+4,3.0,A
9588,31,17,5,4,1d8+4,1d6+4,33,15,5,4,1d8+4,1d8+4,7.0,A
9589,30,15,5,4,1d8+4,1d6+4,50,16,5,4,1d12+4,1d8+4,8.0,A
9590,40,15,8,4,1d8+4,1d8+4,42,16,7,4,1d8+4,1d6+4,10.0,A
9591,48,15,5,4,1d8+4,1d6+4,44,17,6,4,1d12+4,1d6+4,6.0,A
9592,30,16,8,4,1d12+4,1d8+4,47,18,6,4,1d10+4,1d8+4,1.0,B
9593,40,18,7,4,1d8+4,1d8+4,35,15,6,4,1d12+4,1d6+4,0.0,A
9594,30,17,5,4,1d10+4,1d8+4,36,18,8,4,1d10+4,1d8+4,9.0,A
9595,50,17,5,4,1d8+4,1d8+4,41,17,5,4,1d10+4,1d6+4,9.0,A
9596,44,15,6,4,1d8+4,1d6+4,39,14,5,4,1d10+4,1d8+4,7.0,B
9597,32,15,7,4,1d8+4,1d6+4,34,17,5,4,1d10+4,1d6+4,5.0,B
9598,38,17,6,4,1d10+4,1d8+4,39,16,5,4,1d8+4,1d6+4,4.0,A
9599,46,17,7,4,1d8+4,1d6+4,38,17,8,4,1d8+4,1d8+4,8.0,A
9600,43,16,8,4,1d8+4,1d8+4,33,15,5,4,1d12+4,1d8+4,7.0,A
9601,36,16,5,4,1d12+4,1d6+4,48,18,6,4,1d8+4,1d8+4,3.0,B
9602,50,15,8,4,1d8+4,1d6+4,34,15,6,4,1d10+4,1d8+4,7.0,A
9603,33,15,8,4,1d8+4,1d6+4,35,17,7,4,1d12+4,1d8+4,6.0,B
9604,32,16,7,4,1d10+4,1d6+4,41,17,6,4,1d10+4,1d6+4,7.0,B
9605,36,16,5,4,1d12+4,1d8+4,37,18,6,4,1d8+4,1d8+4,8.0,A
9606,36,14,7,4,1d8+4,1d8+4,46,15,7,4,1d10+4,1d8+4,10.0,B
9607,43,18,5,4,1d10+4,1d8+4,49,16,6,4,1d10+4,1d8+4,7.0,B
9608,41,17,8,4,1d10+4,1d6+4,39,15,8,4,1d10+4,1d8+4,6.0,A
9609,43,16,6,4,1d10+4,1d6+4,35,18,5,4,1d12+4,1d6+4,6.0,A
9610,44,14,5,4,1d12+4,1d8+4,35,15,6,4,1d12+4,1d6+4,5.0,A
9611,43,14,6,4,1d12+4,1d6+4,32,14,5,4,1d12+4,1d8+4,7.0,A
9612,41,18,5,4,1d10+4,1d8+4,47,18,7,4,1d12+4,1d8+4,6.0,A
9613,41,16,7,4,1d12+4,1d8+4,34,16,8,4,1d8+4,1d6+4,10.0,A
9614,35,18,7,4,1d8+4,1d8+4,49,14,8,4,1d12+4,1d6+4,0.0,B
9615,40,14,5,4,1d10+4,1d6+4,50,18,8,4,1d8+4,1d6+4,9.0,B
9616,48,15,5,4,1d12+4,1d8+4,41,14,8,4,1d8+4,1d8+4,1.0,A
9617,33,16,6,4,1d10+4,1d8+4,50,16,7,4,1d10+4,1d6+4,7.0,B
9618,30,16,8,4,1d10+4,1d6+4,41,14,8,4,1d10+4,1d6+4,5.0,B
9619,33,14,8,4,1d8+4,1d8+4,37,16,7,4,1d8+4,1d6+4,9.0,B
9620,34,17,6,4,1d12+4,1d6+4,47,17,6,4,1d12+4,1d6+4,0.0,A
9621,35,18,7,4,1d10+4,1d8+4,32,16,7,4,1d12+4,1d8+4,6.0,A
9622,41,14,7,4,1d12+4,1d8+4,34,16,7,4,1d10+4,1d6+4,10.0,A
9623,31,14,5,4,1d8+4,1d8+4,42,18,5,4,1d12+4,1d6+4,1.0,B
9624,48,15,7,4,1d8+4,1d6+4,35,18,7,4,1d8+4,1d8+4,7.0,B
9625,41,14,6,4,1d8+4,1d6+4,46,14,7,4,1d10+4,1d6+4,8.0,A
9626,42,14,5,4,1d8+4,1d6+4,46,17,5,4,1d8+4,1d8+4,10.0,A
9627,39,15,5,4,1d12+4,1d8+4,40,18,8,4,1d10+4,1d8+4,10.0,A
9628,39,17,7,4,1d12+4,1d6+4,31,18,8,4,1d8+4,1d6+4,2.0,A
9629,43,17,7,4,1d10+4,1d8+4,43,14,8,4,1d12+4,1d6+4,3.0,A
9630,37,14,6,4,1d8+4,1d8+4,34,14,5,4,1d10+4,1d8+4,3.0,A
9631,48,18,8,4,1d12+4,1d6+4,50,15,8,4,1d12+4,1d8+4,7.0,A
9632,50,14,7,4,1d8+4,1d8+4,48,17,6,4,1d12+4,1d6+4,8.0,B
9633,40,18,6,4,1d10+4,1d8+4,32,17,8,4,1d10+4,1d8+4,9.0,B
9634,36,14,5,4,1d10+4,1d6+4,41,15,8,4,1d8+4,1d8+4,5.0,A
9635,30,17,8,4,1d8+4,1d8+4,38,17,6,4,1d12+4,1d8+4,4.0,B
9636,49,15,8,4,1d12+4,1d8+4,32,15,7,4,1d8+4,1d6+4,5.0,A
9637,35,18,7,4,1d10+4,1d8+4,46,15,7,4,1d10+4,1d8+4,9.0,B
9638,40,15,8,4,1d12+4,1d6+4,46,15,7,4,1d12+4,1d8+4,9.0,A
9639,44,14,7,4,1d8+4,1d6+4,46,17,8,4,1d12+4,1d8+4,0.0,B
9640,37,18,7,4,1d8+4,1d8+4,47,15,8,4,1d8+4,1d8+4,5.0,A
9641,31,18,6,4,1d8+4,1d6+4,44,18,5,4,1d12+4,1d8+4,10.0,B
9642,47,18,7,4,1d10+4,1d8+4,32,14,6,4,1d10+4,1d6+4,9.0,B
9643,38,16,6,4,1d8+4,1d8+4,31,18,7,4,1d10+4,1d8+4,9.0,A
9644,46,16,7,4,1d12+4,1d8+4,44,16,8,4,1d8+4,1d8+4,7.0,A
9645,30,14,7,4,1d10+4,1d8+4,32,14,6,4,1d10+4,1d8+4,8.0,A
9646,31,14,6,4,1d10+4,1d8+4,47,14,6,4,1d12+4,1d6+4,3.0,B
9647,37,17,8,4,1d12+4,1d8+4,41,14,7,4,1d12+4,1d6+4,10.0,A
9648,36,16,8,4,1d10+4,1d8+4,40,15,5,4,1d12+4,1d6+4,6.0,A
9649,41,16,6,4,1d10+4,1d8+4,30,16,5,4,1d8+4,1d6+4,5.0,A
9650,31,16,8,4,1d8+4,1d6+4,40,14,6,4,1d12+4,1d6+4,3.0,B
9651,40,14,5,4,1d10+4,1d8+4,42,15,6,4,1d12+4,1d6+4,5.0,B
9652,46,18,6,4,1d8+4,1d8+4,37,18,5,4,1d12+4,1d8+4,1.0,B
9653,46,15,5,4,1d12+4,1d6+4,41,14,7,4,1d10+4,1d6+4,7.0,A
9654,49,14,7,4,1d12+4,1d6+4,50,14,6,4,1d12+4,1d6+4,7.0,A
9655,43,16,6,4,1d12+4,1d8+4,38,14,6,4,1d10+4,1d6+4,2.0,A
9656,42,17,6,4,1d8+4,1d8+4,48,14,8,4,1d12+4,1d6+4,8.0,B
9657,35,16,8,4,1d8+4,1d8+4,49,17,8,4,1d12+4,1d6+4,0.0,A
9658,47,15,8,4,1d10+4,1d6+4,30,15,7,4,1d10+4,1d6+4,9.0,A
9659,44,15,8,4,1d12+4,1d6+4,42,15,6,4,1d8+4,1d8+4,10.0,B
9660,31,14,5,4,1d10+4,1d6+4,42,14,8,4,1d8+4,1d6+4,7.0,A
9661,39,16,5,4,1d8+4,1d8+4,45,17,7,4,1d8+4,1d6+4,7.0,B
9662,34,15,7,4,1d10+4,1d8+4,46,18,7,4,1d10+4,1d6+4,4.0,B
9663,50,15,5,4,1d8+4,1d6+4,49,15,7,4,1d8+4,1d6+4,9.0,A
9664,49,16,6,4,1d12+4,1d8+4,47,15,6,4,1d8+4,1d6+4,4.0,A
9665,49,16,5,4,1d8+4,1d6+4,35,17,5,4,1d10+4,1d6+4,7.0,B
9666,45,15,6,4,1d8+4,1d6+4,30,16,5,4,1d12+4,1d8+4,1.0,A
9667,32,16,6,4,1d12+4,1d6+4,30,15,5,4,1d8+4,1d8+4,5.0,A
9668,37,14,5,4,1d8+4,1d6+4,39,17,5,4,1d8+4,1d8+4,9.0,A
9669,30,18,6,4,1d12+4,1d6+4,42,17,7,4,1d8+4,1d6+4,9.0,B
9670,39,14,7,4,1d10+4,1d6+4,47,18,8,4,1d12+4,1d8+4,3.0,B
9671,42,17,8,4,1d12+4,1d8+4,49,16,6,4,1d10+4,1d6+4,6.0,B
9672,32,15,5,4,1d12+4,1d6+4,39,18,5,4,1d12+4,1d6+4,1.0,B
9673,41,16,5,4,1d10+4,1d8+4,36,15,8,4,1d12+4,1d6+4,6.0,B
9674,35,17,7,4,1d10+4,1d6+4,34,15,6,4,1d8+4,1d8+4,10.0,A
9675,45,17,5,4,1d10+4,1d6+4,39,18,6,4,1d12+4,1d8+4,6.0,B
9676,40,14,5,4,1d8+4,1d6+4,45,15,8,4,1d10+4,1d8+4,5.0,B
9677,38,15,8,4,1d8+4,1d8+4,42,14,8,4,1d8+4,1d6+4,6.0,B
9678,39,15,6,4,1d8+4,1d8+4,36,14,6,4,1d12+4,1d8+4,8.0,B
9679,44,14,5,4,1d10+4,1d8+4,36,17,6,4,1d10+4,1d8+4,5.0,A
9680,31,15,6,4,1d10+4,1d8+4,48,14,8,4,1d10+4,1d8+4,2.0,B
9681,39,16,8,4,1d12+4,1d8+4,30,16,7,4,1d12+4,1d6+4,4.0,A
9682,32,17,7,4,1d8+4,1d6+4,37,15,8,4,1d8+4,1d8+4,2.0,B
9683,34,14,7,4,1d8+4,1d6+4,33,15,5,4,1d10+4,1d8+4,10.0,B
9684,42,18,6,4,1d10+4,1d8+4,42,14,5,4,1d10+4,1d6+4,0.0,B
9685,31,17,7,4,1d8+4,1d8+4,49,18,8,4,1d10+4,1d8+4,9.0,A
9686,37,18,8,4,1d12+4,1d6+4,46,15,6,4,1d10+4,1d6+4,1.0,A
9687,48,18,7,4,1d12+4,1d6+4,34,16,6,4,1d10+4,1d6+4,1.0,B
9688,42,14,7,4,1d12+4,1d8+4,35,18,8,4,1d8+4,1d8+4,6.0,A
9689,31,14,5,4,1d10+4,1d6+4,42,14,6,4,1d10+4,1d6+4,6.0,B
9690,41,16,8,4,1d10+4,1d8+4,33,17,5,4,1d8+4,1d6+4,9.0,A
9691,39,14,8,4,1d10+4,1d8+4,33,17,6,4,1d12+4,1d8+4,3.0,B
9692,42,16,5,4,1d12+4,1d8+4,38,18,7,4,1d10+4,1d6+4,6.0,B
9693,48,17,5,4,1d8+4,1d8+4,34,14,6,4,1d8+4,1d6+4,8.0,A
9694,44,17,7,4,1d12+4,1d6+4,44,18,6,4,1d8+4,1d8+4,0.0,A
9695,30,18,5,4,1d8+4,1d8+4,47,18,6,4,1d8+4,1d8+4,10.0,A
9696,48,17,5,4,1d12+4,1d6+4,42,14,8,4,1d8+4,1d8+4,4.0,B
9697,43,14,6,4,1d12+4,1d8+4,33,15,6,4,1d8+4,1d8+4,2.0,B
9698,30,15,5,4,1d8+4,1d6+4,33,14,6,4,1d12+4,1d8+4,8.0,B
9699,47,16,6,4,1d12+4,1d6+4,49,15,5,4,1d8+4,1d8+4,0.0,B
9700,45,15,8,4,1d8+4,1d8+4,43,18,7,4,1d10+4,1d6+4,1.0,A
9701,39,18,8,4,1d12+4,1d6+4,50,16,7,4,1d12+4,1d6+4,9.0,A
9702,33,17,8,4,1d12+4,1d6+4,45,18,5,4,1d8+4,1d8+4,0.0,A
9703,31,18,8,4,1d10+4,1d8+4,33,18,8,4,1d8+4,1d6+4,10.0,B
9704,35,18,7,4,1d12+4,1d8+4,45,18,5,4,1d8+4,1d8+4,8.0,B
9705,33,18,8,4,1d8+4,1d8+4,44,14,8,4,1d10+4,1d8+4,1.0,B
9706,50,17,5,4,1d10+4,1d8+4,39,15,7,4,1d12+4,1d6+4,7.0,B
9707,42,17,7,4,1d12+4,1d8+4,36,14,8,4,1d12+4,1d8+4,7.0,A
9708,30,14,5,4,1d12+4,1d8+4,34,17,6,4,1d12+4,1d6+4,8.0,B
9709,44,16,6,4,1d10+4,1d8+4,46,16,8,4,1d10+4,1d6+4,10.0,B
9710,46,15,8,4,1d10+4,1d8+4,48,16,8,4,1d12+4,1d8+4,7.0,A
9711,38,18,5,4,1d8+4,1d8+4,33,16,8,4,1d8+4,1d8+4,4.0,A
9712,46,14,7,4,1d10+4,1d8+4,41,17,5,4,1d12+4,1d8+4,6.0,A
9713,48,15,6,4,1d8+4,1d8+4,33,15,8,4,1d10+4,1d6+4,0.0,A
9714,35,16,8,4,1d8+4,1d8+4,47,18,5,4,1d10+4,1d8+4,0.0,A
9715,40,18,8,4,1d8+4,1d8+4,32,16,8,4,1d8+4,1d6+4,9.0,A
9716,38,17,8,4,1d8+4,1d6+4,41,16,6,4,1d12+4,1d8+4,4.0,A
9717,41,14,7,4,1d12+4,1d6+4,32,18,7,4,1d8+4,1d6+4,5.0,B
9718,34,15,6,4,1d12+4,1d6+4,32,18,8,4,1d8+4,1d8+4,7.0,B
9719,34,17,8,4,1d8+4,1d6+4,39,18,5,4,1d12+4,1d6+4,3.0,B
9720,41,18,5,4,1d12+4,1d6+4,33,17,5,4,1d8+4,1d8+4,10.0,A
9721,48,16,5,4,1d8+4,1d8+4,35,18,7,4,1d8+4,1d8+4,7.0,A
9722,31,16,7,4,1d12+4,1d8+4,34,14,8,4,1d12+4,1d8+4,6.0,B
9723,41,15,7,4,1d10+4,1d8+4,36,16,6,4,1d12+4,1d6+4,3.0,A
9724,32,15,8,4,1d12+4,1d8+4,47,15,6,4,1d8+4,1d6+4,5.0,A
9725,39,16,5,4,1d10+4,1d8+4,33,15,5,4,1d12+4,1d8+4,6.0,A
9726,35,16,8,4,1d8+4,1d8+4,44,18,7,4,1d12+4,1d6+4,0.0,A
9727,46,18,8,4,1d12+4,1d6+4,38,15,6,4,1d10+4,1d8+4,3.0,A
9728,48,14,6,4,1d10+4,1d8+4,36,14,8,4,1d12+4,1d6+4,5.0,A
9729,42,18,5,4,1d12+4,1d6+4,38,14,6,4,1d8+4,1d8+4,7.0,A
9730,46,18,8,4,1d8+4,1d8+4,50,17,8,4,1d10+4,1d6+4,3.0,B
9731,39,15,5,4,1d8+4,1d6+4,41,17,5,4,1d8+4,1d6+4,6.0,A
9732,31,16,8,4,1d10+4,1d8+4,48,15,6,4,1d8+4,1d8+4,5.0,B
9733,42,17,7,4,1d10+4,1d8+4,50,17,6,4,1d12+4,1d6+4,0.0,B
9734,34,15,6,4,1d8+4,1d8+4,43,15,5,4,1d8+4,1d6+4,10.0,B
9735,42,16,5,4,1d12+4,1d6+4,30,17,6,4,1d10+4,1d8+4,4.0,B
9736,42,16,6,4,1d10+4,1d8+4,48,18,7,4,1d12+4,1d8+4,4.0,B
9737,37,14,8,4,1d12+4,1d6+4,36,16,8,4,1d10+4,1d8+4,10.0,B
9738,44,17,6,4,1d12+4,1d8+4,34,15,7,4,1d8+4,1d6+4,1.0,A
9739,31,15,6,4,1d12+4,1d6+4,47,17,5,4,1d8+4,1d6+4,7.0,B
9740,36,17,6,4,1d12+4,1d8+4,38,16,7,4,1d12+4,1d8+4,3.0,A
9741,40,15,8,4,1d12+4,1d6+4,39,14,6,4,1d10+4,1d8+4,1.0,A
9742,40,15,6,4,1d10+4,1d6+4,49,14,5,4,1d8+4,1d6+4,9.0,A
9743,37,16,8,4,1d10+4,1d8+4,45,16,8,4,1d8+4,1d6+4,0.0,A
9744,36,16,8,4,1d8+4,1d8+4,50,18,5,4,1d10+4,1d8+4,5.0,B
9745,43,15,6,4,1d12+4,1d8+4,40,14,5,4,1d10+4,1d8+4,5.0,B
9746,46,17,6,4,1d8+4,1d8+4,34,14,5,4,1d8+4,1d6+4,1.0,B
9747,45,16,6,4,1d12+4,1d6+4,39,17,8,4,1d8+4,1d8+4,0.0,A
9748,33,17,5,4,1d10+4,1d6+4,37,18,8,4,1d10+4,1d6+4,3.0,B
9749,37,18,8,4,1d10+4,1d8+4,43,18,8,4,1d12+4,1d6+4,1.0,B
9750,31,15,8,4,1d10+4,1d6+4,35,18,7,4,1d10+4,1d8+4,7.0,B
9751,32,17,7,4,1d10+4,1d8+4,43,15,5,4,1d10+4,1d6+4,4.0,B
9752,46,15,5,4,1d10+4,1d8+4,43,15,8,4,1d8+4,1d8+4,10.0,A
9753,48,16,8,4,1d10+4,1d8+4,37,17,6,4,1d10+4,1d8+4,8.0,A
9754,32,15,6,4,1d8+4,1d6+4,30,17,5,4,1d12+4,1d8+4,2.0,A
9755,50,14,8,4,1d8+4,1d8+4,43,16,7,4,1d8+4,1d6+4,2.0,B
9756,31,14,5,4,1d8+4,1d6+4,39,16,7,4,1d8+4,1d6+4,3.0,A
9757,39,15,5,4,1d12+4,1d8+4,49,14,6,4,1d10+4,1d6+4,3.0,A
9758,45,15,7,4,1d8+4,1d8+4,33,14,5,4,1d8+4,1d8+4,0.0,A
9759,48,18,8,4,1d12+4,1d6+4,37,17,5,4,1d10+4,1d6+4,5.0,A
9760,33,16,8,4,1d12+4,1d8+4,43,18,6,4,1d12+4,1d6+4,1.0,B
9761,46,18,5,4,1d12+4,1d8+4,50,16,6,4,1d8+4,1d6+4,5.0,B
9762,43,15,8,4,1d12+4,1d8+4,45,14,8,4,1d10+4,1d8+4,6.0,A
9763,42,15,8,4,1d12+4,1d8+4,39,17,6,4,1d12+4,1d8+4,1.0,A
9764,49,18,8,4,1d12+4,1d8+4,45,14,8,4,1d12+4,1d8+4,1.0,A
9765,45,16,5,4,1d8+4,1d8+4,43,17,8,4,1d12+4,1d6+4,9.0,B
9766,48,17,6,4,1d10+4,1d6+4,46,18,7,4,1d12+4,1d8+4,8.0,B
9767,30,18,5,4,1d12+4,1d8+4,38,16,5,4,1d10+4,1d8+4,3.0,A
9768,48,18,6,4,1d12+4,1d8+4,41,14,6,4,1d10+4,1d6+4,3.0,A
9769,45,14,8,4,1d10+4,1d8+4,31,14,7,4,1d10+4,1d6+4,1.0,A
9770,31,14,7,4,1d10+4,1d6+4,40,15,8,4,1d8+4,1d6+4,10.0,A
9771,35,14,6,4,1d8+4,1d8+4,30,15,6,4,1d8+4,1d8+4,8.0,A
9772,32,15,8,4,1d10+4,1d8+4,42,16,6,4,1d8+4,1d6+4,1.0,B
9773,44,17,7,4,1d8+4,1d6+4,35,18,5,4,1d8+4,1d6+4,2.0,A
9774,31,14,8,4,1d10+4,1d6+4,43,15,5,4,1d10+4,1d8+4,5.0,B
9775,47,18,6,4,1d10+4,1d6+4,34,16,7,4,1d12+4,1d6+4,6.0,A
9776,50,18,5,4,1d10+4,1d8+4,42,14,6,4,1d10+4,1d6+4,8.0,B
9777,31,15,8,4,1d10+4,1d6+4,35,18,5,4,1d8+4,1d8+4,9.0,B
9778,50,18,6,4,1d12+4,1d8+4,35,15,5,4,1d12+4,1d6+4,2.0,A
9779,50,18,5,4,1d10+4,1d6+4,50,15,8,4,1d8+4,1d6+4,8.0,A
9780,30,16,8,4,1d8+4,1d8+4,34,18,8,4,1d12+4,1d8+4,10.0,A
9781,38,14,8,4,1d8+4,1d6+4,45,15,5,4,1d12+4,1d8+4,5.0,B
9782,37,18,7,4,1d8+4,1d6+4,38,16,6,4,1d12+4,1d8+4,1.0,A
9783,47,18,5,4,1d10+4,1d8+4,39,14,5,4,1d10+4,1d6+4,9.0,B
9784,37,18,5,4,1d8+4,1d6+4,37,18,8,4,1d12+4,1d6+4,2.0,A
9785,46,18,7,4,1d12+4,1d6+4,40,17,8,4,1d10+4,1d6+4,2.0,A
9786,41,14,6,4,1d12+4,1d6+4,30,18,7,4,1d12+4,1d6+4,1.0,B
9787,35,18,5,4,1d10+4,1d6+4,31,14,6,4,1d12+4,1d8+4,9.0,A
9788,40,14,7,4,1d8+4,1d8+4,45,14,8,4,1d12+4,1d8+4,2.0,A
9789,33,18,8,4,1d8+4,1d8+4,43,15,8,4,1d8+4,1d6+4,2.0,B
9790,43,17,8,4,1d12+4,1d6+4,46,17,7,4,1d10+4,1d6+4,7.0,A
9791,45,14,5,4,1d10+4,1d6+4,45,18,7,4,1d12+4,1d6+4,5.0,A
9792,39,18,6,4,1d8+4,1d8+4,40,18,5,4,1d10+4,1d6+4,1.0,B
9793,35,18,7,4,1d12+4,1d6+4,45,17,8,4,1d10+4,1d8+4,1.0,B
9794,48,14,8,4,1d12+4,1d6+4,43,17,8,4,1d10+4,1d6+4,7.0,A
9795,32,15,5,4,1d10+4,1d8+4,48,15,8,4,1d12+4,1d8+4,9.0,B
9796,30,14,8,4,1d8+4,1d8+4,42,16,6,4,1d12+4,1d6+4,3.0,B
9797,48,18,6,4,1d8+4,1d8+4,43,17,6,4,1d8+4,1d6+4,1.0,A
9798,50,15,6,4,1d8+4,1d6+4,36,18,7,4,1d10+4,1d8+4,2.0,B
9799,30,14,7,4,1d12+4,1d6+4,42,15,8,4,1d8+4,1d8+4,0.0,B
9800,45,16,7,4,1d12+4,1d8+4,40,14,5,4,1d10+4,1d6+4,3.0,A
9801,33,17,5,4,1d8+4,1d6+4,43,16,6,4,1d10+4,1d8+4,7.0,A
9802,41,14,7,4,1d10+4,1d8+4,30,14,5,4,1d12+4,1d6+4,6.0,A
9803,33,15,8,4,1d12+4,1d8+4,40,16,8,4,1d10+4,1d6+4,6.0,B
9804,40,17,6,4,1d10+4,1d8+4,30,17,6,4,1d10+4,1d8+4,3.0,A
9805,44,16,8,4,1d8+4,1d8+4,31,18,8,4,1d8+4,1d8+4,3.0,A
9806,46,17,8,4,1d10+4,1d6+4,38,14,7,4,1d10+4,1d8+4,1.0,B
9807,32,17,7,4,1d12+4,1d8+4,31,16,8,4,1d10+4,1d6+4,6.0,B
9808,32,16,8,4,1d12+4,1d8+4,39,17,5,4,1d12+4,1d8+4,3.0,B
9809,49,18,5,4,1d12+4,1d6+4,42,15,7,4,1d10+4,1d8+4,9.0,B
9810,38,17,8,4,1d10+4,1d6+4,35,18,7,4,1d12+4,1d8+4,8.0,B
9811,50,17,5,4,1d8+4,1d8+4,48,18,6,4,1d10+4,1d6+4,2.0,B
9812,39,18,8,4,1d8+4,1d8+4,41,18,5,4,1d10+4,1d6+4,8.0,B
9813,31,17,6,4,1d10+4,1d8+4,35,18,8,4,1d12+4,1d6+4,10.0,B
9814,30,14,7,4,1d10+4,1d8+4,33,17,7,4,1d8+4,1d6+4,10.0,B
9815,48,14,6,4,1d8+4,1d8+4,39,14,8,4,1d10+4,1d8+4,3.0,B
9816,45,18,6,4,1d12+4,1d6+4,46,18,5,4,1d12+4,1d6+4,2.0,B
9817,38,17,5,4,1d8+4,1d6+4,33,14,7,4,1d12+4,1d6+4,3.0,A
9818,50,18,5,4,1d12+4,1d8+4,48,15,7,4,1d8+4,1d8+4,1.0,A
9819,50,14,7,4,1d12+4,1d6+4,37,14,7,4,1d10+4,1d8+4,7.0,A
9820,38,15,7,4,1d8+4,1d8+4,45,17,7,4,1d12+4,1d6+4,5.0,B
9821,31,18,8,4,1d8+4,1d6+4,43,17,7,4,1d10+4,1d8+4,6.0,A
9822,48,17,5,4,1d10+4,1d8+4,48,14,5,4,1d10+4,1d8+4,1.0,B
9823,35,16,8,4,1d10+4,1d6+4,31,17,7,4,1d12+4,1d6+4,10.0,A
9824,41,16,8,4,1d10+4,1d8+4,33,16,6,4,1d8+4,1d8+4,1.0,A
9825,39,15,6,4,1d8+4,1d6+4,46,16,5,4,1d12+4,1d6+4,10.0,B
9826,46,18,5,4,1d10+4,1d6+4,42,18,7,4,1d10+4,1d6+4,4.0,B
9827,36,14,8,4,1d10+4,1d8+4,45,15,8,4,1d12+4,1d8+4,7.0,B
9828,44,17,7,4,1d12+4,1d8+4,38,18,5,4,1d10+4,1d6+4,10.0,A
9829,45,18,6,4,1d8+4,1d6+4,30,14,5,4,1d8+4,1d8+4,2.0,A
9830,36,17,8,4,1d10+4,1d8+4,46,14,6,4,1d10+4,1d8+4,6.0,B
9831,46,15,5,4,1d10+4,1d8+4,37,18,7,4,1d8+4,1d8+4,10.0,B
9832,34,16,6,4,1d12+4,1d8+4,48,18,8,4,1d10+4,1d8+4,9.0,A
9833,36,18,7,4,1d10+4,1d8+4,30,18,5,4,1d8+4,1d8+4,2.0,B
9834,35,16,6,4,1d12+4,1d6+4,31,15,8,4,1d8+4,1d8+4,8.0,A
9835,41,17,6,4,1d12+4,1d6+4,43,15,8,4,1d10+4,1d6+4,4.0,B
9836,42,15,8,4,1d12+4,1d8+4,44,17,5,4,1d8+4,1d6+4,2.0,B
9837,40,18,8,4,1d12+4,1d8+4,37,15,6,4,1d10+4,1d6+4,8.0,B
9838,32,15,5,4,1d8+4,1d6+4,49,18,5,4,1d10+4,1d8+4,6.0,B
9839,34,17,5,4,1d12+4,1d8+4,41,17,6,4,1d12+4,1d6+4,5.0,B
9840,40,14,8,4,1d10+4,1d6+4,39,14,5,4,1d10+4,1d8+4,7.0,A
9841,34,16,7,4,1d8+4,1d6+4,44,16,7,4,1d10+4,1d6+4,10.0,B
9842,40,17,7,4,1d12+4,1d8+4,49,16,7,4,1d8+4,1d8+4,5.0,A
9843,46,17,5,4,1d8+4,1d8+4,48,15,6,4,1d8+4,1d6+4,8.0,A
9844,42,14,6,4,1d10+4,1d8+4,49,14,6,4,1d12+4,1d8+4,9.0,B
9845,47,15,8,4,1d8+4,1d6+4,48,17,8,4,1d12+4,1d8+4,10.0,B
9846,47,17,8,4,1d8+4,1d8+4,48,18,7,4,1d8+4,1d6+4,0.0,A
9847,40,16,8,4,1d10+4,1d8+4,41,14,6,4,1d8+4,1d6+4,0.0,A
9848,50,15,5,4,1d8+4,1d8+4,43,15,8,4,1d12+4,1d6+4,2.0,B
9849,38,18,8,4,1d12+4,1d8+4,36,17,6,4,1d8+4,1d6+4,3.0,A
9850,30,15,6,4,1d10+4,1d6+4,40,17,6,4,1d12+4,1d8+4,6.0,B
9851,45,18,6,4,1d10+4,1d8+4,35,16,8,4,1d8+4,1d6+4,6.0,B
9852,49,16,5,4,1d8+4,1d6+4,39,18,7,4,1d12+4,1d6+4,0.0,A
9853,31,14,6,4,1d8+4,1d8+4,50,16,8,4,1d10+4,1d6+4,0.0,A
9854,43,18,5,4,1d10+4,1d6+4,38,17,6,4,1d12+4,1d6+4,7.0,A
9855,44,14,7,4,1d12+4,1d6+4,40,16,6,4,1d8+4,1d8+4,1.0,A
9856,45,15,8,4,1d10+4,1d6+4,39,18,6,4,1d12+4,1d8+4,5.0,A
9857,47,15,5,4,1d10+4,1d6+4,39,17,7,4,1d10+4,1d8+4,5.0,A
9858,38,15,8,4,1d12+4,1d8+4,39,14,7,4,1d10+4,1d8+4,1.0,A
9859,34,14,8,4,1d12+4,1d6+4,36,14,5,4,1d10+4,1d6+4,0.0,A
9860,35,16,5,4,1d12+4,1d8+4,41,17,6,4,1d8+4,1d8+4,5.0,B
9861,46,18,6,4,1d8+4,1d6+4,37,17,6,4,1d8+4,1d8+4,10.0,A
9862,42,17,5,4,1d12+4,1d8+4,39,15,8,4,1d8+4,1d8+4,8.0,A
9863,40,16,5,4,1d12+4,1d8+4,40,16,6,4,1d10+4,1d6+4,3.0,A
9864,31,17,6,4,1d8+4,1d6+4,43,18,5,4,1d12+4,1d6+4,8.0,A
9865,48,15,8,4,1d12+4,1d8+4,37,16,6,4,1d12+4,1d6+4,2.0,A
9866,39,14,7,4,1d12+4,1d6+4,32,15,5,4,1d10+4,1d8+4,1.0,B
9867,38,16,5,4,1d8+4,1d8+4,33,17,7,4,1d8+4,1d8+4,0.0,B
9868,42,16,6,4,1d10+4,1d8+4,30,14,7,4,1d12+4,1d8+4,2.0,A
9869,38,17,5,4,1d8+4,1d8+4,40,15,7,4,1d12+4,1d8+4,5.0,A
9870,42,15,5,4,1d8+4,1d6+4,44,15,5,4,1d8+4,1d6+4,4.0,A
9871,36,17,5,4,1d8+4,1d8+4,41,14,8,4,1d8+4,1d8+4,3.0,A
9872,46,17,6,4,1d12+4,1d8+4,34,14,7,4,1d8+4,1d6+4,4.0,A
9873,50,17,5,4,1d12+4,1d6+4,37,14,6,4,1d10+4,1d6+4,5.0,A
9874,32,16,5,4,1d12+4,1d8+4,34,14,5,4,1d10+4,1d8+4,3.0,B
9875,36,16,6,4,1d8+4,1d6+4,42,17,6,4,1d12+4,1d6+4,8.0,B
9876,48,15,6,4,1d12+4,1d8+4,34,15,7,4,1d12+4,1d6+4,0.0,B
9877,50,16,7,4,1d10+4,1d8+4,47,17,6,4,1d12+4,1d8+4,3.0,A
9878,47,16,8,4,1d10+4,1d6+4,50,16,6,4,1d10+4,1d8+4,5.0,A
9879,41,16,7,4,1d12+4,1d8+4,43,16,8,4,1d10+4,1d8+4,3.0,A
9880,43,15,7,4,1d8+4,1d6+4,34,14,8,4,1d10+4,1d6+4,6.0,B
9881,43,15,5,4,1d12+4,1d6+4,37,16,8,4,1d12+4,1d6+4,2.0,B
9882,44,15,7,4,1d10+4,1d6+4,43,18,5,4,1d12+4,1d8+4,10.0,B
9883,44,16,7,4,1d8+4,1d6+4,45,15,6,4,1d8+4,1d8+4,0.0,A
9884,49,15,6,4,1d8+4,1d8+4,46,17,7,4,1d8+4,1d6+4,0.0,B
9885,30,17,5,4,1d8+4,1d6+4,43,14,8,4,1d10+4,1d8+4,8.0,A
9886,38,18,6,4,1d10+4,1d6+4,39,17,6,4,1d8+4,1d8+4,5.0,A
9887,45,17,7,4,1d8+4,1d8+4,44,15,6,4,1d12+4,1d6+4,2.0,A
9888,39,18,8,4,1d10+4,1d8+4,43,14,5,4,1d10+4,1d8+4,8.0,B
9889,38,14,5,4,1d8+4,1d8+4,30,16,7,4,1d8+4,1d6+4,0.0,A
9890,48,14,7,4,1d12+4,1d6+4,33,15,6,4,1d10+4,1d6+4,1.0,A
9891,42,18,8,4,1d12+4,1d6+4,41,18,7,4,1d8+4,1d8+4,10.0,B
9892,36,18,5,4,1d12+4,1d8+4,33,17,7,4,1d8+4,1d8+4,1.0,A
9893,48,17,8,4,1d8+4,1d6+4,35,14,6,4,1d12+4,1d6+4,3.0,A
9894,47,15,5,4,1d12+4,1d8+4,47,15,5,4,1d8+4,1d8+4,4.0,A
9895,38,17,7,4,1d12+4,1d6+4,37,14,8,4,1d8+4,1d8+4,7.0,A
9896,37,15,8,4,1d12+4,1d8+4,50,16,5,4,1d8+4,1d8+4,1.0,B
9897,35,18,8,4,1d12+4,1d8+4,46,14,8,4,1d10+4,1d6+4,10.0,B
9898,44,17,5,4,1d12+4,1d8+4,33,17,6,4,1d10+4,1d8+4,1.0,A
9899,37,14,5,4,1d12+4,1d6+4,44,15,5,4,1d8+4,1d6+4,6.0,B
9900,30,14,8,4,1d10+4,1d6+4,48,16,6,4,1d10+4,1d6+4,3.0,B
9901,46,16,6,4,1d8+4,1d6+4,36,17,6,4,1d8+4,1d8+4,6.0,A
9902,30,14,8,4,1d12+4,1d8+4,31,18,7,4,1d8+4,1d6+4,2.0,A
9903,45,15,8,4,1d10+4,1d6+4,36,17,8,4,1d10+4,1d8+4,10.0,B
9904,50,16,5,4,1d10+4,1d8+4,44,15,6,4,1d10+4,1d8+4,10.0,B
9905,31,16,7,4,1d12+4,1d6+4,34,17,5,4,1d8+4,1d6+4,7.0,A
9906,45,14,7,4,1d12+4,1d8+4,35,17,8,4,1d10+4,1d6+4,9.0,B
9907,43,16,7,4,1d8+4,1d8+4,37,16,8,4,1d8+4,1d8+4,0.0,B
9908,50,18,5,4,1d12+4,1d8+4,30,16,6,4,1d12+4,1d8+4,3.0,B
9909,40,14,7,4,1d10+4,1d8+4,40,18,8,4,1d12+4,1d6+4,2.0,B
9910,46,17,8,4,1d10+4,1d6+4,32,15,8,4,1d10+4,1d8+4,2.0,A
9911,36,17,5,4,1d10+4,1d6+4,43,16,5,4,1d8+4,1d8+4,5.0,B
9912,39,15,6,4,1d12+4,1d6+4,47,17,5,4,1d8+4,1d6+4,7.0,A
9913,41,16,7,4,1d12+4,1d6+4,36,16,7,4,1d12+4,1d8+4,3.0,B
9914,43,15,8,4,1d12+4,1d8+4,50,18,5,4,1d8+4,1d8+4,4.0,A
9915,32,15,8,4,1d10+4,1d6+4,50,14,7,4,1d10+4,1d8+4,0.0,B
9916,38,15,5,4,1d10+4,1d6+4,41,16,5,4,1d12+4,1d6+4,3.0,A
9917,46,17,7,4,1d10+4,1d8+4,32,17,7,4,1d8+4,1d6+4,7.0,A
9918,44,15,8,4,1d8+4,1d8+4,33,17,6,4,1d10+4,1d6+4,10.0,A
9919,31,15,8,4,1d10+4,1d8+4,38,18,5,4,1d12+4,1d8+4,0.0,A
9920,34,15,8,4,1d10+4,1d6+4,46,18,6,4,1d10+4,1d6+4,7.0,B
9921,46,16,6,4,1d8+4,1d6+4,42,17,6,4,1d12+4,1d8+4,4.0,B
9922,47,16,7,4,1d8+4,1d8+4,32,18,6,4,1d12+4,1d6+4,0.0,B
9923,44,15,6,4,1d10+4,1d8+4,41,16,5,4,1d8+4,1d8+4,8.0,A
9924,41,17,8,4,1d8+4,1d8+4,44,18,8,4,1d12+4,1d6+4,5.0,B
9925,42,15,7,4,1d8+4,1d8+4,47,18,5,4,1d12+4,1d6+4,0.0,B
9926,47,15,6,4,1d12+4,1d8+4,42,18,7,4,1d8+4,1d8+4,5.0,B
9927,34,17,8,4,1d8+4,1d8+4,35,16,5,4,1d12+4,1d6+4,6.0,A
9928,44,15,7,4,1d10+4,1d6+4,30,18,7,4,1d8+4,1d6+4,1.0,B
9929,30,14,5,4,1d8+4,1d8+4,38,15,6,4,1d10+4,1d8+4,10.0,B
9930,45,14,7,4,1d12+4,1d8+4,39,18,8,4,1d12+4,1d6+4,0.0,B
9931,48,16,5,4,1d10+4,1d8+4,42,16,7,4,1d12+4,1d6+4,1.0,A
9932,44,18,6,4,1d10+4,1d6+4,30,15,8,4,1d10+4,1d8+4,4.0,B
9933,35,17,5,4,1d10+4,1d6+4,47,18,5,4,1d8+4,1d6+4,5.0,B
9934,43,15,7,4,1d8+4,1d8+4,32,14,6,4,1d12+4,1d8+4,9.0,B
9935,44,14,6,4,1d12+4,1d8+4,35,16,8,4,1d8+4,1d8+4,9.0,A
9936,49,14,6,4,1d8+4,1d6+4,34,14,8,4,1d10+4,1d6+4,2.0,A
9937,49,14,5,4,1d10+4,1d8+4,37,16,5,4,1d12+4,1d8+4,3.0,A
9938,34,16,6,4,1d10+4,1d8+4,35,17,8,4,1d12+4,1d8+4,4.0,B
9939,47,16,5,4,1d8+4,1d8+4,45,17,6,4,1d8+4,1d6+4,9.0,B
9940,33,14,8,4,1d12+4,1d6+4,31,17,6,4,1d8+4,1d6+4,2.0,A
9941,37,18,5,4,1d8+4,1d8+4,35,17,8,4,1d10+4,1d8+4,9.0,B
9942,30,16,6,4,1d12+4,1d6+4,39,18,7,4,1d10+4,1d6+4,1.0,A
9943,31,16,5,4,1d10+4,1d6+4,36,15,8,4,1d12+4,1d8+4,9.0,B
9944,48,17,8,4,1d10+4,1d8+4,30,16,7,4,1d10+4,1d6+4,9.0,A
9945,39,17,7,4,1d10+4,1d6+4,49,17,8,4,1d12+4,1d8+4,10.0,B
9946,48,16,6,4,1d8+4,1d8+4,38,15,5,4,1d12+4,1d6+4,6.0,B
9947,30,17,7,4,1d10+4,1d6+4,43,14,8,4,1d8+4,1d6+4,5.0,A
9948,48,17,6,4,1d12+4,1d8+4,47,15,6,4,1d12+4,1d6+4,4.0,A
9949,41,16,5,4,1d12+4,1d6+4,46,17,7,4,1d10+4,1d8+4,1.0,A
9950,45,15,5,4,1d10+4,1d8+4,41,17,8,4,1d8+4,1d6+4,4.0,A
9951,30,15,7,4,1d12+4,1d8+4,49,16,6,4,1d8+4,1d6+4,7.0,A
9952,45,15,5,4,1d8+4,1d8+4,40,17,8,4,1d8+4,1d8+4,8.0,B
9953,36,16,5,4,1d10+4,1d6+4,34,15,6,4,1d8+4,1d6+4,0.0,B
9954,34,14,8,4,1d10+4,1d6+4,33,14,7,4,1d8+4,1d6+4,9.0,B
9955,42,18,6,4,1d8+4,1d8+4,36,14,6,4,1d10+4,1d6+4,8.0,A
9956,32,15,7,4,1d12+4,1d6+4,49,17,7,4,1d8+4,1d8+4,10.0,B
9957,36,17,8,4,1d12+4,1d6+4,40,18,6,4,1d10+4,1d6+4,1.0,B
9958,31,16,8,4,1d8+4,1d6+4,33,14,5,4,1d10+4,1d6+4,0.0,A
9959,33,18,6,4,1d8+4,1d8+4,40,16,5,4,1d8+4,1d8+4,0.0,A
9960,47,18,5,4,1d10+4,1d8+4,43,17,8,4,1d10+4,1d8+4,5.0,A
9961,32,15,8,4,1d10+4,1d8+4,46,17,8,4,1d12+4,1d8+4,3.0,B
9962,40,18,8,4,1d8+4,1d6+4,43,18,7,4,1d12+4,1d8+4,8.0,A
9963,49,16,6,4,1d8+4,1d6+4,45,16,6,4,1d10+4,1d6+4,6.0,A
9964,48,15,8,4,1d12+4,1d8+4,48,15,7,4,1d8+4,1d8+4,8.0,B
9965,47,18,5,4,1d12+4,1d6+4,40,16,8,4,1d10+4,1d8+4,9.0,A
9966,30,18,8,4,1d8+4,1d6+4,48,14,7,4,1d10+4,1d6+4,10.0,B
9967,41,18,7,4,1d10+4,1d6+4,33,15,6,4,1d12+4,1d8+4,0.0,A
9968,43,16,6,4,1d8+4,1d8+4,48,16,7,4,1d8+4,1d8+4,10.0,B
9969,33,18,8,4,1d10+4,1d8+4,38,14,6,4,1d10+4,1d8+4,3.0,A
9970,39,14,6,4,1d12+4,1d6+4,46,14,8,4,1d10+4,1d8+4,3.0,A
9971,35,15,8,4,1d12+4,1d8+4,45,17,8,4,1d8+4,1d6+4,3.0,B
9972,47,18,7,4,1d10+4,1d6+4,49,17,6,4,1d12+4,1d8+4,0.0,B
9973,45,15,8,4,1d10+4,1d6+4,30,14,8,4,1d12+4,1d6+4,0.0,B
9974,44,17,5,4,1d8+4,1d6+4,42,14,6,4,1d8+4,1d6+4,4.0,A
9975,48,18,8,4,1d10+4,1d8+4,49,16,7,4,1d12+4,1d6+4,0.0,A
9976,40,16,6,4,1d12+4,1d8+4,33,14,7,4,1d8+4,1d8+4,10.0,A
9977,38,14,7,4,1d12+4,1d6+4,50,18,7,4,1d10+4,1d6+4,7.0,A
9978,36,15,8,4,1d12+4,1d8+4,41,17,5,4,1d12+4,1d8+4,6.0,B
9979,30,17,8,4,1d12+4,1d8+4,45,17,5,4,1d12+4,1d8+4,10.0,A
9980,40,15,7,4,1d10+4,1d6+4,45,14,7,4,1d12+4,1d8+4,3.0,B
9981,40,17,6,4,1d10+4,1d8+4,30,18,8,4,1d12+4,1d8+4,7.0,B
9982,34,17,5,4,1d10+4,1d6+4,47,14,8,4,1d12+4,1d6+4,2.0,B
9983,37,14,6,4,1d10+4,1d8+4,35,15,5,4,1d8+4,1d8+4,6.0,A
9984,48,15,8,4,1d10+4,1d6+4,40,17,5,4,1d12+4,1d6+4,9.0,A
9985,45,18,8,4,1d10+4,1d8+4,35,16,6,4,1d12+4,1d6+4,10.0,A
9986,45,15,7,4,1d8+4,1d6+4,40,17,6,4,1d10+4,1d6+4,9.0,A
9987,42,16,6,4,1d10+4,1d6+4,34,16,7,4,1d10+4,1d6+4,10.0,A
9988,33,18,6,4,1d10+4,1d8+4,32,16,8,4,1d10+4,1d8+4,7.0,A
9989,34,17,5,4,1d12+4,1d8+4,50,14,7,4,1d8+4,1d6+4,9.0,A
9990,32,17,6,4,1d12+4,1d8+4,48,16,8,4,1d10+4,1d6+4,8.0,B
9991,38,16,6,4,1d12+4,1d8+4,40,16,7,4,1d8+4,1d6+4,6.0,B
9992,49,17,6,4,1d12+4,1d6+4,48,15,5,4,1d10+4,1d6+4,6.0,A
9993,45,14,5,4,1d12+4,1d8+4,39,15,8,4,1d12+4,1d6+4,5.0,B
9994,38,18,6,4,1d12+4,1d6+4,46,17,6,4,1d10+4,1d8+4,2.0,A
9995,50,17,6,4,1d8+4,1d8+4,31,18,5,4,1d8+4,1d6+4,9.0,A
9996,44,14,7,4,1d10+4,1d8+4,37,14,6,4,1d8+4,1d8+4,7.0,A
9997,47,16,7,4,1d12+4,1d8+4,34,15,5,4,1d10+4,1d6+4,6.0,A
9998,34,18,5,4,1d12+4,1d8+4,33,15,5,4,1d12+4,1d8+4,4.0,B
9999,34,14,8,4,1d10+4,1d6+4,33,14,6,4,1d10+4,1d6+4,3.0,A
10000,47,17,8,4,1d12+4,1d8+4,47,14,7,4,1d8+4,1d8+4,0.0,A
